[LOG 11:58:01.153] ******* Log Initiated for Kerbal Space Program - 1.12.5.3190 (WindowsPlayer x64) fr-fr *******
Kerbal Space Program - 1.12.5.3190 (WindowsPlayer x64) fr-fr


OS: Windows 10  (10.0.0) 64bit
CPU: Intel(R) Core(TM) Ultra 7 155H (22)
RAM: 32265
GPU: Intel(R) Arc(TM) Pro Graphics (18391MB)
SM: 50 (Direct3D 11.0 [level 11.1])
RT Formats: ARGB32, Depth, ARGBHalf, Shadowmap, RGB565, ARGB4444, ARGB1555, Default, ARGB2101010, DefaultHDR, ARGB64, ARGBFloat, RGFloat, RGHalf, RFloat, RHalf, R8, ARGBInt, RGInt, RInt, BGRA32, RGB111110Float, RG32, RGBAUShort, RG16, BGRA10101010_XR, BGR101010_XR, R16


Log started: Thu, Oct 01, 2026 11:58:01


[LOG 11:58:01.167] ActionCanvas MASK: 3458764513820540928
[LOG 11:58:01.168] AppCanvas MASK: 3458764513820540928
[LOG 11:58:01.170] MainCanvas MASK: 3458764513820540928
[LOG 11:58:07.754] Load(Assembly): /ModuleManager.4.2.3
[LOG 11:58:07.755] AssemblyLoader: Loading assembly at C:\Users\lhervier\Perso\ksp-dev\GameData\ModuleManager.4.2.3.dll
[LOG 11:58:07.772] AssemblyLoader: KSPAssembly 'ModuleManager' V2.5.0
[LOG 11:58:07.773] Load(Assembly): 000_Harmony/0Harmony
[LOG 11:58:07.773] AssemblyLoader: Loading assembly at C:\Users\lhervier\Perso\ksp-dev\GameData\000_Harmony\0Harmony.dll
[LOG 11:58:07.777] Load(Assembly): 000_Harmony/HarmonyInstallChecker
[LOG 11:58:07.777] AssemblyLoader: Loading assembly at C:\Users\lhervier\Perso\ksp-dev\GameData\000_Harmony\HarmonyInstallChecker.dll
[LOG 11:58:07.777] AssemblyLoader: KSPAssembly 'HarmonyKSP' V1.0.0
[LOG 11:58:07.777] Load(Assembly): KSPCommunityFixes/Plugins/0_MultipleModuleInPartAPI
[LOG 11:58:07.777] AssemblyLoader: Loading assembly at C:\Users\lhervier\Perso\ksp-dev\GameData\KSPCommunityFixes\Plugins\0_MultipleModuleInPartAPI.dll
[LOG 11:58:07.778] AssemblyLoader: KSPAssembly 'MultipleModulePartAPI' V1.0.0
[LOG 11:58:07.778] Load(Assembly): KSPCommunityFixes/Plugins/KSPCommunityFixes
[LOG 11:58:07.778] AssemblyLoader: Loading assembly at C:\Users\lhervier\Perso\ksp-dev\GameData\KSPCommunityFixes\Plugins\KSPCommunityFixes.dll
[LOG 11:58:07.785] AssemblyLoader: KSPAssembly 'KSPCommunityFixes' V1.41.1
[LOG 11:58:07.786] AssemblyLoader: KSPAssemblyDependency 'HarmonyKSP' V1.0.0
[LOG 11:58:07.786] AssemblyLoader: KSPAssemblyDependency 'ModuleManager' V1.0.0
[LOG 11:58:07.786] AssemblyLoader: KSPAssemblyDependency 'MultipleModulePartAPI' V1.0.0
[LOG 11:58:07.786] Load(Assembly): Squad/Plugins/KSPSteamCtrlr
[LOG 11:58:07.786] AssemblyLoader: Loading assembly at C:\Users\lhervier\Perso\ksp-dev\GameData\Squad\Plugins\KSPSteamCtrlr.dll
[LOG 11:58:07.787] Load(Assembly): TerrainPrecisionFixDiag2Mod/TerrainPrecisionFixDiag2Mod
[LOG 11:58:07.787] AssemblyLoader: Loading assembly at C:\Users\lhervier\Perso\ksp-dev\GameData\TerrainPrecisionFixDiag2Mod\TerrainPrecisionFixDiag2Mod.dll
[LOG 11:58:07.788] Load(Assembly): TerrainPrecisionFixDiag3Mod/TerrainPrecisionFixDiag3Mod
[LOG 11:58:07.788] AssemblyLoader: Loading assembly at C:\Users\lhervier\Perso\ksp-dev\GameData\TerrainPrecisionFixDiag3Mod\TerrainPrecisionFixDiag3Mod.dll
[LOG 11:58:07.790] AssemblyLoader: Loading assemblies
[LOG 11:58:07.854] VesselModules: Found VesselModule of type AxisGroupsModule with order 999
[LOG 11:58:07.886] VesselModules: Found VesselModule of type CometVessel with order 999
[LOG 11:58:07.887] VesselModules: Found VesselModule of type SuspensionLoadBalancer with order 999
[LOG 11:58:07.889] VesselModules: Found VesselModule of type FlightIntegrator with order 0
[LOG 11:58:07.891] VesselModules: Found VesselModule of type CommNetVessel with order 999
[LOG 11:58:07.894] VesselModules: Found 5 VesselModule types
[LOG 11:58:07.900] 
************************************************************************

Environment Info
Win32NT 7FFFFFFFFFFFFFFF  Args: KSP_x64.exe 

Mod DLLs found:
Stock assembly: Assembly-CSharp v0.0.0.0
ModuleManager v4.2.3.0
0Harmony v2.2.1.0
HarmonyInstallChecker v2.2.1.0
0_MultipleModuleInPartAPI v1.0.0.0 / v1.0.0+7969fdc50bf4e350193abe5ba2e89533b12ca02f
KSPCommunityFixes v1.41.0.0 / v1.41.1+7969fdc50bf4e350193abe5ba2e89533b12ca02f / v1.41.1.0
Stock assembly: KSPSteamCtrlr v0.0.1.35
TerrainPrecisionFixDiag2Mod v1.0.9763.17423
TerrainPrecisionFixDiag3Mod v1.0.9763.25962

Folders and files in GameData:
000_Harmony
KSPCommunityFixes
Stock folder: Squad

Stock folder: SquadExpansion

TerrainPrecisionFixDiag2Mod
TerrainPrecisionFixDiag3Mod
ModuleManager.4.2.3.dll
ModuleManager.ConfigCache
ModuleManager.ConfigSHA
ModuleManager.Physics
ModuleManager.TechTree

************************************************************************

[LOG 11:58:07.912] [AddonLoader]: Instantiating addon 'ModuleManager' from assembly 'ModuleManager'
[LOG 11:58:07.921] [ModuleManager] Adding post patch to the loading screen 4
[LOG 11:58:07.923] [ModuleManager] Patching started on a new thread, all output will be directed to C:\Users\lhervier\Perso\ksp-dev\Logs\ModuleManager\ModuleManager.log
[LOG 11:58:07.925] [AddonLoader]: Instantiating addon 'HarmonyInstallChecker' from assembly 'HarmonyKSP'
[LOG 11:58:07.926] [AddonLoader]: Instantiating addon 'KSPCommunityFixes' from assembly 'KSPCommunityFixes'
[LOG 11:58:07.927] [AddonLoader]: Instantiating addon 'NoIVA' from assembly 'KSPCommunityFixes'
[LOG 11:58:07.927] [AddonLoader]: Instantiating addon 'ConfigNodePerf' from assembly 'KSPCommunityFixes'
[LOG 11:58:08.095] [AddonLoader]: Instantiating addon 'KSPCFFastLoader' from assembly 'KSPCommunityFixes'
[LOG 11:58:08.096] [KSPCF] Injecting FastLoader...
[LOG 11:58:08.117] [KSPCommunityFixes] Patch GameDatabasePerf applied.
[LOG 11:58:08.188] [AddonLoader]: Instantiating addon 'ReflectionTypeLoadExceptionHandler' from assembly 'KSPCommunityFixes'
[LOG 11:58:08.191] [AddonLoader]: Instantiating addon 'KSPSteamController' from assembly 'KSPSteamCtrlr'
[LOG 11:58:09.213] [KSPCF] Taking over stock loader. An exception will follow, this is intended.
[EXC 11:58:09.216] Exception: Terminating stock loader coroutine, this is intended and not an error
	KSPCommunityFixes.Performance.KSPCFFastLoader.GameDatabase_SetupMainLoaders_Prefix () (at <62bb7f5420994f409a34377c091e8538>:0)
	(wrapper dynamic-method) GameDatabase.GameDatabase.SetupMainLoaders_Patch1(GameDatabase)
	GameDatabase+<LoadObjects>d__90.MoveNext () (at <4b449f2841f84227adfaad3149c8fdba>:0)
	UnityEngine.SetupCoroutine.InvokeMoveNext (System.Collections.IEnumerator enumerator, System.IntPtr returnValueAddress) (at <12e76cd50cc64cf19e759e981cb725af>:0)
	UnityEngine.DebugLogHandler:LogException(Exception, Object)
	ModuleManager.UnityLogHandle.InterceptLogHandler:LogException(Exception, Object)
	UnityEngine.MonoBehaviour:StartCoroutine(IEnumerator)
	<CreateDatabase>d__71:MoveNext()
	UnityEngine.MonoBehaviour:StartCoroutine(IEnumerator)
	GameDatabase:StartLoad()
	<LoadSystems>d__11:MoveNext()
	UnityEngine.MonoBehaviour:StartCoroutine(IEnumerator)
	LoadingScreen:Start()
[LOG 11:58:09.341] Preloading Asset Bundle Definitions
[LOG 11:58:09.607] Load Audio: Squad/Alarms/Sounds/Chirps
[LOG 11:58:09.625] Load Audio: Squad/Alarms/Sounds/Classic
[LOG 11:58:09.626] Load Audio: Squad/Alarms/Sounds/ClockTower
[LOG 11:58:09.626] Load Audio: Squad/Alarms/Sounds/ComputerGlass1
[LOG 11:58:09.626] Load Audio: Squad/Alarms/Sounds/ComputerGlass2
[LOG 11:58:09.626] Load Audio: Squad/Alarms/Sounds/ComputerShort
[LOG 11:58:09.627] Load Audio: Squad/Alarms/Sounds/ComputerTriad
[LOG 11:58:09.627] Load Audio: Squad/Alarms/Sounds/DoorBell
[LOG 11:58:09.627] Load Audio: Squad/Alarms/Sounds/Glass
[LOG 11:58:09.627] Load Audio: Squad/Alarms/Sounds/Klaxon
[LOG 11:58:09.627] Load Audio: Squad/Alarms/Sounds/Mobile
[LOG 11:58:09.627] Load Audio: Squad/Alarms/Sounds/Morning
[LOG 11:58:09.628] Load Audio: Squad/Alarms/Sounds/OldClock
[LOG 11:58:09.628] Load Audio: Squad/Alarms/Sounds/OldHorn
[LOG 11:58:09.628] Load Audio: Squad/Alarms/Sounds/Ripple
[LOG 11:58:09.628] Load Audio: Squad/Sounds/editorLoop01
[LOG 11:58:09.629] Load Audio: Squad/Sounds/elev_loop
[LOG 11:58:09.629] Load Audio: Squad/Sounds/elev_start
[LOG 11:58:09.629] Load Audio: Squad/Sounds/elev_stop
[LOG 11:58:09.629] Load Audio: Squad/Sounds/fireworks_explosion_2
[LOG 11:58:09.630] Load Audio: Squad/Sounds/fireworks_explosion_3
[LOG 11:58:09.630] Load Audio: Squad/Sounds/fireworks_explosion_4
[LOG 11:58:09.630] Load Audio: Squad/Sounds/fireworks_launch_boom
[LOG 11:58:09.630] Load Audio: Squad/Sounds/fireworks_only_crackle_crackle_1
[LOG 11:58:09.630] Load Audio: Squad/Sounds/fireworks_only_crackle_dragon_1
[LOG 11:58:09.947] Load Audio: Squad/Sounds/fireworks_only_crackle_palm_1
[LOG 11:58:09.947] Load Audio: Squad/Sounds/fireworks_whistle
[LOG 11:58:09.947] Load Audio: Squad/Sounds/ksp1_banana_V2_01
[LOG 11:58:09.947] Load Audio: Squad/Sounds/ksp1_banana_V2_04
[LOG 11:58:09.947] Load Audio: Squad/Sounds/ksp1_banana_V2_05
[LOG 11:58:09.947] Load Audio: Squad/Sounds/ksp1_golf_swing_normal
[LOG 11:58:09.947] Load Audio: Squad/Sounds/ksp1_ground_anchor_v2_1
[LOG 11:58:09.947] Load Audio: Squad/Sounds/ksp1_strunts_disconnect_v3_pitched2
[LOG 11:58:09.947] Load Audio: Squad/Sounds/repairKit_repair1
[LOG 11:58:09.947] Load Audio: Squad/Sounds/repairKit_repair2
[LOG 11:58:09.948] Load Audio: Squad/Sounds/sound_ambience_nature
[LOG 11:58:09.948] Load Audio: Squad/Sounds/sound_click_flick
[LOG 11:58:09.948] Load Audio: Squad/Sounds/sound_click_latch
[LOG 11:58:09.948] Load Audio: Squad/Sounds/sound_click_sharp
[LOG 11:58:09.949] Load Audio: Squad/Sounds/sound_click_tick
[LOG 11:58:09.949] Load Audio: Squad/Sounds/sound_click_tock
[LOG 11:58:09.949] Load Audio: Squad/Sounds/sound_decoupler_fire
[LOG 11:58:09.949] Load Audio: Squad/Sounds/sound_delete_bin
[LOG 11:58:09.949] Load Audio: Squad/Sounds/sound_explosion_debris1
[LOG 11:58:09.949] Load Audio: Squad/Sounds/sound_explosion_debris2
[LOG 11:58:09.950] Load Audio: Squad/Sounds/sound_explosion_large
[LOG 11:58:09.950] Load Audio: Squad/Sounds/sound_rocket_mini
[LOG 11:58:09.950] Load Audio: Squad/Sounds/sound_rocket_spurts
[LOG 11:58:09.950] Load Audio: Squad/Sounds/sound_servomotor
[LOG 11:58:09.950] Load Audio: Squad/Sounds/sound_tab_extend
[LOG 11:58:09.966] Load Audio: Squad/Sounds/sound_tab_retreat
[LOG 11:58:09.966] Load Audio: SquadExpansion/Serenity/Sounds/robo_arm_large_end
[LOG 11:58:09.966] Load Audio: SquadExpansion/Serenity/Sounds/robo_arm_large_motor_00
[LOG 11:58:09.967] Load Audio: SquadExpansion/Serenity/Sounds/robo_arm_large_scan
[LOG 11:58:09.967] Load Audio: SquadExpansion/Serenity/Sounds/robo_arm_large_start
[LOG 11:58:09.967] Load Audio: SquadExpansion/Serenity/Sounds/robo_arm_medium_end
[LOG 11:58:09.967] Load Audio: SquadExpansion/Serenity/Sounds/robo_arm_medium_motor_00
[LOG 11:58:09.967] Load Audio: SquadExpansion/Serenity/Sounds/robo_arm_medium_scan
[LOG 11:58:09.967] Load Audio: SquadExpansion/Serenity/Sounds/robo_arm_medium_start
[LOG 11:58:09.968] Load Audio: SquadExpansion/Serenity/Sounds/robo_arm_small_end
[LOG 11:58:09.968] Load Audio: SquadExpansion/Serenity/Sounds/robo_arm_small_motor_00
[LOG 11:58:09.968] Load Audio: SquadExpansion/Serenity/Sounds/robo_arm_small_scan
[LOG 11:58:09.968] Load Audio: SquadExpansion/Serenity/Sounds/robo_arm_small_start
[LOG 11:58:09.968] Load Audio: SquadExpansion/Serenity/Sounds/sfx_cryoVolcano_burst
[LOG 11:58:09.968] Load Audio: SquadExpansion/Serenity/Sounds/sfx_cryoVolcano_idle
[LOG 11:58:09.968] Load Audio: SquadExpansion/Serenity/Sounds/sfx_deployable_booster_antena_end
[LOG 11:58:09.968] Load Audio: SquadExpansion/Serenity/Sounds/sfx_deployable_booster_antena_start
[LOG 11:58:09.969] Load Audio: SquadExpansion/Serenity/Sounds/sfx_deployable_central_station_end
[LOG 11:58:09.969] Load Audio: SquadExpansion/Serenity/Sounds/sfx_deployable_central_station_loop
[LOG 11:58:09.969] Load Audio: SquadExpansion/Serenity/Sounds/sfx_deployable_central_station_start
[LOG 11:58:09.969] Load Audio: SquadExpansion/Serenity/Sounds/sfx_deployable_detector_end
[LOG 11:58:09.969] Load Audio: SquadExpansion/Serenity/Sounds/sfx_deployable_detector_start
[LOG 11:58:09.970] Load Audio: SquadExpansion/Serenity/Sounds/sfx_deployable_GoObEd_end
[LOG 11:58:09.999] Load Audio: SquadExpansion/Serenity/Sounds/sfx_deployable_GoObEd_loop
[LOG 11:58:09.999] Load Audio: SquadExpansion/Serenity/Sounds/sfx_deployable_GoObEd_start
[LOG 11:58:09.999] Load Audio: SquadExpansion/Serenity/Sounds/sfx_deployable_rtg_end
[LOG 11:58:09.999] Load Audio: SquadExpansion/Serenity/Sounds/sfx_deployable_rtg_start
[LOG 11:58:09.999] Load Audio: SquadExpansion/Serenity/Sounds/sfx_deployable_seismometer_end
[LOG 11:58:10.000] Load Audio: SquadExpansion/Serenity/Sounds/sfx_deployable_seismometer_start
[LOG 11:58:10.000] Load Audio: SquadExpansion/Serenity/Sounds/sfx_deployable_solar_panel_end
[LOG 11:58:10.000] Load Audio: SquadExpansion/Serenity/Sounds/sfx_deployable_solar_panel_start
[LOG 11:58:10.000] Load Audio: SquadExpansion/Serenity/Sounds/sfx_deployable_weather_station_end
[LOG 11:58:10.000] Load Audio: SquadExpansion/Serenity/Sounds/sfx_deployable_weather_station_loop
[LOG 11:58:10.000] Load Audio: SquadExpansion/Serenity/Sounds/sfx_deployable_weather_station_start
[LOG 11:58:10.001] Load Audio: SquadExpansion/Serenity/Sounds/sfx_geyser_burst
[LOG 11:58:10.001] Load Audio: SquadExpansion/Serenity/Sounds/sfx_geyser_idle
[LOG 11:58:10.039] Load DDS texture: KSPCommunityFixes/MMPatches/StockTweaks/Icons/Clamp-O-Tron
[LOG 11:58:10.045] Load TRUECOLOR texture: KSPCommunityFixes/MMPatches/StockTweaks/Icons/Clamp-O-Tron_scaled
[LOG 11:58:10.046] Load DDS texture: KSPCommunityFixes/MMPatches/StockTweaks/Icons/FreeFallParachutes
[LOG 11:58:10.046] Load TRUECOLOR texture: KSPCommunityFixes/MMPatches/StockTweaks/Icons/FreeFallParachutes_scaled
[LOG 11:58:10.052] Load DDS texture: KSPCommunityFixes/MMPatches/StockTweaks/Icons/LightYearTireCompany
[LOG 11:58:10.052] Load TRUECOLOR texture: KSPCommunityFixes/MMPatches/StockTweaks/Icons/LightYearTireCompany_scaled
[LOG 11:58:10.058] Load DDS texture: KSPCommunityFixes/MMPatches/StockTweaks/Icons/StratusCorporation
[LOG 11:58:10.058] Load TRUECOLOR texture: KSPCommunityFixes/MMPatches/StockTweaks/Icons/StratusCorporation_scaled
[LOG 11:58:10.067] Load DDS texture: Squad/Agencies/C7AerospaceDivision
[LOG 11:58:10.068] Load TRUECOLOR texture: Squad/Agencies/C7AerospaceDivision_scaled
[LOG 11:58:10.073] Load DDS texture: Squad/Agencies/DinkelsteinKermansConstructionEmporium
[LOG 11:58:10.074] Load TRUECOLOR texture: Squad/Agencies/DinkelsteinKermansConstructionEmporium_scaled
[LOG 11:58:10.081] Load DDS texture: Squad/Agencies/ExperimentalEngineering
[LOG 11:58:10.081] Load TRUECOLOR texture: Squad/Agencies/ExperimentalEngineering_scaled
[LOG 11:58:10.087] Load DDS texture: Squad/Agencies/FlooydResearchLab
[LOG 11:58:10.087] Load TRUECOLOR texture: Squad/Agencies/FlooydResearchLab_scaled
[LOG 11:58:10.093] Load DDS texture: Squad/Agencies/GoliathNationalProducts
[LOG 11:58:10.093] Load TRUECOLOR texture: Squad/Agencies/GoliathNationalProducts_scaled
[LOG 11:58:10.099] Load DDS texture: Squad/Agencies/IntegratedIntegrals
[LOG 11:58:10.099] Load TRUECOLOR texture: Squad/Agencies/IntegratedIntegrals_scaled
[LOG 11:58:10.107] Load DDS texture: Squad/Agencies/IonicSymphonicProtonicElectronics
[LOG 11:58:10.108] Load TRUECOLOR texture: Squad/Agencies/IonicSymphonicProtonicElectronics_scaled
[LOG 11:58:10.114] Load DDS texture: Squad/Agencies/JebsJunkyard
[LOG 11:58:10.114] Load TRUECOLOR texture: Squad/Agencies/JebsJunkyard_scaled
[LOG 11:58:10.122] Load DDS texture: Squad/Agencies/KerbalMotion
[LOG 11:58:10.123] Load TRUECOLOR texture: Squad/Agencies/KerbalMotion_scaled
[LOG 11:58:10.128] Load DDS texture: Squad/Agencies/KerbinWorldFirstRecordKeepingSociety
[LOG 11:58:10.129] Load TRUECOLOR texture: Squad/Agencies/KerbinWorldFirstRecordKeepingSociety_scaled
[LOG 11:58:10.135] Load DDS texture: Squad/Agencies/Kerbodyne
[LOG 11:58:10.135] Load TRUECOLOR texture: Squad/Agencies/Kerbodyne_scaled
[LOG 11:58:10.140] Load DDS texture: Squad/Agencies/Kerlington
[LOG 11:58:10.141] Load TRUECOLOR texture: Squad/Agencies/Kerlington_scaled
[LOG 11:58:10.145] Load DDS texture: Squad/Agencies/MaxoConstructionToys
[LOG 11:58:10.150] Load TRUECOLOR texture: Squad/Agencies/MaxoConstructionToys_scaled
[LOG 11:58:10.154] Load DDS texture: Squad/Agencies/MovingPartsExpertsGroup
[LOG 11:58:10.154] Load TRUECOLOR texture: Squad/Agencies/MovingPartsExpertsGroup_scaled
[LOG 11:58:10.159] Load DDS texture: Squad/Agencies/OMBDemolition
[LOG 11:58:10.160] Load TRUECOLOR texture: Squad/Agencies/OMBDemolition_scaled
[LOG 11:58:10.167] Load DDS texture: Squad/Agencies/PeriapsisCo
[LOG 11:58:10.167] Load TRUECOLOR texture: Squad/Agencies/PeriapsisCo_scaled
[LOG 11:58:10.171] Load DDS texture: Squad/Agencies/Probodobodyne
[LOG 11:58:10.172] Load TRUECOLOR texture: Squad/Agencies/Probodobodyne_scaled
[LOG 11:58:10.177] Load DDS texture: Squad/Agencies/R&D
[LOG 11:58:10.177] Load TRUECOLOR texture: Squad/Agencies/R&D_scaled
[LOG 11:58:10.184] Load DDS texture: Squad/Agencies/ReactionSystemsLtd
[LOG 11:58:10.185] Load TRUECOLOR texture: Squad/Agencies/ReactionSystemsLtd_scaled
[LOG 11:58:10.191] Load DDS texture: Squad/Agencies/Rockomax
[LOG 11:58:10.191] Load TRUECOLOR texture: Squad/Agencies/Rockomax_scaled
[LOG 11:58:10.197] Load DDS texture: Squad/Agencies/Rokea
[LOG 11:58:10.199] Load TRUECOLOR texture: Squad/Agencies/Rokea_scaled
[LOG 11:58:10.206] Load DDS texture: Squad/Agencies/SeansCannery
[LOG 11:58:10.206] Load TRUECOLOR texture: Squad/Agencies/SeansCannery_scaled
[LOG 11:58:10.211] Load DDS texture: Squad/Agencies/SteadlerEngineeringCorps
[LOG 11:58:10.211] Load TRUECOLOR texture: Squad/Agencies/SteadlerEngineeringCorps_scaled
[LOG 11:58:10.217] Load DDS texture: Squad/Agencies/StrutCo
[LOG 11:58:10.217] Load TRUECOLOR texture: Squad/Agencies/StrutCo_scaled
[LOG 11:58:10.222] Load DDS texture: Squad/Agencies/Vac-Co
[LOG 11:58:10.225] Load TRUECOLOR texture: Squad/Agencies/Vac-Co_scaled
[LOG 11:58:10.229] Load DDS texture: Squad/Agencies/WinterOwl
[LOG 11:58:10.229] Load TRUECOLOR texture: Squad/Agencies/WinterOwl_scaled
[LOG 11:58:10.235] Load DDS texture: Squad/Agencies/ZaltonicElectronics
[LOG 11:58:10.235] Load TRUECOLOR texture: Squad/Agencies/ZaltonicElectronics_scaled
[LOG 11:58:10.240] Load Cached PNG Texture: Squad/Alarms/Icons/ap
[LOG 11:58:10.245] Load Cached PNG Texture: Squad/Alarms/Icons/default
[LOG 11:58:10.251] Load Cached PNG Texture: Squad/Alarms/Icons/maneuver
[LOG 11:58:10.255] Load Cached PNG Texture: Squad/Alarms/Icons/pe
[LOG 11:58:10.260] Load Cached PNG Texture: Squad/Alarms/Icons/raw
[LOG 11:58:10.266] Load Cached PNG Texture: Squad/Alarms/Icons/soi
[LOG 11:58:10.270] Load Cached PNG Texture: Squad/Alarms/Icons/xfer
[LOG 11:58:10.275] Load DDS texture: Squad/Contracts/Icons/balloon
[LOG 11:58:10.280] Load DDS texture: Squad/Contracts/Icons/custom
[LOG 11:58:10.285] Load DDS texture: Squad/Contracts/Icons/default
[LOG 11:58:10.289] Load DDS texture: Squad/Contracts/Icons/dish
[LOG 11:58:10.295] Load DDS texture: Squad/Contracts/Icons/eva
[LOG 11:58:10.300] Load DDS texture: Squad/Contracts/Icons/gravity
[LOG 11:58:10.305] Load Cached PNG Texture: Squad/Contracts/Icons/ksc
[LOG 11:58:10.309] Load DDS texture: Squad/Contracts/Icons/launchsite
[LOG 11:58:10.315] Load DDS texture: Squad/Contracts/Icons/marker
[LOG 11:58:10.319] Load DDS texture: Squad/Contracts/Icons/pressure
[LOG 11:58:10.324] Load DDS texture: Squad/Contracts/Icons/report
[LOG 11:58:10.328] Load DDS texture: Squad/Contracts/Icons/runway
[LOG 11:58:10.334] Load DDS texture: Squad/Contracts/Icons/sample
[LOG 11:58:10.338] Load DDS texture: Squad/Contracts/Icons/seismic
[LOG 11:58:10.343] Load DDS texture: Squad/Contracts/Icons/thermometer
[LOG 11:58:10.348] Load DDS texture: Squad/Contracts/Icons/vessel
[LOG 11:58:10.353] Load Cached PNG Texture: Squad/Flags/09
[LOG 11:58:10.357] Load Cached PNG Texture: Squad/Flags/blorbs
[LOG 11:58:10.362] Load Cached PNG Texture: Squad/Flags/bullseye
[LOG 11:58:10.367] Load Cached PNG Texture: Squad/Flags/capsule
[LOG 11:58:10.373] Load Cached PNG Texture: Squad/Flags/circles
[LOG 11:58:10.377] Load Cached PNG Texture: Squad/Flags/default
[LOG 11:58:10.384] Load Cached PNG Texture: Squad/Flags/hexagon
[LOG 11:58:10.388] Load Cached PNG Texture: Squad/Flags/hexagonCircles
[LOG 11:58:10.393] Load Cached PNG Texture: Squad/Flags/kerbal1
[LOG 11:58:10.398] Load Cached PNG Texture: Squad/Flags/kerbal2
[LOG 11:58:10.404] Load Cached PNG Texture: Squad/Flags/kerbin
[LOG 11:58:10.409] Load Cached PNG Texture: Squad/Flags/kerbinmunflag
[LOG 11:58:10.414] Load Cached PNG Texture: Squad/Flags/line
[LOG 11:58:10.420] Load Cached PNG Texture: Squad/Flags/minimalistic
[LOG 11:58:10.424] Load Cached PNG Texture: Squad/Flags/orbit
[LOG 11:58:10.429] Load Cached PNG Texture: Squad/Flags/orbs
[LOG 11:58:10.433] Load Cached PNG Texture: Squad/Flags/retro
[LOG 11:58:10.440] Load Cached PNG Texture: Squad/Flags/rings
[LOG 11:58:10.444] Load Cached PNG Texture: Squad/Flags/rocketScience
[LOG 11:58:10.449] Load Cached PNG Texture: Squad/Flags/satellite
[LOG 11:58:10.454] Load Cached PNG Texture: Squad/Flags/Sentinel_Flag
[LOG 11:58:10.459] Load Cached PNG Texture: Squad/Flags/spheres
[LOG 11:58:10.464] Load Cached PNG Texture: Squad/Flags/squadLogo
[LOG 11:58:10.469] Load Cached PNG Texture: Squad/Flags/squadLogo2
[LOG 11:58:10.475] Load Cached PNG Texture: Squad/Flags/stripes
[LOG 11:58:10.479] Load Cached PNG Texture: Squad/Flags/trees
[LOG 11:58:10.485] Load Cached PNG Texture: Squad/Flags/trippy
[LOG 11:58:10.490] Load Cached PNG Texture: Squad/FlagsAgency/esa_dark_blue
[LOG 11:58:10.495] Load Cached PNG Texture: Squad/FlagsAgency/NASA
[LOG 11:58:10.500] Load Cached PNG Texture: Squad/FlagsAgency/uk_space_agency
[LOG 11:58:10.504] Load Cached PNG Texture: Squad/FlagsOrganization/B612_Foundation_flag
[LOG 11:58:10.510] Load Cached PNG Texture: Squad/FlagsOrganization/electron
[LOG 11:58:10.517] Load Cached PNG Texture: Squad/FlagsOrganization/ESA_Arianespace
[LOG 11:58:10.523] Load Cached PNG Texture: Squad/FlagsOrganization/rocketlab
[LOG 11:58:10.528] Load DDS texture: Squad/FX/DiamondBlue
[LOG 11:58:10.532] Load DDS texture: Squad/FX/FlameBlueOrange
[LOG 11:58:10.537] Load DDS texture: Squad/FX/FlamePurple
[LOG 11:58:10.541] Load DDS texture: Squad/FX/FlameRed
[LOG 11:58:10.547] Load DDS texture: Squad/FX/FlameRedOrange
[LOG 11:58:10.552] Load DDS texture: Squad/FX/Monoprop
[LOG 11:58:10.556] Load DDS texture: Squad/FX/plasma2
[LOG 11:58:10.561] Load DDS texture: Squad/FX/rocketplume2
[LOG 11:58:10.565] Load DDS texture: Squad/FX/shockDiamond2
[LOG 11:58:10.569] Load DDS texture: Squad/FX/smokepuff1
[LOG 11:58:10.580] Load DDS texture: Squad/Interiors/Administration/AdminBuilding_Lvl1
[LOG 11:58:10.587] Load DDS texture: Squad/Interiors/Administration/AdminBuilding_Lvl2
[LOG 11:58:10.597] Load DDS texture: Squad/Interiors/Administration/AdminBuilding_Lvl3
[LOG 11:58:10.603] Load DDS texture: Squad/MenuProps/MunOrBust
[LOG 11:58:10.610] Load Cached PNG Texture: Squad/Missions/Banners/Fail/default
[LOG 11:58:10.611] Load PNG texture: Squad/Missions/Banners/Menu/default
[WRN 11:58:10.615] Texture isn't eligible for DXT compression, width and height must be multiples of 4
[LOG 11:58:10.616] Load Cached PNG Texture: Squad/Missions/Banners/Success/default
[LOG 11:58:10.616] Load PNG texture: Squad/Missions/ESA-BepiColombo/Banners/Fail/ESA_MB_Fail_01
[WRN 11:58:10.620] Texture isn't eligible for DXT compression, width and height must be multiples of 4
[LOG 11:58:10.621] Load PNG texture: Squad/Missions/ESA-BepiColombo/Banners/Menu/ESA_MB_Select_01
[WRN 11:58:10.624] Texture isn't eligible for DXT compression, width and height must be multiples of 4
[LOG 11:58:10.624] Load PNG texture: Squad/Missions/ESA-BepiColombo/Banners/Success/ESA_MB_Success_01
[WRN 11:58:10.628] Texture isn't eligible for DXT compression, width and height must be multiples of 4
[LOG 11:58:10.628] Load PNG texture: Squad/Missions/ESA-BepiColombo-Short/Banners/Fail/ESA_MB_Fail_01
[WRN 11:58:10.631] Texture isn't eligible for DXT compression, width and height must be multiples of 4
[LOG 11:58:10.631] Load PNG texture: Squad/Missions/ESA-BepiColombo-Short/Banners/Menu/ESA_MB_Select_01
[WRN 11:58:10.634] Texture isn't eligible for DXT compression, width and height must be multiples of 4
[LOG 11:58:10.634] Load PNG texture: Squad/Missions/ESA-BepiColombo-Short/Banners/Success/ESA_MB_Success_01
[WRN 11:58:10.637] Texture isn't eligible for DXT compression, width and height must be multiples of 4
[LOG 11:58:10.637] Load PNG texture: Squad/Missions/ESA-Rosetta/Banners/Fail/ESA_MB_Fail_02
[WRN 11:58:10.642] Texture isn't eligible for DXT compression, width and height must be multiples of 4
[LOG 11:58:10.642] Load PNG texture: Squad/Missions/ESA-Rosetta/Banners/Menu/ESA_MB_Select_02
[WRN 11:58:10.644] Texture isn't eligible for DXT compression, width and height must be multiples of 4
[LOG 11:58:10.644] Load PNG texture: Squad/Missions/ESA-Rosetta/Banners/Success/ESA_MB_Success_02
[WRN 11:58:10.647] Texture isn't eligible for DXT compression, width and height must be multiples of 4
[LOG 11:58:10.647] Load Cached PNG Texture: Squad/PartList/SimpleIcons/ablator
[LOG 11:58:10.647] Load Cached PNG Texture: Squad/PartList/SimpleIcons/active_radiator
[LOG 11:58:10.647] Load Cached PNG Texture: Squad/PartList/SimpleIcons/asteroid_drill
[LOG 11:58:10.647] Load Cached PNG Texture: Squad/PartList/SimpleIcons/cargo_part
[LOG 11:58:10.647] Load Cached PNG Texture: Squad/PartList/SimpleIcons/comet_drill
[LOG 11:58:10.653] Load Cached PNG Texture: Squad/PartList/SimpleIcons/core_heat
[LOG 11:58:10.657] Load Cached PNG Texture: Squad/PartList/SimpleIcons/cs_main
[LOG 11:58:10.664] Load Cached PNG Texture: Squad/PartList/SimpleIcons/cs_mk2
[LOG 11:58:10.668] Load Cached PNG Texture: Squad/PartList/SimpleIcons/cs_mk3
[LOG 11:58:10.673] Load Cached PNG Texture: Squad/PartList/SimpleIcons/cs_size0
[LOG 11:58:10.678] Load Cached PNG Texture: Squad/PartList/SimpleIcons/cs_size1
[LOG 11:58:10.683] Load Cached PNG Texture: Squad/PartList/SimpleIcons/cs_size1p5
[LOG 11:58:10.688] Load Cached PNG Texture: Squad/PartList/SimpleIcons/cs_size2
[LOG 11:58:10.693] Load Cached PNG Texture: Squad/PartList/SimpleIcons/cs_size3
[LOG 11:58:10.700] Load Cached PNG Texture: Squad/PartList/SimpleIcons/cs_size4
[LOG 11:58:10.704] Load Cached PNG Texture: Squad/PartList/SimpleIcons/cs_surface
[LOG 11:58:10.709] Load Cached PNG Texture: Squad/PartList/SimpleIcons/custom_built_fairing
[LOG 11:58:10.714] Load Cached PNG Texture: Squad/PartList/SimpleIcons/deployable_antenna
[LOG 11:58:10.720] Load Cached PNG Texture: Squad/PartList/SimpleIcons/deployable_comms_part
[LOG 11:58:10.725] Load Cached PNG Texture: Squad/PartList/SimpleIcons/deployable_ground_part
[LOG 11:58:10.731] Load Cached PNG Texture: Squad/PartList/SimpleIcons/deployable_part
[LOG 11:58:10.737] Load Cached PNG Texture: Squad/PartList/SimpleIcons/deployable_radiator
[LOG 11:58:10.741] Load Cached PNG Texture: Squad/PartList/SimpleIcons/deployed_science_control_unit
[LOG 11:58:10.746] Load Cached PNG Texture: Squad/PartList/SimpleIcons/deployed_science_experiment
[LOG 11:58:10.750] Load Cached PNG Texture: Squad/PartList/SimpleIcons/deployed_science_part
[LOG 11:58:10.755] Load Cached PNG Texture: Squad/PartList/SimpleIcons/enviro_sensor
[LOG 11:58:10.760] Load Cached PNG Texture: Squad/PartList/SimpleIcons/experience_management
[LOG 11:58:10.764] Load Cached PNG Texture: Squad/PartList/SimpleIcons/fuels_monopropellant
[LOG 11:58:10.770] Load Cached PNG Texture: Squad/PartList/SimpleIcons/fuels_ore
[LOG 11:58:10.775] Load Cached PNG Texture: Squad/PartList/SimpleIcons/fuels_oxidizer
[LOG 11:58:10.780] Load Cached PNG Texture: Squad/PartList/SimpleIcons/fuels_solidfuel
[LOG 11:58:10.784] Load Cached PNG Texture: Squad/PartList/SimpleIcons/fuels_xenongas
[LOG 11:58:10.789] Load Cached PNG Texture: Squad/PartList/SimpleIcons/inventory_part
[LOG 11:58:10.794] Load Cached PNG Texture: Squad/PartList/SimpleIcons/kerbnet_access
[LOG 11:58:10.800] Load Cached PNG Texture: Squad/PartList/SimpleIcons/number1
[LOG 11:58:10.804] Load Cached PNG Texture: Squad/PartList/SimpleIcons/number2
[LOG 11:58:10.810] Load Cached PNG Texture: Squad/PartList/SimpleIcons/number3
[LOG 11:58:10.815] Load Cached PNG Texture: Squad/PartList/SimpleIcons/number4
[LOG 11:58:10.819] Load Cached PNG Texture: Squad/PartList/SimpleIcons/number5
[LOG 11:58:10.824] Load Cached PNG Texture: Squad/PartList/SimpleIcons/number6
[LOG 11:58:10.829] Load Cached PNG Texture: Squad/PartList/SimpleIcons/number7
[LOG 11:58:10.834] Load Cached PNG Texture: Squad/PartList/SimpleIcons/number8
[LOG 11:58:10.840] Load Cached PNG Texture: Squad/PartList/SimpleIcons/number9
[LOG 11:58:10.846] Load Cached PNG Texture: Squad/PartList/SimpleIcons/probe_control_unit
[LOG 11:58:10.850] Load Cached PNG Texture: Squad/PartList/SimpleIcons/R&D_node_icon_advaerodynamics
[LOG 11:58:10.855] Load Cached PNG Texture: Squad/PartList/SimpleIcons/R&D_node_icon_advancedmotors
[LOG 11:58:10.861] Load Cached PNG Texture: Squad/PartList/SimpleIcons/R&D_node_icon_advconstruction
[LOG 11:58:10.865] Load Cached PNG Texture: Squad/PartList/SimpleIcons/R&D_node_icon_advelectrics
[LOG 11:58:10.869] Load Cached PNG Texture: Squad/PartList/SimpleIcons/R&D_node_icon_advexploration
[LOG 11:58:10.874] Load Cached PNG Texture: Squad/PartList/SimpleIcons/R&D_node_icon_advflightcontrol
[LOG 11:58:10.880] Load Cached PNG Texture: Squad/PartList/SimpleIcons/R&D_node_icon_advlanding
[LOG 11:58:10.885] Load Cached PNG Texture: Squad/PartList/SimpleIcons/R&D_node_icon_advmetalworks
[LOG 11:58:10.890] Load Cached PNG Texture: Squad/PartList/SimpleIcons/R&D_node_icon_advrocketry
[LOG 11:58:10.894] Load Cached PNG Texture: Squad/PartList/SimpleIcons/R&D_node_icon_advsciencetech
[LOG 11:58:10.899] Load Cached PNG Texture: Squad/PartList/SimpleIcons/R&D_node_icon_advunmanned
[LOG 11:58:10.904] Load Cached PNG Texture: Squad/PartList/SimpleIcons/R&D_node_icon_aerodynamicsystems
[LOG 11:58:10.909] Load Cached PNG Texture: Squad/PartList/SimpleIcons/R&D_node_icon_aerospacetech
[LOG 11:58:10.914] Load Cached PNG Texture: Squad/PartList/SimpleIcons/R&D_node_icon_automation
[LOG 11:58:10.919] Load Cached PNG Texture: Squad/PartList/SimpleIcons/R&D_node_icon_basicprobes
[LOG 11:58:10.924] Load Cached PNG Texture: Squad/PartList/SimpleIcons/R&D_node_icon_basicrocketry
[LOG 11:58:10.928] Load Cached PNG Texture: Squad/PartList/SimpleIcons/R&D_node_icon_composites
[LOG 11:58:10.932] Load Cached PNG Texture: Squad/PartList/SimpleIcons/R&D_node_icon_electrics
[LOG 11:58:10.938] Load Cached PNG Texture: Squad/PartList/SimpleIcons/R&D_node_icon_electronics
[LOG 11:58:10.943] Load Cached PNG Texture: Squad/PartList/SimpleIcons/R&D_node_icon_evatech
[LOG 11:58:10.947] Load Cached PNG Texture: Squad/PartList/SimpleIcons/R&D_node_icon_experimentalaerodynamics
[LOG 11:58:10.953] Load Cached PNG Texture: Squad/PartList/SimpleIcons/R&D_node_icon_experimentalelectrics
[LOG 11:58:10.958] Load Cached PNG Texture: Squad/PartList/SimpleIcons/R&D_node_icon_experimentalmotors
[LOG 11:58:10.963] Load Cached PNG Texture: Squad/PartList/SimpleIcons/R&D_node_icon_experimentalrocketry
[LOG 11:58:10.967] Load Cached PNG Texture: Squad/PartList/SimpleIcons/R&D_node_icon_experimentalscience
[LOG 11:58:10.972] Load Cached PNG Texture: Squad/PartList/SimpleIcons/R&D_node_icon_fieldscience
[LOG 11:58:10.977] Load Cached PNG Texture: Squad/PartList/SimpleIcons/R&D_node_icon_flightcontrol
[LOG 11:58:10.983] Load Cached PNG Texture: Squad/PartList/SimpleIcons/R&D_node_icon_fuelsystems
[LOG 11:58:10.988] Load Cached PNG Texture: Squad/PartList/SimpleIcons/R&D_node_icon_generalconstruction
[LOG 11:58:10.996] Load Cached PNG Texture: Squad/PartList/SimpleIcons/R&D_node_icon_generalrocketry
[LOG 11:58:11.000] Load Cached PNG Texture: Squad/PartList/SimpleIcons/R&D_node_icon_generic
[LOG 11:58:11.005] Load Cached PNG Texture: Squad/PartList/SimpleIcons/R&D_node_icon_heavierrocketry
[LOG 11:58:11.009] Load Cached PNG Texture: Squad/PartList/SimpleIcons/R&D_node_icon_heavyaerodynamics
[LOG 11:58:11.015] Load Cached PNG Texture: Squad/PartList/SimpleIcons/R&D_node_icon_heavyrocketry
[LOG 11:58:11.021] Load Cached PNG Texture: Squad/PartList/SimpleIcons/R&D_node_icon_highaltitudeflight
[LOG 11:58:11.025] Load Cached PNG Texture: Squad/PartList/SimpleIcons/R&D_node_icon_highaltitudepropulsion
[LOG 11:58:11.030] Load Cached PNG Texture: Squad/PartList/SimpleIcons/R&D_node_icon_hypersonicflight
[LOG 11:58:11.035] Load Cached PNG Texture: Squad/PartList/SimpleIcons/R&D_node_icon_ionpropulsion
[LOG 11:58:11.039] Load Cached PNG Texture: Squad/PartList/SimpleIcons/R&D_node_icon_landing
[LOG 11:58:11.044] Load Cached PNG Texture: Squad/PartList/SimpleIcons/R&D_node_icon_largecontrol
[LOG 11:58:11.048] Load Cached PNG Texture: Squad/PartList/SimpleIcons/R&D_node_icon_largeelectrics
[LOG 11:58:11.053] Load Cached PNG Texture: Squad/PartList/SimpleIcons/R&D_node_icon_largeprobes
[LOG 11:58:11.057] Load Cached PNG Texture: Squad/PartList/SimpleIcons/R&D_node_icon_metamaterials
[LOG 11:58:11.062] Load Cached PNG Texture: Squad/PartList/SimpleIcons/R&D_node_icon_nanolathing
[LOG 11:58:11.066] Load Cached PNG Texture: Squad/PartList/SimpleIcons/R&D_node_icon_nuclearpropulsion
[LOG 11:58:11.072] Load Cached PNG Texture: Squad/PartList/SimpleIcons/R&D_node_icon_precisionengineering
[LOG 11:58:11.076] Load Cached PNG Texture: Squad/PartList/SimpleIcons/R&D_node_icon_robotics
[LOG 11:58:11.080] Load Cached PNG Texture: Squad/PartList/SimpleIcons/R&D_node_icon_sciencetech
[LOG 11:58:11.085] Load Cached PNG Texture: Squad/PartList/SimpleIcons/R&D_node_icon_specializedconstruction
[LOG 11:58:11.091] Load Cached PNG Texture: Squad/PartList/SimpleIcons/R&D_node_icon_specializedcontrol
[LOG 11:58:11.096] Load Cached PNG Texture: Squad/PartList/SimpleIcons/R&D_node_icon_specializedelectrics
[LOG 11:58:11.103] Load Cached PNG Texture: Squad/PartList/SimpleIcons/R&D_node_icon_stability
[LOG 11:58:11.107] Load Cached PNG Texture: Squad/PartList/SimpleIcons/R&D_node_icon_start
[LOG 11:58:11.114] Load Cached PNG Texture: Squad/PartList/SimpleIcons/R&D_node_icon_supersonicflight
[LOG 11:58:11.119] Load Cached PNG Texture: Squad/PartList/SimpleIcons/R&D_node_icon_survivability
[LOG 11:58:11.124] Load Cached PNG Texture: Squad/PartList/SimpleIcons/R&D_node_icon_unmannedtech
[LOG 11:58:11.129] Load Cached PNG Texture: Squad/PartList/SimpleIcons/R&D_node_icon_veryheavyrocketry
[LOG 11:58:11.133] Load Cached PNG Texture: Squad/PartList/SimpleIcons/rcsfx
[LOG 11:58:11.139] Load Cached PNG Texture: Squad/PartList/SimpleIcons/RDicon_aerospaceTech2
[LOG 11:58:11.144] Load Cached PNG Texture: Squad/PartList/SimpleIcons/RDicon_commandmodules
[LOG 11:58:11.149] Load Cached PNG Texture: Squad/PartList/SimpleIcons/RDicon_fuelSystems-advanced
[LOG 11:58:11.154] Load Cached PNG Texture: Squad/PartList/SimpleIcons/RDicon_fuelSystems-highPerformance
[LOG 11:58:11.160] Load Cached PNG Texture: Squad/PartList/SimpleIcons/RDicon_largeVolumeContainment
[LOG 11:58:11.164] Load Cached PNG Texture: Squad/PartList/SimpleIcons/RDicon_miniaturization
[LOG 11:58:11.168] Load Cached PNG Texture: Squad/PartList/SimpleIcons/RDicon_propulsion-precision
[LOG 11:58:11.173] Load Cached PNG Texture: Squad/PartList/SimpleIcons/RDicon_propulsionSystems
[LOG 11:58:11.177] Load Cached PNG Texture: Squad/PartList/SimpleIcons/RDicon_telescope
[LOG 11:58:11.181] Load Cached PNG Texture: Squad/PartList/SimpleIcons/robotic_controller
[LOG 11:58:11.186] Load Cached PNG Texture: Squad/PartList/SimpleIcons/robotic_rotation_servo
[LOG 11:58:11.191] Load Cached PNG Texture: Squad/PartList/SimpleIcons/robotic_servo_hinge
[LOG 11:58:11.196] Load Cached PNG Texture: Squad/PartList/SimpleIcons/robotic_servo_piston
[LOG 11:58:11.200] Load Cached PNG Texture: Squad/PartList/SimpleIcons/robotic_servo_rotor
[LOG 11:58:11.205] Load Cached PNG Texture: Squad/PartList/SimpleIcons/scanner_arm
[LOG 11:58:11.210] Load Cached PNG Texture: Squad/PartList/SimpleIcons/variant
[LOG 11:58:11.216] Load Cached PNG Texture: Squad/Parts/@thumbs/adapterSmallMiniShort_icon0
[LOG 11:58:11.221] Load Cached PNG Texture: Squad/Parts/@thumbs/adapterSmallMiniShort_icon1
[LOG 11:58:11.227] Load Cached PNG Texture: Squad/Parts/@thumbs/adapterSmallMiniTall_icon0
[LOG 11:58:11.233] Load Cached PNG Texture: Squad/Parts/@thumbs/adapterSmallMiniTall_icon1
[LOG 11:58:11.238] Load Cached PNG Texture: Squad/Parts/@thumbs/AdvancedCanard_icon
[LOG 11:58:11.245] Load Cached PNG Texture: Squad/Parts/@thumbs/advSasModule_icon
[LOG 11:58:11.249] Load Cached PNG Texture: Squad/Parts/@thumbs/airbrake1_icon
[LOG 11:58:11.255] Load Cached PNG Texture: Squad/Parts/@thumbs/airScoop_icon
[LOG 11:58:11.261] Load Cached PNG Texture: Squad/Parts/@thumbs/avionicsNoseCone_icon
[LOG 11:58:11.268] Load Cached PNG Texture: Squad/Parts/@thumbs/basicFin_icon
[LOG 11:58:11.274] Load Cached PNG Texture: Squad/Parts/@thumbs/batteryBankLarge_icon
[LOG 11:58:11.281] Load Cached PNG Texture: Squad/Parts/@thumbs/batteryBankMini_icon
[LOG 11:58:11.287] Load Cached PNG Texture: Squad/Parts/@thumbs/batteryBank_icon
[LOG 11:58:11.292] Load Cached PNG Texture: Squad/Parts/@thumbs/batteryPack_icon
[LOG 11:58:11.302] Load Cached PNG Texture: Squad/Parts/@thumbs/cargoContainer_icon
[LOG 11:58:11.310] Load Cached PNG Texture: Squad/Parts/@thumbs/CircularIntake_icon
[LOG 11:58:11.319] Load Cached PNG Texture: Squad/Parts/@thumbs/commDish_icon
[LOG 11:58:11.325] Load Cached PNG Texture: Squad/Parts/@thumbs/Decoupler.0_icon0
[LOG 11:58:11.361] Load Cached PNG Texture: Squad/Parts/@thumbs/Decoupler.0_icon1
[LOG 11:58:11.377] Load Cached PNG Texture: Squad/Parts/@thumbs/Decoupler.1_icon0
[LOG 11:58:11.384] Load Cached PNG Texture: Squad/Parts/@thumbs/Decoupler.1_icon1
[LOG 11:58:11.390] Load Cached PNG Texture: Squad/Parts/@thumbs/dockingPort1_icon
[LOG 11:58:11.396] Load Cached PNG Texture: Squad/Parts/@thumbs/dockingPort2_icon
[LOG 11:58:11.402] Load Cached PNG Texture: Squad/Parts/@thumbs/dockingPort3_icon
[LOG 11:58:11.407] Load Cached PNG Texture: Squad/Parts/@thumbs/domeLight1_icon0
[LOG 11:58:11.413] Load Cached PNG Texture: Squad/Parts/@thumbs/domeLight1_icon1
[LOG 11:58:11.422] Load Cached PNG Texture: Squad/Parts/@thumbs/elevon2_icon
[LOG 11:58:11.432] Load Cached PNG Texture: Squad/Parts/@thumbs/elevon3_icon
[LOG 11:58:11.438] Load Cached PNG Texture: Squad/Parts/@thumbs/elevon5_icon
[LOG 11:58:11.445] Load Cached PNG Texture: Squad/Parts/@thumbs/evaChute_icon
[LOG 11:58:11.450] Load Cached PNG Texture: Squad/Parts/@thumbs/evaCylinder_icon
[LOG 11:58:11.456] Load Cached PNG Texture: Squad/Parts/@thumbs/evaJetpack_icon
[LOG 11:58:11.461] Load Cached PNG Texture: Squad/Parts/@thumbs/evaRepairKit_icon
[LOG 11:58:11.466] Load Cached PNG Texture: Squad/Parts/@thumbs/evaScienceKit_icon
[LOG 11:58:11.473] Load Cached PNG Texture: Squad/Parts/@thumbs/externalTankCapsule_icon0
[LOG 11:58:11.478] Load Cached PNG Texture: Squad/Parts/@thumbs/externalTankCapsule_icon1
[LOG 11:58:11.484] Load Cached PNG Texture: Squad/Parts/@thumbs/externalTankRound_icon0
[LOG 11:58:11.490] Load Cached PNG Texture: Squad/Parts/@thumbs/externalTankRound_icon1
[LOG 11:58:11.495] Load Cached PNG Texture: Squad/Parts/@thumbs/externalTankToroid_icon0
[LOG 11:58:11.500] Load Cached PNG Texture: Squad/Parts/@thumbs/externalTankToroid_icon1
[LOG 11:58:11.507] Load Cached PNG Texture: Squad/Parts/@thumbs/fireworksLauncherBig_icon
[LOG 11:58:11.513] Load Cached PNG Texture: Squad/Parts/@thumbs/fireworksLauncherSmall_icon
[LOG 11:58:11.519] Load Cached PNG Texture: Squad/Parts/@thumbs/foldingRadMed_icon
[LOG 11:58:11.526] Load Cached PNG Texture: Squad/Parts/@thumbs/foldingRadSmall_icon
[LOG 11:58:11.533] Load Cached PNG Texture: Squad/Parts/@thumbs/FuelCellArray_icon
[LOG 11:58:11.538] Load Cached PNG Texture: Squad/Parts/@thumbs/FuelCell_icon
[LOG 11:58:11.545] Load Cached PNG Texture: Squad/Parts/@thumbs/fuelTank.long_icon0
[LOG 11:58:11.550] Load Cached PNG Texture: Squad/Parts/@thumbs/fuelTankSmallFlat_icon0
[LOG 11:58:11.555] Load Cached PNG Texture: Squad/Parts/@thumbs/fuelTankSmallFlat_icon1
[LOG 11:58:11.560] Load Cached PNG Texture: Squad/Parts/@thumbs/fuelTankSmallFlat_icon2
[LOG 11:58:11.567] Load Cached PNG Texture: Squad/Parts/@thumbs/fuelTankSmallFlat_icon3
[LOG 11:58:11.573] Load Cached PNG Texture: Squad/Parts/@thumbs/fuelTankSmall_icon0
[LOG 11:58:11.580] Load Cached PNG Texture: Squad/Parts/@thumbs/fuelTankSmall_icon1
[LOG 11:58:11.585] Load Cached PNG Texture: Squad/Parts/@thumbs/fuelTankSmall_icon2
[LOG 11:58:11.592] Load Cached PNG Texture: Squad/Parts/@thumbs/fuelTankSmall_icon3
[LOG 11:58:11.597] Load Cached PNG Texture: Squad/Parts/@thumbs/GearFixed_icon
[LOG 11:58:11.610] Load Cached PNG Texture: Squad/Parts/@thumbs/GearFree_icon
[LOG 11:58:11.616] Load Cached PNG Texture: Squad/Parts/@thumbs/GearSmall_icon
[LOG 11:58:11.624] Load Cached PNG Texture: Squad/Parts/@thumbs/GooExperiment_icon
[LOG 11:58:11.631] Load Cached PNG Texture: Squad/Parts/@thumbs/groundAnchor_icon
[LOG 11:58:11.636] Load Cached PNG Texture: Squad/Parts/@thumbs/groundLight1_icon
[LOG 11:58:11.640] Load Cached PNG Texture: Squad/Parts/@thumbs/groundLight2_icon
[LOG 11:58:11.647] Load Cached PNG Texture: Squad/Parts/@thumbs/HeatShield0_icon
[LOG 11:58:11.653] Load Cached PNG Texture: Squad/Parts/@thumbs/HeatShield1_icon
[LOG 11:58:11.659] Load Cached PNG Texture: Squad/Parts/@thumbs/HECS2.ProbeCore_icon
[LOG 11:58:11.665] Load Cached PNG Texture: Squad/Parts/@thumbs/HighGainAntenna5.v2_icon
[LOG 11:58:11.751] Load Cached PNG Texture: Squad/Parts/@thumbs/HighGainAntenna5_icon
[LOG 11:58:11.761] Load Cached PNG Texture: Squad/Parts/@thumbs/HighGainAntenna_icon
[LOG 11:58:11.769] Load Cached PNG Texture: Squad/Parts/@thumbs/IntakeRadialLong_icon
[LOG 11:58:11.775] Load Cached PNG Texture: Squad/Parts/@thumbs/ionEngine_icon
[LOG 11:58:11.788] Load Cached PNG Texture: Squad/Parts/@thumbs/ISRU_icon
[LOG 11:58:11.794] Load Cached PNG Texture: Squad/Parts/@thumbs/ksp.r.largeBatteryPack_icon
[LOG 11:58:11.800] Load Cached PNG Texture: Squad/Parts/@thumbs/ladder1_icon
[LOG 11:58:11.805] Load Cached PNG Texture: Squad/Parts/@thumbs/landingLeg1-2_icon
[LOG 11:58:11.810] Load Cached PNG Texture: Squad/Parts/@thumbs/landingLeg1_icon
[LOG 11:58:11.815] Load Cached PNG Texture: Squad/Parts/@thumbs/largeSolarPanel_icon
[LOG 11:58:11.821] Load Cached PNG Texture: Squad/Parts/@thumbs/LargeTank_icon
[LOG 11:58:11.826] Load Cached PNG Texture: Squad/Parts/@thumbs/LgRadialSolarPanel_icon
[LOG 11:58:11.833] Load Cached PNG Texture: Squad/Parts/@thumbs/linearRcs_icon
[LOG 11:58:11.840] Load Cached PNG Texture: Squad/Parts/@thumbs/liquidEngine3.v2_icon0
[LOG 11:58:11.845] Load Cached PNG Texture: Squad/Parts/@thumbs/liquidEngine3.v2_icon1
[LOG 11:58:11.851] Load Cached PNG Texture: Squad/Parts/@thumbs/liquidEngine3.v2_icon2
[LOG 11:58:11.856] Load Cached PNG Texture: Squad/Parts/@thumbs/liquidEngineMini.v2_icon0
[LOG 11:58:11.861] Load Cached PNG Texture: Squad/Parts/@thumbs/liquidEngineMini.v2_icon1
[LOG 11:58:11.867] Load Cached PNG Texture: Squad/Parts/@thumbs/liquidEngineMini.v2_icon2
[LOG 11:58:11.873] Load Cached PNG Texture: Squad/Parts/@thumbs/longAntenna_icon
[LOG 11:58:11.886] Load Cached PNG Texture: Squad/Parts/@thumbs/Magnetometer_icon
[LOG 11:58:11.892] Load Cached PNG Texture: Squad/Parts/@thumbs/mediumDishAntenna_icon
[LOG 11:58:11.897] Load Cached PNG Texture: Squad/Parts/@thumbs/microEngine.v2_icon0
[LOG 11:58:11.903] Load Cached PNG Texture: Squad/Parts/@thumbs/microEngine.v2_icon1
[LOG 11:58:11.910] Load Cached PNG Texture: Squad/Parts/@thumbs/MiniDrill_icon
[LOG 11:58:11.916] Load Cached PNG Texture: Squad/Parts/@thumbs/miniFuelTank_icon
[LOG 11:58:11.920] Load Cached PNG Texture: Squad/Parts/@thumbs/miniFuselage_icon
[LOG 11:58:11.927] Load Cached PNG Texture: Squad/Parts/@thumbs/miniIntake_icon
[LOG 11:58:11.936] Load Cached PNG Texture: Squad/Parts/@thumbs/miniJetEngine_icon
[LOG 11:58:11.943] Load Cached PNG Texture: Squad/Parts/@thumbs/miniLandingLeg_icon
[LOG 11:58:11.948] Load Cached PNG Texture: Squad/Parts/@thumbs/Mite_icon
[LOG 11:58:11.953] Load Cached PNG Texture: Squad/Parts/@thumbs/MK1CrewCabin_icon
[LOG 11:58:11.959] Load Cached PNG Texture: Squad/Parts/@thumbs/mk1pod.v2_icon0
[LOG 11:58:11.970] Load Cached PNG Texture: Squad/Parts/@thumbs/mk2DroneCore_icon
[LOG 11:58:11.976] Load Cached PNG Texture: Squad/Parts/@thumbs/mk2LanderCabin.v2_icon0
[LOG 11:58:11.981] Load Cached PNG Texture: Squad/Parts/@thumbs/mk2LanderCabin.v2_icon1
[LOG 11:58:11.987] Load Cached PNG Texture: Squad/Parts/@thumbs/MpoProbe_icon
[LOG 11:58:11.993] Load Cached PNG Texture: Squad/Parts/@thumbs/navLight1_icon0
[LOG 11:58:12.001] Load Cached PNG Texture: Squad/Parts/@thumbs/navLight1_icon1
[LOG 11:58:12.007] Load Cached PNG Texture: Squad/Parts/@thumbs/noseCone_icon0
[LOG 11:58:12.024] Load Cached PNG Texture: Squad/Parts/@thumbs/noseCone_icon1
[LOG 11:58:12.034] Load Cached PNG Texture: Squad/Parts/@thumbs/noseCone_icon2
[LOG 11:58:12.039] Load Cached PNG Texture: Squad/Parts/@thumbs/omsEngine_icon
[LOG 11:58:12.044] Load Cached PNG Texture: Squad/Parts/@thumbs/OrbitalScanner_icon
[LOG 11:58:12.052] Load Cached PNG Texture: Squad/Parts/@thumbs/parachuteDrogue_icon
[LOG 11:58:12.066] Load Cached PNG Texture: Squad/Parts/@thumbs/parachuteLarge_icon
[LOG 11:58:12.072] Load Cached PNG Texture: Squad/Parts/@thumbs/parachuteRadial_icon
[LOG 11:58:12.085] Load Cached PNG Texture: Squad/Parts/@thumbs/parachuteSingle_icon
[LOG 11:58:12.091] Load Cached PNG Texture: Squad/Parts/@thumbs/probeCoreCube_icon
[LOG 11:58:12.098] Load Cached PNG Texture: Squad/Parts/@thumbs/probeCoreHex.v2_icon
[LOG 11:58:12.105] Load Cached PNG Texture: Squad/Parts/@thumbs/probeCoreOcto.v2_icon
[LOG 11:58:12.110] Load Cached PNG Texture: Squad/Parts/@thumbs/probeCoreOcto2.v2_icon
[LOG 11:58:12.118] Load Cached PNG Texture: Squad/Parts/@thumbs/probeCoreSphere.v2_icon
[LOG 11:58:12.126] Load Cached PNG Texture: Squad/Parts/@thumbs/probeStackLarge_icon
[LOG 11:58:12.132] Load Cached PNG Texture: Squad/Parts/@thumbs/probeStackSmall_icon
[LOG 11:58:12.137] Load Cached PNG Texture: Squad/Parts/@thumbs/R8winglet_icon
[LOG 11:58:12.143] Load Cached PNG Texture: Squad/Parts/@thumbs/radialDecoupler1-2_icon
[LOG 11:58:12.148] Load Cached PNG Texture: Squad/Parts/@thumbs/radialDecoupler2_icon
[LOG 11:58:12.153] Load Cached PNG Texture: Squad/Parts/@thumbs/radialDecoupler_icon
[LOG 11:58:12.160] Load Cached PNG Texture: Squad/Parts/@thumbs/RadialDrill_icon
[LOG 11:58:12.167] Load Cached PNG Texture: Squad/Parts/@thumbs/radialDrogue_icon
[LOG 11:58:12.173] Load Cached PNG Texture: Squad/Parts/@thumbs/radialEngineMini.v2_icon0
[LOG 11:58:12.180] Load Cached PNG Texture: Squad/Parts/@thumbs/radialEngineMini.v2_icon1
[LOG 11:58:12.186] Load Cached PNG Texture: Squad/Parts/@thumbs/radialLiquidEngine1-2_icon
[LOG 11:58:12.193] Load Cached PNG Texture: Squad/Parts/@thumbs/RadialOreTank_icon
[LOG 11:58:12.199] Load Cached PNG Texture: Squad/Parts/@thumbs/radialRCSTank_icon
[LOG 11:58:12.205] Load Cached PNG Texture: Squad/Parts/@thumbs/radPanelEdge_icon
[LOG 11:58:12.211] Load Cached PNG Texture: Squad/Parts/@thumbs/radPanelLg_icon
[LOG 11:58:12.216] Load Cached PNG Texture: Squad/Parts/@thumbs/radPanelSm_icon
[LOG 11:58:12.221] Load Cached PNG Texture: Squad/Parts/@thumbs/RCSblock.01.small_icon0
[LOG 11:58:12.227] Load Cached PNG Texture: Squad/Parts/@thumbs/RCSblock.01.small_icon1
[LOG 11:58:12.232] Load Cached PNG Texture: Squad/Parts/@thumbs/RCSblock.01.small_icon2
[LOG 11:58:12.238] Load Cached PNG Texture: Squad/Parts/@thumbs/RCSblock.01.small_icon3
[LOG 11:58:12.243] Load Cached PNG Texture: Squad/Parts/@thumbs/RCSblock.01.small_icon4
[LOG 11:58:12.254] Load Cached PNG Texture: Squad/Parts/@thumbs/RCSBlock.v2_icon
[LOG 11:58:12.259] Load Cached PNG Texture: Squad/Parts/@thumbs/RCSBlock.v2_icon0
[LOG 11:58:12.264] Load Cached PNG Texture: Squad/Parts/@thumbs/RCSBlock.v2_icon1
[LOG 11:58:12.271] Load Cached PNG Texture: Squad/Parts/@thumbs/RCSBlock.v2_icon2
[LOG 11:58:12.276] Load Cached PNG Texture: Squad/Parts/@thumbs/RCSBlock.v2_icon3
[LOG 11:58:12.281] Load Cached PNG Texture: Squad/Parts/@thumbs/RCSBlock.v2_icon4
[LOG 11:58:12.286] Load Cached PNG Texture: Squad/Parts/@thumbs/RCSFuelTank_icon
[LOG 11:58:12.293] Load Cached PNG Texture: Squad/Parts/@thumbs/RCSLinearSmall_icon
[LOG 11:58:12.298] Load Cached PNG Texture: Squad/Parts/@thumbs/rcsTankMini_icon
[LOG 11:58:12.303] Load Cached PNG Texture: Squad/Parts/@thumbs/RelayAntenna100_icon
[LOG 11:58:12.311] Load Cached PNG Texture: Squad/Parts/@thumbs/RelayAntenna50_icon
[LOG 11:58:12.320] Load Cached PNG Texture: Squad/Parts/@thumbs/RelayAntenna5_icon
[LOG 11:58:12.325] Load Cached PNG Texture: Squad/Parts/@thumbs/ReleaseValve_icon
[LOG 11:58:12.330] Load Cached PNG Texture: Squad/Parts/@thumbs/Rockomax32.BW_icon0
[LOG 11:58:12.336] Load Cached PNG Texture: Squad/Parts/@thumbs/roverBody.v2_icon0
[LOG 11:58:12.343] Load Cached PNG Texture: Squad/Parts/@thumbs/roverBody.v2_icon1
[LOG 11:58:12.348] Load Cached PNG Texture: Squad/Parts/@thumbs/roverBody.v2_icon2
[LOG 11:58:12.371] Load Cached PNG Texture: Squad/Parts/@thumbs/roverWheel1_icon
[LOG 11:58:12.377] Load Cached PNG Texture: Squad/Parts/@thumbs/roverWheel2_icon
[LOG 11:58:12.383] Load Cached PNG Texture: Squad/Parts/@thumbs/rtg_icon
[LOG 11:58:12.390] Load Cached PNG Texture: Squad/Parts/@thumbs/sasModule_icon
[LOG 11:58:12.396] Load Cached PNG Texture: Squad/Parts/@thumbs/science.module_icon
[LOG 11:58:12.401] Load Cached PNG Texture: Squad/Parts/@thumbs/ScienceBox_icon
[LOG 11:58:12.406] Load Cached PNG Texture: Squad/Parts/@thumbs/seatExternalCmd_icon
[LOG 11:58:12.413] Load Cached PNG Texture: Squad/Parts/@thumbs/sensorAccelerometer_icon
[LOG 11:58:12.420] Load Cached PNG Texture: Squad/Parts/@thumbs/sensorAtmosphere_icon
[LOG 11:58:12.426] Load Cached PNG Texture: Squad/Parts/@thumbs/sensorBarometer_icon
[LOG 11:58:12.432] Load Cached PNG Texture: Squad/Parts/@thumbs/sensorGravimeter_icon
[LOG 11:58:12.437] Load Cached PNG Texture: Squad/Parts/@thumbs/sensorThermometer_icon
[LOG 11:58:12.443] Load Cached PNG Texture: Squad/Parts/@thumbs/Separator.0_icon0
[LOG 11:58:12.477] Load Cached PNG Texture: Squad/Parts/@thumbs/Separator.0_icon1
[LOG 11:58:12.487] Load Cached PNG Texture: Squad/Parts/@thumbs/Separator.1_icon0
[LOG 11:58:12.496] Load Cached PNG Texture: Squad/Parts/@thumbs/Separator.1_icon1
[LOG 11:58:12.502] Load Cached PNG Texture: Squad/Parts/@thumbs/sepMotor1_icon
[LOG 11:58:12.508] Load Cached PNG Texture: Squad/Parts/@thumbs/ServiceBay.125.v2_icon
[LOG 11:58:12.519] Load Cached PNG Texture: Squad/Parts/@thumbs/shockConeIntake_icon
[LOG 11:58:12.525] Load Cached PNG Texture: Squad/Parts/@thumbs/Shrimp_icon
[LOG 11:58:12.530] Load Cached PNG Texture: Squad/Parts/@thumbs/Size3LargeTank_icon0
[LOG 11:58:12.538] Load Cached PNG Texture: Squad/Parts/@thumbs/Size3MediumTank_icon0
[LOG 11:58:12.548] Load Cached PNG Texture: Squad/Parts/@thumbs/smallCargoContainer_icon
[LOG 11:58:12.553] Load Cached PNG Texture: Squad/Parts/@thumbs/smallClaw_icon0
[LOG 11:58:12.559] Load Cached PNG Texture: Squad/Parts/@thumbs/smallClaw_icon1
[LOG 11:58:12.568] Load Cached PNG Texture: Squad/Parts/@thumbs/smallCtrlSrf_icon
[LOG 11:58:12.573] Load Cached PNG Texture: Squad/Parts/@thumbs/SmallGearBay_icon
[LOG 11:58:12.585] Load Cached PNG Texture: Squad/Parts/@thumbs/smallHardpoint_icon
[LOG 11:58:12.590] Load Cached PNG Texture: Squad/Parts/@thumbs/smallRadialEngine.v2_icon0
[LOG 11:58:12.597] Load Cached PNG Texture: Squad/Parts/@thumbs/smallRadialEngine.v2_icon1
[LOG 11:58:12.607] Load Cached PNG Texture: Squad/Parts/@thumbs/SmallTank_icon
[LOG 11:58:12.613] Load Cached PNG Texture: Squad/Parts/@thumbs/solarPanelOX10C_icon
[LOG 11:58:12.619] Load Cached PNG Texture: Squad/Parts/@thumbs/solarPanelOX10L_icon
[LOG 11:58:12.625] Load Cached PNG Texture: Squad/Parts/@thumbs/solarPanels1_icon
[LOG 11:58:12.631] Load Cached PNG Texture: Squad/Parts/@thumbs/solarPanels2_icon
[LOG 11:58:12.637] Load Cached PNG Texture: Squad/Parts/@thumbs/solarPanels3_icon
[LOG 11:58:12.641] Load Cached PNG Texture: Squad/Parts/@thumbs/solarPanels4_icon
[LOG 11:58:12.650] Load Cached PNG Texture: Squad/Parts/@thumbs/solarPanels5_icon
[LOG 11:58:12.655] Load Cached PNG Texture: Squad/Parts/@thumbs/solarPanelSP10C_icon
[LOG 11:58:12.660] Load Cached PNG Texture: Squad/Parts/@thumbs/solarPanelSP10L_icon
[LOG 11:58:12.667] Load Cached PNG Texture: Squad/Parts/@thumbs/spotLight1_icon
[LOG 11:58:12.673] Load Cached PNG Texture: Squad/Parts/@thumbs/spotLight2_icon
[LOG 11:58:12.679] Load Cached PNG Texture: Squad/Parts/@thumbs/spotLight3_icon0
[LOG 11:58:12.692] Load Cached PNG Texture: Squad/Parts/@thumbs/spotLight3_icon1
[LOG 11:58:12.699] Load Cached PNG Texture: Squad/Parts/@thumbs/stackPoint1_icon
[LOG 11:58:12.706] Load Cached PNG Texture: Squad/Parts/@thumbs/StandardCtrlSrf_icon
[LOG 11:58:12.712] Load Cached PNG Texture: Squad/Parts/@thumbs/standardNoseCone_icon
[LOG 11:58:12.719] Load Cached PNG Texture: Squad/Parts/@thumbs/stripLight1_icon0
[LOG 11:58:12.725] Load Cached PNG Texture: Squad/Parts/@thumbs/stripLight1_icon1
[LOG 11:58:12.733] Load Cached PNG Texture: Squad/Parts/@thumbs/structuralIBeam1_icon
[LOG 11:58:12.739] Load Cached PNG Texture: Squad/Parts/@thumbs/structuralIBeam3_icon
[LOG 11:58:12.745] Load Cached PNG Texture: Squad/Parts/@thumbs/structuralMiniNode_icon
[LOG 11:58:12.779] Load Cached PNG Texture: Squad/Parts/@thumbs/structuralPanel1_icon
[LOG 11:58:12.787] Load Cached PNG Texture: Squad/Parts/@thumbs/structuralPanel2_icon
[LOG 11:58:12.796] Load Cached PNG Texture: Squad/Parts/@thumbs/structuralWing4_icon
[LOG 11:58:12.801] Load Cached PNG Texture: Squad/Parts/@thumbs/strutCube_icon
[LOG 11:58:12.807] Load Cached PNG Texture: Squad/Parts/@thumbs/strutOcto_icon
[LOG 11:58:12.813] Load Cached PNG Texture: Squad/Parts/@thumbs/SurfaceScanner_icon
[LOG 11:58:12.820] Load Cached PNG Texture: Squad/Parts/@thumbs/SurfAntenna_icon
[LOG 11:58:12.826] Load Cached PNG Texture: Squad/Parts/@thumbs/telescopicLadderBay_icon
[LOG 11:58:12.832] Load Cached PNG Texture: Squad/Parts/@thumbs/telescopicLadder_icon
[LOG 11:58:12.840] Load Cached PNG Texture: Squad/Parts/@thumbs/toroidalAerospike_icon
[LOG 11:58:12.847] Load Cached PNG Texture: Squad/Parts/@thumbs/trussAdapter_icon
[LOG 11:58:12.853] Load Cached PNG Texture: Squad/Parts/@thumbs/trussPiece1x_icon
[LOG 11:58:12.858] Load Cached PNG Texture: Squad/Parts/@thumbs/trussPiece3x_icon
[LOG 11:58:12.864] Load Cached PNG Texture: Squad/Parts/@thumbs/vernierEngine_icon
[LOG 11:58:12.870] Load Cached PNG Texture: Squad/Parts/@thumbs/wheelMed_icon
[LOG 11:58:12.875] Load Cached PNG Texture: Squad/Parts/@thumbs/wingConnector4_icon
[LOG 11:58:12.881] Load Cached PNG Texture: Squad/Parts/@thumbs/wingConnector5_icon
[LOG 11:58:12.888] Load Cached PNG Texture: Squad/Parts/@thumbs/winglet3_icon
[LOG 11:58:12.895] Load Cached PNG Texture: Squad/Parts/@thumbs/winglet_icon
[LOG 11:58:12.901] Load Cached PNG Texture: Squad/Parts/@thumbs/wingShuttleElevon1_icon
[LOG 11:58:12.907] Load Cached PNG Texture: Squad/Parts/@thumbs/xenonTankLarge_icon
[LOG 11:58:12.914] Load Cached PNG Texture: Squad/Parts/@thumbs/xenonTankRadial_icon
[LOG 11:58:12.922] Load Cached PNG Texture: Squad/Parts/@thumbs/xenonTank_icon
[LOG 11:58:12.928] Load DDS texture: Squad/Parts/Aero/aerodynamicNoseCone/Rockomax_Adapters_diffuse
[LOG 11:58:12.930] Load DDS texture: Squad/Parts/Aero/aerodynamicNoseCone/Rockomax_Adapters_normal
[LOG 11:58:12.936] Load DDS texture: Squad/Parts/Aero/airbrake/airbrake
[LOG 11:58:12.944] Load DDS texture: Squad/Parts/Aero/airIntakeRadialXM-G50/RadialIntake
[LOG 11:58:12.951] Load DDS texture: Squad/Parts/Aero/airlinerWings/AirlinerWings
[LOG 11:58:12.959] Load DDS texture: Squad/Parts/Aero/airplaneFins/AirplaneFins
[LOG 11:58:12.966] Load DDS texture: Squad/Parts/Aero/basicFin/BasicFin
[LOG 11:58:12.972] Load DDS texture: Squad/Parts/Aero/circularIntake/CircluarIntakes
[LOG 11:58:12.977] Load DDS texture: Squad/Parts/Aero/circularIntake/CircluarIntakes_Heat
[LOG 11:58:12.983] Load DDS texture: Squad/Parts/Aero/cones/Assets/Cones
[LOG 11:58:12.988] Load DDS texture: Squad/Parts/Aero/cones/Assets/ConesDiffuse
[LOG 11:58:12.994] Load DDS texture: Squad/Parts/Aero/cones/Assets/ConesDiffuse_Orange
[LOG 11:58:13.000] Load DDS texture: Squad/Parts/Aero/cones/Assets/ConesDiffuse_White
[LOG 11:58:13.005] Load DDS texture: Squad/Parts/Aero/cones/Assets/ConesHeat
[LOG 11:58:13.010] Load DDS texture: Squad/Parts/Aero/cones/Assets/ConesHeat_Orange
[LOG 11:58:13.015] Load DDS texture: Squad/Parts/Aero/cones/Assets/ConesHeat_White
[LOG 11:58:13.021] Load DDS texture: Squad/Parts/Aero/cones/Assets/Cones_Heat
[LOG 11:58:13.027] Load Cached PNG Texture: Squad/Parts/Aero/cones/Assets/rocketNoseCones_O
[LOG 11:58:13.035] Load Cached PNG Texture: Squad/Parts/Aero/cones/Assets/rocketNoseCones_O_Normal
[LOG 11:58:13.042] Load DDS texture: Squad/Parts/Aero/cones/Assets/rocketNoseCones_W
[LOG 11:58:13.045] Load DDS texture: Squad/Parts/Aero/cones/Assets/Rockomax_Adapters_diffuse
[LOG 11:58:13.045] Load DDS texture: Squad/Parts/Aero/cones/Assets/Rockomax_Adapters_normal
[LOG 11:58:13.050] Load DDS texture: Squad/Parts/Aero/fairings/AutoTruss
[LOG 11:58:13.057] Load DDS texture: Squad/Parts/Aero/fairings/FairingBase
[LOG 11:58:13.063] Load DDS texture: Squad/Parts/Aero/fairings/FairingBaseNormals
[LOG 11:58:13.067] Load DDS texture: Squad/Parts/Aero/fairings/FairingBaseNormals_bw
[LOG 11:58:13.073] Load DDS texture: Squad/Parts/Aero/fairings/FairingBaseNormals_goldSilver
[LOG 11:58:13.077] Load DDS texture: Squad/Parts/Aero/fairings/FairingBaseNormals_orange
[LOG 11:58:13.084] Load Cached PNG Texture: Squad/Parts/Aero/fairings/FairingBase_black
[LOG 11:58:13.089] Load DDS texture: Squad/Parts/Aero/fairings/FairingBase_bw
[LOG 11:58:13.094] Load DDS texture: Squad/Parts/Aero/fairings/FairingBase_goldDiffuse
[LOG 11:58:13.099] Load DDS texture: Squad/Parts/Aero/fairings/FairingBase_goldSpecular
[LOG 11:58:13.104] Load DDS texture: Squad/Parts/Aero/fairings/FairingBase_orange
[LOG 11:58:13.109] Load DDS texture: Squad/Parts/Aero/fairings/FairingBase_silverDiffuse
[LOG 11:58:13.115] Load DDS texture: Squad/Parts/Aero/fairings/FairingBase_silverSpecular
[LOG 11:58:13.121] Load DDS texture: Squad/Parts/Aero/fairings/fairingsCap
[LOG 11:58:13.126] Load DDS texture: Squad/Parts/Aero/fairings/FairingsMat_silverSpecular
[LOG 11:58:13.131] Load DDS texture: Squad/Parts/Aero/fairings/fairings_diff
[LOG 11:58:13.136] Load DDS texture: Squad/Parts/Aero/fairings/fairings_diff_grey
[LOG 11:58:13.142] Load DDS texture: Squad/Parts/Aero/fairings/fairings_diff_orange
[LOG 11:58:13.148] Load DDS texture: Squad/Parts/Aero/fairings/fairings_grey_normals
[LOG 11:58:13.153] Load DDS texture: Squad/Parts/Aero/fairings/fairings_normals
[LOG 11:58:13.158] Load DDS texture: Squad/Parts/Aero/fairings/fairings_normals_silver
[LOG 11:58:13.163] Load DDS texture: Squad/Parts/Aero/fairings/fairings_orange_normals
[LOG 11:58:13.168] Load DDS texture: Squad/Parts/Aero/fairings/fairings_silverDiffuse
[LOG 11:58:13.173] Load DDS texture: Squad/Parts/Aero/HeatShield/Fairing
[LOG 11:58:13.179] Load DDS texture: Squad/Parts/Aero/HeatShield/heatshield
[LOG 11:58:13.184] Load DDS texture: Squad/Parts/Aero/InflatableHeatShield/HeatShield
[LOG 11:58:13.192] Load DDS texture: Squad/Parts/Aero/InflatableHeatShield/HeatShieldFairing
[LOG 11:58:13.198] Load DDS texture: Squad/Parts/Aero/InflatableHeatShield/HeatShield_NRM
[LOG 11:58:13.203] Load DDS texture: Squad/Parts/Aero/intakeRadialLong/Radial_long
[LOG 11:58:13.208] Load DDS texture: Squad/Parts/Aero/miniIntake/SmallIntake
[LOG 11:58:13.212] Load DDS texture: Squad/Parts/Aero/ramAirIntake/RampIntake
[LOG 11:58:13.216] Load DDS texture: Squad/Parts/Aero/ramAirIntake/RampIntake_Heat
[LOG 11:58:13.224] Load DDS texture: Squad/Parts/Aero/shuttleWings/ShuttleWings
[LOG 11:58:13.228] Load DDS texture: Squad/Parts/Aero/wingletAV-R8/model000
[LOG 11:58:13.235] Load DDS texture: Squad/Parts/Aero/wingletAV-R8/model001
[LOG 11:58:13.241] Load DDS texture: Squad/Parts/Aero/wingletAV-T1/model000
[LOG 11:58:13.246] Load DDS texture: Squad/Parts/Aero/wingletAV-T1/model001
[LOG 11:58:13.250] Load DDS texture: Squad/Parts/Aero/wingletDeltaDeluxe/model000
[LOG 11:58:13.255] Load DDS texture: Squad/Parts/Aero/wings/Wings
[LOG 11:58:13.261] Load DDS texture: Squad/Parts/Cargo/CargoContainers/cargoContainer_diff
[LOG 11:58:13.266] Load DDS texture: Squad/Parts/Cargo/CargoContainers/smallCargoContainer_diffuse
[LOG 11:58:13.271] Load DDS texture: Squad/Parts/Cargo/CargoContainers/smallCargoContainer_nrm
[LOG 11:58:13.276] Load DDS texture: Squad/Parts/Cargo/CargoContainers/smallCargoContainer_specular
[LOG 11:58:13.281] Load DDS texture: Squad/Parts/Cargo/Cylinder/EVAcylinder_diffuse
[LOG 11:58:13.287] Load DDS texture: Squad/Parts/Cargo/Cylinder/EVAcylinder_nrm
[LOG 11:58:13.292] Load DDS texture: Squad/Parts/Cargo/GroundAnchor/groundAnchor_diffuse
[LOG 11:58:13.296] Load DDS texture: Squad/Parts/Cargo/GroundAnchor/groundAnchor_nrm
[LOG 11:58:13.302] Load DDS texture: Squad/Parts/Cargo/Jetpack/EVAjetpack
[LOG 11:58:13.307] Load DDS texture: Squad/Parts/Cargo/Jetpack/EVAjetpackEmmisive
[LOG 11:58:13.311] Load DDS texture: Squad/Parts/Cargo/Jetpack/EVAjetpackNRM
[LOG 11:58:13.317] Load DDS texture: Squad/Parts/Cargo/Parachute/backpack_Diff
[LOG 11:58:13.325] Load DDS texture: Squad/Parts/Cargo/Parachute/backpack_NM
[LOG 11:58:13.331] Load DDS texture: Squad/Parts/Cargo/RepairKit/RepairKit_Diffuse
[LOG 11:58:13.337] Load DDS texture: Squad/Parts/Cargo/RepairKit/RepairKit_Normal
[LOG 11:58:13.342] Load DDS texture: Squad/Parts/Cargo/ScienceKit/ExperimentKit_Material_Diffuse
[LOG 11:58:13.347] Load DDS texture: Squad/Parts/Cargo/ScienceKit/ExperimentKit_Material_Emissive
[LOG 11:58:13.353] Load DDS texture: Squad/Parts/Cargo/ScienceKit/ExperimentKit_Material_Normal
[LOG 11:58:13.359] Load DDS texture: Squad/Parts/Cargo/StorageUnits/Assets/Cargo_Material_Diffuse
[LOG 11:58:13.367] Load DDS texture: Squad/Parts/Cargo/StorageUnits/Assets/Cargo_Material_Normal
[LOG 11:58:13.374] Load DDS texture: Squad/Parts/Command/advancedSasModuleLarge/model000
[LOG 11:58:13.387] Load DDS texture: Squad/Parts/Command/advancedSasModuleLarge/model001
[LOG 11:58:13.393] Load DDS texture: Squad/Parts/Command/cupola/cupola_Emissive
[LOG 11:58:13.397] Load DDS texture: Squad/Parts/Command/cupola/ksp_l_cupola_diff
[LOG 11:58:13.402] Load DDS texture: Squad/Parts/Command/cupola/ksp_l_cupola_normal
[LOG 11:58:13.409] Load DDS texture: Squad/Parts/Command/cupola/window
[LOG 11:58:13.415] Load DDS texture: Squad/Parts/Command/externalCommandSeat/model000
[LOG 11:58:13.420] Load DDS texture: Squad/Parts/Command/hitchhikerStorageContainer/cabin
[LOG 11:58:13.428] Load DDS texture: Squad/Parts/Command/hitchhikerStorageContainer/cabin_Illum
[LOG 11:58:13.434] Load DDS texture: Squad/Parts/Command/hitchhikerStorageContainer/cabin_n
[LOG 11:58:13.436] Load DDS texture: Squad/Parts/Command/hitchhikerStorageContainer/window
[LOG 11:58:13.441] Load DDS texture: Squad/Parts/Command/inlineAdvancedStabilizer/model000
[LOG 11:58:13.455] Load DDS texture: Squad/Parts/Command/inlineAdvancedStabilizer/model001
[LOG 11:58:13.460] Load DDS texture: Squad/Parts/Command/inlineReactionWheel/model000
[LOG 11:58:13.465] Load DDS texture: Squad/Parts/Command/inlineReactionWheel/model001
[LOG 11:58:13.471] Load DDS texture: Squad/Parts/Command/inlineReactionWheel/model002
[LOG 11:58:13.477] Load DDS texture: Squad/Parts/Command/Mk1-2Pod/mk 1-2 external shell Variant-Hatch
[LOG 11:58:13.481] Load DDS texture: Squad/Parts/Command/Mk1-3Pod/M1-3 Pod
[LOG 11:58:13.497] Load DDS texture: Squad/Parts/Command/Mk1-3Pod/M1-3 Pod_GLOW
[LOG 11:58:13.502] Load DDS texture: Squad/Parts/Command/mk1Cockpits/GLOW
[LOG 11:58:13.508] Load DDS texture: Squad/Parts/Command/mk1Cockpits/Mk1Cockpit
[LOG 11:58:13.515] Load DDS texture: Squad/Parts/Command/mk1LanderCan/ksp_s_landerCan_diff
[LOG 11:58:13.523] Load DDS texture: Squad/Parts/Command/mk1LanderCan/ksp_s_landerCan_normal
[LOG 11:58:13.532] Load DDS texture: Squad/Parts/Command/mk1LanderCan/ksp_s_landerCan_psd_illum
[LOG 11:58:13.537] Load DDS texture: Squad/Parts/Command/mk1pod/outer shell
[LOG 11:58:13.542] Load DDS texture: Squad/Parts/Command/mk1pod_v2/Mk1_v2
[LOG 11:58:13.548] Load DDS texture: Squad/Parts/Command/mk1pod_v2/Mk1_v2_GLOW
[LOG 11:58:13.553] Load DDS texture: Squad/Parts/Command/mk1pod_v2/Mk1_v2_GW
[LOG 11:58:13.559] Load DDS texture: Squad/Parts/Command/mk1pod_v2/Mk1_v2_N
[LOG 11:58:13.564] Load DDS texture: Squad/Parts/Command/mk1pod_v2/Mk1_v2_W
[LOG 11:58:13.570] Load DDS texture: Squad/Parts/Command/mk1pod_v2/Mk1_v2_W_N
[LOG 11:58:13.575] Load DDS texture: Squad/Parts/Command/mk2CockpitInline/Cockpit_inline_A
[LOG 11:58:13.580] Load DDS texture: Squad/Parts/Command/mk2CockpitInline/Cockpit_inline_Emissive
[LOG 11:58:13.587] Load DDS texture: Squad/Parts/Command/mk2CockpitInline/Cockpit_inline_normal
[LOG 11:58:13.593] Load DDS texture: Squad/Parts/Command/mk2CockpitStandard/Cockpit
[LOG 11:58:13.600] Load DDS texture: Squad/Parts/Command/mk2CockpitStandard/Cockpit_Lum
[LOG 11:58:13.606] Load DDS texture: Squad/Parts/Command/mk2CockpitStandard/Cockpit_NRM
[LOG 11:58:13.612] Load DDS texture: Squad/Parts/Command/mk2DroneCore/mk2Dronecore
[LOG 11:58:13.618] Load DDS texture: Squad/Parts/Command/mk2LanderCan/Illum
[LOG 11:58:13.623] Load DDS texture: Squad/Parts/Command/mk2LanderCan/ladder
[LOG 11:58:13.629] Load DDS texture: Squad/Parts/Command/mk2LanderCan/outershell
[LOG 11:58:13.642] Load DDS texture: Squad/Parts/Command/mk2LanderCan/outershell_n
[LOG 11:58:13.643] Load DDS texture: Squad/Parts/Command/mk2LanderCan/window
[LOG 11:58:13.651] Load DDS texture: Squad/Parts/Command/mk2LanderCan_v2/Mk2Can
[LOG 11:58:13.658] Load DDS texture: Squad/Parts/Command/mk2LanderCan_v2/Mk2Can_glow
[LOG 11:58:13.664] Load DDS texture: Squad/Parts/Command/mk3CockpitShuttle/Mk3CockpitShuttle
[LOG 11:58:13.674] Load DDS texture: Squad/Parts/Command/mk3CockpitShuttle/Mk3CockpitShuttle_LUM
[LOG 11:58:13.680] Load DDS texture: Squad/Parts/Command/MpoProbe/MpoProbe_diffuse
[LOG 11:58:13.687] Load DDS texture: Squad/Parts/Command/MpoProbe/MpoProbe_nrm
[LOG 11:58:13.693] Load DDS texture: Squad/Parts/Command/MpoProbe/MpoProbe_specular
[LOG 11:58:13.699] Load DDS texture: Squad/Parts/Command/MtmStage/mtmStage_diffuse
[LOG 11:58:13.705] Load DDS texture: Squad/Parts/Command/MtmStage/mtmStage_nrm
[LOG 11:58:13.710] Load DDS texture: Squad/Parts/Command/MtmStage/mtmStage_specular
[LOG 11:58:13.715] Load DDS texture: Squad/Parts/Command/probeCoreCube/QBE_New_diffuse
[LOG 11:58:13.723] Load Cached PNG Texture: Squad/Parts/Command/probeCoreCube/QBE_New_NRM
[LOG 11:58:13.730] Load DDS texture: Squad/Parts/Command/probeCoreCube/QBE_New_specular
[LOG 11:58:13.735] Load DDS texture: Squad/Parts/Command/probeCoreHex/ksp_m_hexProbe_diff
[LOG 11:58:13.749] Load DDS texture: Squad/Parts/Command/probeCoreHex/ksp_m_hexProbe_normal
[LOG 11:58:13.753] Load DDS texture: Squad/Parts/Command/probeCoreHex_v2/hecsDiffuse
[LOG 11:58:13.763] Load DDS texture: Squad/Parts/Command/probeCoreHex_v2/hecsNormal
[LOG 11:58:13.770] Load DDS texture: Squad/Parts/Command/probeCoreOcto2_v2/octoDiffuse
[LOG 11:58:13.775] Load DDS texture: Squad/Parts/Command/probeCoreOcto2_v2/octoNormal
[LOG 11:58:13.776] Load DDS texture: Squad/Parts/Command/probeCoreOcto2_v2/octoSpecular
[LOG 11:58:13.780] Load DDS texture: Squad/Parts/Command/probeCoreOcto_v2/octoDiffuse
[LOG 11:58:13.785] Load DDS texture: Squad/Parts/Command/probeCoreOcto_v2/octoNormal
[LOG 11:58:13.790] Load DDS texture: Squad/Parts/Command/probeCoreOcto_v2/octoSpecular
[LOG 11:58:13.796] Load DDS texture: Squad/Parts/Command/probeRoverBody/model000
[LOG 11:58:13.809] Load DDS texture: Squad/Parts/Command/probeRoverBody/model001
[LOG 11:58:13.814] Load DDS texture: Squad/Parts/Command/probeRoverBody_v2/probeRoverBody_v2_gold_diffuse
[LOG 11:58:13.819] Load Cached PNG Texture: Squad/Parts/Command/probeRoverBody_v2/probeRoverBody_v2_gold_NRM
[LOG 11:58:13.825] Load DDS texture: Squad/Parts/Command/probeRoverBody_v2/probeRoverBody_v2_gold_specular
[LOG 11:58:13.830] Load DDS texture: Squad/Parts/Command/probeRoverBody_v2/probeRoverBody_v2_silver_diffuse
[LOG 11:58:13.837] Load Cached PNG Texture: Squad/Parts/Command/probeRoverBody_v2/probeRoverBody_v2_silver_NRM
[LOG 11:58:13.844] Load DDS texture: Squad/Parts/Command/probeRoverBody_v2/probeRoverBody_v2_silver_specular
[LOG 11:58:13.846] Load DDS texture: Squad/Parts/Command/probeRoverBody_v2/QBE_New_diffuse
[LOG 11:58:13.846] Load DDS texture: Squad/Parts/Command/probeRoverBody_v2/QBE_New_NRM
[LOG 11:58:13.846] Load DDS texture: Squad/Parts/Command/probeRoverBody_v2/QBE_New_specular
[LOG 11:58:13.853] Load DDS texture: Squad/Parts/Command/probeStackLarge/model000
[LOG 11:58:13.857] Load DDS texture: Squad/Parts/Command/probeStackLarge/model001
[LOG 11:58:13.863] Load DDS texture: Squad/Parts/Command/probeStackSmall/model000
[LOG 11:58:13.867] Load DDS texture: Squad/Parts/Command/probeStackSmall/model001
[LOG 11:58:13.872] Load DDS texture: Squad/Parts/Command/probeStackSphere_v2/probeStackSphere_diffuse
[LOG 11:58:13.878] Load DDS texture: Squad/Parts/Command/probeStackSphere_v2/probeStackSphere_normal
[LOG 11:58:13.884] Load DDS texture: Squad/Parts/Command/probeStackSphere_v2/probeStackSphere_specular
[LOG 11:58:13.891] Load Cached PNG Texture: Squad/Parts/CompoundParts/@thumbs/fuelLine_icon0
[LOG 11:58:13.896] Load Cached PNG Texture: Squad/Parts/CompoundParts/@thumbs/fuelLine_icon1
[LOG 11:58:13.903] Load Cached PNG Texture: Squad/Parts/CompoundParts/@thumbs/strutConnector_icon0
[LOG 11:58:13.909] Load Cached PNG Texture: Squad/Parts/CompoundParts/@thumbs/strutConnector_icon1
[LOG 11:58:13.914] Load DDS texture: Squad/Parts/CompoundParts/FuelLine/FTX-2 External Fuel Duct
[LOG 11:58:13.920] Load DDS texture: Squad/Parts/CompoundParts/FuelLine/FTX-2 External Fuel Duct_ESA
[LOG 11:58:13.925] Load DDS texture: Squad/Parts/CompoundParts/strutConnector/EAS-4 Strut Connector
[LOG 11:58:13.930] Load DDS texture: Squad/Parts/CompoundParts/strutConnector/EAS-4 Strut Connector_white
[LOG 11:58:13.936] Load DDS texture: Squad/Parts/Coupling/Assets/Decouplers
[LOG 11:58:13.942] Load DDS texture: Squad/Parts/Coupling/Assets/Decouplers_N
[LOG 11:58:13.948] Load DDS texture: Squad/Parts/Coupling/Assets/Decouplers_whiteYellow
[LOG 11:58:13.954] Load DDS texture: Squad/Parts/Coupling/Assets/Decouplers_whiteYellow_N
[LOG 11:58:13.960] Load DDS texture: Squad/Parts/Electrical/10CSolarPanels/assets/circularSolarPanel_diffuse
[LOG 11:58:13.966] Load DDS texture: Squad/Parts/Electrical/10CSolarPanels/assets/circularSolarPanel_nrm
[LOG 11:58:13.970] Load DDS texture: Squad/Parts/Electrical/10LSolarPanels/assets/retractableSolarPanel_diffuse
[LOG 11:58:13.975] Load DDS texture: Squad/Parts/Electrical/10LSolarPanels/assets/retractableSolarPanel_nrm
[LOG 11:58:13.981] Load DDS texture: Squad/Parts/Electrical/1x6ShroudSolarPanels/model000
[LOG 11:58:13.987] Load DDS texture: Squad/Parts/Electrical/1x6ShroudSolarPanels/model001
[LOG 11:58:13.992] Load DDS texture: Squad/Parts/Electrical/1x6ShroudSolarPanels/model002
[LOG 11:58:13.996] Load DDS texture: Squad/Parts/Electrical/1x6SolarPanels/model000
[LOG 11:58:14.003] Load DDS texture: Squad/Parts/Electrical/1x6SolarPanels/model001
[LOG 11:58:14.007] Load DDS texture: Squad/Parts/Electrical/1x6SolarPanels/model002
[LOG 11:58:14.012] Load DDS texture: Squad/Parts/Electrical/3x2ShroudSolarPanels/model000
[LOG 11:58:14.017] Load DDS texture: Squad/Parts/Electrical/3x2ShroudSolarPanels/model001
[LOG 11:58:14.026] Load DDS texture: Squad/Parts/Electrical/3x2ShroudSolarPanels/model002
[LOG 11:58:14.032] Load DDS texture: Squad/Parts/Electrical/3x2SolarPanels/model000
[LOG 11:58:14.037] Load DDS texture: Squad/Parts/Electrical/3x2SolarPanels/model001
[LOG 11:58:14.052] Load DDS texture: Squad/Parts/Electrical/3x2SolarPanels/model002
[LOG 11:58:14.058] Load DDS texture: Squad/Parts/Electrical/gigantorXlSolarArray/panel
[LOG 11:58:14.063] Load DDS texture: Squad/Parts/Electrical/radialFlatSolarPanel/model000
[LOG 11:58:14.069] Load DDS texture: Squad/Parts/Electrical/RTG/model000
[LOG 11:58:14.073] Load DDS texture: Squad/Parts/Electrical/z-100Battery/model000
[LOG 11:58:14.077] Load DDS texture: Squad/Parts/Electrical/z-1kBattery/model000
[LOG 11:58:14.082] Load DDS texture: Squad/Parts/Electrical/z-1kBattery/model001
[LOG 11:58:14.087] Load DDS texture: Squad/Parts/Electrical/z-200Battery/ksp_m_batteryPack_diff
[LOG 11:58:14.091] Load DDS texture: Squad/Parts/Electrical/z-400Battery/model000
[LOG 11:58:14.096] Load DDS texture: Squad/Parts/Electrical/z-4kBattery/ksp_l_batteryPack_diff
[LOG 11:58:14.108] Load DDS texture: Squad/Parts/Electrical/z-4kBattery/ksp_l_batteryPack_normal
[LOG 11:58:14.115] Load DDS texture: Squad/Parts/Engine/ionEngine/model000
[LOG 11:58:14.121] Load DDS texture: Squad/Parts/Engine/jetEngines/Jet Engines
[LOG 11:58:14.125] Load DDS texture: Squad/Parts/Engine/jetEngines/Jet_Heat
[LOG 11:58:14.131] Load DDS texture: Squad/Parts/Engine/liquidEngine24-77/engine
[LOG 11:58:14.136] Load DDS texture: Squad/Parts/Engine/liquidEngine24-77_v2/Twitch
[LOG 11:58:14.142] Load DDS texture: Squad/Parts/Engine/liquidEngine24-77_v2/Twitch_G
[LOG 11:58:14.147] Load DDS texture: Squad/Parts/Engine/liquidEngine24-77_v2/Twitch_GLOW
[LOG 11:58:14.153] Load DDS texture: Squad/Parts/Engine/liquidEngine48-7S/ksp_m_liquidEngine_diff
[LOG 11:58:14.158] Load DDS texture: Squad/Parts/Engine/liquidEngine48-7S_v2/Spark
[LOG 11:58:14.162] Load DDS texture: Squad/Parts/Engine/liquidEngine48-7S_v2/Spark_Glow
[LOG 11:58:14.168] Load DDS texture: Squad/Parts/Engine/liquidEngineAerospike/Aerospike
[LOG 11:58:14.174] Load DDS texture: Squad/Parts/Engine/liquidEngineAerospike/Aerospike_Heat
[LOG 11:58:14.178] Load DDS texture: Squad/Parts/Engine/liquidEngineLV-1_v2/Assets/Ant_and_Spider_diffuse
[LOG 11:58:14.184] Load DDS texture: Squad/Parts/Engine/liquidEngineLV-1_v2/Assets/Ant_and_Spider_emissive
[LOG 11:58:14.189] Load DDS texture: Squad/Parts/Engine/liquidEngineLV-1_v2/Assets/Ant_and_Spider_normal
[LOG 11:58:14.194] Load DDS texture: Squad/Parts/Engine/liquidEngineLV-1_v2/Assets/Ant_and_Spider_specular
[LOG 11:58:14.199] Load DDS texture: Squad/Parts/Engine/liquidEngineLV-909_v2/Terrier
[LOG 11:58:14.297] Load DDS texture: Squad/Parts/Engine/liquidEngineLV-909_v2/TerrierFairing
[LOG 11:58:14.304] Load DDS texture: Squad/Parts/Engine/liquidEngineLV-909_v2/Terrier_glow
[LOG 11:58:14.310] Load DDS texture: Squad/Parts/Engine/liquidEngineLV-N/model000
[LOG 11:58:14.316] Load DDS texture: Squad/Parts/Engine/liquidEngineLV-N/model001
[LOG 11:58:14.320] Load DDS texture: Squad/Parts/Engine/liquidEngineLV-N/model002
[LOG 11:58:14.325] Load DDS texture: Squad/Parts/Engine/liquidEngineLV-N/model003
[LOG 11:58:14.332] Load DDS texture: Squad/Parts/Engine/liquidEngineLV-T30/model000
[LOG 11:58:14.345] Load DDS texture: Squad/Parts/Engine/liquidEngineLV-T30/model001
[LOG 11:58:14.351] Load DDS texture: Squad/Parts/Engine/liquidEngineLV-T30/model002
[LOG 11:58:14.358] Load DDS texture: Squad/Parts/Engine/liquidEngineLV-T30_v2/Engine_Emissive
[LOG 11:58:14.365] Load DDS texture: Squad/Parts/Engine/liquidEngineLV-T30_v2/Engine_Normal
[LOG 11:58:14.372] Load DDS texture: Squad/Parts/Engine/liquidEngineLV-T30_v2/Fairing
[LOG 11:58:14.379] Load DDS texture: Squad/Parts/Engine/liquidEngineLV-T30_v2/Reliant_v2-shroud_Diffuse
[LOG 11:58:14.386] Load DDS texture: Squad/Parts/Engine/liquidEngineLV-T30_v2/Reliant_v2_Diffuse
[LOG 11:58:14.393] Load DDS texture: Squad/Parts/Engine/liquidEngineLV-T45/model000
[LOG 11:58:14.398] Load DDS texture: Squad/Parts/Engine/liquidEngineLV-T45/model001
[LOG 11:58:14.405] Load DDS texture: Squad/Parts/Engine/liquidEngineLV-T45/model002
[LOG 11:58:14.419] Load DDS texture: Squad/Parts/Engine/liquidEngineLV-T45/model003
[LOG 11:58:14.425] Load DDS texture: Squad/Parts/Engine/liquidEngineLV-T45_v2/Engine_Emissive
[LOG 11:58:14.432] Load DDS texture: Squad/Parts/Engine/liquidEngineLV-T45_v2/Fairing
[LOG 11:58:14.438] Load DDS texture: Squad/Parts/Engine/liquidEngineLV-T45_v2/Swivel_v2_Diffuse
[LOG 11:58:14.445] Load DDS texture: Squad/Parts/Engine/liquidEngineLV-T45_v2/Swivel_v2_Normal
[LOG 11:58:14.454] Load DDS texture: Squad/Parts/Engine/liquidEngineMainsail_v2/mainsail_diffuse
[LOG 11:58:14.460] Load DDS texture: Squad/Parts/Engine/liquidEngineMainsail_v2/mainsail_emissive
[LOG 11:58:14.467] Load DDS texture: Squad/Parts/Engine/liquidEngineMainsail_v2/mainsail_nrm
[LOG 11:58:14.475] Load DDS texture: Squad/Parts/Engine/liquidEngineMainsail_v2/mainsail_specular
[LOG 11:58:14.481] Load DDS texture: Squad/Parts/Engine/liquidEngineMainsail_v2/Shroud
[LOG 11:58:14.489] Load DDS texture: Squad/Parts/Engine/liquidEngineMk55/Thud
[LOG 11:58:14.494] Load DDS texture: Squad/Parts/Engine/liquidEngineMk55/Thud_Heat
[LOG 11:58:14.498] Load DDS texture: Squad/Parts/Engine/liquidEnginePoodle_v2/poodle
[LOG 11:58:14.503] Load DDS texture: Squad/Parts/Engine/liquidEnginePoodle_v2/PoodleShroud
[LOG 11:58:14.508] Load DDS texture: Squad/Parts/Engine/liquidEnginePoodle_v2/poodle_Glow
[LOG 11:58:14.514] Load DDS texture: Squad/Parts/Engine/liquidEnginePoodle_v2/Poodle_SingleBell_Poodle_Diffuse
[LOG 11:58:14.519] Load DDS texture: Squad/Parts/Engine/liquidEnginePoodle_v2/Poodle_SingleBell_Poodle_Emissive
[LOG 11:58:14.524] Load DDS texture: Squad/Parts/Engine/liquidEnginePoodle_v2/Poodle_SingleBell_Poodle_Normal
[LOG 11:58:14.531] Load DDS texture: Squad/Parts/Engine/liquidEngineSkipper_v2/Shroud
[LOG 11:58:14.536] Load DDS texture: Squad/Parts/Engine/liquidEngineSkipper_v2/skipper_v2_diffuse
[LOG 11:58:14.543] Load DDS texture: Squad/Parts/Engine/liquidEngineSkipper_v2/skipper_v2_emissive
[LOG 11:58:14.551] Load DDS texture: Squad/Parts/Engine/liquidEngineSkipper_v2/skipper_v2_normal
[LOG 11:58:14.556] Load DDS texture: Squad/Parts/Engine/liquidEngineSSME/SSME
[LOG 11:58:14.563] Load DDS texture: Squad/Parts/Engine/liquidEngineSSME/SSME_GLOW
[LOG 11:58:14.573] Load DDS texture: Squad/Parts/Engine/liquidEngineSSME/SSME_NRM
[LOG 11:58:14.578] Load DDS texture: Squad/Parts/Engine/MassiveSRB/solid_booster_cm
[LOG 11:58:14.583] Load DDS texture: Squad/Parts/Engine/MassiveSRB/solid_booster_cm_esa
[LOG 11:58:14.589] Load DDS texture: Squad/Parts/Engine/MassiveSRB/solid_booster_em
[LOG 11:58:14.595] Load DDS texture: Squad/Parts/Engine/MassiveSRB/solid_booster_nm
[LOG 11:58:14.601] Load DDS texture: Squad/Parts/Engine/miniJet/SmallJet
[LOG 11:58:14.606] Load DDS texture: Squad/Parts/Engine/OMSEngine/Puff_diffuse
[LOG 11:58:14.611] Load DDS texture: Squad/Parts/Engine/OMSEngine/Puff_emissive
[LOG 11:58:14.616] Load DDS texture: Squad/Parts/Engine/OMSEngine/Puff_normal
[LOG 11:58:14.621] Load DDS texture: Squad/Parts/Engine/OMSEngine/Puff_specular
[LOG 11:58:14.626] Load DDS texture: Squad/Parts/Engine/rapierEngine/rapierDiffuse
[LOG 11:58:14.633] Load DDS texture: Squad/Parts/Engine/rapierEngine/rapieremit
[LOG 11:58:14.637] Load DDS texture: Squad/Parts/Engine/Size1_SRBs/SRB_O
[LOG 11:58:14.643] Load DDS texture: Squad/Parts/Engine/Size1_SRBs/SRB_W
[LOG 11:58:14.648] Load DDS texture: Squad/Parts/Engine/Size1_SRBs/SRB_Y
[LOG 11:58:14.653] Load DDS texture: Squad/Parts/Engine/Size2LFB/Size2LFBEmissive
[LOG 11:58:14.659] Load DDS texture: Squad/Parts/Engine/Size2LFB/twin_nozzle_booster_cm
[LOG 11:58:14.667] Load DDS texture: Squad/Parts/Engine/Size2LFB/twin_nozzle_booster_nm
[LOG 11:58:14.674] Load DDS texture: Squad/Parts/Engine/Size2LFB_v2/Size2LFBEmissive
[LOG 11:58:14.679] Load DDS texture: Squad/Parts/Engine/Size2LFB_v2/twin_nozzle_booster_cm
[LOG 11:58:14.685] Load DDS texture: Squad/Parts/Engine/Size2LFB_v2/twin_nozzle_booster_nm
[LOG 11:58:14.691] Load DDS texture: Squad/Parts/Engine/Size3AdvancedEngine/decoupler_and_adaptor_cm
[LOG 11:58:14.697] Load DDS texture: Squad/Parts/Engine/Size3AdvancedEngine/Size3AdvancedEngineDiffuse
[LOG 11:58:14.703] Load DDS texture: Squad/Parts/Engine/Size3AdvancedEngine/Size3AdvancedEngineEmissive
[LOG 11:58:14.709] Load DDS texture: Squad/Parts/Engine/Size3AdvancedEngine/Size3AdvancedEngineNormal
[LOG 11:58:14.720] Load DDS texture: Squad/Parts/Engine/Size3EngineCluster/ClusterEngineEmit
[LOG 11:58:14.726] Load DDS texture: Squad/Parts/Engine/Size3EngineCluster/four_nozzle_engine_cm
[LOG 11:58:14.731] Load DDS texture: Squad/Parts/Engine/Size3EngineCluster/four_nozzle_engine_nm
[LOG 11:58:14.736] Load DDS texture: Squad/Parts/Engine/solidBoosterBACC/model000
[LOG 11:58:14.742] Load DDS texture: Squad/Parts/Engine/solidBoosterBACC/model001
[LOG 11:58:14.747] Load DDS texture: Squad/Parts/Engine/solidBoosterBACC/model002
[LOG 11:58:14.753] Load DDS texture: Squad/Parts/Engine/solidBoosterRT-5/RT5
[LOG 11:58:14.765] Load DDS texture: Squad/Parts/Engine/solidBoosterS2-17/solidBoosterS2-17_diffuse
[LOG 11:58:14.781] Load DDS texture: Squad/Parts/Engine/solidBoosterS2-17/solidBoosterS2-17_emissive
[LOG 11:58:14.792] Load DDS texture: Squad/Parts/Engine/solidBoosterS2-17/solidBoosterS2-17_normal
[LOG 11:58:14.823] Load DDS texture: Squad/Parts/Engine/solidBoosterS2-33/solidBoosterS2-33_diffuse
[LOG 11:58:14.841] Load DDS texture: Squad/Parts/Engine/solidBoosterS2-33/solidBoosterS2-33_emissive
[LOG 11:58:14.874] Load DDS texture: Squad/Parts/Engine/solidBoosterS2-33/solidBoosterS2-33_normal
[LOG 11:58:14.886] Load DDS texture: Squad/Parts/Engine/solidBoosterSep/model000
[LOG 11:58:14.887] Load DDS texture: Squad/Parts/Engine/solidBoosterSep/motor
[LOG 11:58:14.893] Load DDS texture: Squad/Parts/Engine/SolidBoostersF/Assets/SolidBoosterF3S0_diffuse
[LOG 11:58:14.898] Load DDS texture: Squad/Parts/Engine/SolidBoostersF/Assets/SolidBoosterF3S0_emissive
[LOG 11:58:14.904] Load DDS texture: Squad/Parts/Engine/SolidBoostersF/Assets/SolidBoosterF3S0_normal
[LOG 11:58:14.910] Load DDS texture: Squad/Parts/FuelTank/adapterTanks/Mk3Adapters
[LOG 11:58:14.915] Load DDS texture: Squad/Parts/FuelTank/drainTankFTE-1/fuelValve_diffuse
[LOG 11:58:14.921] Load DDS texture: Squad/Parts/FuelTank/drainTankFTE-1/fuelValve_nrm
[LOG 11:58:14.926] Load DDS texture: Squad/Parts/FuelTank/FoilTanks/RadialTanks
[LOG 11:58:14.931] Load DDS texture: Squad/Parts/FuelTank/FoilTanks/RadialTanksGold_specular
[LOG 11:58:14.937] Load DDS texture: Squad/Parts/FuelTank/FoilTanks/RadialTanksSilver_specular
[LOG 11:58:14.943] Load DDS texture: Squad/Parts/FuelTank/FoilTanks/RadialTanks_N
[LOG 11:58:14.948] Load DDS texture: Squad/Parts/FuelTank/FoilTanks/RadialTanks_silver
[LOG 11:58:14.955] Load DDS texture: Squad/Parts/FuelTank/fuelTankOscarB/model000
[LOG 11:58:14.959] Load DDS texture: Squad/Parts/FuelTank/fuelTankOscarB/model001
[LOG 11:58:14.966] Load DDS texture: Squad/Parts/FuelTank/fuelTankOscarB/tank
[LOG 11:58:14.971] Load DDS texture: Squad/Parts/FuelTank/fuelTankOscarB/tank_n
[LOG 11:58:14.975] Load DDS texture: Squad/Parts/FuelTank/miniFuselage/Fuselage
[LOG 11:58:14.981] Load DDS texture: Squad/Parts/FuelTank/mk2Adapters/mk2adapters1m
[LOG 11:58:14.986] Load DDS texture: Squad/Parts/FuelTank/mk2FuselageLong/mk2Fuselage
[LOG 11:58:14.991] Load DDS texture: Squad/Parts/FuelTank/mk2FuselageShort/mk2FuselageShort
[LOG 11:58:14.996] Load DDS texture: Squad/Parts/FuelTank/mk3Fuselage/Mk3Fuselage
[LOG 11:58:15.003] Load DDS texture: Squad/Parts/FuelTank/mk3Fuselage/Mk3Fuselage_LUM
[LOG 11:58:15.010] Load DDS texture: Squad/Parts/FuelTank/RCSFuelTankR1/RCSFuelTankR1_01
[LOG 11:58:15.015] Load DDS texture: Squad/Parts/FuelTank/RCSFuelTankR1/RCSFuelTankR1_02
[LOG 11:58:15.020] Load DDS texture: Squad/Parts/FuelTank/RCSFuelTankR1/RCSFuelTankR1_N
[LOG 11:58:15.025] Load DDS texture: Squad/Parts/FuelTank/RCSFuelTankR10/ksp_m_rcsTank_diff
[LOG 11:58:15.042] Load DDS texture: Squad/Parts/FuelTank/RCSFuelTankR10/ksp_m_rcsTank_normal
[LOG 11:58:15.048] Load DDS texture: Squad/Parts/FuelTank/RCSFuelTankR25/FL-R25 RCS Fuel Tank_D
[LOG 11:58:15.056] Load DDS texture: Squad/Parts/FuelTank/RCSFuelTankR25/FL-R25 RCS Fuel Tank_N
[LOG 11:58:15.061] Load DDS texture: Squad/Parts/FuelTank/RCSTankRadial/model000
[LOG 11:58:15.066] Load DDS texture: Squad/Parts/FuelTank/RCStankRadialLong/ksp_r_rcsCylTank_diff
[LOG 11:58:15.073] Load DDS texture: Squad/Parts/FuelTank/RockomaxTanks/Assets/rockomax_16 [AlbedoM] BW
[LOG 11:58:15.079] Load DDS texture: Squad/Parts/FuelTank/RockomaxTanks/Assets/rockomax_16 [AlbedoM] ESA
[LOG 11:58:15.087] Load DDS texture: Squad/Parts/FuelTank/RockomaxTanks/Assets/rockomax_16 [AlbedoM] O
[LOG 11:58:15.095] Load DDS texture: Squad/Parts/FuelTank/RockomaxTanks/Assets/rockomax_16 [Normal] BW
[LOG 11:58:15.103] Load DDS texture: Squad/Parts/FuelTank/RockomaxTanks/Assets/rockomax_16 [Normal]ESA
[LOG 11:58:15.110] Load DDS texture: Squad/Parts/FuelTank/RockomaxTanks/Assets/rockomax_16 [Normal]O
[LOG 11:58:15.116] Load DDS texture: Squad/Parts/FuelTank/RockomaxTanks/Assets/rockomax_32 [AlbedoM] ESA
[LOG 11:58:15.123] Load DDS texture: Squad/Parts/FuelTank/RockomaxTanks/Assets/rockomax_32 [Normal]ESA
[LOG 11:58:15.128] Load DDS texture: Squad/Parts/FuelTank/Size1_Tanks/125Tanks_BW
[LOG 11:58:15.135] Load DDS texture: Squad/Parts/FuelTank/Size1_Tanks/125Tanks_D
[LOG 11:58:15.142] Load DDS texture: Squad/Parts/FuelTank/Size1_Tanks/125Tanks_N
[LOG 11:58:15.147] Load DDS texture: Squad/Parts/FuelTank/Size1_Tanks/125Tanks_O
[LOG 11:58:15.153] Load DDS texture: Squad/Parts/FuelTank/Size1_Tanks/125Tanks_W
[LOG 11:58:15.160] Load DDS texture: Squad/Parts/FuelTank/Size3Tanks/fueltTanks_cm
[LOG 11:58:15.167] Load Cached PNG Texture: Squad/Parts/FuelTank/Size3Tanks/Size3Tanks
[LOG 11:58:15.172] Load Cached PNG Texture: Squad/Parts/FuelTank/Size3Tanks/Size3Tanks_Norm
[LOG 11:58:15.178] Load Cached PNG Texture: Squad/Parts/FuelTank/Size3Tanks/Size3Tanks_Orange
[LOG 11:58:15.184] Load Cached PNG Texture: Squad/Parts/FuelTank/Size3Tanks/Size3Tanks_Orange_Norm
[LOG 11:58:15.188] Load DDS texture: Squad/Parts/FuelTank/xenonTank/model000
[LOG 11:58:15.193] Load DDS texture: Squad/Parts/FuelTank/xenonTank/model001
[LOG 11:58:15.200] Load DDS texture: Squad/Parts/FuelTank/xenonTankLarge/tank
[LOG 11:58:15.204] Load DDS texture: Squad/Parts/FuelTank/xenonTankRadial/ksp_r_xenonTank_diff
[LOG 11:58:15.210] Load DDS texture: Squad/Parts/Misc/AsteroidDay/CamSat
[LOG 11:58:15.223] Load DDS texture: Squad/Parts/Misc/AsteroidDay/CamSat_glow
[LOG 11:58:15.229] Load DDS texture: Squad/Parts/Misc/AsteroidDay/CamSat_N_NRM
[LOG 11:58:15.235] Load DDS texture: Squad/Parts/Misc/AsteroidDay/default
[LOG 11:58:15.239] Load DDS texture: Squad/Parts/Misc/AsteroidDay/hecsDiffuse
[LOG 11:58:15.245] Load DDS texture: Squad/Parts/Misc/AsteroidDay/hecsNormal
[LOG 11:58:15.251] Load DDS texture: Squad/Parts/Misc/AsteroidDay/hecsSpecular
[LOG 11:58:15.256] Load DDS texture: Squad/Parts/Misc/AsteroidDay/JumboHexProbe
[LOG 11:58:15.261] Load DDS texture: Squad/Parts/Misc/AsteroidDay/JumboHexProbe_NORM_NRM
[LOG 11:58:15.266] Load DDS texture: Squad/Parts/Resources/FuelCell/FCLamp
[LOG 11:58:15.272] Load DDS texture: Squad/Parts/Resources/FuelCell/FuelCellRack
[LOG 11:58:15.277] Load DDS texture: Squad/Parts/Resources/FuelCell/fuellcell
[LOG 11:58:15.281] Load DDS texture: Squad/Parts/Resources/ISRU/Processor_Large
[LOG 11:58:15.286] Load DDS texture: Squad/Parts/Resources/LargeTank/ksp_l_resourceContainer_diff
[LOG 11:58:15.292] Load DDS texture: Squad/Parts/Resources/LargeTank/ksp_l_resourceContainer_norm
[LOG 11:58:15.297] Load DDS texture: Squad/Parts/Resources/MiniDrill/DustParticle
[LOG 11:58:15.301] Load DDS texture: Squad/Parts/Resources/MiniDrill/ksp_r_rockProbe_diff
[LOG 11:58:15.307] Load DDS texture: Squad/Parts/Resources/MiniDrill/RockParticle
[LOG 11:58:15.313] Load DDS texture: Squad/Parts/Resources/MiniISRU/ksp_s_processorSmall_diff
[LOG 11:58:15.317] Load DDS texture: Squad/Parts/Resources/OrbitalScanner/detector
[LOG 11:58:15.322] Load DDS texture: Squad/Parts/Resources/RadialDrill/DustParticle
[LOG 11:58:15.327] Load DDS texture: Squad/Parts/Resources/RadialDrill/RockParticle
[LOG 11:58:15.333] Load DDS texture: Squad/Parts/Resources/RadialDrill/TriBitDrill
[LOG 11:58:15.337] Load DDS texture: Squad/Parts/Resources/RadialTank/ksp_r_resourceContainer_psd_2
[LOG 11:58:15.342] Load DDS texture: Squad/Parts/Resources/SmallTank/ksp_s_resourceContainer_diff
[LOG 11:58:15.348] Load DDS texture: Squad/Parts/Resources/SmallTank/ksp_s_resourceContainer_normal
[LOG 11:58:15.354] Load DDS texture: Squad/Parts/Resources/SurfaceScanner/ksp_r_samplerAir_diff
[LOG 11:58:15.359] Load DDS texture: Squad/Parts/Resources/SurveyScanner/dish
[LOG 11:58:15.365] Load DDS texture: Squad/Parts/Resources/SurveyScanner/dish_n
[LOG 11:58:15.370] Load DDS texture: Squad/Parts/Science/AtmosphereSensor/ksp_r_hydroscoop_diff
[LOG 11:58:15.375] Load DDS texture: Squad/Parts/Science/GooExperiment/GooExperiment
[LOG 11:58:15.380] Load DDS texture: Squad/Parts/Science/LargeCrewedLab/Large_Crewed_Lab
[LOG 11:58:15.386] Load DDS texture: Squad/Parts/Science/LargeCrewedLab/Large_Crewed_Lab_glow
[LOG 11:58:15.388] Load DDS texture: Squad/Parts/Science/LargeCrewedLab/window
[LOG 11:58:15.393] Load DDS texture: Squad/Parts/Science/Magnetometer/Magnetometer_diffuse
[LOG 11:58:15.398] Load DDS texture: Squad/Parts/Science/Magnetometer/Magnetometer_nrm
[LOG 11:58:15.404] Load DDS texture: Squad/Parts/Science/MaterialBay/science_module_small
[LOG 11:58:15.409] Load DDS texture: Squad/Parts/Science/MaterialBay/science_module_small_emit
[LOG 11:58:15.413] Load DDS texture: Squad/Parts/Science/MaterialBay/science_module_small_nrm
[LOG 11:58:15.419] Load DDS texture: Squad/Parts/Science/MaterialBay/wires
[LOG 11:58:15.423] Load DDS texture: Squad/Parts/Science/ScienceBox/Container
[LOG 11:58:15.427] Load DDS texture: Squad/Parts/Science/sensorAccelerometer/model000
[LOG 11:58:15.433] Load DDS texture: Squad/Parts/Science/sensorBarometer/model000
[LOG 11:58:15.438] Load DDS texture: Squad/Parts/Science/sensorGravimeter/model000
[LOG 11:58:15.442] Load DDS texture: Squad/Parts/Science/sensorThermometer/model000
[LOG 11:58:15.447] Load DDS texture: Squad/Parts/Structural/FLAdapters/Assets/FLA-Adapters_diffuse
[LOG 11:58:15.453] Load DDS texture: Squad/Parts/Structural/FLAdapters/Assets/FLA-Adapters_diffuse_O
[LOG 11:58:15.458] Load DDS texture: Squad/Parts/Structural/FLAdapters/Assets/FLA-Adapters_normal
[LOG 11:58:15.464] Load DDS texture: Squad/Parts/Structural/FLAdapters/Assets/FLA-Adapters_normal_O
[LOG 11:58:15.468] Load DDS texture: Squad/Parts/Structural/mk1Parts/Mk1Structural
[LOG 11:58:15.473] Load DDS texture: Squad/Parts/Structural/mk1Parts/Mk1StructuralHeat
[LOG 11:58:15.479] Load Cached PNG Texture: Squad/Parts/Structural/mk1Parts/@thumbs/MK1Fuselage_icon
[LOG 11:58:15.486] Load DDS texture: Squad/Parts/Structural/Size3To2Adapter_v2/Size2to3_BW_Diffuse
[LOG 11:58:15.491] Load DDS texture: Squad/Parts/Structural/Size3To2Adapter_v2/Size2to3_DUMMY_NRM
[LOG 11:58:15.499] Load DDS texture: Squad/Parts/Structural/Size3To2Adapter_v2/Size2to3_O_Diffuse
[LOG 11:58:15.505] Load DDS texture: Squad/Parts/Structural/Size3To2Adapter_v2/Size2to3_W_Diffuse
[LOG 11:58:15.512] Load DDS texture: Squad/Parts/Structural/Size3To2Adapter_v2/Size2to3_W_NRM
[LOG 11:58:15.519] Load DDS texture: Squad/Parts/Structural/stackAdapters/Assets/stackAdapters_diffuse
[LOG 11:58:15.525] Load DDS texture: Squad/Parts/Structural/stackAdapters/Assets/stackAdapters_diffuse_Dark
[LOG 11:58:15.530] Load DDS texture: Squad/Parts/Structural/stackAdapters/Assets/stackAdapters_diffuse_Orange
[LOG 11:58:15.536] Load DDS texture: Squad/Parts/Structural/stackAdapters/Assets/stackAdapters_normal
[LOG 11:58:15.542] Load DDS texture: Squad/Parts/Structural/stackAdapters/Assets/stackAdapters_normal_Orange
[LOG 11:58:15.547] Load DDS texture: Squad/Parts/Structural/stationHub/model000
[LOG 11:58:15.554] Load DDS texture: Squad/Parts/Structural/stationHub/model001
[LOG 11:58:15.560] Load DDS texture: Squad/Parts/Structural/structuralIBeam200/model000
[LOG 11:58:15.565] Load DDS texture: Squad/Parts/Structural/structuralIBeam200Pocket/model000
[LOG 11:58:15.569] Load DDS texture: Squad/Parts/Structural/structuralIBeam650/model000
[LOG 11:58:15.573] Load DDS texture: Squad/Parts/Structural/structuralMicronode/model000
[LOG 11:58:15.579] Load DDS texture: Squad/Parts/Structural/structuralPanel1x1/model000
[LOG 11:58:15.591] Load DDS texture: Squad/Parts/Structural/structuralPanel1x1/model001
[LOG 11:58:15.596] Load DDS texture: Squad/Parts/Structural/structuralPanel2x2/model000
[LOG 11:58:15.611] Load DDS texture: Squad/Parts/Structural/structuralPanel2x2/model001
[LOG 11:58:15.616] Load DDS texture: Squad/Parts/Structural/structuralPylons/Pylons
[LOG 11:58:15.619] Load DDS texture: Squad/Parts/Structural/strutCubicOcto/cubestrut
[LOG 11:58:15.624] Load DDS texture: Squad/Parts/Structural/strutOcto/model000
[LOG 11:58:15.630] Load DDS texture: Squad/Parts/Structural/trussGirderAdapter/model000
[LOG 11:58:15.635] Load DDS texture: Squad/Parts/Structural/trussGirderAdapter/model001
[LOG 11:58:15.639] Load DDS texture: Squad/Parts/Structural/trussGirderL/model000
[LOG 11:58:15.644] Load DDS texture: Squad/Parts/Structural/trussGirderXL/model000
[LOG 11:58:15.650] Load DDS texture: Squad/Parts/Thermal/FoldingRadiators/radiator
[LOG 11:58:15.654] Load DDS texture: Squad/Parts/Thermal/FoldingRadiators/radiator_N_NRM
[LOG 11:58:15.658] Load DDS texture: Squad/Parts/Thermal/RadiatorPanels/radPanel
[LOG 11:58:15.664] Load DDS texture: Squad/Parts/Thermal/RadiatorPanels/radPanel_N_NRM
[LOG 11:58:15.669] Load DDS texture: Squad/Parts/Utility/commDish88-88/comm_dish_array
[LOG 11:58:15.676] Load DDS texture: Squad/Parts/Utility/commDish88-88/comm_dish_v2_diff
[LOG 11:58:15.681] Load DDS texture: Squad/Parts/Utility/commDish88-88/model000
[LOG 11:58:15.686] Load DDS texture: Squad/Parts/Utility/commsAntennaDTS-M1/mediumDishAntenna
[LOG 11:58:15.692] Load DDS texture: Squad/Parts/Utility/commsAntennaDTS-M1/mediumDishAntenna_Emit
[LOG 11:58:15.697] Load DDS texture: Squad/Parts/Utility/commsDish16/model000
[LOG 11:58:15.702] Load DDS texture: Squad/Parts/Utility/decouplerRadialHDM/model000
[LOG 11:58:15.707] Load DDS texture: Squad/Parts/Utility/decouplerRadialTT-38K/model000
[LOG 11:58:15.713] Load DDS texture: Squad/Parts/Utility/decouplerRadialTT-38K/model001
[LOG 11:58:15.718] Load DDS texture: Squad/Parts/Utility/decouplerRadialTT-70/model000
[LOG 11:58:15.722] Load DDS texture: Squad/Parts/Utility/DirectAntennas/MiniAntenna
[LOG 11:58:15.726] Load DDS texture: Squad/Parts/Utility/dockingPort/Arrow Pointer
[LOG 11:58:15.734] Load DDS texture: Squad/Parts/Utility/dockingPort/DockingPorts_Clampotron_Diffuse
[LOG 11:58:15.739] Load DDS texture: Squad/Parts/Utility/dockingPort/DockingPorts_Clampotron_Emissive
[LOG 11:58:15.747] Load DDS texture: Squad/Parts/Utility/dockingPort/DockingPorts_Clampotron_Normal
[LOG 11:58:15.751] Load DDS texture: Squad/Parts/Utility/dockingPortInline/Arrow Pointer
[LOG 11:58:15.756] Load DDS texture: Squad/Parts/Utility/dockingPortInline/ClampotronLinear_ClampotronLinear_Diffuse
[LOG 11:58:15.763] Load DDS texture: Squad/Parts/Utility/dockingPortInline/ClampotronLinear_ClampotronLinear_Emissive
[LOG 11:58:15.769] Load DDS texture: Squad/Parts/Utility/dockingPortInline/ClampotronLinear_ClampotronLinear_Normal
[LOG 11:58:15.776] Load DDS texture: Squad/Parts/Utility/dockingPortInline/DockingPorts_Clampotron_Diffuse
[LOG 11:58:15.783] Load DDS texture: Squad/Parts/Utility/dockingPortInline/DockingPorts_Clampotron_Emissive
[LOG 11:58:15.790] Load DDS texture: Squad/Parts/Utility/dockingPortInline/DockingPorts_Clampotron_Normal
[LOG 11:58:15.793] Load DDS texture: Squad/Parts/Utility/dockingPortJr/Arrow Pointer
[LOG 11:58:15.797] Load DDS texture: Squad/Parts/Utility/dockingPortJr/DockingPorts_ClampotronJR_Diffuse
[LOG 11:58:15.803] Load DDS texture: Squad/Parts/Utility/dockingPortJr/DockingPorts_ClampotronJR_Normal
[LOG 11:58:15.808] Load DDS texture: Squad/Parts/Utility/dockingPortJr/model000
[LOG 11:58:15.809] Load DDS texture: Squad/Parts/Utility/dockingPortShielded/Arrow Pointer
[LOG 11:58:15.816] Load DDS texture: Squad/Parts/Utility/dockingPortShielded/Clamp-O-Tron Shielded Docking Port_ClampotronShielded_Diffuse
[LOG 11:58:15.823] Load DDS texture: Squad/Parts/Utility/dockingPortShielded/Clamp-O-Tron Shielded Docking Port_ClampotronShielded_Normal
[LOG 11:58:15.832] Load DDS texture: Squad/Parts/Utility/dockingPortShielded/DockingPorts_Clampotron_Diffuse
[LOG 11:58:15.837] Load DDS texture: Squad/Parts/Utility/dockingPortShielded/DockingPorts_Clampotron_Emissive
[LOG 11:58:15.845] Load DDS texture: Squad/Parts/Utility/dockingPortShielded/DockingPorts_Clampotron_Normal
[LOG 11:58:15.848] Load DDS texture: Squad/Parts/Utility/dockingPortSr/Arrow Pointer
[LOG 11:58:15.853] Load DDS texture: Squad/Parts/Utility/dockingPortSr/ClampotronSr_ClampotronSr_Diffuse
[LOG 11:58:15.862] Load DDS texture: Squad/Parts/Utility/dockingPortSr/ClampotronSr_ClampotronSr_Diffuse_gray
[LOG 11:58:15.869] Load DDS texture: Squad/Parts/Utility/dockingPortSr/ClampotronSr_ClampotronSr_Emissive
[LOG 11:58:15.875] Load DDS texture: Squad/Parts/Utility/dockingPortSr/ClampotronSr_ClampotronSr_Normal
[LOG 11:58:15.883] Load Cached PNG Texture: Squad/Parts/Utility/Fireworks/Assets/fireworks_launcher_big 1
[LOG 11:58:15.890] Load Cached PNG Texture: Squad/Parts/Utility/Fireworks/Assets/fireworks_launcher_big
[LOG 11:58:15.897] Load Cached PNG Texture: Squad/Parts/Utility/flags/backgroundTextures/dark_background
[LOG 11:58:15.902] Load Cached PNG Texture: Squad/Parts/Utility/flags/backgroundTextures/orange_background
[LOG 11:58:15.908] Load Cached PNG Texture: Squad/Parts/Utility/flags/backgroundTextures/white_background
[LOG 11:58:15.913] Load DDS texture: Squad/Parts/Utility/GrapplingDevice/grabberDiffuse
[LOG 11:58:15.918] Load DDS texture: Squad/Parts/Utility/GrapplingDevice/grabberDiffuse_dark
[LOG 11:58:15.923] Load DDS texture: Squad/Parts/Utility/GrapplingDevice/grabberNRM
[LOG 11:58:15.925] Load DDS texture: Squad/Parts/Utility/GrapplingDevice/window
[LOG 11:58:15.930] Load DDS texture: Squad/Parts/Utility/ladderRadial/model000
[LOG 11:58:15.936] Load DDS texture: Squad/Parts/Utility/ladderTelescopic/model000
[LOG 11:58:15.941] Load DDS texture: Squad/Parts/Utility/ladderTelescopic/model001
[LOG 11:58:15.947] Load DDS texture: Squad/Parts/Utility/ladderTelescopic/model002
[LOG 11:58:15.952] Load DDS texture: Squad/Parts/Utility/ladderTelescopicBay/model000
[LOG 11:58:15.957] Load DDS texture: Squad/Parts/Utility/ladderTelescopicBay/model001
[LOG 11:58:15.963] Load DDS texture: Squad/Parts/Utility/landingLegLT-1/ksp_r_landingStrut_diff
[LOG 11:58:15.968] Load DDS texture: Squad/Parts/Utility/landingLegLT-2/landingLeg
[LOG 11:58:15.974] Load DDS texture: Squad/Parts/Utility/landingLegLT-5/leg
[LOG 11:58:15.979] Load DDS texture: Squad/Parts/Utility/landingLegLT-5/model000
[LOG 11:58:15.985] Load DDS texture: Squad/Parts/Utility/launchClamp1/model000
[LOG 11:58:15.989] Load DDS texture: Squad/Parts/Utility/launchClamp1/model001
[LOG 11:58:15.994] Load DDS texture: Squad/Parts/Utility/launchEscapeSystem/LES_Diffuse
[LOG 11:58:16.001] Load DDS texture: Squad/Parts/Utility/Lights/Assets/Lights_Attacheable_Lights_Diffuse
[LOG 11:58:16.006] Load DDS texture: Squad/Parts/Utility/Lights/Assets/Lights_Attacheable_Lights_Diffuse_white
[LOG 11:58:16.013] Load DDS texture: Squad/Parts/Utility/Lights/Assets/Lights_Attacheable_Lights_Emissive
[LOG 11:58:16.017] Load DDS texture: Squad/Parts/Utility/Lights/Assets/Lights_Attacheable_Lights_Normal
[LOG 11:58:16.023] Load DDS texture: Squad/Parts/Utility/Lights/Assets/Lights_Rectangle_Light_Diffuse
[LOG 11:58:16.031] Load DDS texture: Squad/Parts/Utility/Lights/Assets/Lights_Rectangle_Light_Diffuse_white
[LOG 11:58:16.038] Load DDS texture: Squad/Parts/Utility/Lights/Assets/Lights_Rectangle_Light_Emissive
[LOG 11:58:16.046] Load DDS texture: Squad/Parts/Utility/Lights/Assets/Lights_Rectangle_Light_Normal
[LOG 11:58:16.053] Load DDS texture: Squad/Parts/Utility/Lights/Assets/Lights_Worklights_Diffuse
[LOG 11:58:16.058] Load DDS texture: Squad/Parts/Utility/Lights/Assets/Lights_Worklights_Emissive
[LOG 11:58:16.064] Load DDS texture: Squad/Parts/Utility/Lights/Assets/Lights_Worklights_Normal
[LOG 11:58:16.069] Load DDS texture: Squad/Parts/Utility/Lights/Assets/Spotlight_Attacheable_Lights_Diffuse
[LOG 11:58:16.074] Load DDS texture: Squad/Parts/Utility/Lights/Assets/Spotlight_Attacheable_Lights_Diffuse_white
[LOG 11:58:16.080] Load DDS texture: Squad/Parts/Utility/Lights/Assets/Spotlight_Attacheable_Lights_Emissive
[LOG 11:58:16.087] Load DDS texture: Squad/Parts/Utility/Lights/Assets/Spotlight_Attacheable_Lights_Normal
[LOG 11:58:16.093] Load DDS texture: Squad/Parts/Utility/linearVernorRCS/Assets/linear_vernor_diffuse
[LOG 11:58:16.098] Load DDS texture: Squad/Parts/Utility/linearVernorRCS/Assets/linear_vernor_emissive
[LOG 11:58:16.103] Load DDS texture: Squad/Parts/Utility/linearVernorRCS/Assets/linear_vernor_normalDummy
[LOG 11:58:16.109] Load DDS texture: Squad/Parts/Utility/linearVernorRCS/Assets/linear_vernor_specular
[LOG 11:58:16.115] Load DDS texture: Squad/Parts/Utility/mk2CargoBay/mk2CargoBay
[LOG 11:58:16.121] Load DDS texture: Squad/Parts/Utility/mk2CrewCabin/mk2CrewCabin
[LOG 11:58:16.126] Load DDS texture: Squad/Parts/Utility/mk2CrewCabin/mk2CrewCabin_LUM
[LOG 11:58:16.127] Load DDS texture: Squad/Parts/Utility/mk2DockingPort/Arrow Pointer
[LOG 11:58:16.134] Load DDS texture: Squad/Parts/Utility/mk2DockingPort/Mk2Clampotron_Caps_Diffuse
[LOG 11:58:16.140] Load DDS texture: Squad/Parts/Utility/mk2DockingPort/Mk2Clampotron_Caps_Emmisive
[LOG 11:58:16.145] Load DDS texture: Squad/Parts/Utility/mk2DockingPort/Mk2Clampotron_Caps_Normal
[LOG 11:58:16.151] Load DDS texture: Squad/Parts/Utility/mk2DockingPort/Mk2Clampotron_Mk2Clampotron_Diffuse
[LOG 11:58:16.159] Load DDS texture: Squad/Parts/Utility/mk2DockingPort/Mk2Clampotron_Mk2Clampotron_Emissive
[LOG 11:58:16.166] Load DDS texture: Squad/Parts/Utility/mk2DockingPort/Mk2Clampotron_Mk2Clampotron_Normal
[LOG 11:58:16.173] Load DDS texture: Squad/Parts/Utility/mk2DockingPort/mk2DockingPort
[LOG 11:58:16.180] Load DDS texture: Squad/Parts/Utility/mk3CargoBay/Mk3CargoBay
[LOG 11:58:16.185] Load DDS texture: Squad/Parts/Utility/parachuteMk1/model000
[LOG 11:58:16.190] Load DDS texture: Squad/Parts/Utility/parachuteMk1/model001
[LOG 11:58:16.196] Load DDS texture: Squad/Parts/Utility/parachuteMk12-R/model000
[LOG 11:58:16.201] Load DDS texture: Squad/Parts/Utility/parachuteMk12-R/model001
[LOG 11:58:16.207] Load DDS texture: Squad/Parts/Utility/parachuteMk16-XL/model000
[LOG 11:58:16.212] Load DDS texture: Squad/Parts/Utility/parachuteMk16-XL/model001
[LOG 11:58:16.217] Load DDS texture: Squad/Parts/Utility/parachuteMk2-R/model000
[LOG 11:58:16.222] Load DDS texture: Squad/Parts/Utility/parachuteMk2-R/model001
[LOG 11:58:16.227] Load DDS texture: Squad/Parts/Utility/parachuteMk25/model000
[LOG 11:58:16.233] Load DDS texture: Squad/Parts/Utility/parachuteMk25/model001
[LOG 11:58:16.247] Load DDS texture: Squad/Parts/Utility/radialAttachmentPoint/model000
[LOG 11:58:16.252] Load DDS texture: Squad/Parts/Utility/radialAttachmentPoint/model001
[LOG 11:58:16.257] Load DDS texture: Squad/Parts/Utility/rcsBlockRV-105_v2/rcsBlock_diffuse
[LOG 11:58:16.258] Load DDS texture: Squad/Parts/Utility/rcsBlockRV-105_v2/rcsThrusterBlock_normal
[LOG 11:58:16.263] Load DDS texture: Squad/Parts/Utility/rcsBlockRV-105_v2/rcsThruster_emissive
[LOG 11:58:16.269] Load DDS texture: Squad/Parts/Utility/rcsBlockRV-105_v2/rcsThruster_specular
[LOG 11:58:16.274] Load DDS texture: Squad/Parts/Utility/rcsBlockRV-105_v2/RCS_Block_Diffuse
[LOG 11:58:16.279] Load DDS texture: Squad/Parts/Utility/rcsBlockRV-105_v2/RCS_Block_Emissive
[LOG 11:58:16.291] Load DDS texture: Squad/Parts/Utility/rcsBlockRV-105_v2/RCS_Block_Normal
[LOG 11:58:16.296] Load DDS texture: Squad/Parts/Utility/rcsBlockRV-105_v2/RCS_Block_Specular
[LOG 11:58:16.301] Load DDS texture: Squad/Parts/Utility/rcsSmallLinear/Assets/RCS_Linear_Base_Diffuse
[LOG 11:58:16.307] Load DDS texture: Squad/Parts/Utility/rcsSmallLinear/Assets/RCS_Linear_Diffuse
[LOG 11:58:16.313] Load DDS texture: Squad/Parts/Utility/rcsSmallLinear/Assets/RCS_Linear_Emissive
[LOG 11:58:16.317] Load DDS texture: Squad/Parts/Utility/rcsSmallLinear/Assets/RCS_Linear_Normal
[LOG 11:58:16.322] Load DDS texture: Squad/Parts/Utility/rcsSmallLinear/Assets/RCS_Linear_Specular
[LOG 11:58:16.327] Load DDS texture: Squad/Parts/Utility/RelayAntennas/DishAntenna
[LOG 11:58:16.333] Load DDS texture: Squad/Parts/Utility/RelayAntennas/MiniAntenna
[LOG 11:58:16.337] Load DDS texture: Squad/Parts/Utility/rockomaxAdapters/Assets/Rockomax_Adapters_diffuse
[LOG 11:58:16.343] Load DDS texture: Squad/Parts/Utility/rockomaxAdapters/Assets/Rockomax_Adapters_diffuse_O
[LOG 11:58:16.350] Load DDS texture: Squad/Parts/Utility/rockomaxAdapters/Assets/Rockomax_Adapters_diffuse_W
[LOG 11:58:16.355] Load DDS texture: Squad/Parts/Utility/rockomaxAdapters/Assets/Rockomax_Adapters_normal
[LOG 11:58:16.360] Load DDS texture: Squad/Parts/Utility/rockomaxAdapters/Assets/Rockomax_Adapters_normal_O
[LOG 11:58:16.366] Load DDS texture: Squad/Parts/Utility/ServiceBay/ServiceBay
[LOG 11:58:16.372] Load Cached PNG Texture: Squad/Parts/Utility/ServiceBay_v2/Assets/Scratch
[LOG 11:58:16.383] Load Cached PNG Texture: Squad/Parts/Utility/ServiceBay_v2/Assets/ServiceBay_bump
[LOG 11:58:16.389] Load Cached PNG Texture: Squad/Parts/Utility/ServiceBay_v2/Assets/ServiceBay_v2
[LOG 11:58:16.395] Load DDS texture: Squad/Parts/Utility/smallClaw/grabberSmallDiffuse
[LOG 11:58:16.403] Load DDS texture: Squad/Parts/Utility/smallClaw/grabberSmallDiffuseDark
[LOG 11:58:16.408] Load DDS texture: Squad/Parts/Utility/smallClaw/grabberSmallNRM
[LOG 11:58:16.409] Load DDS texture: Squad/Parts/Utility/smallClaw/window
[LOG 11:58:16.414] Load DDS texture: Squad/Parts/Utility/spotLightMk1/light1
[LOG 11:58:16.421] Load DDS texture: Squad/Parts/Utility/spotLightMk1/light1_em
[LOG 11:58:16.426] Load DDS texture: Squad/Parts/Utility/spotLightMk1_v2/spotLightMk1_Diffuse
[LOG 11:58:16.431] Load DDS texture: Squad/Parts/Utility/spotLightMk1_v2/spotLightMk1_Diffuse_white
[LOG 11:58:16.435] Load DDS texture: Squad/Parts/Utility/spotLightMk1_v2/spotLightMk1_Emissive
[LOG 11:58:16.444] Load DDS texture: Squad/Parts/Utility/spotLightMk1_v2/spotLightMk1_Normal
[LOG 11:58:16.449] Load DDS texture: Squad/Parts/Utility/spotLightMk2/light2
[LOG 11:58:16.454] Load DDS texture: Squad/Parts/Utility/spotLightMk2/light2_em
[LOG 11:58:16.459] Load DDS texture: Squad/Parts/Utility/spotLightMk2_v2/spotLightMk2_Diffuse
[LOG 11:58:16.466] Load DDS texture: Squad/Parts/Utility/spotLightMk2_v2/spotLightMk2_Diffuse_white
[LOG 11:58:16.471] Load DDS texture: Squad/Parts/Utility/spotLightMk2_v2/spotLightMk2_Emissive
[LOG 11:58:16.476] Load DDS texture: Squad/Parts/Utility/spotLightMk2_v2/spotLightMk2_Normal
[LOG 11:58:16.482] Load DDS texture: Squad/Parts/Utility/stackCouplers/Assets/stackCouplersDiffuse
[LOG 11:58:16.488] Load DDS texture: Squad/Parts/Utility/stackCouplers/Assets/stackCouplersDiffuse_Dark
[LOG 11:58:16.493] Load DDS texture: Squad/Parts/Utility/stackCouplers/Assets/stackCouplersDiffuse_Orange
[LOG 11:58:16.499] Load DDS texture: Squad/Parts/Utility/stackCouplers/Assets/stackCouplers_NRM
[LOG 11:58:16.504] Load DDS texture: Squad/Parts/Utility/stackCouplers/Assets/stackCouplers_Orange_NRM
[LOG 11:58:16.509] Load DDS texture: Squad/Parts/Wheel/LandingGear/Flare
[LOG 11:58:16.514] Load DDS texture: Squad/Parts/Wheel/LandingGear/LandingGear
[LOG 11:58:16.524] Load DDS texture: Squad/Parts/Wheel/LandingGear/LandingGear_Emissive
[LOG 11:58:16.530] Load DDS texture: Squad/Parts/Wheel/roverWheelM1/model000
[LOG 11:58:16.535] Load DDS texture: Squad/Parts/Wheel/roverWheelM1/roverwheel1
[LOG 11:58:16.540] Load DDS texture: Squad/Parts/Wheel/roverWheelS2/model000
[LOG 11:58:16.545] Load DDS texture: Squad/Parts/Wheel/roverWheelS2/model001
[LOG 11:58:16.551] Load DDS texture: Squad/Parts/Wheel/roverWheelS2/roverwheel2
[LOG 11:58:16.584] Load DDS texture: Squad/Parts/Wheel/roverWheelS2/roverwheel2_n
[LOG 11:58:16.589] Load DDS texture: Squad/Parts/Wheel/roverWheelTR-2L/ksp_r_medWheel_diff
[LOG 11:58:16.596] Load DDS texture: Squad/Parts/Wheel/roverWheelTR-2L/ksp_r_medWheel_normal
[LOG 11:58:16.601] Load DDS texture: Squad/Parts/Wheel/roverWheelTR-2L/ksp_r_medWheel_wheel_diff
[LOG 11:58:16.605] Load DDS texture: Squad/Parts/Wheel/roverWheelTR-2L/ksp_r_medWheel_wheel_normal
[LOG 11:58:16.612] Load DDS texture: Squad/Parts/Wheel/roverWheelXL3/mount
[LOG 11:58:16.617] Load DDS texture: Squad/Parts/Wheel/roverWheelXL3/mount_n
[LOG 11:58:16.621] Load DDS texture: Squad/Parts/Wheel/roverWheelXL3/wheel
[LOG 11:58:16.635] Load DDS texture: Squad/Parts/Wheel/roverWheelXL3/wheel_n
[LOG 11:58:16.645] Load DDS texture: Squad/Props/AltimeterThreeHands/model000
[LOG 11:58:16.651] Load DDS texture: Squad/Props/AltimeterThreeHands/model001
[LOG 11:58:16.655] Load DDS texture: Squad/Props/AtmosphereDepth/model000
[LOG 11:58:16.660] Load DDS texture: Squad/Props/AtmosphereDepth/model001
[LOG 11:58:16.666] Load DDS texture: Squad/Props/AxisIndicator/model000
[LOG 11:58:16.671] Load DDS texture: Squad/Props/buttonsGeneric/ButtonsAndSwitches
[LOG 11:58:16.676] Load DDS texture: Squad/Props/ButtonSquare/model000
[LOG 11:58:16.680] Load DDS texture: Squad/Props/circularButton/model000
[LOG 11:58:16.685] Load DDS texture: Squad/Props/Compass/model000
[LOG 11:58:16.693] Load DDS texture: Squad/Props/directionalKnob/model000
[LOG 11:58:16.697] Load DDS texture: Squad/Props/directionalKnob2/model000
[LOG 11:58:16.702] Load DDS texture: Squad/Props/IndicatorPanel/model000
[LOG 11:58:16.707] Load DDS texture: Squad/Props/IndicatorPanel/model001
[LOG 11:58:16.712] Load DDS texture: Squad/Props/IVANavBall/Arrows8dir
[LOG 11:58:16.716] Load DDS texture: Squad/Props/IVANavBall/IVANavBall
[LOG 11:58:16.722] Load DDS texture: Squad/Props/IVANavBall/IVANavBall_Glow
[LOG 11:58:16.727] Load DDS texture: Squad/Props/IVANavBall/ManeuverNode_vectors
[LOG 11:58:16.732] Load DDS texture: Squad/Props/IVANavBall/navball2
[LOG 11:58:16.737] Load DDS texture: Squad/Props/IVANavBall/navBall_DV_IVA
[LOG 11:58:16.742] Load DDS texture: Squad/Props/IVANavBall/navBall_vectors_IVA
[LOG 11:58:16.747] Load Cached PNG Texture: Squad/Props/IVANavBallNoBase/Arrows8dir
[LOG 11:58:16.752] Load Cached PNG Texture: Squad/Props/IVANavBallNoBase/IVANavBall
[LOG 11:58:16.757] Load Cached PNG Texture: Squad/Props/IVANavBallNoBase/ManeuverNode_vectors
[LOG 11:58:16.761] Load Cached PNG Texture: Squad/Props/IVANavBallNoBase/navball2
[LOG 11:58:16.766] Load Cached PNG Texture: Squad/Props/IVANavBallNoBase/navBall_DV_IVA
[LOG 11:58:16.771] Load Cached PNG Texture: Squad/Props/IVANavBallNoBase/navBall_vectors_IVA
[LOG 11:58:16.776] Load DDS texture: Squad/Props/ledPanelSpeed/circularButton
[LOG 11:58:16.780] Load DDS texture: Squad/Props/ledPanelSpeed/ledPanel
[LOG 11:58:16.785] Load DDS texture: Squad/Props/Monitor/Emissives
[LOG 11:58:16.790] Load DDS texture: Squad/Props/Monitor/Emissives_glow
[LOG 11:58:16.795] Load DDS texture: Squad/Props/Monitor/Monitor
[LOG 11:58:16.800] Load DDS texture: Squad/Props/NavBall/GaugeGee
[LOG 11:58:16.804] Load DDS texture: Squad/Props/NavBall/GaugeThrottle
[LOG 11:58:16.811] Load DDS texture: Squad/Props/NavBall/model000
[LOG 11:58:16.816] Load DDS texture: Squad/Props/NavBall/model001
[LOG 11:58:16.820] Load DDS texture: Squad/Props/NavBall/model002
[LOG 11:58:16.825] Load DDS texture: Squad/Props/NavBall/model003
[LOG 11:58:16.830] Load DDS texture: Squad/Props/PropsGeneric/propsGeneric
[LOG 11:58:16.834] Load DDS texture: Squad/Props/pullSwitch/model000
[LOG 11:58:16.840] Load DDS texture: Squad/Props/pullSwitch/model001
[LOG 11:58:16.844] Load DDS texture: Squad/Props/radarAltitude/model000
[LOG 11:58:16.850] Load DDS texture: Squad/Props/squareButton/model000
[LOG 11:58:16.855] Load DDS texture: Squad/Props/standingSwitch/model000
[LOG 11:58:16.859] Load DDS texture: Squad/Props/standingSwitch/model001
[LOG 11:58:16.864] Load DDS texture: Squad/Props/switch/model000
[LOG 11:58:16.869] Load DDS texture: Squad/Props/switchGuard/model000
[LOG 11:58:16.874] Load DDS texture: Squad/Props/switchWithGuards/model000
[LOG 11:58:16.879] Load DDS texture: Squad/Props/switchWithGuards/model001
[LOG 11:58:16.884] Load DDS texture: Squad/Props/switchWithGuards/model002
[LOG 11:58:16.889] Load DDS texture: Squad/Props/throttle/model000
[LOG 11:58:16.893] Load DDS texture: Squad/Props/throttle/model001
[LOG 11:58:16.898] Load DDS texture: Squad/Props/VSI/model000
[LOG 11:58:16.899] Load DDS texture: Squad/Spaces/crewCabinInternals/model000
[LOG 11:58:16.905] Load DDS texture: Squad/Spaces/crewCabinInternals/model001
[LOG 11:58:16.910] Load DDS texture: Squad/Spaces/crewCabinInternals/model002
[LOG 11:58:16.916] Load DDS texture: Squad/Spaces/crewCabinInternals/model003
[LOG 11:58:16.917] Load DDS texture: Squad/Spaces/crewCabinInternals/model004
[LOG 11:58:16.922] Load DDS texture: Squad/Spaces/crewCabinInternals/model005
[LOG 11:58:16.928] Load DDS texture: Squad/Spaces/cupolaInternal/ksp_l_cupola_internal_diff
[LOG 11:58:16.936] Load DDS texture: Squad/Spaces/cupolaInternal/ksp_l_cupola_internal_normal
[LOG 11:58:16.942] Load DDS texture: Squad/Spaces/cupolaInternal/ksp_l_cupola_internal_windows_alpha
[LOG 11:58:16.948] Load DDS texture: Squad/Spaces/cupolaInternal/pilot Seat
[LOG 11:58:16.954] Load DDS texture: Squad/Spaces/GenericSpace1/model000
[LOG 11:58:16.959] Load DDS texture: Squad/Spaces/GenericSpace1/model001
[LOG 11:58:16.965] Load DDS texture: Squad/Spaces/GenericSpace1/model002
[LOG 11:58:16.970] Load DDS texture: Squad/Spaces/GenericSpace1/model003
[LOG 11:58:16.975] Load DDS texture: Squad/Spaces/GenericSpace1/model004
[LOG 11:58:16.980] Load DDS texture: Squad/Spaces/GenericSpace1/model005
[LOG 11:58:16.986] Load DDS texture: Squad/Spaces/GenericSpace3/model000
[LOG 11:58:16.996] Load DDS texture: Squad/Spaces/GenericSpace3/model001
[LOG 11:58:17.001] Load DDS texture: Squad/Spaces/GenericSpace3/model002
[LOG 11:58:17.006] Load DDS texture: Squad/Spaces/GenericSpace3/model003
[LOG 11:58:17.012] Load DDS texture: Squad/Spaces/GenericSpace3/model004
[LOG 11:58:17.017] Load DDS texture: Squad/Spaces/GenericSpace3/model005
[LOG 11:58:17.023] Load DDS texture: Squad/Spaces/GenericSpace3/model006
[LOG 11:58:17.028] Load DDS texture: Squad/Spaces/GenericSpace3/model007
[LOG 11:58:17.034] Load DDS texture: Squad/Spaces/landerCabinInternals/model000
[LOG 11:58:17.039] Load DDS texture: Squad/Spaces/landerCabinInternals/model001
[LOG 11:58:17.044] Load DDS texture: Squad/Spaces/landerCabinInternals/model002
[LOG 11:58:17.051] Load DDS texture: Squad/Spaces/landerCabinInternals/model003
[LOG 11:58:17.057] Load DDS texture: Squad/Spaces/landerCabinInternals/model004
[LOG 11:58:17.067] Load DDS texture: Squad/Spaces/landerCabinInternals/model005
[LOG 11:58:17.072] Load DDS texture: Squad/Spaces/landerCabinInternals/model006
[LOG 11:58:17.073] Load DDS texture: Squad/Spaces/landerCabinInternals/model007
[LOG 11:58:17.079] Load DDS texture: Squad/Spaces/landerCabinSmallInternal/ksp_s_landerCan_internal_diff
[LOG 11:58:17.087] Load DDS texture: Squad/Spaces/landerCabinSmallInternal/ksp_s_landerCan_internal_normal
[LOG 11:58:17.093] Load DDS texture: Squad/Spaces/landerCabinSmallInternal/ksp_s_landerCan_internal_window_alpha
[LOG 11:58:17.099] Load DDS texture: Squad/Spaces/landerCabinSmallInternal/pilot Seat
[LOG 11:58:17.104] Load DDS texture: Squad/Spaces/LargeCrewedLabInternals/Glass
[LOG 11:58:17.110] Load DDS texture: Squad/Spaces/LargeCrewedLabInternals/MPL_Int
[LOG 11:58:17.116] Load DDS texture: Squad/Spaces/LargeCrewedLabInternals/MPL_Int_n_NRM
[LOG 11:58:17.121] Load DDS texture: Squad/Spaces/Mk1-3/Mk1_3_IvaProps_Diffuse
[LOG 11:58:17.129] Load DDS texture: Squad/Spaces/Mk1-3/Mk1_3_IvaProps_Normal
[LOG 11:58:17.138] Load DDS texture: Squad/Spaces/Mk1-3/Mk1_3_IvaShell_Diffuse
[LOG 11:58:17.144] Load DDS texture: Squad/Spaces/Mk1-3/Mk1_3_IvaShell_Emissive
[LOG 11:58:17.151] Load DDS texture: Squad/Spaces/Mk1-3/Mk1_3_IvaShell_Normal
[LOG 11:58:17.157] Load DDS texture: Squad/Spaces/Mk1-3/pilot Seat
[LOG 11:58:17.166] Load DDS texture: Squad/Spaces/mk1CabinInternal/Cabin_Lightmap
[LOG 11:58:17.170] Load DDS texture: Squad/Spaces/mk1CabinInternal/CockpitGeneric
[LOG 11:58:17.181] Load DDS texture: Squad/Spaces/mk1CabinInternal/CockpitGeneric_NRM
[LOG 11:58:17.182] Load DDS texture: Squad/Spaces/mk1CockpitInternal/CockpitGeneric
[LOG 11:58:17.183] Load DDS texture: Squad/Spaces/mk1CockpitInternal/CockpitGeneric_NRM
[LOG 11:58:17.188] Load DDS texture: Squad/Spaces/mk1CockpitInternal/IVAMAP
[LOG 11:58:17.193] Load DDS texture: Squad/Spaces/mk1CockpitInternal/Windows
[LOG 11:58:17.199] Load DDS texture: Squad/Spaces/mk1InlineInternal/Canopy
[LOG 11:58:17.200] Load DDS texture: Squad/Spaces/mk1InlineInternal/CockpitGeneric
[LOG 11:58:17.201] Load DDS texture: Squad/Spaces/mk1InlineInternal/CockpitGeneric_NRM
[LOG 11:58:17.206] Load DDS texture: Squad/Spaces/mk1InlineInternal/Mk1Inline_Lightmap
[LOG 11:58:17.212] Load DDS texture: Squad/Spaces/mk1PodCockpit/model000
[LOG 11:58:17.216] Load DDS texture: Squad/Spaces/mk1PodCockpit/model001
[LOG 11:58:17.222] Load DDS texture: Squad/Spaces/mk1PodCockpit/model002
[LOG 11:58:17.227] Load DDS texture: Squad/Spaces/mk1PodCockpit/model003
[LOG 11:58:17.233] Load DDS texture: Squad/Spaces/mk1PodCockpit/model004
[LOG 11:58:17.243] Load DDS texture: Squad/Spaces/mk1PodCockpit/model005
[LOG 11:58:17.249] Load DDS texture: Squad/Spaces/mk1PodCockpit/model006
[LOG 11:58:17.250] Load DDS texture: Squad/Spaces/mk1PodCockpit/model007
[LOG 11:58:17.256] Load DDS texture: Squad/Spaces/mk1pod_IVA/mk1pod_iva_props_diffuse
[LOG 11:58:17.262] Load DDS texture: Squad/Spaces/mk1pod_IVA/mk1pod_iva_props_emissive
[LOG 11:58:17.269] Load DDS texture: Squad/Spaces/mk1pod_IVA/mk1pod_iva_props_normal
[LOG 11:58:17.277] Load DDS texture: Squad/Spaces/mk1pod_IVA/mk1pod_iva_shell_diffuse
[LOG 11:58:17.283] Load DDS texture: Squad/Spaces/mk1pod_IVA/mk1pod_iva_shell_normal
[LOG 11:58:17.291] Load MBM texture: Squad/Spaces/mk1pod_IVA/pilot Seat
[LOG 11:58:17.323] Load DDS texture: Squad/Spaces/mk2CockpitStandardInternal/CargoBagA
[LOG 11:58:17.323] Load DDS texture: Squad/Spaces/mk2CockpitStandardInternal/Mk2StandardIVA
[LOG 11:58:17.323] Load DDS texture: Squad/Spaces/mk2CockpitStandardInternal/Pilotseat
[LOG 11:58:17.323] Load DDS texture: Squad/Spaces/mk2CockpitStandardInternal/Windows
[LOG 11:58:17.323] Load DDS texture: Squad/Spaces/Mk2CrewCabinInternal/CargoBagA
[LOG 11:58:17.323] Load DDS texture: Squad/Spaces/Mk2CrewCabinInternal/Glass
[LOG 11:58:17.329] Load DDS texture: Squad/Spaces/Mk2CrewCabinInternal/Mk2StandardIVA
[LOG 11:58:17.335] Load DDS texture: Squad/Spaces/Mk2CrewCabinInternal/Pilotseat
[LOG 11:58:17.340] Load DDS texture: Squad/Spaces/mk2InlineInternal/CockpitGeneric
[LOG 11:58:17.344] Load DDS texture: Squad/Spaces/mk2InlineInternal/CockpitGeneric_NRM
[LOG 11:58:17.350] Load DDS texture: Squad/Spaces/mk2InlineInternal/Mk2InlineLightmap
[LOG 11:58:17.355] Load DDS texture: Squad/Spaces/mk2InlineInternal/propsGeneric
[LOG 11:58:17.362] Load DDS texture: Squad/Spaces/mk2LanderCanInternal/mk2LanderCan_props_diffuse
[LOG 11:58:17.370] Load DDS texture: Squad/Spaces/mk2LanderCanInternal/mk2LanderCan_props_normal
[LOG 11:58:17.376] Load DDS texture: Squad/Spaces/mk2LanderCanInternal/mk2LanderCan_shell_diffuse
[LOG 11:58:17.383] Load DDS texture: Squad/Spaces/mk2LanderCanInternal/mk2LanderCan_shell_normal
[LOG 11:58:17.391] Load MBM texture: Squad/Spaces/mk2LanderCanInternal/pilot Seat
[LOG 11:58:17.420] Load DDS texture: Squad/Spaces/MK3CockpitInternal/Glass
[LOG 11:58:17.420] Load DDS texture: Squad/Spaces/MK3CockpitInternal/Mk2StandardIVA
[LOG 11:58:17.420] Load DDS texture: Squad/Spaces/MK3_CrewCab_Int/Glass
[LOG 11:58:17.420] Load DDS texture: Squad/Spaces/MK3_CrewCab_Int/GlassMK3CC
[LOG 11:58:17.420] Load DDS texture: Squad/Spaces/MK3_CrewCab_Int/Mk2StandardIVA
[LOG 11:58:17.423] Load DDS texture: Squad/Spaces/MK3_CrewCab_Int/MK3_CrewCab_Int
[LOG 11:58:17.428] Load DDS texture: Squad/Spaces/MK3_CrewCab_Int/MK3_CrewCab_Int_n
[LOG 11:58:17.433] Load DDS texture: Squad/Spaces/MK3_CrewCab_Int/Pilotseat
[LOG 11:58:17.439] Load DDS texture: Squad/Spaces/Placeholder/PlaceholderIVA
[LOG 11:58:17.444] Load DDS texture: Squad/Spaces/PodCockpit/model000
[LOG 11:58:17.448] Load DDS texture: Squad/Spaces/PodCockpit/model001
[LOG 11:58:17.453] Load DDS texture: Squad/Spaces/PodCockpit/model002
[LOG 11:58:17.459] Load DDS texture: Squad/Spaces/PodCockpit/model003
[LOG 11:58:17.465] Load DDS texture: Squad/Spaces/PodCockpit/model004
[LOG 11:58:17.470] Load DDS texture: Squad/Spaces/PodCockpit/model005
[LOG 11:58:17.475] Load DDS texture: Squad/Spaces/PodCockpit/model006
[LOG 11:58:17.481] Load DDS texture: Squad/Spaces/PodCockpit/model007
[LOG 11:58:17.487] Load DDS texture: Squad/Spaces/sharedAssets/CockpitGeneric
[LOG 11:58:17.495] Load DDS texture: Squad/Spaces/sharedAssets/CockpitGeneric_NRM
[LOG 11:58:17.499] Load Cached PNG Texture: Squad/Strategies/Icons/AggressiveNegotiations
[LOG 11:58:17.504] Load Cached PNG Texture: Squad/Strategies/Icons/AppreciationCampaign
[LOG 11:58:17.509] Load Cached PNG Texture: Squad/Strategies/Icons/BailOutGrant
[LOG 11:58:17.514] Load Cached PNG Texture: Squad/Strategies/Icons/FundraisingCampaign
[LOG 11:58:17.518] Load Cached PNG Texture: Squad/Strategies/Icons/LeadershipInitiative
[LOG 11:58:17.523] Load Cached PNG Texture: Squad/Strategies/Icons/OpenSourceTechProgram
[LOG 11:58:17.530] Load Cached PNG Texture: Squad/Strategies/Icons/OutsourcedResearch
[LOG 11:58:17.534] Load Cached PNG Texture: Squad/Strategies/Icons/PatentsLicensing
[LOG 11:58:17.540] Load Cached PNG Texture: Squad/Strategies/Icons/RecoveryTransponderFitting
[LOG 11:58:17.544] Load Cached PNG Texture: Squad/Strategies/Icons/ResearchRightsSellOut
[LOG 11:58:17.549] Load Cached PNG Texture: Squad/Strategies/Icons/UnpaidResearchProgram
[LOG 11:58:17.553] Load Cached PNG Texture: Squad/Tutorials/ChuteColors
[LOG 11:58:17.558] Load DDS texture: Squad/Tutorials/EditorCoM
[LOG 11:58:17.563] Load Cached PNG Texture: Squad/Tutorials/EditorSnap
[LOG 11:58:17.568] Load Cached PNG Texture: Squad/Tutorials/EditorSnap4x
[LOG 11:58:17.573] Load Cached PNG Texture: Squad/Tutorials/EditorSymm
[LOG 11:58:17.577] Load Cached PNG Texture: Squad/Tutorials/StagingStack
[LOG 11:58:17.577] Load PNG texture: Squad/Tutorials/YPRDiagram
[WRN 11:58:17.578] Texture isn't eligible for DXT compression, width and height must be multiples of 4
[LOG 11:58:17.583] Load Cached PNG Texture: SquadExpansion/MakingHistory/Banners/Fail/default
[LOG 11:58:17.587] Load Cached PNG Texture: SquadExpansion/MakingHistory/Banners/Fail/fail01
[LOG 11:58:17.592] Load Cached PNG Texture: SquadExpansion/MakingHistory/Banners/Fail/fail02
[LOG 11:58:17.593] Load PNG texture: SquadExpansion/MakingHistory/Banners/Menu/default
[WRN 11:58:17.595] Texture isn't eligible for DXT compression, width and height must be multiples of 4
[LOG 11:58:17.595] Load PNG texture: SquadExpansion/MakingHistory/Banners/Menu/MBanner_01
[WRN 11:58:17.599] Texture isn't eligible for DXT compression, width and height must be multiples of 4
[LOG 11:58:17.599] Load PNG texture: SquadExpansion/MakingHistory/Banners/Menu/MBanner_02
[WRN 11:58:17.602] Texture isn't eligible for DXT compression, width and height must be multiples of 4
[LOG 11:58:17.602] Load PNG texture: SquadExpansion/MakingHistory/Banners/Menu/MBanner_03
[WRN 11:58:17.606] Texture isn't eligible for DXT compression, width and height must be multiples of 4
[LOG 11:58:17.606] Load Cached PNG Texture: SquadExpansion/MakingHistory/Banners/Success/default
[LOG 11:58:17.606] Load Cached PNG Texture: SquadExpansion/MakingHistory/Banners/Success/success01
[LOG 11:58:17.609] Load Cached PNG Texture: SquadExpansion/MakingHistory/Banners/Success/success02
[LOG 11:58:17.614] Load Cached PNG Texture: SquadExpansion/MakingHistory/Missions/Acapello 13/Banners/Fail/fail01
[LOG 11:58:17.614] Load PNG texture: SquadExpansion/MakingHistory/Missions/Acapello 13/Banners/Menu/Mun
[WRN 11:58:17.617] Texture isn't eligible for DXT compression, width and height must be multiples of 4
[LOG 11:58:17.619] Load Cached PNG Texture: SquadExpansion/MakingHistory/Missions/Acapello 13/Banners/Success/success01
[LOG 11:58:17.624] Load Cached PNG Texture: SquadExpansion/MakingHistory/Missions/Acapello 15/Banners/Fail/default
[LOG 11:58:17.629] Load Cached PNG Texture: SquadExpansion/MakingHistory/Missions/Acapello 15/Banners/Fail/fail02
[LOG 11:58:17.630] Load PNG texture: SquadExpansion/MakingHistory/Missions/Acapello 15/Banners/Menu/default
[WRN 11:58:17.632] Texture isn't eligible for DXT compression, width and height must be multiples of 4
[LOG 11:58:17.636] Load Cached PNG Texture: SquadExpansion/MakingHistory/Missions/Acapello 15/Banners/Success/default
[LOG 11:58:17.640] Load Cached PNG Texture: SquadExpansion/MakingHistory/Missions/Blue Mun/Banners/Fail/fail01
[LOG 11:58:17.641] Load PNG texture: SquadExpansion/MakingHistory/Missions/Blue Mun/Banners/Menu/default
[WRN 11:58:17.643] Texture isn't eligible for DXT compression, width and height must be multiples of 4
[LOG 11:58:17.646] Load Cached PNG Texture: SquadExpansion/MakingHistory/Missions/Blue Mun/Banners/Success/success02
[LOG 11:58:17.651] Load Cached PNG Texture: SquadExpansion/MakingHistory/Missions/Dawn of the Space Age/Banners/Fail/default
[LOG 11:58:17.651] Load PNG texture: SquadExpansion/MakingHistory/Missions/Dawn of the Space Age/Banners/Menu/default
[WRN 11:58:17.653] Texture isn't eligible for DXT compression, width and height must be multiples of 4
[LOG 11:58:17.655] Load Cached PNG Texture: SquadExpansion/MakingHistory/Missions/Dawn of the Space Age/Banners/Success/default
[LOG 11:58:17.660] Load Cached PNG Texture: SquadExpansion/MakingHistory/Missions/Meet Me in Zero G/Banners/Fail/default
[LOG 11:58:17.665] Load Cached PNG Texture: SquadExpansion/MakingHistory/Missions/Meet Me in Zero G/Banners/Fail/fail01
[LOG 11:58:17.666] Load PNG texture: SquadExpansion/MakingHistory/Missions/Meet Me in Zero G/Banners/Menu/default
[WRN 11:58:17.667] Texture isn't eligible for DXT compression, width and height must be multiples of 4
[LOG 11:58:17.671] Load Cached PNG Texture: SquadExpansion/MakingHistory/Missions/Meet Me in Zero G/Banners/Success/default
[LOG 11:58:17.676] Load Cached PNG Texture: SquadExpansion/MakingHistory/Missions/Meet Me in Zero G/Banners/Success/success02
[LOG 11:58:17.680] Load Cached PNG Texture: SquadExpansion/MakingHistory/Missions/Munar 1/Banners/Fail/default
[LOG 11:58:17.685] Load Cached PNG Texture: SquadExpansion/MakingHistory/Missions/Munar 1/Banners/Fail/fail02
[LOG 11:58:17.685] Load PNG texture: SquadExpansion/MakingHistory/Missions/Munar 1/Banners/Menu/default
[WRN 11:58:17.687] Texture isn't eligible for DXT compression, width and height must be multiples of 4
[LOG 11:58:17.690] Load Cached PNG Texture: SquadExpansion/MakingHistory/Missions/Munar 1/Banners/Success/default
[LOG 11:58:17.695] Load Cached PNG Texture: SquadExpansion/MakingHistory/Missions/Munar 1/Banners/Success/success01
[LOG 11:58:17.700] Load Cached PNG Texture: SquadExpansion/MakingHistory/Missions/Sally-Hut 1/Banners/Fail/default
[LOG 11:58:17.706] Load Cached PNG Texture: SquadExpansion/MakingHistory/Missions/Sally-Hut 1/Banners/Fail/fail01
[LOG 11:58:17.711] Load Cached PNG Texture: SquadExpansion/MakingHistory/Missions/Sally-Hut 1/Banners/Menu/bannerSatellite
[LOG 11:58:17.716] Load Cached PNG Texture: SquadExpansion/MakingHistory/Missions/Sally-Hut 1/Banners/Success/default
[LOG 11:58:17.721] Load Cached PNG Texture: SquadExpansion/MakingHistory/Missions/Sally-Hut 1/Banners/Success/success02
[LOG 11:58:17.726] Load Cached PNG Texture: SquadExpansion/MakingHistory/Missions/To the Mun Via Minmus/Banners/Fail/fail02
[LOG 11:58:17.726] Load PNG texture: SquadExpansion/MakingHistory/Missions/To the Mun Via Minmus/Banners/Menu/MissionBannerKerbin
[WRN 11:58:17.729] Texture isn't eligible for DXT compression, width and height must be multiples of 4
[LOG 11:58:17.730] Load Cached PNG Texture: SquadExpansion/MakingHistory/Missions/To the Mun Via Minmus/Banners/Success/success01
[LOG 11:58:17.736] Load Cached PNG Texture: SquadExpansion/MakingHistory/Missions/Trouble in the Void/Banners/Fail/fail01
[LOG 11:58:17.737] Load PNG texture: SquadExpansion/MakingHistory/Missions/Trouble in the Void/Banners/Menu/default
[WRN 11:58:17.740] Texture isn't eligible for DXT compression, width and height must be multiples of 4
[LOG 11:58:17.743] Load Cached PNG Texture: SquadExpansion/MakingHistory/Missions/Trouble in the Void/Banners/Success/success02
[LOG 11:58:17.748] Load Cached PNG Texture: SquadExpansion/MakingHistory/Missions/Ziggy Kerman and the Spiders from Duna/Banners/Fail/fail02
[LOG 11:58:17.752] Load Cached PNG Texture: SquadExpansion/MakingHistory/Missions/Ziggy Kerman and the Spiders from Duna/Banners/Menu/bannerSatellite
[LOG 11:58:17.757] Load Cached PNG Texture: SquadExpansion/MakingHistory/Missions/Ziggy Kerman and the Spiders from Duna/Banners/Success/success01
[LOG 11:58:17.763] Load Cached PNG Texture: SquadExpansion/MakingHistory/Parts/@thumbs/Decoupler.1p5_icon0
[LOG 11:58:17.769] Load Cached PNG Texture: SquadExpansion/MakingHistory/Parts/@thumbs/Decoupler.1p5_icon1
[LOG 11:58:17.789] Load Cached PNG Texture: SquadExpansion/MakingHistory/Parts/@thumbs/EquiTriangle0_icon0
[LOG 11:58:17.797] Load Cached PNG Texture: SquadExpansion/MakingHistory/Parts/@thumbs/EquiTriangle0_icon1
[LOG 11:58:17.803] Load Cached PNG Texture: SquadExpansion/MakingHistory/Parts/@thumbs/EquiTriangle0_icon2
[LOG 11:58:17.813] Load Cached PNG Texture: SquadExpansion/MakingHistory/Parts/@thumbs/EquiTriangle0_icon3
[LOG 11:58:17.825] Load Cached PNG Texture: SquadExpansion/MakingHistory/Parts/@thumbs/EquiTriangle1p5_icon0
[LOG 11:58:17.831] Load Cached PNG Texture: SquadExpansion/MakingHistory/Parts/@thumbs/EquiTriangle1p5_icon1
[LOG 11:58:17.837] Load Cached PNG Texture: SquadExpansion/MakingHistory/Parts/@thumbs/EquiTriangle1p5_icon2
[LOG 11:58:17.843] Load Cached PNG Texture: SquadExpansion/MakingHistory/Parts/@thumbs/EquiTriangle1p5_icon3
[LOG 11:58:17.849] Load Cached PNG Texture: SquadExpansion/MakingHistory/Parts/@thumbs/EquiTriangle1_icon0
[LOG 11:58:17.859] Load Cached PNG Texture: SquadExpansion/MakingHistory/Parts/@thumbs/EquiTriangle1_icon1
[LOG 11:58:17.867] Load Cached PNG Texture: SquadExpansion/MakingHistory/Parts/@thumbs/EquiTriangle1_icon2
[LOG 11:58:17.885] Load Cached PNG Texture: SquadExpansion/MakingHistory/Parts/@thumbs/EquiTriangle1_icon3
[LOG 11:58:17.892] Load Cached PNG Texture: SquadExpansion/MakingHistory/Parts/@thumbs/EquiTriangle2_icon0
[LOG 11:58:17.902] Load Cached PNG Texture: SquadExpansion/MakingHistory/Parts/@thumbs/EquiTriangle2_icon1
[LOG 11:58:17.909] Load Cached PNG Texture: SquadExpansion/MakingHistory/Parts/@thumbs/EquiTriangle2_icon2
[LOG 11:58:17.915] Load Cached PNG Texture: SquadExpansion/MakingHistory/Parts/@thumbs/EquiTriangle2_icon3
[LOG 11:58:17.921] Load Cached PNG Texture: SquadExpansion/MakingHistory/Parts/@thumbs/HeatShield1p5_icon
[LOG 11:58:17.927] Load Cached PNG Texture: SquadExpansion/MakingHistory/Parts/@thumbs/InflatableAirlock_icon
[LOG 11:58:17.937] Load Cached PNG Texture: SquadExpansion/MakingHistory/Parts/@thumbs/LiquidEngineRV-1_icon
[LOG 11:58:17.942] Load Cached PNG Texture: SquadExpansion/MakingHistory/Parts/@thumbs/monopropMiniSphere_icon
[LOG 11:58:17.949] Load Cached PNG Texture: SquadExpansion/MakingHistory/Parts/@thumbs/Panel0_icon0
[LOG 11:58:17.954] Load Cached PNG Texture: SquadExpansion/MakingHistory/Parts/@thumbs/Panel0_icon1
[LOG 11:58:17.959] Load Cached PNG Texture: SquadExpansion/MakingHistory/Parts/@thumbs/Panel0_icon2
[LOG 11:58:17.964] Load Cached PNG Texture: SquadExpansion/MakingHistory/Parts/@thumbs/Panel0_icon3
[LOG 11:58:17.972] Load Cached PNG Texture: SquadExpansion/MakingHistory/Parts/@thumbs/Panel1p5_icon0
[LOG 11:58:17.984] Load Cached PNG Texture: SquadExpansion/MakingHistory/Parts/@thumbs/Panel1p5_icon1
[LOG 11:58:17.990] Load Cached PNG Texture: SquadExpansion/MakingHistory/Parts/@thumbs/Panel1p5_icon2
[LOG 11:58:17.996] Load Cached PNG Texture: SquadExpansion/MakingHistory/Parts/@thumbs/Panel1p5_icon3
[LOG 11:58:18.002] Load Cached PNG Texture: SquadExpansion/MakingHistory/Parts/@thumbs/Panel1_icon0
[LOG 11:58:18.008] Load Cached PNG Texture: SquadExpansion/MakingHistory/Parts/@thumbs/Panel1_icon1
[LOG 11:58:18.014] Load Cached PNG Texture: SquadExpansion/MakingHistory/Parts/@thumbs/Panel1_icon2
[LOG 11:58:18.020] Load Cached PNG Texture: SquadExpansion/MakingHistory/Parts/@thumbs/Panel1_icon3
[LOG 11:58:18.026] Load Cached PNG Texture: SquadExpansion/MakingHistory/Parts/@thumbs/roverWheelM1-F_icon0
[LOG 11:58:18.031] Load Cached PNG Texture: SquadExpansion/MakingHistory/Parts/@thumbs/roverWheelM1-F_icon1
[LOG 11:58:18.037] Load Cached PNG Texture: SquadExpansion/MakingHistory/Parts/@thumbs/Separator.1p5_icon0
[LOG 11:58:18.047] Load Cached PNG Texture: SquadExpansion/MakingHistory/Parts/@thumbs/Separator.1p5_icon1
[LOG 11:58:18.052] Load Cached PNG Texture: SquadExpansion/MakingHistory/Parts/@thumbs/Size1p5.Strut.Decoupler_icon0
[LOG 11:58:18.057] Load Cached PNG Texture: SquadExpansion/MakingHistory/Parts/@thumbs/Size1p5.Strut.Decoupler_icon1
[LOG 11:58:18.063] Load Cached PNG Texture: SquadExpansion/MakingHistory/Parts/@thumbs/Size1p5.Tank.03_icon0
[LOG 11:58:18.069] Load Cached PNG Texture: SquadExpansion/MakingHistory/Parts/@thumbs/Size1p5.Tank.04_icon0
[LOG 11:58:18.074] Load Cached PNG Texture: SquadExpansion/MakingHistory/Parts/@thumbs/Size1to0ServiceModule_icon
[LOG 11:58:18.081] Load Cached PNG Texture: SquadExpansion/MakingHistory/Parts/@thumbs/Triangle0_icon0
[LOG 11:58:18.087] Load Cached PNG Texture: SquadExpansion/MakingHistory/Parts/@thumbs/Triangle0_icon1
[LOG 11:58:18.093] Load Cached PNG Texture: SquadExpansion/MakingHistory/Parts/@thumbs/Triangle0_icon2
[LOG 11:58:18.100] Load Cached PNG Texture: SquadExpansion/MakingHistory/Parts/@thumbs/Triangle0_icon3
[LOG 11:58:18.110] Load Cached PNG Texture: SquadExpansion/MakingHistory/Parts/@thumbs/Triangle1p5_icon0
[LOG 11:58:18.117] Load Cached PNG Texture: SquadExpansion/MakingHistory/Parts/@thumbs/Triangle1p5_icon1
[LOG 11:58:18.122] Load Cached PNG Texture: SquadExpansion/MakingHistory/Parts/@thumbs/Triangle1p5_icon2
[LOG 11:58:18.127] Load Cached PNG Texture: SquadExpansion/MakingHistory/Parts/@thumbs/Triangle1p5_icon3
[LOG 11:58:18.135] Load Cached PNG Texture: SquadExpansion/MakingHistory/Parts/@thumbs/Triangle1_icon0
[LOG 11:58:18.141] Load Cached PNG Texture: SquadExpansion/MakingHistory/Parts/@thumbs/Triangle1_icon1
[LOG 11:58:18.147] Load Cached PNG Texture: SquadExpansion/MakingHistory/Parts/@thumbs/Triangle1_icon2
[LOG 11:58:18.154] Load Cached PNG Texture: SquadExpansion/MakingHistory/Parts/@thumbs/Triangle1_icon3
[LOG 11:58:18.160] Load Cached PNG Texture: SquadExpansion/MakingHistory/Parts/@thumbs/Triangle2_icon0
[LOG 11:58:18.177] Load Cached PNG Texture: SquadExpansion/MakingHistory/Parts/@thumbs/Triangle2_icon1
[LOG 11:58:18.184] Load Cached PNG Texture: SquadExpansion/MakingHistory/Parts/@thumbs/Triangle2_icon2
[LOG 11:58:18.192] Load Cached PNG Texture: SquadExpansion/MakingHistory/Parts/@thumbs/Triangle2_icon3
[LOG 11:58:18.200] Load Cached PNG Texture: SquadExpansion/MakingHistory/Parts/@thumbs/Tube1_icon0
[LOG 11:58:18.206] Load Cached PNG Texture: SquadExpansion/MakingHistory/Parts/@thumbs/Tube1_icon1
[LOG 11:58:18.215] Load Cached PNG Texture: SquadExpansion/MakingHistory/Parts/@thumbs/Tube1_icon2
[LOG 11:58:18.222] Load Cached PNG Texture: SquadExpansion/MakingHistory/Parts/@thumbs/Tube1_icon3
[LOG 11:58:18.227] Load Cached PNG Texture: SquadExpansion/MakingHistory/Parts/@thumbs/Tube1_icon4
[LOG 11:58:18.232] Load Cached PNG Texture: SquadExpansion/MakingHistory/Parts/Aero/protectiveRocketNoseMk5A/s1p5_cone
[LOG 11:58:18.239] Load Cached PNG Texture: SquadExpansion/MakingHistory/Parts/Aero/protectiveRocketNoseMk5A/s1p5_cone_Orange
[LOG 11:58:18.244] Load DDS texture: SquadExpansion/MakingHistory/Parts/Coupling/Assets/airlock
[LOG 11:58:18.250] Load DDS texture: SquadExpansion/MakingHistory/Parts/Coupling/Assets/airlock_N
[LOG 11:58:18.255] Load DDS texture: SquadExpansion/MakingHistory/Parts/Coupling/Assets/EnginePlate
[LOG 11:58:18.259] Load DDS texture: SquadExpansion/MakingHistory/Parts/Coupling/Assets/Size1_5_Decoupler_grey
[LOG 11:58:18.264] Load DDS texture: SquadExpansion/MakingHistory/Parts/Coupling/Assets/Size1_5_Decoupler_orange
[LOG 11:58:18.270] Load DDS texture: SquadExpansion/MakingHistory/Parts/Engine/Assets/KE-1
[LOG 11:58:18.275] Load DDS texture: SquadExpansion/MakingHistory/Parts/Engine/Assets/KE-1_BASE
[LOG 11:58:18.279] Load DDS texture: SquadExpansion/MakingHistory/Parts/Engine/Assets/LV-T87
[LOG 11:58:18.285] Load DDS texture: SquadExpansion/MakingHistory/Parts/Engine/Assets/LV-T91
[LOG 11:58:18.291] Load DDS texture: SquadExpansion/MakingHistory/Parts/Engine/Assets/RE-I2
[LOG 11:58:18.296] Load DDS texture: SquadExpansion/MakingHistory/Parts/Engine/Assets/RE-J10
[LOG 11:58:18.302] Load DDS texture: SquadExpansion/MakingHistory/Parts/Engine/Assets/RE-J10_N
[LOG 11:58:18.307] Load DDS texture: SquadExpansion/MakingHistory/Parts/Engine/Assets/RK-7
[LOG 11:58:18.313] Load DDS texture: SquadExpansion/MakingHistory/Parts/Engine/Assets/RK-7_N
[LOG 11:58:18.320] Load DDS texture: SquadExpansion/MakingHistory/Parts/Engine/solidBoosterTHK/SolidBoosterS2-17_emissive
[LOG 11:58:18.326] Load DDS texture: SquadExpansion/MakingHistory/Parts/Engine/solidBoosterTHK/solidBoosterTHK_diffuse
[LOG 11:58:18.333] Load DDS texture: SquadExpansion/MakingHistory/Parts/FuelTank/Assets/Size1p5_02
[LOG 11:58:18.340] Load DDS texture: SquadExpansion/MakingHistory/Parts/FuelTank/Assets/Size1p5_02_ALT01
[LOG 11:58:18.346] Load DDS texture: SquadExpansion/MakingHistory/Parts/FuelTank/Assets/Size1p5_02_ALT02
[LOG 11:58:18.350] Load DDS texture: SquadExpansion/MakingHistory/Parts/FuelTank/Assets/Size1p5_02_ALT02_normal
[LOG 11:58:18.356] Load DDS texture: SquadExpansion/MakingHistory/Parts/FuelTank/Assets/Size1p5_mono
[LOG 11:58:18.361] Load DDS texture: SquadExpansion/MakingHistory/Parts/FuelTank/Assets/Size1p5_mono_2
[LOG 11:58:18.366] Load DDS texture: SquadExpansion/MakingHistory/Parts/FuelTank/Assets/Size1p5_mono_N
[LOG 11:58:18.371] Load DDS texture: SquadExpansion/MakingHistory/Parts/FuelTank/Assets/Size1_5_TankAdapters
[LOG 11:58:18.377] Load DDS texture: SquadExpansion/MakingHistory/Parts/FuelTank/Assets/Size1_5_TankAdapters_ALT01
[LOG 11:58:18.383] Load DDS texture: SquadExpansion/MakingHistory/Parts/FuelTank/Assets/Size1_5_TankAdapters_ALT02
[LOG 11:58:18.388] Load DDS texture: SquadExpansion/MakingHistory/Parts/FuelTank/Assets/Size1_5_TankAdapters_ALT02nm
[LOG 11:58:18.393] Load DDS texture: SquadExpansion/MakingHistory/Parts/FuelTank/Assets/Size1_5_TankAdapters_N
[LOG 11:58:18.397] Load DDS texture: SquadExpansion/MakingHistory/Parts/FuelTank/Assets/Size1_5_Tanks
[LOG 11:58:18.403] Load DDS texture: SquadExpansion/MakingHistory/Parts/FuelTank/Assets/Size1_5_Tanks_ALT02
[LOG 11:58:18.409] Load DDS texture: SquadExpansion/MakingHistory/Parts/FuelTank/Assets/Size1_5_Tanks_ALT02_nm
[LOG 11:58:18.414] Load DDS texture: SquadExpansion/MakingHistory/Parts/FuelTank/Assets/Size1_5_Tanks_grey
[LOG 11:58:18.421] Load DDS texture: SquadExpansion/MakingHistory/Parts/FuelTank/Assets/Size4_Tanks
[LOG 11:58:18.427] Load DDS texture: SquadExpansion/MakingHistory/Parts/FuelTank/Assets/Size4_Tanks_N
[LOG 11:58:18.434] Load DDS texture: SquadExpansion/MakingHistory/Parts/Ground/Assets/RoverWheel
[LOG 11:58:18.439] Load DDS texture: SquadExpansion/MakingHistory/Parts/Ground/Assets/RoverWheelG
[LOG 11:58:18.444] Load DDS texture: SquadExpansion/MakingHistory/Parts/Payload/Assets/Size1to0ServiceBay
[LOG 11:58:18.450] Load DDS texture: SquadExpansion/MakingHistory/Parts/Payload/Assets/Size1to0ServiceBay_n
[LOG 11:58:18.457] Load DDS texture: SquadExpansion/MakingHistory/Parts/Payload/Assets/SM18_diffuse
[LOG 11:58:18.465] Load Cached PNG Texture: SquadExpansion/MakingHistory/Parts/Payload/Assets/SM18_NRM
[LOG 11:58:18.472] Load DDS texture: SquadExpansion/MakingHistory/Parts/Payload/Assets/SM18_specular
[LOG 11:58:18.478] Load DDS texture: SquadExpansion/MakingHistory/Parts/Payload/Assets/SM25_diffuse
[LOG 11:58:18.484] Load DDS texture: SquadExpansion/MakingHistory/Parts/Payload/Assets/SM25_normals
[LOG 11:58:18.490] Load DDS texture: SquadExpansion/MakingHistory/Parts/Pods/Assets/KV1
[LOG 11:58:18.496] Load DDS texture: SquadExpansion/MakingHistory/Parts/Pods/Assets/KV1_GLOW
[LOG 11:58:18.500] Load DDS texture: SquadExpansion/MakingHistory/Parts/Pods/Assets/KV2
[LOG 11:58:18.506] Load DDS texture: SquadExpansion/MakingHistory/Parts/Pods/Assets/KV3
[LOG 11:58:18.511] Load DDS texture: SquadExpansion/MakingHistory/Parts/Pods/Assets/Mk2Pod
[LOG 11:58:18.517] Load DDS texture: SquadExpansion/MakingHistory/Parts/Pods/Assets/Mk2Pod_GLOW
[LOG 11:58:18.523] Load DDS texture: SquadExpansion/MakingHistory/Parts/Pods/Assets/Mk2Pod_n
[LOG 11:58:18.528] Load DDS texture: SquadExpansion/MakingHistory/Parts/Pods/Assets/Size1_5_Lander
[LOG 11:58:18.535] Load DDS texture: SquadExpansion/MakingHistory/Parts/Pods/Assets/Size1_5_Lander_GLOW
[LOG 11:58:18.541] Load DDS texture: SquadExpansion/MakingHistory/Parts/SharedAssets/Shrouds
[LOG 11:58:18.546] Load DDS texture: SquadExpansion/MakingHistory/Parts/SharedAssets/Shrouds_N
[LOG 11:58:18.552] Load DDS texture: SquadExpansion/MakingHistory/Parts/Structural/Assets/NormalMap
[LOG 11:58:18.559] Load DDS texture: SquadExpansion/MakingHistory/Parts/Structural/Assets/Panels
[LOG 11:58:18.565] Load DDS texture: SquadExpansion/MakingHistory/Parts/Structural/Assets/Panels_Dark_D
[LOG 11:58:18.572] Load DDS texture: SquadExpansion/MakingHistory/Parts/Structural/Assets/Panels_Gold_D
[LOG 11:58:18.578] Load Cached PNG Texture: SquadExpansion/MakingHistory/Parts/Structural/Assets/Panels_Gold_NRM
[LOG 11:58:18.584] Load DDS texture: SquadExpansion/MakingHistory/Parts/Structural/Assets/Panels_Gold_S
[LOG 11:58:18.591] Load DDS texture: SquadExpansion/MakingHistory/Parts/Structural/Assets/Panels_Silver_D
[LOG 11:58:18.598] Load DDS texture: SquadExpansion/MakingHistory/Parts/Structural/Assets/Panels_Silver_S
[LOG 11:58:18.603] Load Cached PNG Texture: SquadExpansion/MakingHistory/Ships/@thumbs/VAB/Acapello
[LOG 11:58:18.609] Load Cached PNG Texture: SquadExpansion/MakingHistory/Ships/@thumbs/VAB/Beta Centaurus
[LOG 11:58:18.614] Load Cached PNG Texture: SquadExpansion/MakingHistory/Ships/@thumbs/VAB/Goliath II HLV
[LOG 11:58:18.619] Load Cached PNG Texture: SquadExpansion/MakingHistory/Ships/@thumbs/VAB/Muna 1
[LOG 11:58:18.625] Load Cached PNG Texture: SquadExpansion/MakingHistory/Ships/@thumbs/VAB/Sally-Hut 1
[LOG 11:58:18.631] Load Cached PNG Texture: SquadExpansion/MakingHistory/Ships/@thumbs/VAB/SWM-94 Communications Satellite
[LOG 11:58:18.637] Load Cached PNG Texture: SquadExpansion/MakingHistory/Ships/@thumbs/VAB/Valshkod 2
[LOG 11:58:18.641] Load DDS texture: SquadExpansion/MakingHistory/Spaces/KVPods/airlock
[LOG 11:58:18.646] Load DDS texture: SquadExpansion/MakingHistory/Spaces/KVPods/airlock_N
[LOG 11:58:18.652] Load DDS texture: SquadExpansion/MakingHistory/Spaces/KVPods/KV1_Props_Diffuse
[LOG 11:58:18.659] Load DDS texture: SquadExpansion/MakingHistory/Spaces/KVPods/KV1_Props_Normal
[LOG 11:58:18.667] Load DDS texture: SquadExpansion/MakingHistory/Spaces/KVPods/KV1_Shell_Diffuse
[LOG 11:58:18.674] Load DDS texture: SquadExpansion/MakingHistory/Spaces/KVPods/KV1_Shell_Emissive
[LOG 11:58:18.681] Load DDS texture: SquadExpansion/MakingHistory/Spaces/KVPods/KV1_Shell_Normal
[LOG 11:58:18.687] Load DDS texture: SquadExpansion/MakingHistory/Spaces/KVPods/KV1_Vzor_Diffuse
[LOG 11:58:18.694] Load DDS texture: SquadExpansion/MakingHistory/Spaces/KVPods/KV2_Props_Diffuse
[LOG 11:58:18.702] Load DDS texture: SquadExpansion/MakingHistory/Spaces/KVPods/KV2_Props_Emissive
[LOG 11:58:18.711] Load DDS texture: SquadExpansion/MakingHistory/Spaces/KVPods/KV2_Props_Normal
[LOG 11:58:18.717] Load DDS texture: SquadExpansion/MakingHistory/Spaces/KVPods/KV2_Shell_Diffuse
[LOG 11:58:18.727] Load DDS texture: SquadExpansion/MakingHistory/Spaces/KVPods/KV2_Shell_Normal
[LOG 11:58:18.734] Load DDS texture: SquadExpansion/MakingHistory/Spaces/KVPods/KV3_Props_Diffuse
[LOG 11:58:18.742] Load DDS texture: SquadExpansion/MakingHistory/Spaces/KVPods/KV3_Props_Normal
[LOG 11:58:18.749] Load DDS texture: SquadExpansion/MakingHistory/Spaces/KVPods/KV3_Shell_Diffuse
[LOG 11:58:18.757] Load DDS texture: SquadExpansion/MakingHistory/Spaces/KVPods/KV3_Shell_Normal
[LOG 11:58:18.774] Load DDS texture: SquadExpansion/MakingHistory/Spaces/KVPods/motor
[LOG 11:58:18.780] Load DDS texture: SquadExpansion/MakingHistory/Spaces/KVPods/pilot Seat
[LOG 11:58:18.786] Load DDS texture: SquadExpansion/MakingHistory/Spaces/MEM/PANELS_AO
[LOG 11:58:18.793] Load DDS texture: SquadExpansion/MakingHistory/Spaces/MEM/PANELS_EMISSIVE
[LOG 11:58:18.799] Load DDS texture: SquadExpansion/MakingHistory/Spaces/MEM/PANELS_NORMAL
[LOG 11:58:18.806] Load DDS texture: SquadExpansion/MakingHistory/Spaces/MEM/pilot Seat
[LOG 11:58:18.812] Load DDS texture: SquadExpansion/MakingHistory/Spaces/MEM/propsGeneric
[LOG 11:58:18.818] Load DDS texture: SquadExpansion/MakingHistory/Spaces/MEM/PROPS_AO
[LOG 11:58:18.823] Load DDS texture: SquadExpansion/MakingHistory/Spaces/MEM/PROPS_EMISSIVE
[LOG 11:58:18.830] Load DDS texture: SquadExpansion/MakingHistory/Spaces/MEM/PROPS_NORMAL
[LOG 11:58:18.836] Load DDS texture: SquadExpansion/MakingHistory/Spaces/Mk2Pod/DIfuse_controlboard
[LOG 11:58:18.846] Load DDS texture: SquadExpansion/MakingHistory/Spaces/Mk2Pod/Normal_controlbard
[LOG 11:58:18.853] Load DDS texture: SquadExpansion/MakingHistory/Spaces/Mk2Pod/Outershell_Base_Color
[LOG 11:58:18.861] Load DDS texture: SquadExpansion/MakingHistory/Spaces/Mk2Pod/Outershell_Normal
[LOG 11:58:18.867] Load DDS texture: SquadExpansion/MakingHistory/Spaces/Mk2Pod/pilot Seat
[LOG 11:58:18.874] Load Cached PNG Texture: SquadExpansion/Serenity/Parts/@thumbs/controller1000_icon
[LOG 11:58:18.880] Load Cached PNG Texture: SquadExpansion/Serenity/Parts/@thumbs/DeployedCentralStation_icon
[LOG 11:58:18.890] Load Cached PNG Texture: SquadExpansion/Serenity/Parts/@thumbs/DeployedGoExOb_icon
[LOG 11:58:18.898] Load Cached PNG Texture: SquadExpansion/Serenity/Parts/@thumbs/DeployedIONExp_icon
[LOG 11:58:18.919] Load Cached PNG Texture: SquadExpansion/Serenity/Parts/@thumbs/DeployedRTG_icon
[LOG 11:58:18.925] Load Cached PNG Texture: SquadExpansion/Serenity/Parts/@thumbs/DeployedSatDish_icon
[LOG 11:58:18.931] Load Cached PNG Texture: SquadExpansion/Serenity/Parts/@thumbs/DeployedSeismicSensor_icon
[LOG 11:58:18.947] Load Cached PNG Texture: SquadExpansion/Serenity/Parts/@thumbs/DeployedSolarPanel_icon
[LOG 11:58:18.957] Load Cached PNG Texture: SquadExpansion/Serenity/Parts/@thumbs/DeployedWeatherStn_icon
[LOG 11:58:18.962] Load Cached PNG Texture: SquadExpansion/Serenity/Parts/@thumbs/FanShroud.01_icon0
[LOG 11:58:18.968] Load Cached PNG Texture: SquadExpansion/Serenity/Parts/@thumbs/FanShroud.01_icon1
[LOG 11:58:18.974] Load Cached PNG Texture: SquadExpansion/Serenity/Parts/@thumbs/FanShroud.02_icon0
[LOG 11:58:18.979] Load Cached PNG Texture: SquadExpansion/Serenity/Parts/@thumbs/FanShroud.02_icon1
[LOG 11:58:18.984] Load Cached PNG Texture: SquadExpansion/Serenity/Parts/@thumbs/hinge.01.s_icon0
[LOG 11:58:18.990] Load Cached PNG Texture: SquadExpansion/Serenity/Parts/@thumbs/hinge.01.s_icon1
[LOG 11:58:18.995] Load Cached PNG Texture: SquadExpansion/Serenity/Parts/@thumbs/hinge.01_icon0
[LOG 11:58:18.999] Load Cached PNG Texture: SquadExpansion/Serenity/Parts/@thumbs/hinge.01_icon1
[LOG 11:58:19.005] Load Cached PNG Texture: SquadExpansion/Serenity/Parts/@thumbs/hinge.03.s_icon0
[LOG 11:58:19.011] Load Cached PNG Texture: SquadExpansion/Serenity/Parts/@thumbs/hinge.03.s_icon1
[LOG 11:58:19.015] Load Cached PNG Texture: SquadExpansion/Serenity/Parts/@thumbs/hinge.03_icon0
[LOG 11:58:19.021] Load Cached PNG Texture: SquadExpansion/Serenity/Parts/@thumbs/hinge.03_icon1
[LOG 11:58:19.026] Load Cached PNG Texture: SquadExpansion/Serenity/Parts/@thumbs/largeFanBlade_icon0
[LOG 11:58:19.033] Load Cached PNG Texture: SquadExpansion/Serenity/Parts/@thumbs/largeFanBlade_icon1
[LOG 11:58:19.039] Load Cached PNG Texture: SquadExpansion/Serenity/Parts/@thumbs/largePropeller_icon0
[LOG 11:58:19.051] Load Cached PNG Texture: SquadExpansion/Serenity/Parts/@thumbs/largePropeller_icon1
[LOG 11:58:19.057] Load Cached PNG Texture: SquadExpansion/Serenity/Parts/@thumbs/lGripPad_icon0
[LOG 11:58:19.064] Load Cached PNG Texture: SquadExpansion/Serenity/Parts/@thumbs/lGripPad_icon1
[LOG 11:58:19.070] Load Cached PNG Texture: SquadExpansion/Serenity/Parts/@thumbs/lGripStrip_icon
[LOG 11:58:19.076] Load Cached PNG Texture: SquadExpansion/Serenity/Parts/@thumbs/mediumFanBlade_icon0
[LOG 11:58:19.083] Load Cached PNG Texture: SquadExpansion/Serenity/Parts/@thumbs/mediumFanBlade_icon1
[LOG 11:58:19.088] Load Cached PNG Texture: SquadExpansion/Serenity/Parts/@thumbs/mediumPropeller_icon0
[LOG 11:58:19.096] Load Cached PNG Texture: SquadExpansion/Serenity/Parts/@thumbs/mediumPropeller_icon1
[LOG 11:58:19.103] Load Cached PNG Texture: SquadExpansion/Serenity/Parts/@thumbs/mGripPad_icon0
[LOG 11:58:19.109] Load Cached PNG Texture: SquadExpansion/Serenity/Parts/@thumbs/mGripPad_icon1
[LOG 11:58:19.115] Load Cached PNG Texture: SquadExpansion/Serenity/Parts/@thumbs/noseconeTiny_icon
[LOG 11:58:19.121] Load Cached PNG Texture: SquadExpansion/Serenity/Parts/@thumbs/noseconeVS_icon
[LOG 11:58:19.126] Load Cached PNG Texture: SquadExpansion/Serenity/Parts/@thumbs/piston.01_icon0
[LOG 11:58:19.132] Load Cached PNG Texture: SquadExpansion/Serenity/Parts/@thumbs/piston.01_icon1
[LOG 11:58:19.137] Load Cached PNG Texture: SquadExpansion/Serenity/Parts/@thumbs/piston.02_icon0
[LOG 11:58:19.142] Load Cached PNG Texture: SquadExpansion/Serenity/Parts/@thumbs/piston.02_icon1
[LOG 11:58:19.146] Load Cached PNG Texture: SquadExpansion/Serenity/Parts/@thumbs/piston.03_icon0
[LOG 11:58:19.152] Load Cached PNG Texture: SquadExpansion/Serenity/Parts/@thumbs/piston.03_icon1
[LOG 11:58:19.157] Load Cached PNG Texture: SquadExpansion/Serenity/Parts/@thumbs/piston.04_icon0
[LOG 11:58:19.162] Load Cached PNG Texture: SquadExpansion/Serenity/Parts/@thumbs/piston.04_icon1
[LOG 11:58:19.169] Load Cached PNG Texture: SquadExpansion/Serenity/Parts/@thumbs/RobotArmScanner.S1_icon
[LOG 11:58:19.182] Load Cached PNG Texture: SquadExpansion/Serenity/Parts/@thumbs/RobotArmScanner.S2_icon
[LOG 11:58:19.189] Load Cached PNG Texture: SquadExpansion/Serenity/Parts/@thumbs/RobotArmScanner.S3_icon
[LOG 11:58:19.199] Load Cached PNG Texture: SquadExpansion/Serenity/Parts/@thumbs/rotor.01s_icon0
[LOG 11:58:19.206] Load Cached PNG Texture: SquadExpansion/Serenity/Parts/@thumbs/rotor.01s_icon1
[LOG 11:58:19.228] Load Cached PNG Texture: SquadExpansion/Serenity/Parts/@thumbs/rotor.01_icon0
[LOG 11:58:19.252] Load Cached PNG Texture: SquadExpansion/Serenity/Parts/@thumbs/rotor.01_icon1
[LOG 11:58:19.271] Load Cached PNG Texture: SquadExpansion/Serenity/Parts/@thumbs/rotor.02s_icon0
[LOG 11:58:19.292] Load Cached PNG Texture: SquadExpansion/Serenity/Parts/@thumbs/rotor.02s_icon1
[LOG 11:58:19.313] Load Cached PNG Texture: SquadExpansion/Serenity/Parts/@thumbs/rotor.02_icon0
[LOG 11:58:19.333] Load Cached PNG Texture: SquadExpansion/Serenity/Parts/@thumbs/rotor.02_icon1
[LOG 11:58:19.341] Load Cached PNG Texture: SquadExpansion/Serenity/Parts/@thumbs/RotorEngine.02_icon
[LOG 11:58:19.346] Load Cached PNG Texture: SquadExpansion/Serenity/Parts/@thumbs/rotoServo.00_icon0
[LOG 11:58:19.351] Load Cached PNG Texture: SquadExpansion/Serenity/Parts/@thumbs/rotoServo.00_icon1
[LOG 11:58:19.357] Load Cached PNG Texture: SquadExpansion/Serenity/Parts/@thumbs/rotoServo.02_icon0
[LOG 11:58:19.363] Load Cached PNG Texture: SquadExpansion/Serenity/Parts/@thumbs/rotoServo.02_icon1
[LOG 11:58:19.368] Load Cached PNG Texture: SquadExpansion/Serenity/Parts/@thumbs/rotoServo.03_icon0
[LOG 11:58:19.373] Load Cached PNG Texture: SquadExpansion/Serenity/Parts/@thumbs/rotoServo.03_icon1
[LOG 11:58:19.379] Load Cached PNG Texture: SquadExpansion/Serenity/Parts/@thumbs/sGripPad_icon0
[LOG 11:58:19.385] Load Cached PNG Texture: SquadExpansion/Serenity/Parts/@thumbs/sGripPad_icon1
[LOG 11:58:19.391] Load Cached PNG Texture: SquadExpansion/Serenity/Parts/@thumbs/sGripStrip_icon
[LOG 11:58:19.397] Load Cached PNG Texture: SquadExpansion/Serenity/Parts/@thumbs/smallFanBlade_icon0
[LOG 11:58:19.404] Load Cached PNG Texture: SquadExpansion/Serenity/Parts/@thumbs/smallFanBlade_icon1
[LOG 11:58:19.410] Load Cached PNG Texture: SquadExpansion/Serenity/Parts/@thumbs/smallHeliBlade_icon0
[LOG 11:58:19.425] Load Cached PNG Texture: SquadExpansion/Serenity/Parts/@thumbs/smallHeliBlade_icon1
[LOG 11:58:19.432] Load Cached PNG Texture: SquadExpansion/Serenity/Parts/@thumbs/smallPropeller_icon0
[LOG 11:58:19.437] Load Cached PNG Texture: SquadExpansion/Serenity/Parts/@thumbs/smallPropeller_icon1
[LOG 11:58:19.441] Load DDS texture: SquadExpansion/Serenity/Parts/Aero/Assets/copterBlades_diffuse
[LOG 11:58:19.446] Load DDS texture: SquadExpansion/Serenity/Parts/Aero/Assets/shroudsDiffuse_color
[LOG 11:58:19.452] Load DDS texture: SquadExpansion/Serenity/Parts/Aero/Assets/shroudsDiffuse_plain
[LOG 11:58:19.456] Load Cached PNG Texture: SquadExpansion/Serenity/Parts/DeployedScience/MockupTexture
[LOG 11:58:19.460] Load DDS texture: SquadExpansion/Serenity/Parts/DeployedScience/Assets/centralStation_diffuse
[LOG 11:58:19.477] Load DDS texture: SquadExpansion/Serenity/Parts/DeployedScience/Assets/centralStation_emissive
[LOG 11:58:19.490] Load DDS texture: SquadExpansion/Serenity/Parts/DeployedScience/Assets/GenericParts_diffuse
[LOG 11:58:19.493] Load DDS texture: SquadExpansion/Serenity/Parts/DeployedScience/Assets/GenericParts_emissive
[LOG 11:58:19.498] Load DDS texture: SquadExpansion/Serenity/Parts/DeployedScience/Assets/GenericParts_normal
[LOG 11:58:19.504] Load DDS texture: SquadExpansion/Serenity/Parts/DeployedScience/Assets/goex_diffuse
[LOG 11:58:19.511] Load DDS texture: SquadExpansion/Serenity/Parts/DeployedScience/Assets/goex_specMapped
[LOG 11:58:19.516] Load DDS texture: SquadExpansion/Serenity/Parts/DeployedScience/Assets/Grid
[LOG 11:58:19.521] Load DDS texture: SquadExpansion/Serenity/Parts/DeployedScience/Assets/IonExperiment_diffuse
[LOG 11:58:19.526] Load DDS texture: SquadExpansion/Serenity/Parts/DeployedScience/Assets/RTGCask_diffuse
[LOG 11:58:19.532] Load DDS texture: SquadExpansion/Serenity/Parts/DeployedScience/Assets/satDish_diffuse
[LOG 11:58:19.537] Load Cached PNG Texture: SquadExpansion/Serenity/Parts/DeployedScience/Assets/Scratch
[LOG 11:58:19.542] Load DDS texture: SquadExpansion/Serenity/Parts/DeployedScience/Assets/Screen2
[LOG 11:58:19.547] Load DDS texture: SquadExpansion/Serenity/Parts/DeployedScience/Assets/Screen3
[LOG 11:58:19.552] Load DDS texture: SquadExpansion/Serenity/Parts/DeployedScience/Assets/ScreenReadout
[LOG 11:58:19.557] Load DDS texture: SquadExpansion/Serenity/Parts/DeployedScience/Assets/seismicSensor_diffuse
[LOG 11:58:19.562] Load DDS texture: SquadExpansion/Serenity/Parts/DeployedScience/Assets/seismicSensor_nrm
[LOG 11:58:19.569] Load DDS texture: SquadExpansion/Serenity/Parts/DeployedScience/Assets/seismicSensor_specularMapped
[LOG 11:58:19.575] Load DDS texture: SquadExpansion/Serenity/Parts/DeployedScience/Assets/SolarGraph
[LOG 11:58:19.579] Load DDS texture: SquadExpansion/Serenity/Parts/DeployedScience/Assets/solarPanel_diffuse
[LOG 11:58:19.585] Load DDS texture: SquadExpansion/Serenity/Parts/DeployedScience/Assets/Waveleght3
[LOG 11:58:19.590] Load DDS texture: SquadExpansion/Serenity/Parts/DeployedScience/Assets/Wavelenght
[LOG 11:58:19.596] Load DDS texture: SquadExpansion/Serenity/Parts/DeployedScience/Assets/Wavelenght2
[LOG 11:58:19.600] Load DDS texture: SquadExpansion/Serenity/Parts/DeployedScience/Assets/wavelenght4
[LOG 11:58:19.604] Load DDS texture: SquadExpansion/Serenity/Parts/DeployedScience/Assets/wavelenght5
[LOG 11:58:19.621] Load DDS texture: SquadExpansion/Serenity/Parts/DeployedScience/Assets/WeatherStation [Normal]
[LOG 11:58:19.646] Load DDS texture: SquadExpansion/Serenity/Parts/DeployedScience/Assets/Weather_Station_diffuse
[LOG 11:58:19.649] Load DDS texture: SquadExpansion/Serenity/Parts/DeployedScience/Assets/Weather_Station_normal
[LOG 11:58:19.653] Load DDS texture: SquadExpansion/Serenity/Parts/Propellers/Assets/blade_diffuse
[LOG 11:58:19.660] Load DDS texture: SquadExpansion/Serenity/Parts/Propellers/Assets/copterBlades_diffuse
[LOG 11:58:19.671] Load DDS texture: SquadExpansion/Serenity/Parts/Propellers/Assets/fan_diffuse
[LOG 11:58:19.675] Load DDS texture: SquadExpansion/Serenity/Parts/Robotics/Assets/hinges-03-s_diffuse_Color
[LOG 11:58:19.680] Load DDS texture: SquadExpansion/Serenity/Parts/Robotics/Assets/hinges-03_diffuse_color
[LOG 11:58:19.686] Load DDS texture: SquadExpansion/Serenity/Parts/Robotics/Assets/hinges-03_diffuse_plain
[LOG 11:58:19.692] Load DDS texture: SquadExpansion/Serenity/Parts/Robotics/Assets/hinges_diffuse
[LOG 11:58:19.696] Load DDS texture: SquadExpansion/Serenity/Parts/Robotics/Assets/Hinge_diffuse_G-00_Color
[LOG 11:58:19.702] Load DDS texture: SquadExpansion/Serenity/Parts/Robotics/Assets/Hinge_diffuse_G-11_Color
[LOG 11:58:19.707] Load DDS texture: SquadExpansion/Serenity/Parts/Robotics/Assets/Hinge_diffuse_G-11_plain
[LOG 11:58:19.712] Load DDS texture: SquadExpansion/Serenity/Parts/Robotics/Assets/Hinge_normal
[LOG 11:58:19.817] Load DDS texture: SquadExpansion/Serenity/Parts/Robotics/Assets/RotorEngine_02_diffuse
[LOG 11:58:19.824] Load DDS texture: SquadExpansion/Serenity/Parts/Robotics/Assets/RotorEngine_03_diffuse
[LOG 11:58:19.829] Load DDS texture: SquadExpansion/Serenity/Parts/Robotics/Assets/RotorEngine_03_normal
[LOG 11:58:19.835] Load DDS texture: SquadExpansion/Serenity/Parts/Robotics/Assets/Rotor_01_diffuse_color
[LOG 11:58:19.840] Load DDS texture: SquadExpansion/Serenity/Parts/Robotics/Assets/Rotor_01_diffuse_plain
[LOG 11:58:19.845] Load DDS texture: SquadExpansion/Serenity/Parts/Robotics/Assets/Rotor_01_normal
[LOG 11:58:19.850] Load DDS texture: SquadExpansion/Serenity/Parts/Robotics/Assets/Rotor_01_specular_D
[LOG 11:58:19.855] Load DDS texture: SquadExpansion/Serenity/Parts/Robotics/Assets/Rotor_02_diffuse_color
[LOG 11:58:19.861] Load DDS texture: SquadExpansion/Serenity/Parts/Robotics/Assets/Rotor_03_diffuse_color
[LOG 11:58:19.867] Load DDS texture: SquadExpansion/Serenity/Parts/Robotics/Assets/Rotor_03_diffuse_plain
[LOG 11:58:19.873] Load DDS texture: SquadExpansion/Serenity/Parts/Robotics/Assets/Rotor_03_normal
[LOG 11:58:19.879] Load DDS texture: SquadExpansion/Serenity/Parts/Robotics/Assets/rotoServos_diffuse_color
[LOG 11:58:19.885] Load DDS texture: SquadExpansion/Serenity/Parts/Robotics/Assets/rotoServos_diffuse_plain
[LOG 11:58:19.890] Load DDS texture: SquadExpansion/Serenity/Parts/Robotics/Assets/rotoServos_nrm
[LOG 11:58:19.896] Load DDS texture: SquadExpansion/Serenity/Parts/Robotics/Controllers/roboController_diffuse
[LOG 11:58:19.901] Load DDS texture: SquadExpansion/Serenity/Parts/Robotics/Controllers/roboController_emissive
[LOG 11:58:19.906] Load Cached PNG Texture: SquadExpansion/Serenity/Parts/Science/RobotArmScanner/Assets/DrillBits
[LOG 11:58:19.910] Load DDS texture: SquadExpansion/Serenity/Parts/Science/RobotArmScanner/Assets/DustParticle
[WRN 11:58:19.910] Duplicate PNG texture 'SquadExpansion/Serenity/Parts/Science/RobotArmScanner/Assets/DustParticle' with extension 'png' won't be loaded
[LOG 11:58:19.917] Load DDS texture: SquadExpansion/Serenity/Parts/Science/RobotArmScanner/Assets/GenericParts_diffuse
[LOG 11:58:19.925] Load DDS texture: SquadExpansion/Serenity/Parts/Science/RobotArmScanner/Assets/GenericParts_normal
[LOG 11:58:19.933] Load DDS texture: SquadExpansion/Serenity/Parts/Science/RobotArmScanner/Assets/ROCArm3_diffuse
[LOG 11:58:19.942] Load DDS texture: SquadExpansion/Serenity/Parts/Science/RobotArmScanner/Assets/ROCArm3_normal
[LOG 11:58:19.949] Load DDS texture: SquadExpansion/Serenity/Parts/Science/RobotArmScanner/Assets/ROCArm_2_diffuse
[LOG 11:58:19.955] Load DDS texture: SquadExpansion/Serenity/Parts/Science/RobotArmScanner/Assets/ROCArm_2_normal
[LOG 11:58:19.961] Load Cached PNG Texture: SquadExpansion/Serenity/Parts/Science/RobotArmScanner/Assets/Scratch
[LOG 11:58:19.966] Load DDS texture: SquadExpansion/Serenity/Parts/Science/RobotArmScanner/Assets/SmallArm_diffuse
[LOG 11:58:19.972] Load DDS texture: SquadExpansion/Serenity/Parts/Science/RobotArmScanner/Assets/SmallArm_normal
[LOG 11:58:19.978] Load DDS texture: SquadExpansion/Serenity/Parts/Structural/gripPads/Assets/gripPads_diffuse
[LOG 11:58:19.982] Load DDS texture: SquadExpansion/Serenity/Parts/Structural/gripPads/Assets/gripPads_nrm
[LOG 11:58:19.989] Load Cached PNG Texture: SquadExpansion/Serenity/Ships/@thumbs/SPH/Arrow-E
[LOG 11:58:19.993] Load Cached PNG Texture: SquadExpansion/Serenity/Ships/@thumbs/SPH/Butterfly Rover
[LOG 11:58:19.999] Load Cached PNG Texture: SquadExpansion/Serenity/Ships/@thumbs/SPH/Jeb_s Quadtaxi
[LOG 11:58:20.004] Load Cached PNG Texture: SquadExpansion/Serenity/Ships/@thumbs/SPH/Kerbodyne Rotodyne
[LOG 11:58:20.010] Load Cached PNG Texture: SquadExpansion/Serenity/Ships/@thumbs/SPH/Seahawk
[LOG 11:58:20.019] Load Cached PNG Texture: SquadExpansion/Serenity/Ships/@thumbs/SPH/Val-Thopter
[LOG 11:58:20.025] Load MU model: Squad/FX/afterburner_flame
[LOG 11:58:20.031] Load MU model: Squad/FX/afterburner_shock
[LOG 11:58:20.035] Load MU model: Squad/FX/diamondBlue
[LOG 11:58:20.040] Load MU model: Squad/FX/exhaustFlames_blue
[LOG 11:58:20.117] Load MU model: Squad/FX/hydroLOXFlame
[LOG 11:58:20.117] Load MU model: Squad/FX/IonPlume
[LOG 11:58:20.117] Load MU model: Squad/FX/ks1_Exhaust
[LOG 11:58:20.117] Load MU model: Squad/FX/ks25_Exhaust
[LOG 11:58:20.117] Load MU model: Squad/FX/ksX_Exhaust
[LOG 11:58:20.118] Load MU model: Squad/FX/LES_Thruster
[LOG 11:58:20.118] Load MU model: Squad/FX/Monoprop_big
[LOG 11:58:20.118] Load MU model: Squad/FX/Monoprop_medium
[LOG 11:58:20.118] Load MU model: Squad/FX/Monoprop_small
[LOG 11:58:20.118] Load MU model: Squad/FX/shockExhaust_blue
[LOG 11:58:20.119] Load MU model: Squad/FX/shockExhaust_blue_small
[LOG 11:58:20.119] Load MU model: Squad/FX/shockExhaust_red_small
[LOG 11:58:20.119] Load MU model: Squad/FX/SRB_Large
[LOG 11:58:20.119] Load MU model: Squad/FX/SRB_LargeSparks
[LOG 11:58:20.120] Load MU model: Squad/Parts/Aero/aerodynamicNoseCone/aerodynamicNoseCone
[LOG 11:58:20.122] Load MU model: Squad/Parts/Aero/airbrake/Airbrake
[LOG 11:58:20.124] Load MU model: Squad/Parts/Aero/airIntakeRadialXM-G50/RadialIntake
[LOG 11:58:20.128] Load MU model: Squad/Parts/Aero/airlinerWings/ControlSurface
[LOG 11:58:20.133] Load MU model: Squad/Parts/Aero/airlinerWings/MainWing
[LOG 11:58:20.137] Load MU model: Squad/Parts/Aero/airlinerWings/TailFin
[LOG 11:58:20.141] Load MU model: Squad/Parts/Aero/airplaneFins/AdvCanard
[LOG 11:58:20.146] Load MU model: Squad/Parts/Aero/airplaneFins/Canard
[LOG 11:58:20.151] Load MU model: Squad/Parts/Aero/airplaneFins/Swept
[LOG 11:58:20.156] Load MU model: Squad/Parts/Aero/airplaneFins/TailFin
[LOG 11:58:20.163] Load MU model: Squad/Parts/Aero/basicFin/basicFin
[LOG 11:58:20.167] Load MU model: Squad/Parts/Aero/circularIntake/CircularIntake
[LOG 11:58:20.171] Load MU model: Squad/Parts/Aero/circularIntake/ConeIntake
[LOG 11:58:20.176] Load MU model: Squad/Parts/Aero/cones/Assets/AvioCone
[LOG 11:58:20.180] Load MU model: Squad/Parts/Aero/cones/Assets/ConeA
[LOG 11:58:20.185] Load MU model: Squad/Parts/Aero/cones/Assets/ConeB
[LOG 11:58:20.193] Load MU model: Squad/Parts/Aero/cones/Assets/NCS
[LOG 11:58:20.197] Load MU model: Squad/Parts/Aero/cones/Assets/orangeNoseCone
[LOG 11:58:20.203] Load MU model: Squad/Parts/Aero/cones/Assets/rocketNoseCone
[LOG 11:58:20.207] Load MU model: Squad/Parts/Aero/cones/Assets/rocketNoseCone_v2
[LOG 11:58:20.211] Load MU model: Squad/Parts/Aero/cones/Assets/rocketNoseCone_v3
[LOG 11:58:20.216] Load MU model: Squad/Parts/Aero/cones/Assets/TailA
[LOG 11:58:20.221] Load MU model: Squad/Parts/Aero/cones/Assets/TailB
[LOG 11:58:20.227] Load MU model: Squad/Parts/Aero/cones/Assets/TinyCone
[LOG 11:58:20.231] Load MU model: Squad/Parts/Aero/fairings/AutoTruss
[LOG 11:58:20.236] Load MU model: Squad/Parts/Aero/fairings/fairingSize1
[LOG 11:58:20.240] Load MU model: Squad/Parts/Aero/fairings/fairingSize2
[LOG 11:58:20.244] Load MU model: Squad/Parts/Aero/fairings/fairingSize3
[LOG 11:58:20.249] Load MU model: Squad/Parts/Aero/HeatShield/HeatShield0
[LOG 11:58:20.254] Load MU model: Squad/Parts/Aero/HeatShield/HeatShield1
[LOG 11:58:20.259] Load MU model: Squad/Parts/Aero/HeatShield/HeatShield2
[LOG 11:58:20.263] Load MU model: Squad/Parts/Aero/HeatShield/HeatShield3
[LOG 11:58:20.270] Load MU model: Squad/Parts/Aero/InflatableHeatShield/HeatShield
[LOG 11:58:20.275] Load MU model: Squad/Parts/Aero/intakeRadialLong/IntakeRadial
[LOG 11:58:20.281] Load MU model: Squad/Parts/Aero/miniIntake/SmallIntake
[LOG 11:58:20.285] Load MU model: Squad/Parts/Aero/ramAirIntake/RampIntake
[LOG 11:58:20.289] Load MU model: Squad/Parts/Aero/shuttleWings/ShuttleDeltaWing
[LOG 11:58:20.294] Load MU model: Squad/Parts/Aero/shuttleWings/ShuttleElevonA
[LOG 11:58:20.300] Load MU model: Squad/Parts/Aero/shuttleWings/ShuttleElevonB
[LOG 11:58:20.305] Load MU model: Squad/Parts/Aero/shuttleWings/ShuttleRudder
[LOG 11:58:20.309] Load MU model: Squad/Parts/Aero/shuttleWings/ShuttleStrake
[LOG 11:58:20.313] Load MU model: Squad/Parts/Aero/wingletAV-R8/model
[LOG 11:58:20.319] Load MU model: Squad/Parts/Aero/wingletAV-T1/model
[LOG 11:58:20.323] Load MU model: Squad/Parts/Aero/wingletDeltaDeluxe/model
[LOG 11:58:20.329] Load MU model: Squad/Parts/Aero/wings/connector1
[LOG 11:58:20.333] Load MU model: Squad/Parts/Aero/wings/connector2
[LOG 11:58:20.337] Load MU model: Squad/Parts/Aero/wings/connector3
[LOG 11:58:20.342] Load MU model: Squad/Parts/Aero/wings/connector4
[LOG 11:58:20.347] Load MU model: Squad/Parts/Aero/wings/connector5
[LOG 11:58:20.351] Load MU model: Squad/Parts/Aero/wings/delta
[LOG 11:58:20.355] Load MU model: Squad/Parts/Aero/wings/delta_small
[LOG 11:58:20.360] Load MU model: Squad/Parts/Aero/wings/elevon1
[LOG 11:58:20.366] Load MU model: Squad/Parts/Aero/wings/elevon2
[LOG 11:58:20.371] Load MU model: Squad/Parts/Aero/wings/elevon3
[LOG 11:58:20.375] Load MU model: Squad/Parts/Aero/wings/elevon4
[LOG 11:58:20.380] Load MU model: Squad/Parts/Aero/wings/elevon5
[LOG 11:58:20.384] Load MU model: Squad/Parts/Aero/wings/strake
[LOG 11:58:20.389] Load MU model: Squad/Parts/Aero/wings/structural1
[LOG 11:58:20.394] Load MU model: Squad/Parts/Aero/wings/structural2
[LOG 11:58:20.399] Load MU model: Squad/Parts/Aero/wings/structural3
[LOG 11:58:20.403] Load MU model: Squad/Parts/Aero/wings/structural4
[LOG 11:58:20.409] Load MU model: Squad/Parts/Aero/wings/swept1
[LOG 11:58:20.413] Load MU model: Squad/Parts/Aero/wings/swept2
[LOG 11:58:20.417] Load MU model: Squad/Parts/Cargo/CargoContainers/cargoContainer
[LOG 11:58:20.421] Load MU model: Squad/Parts/Cargo/CargoContainers/smallCargoContainer
[LOG 11:58:20.426] Load MU model: Squad/Parts/Cargo/Cylinder/EVAcylinder
[LOG 11:58:20.432] Load MU model: Squad/Parts/Cargo/GroundAnchor/groundAnchor
[LOG 11:58:20.443] Load MU model: Squad/Parts/Cargo/Jetpack/Jetpack
[LOG 11:58:20.448] Load MU model: Squad/Parts/Cargo/Parachute/Parachute
[LOG 11:58:20.453] Load MU model: Squad/Parts/Cargo/RepairKit/RepairKit
[LOG 11:58:20.465] Load MU model: Squad/Parts/Cargo/ScienceKit/ExperimentKit
[LOG 11:58:20.467] Load MU model: Squad/Parts/Cargo/StorageUnits/Assets/CargoStorageUnit
[LOG 11:58:20.467] Load MU model: Squad/Parts/Cargo/StorageUnits/Assets/ConformalStorageUnit
[LOG 11:58:20.472] Load MU model: Squad/Parts/Command/advancedSasModuleLarge/model
[LOG 11:58:20.477] Load MU model: Squad/Parts/Command/cupola/model
[LOG 11:58:20.480] Load MU model: Squad/Parts/Command/externalCommandSeat/model
[LOG 11:58:20.485] Load MU model: Squad/Parts/Command/hitchhikerStorageContainer/model
[LOG 11:58:20.491] Load MU model: Squad/Parts/Command/inlineAdvancedStabilizer/model
[LOG 11:58:20.495] Load MU model: Squad/Parts/Command/inlineReactionWheel/model
[LOG 11:58:20.500] Load MU model: Squad/Parts/Command/Mk1-3Pod/Mk1-3
[LOG 11:58:20.505] Load MU model: Squad/Parts/Command/mk1Cockpits/Cabin
[LOG 11:58:20.511] Load MU model: Squad/Parts/Command/mk1Cockpits/CockpitInline
[LOG 11:58:20.516] Load MU model: Squad/Parts/Command/mk1Cockpits/CockpitStandard
[LOG 11:58:20.529] Load MU model: Squad/Parts/Command/mk1LanderCan/model
[LOG 11:58:20.529] Load MU model: Squad/Parts/Command/mk1pod_v2/Mk1Pod_v2
[LOG 11:58:20.532] Load MU model: Squad/Parts/Command/mk2CockpitInline/model
[LOG 11:58:20.536] Load MU model: Squad/Parts/Command/mk2CockpitStandard/model
[LOG 11:58:20.542] Load MU model: Squad/Parts/Command/mk2DroneCore/model
[LOG 11:58:20.547] Load MU model: Squad/Parts/Command/mk2LanderCan/model
[LOG 11:58:20.553] Load MU model: Squad/Parts/Command/mk2LanderCan_v2/mk2LanderCan
[LOG 11:58:20.558] Load MU model: Squad/Parts/Command/mk3CockpitShuttle/model
[LOG 11:58:20.564] Load MU model: Squad/Parts/Command/MpoProbe/MpoProbe
[LOG 11:58:20.568] Load MU model: Squad/Parts/Command/MtmStage/MTM_Stage
[LOG 11:58:20.574] Load MU model: Squad/Parts/Command/probeCoreCube/probeCoreCube
[LOG 11:58:20.579] Load MU model: Squad/Parts/Command/probeCoreHex/model
[LOG 11:58:20.586] Load MU model: Squad/Parts/Command/probeCoreHex_v2/model
[LOG 11:58:20.591] Load MU model: Squad/Parts/Command/probeCoreOcto2_v2/probeCoreOcto2_v2
[LOG 11:58:20.596] Load MU model: Squad/Parts/Command/probeCoreOcto_v2/probeCoreOcto_v2
[LOG 11:58:20.602] Load MU model: Squad/Parts/Command/probeRoverBody/model
[LOG 11:58:20.607] Load MU model: Squad/Parts/Command/probeRoverBody_v2/probeRoverBody_v2
[LOG 11:58:20.611] Load MU model: Squad/Parts/Command/probeStackLarge/model
[LOG 11:58:20.617] Load MU model: Squad/Parts/Command/probeStackSmall/model
[LOG 11:58:20.622] Load MU model: Squad/Parts/Command/probeStackSphere_v2/probeStackSphere_v2
[LOG 11:58:20.627] Load MU model: Squad/Parts/CompoundParts/FuelLine/model
[LOG 11:58:20.632] Load MU model: Squad/Parts/CompoundParts/strutConnector/model
[LOG 11:58:20.637] Load MU model: Squad/Parts/Coupling/Assets/Decoupler_0
[LOG 11:58:20.642] Load MU model: Squad/Parts/Coupling/Assets/Decoupler_1
[LOG 11:58:20.647] Load MU model: Squad/Parts/Coupling/Assets/Decoupler_1p5
[LOG 11:58:20.653] Load MU model: Squad/Parts/Coupling/Assets/Decoupler_2
[LOG 11:58:20.659] Load MU model: Squad/Parts/Coupling/Assets/Decoupler_3
[LOG 11:58:20.664] Load MU model: Squad/Parts/Coupling/Assets/Decoupler_4
[LOG 11:58:20.669] Load MU model: Squad/Parts/Coupling/Assets/Separator_0
[LOG 11:58:20.674] Load MU model: Squad/Parts/Coupling/Assets/Separator_1
[LOG 11:58:20.679] Load MU model: Squad/Parts/Coupling/Assets/Separator_1p5
[LOG 11:58:20.684] Load MU model: Squad/Parts/Coupling/Assets/Separator_2
[LOG 11:58:20.690] Load MU model: Squad/Parts/Coupling/Assets/Separator_3
[LOG 11:58:20.695] Load MU model: Squad/Parts/Coupling/Assets/Separator_4
[LOG 11:58:20.701] Load MU model: Squad/Parts/Electrical/10CSolarPanels/assets/OX-10C
[LOG 11:58:20.706] Load MU model: Squad/Parts/Electrical/10CSolarPanels/assets/SP-10C
[LOG 11:58:20.711] Load MU model: Squad/Parts/Electrical/10LSolarPanels/assets/OX-10L
[LOG 11:58:20.715] Load MU model: Squad/Parts/Electrical/10LSolarPanels/assets/SP-10L
[LOG 11:58:20.721] Load MU model: Squad/Parts/Electrical/1x6ShroudSolarPanels/model
[LOG 11:58:20.727] Load MU model: Squad/Parts/Electrical/1x6SolarPanels/model
[LOG 11:58:20.731] Load MU model: Squad/Parts/Electrical/3x2ShroudSolarPanels/model
[LOG 11:58:20.736] Load MU model: Squad/Parts/Electrical/3x2SolarPanels/model
[LOG 11:58:20.742] Load MU model: Squad/Parts/Electrical/gigantorXlSolarArray/model
[LOG 11:58:20.747] Load MU model: Squad/Parts/Electrical/radialFlatSolarPanel/model
[LOG 11:58:20.751] Load MU model: Squad/Parts/Electrical/RTG/model
[LOG 11:58:20.756] Load MU model: Squad/Parts/Electrical/z-100Battery/model
[LOG 11:58:20.762] Load MU model: Squad/Parts/Electrical/z-1kBattery/model
[LOG 11:58:20.767] Load MU model: Squad/Parts/Electrical/z-200Battery/model
[LOG 11:58:20.771] Load MU model: Squad/Parts/Electrical/z-400Battery/model
[LOG 11:58:20.776] Load MU model: Squad/Parts/Electrical/z-4kBattery/model
[LOG 11:58:20.782] Load MU model: Squad/Parts/Engine/ionEngine/model
[LOG 11:58:20.787] Load MU model: Squad/Parts/Engine/jetEngines/turbineInside
[LOG 11:58:20.791] Load MU model: Squad/Parts/Engine/jetEngines/turboFanSize1
[LOG 11:58:20.797] Load MU model: Squad/Parts/Engine/jetEngines/turboFanSize2
[LOG 11:58:20.803] Load MU model: Squad/Parts/Engine/jetEngines/turboJet
[LOG 11:58:20.807] Load MU model: Squad/Parts/Engine/jetEngines/turboRamJet
[LOG 11:58:20.812] Load MU model: Squad/Parts/Engine/liquidEngine24-77/model
[LOG 11:58:20.818] Load MU model: Squad/Parts/Engine/liquidEngine24-77_v2/Twitch_v2
[LOG 11:58:20.823] Load MU model: Squad/Parts/Engine/liquidEngine48-7S_v2/SparkV2
[LOG 11:58:20.828] Load MU model: Squad/Parts/Engine/liquidEngineAerospike/AeroSpike
[LOG 11:58:20.834] Load MU model: Squad/Parts/Engine/liquidEngineLV-1_v2/Assets/Ant
[LOG 11:58:20.839] Load MU model: Squad/Parts/Engine/liquidEngineLV-1_v2/Assets/Spider
[LOG 11:58:20.938] Load MU model: Squad/Parts/Engine/liquidEngineLV-909_v2/TerrierV2
[LOG 11:58:20.945] Load MU model: Squad/Parts/Engine/liquidEngineLV-N/model
[LOG 11:58:20.950] Load MU model: Squad/Parts/Engine/liquidEngineLV-T30/model
[LOG 11:58:20.956] Load MU model: Squad/Parts/Engine/liquidEngineLV-T30_v2/Reliant_v2
[LOG 11:58:20.962] Load MU model: Squad/Parts/Engine/liquidEngineLV-T45/model
[LOG 11:58:20.967] Load MU model: Squad/Parts/Engine/liquidEngineLV-T45_v2/Swivel_v2
[LOG 11:58:20.973] Load MU model: Squad/Parts/Engine/liquidEngineMainsail_v2/liquidEngineMainsail_v2
[LOG 11:58:20.979] Load MU model: Squad/Parts/Engine/liquidEngineMk55/Thud
[LOG 11:58:20.985] Load MU model: Squad/Parts/Engine/liquidEnginePoodle_v2/LqdEnginePoodle_v2
[LOG 11:58:20.991] Load MU model: Squad/Parts/Engine/liquidEngineSkipper_v2/skipper_v2
[LOG 11:58:20.996] Load MU model: Squad/Parts/Engine/liquidEngineSSME/SSME
[LOG 11:58:21.000] Load MU model: Squad/Parts/Engine/MassiveSRB/MassiveSRB
[LOG 11:58:21.005] Load MU model: Squad/Parts/Engine/miniJet/SmallJet
[LOG 11:58:21.014] Load MU model: Squad/Parts/Engine/OMSEngine/Puff_v2
[LOG 11:58:21.019] Load MU model: Squad/Parts/Engine/rapierEngine/rapier
[LOG 11:58:21.024] Load MU model: Squad/Parts/Engine/Size1_SRBs/SRB10
[LOG 11:58:21.030] Load MU model: Squad/Parts/Engine/Size1_SRBs/SRB5
[LOG 11:58:21.035] Load MU model: Squad/Parts/Engine/Size2LFB/Size2LFB
[LOG 11:58:21.040] Load MU model: Squad/Parts/Engine/Size2LFB_v2/Size2LFB_v2
[LOG 11:58:21.046] Load MU model: Squad/Parts/Engine/Size3AdvancedEngine/Size3AdvancedEngine
[LOG 11:58:21.051] Load MU model: Squad/Parts/Engine/Size3EngineCluster/Size3EngineCluster
[LOG 11:58:21.057] Load MU model: Squad/Parts/Engine/solidBoosterBACC/model
[LOG 11:58:21.062] Load MU model: Squad/Parts/Engine/solidBoosterS2-17/solidBoosterS2-17
[LOG 11:58:21.067] Load MU model: Squad/Parts/Engine/solidBoosterS2-33/solidBoosterS2-33
[LOG 11:58:21.073] Load MU model: Squad/Parts/Engine/solidBoosterSep/model
[LOG 11:58:21.077] Load MU model: Squad/Parts/Engine/SolidBoostersF/Assets/SolidBoosterF3S0
[LOG 11:58:21.083] Load MU model: Squad/Parts/Engine/SolidBoostersF/Assets/SolidBoosterFM1
[LOG 11:58:21.088] Load MU model: Squad/Parts/FuelTank/adapterTanks/Mk3-Mk2
[LOG 11:58:21.095] Load MU model: Squad/Parts/FuelTank/adapterTanks/Mk3-Size2
[LOG 11:58:21.100] Load MU model: Squad/Parts/FuelTank/adapterTanks/Mk3-Size2Slant
[LOG 11:58:21.105] Load MU model: Squad/Parts/FuelTank/adapterTanks/ShuttleAdapter
[LOG 11:58:21.110] Load MU model: Squad/Parts/FuelTank/adapterTanks/Size2-Mk2
[LOG 11:58:21.115] Load MU model: Squad/Parts/FuelTank/adapterTanks/Size2-Size1
[LOG 11:58:21.121] Load MU model: Squad/Parts/FuelTank/adapterTanks/Size2-Size1Slant
[LOG 11:58:21.126] Load MU model: Squad/Parts/FuelTank/adapterTanks/Size3-Mk3
[LOG 11:58:21.131] Load MU model: Squad/Parts/FuelTank/drainTankFTE-1/fuelValve
[LOG 11:58:21.137] Load MU model: Squad/Parts/FuelTank/FoilTanks/RadialTank_Capsule
[LOG 11:58:21.142] Load MU model: Squad/Parts/FuelTank/FoilTanks/RadialTank_Round
[LOG 11:58:21.147] Load MU model: Squad/Parts/FuelTank/FoilTanks/ToroidTank
[LOG 11:58:21.152] Load MU model: Squad/Parts/FuelTank/fuelTankOscarB/model
[LOG 11:58:21.157] Load MU model: Squad/Parts/FuelTank/miniFuselage/Fuselage
[LOG 11:58:21.162] Load MU model: Squad/Parts/FuelTank/mk2Adapters/bicoupler
[LOG 11:58:21.167] Load MU model: Squad/Parts/FuelTank/mk2Adapters/long
[LOG 11:58:21.172] Load MU model: Squad/Parts/FuelTank/mk2Adapters/standard
[LOG 11:58:21.177] Load MU model: Squad/Parts/FuelTank/mk2FuselageLong/FuselageLongLFO
[LOG 11:58:21.184] Load MU model: Squad/Parts/FuelTank/mk2FuselageLong/FuselageLongLiquid
[LOG 11:58:21.189] Load MU model: Squad/Parts/FuelTank/mk2FuselageShort/FuselageShortLFO
[LOG 11:58:21.193] Load MU model: Squad/Parts/FuelTank/mk2FuselageShort/FuselageShortLiquid
[LOG 11:58:21.199] Load MU model: Squad/Parts/FuelTank/mk2FuselageShort/FuselageShortMono
[LOG 11:58:21.205] Load MU model: Squad/Parts/FuelTank/mk3Fuselage/CREW
[LOG 11:58:21.209] Load MU model: Squad/Parts/FuelTank/mk3Fuselage/LFO_100
[LOG 11:58:21.215] Load MU model: Squad/Parts/FuelTank/mk3Fuselage/LFO_25
[LOG 11:58:21.220] Load MU model: Squad/Parts/FuelTank/mk3Fuselage/LFO_50
[LOG 11:58:21.225] Load MU model: Squad/Parts/FuelTank/mk3Fuselage/LF_100
[LOG 11:58:21.230] Load MU model: Squad/Parts/FuelTank/mk3Fuselage/LF_25
[LOG 11:58:21.235] Load MU model: Squad/Parts/FuelTank/mk3Fuselage/LF_50
[LOG 11:58:21.241] Load MU model: Squad/Parts/FuelTank/mk3Fuselage/MONO
[LOG 11:58:21.246] Load MU model: Squad/Parts/FuelTank/RCSFuelTankR1/RCSFuelTankR1_01
[LOG 11:58:21.251] Load MU model: Squad/Parts/FuelTank/RCSFuelTankR10/model
[LOG 11:58:21.256] Load MU model: Squad/Parts/FuelTank/RCSFuelTankR25/RCSFuelTankR25
[LOG 11:58:21.261] Load MU model: Squad/Parts/FuelTank/RCSTankRadial/model
[LOG 11:58:21.266] Load MU model: Squad/Parts/FuelTank/RCStankRadialLong/model
[LOG 11:58:21.271] Load MU model: Squad/Parts/FuelTank/RockomaxTanks/Assets/Rockomax16
[LOG 11:58:21.277] Load MU model: Squad/Parts/FuelTank/RockomaxTanks/Assets/Rockomax32
[LOG 11:58:21.281] Load MU model: Squad/Parts/FuelTank/RockomaxTanks/Assets/Rockomax64
[LOG 11:58:21.286] Load MU model: Squad/Parts/FuelTank/RockomaxTanks/Assets/Rockomax8
[LOG 11:58:21.292] Load MU model: Squad/Parts/FuelTank/Size1_Tanks/Size1Tank_01
[LOG 11:58:21.297] Load MU model: Squad/Parts/FuelTank/Size1_Tanks/Size1Tank_02
[LOG 11:58:21.302] Load MU model: Squad/Parts/FuelTank/Size1_Tanks/Size1Tank_03
[LOG 11:58:21.307] Load MU model: Squad/Parts/FuelTank/Size1_Tanks/Size1Tank_04
[LOG 11:58:21.313] Load MU model: Squad/Parts/FuelTank/Size3Tanks/Size3LargeTank
[LOG 11:58:21.319] Load MU model: Squad/Parts/FuelTank/Size3Tanks/Size3MediumTank
[LOG 11:58:21.324] Load MU model: Squad/Parts/FuelTank/Size3Tanks/Size3SmallTank
[LOG 11:58:21.329] Load MU model: Squad/Parts/FuelTank/xenonTank/model
[LOG 11:58:21.334] Load MU model: Squad/Parts/FuelTank/xenonTankLarge/model
[LOG 11:58:21.339] Load MU model: Squad/Parts/FuelTank/xenonTankRadial/model
[LOG 11:58:21.343] Load MU model: Squad/Parts/Misc/AsteroidDay/CamSat
[LOG 11:58:21.349] Load MU model: Squad/Parts/Misc/AsteroidDay/HECS2
[LOG 11:58:21.354] Load MU model: Squad/Parts/Misc/AsteroidDay/HighGainAntenna
[LOG 11:58:21.359] Load MU model: Squad/Parts/Misc/AsteroidDay/LgRadialSolar
[LOG 11:58:21.364] Load MU model: Squad/Parts/Misc/PotatoComet/Cube
[LOG 11:58:21.364] Load MU model: Squad/Parts/Misc/PotatoRoid/Cube
[LOG 11:58:21.369] Load MU model: Squad/Parts/Resources/FuelCell/FuelCell
[LOG 11:58:21.375] Load MU model: Squad/Parts/Resources/FuelCell/FuelCellArray
[LOG 11:58:21.379] Load MU model: Squad/Parts/Resources/ISRU/ISRU
[LOG 11:58:21.386] Load MU model: Squad/Parts/Resources/LargeTank/LargeTank
[LOG 11:58:21.391] Load MU model: Squad/Parts/Resources/MiniDrill/MiniDrill
[LOG 11:58:21.396] Load MU model: Squad/Parts/Resources/MiniISRU/MiniISRU
[LOG 11:58:21.401] Load MU model: Squad/Parts/Resources/OrbitalScanner/OrbitalScanner
[LOG 11:58:21.407] Load MU model: Squad/Parts/Resources/RadialDrill/TriBitDrill
[LOG 11:58:21.412] Load MU model: Squad/Parts/Resources/RadialTank/RadialOreTank
[LOG 11:58:21.417] Load MU model: Squad/Parts/Resources/SmallTank/SmallTank
[LOG 11:58:21.423] Load MU model: Squad/Parts/Resources/SurfaceScanner/SurfaceScanner
[LOG 11:58:21.429] Load MU model: Squad/Parts/Resources/SurveyScanner/SurveyScanner
[LOG 11:58:21.434] Load MU model: Squad/Parts/Science/AtmosphereSensor/model
[LOG 11:58:21.439] Load MU model: Squad/Parts/Science/GooExperiment/GooExperiment
[LOG 11:58:21.444] Load MU model: Squad/Parts/Science/LargeCrewedLab/large_crewed_lab
[LOG 11:58:21.449] Load MU model: Squad/Parts/Science/Magnetometer/Magnetometer
[LOG 11:58:21.455] Load MU model: Squad/Parts/Science/MaterialBay/science_module_small
[LOG 11:58:21.460] Load MU model: Squad/Parts/Science/ScienceBox/ScienceBox
[LOG 11:58:21.464] Load MU model: Squad/Parts/Science/sensorAccelerometer/model
[LOG 11:58:21.470] Load MU model: Squad/Parts/Science/sensorBarometer/model
[LOG 11:58:21.475] Load MU model: Squad/Parts/Science/sensorGravimeter/model
[LOG 11:58:21.479] Load MU model: Squad/Parts/Science/sensorThermometer/model
[LOG 11:58:21.485] Load MU model: Squad/Parts/Structural/FLAdapters/Assets/adapterSmallMiniShort_v2
[LOG 11:58:21.491] Load MU model: Squad/Parts/Structural/FLAdapters/Assets/adapterSmallMiniTall_v2
[LOG 11:58:21.496] Load MU model: Squad/Parts/Structural/mk1Parts/Fuselage
[LOG 11:58:21.501] Load MU model: Squad/Parts/Structural/mk1Parts/IntakeFuselage
[LOG 11:58:21.506] Load MU model: Squad/Parts/Structural/mk1Parts/Nacelle1
[LOG 11:58:21.512] Load MU model: Squad/Parts/Structural/mk1Parts/Nacelle2
[LOG 11:58:21.518] Load MU model: Squad/Parts/Structural/mk1Parts/Structural
[LOG 11:58:21.522] Load MU model: Squad/Parts/Structural/mk1Parts/StructuralHollow
[LOG 11:58:21.529] Load MU model: Squad/Parts/Structural/Size3To2Adapter_v2/Size2to3_v2
[LOG 11:58:21.534] Load MU model: Squad/Parts/Structural/stackAdapters/Assets/adapterLargeSmallBi
[LOG 11:58:21.539] Load MU model: Squad/Parts/Structural/stackAdapters/Assets/adapterLargeSmallQuad
[LOG 11:58:21.544] Load MU model: Squad/Parts/Structural/stackAdapters/Assets/adapterLargeSmallTri
[LOG 11:58:21.549] Load MU model: Squad/Parts/Structural/stationHub/model
[LOG 11:58:21.554] Load MU model: Squad/Parts/Structural/structuralIBeam200/model
[LOG 11:58:21.559] Load MU model: Squad/Parts/Structural/structuralIBeam200Pocket/model
[LOG 11:58:21.564] Load MU model: Squad/Parts/Structural/structuralIBeam650/model
[LOG 11:58:21.569] Load MU model: Squad/Parts/Structural/structuralMicronode/model
[LOG 11:58:21.575] Load MU model: Squad/Parts/Structural/structuralPanel1x1/model
[LOG 11:58:21.579] Load MU model: Squad/Parts/Structural/structuralPanel2x2/model
[LOG 11:58:21.584] Load MU model: Squad/Parts/Structural/structuralPylons/PylonBig
[LOG 11:58:21.590] Load MU model: Squad/Parts/Structural/structuralPylons/PylonSmall
[LOG 11:58:21.595] Load MU model: Squad/Parts/Structural/strutCubicOcto/model
[LOG 11:58:21.600] Load MU model: Squad/Parts/Structural/strutOcto/model
[LOG 11:58:21.605] Load MU model: Squad/Parts/Structural/trussGirderAdapter/model
[LOG 11:58:21.610] Load MU model: Squad/Parts/Structural/trussGirderL/model
[LOG 11:58:21.615] Load MU model: Squad/Parts/Structural/trussGirderXL/model
[LOG 11:58:21.621] Load MU model: Squad/Parts/Thermal/FoldingRadiators/foldingRadLarge
[LOG 11:58:21.627] Load MU model: Squad/Parts/Thermal/FoldingRadiators/foldingRadMed
[LOG 11:58:21.632] Load MU model: Squad/Parts/Thermal/FoldingRadiators/foldingRadSmall
[LOG 11:58:21.637] Load MU model: Squad/Parts/Thermal/RadiatorPanels/radPanelEdge
[LOG 11:58:21.643] Load MU model: Squad/Parts/Thermal/RadiatorPanels/radPanelLg
[LOG 11:58:21.649] Load MU model: Squad/Parts/Thermal/RadiatorPanels/radPanelSm
[LOG 11:58:21.654] Load MU model: Squad/Parts/Utility/commDish88-88/model
[LOG 11:58:21.659] Load MU model: Squad/Parts/Utility/commsAntennaDTS-M1/mediumDishAntenna
[LOG 11:58:21.664] Load MU model: Squad/Parts/Utility/commsDish16/model
[LOG 11:58:21.671] Load MU model: Squad/Parts/Utility/decouplerRadialHDM/model
[LOG 11:58:21.675] Load MU model: Squad/Parts/Utility/decouplerRadialTT-38K/model
[LOG 11:58:21.681] Load MU model: Squad/Parts/Utility/decouplerRadialTT-70/model
[LOG 11:58:21.686] Load MU model: Squad/Parts/Utility/DirectAntennas/HGAntenna
[LOG 11:58:21.690] Load MU model: Squad/Parts/Utility/DirectAntennas/HGAntenna_v2
[LOG 11:58:21.695] Load MU model: Squad/Parts/Utility/DirectAntennas/SurfAntenna
[LOG 11:58:21.701] Load MU model: Squad/Parts/Utility/dockingPort/dockingPort
[LOG 11:58:21.706] Load MU model: Squad/Parts/Utility/dockingPortInline/dockingPortInline
[LOG 11:58:21.712] Load MU model: Squad/Parts/Utility/dockingPortJr/dockingPortJr
[LOG 11:58:21.717] Load MU model: Squad/Parts/Utility/dockingPortShielded/dockingPortShielded
[LOG 11:58:21.723] Load MU model: Squad/Parts/Utility/dockingPortSr/dockingPortSr
[LOG 11:58:21.729] Load MU model: Squad/Parts/Utility/Fireworks/Assets/fireworksLauncherBig
[LOG 11:58:21.734] Load MU model: Squad/Parts/Utility/Fireworks/Assets/fireworksLauncherSmall
[LOG 11:58:21.739] Load MU model: Squad/Parts/Utility/flags/flagFlat/flagFlatMeshes
[LOG 11:58:21.745] Load MU model: Squad/Parts/Utility/flags/flagSize0/flagSize0Meshes
[LOG 11:58:21.751] Load MU model: Squad/Parts/Utility/flags/flagSize1/flagSize1Meshes
[LOG 11:58:21.756] Load MU model: Squad/Parts/Utility/flags/flagSize2/flagSize2Meshes
[LOG 11:58:21.761] Load MU model: Squad/Parts/Utility/flags/flagSize3/flagSize3Meshes
[LOG 11:58:21.766] Load MU model: Squad/Parts/Utility/GrapplingDevice/GrapplingArm
[LOG 11:58:21.771] Load MU model: Squad/Parts/Utility/ladderRadial/model
[LOG 11:58:21.776] Load MU model: Squad/Parts/Utility/ladderTelescopic/model
[LOG 11:58:21.781] Load MU model: Squad/Parts/Utility/ladderTelescopicBay/model
[LOG 11:58:21.787] Load MU model: Squad/Parts/Utility/landingLegLT-1/model
[LOG 11:58:21.793] Load MU model: Squad/Parts/Utility/landingLegLT-2/model
[LOG 11:58:21.797] Load MU model: Squad/Parts/Utility/landingLegLT-5/model
[WRN 11:58:21.799] WheelCollider requires an attached Rigidbody to function.
[WRN 11:58:21.799] WheelCollider requires an attached Rigidbody to function.
[LOG 11:58:21.803] Load MU model: Squad/Parts/Utility/launchClamp1/model
[LOG 11:58:21.809] Load MU model: Squad/Parts/Utility/launchEscapeSystem/LaunchEscapeSystem
[LOG 11:58:21.813] Load MU model: Squad/Parts/Utility/Lights/Assets/light_02
[LOG 11:58:21.820] Load MU model: Squad/Parts/Utility/Lights/Assets/light_03
[LOG 11:58:21.825] Load MU model: Squad/Parts/Utility/Lights/Assets/light_04
[LOG 11:58:21.831] Load MU model: Squad/Parts/Utility/Lights/Assets/light_07
[LOG 11:58:21.837] Load MU model: Squad/Parts/Utility/Lights/Assets/light_08
[LOG 11:58:21.841] Load MU model: Squad/Parts/Utility/Lights/Assets/light_12
[LOG 11:58:21.846] Load MU model: Squad/Parts/Utility/linearVernorRCS/Assets/linearRCS
[LOG 11:58:21.853] Load MU model: Squad/Parts/Utility/linearVernorRCS/Assets/vernorEngine
[LOG 11:58:21.857] Load MU model: Squad/Parts/Utility/mk2CargoBay/BayLarge
[LOG 11:58:21.863] Load MU model: Squad/Parts/Utility/mk2CargoBay/BaySmall
[LOG 11:58:21.869] Load MU model: Squad/Parts/Utility/mk2CrewCabin/model
[LOG 11:58:21.874] Load MU model: Squad/Parts/Utility/mk2DockingPort/mk2Dockingport
[LOG 11:58:21.879] Load MU model: Squad/Parts/Utility/mk3CargoBay/long
[LOG 11:58:21.884] Load MU model: Squad/Parts/Utility/mk3CargoBay/medium
[LOG 11:58:21.890] Load MU model: Squad/Parts/Utility/mk3CargoBay/ramp
[LOG 11:58:21.895] Load MU model: Squad/Parts/Utility/mk3CargoBay/short
[LOG 11:58:21.901] Load MU model: Squad/Parts/Utility/parachuteMk1/model
[LOG 11:58:21.905] Load MU model: Squad/Parts/Utility/parachuteMk12-R/model
[LOG 11:58:21.911] Load MU model: Squad/Parts/Utility/parachuteMk16-XL/model
[LOG 11:58:21.916] Load MU model: Squad/Parts/Utility/parachuteMk2-R/model
[LOG 11:58:21.921] Load MU model: Squad/Parts/Utility/parachuteMk25/model
[LOG 11:58:21.927] Load MU model: Squad/Parts/Utility/radialAttachmentPoint/model
[LOG 11:58:21.933] Load MU model: Squad/Parts/Utility/rcsBlockRV-105_v2/rcsBlock105
[LOG 11:58:21.938] Load MU model: Squad/Parts/Utility/rcsSmallLinear/Assets/RCSLinearSmall
[LOG 11:58:21.944] Load MU model: Squad/Parts/Utility/RelayAntennas/HGAntenna
[LOG 11:58:21.948] Load MU model: Squad/Parts/Utility/RelayAntennas/RA-100
[LOG 11:58:21.953] Load MU model: Squad/Parts/Utility/RelayAntennas/RA-5
[LOG 11:58:21.959] Load MU model: Squad/Parts/Utility/RelayAntennas/RA-50
[LOG 11:58:21.965] Load MU model: Squad/Parts/Utility/rockomaxAdapters/Assets/brandAdapter
[LOG 11:58:21.971] Load MU model: Squad/Parts/Utility/rockomaxAdapters/Assets/brandAdapter02
[LOG 11:58:21.977] Load MU model: Squad/Parts/Utility/ServiceBay_v2/Assets/ServiceBay_125_v2
[LOG 11:58:21.981] Load MU model: Squad/Parts/Utility/ServiceBay_v2/Assets/ServiceBay_250_v2
[LOG 11:58:21.986] Load MU model: Squad/Parts/Utility/smallClaw/smallClaw
[LOG 11:58:21.992] Load MU model: Squad/Parts/Utility/spotLightMk1/model
[LOG 11:58:21.997] Load MU model: Squad/Parts/Utility/spotLightMk1_v2/model
[LOG 11:58:22.002] Load MU model: Squad/Parts/Utility/spotLightMk2/model
[LOG 11:58:22.008] Load MU model: Squad/Parts/Utility/spotLightMk2_v2/model
[LOG 11:58:22.014] Load MU model: Squad/Parts/Utility/stackCouplers/Assets/stackBiCoupler_v2
[LOG 11:58:22.019] Load MU model: Squad/Parts/Utility/stackCouplers/Assets/stackQuadCoupler
[LOG 11:58:22.024] Load MU model: Squad/Parts/Utility/stackCouplers/Assets/stackTriCoupler_v2
[LOG 11:58:22.029] Load MU model: Squad/Parts/Wheel/LandingGear/GearExtraLarge
[WRN 11:58:22.031] WheelCollider requires an attached Rigidbody to function.
[WRN 11:58:22.031] WheelCollider requires an attached Rigidbody to function.
[LOG 11:58:22.036] Load MU model: Squad/Parts/Wheel/LandingGear/GearFixed
[WRN 11:58:22.036] WheelCollider requires an attached Rigidbody to function.
[WRN 11:58:22.036] WheelCollider requires an attached Rigidbody to function.
[LOG 11:58:22.041] Load MU model: Squad/Parts/Wheel/LandingGear/GearFree
[WRN 11:58:22.041] WheelCollider requires an attached Rigidbody to function.
[WRN 11:58:22.041] WheelCollider requires an attached Rigidbody to function.
[LOG 11:58:22.046] Load MU model: Squad/Parts/Wheel/LandingGear/GearLarge
[WRN 11:58:22.046] WheelCollider requires an attached Rigidbody to function.
[WRN 11:58:22.046] WheelCollider requires an attached Rigidbody to function.
[LOG 11:58:22.052] Load MU model: Squad/Parts/Wheel/LandingGear/GearMedium
[WRN 11:58:22.052] WheelCollider requires an attached Rigidbody to function.
[WRN 11:58:22.052] WheelCollider requires an attached Rigidbody to function.
[LOG 11:58:22.056] Load MU model: Squad/Parts/Wheel/LandingGear/GearSmall
[WRN 11:58:22.057] WheelCollider requires an attached Rigidbody to function.
[WRN 11:58:22.057] WheelCollider requires an attached Rigidbody to function.
[LOG 11:58:22.061] Load MU model: Squad/Parts/Wheel/roverWheelM1/model
[WRN 11:58:22.061] WheelCollider requires an attached Rigidbody to function.
[WRN 11:58:22.061] WheelCollider requires an attached Rigidbody to function.
[LOG 11:58:22.067] Load MU model: Squad/Parts/Wheel/roverWheelS2/model
[WRN 11:58:22.067] WheelCollider requires an attached Rigidbody to function.
[WRN 11:58:22.067] WheelCollider requires an attached Rigidbody to function.
[LOG 11:58:22.072] Load MU model: Squad/Parts/Wheel/roverWheelTR-2L/model
[WRN 11:58:22.073] WheelCollider requires an attached Rigidbody to function.
[WRN 11:58:22.073] WheelCollider requires an attached Rigidbody to function.
[LOG 11:58:22.077] Load MU model: Squad/Parts/Wheel/roverWheelXL3/model
[WRN 11:58:22.078] WheelCollider requires an attached Rigidbody to function.
[WRN 11:58:22.078] WheelCollider requires an attached Rigidbody to function.
[LOG 11:58:22.082] Load MU model: Squad/Props/AltimeterThreeHands/model
[LOG 11:58:22.087] Load MU model: Squad/Props/AtmosphereDepth/model
[LOG 11:58:22.093] Load MU model: Squad/Props/AxisIndicator/model
[LOG 11:58:22.097] Load MU model: Squad/Props/buttonsGeneric/circularButton
[LOG 11:58:22.103] Load MU model: Squad/Props/buttonsGeneric/clusterButtons
[LOG 11:58:22.109] Load MU model: Squad/Props/buttonsGeneric/clusterButtons2
[LOG 11:58:22.114] Load MU model: Squad/Props/buttonsGeneric/clusterKnob
[LOG 11:58:22.120] Load MU model: Squad/Props/buttonsGeneric/clusterKnob2
[LOG 11:58:22.125] Load MU model: Squad/Props/buttonsGeneric/clusterMixed
[LOG 11:58:22.130] Load MU model: Squad/Props/buttonsGeneric/clusterSwitches01
[LOG 11:58:22.134] Load MU model: Squad/Props/buttonsGeneric/clusterSwitches02
[LOG 11:58:22.140] Load MU model: Squad/Props/buttonsGeneric/clusterSwitches03
[LOG 11:58:22.146] Load MU model: Squad/Props/buttonsGeneric/clusterSwitches04
[LOG 11:58:22.151] Load MU model: Squad/Props/buttonsGeneric/clusterSwitches05
[LOG 11:58:22.156] Load MU model: Squad/Props/buttonsGeneric/clusterSwitches06
[LOG 11:58:22.162] Load MU model: Squad/Props/buttonsGeneric/clusterSwitches07
[LOG 11:58:22.167] Load MU model: Squad/Props/buttonsGeneric/directionalKnob
[LOG 11:58:22.171] Load MU model: Squad/Props/buttonsGeneric/directionalKnob2
[LOG 11:58:22.177] Load MU model: Squad/Props/buttonsGeneric/pullSwitch
[LOG 11:58:22.184] Load MU model: Squad/Props/buttonsGeneric/squareButton
[LOG 11:58:22.189] Load MU model: Squad/Props/buttonsGeneric/standingSwitch
[LOG 11:58:22.194] Load MU model: Squad/Props/buttonsGeneric/switch
[LOG 11:58:22.198] Load MU model: Squad/Props/buttonsGeneric/switchWithGuards
[LOG 11:58:22.203] Load MU model: Squad/Props/ButtonSquare/model
[LOG 11:58:22.209] Load MU model: Squad/Props/circularButton/model
[LOG 11:58:22.214] Load MU model: Squad/Props/Compass/model
[LOG 11:58:22.221] Load MU model: Squad/Props/directionalKnob/model
[LOG 11:58:22.226] Load MU model: Squad/Props/directionalKnob2/model
[LOG 11:58:22.232] Load MU model: Squad/Props/IndicatorPanel/model
[LOG 11:58:22.239] Load MU model: Squad/Props/IVANavBall/model
[LOG 11:58:22.245] Load MU model: Squad/Props/IVANavBallNoBase/model
[LOG 11:58:22.251] Load MU model: Squad/Props/ledPanelSpeed/model
[LOG 11:58:22.256] Load MU model: Squad/Props/Monitor/MonitorDockingMode
[LOG 11:58:22.262] Load MU model: Squad/Props/NavBall/model
[LOG 11:58:22.266] Load MU model: Squad/Props/PropsGeneric/Button_DockingMode
[LOG 11:58:22.273] Load MU model: Squad/Props/PropsGeneric/CargoBagA
[LOG 11:58:22.279] Load MU model: Squad/Props/PropsGeneric/CargoBagB
[LOG 11:58:22.284] Load MU model: Squad/Props/PropsGeneric/CargoBagC
[LOG 11:58:22.288] Load MU model: Squad/Props/PropsGeneric/Hatch_Plane
[LOG 11:58:22.294] Load MU model: Squad/Props/PropsGeneric/Hatch_Plane_Curve90
[LOG 11:58:22.300] Load MU model: Squad/Props/PropsGeneric/Hatch_Plane_Frame
[LOG 11:58:22.304] Load MU model: Squad/Props/PropsGeneric/Seat_Passenger
[LOG 11:58:22.309] Load MU model: Squad/Props/PropsGeneric/Seat_Pilot
[LOG 11:58:22.314] Load MU model: Squad/Props/PropsGeneric/Seat_Pilot_Helmet
[LOG 11:58:22.320] Load MU model: Squad/Props/PropsGeneric/SideStick
[LOG 11:58:22.324] Load MU model: Squad/Props/pullSwitch/model
[LOG 11:58:22.330] Load MU model: Squad/Props/radarAltitude/model
[LOG 11:58:22.335] Load MU model: Squad/Props/squareButton/model
[LOG 11:58:22.340] Load MU model: Squad/Props/standingSwitch/model
[LOG 11:58:22.345] Load MU model: Squad/Props/switch/model
[LOG 11:58:22.350] Load MU model: Squad/Props/switchGuard/model
[LOG 11:58:22.356] Load MU model: Squad/Props/switchWithGuards/model
[LOG 11:58:22.360] Load MU model: Squad/Props/throttle/model
[LOG 11:58:22.366] Load MU model: Squad/Props/VSI/model
[LOG 11:58:22.371] Load MU model: Squad/Spaces/crewCabinInternals/model
[LOG 11:58:22.377] Load MU model: Squad/Spaces/cupolaInternal/model
[LOG 11:58:22.382] Load MU model: Squad/Spaces/GenericSpace1/model
[LOG 11:58:22.387] Load MU model: Squad/Spaces/GenericSpace3/model
[LOG 11:58:22.393] Load MU model: Squad/Spaces/landerCabinInternals/model
[LOG 11:58:22.398] Load MU model: Squad/Spaces/landerCabinSmallInternal/model
[LOG 11:58:22.404] Load MU model: Squad/Spaces/LargeCrewedLabInternals/Large_Crewed_lab_Int
[LOG 11:58:22.410] Load MU model: Squad/Spaces/Mk1-3/model
[LOG 11:58:22.416] Load MU model: Squad/Spaces/mk1CabinInternal/mk1cabin
[LOG 11:58:22.420] Load MU model: Squad/Spaces/mk1CockpitInternal/Mk1StandardIVA
[LOG 11:58:22.429] Load MU model: Squad/Spaces/mk1InlineInternal/Mk1InlineIVA
[LOG 11:58:22.431] Load MU model: Squad/Spaces/mk1PodCockpit/model
[LOG 11:58:22.448] Load MU model: Squad/Spaces/mk1pod_IVA/mk1pod_IVA
[LOG 11:58:22.454] Load MU model: Squad/Spaces/mk2CockpitStandardInternal/model
[LOG 11:58:22.460] Load MU model: Squad/Spaces/Mk2CrewCabinInternal/MK2_CrewCab_Int
[LOG 11:58:22.465] Load MU model: Squad/Spaces/mk2InlineInternal/mk2InlineIVA
[LOG 11:58:22.471] Load MU model: Squad/Spaces/mk2LanderCanInternal/mk2LanderCanInternal
[LOG 11:58:22.476] Load MU model: Squad/Spaces/MK3CockpitInternal/MK3_Cockpit_Int
[LOG 11:58:22.483] Load MU model: Squad/Spaces/MK3_CrewCab_Int/MK3_CrewCab_Int
[LOG 11:58:22.487] Load MU model: Squad/Spaces/OverlayMasks/CupolaMask
[LOG 11:58:22.492] Load MU model: Squad/Spaces/OverlayMasks/HitchhikerBorder
[LOG 11:58:22.497] Load MU model: Squad/Spaces/OverlayMasks/HitchhikerMask
[LOG 11:58:22.503] Load MU model: Squad/Spaces/OverlayMasks/LargeLabBorder
[LOG 11:58:22.508] Load MU model: Squad/Spaces/OverlayMasks/LargeLabMask
[LOG 11:58:22.514] Load MU model: Squad/Spaces/OverlayMasks/Mk1CabinBorder
[LOG 11:58:22.520] Load MU model: Squad/Spaces/OverlayMasks/Mk1CabinMask
[LOG 11:58:22.525] Load MU model: Squad/Spaces/OverlayMasks/Mk1InlineMask
[LOG 11:58:22.532] Load MU model: Squad/Spaces/OverlayMasks/Mk1InlineMask2
[LOG 11:58:22.537] Load MU model: Squad/Spaces/OverlayMasks/Mk1StandardBorder2
[LOG 11:58:22.542] Load MU model: Squad/Spaces/OverlayMasks/Mk1StandardBorder3
[LOG 11:58:22.547] Load MU model: Squad/Spaces/OverlayMasks/Mk1StandardMask
[LOG 11:58:22.553] Load MU model: Squad/Spaces/OverlayMasks/Mk1StandardMask2
[LOG 11:58:22.558] Load MU model: Squad/Spaces/OverlayMasks/Mk1StandardMask3
[LOG 11:58:22.563] Load MU model: Squad/Spaces/OverlayMasks/Mk2CabinBorder
[LOG 11:58:22.568] Load MU model: Squad/Spaces/OverlayMasks/Mk2CabinMask
[LOG 11:58:22.573] Load MU model: Squad/Spaces/OverlayMasks/Mk2InlineBorder
[LOG 11:58:22.579] Load MU model: Squad/Spaces/OverlayMasks/Mk2InlineMask
[LOG 11:58:22.584] Load MU model: Squad/Spaces/OverlayMasks/Mk2StandardBorder
[LOG 11:58:22.590] Load MU model: Squad/Spaces/OverlayMasks/Mk2StandardMask
[LOG 11:58:22.595] Load MU model: Squad/Spaces/OverlayMasks/Mk3CabinBorder
[LOG 11:58:22.600] Load MU model: Squad/Spaces/OverlayMasks/Mk3CabinMask
[LOG 11:58:22.605] Load MU model: Squad/Spaces/OverlayMasks/Mk3CabinMask2
[LOG 11:58:22.611] Load MU model: Squad/Spaces/OverlayMasks/Mk3ShuttleBorder
[LOG 11:58:22.617] Load MU model: Squad/Spaces/OverlayMasks/Mk3ShuttleMask
[LOG 11:58:22.621] Load MU model: Squad/Spaces/OverlayMasks/Size1LanderBorder
[LOG 11:58:22.626] Load MU model: Squad/Spaces/OverlayMasks/Size1LanderMask
[LOG 11:58:22.632] Load MU model: Squad/Spaces/OverlayMasks/Size1PodBorder
[LOG 11:58:22.637] Load MU model: Squad/Spaces/OverlayMasks/Size1PodMask
[LOG 11:58:22.641] Load MU model: Squad/Spaces/OverlayMasks/Size2LanderBorder
[LOG 11:58:22.646] Load MU model: Squad/Spaces/OverlayMasks/Size2LanderMask
[LOG 11:58:22.653] Load MU model: Squad/Spaces/OverlayMasks/Size2PodBorder
[LOG 11:58:22.657] Load MU model: Squad/Spaces/OverlayMasks/Size2PodMask
[LOG 11:58:22.662] Load MU model: Squad/Spaces/Placeholder/PlaceholderIVA
[LOG 11:58:22.668] Load MU model: Squad/Spaces/PodCockpit/model
[LOG 11:58:22.673] Load MU model: SquadExpansion/MakingHistory/Parts/Aero/protectiveRocketNoseMk5A/Size_1_5_Cone
[LOG 11:58:22.678] Load MU model: SquadExpansion/MakingHistory/Parts/Coupling/Assets/EnginePlate
[LOG 11:58:22.683] Load MU model: SquadExpansion/MakingHistory/Parts/Coupling/Assets/InflatableAirlock
[LOG 11:58:22.691] Load MU model: SquadExpansion/MakingHistory/Parts/Coupling/Assets/Size1_5_Decoupler
[LOG 11:58:22.696] Load MU model: SquadExpansion/MakingHistory/Parts/Engine/Assets/KE-1
[LOG 11:58:22.701] Load MU model: SquadExpansion/MakingHistory/Parts/Engine/Assets/LV-T87
[LOG 11:58:22.706] Load MU model: SquadExpansion/MakingHistory/Parts/Engine/Assets/LV-T91
[LOG 11:58:22.712] Load MU model: SquadExpansion/MakingHistory/Parts/Engine/Assets/RE-I2
[LOG 11:58:22.717] Load MU model: SquadExpansion/MakingHistory/Parts/Engine/Assets/RE-J10
[LOG 11:58:22.723] Load MU model: SquadExpansion/MakingHistory/Parts/Engine/Assets/RK-7
[LOG 11:58:22.729] Load MU model: SquadExpansion/MakingHistory/Parts/Engine/Assets/RV-1
[LOG 11:58:22.735] Load MU model: SquadExpansion/MakingHistory/Parts/Engine/solidBoosterTHK/solidBoosterTHK
[LOG 11:58:22.741] Load MU model: SquadExpansion/MakingHistory/Parts/FuelTank/Assets/MiniMonoTank
[LOG 11:58:22.746] Load MU model: SquadExpansion/MakingHistory/Parts/FuelTank/Assets/Size1_5_Size0_Adapter_01
[LOG 11:58:22.751] Load MU model: SquadExpansion/MakingHistory/Parts/FuelTank/Assets/Size1_5_Size1_Adapter_01
[LOG 11:58:22.757] Load MU model: SquadExpansion/MakingHistory/Parts/FuelTank/Assets/Size1_5_Size1_Adapter_02
[LOG 11:58:22.763] Load MU model: SquadExpansion/MakingHistory/Parts/FuelTank/Assets/Size1_5_Size2_Adapter_01
[LOG 11:58:22.769] Load MU model: SquadExpansion/MakingHistory/Parts/FuelTank/Assets/Size1_5_Tank_01
[LOG 11:58:22.774] Load MU model: SquadExpansion/MakingHistory/Parts/FuelTank/Assets/Size1_5_Tank_02
[LOG 11:58:22.779] Load MU model: SquadExpansion/MakingHistory/Parts/FuelTank/Assets/Size1_5_Tank_03
[LOG 11:58:22.785] Load MU model: SquadExpansion/MakingHistory/Parts/FuelTank/Assets/Size1_5_Tank_04
[LOG 11:58:22.789] Load MU model: SquadExpansion/MakingHistory/Parts/FuelTank/Assets/Size1_5_Tank_05
[LOG 11:58:22.796] Load MU model: SquadExpansion/MakingHistory/Parts/FuelTank/Assets/Size3_Size4_Adapter_01
[LOG 11:58:22.802] Load MU model: SquadExpansion/MakingHistory/Parts/FuelTank/Assets/Size4_EngineAdapter_01
[LOG 11:58:22.807] Load MU model: SquadExpansion/MakingHistory/Parts/FuelTank/Assets/Size4_Tank_01
[LOG 11:58:22.812] Load MU model: SquadExpansion/MakingHistory/Parts/FuelTank/Assets/Size4_Tank_02
[LOG 11:58:22.817] Load MU model: SquadExpansion/MakingHistory/Parts/FuelTank/Assets/Size4_Tank_03
[LOG 11:58:22.823] Load MU model: SquadExpansion/MakingHistory/Parts/FuelTank/Assets/Size4_Tank_04
[LOG 11:58:22.828] Load MU model: SquadExpansion/MakingHistory/Parts/FuelTank/Assets/Size_1p5_Monoprop
[LOG 11:58:22.833] Load MU model: SquadExpansion/MakingHistory/Parts/Ground/Assets/RoverWheel
[WRN 11:58:22.834] WheelCollider requires an attached Rigidbody to function.
[WRN 11:58:22.834] WheelCollider requires an attached Rigidbody to function.
[LOG 11:58:22.839] Load MU model: SquadExpansion/MakingHistory/Parts/Payload/Assets/ServiceModule18
[LOG 11:58:22.845] Load MU model: SquadExpansion/MakingHistory/Parts/Payload/Assets/ServiceModule25
[LOG 11:58:22.849] Load MU model: SquadExpansion/MakingHistory/Parts/Payload/Assets/Size1to0ServiceModule
[LOG 11:58:22.854] Load MU model: SquadExpansion/MakingHistory/Parts/Pods/Assets/Mk2Pod
[LOG 11:58:22.860] Load MU model: SquadExpansion/MakingHistory/Parts/Pods/Assets/RoundPod
[LOG 11:58:22.867] Load MU model: SquadExpansion/MakingHistory/Parts/Pods/Assets/Size1_5_Lander
[LOG 11:58:22.872] Load MU model: SquadExpansion/MakingHistory/Parts/SharedAssets/Shroud1p5x0
[LOG 11:58:22.877] Load MU model: SquadExpansion/MakingHistory/Parts/SharedAssets/Shroud1p5x1
[LOG 11:58:22.883] Load MU model: SquadExpansion/MakingHistory/Parts/SharedAssets/Shroud1p5x2
[LOG 11:58:22.888] Load MU model: SquadExpansion/MakingHistory/Parts/SharedAssets/Shroud1p5x3
[LOG 11:58:22.893] Load MU model: SquadExpansion/MakingHistory/Parts/SharedAssets/Shroud1p5x4
[LOG 11:58:22.899] Load MU model: SquadExpansion/MakingHistory/Parts/SharedAssets/Shroud1x0
[LOG 11:58:22.905] Load MU model: SquadExpansion/MakingHistory/Parts/SharedAssets/Shroud1x1
[LOG 11:58:22.910] Load MU model: SquadExpansion/MakingHistory/Parts/SharedAssets/Shroud1x2
[LOG 11:58:22.916] Load MU model: SquadExpansion/MakingHistory/Parts/SharedAssets/Shroud1x3
[LOG 11:58:22.921] Load MU model: SquadExpansion/MakingHistory/Parts/SharedAssets/Shroud1x4
[LOG 11:58:22.927] Load MU model: SquadExpansion/MakingHistory/Parts/SharedAssets/Shroud2x0
[LOG 11:58:22.932] Load MU model: SquadExpansion/MakingHistory/Parts/SharedAssets/Shroud2x1
[LOG 11:58:22.939] Load MU model: SquadExpansion/MakingHistory/Parts/SharedAssets/Shroud2x2
[LOG 11:58:22.945] Load MU model: SquadExpansion/MakingHistory/Parts/SharedAssets/Shroud2x3
[LOG 11:58:22.949] Load MU model: SquadExpansion/MakingHistory/Parts/SharedAssets/Shroud2x4
[LOG 11:58:22.955] Load MU model: SquadExpansion/MakingHistory/Parts/SharedAssets/Shroud3x0
[LOG 11:58:22.961] Load MU model: SquadExpansion/MakingHistory/Parts/SharedAssets/Shroud3x1
[LOG 11:58:22.966] Load MU model: SquadExpansion/MakingHistory/Parts/SharedAssets/Shroud3x2
[LOG 11:58:22.971] Load MU model: SquadExpansion/MakingHistory/Parts/SharedAssets/Shroud3x3
[LOG 11:58:22.976] Load MU model: SquadExpansion/MakingHistory/Parts/SharedAssets/Shroud3x4
[LOG 11:58:22.983] Load MU model: SquadExpansion/MakingHistory/Parts/SharedAssets/Shroud4x0
[LOG 11:58:22.988] Load MU model: SquadExpansion/MakingHistory/Parts/SharedAssets/Shroud4x1
[LOG 11:58:22.993] Load MU model: SquadExpansion/MakingHistory/Parts/SharedAssets/Shroud4x2
[LOG 11:58:22.999] Load MU model: SquadExpansion/MakingHistory/Parts/SharedAssets/Shroud4x3
[LOG 11:58:23.004] Load MU model: SquadExpansion/MakingHistory/Parts/SharedAssets/Shroud4x4
[LOG 11:58:23.008] Load MU model: SquadExpansion/MakingHistory/Parts/SharedAssets/ShroudCollider0
[LOG 11:58:23.014] Load MU model: SquadExpansion/MakingHistory/Parts/SharedAssets/ShroudCollider1
[LOG 11:58:23.019] Load MU model: SquadExpansion/MakingHistory/Parts/SharedAssets/ShroudCollider1p5
[LOG 11:58:23.024] Load MU model: SquadExpansion/MakingHistory/Parts/SharedAssets/ShroudCollider2
[LOG 11:58:23.030] Load MU model: SquadExpansion/MakingHistory/Parts/SharedAssets/ShroudCollider3
[LOG 11:58:23.035] Load MU model: SquadExpansion/MakingHistory/Parts/SharedAssets/ShroudCollider4
[LOG 11:58:23.040] Load MU model: SquadExpansion/MakingHistory/Parts/Structural/Assets/EquiTriangle0
[LOG 11:58:23.045] Load MU model: SquadExpansion/MakingHistory/Parts/Structural/Assets/EquiTriangle1
[LOG 11:58:23.050] Load MU model: SquadExpansion/MakingHistory/Parts/Structural/Assets/EquiTriangle1p5
[LOG 11:58:23.057] Load MU model: SquadExpansion/MakingHistory/Parts/Structural/Assets/EquiTriangle2
[LOG 11:58:23.062] Load MU model: SquadExpansion/MakingHistory/Parts/Structural/Assets/Panel0
[LOG 11:58:23.067] Load MU model: SquadExpansion/MakingHistory/Parts/Structural/Assets/Panel1
[LOG 11:58:23.073] Load MU model: SquadExpansion/MakingHistory/Parts/Structural/Assets/Panel1p5
[LOG 11:58:23.077] Load MU model: SquadExpansion/MakingHistory/Parts/Structural/Assets/Panel2
[LOG 11:58:23.083] Load MU model: SquadExpansion/MakingHistory/Parts/Structural/Assets/Triangle0
[LOG 11:58:23.087] Load MU model: SquadExpansion/MakingHistory/Parts/Structural/Assets/Triangle1
[LOG 11:58:23.094] Load MU model: SquadExpansion/MakingHistory/Parts/Structural/Assets/Triangle1p5
[LOG 11:58:23.100] Load MU model: SquadExpansion/MakingHistory/Parts/Structural/Assets/Triangle2
[LOG 11:58:23.104] Load MU model: SquadExpansion/MakingHistory/Parts/Utility/flags/flagSize1p5/flagSize1p5Meshes
[LOG 11:58:23.109] Load MU model: SquadExpansion/MakingHistory/Parts/Utility/flags/flagSize4/flagSize4Meshes
[LOG 11:58:23.115] Load MU model: SquadExpansion/MakingHistory/Spaces/KVPods/Airlock_IVA
[LOG 11:58:23.120] Load MU model: SquadExpansion/MakingHistory/Spaces/KVPods/KV1_IVA
[LOG 11:58:23.126] Load MU model: SquadExpansion/MakingHistory/Spaces/KVPods/KV2_IVA
[LOG 11:58:23.132] Load MU model: SquadExpansion/MakingHistory/Spaces/KVPods/KV3_IVA
[LOG 11:58:23.139] Load MU model: SquadExpansion/MakingHistory/Spaces/MEM/MEM_IVA
[LOG 11:58:23.144] Load MU model: SquadExpansion/MakingHistory/Spaces/Mk2Pod/MK2POD_IVA
[LOG 11:58:23.149] Load MU model: SquadExpansion/Serenity/Parts/Aero/Assets/FanShroud_01
[LOG 11:58:23.154] Load MU model: SquadExpansion/Serenity/Parts/Aero/Assets/FanShroud_02
[LOG 11:58:23.160] Load MU model: SquadExpansion/Serenity/Parts/Aero/Assets/FanShroud_03
[LOG 11:58:23.165] Load MU model: SquadExpansion/Serenity/Parts/Aero/Assets/noseconeTiny
[LOG 11:58:23.171] Load MU model: SquadExpansion/Serenity/Parts/Aero/Assets/noseconeVS
[LOG 11:58:23.176] Load MU model: SquadExpansion/Serenity/Parts/DeployedScience/Assets/CentralStation
[LOG 11:58:23.181] Load MU model: SquadExpansion/Serenity/Parts/DeployedScience/Assets/GoExOb
[LOG 11:58:23.186] Load MU model: SquadExpansion/Serenity/Parts/DeployedScience/Assets/IonExperiment
[LOG 11:58:23.192] Load MU model: SquadExpansion/Serenity/Parts/DeployedScience/Assets/RTGCask
[LOG 11:58:23.197] Load MU model: SquadExpansion/Serenity/Parts/DeployedScience/Assets/satDish
[LOG 11:58:23.202] Load MU model: SquadExpansion/Serenity/Parts/DeployedScience/Assets/seismicSensor
[LOG 11:58:23.208] Load MU model: SquadExpansion/Serenity/Parts/DeployedScience/Assets/solarPanel
[LOG 11:58:23.214] Load MU model: SquadExpansion/Serenity/Parts/DeployedScience/Assets/WeatherStation
[LOG 11:58:23.219] Load MU model: SquadExpansion/Serenity/Parts/Propellers/Assets/largeFanBlade
[LOG 11:58:23.224] Load MU model: SquadExpansion/Serenity/Parts/Propellers/Assets/largeHeliBlade
[LOG 11:58:23.230] Load MU model: SquadExpansion/Serenity/Parts/Propellers/Assets/largePropeller
[LOG 11:58:23.235] Load MU model: SquadExpansion/Serenity/Parts/Propellers/Assets/mediumFanBlade
[LOG 11:58:23.241] Load MU model: SquadExpansion/Serenity/Parts/Propellers/Assets/mediumHeliBlade
[LOG 11:58:23.246] Load MU model: SquadExpansion/Serenity/Parts/Propellers/Assets/mediumPropeller
[LOG 11:58:23.252] Load MU model: SquadExpansion/Serenity/Parts/Propellers/Assets/smallFanBlade
[LOG 11:58:23.257] Load MU model: SquadExpansion/Serenity/Parts/Propellers/Assets/smallHeliBlade
[LOG 11:58:23.262] Load MU model: SquadExpansion/Serenity/Parts/Propellers/Assets/smallPropeller
[LOG 11:58:23.269] Load MU model: SquadExpansion/Serenity/Parts/Robotics/Assets/hinge_01
[LOG 11:58:23.274] Load MU model: SquadExpansion/Serenity/Parts/Robotics/Assets/hinge_01_s
[LOG 11:58:23.279] Load MU model: SquadExpansion/Serenity/Parts/Robotics/Assets/hinge_03
[LOG 11:58:23.285] Load MU model: SquadExpansion/Serenity/Parts/Robotics/Assets/hinge_03_s
[LOG 11:58:23.290] Load MU model: SquadExpansion/Serenity/Parts/Robotics/Assets/hinge_04
[LOG 11:58:23.295] Load MU model: SquadExpansion/Serenity/Parts/Robotics/Assets/piston_01
[LOG 11:58:23.300] Load MU model: SquadExpansion/Serenity/Parts/Robotics/Assets/piston_02
[LOG 11:58:23.304] Load MU model: SquadExpansion/Serenity/Parts/Robotics/Assets/piston_03
[LOG 11:58:23.310] Load MU model: SquadExpansion/Serenity/Parts/Robotics/Assets/piston_04
[LOG 11:58:23.315] Load MU model: SquadExpansion/Serenity/Parts/Robotics/Assets/RotorEngine_02
[LOG 11:58:23.320] Load MU model: SquadExpansion/Serenity/Parts/Robotics/Assets/RotorEngine_03
[LOG 11:58:23.326] Load MU model: SquadExpansion/Serenity/Parts/Robotics/Assets/rotor_01
[LOG 11:58:23.350] Load MU model: SquadExpansion/Serenity/Parts/Robotics/Assets/rotor_01s
[LOG 11:58:23.357] Load MU model: SquadExpansion/Serenity/Parts/Robotics/Assets/rotor_02
[LOG 11:58:23.363] Load MU model: SquadExpansion/Serenity/Parts/Robotics/Assets/rotor_02s
[LOG 11:58:23.369] Load MU model: SquadExpansion/Serenity/Parts/Robotics/Assets/rotor_03
[LOG 11:58:23.374] Load MU model: SquadExpansion/Serenity/Parts/Robotics/Assets/rotor_03s
[LOG 11:58:23.379] Load MU model: SquadExpansion/Serenity/Parts/Robotics/Assets/RotoServo_00
[LOG 11:58:23.384] Load MU model: SquadExpansion/Serenity/Parts/Robotics/Assets/RotoServo_02
[LOG 11:58:23.391] Load MU model: SquadExpansion/Serenity/Parts/Robotics/Assets/RotoServo_03
[LOG 11:58:23.396] Load MU model: SquadExpansion/Serenity/Parts/Robotics/Assets/RotoServo_04
[LOG 11:58:23.401] Load MU model: SquadExpansion/Serenity/Parts/Robotics/Controllers/controller1000
[LOG 11:58:23.407] Load MU model: SquadExpansion/Serenity/Parts/Science/RobotArmScanner/Assets/ROCArm_01
[LOG 11:58:23.412] Load MU model: SquadExpansion/Serenity/Parts/Science/RobotArmScanner/Assets/ROCArm_02
[LOG 11:58:23.417] Load MU model: SquadExpansion/Serenity/Parts/Science/RobotArmScanner/Assets/ROCArm_03
[LOG 11:58:23.423] Load MU model: SquadExpansion/Serenity/Parts/Structural/gripPads/Assets/lGripPad
[LOG 11:58:23.429] Load MU model: SquadExpansion/Serenity/Parts/Structural/gripPads/Assets/lGripStrip
[LOG 11:58:23.434] Load MU model: SquadExpansion/Serenity/Parts/Structural/gripPads/Assets/mGripPad
[LOG 11:58:23.440] Load MU model: SquadExpansion/Serenity/Parts/Structural/gripPads/Assets/sGripPad
[LOG 11:58:23.445] Load MU model: SquadExpansion/Serenity/Parts/Structural/gripPads/Assets/sGripStrip
[LOG 11:58:23.445] Loading Asset Bundle Definitions
[LOG 11:58:23.446] AssetLoader: Loading bundle definitions
[LOG 11:58:23.551] AssetLoader: Loaded bundle 'squadcore'
[LOG 11:58:23.552] AssetLoader: Loaded bundle 'squadcorefx'
[LOG 11:58:23.552] AssetLoader: Loaded mod bundle 'kspedia'
[LOG 11:58:23.553] AssetLoader: Loaded mod bundle 'kspedia_actionsets'
[LOG 11:58:23.553] AssetLoader: Loaded mod bundle 'kspedia_aircraft'
[LOG 11:58:23.553] AssetLoader: Loaded mod bundle 'kspedia_aircraftbasics'
[LOG 11:58:23.553] AssetLoader: Loaded mod bundle 'kspedia_aircraftbasicsbalance'
[LOG 11:58:23.554] AssetLoader: Loaded mod bundle 'kspedia_aircraftbasicsbalance2'
[LOG 11:58:23.554] AssetLoader: Loaded mod bundle 'kspedia_aircraftbasicscol'
[LOG 11:58:23.554] AssetLoader: Loaded mod bundle 'kspedia_aircraftbasicscontrol'
[LOG 11:58:23.554] AssetLoader: Loaded mod bundle 'kspedia_aircraftbasicscontrolsurfaces'
[LOG 11:58:23.555] AssetLoader: Loaded mod bundle 'kspedia_aircraftbasicsdrag'
[LOG 11:58:23.555] AssetLoader: Loaded mod bundle 'kspedia_aircraftbasicsengines'
[LOG 11:58:23.555] AssetLoader: Loaded mod bundle 'kspedia_aircraftbasicsforces'
[LOG 11:58:23.555] AssetLoader: Loaded mod bundle 'kspedia_aircraftbasicsintakes'
[LOG 11:58:23.556] AssetLoader: Loaded mod bundle 'kspedia_aircraftbasicslandinggear'
[LOG 11:58:23.556] AssetLoader: Loaded mod bundle 'kspedia_aircraftbasicslift'
[LOG 11:58:23.556] AssetLoader: Loaded mod bundle 'kspedia_axisgroups'
[LOG 11:58:23.556] AssetLoader: Loaded mod bundle 'kspedia_career'
[LOG 11:58:23.556] AssetLoader: Loaded mod bundle 'kspedia_careerbasicscontracts'
[LOG 11:58:23.557] AssetLoader: Loaded mod bundle 'kspedia_careerbasicscrew'
[LOG 11:58:23.557] AssetLoader: Loaded mod bundle 'kspedia_careerbasicscurrencies'
[LOG 11:58:23.557] AssetLoader: Loaded mod bundle 'kspedia_careerbasicsexperience'
[LOG 11:58:23.557] AssetLoader: Loaded mod bundle 'kspedia_careerbasicsfacilities'
[LOG 11:58:23.558] AssetLoader: Loaded mod bundle 'kspedia_careerbasicsstrategies'
[LOG 11:58:23.558] AssetLoader: Loaded mod bundle 'kspedia_careerbasicstechnology'
[LOG 11:58:23.558] AssetLoader: Loaded mod bundle 'kspedia_careerui-ac'
[LOG 11:58:23.558] AssetLoader: Loaded mod bundle 'kspedia_careerui-admin'
[LOG 11:58:23.559] AssetLoader: Loaded mod bundle 'kspedia_careerui-ksc'
[LOG 11:58:23.559] AssetLoader: Loaded mod bundle 'kspedia_careerui-mc'
[LOG 11:58:23.559] AssetLoader: Loaded mod bundle 'kspedia_careerui-sciencearchives'
[LOG 11:58:23.559] AssetLoader: Loaded mod bundle 'kspedia_careerui-techtree'
[LOG 11:58:23.559] AssetLoader: Loaded mod bundle 'kspedia_careerui-ts'
[LOG 11:58:23.559] AssetLoader: Loaded mod bundle 'kspedia_careerui'
[LOG 11:58:23.560] AssetLoader: Loaded mod bundle 'kspedia_cargoapp'
[LOG 11:58:23.560] AssetLoader: Loaded mod bundle 'kspedia_cargomode'
[LOG 11:58:23.560] AssetLoader: Loaded mod bundle 'kspedia_cargosystem-placeableparts'
[LOG 11:58:23.560] AssetLoader: Loaded mod bundle 'kspedia_cargosystem'
[LOG 11:58:23.560] AssetLoader: Loaded mod bundle 'kspedia_chute'
[LOG 11:58:23.561] AssetLoader: Loaded mod bundle 'kspedia_commnet'
[LOG 11:58:23.561] AssetLoader: Loaded mod bundle 'kspedia_commnetbasics'
[LOG 11:58:23.561] AssetLoader: Loaded mod bundle 'kspedia_commnetbuildingeffectivenetworks'
[LOG 11:58:23.561] AssetLoader: Loaded mod bundle 'kspedia_commnetcalculatingrange'
[LOG 11:58:23.562] AssetLoader: Loaded mod bundle 'kspedia_commnetcontrollevels'
[LOG 11:58:23.562] AssetLoader: Loaded mod bundle 'kspedia_commnetcontrollinks'
[LOG 11:58:23.562] AssetLoader: Loaded mod bundle 'kspedia_commnetcontrolpoints'
[LOG 11:58:23.562] AssetLoader: Loaded mod bundle 'kspedia_commnetgui'
[LOG 11:58:23.562] AssetLoader: Loaded mod bundle 'kspedia_commnetgui01'
[LOG 11:58:23.562] AssetLoader: Loaded mod bundle 'kspedia_commnetgui02'
[LOG 11:58:23.563] AssetLoader: Loaded mod bundle 'kspedia_commnetrange'
[LOG 11:58:23.563] AssetLoader: Loaded mod bundle 'kspedia_commnetrelays'
[LOG 11:58:23.563] AssetLoader: Loaded mod bundle 'kspedia_commnetsciencetransmission'
[LOG 11:58:23.563] AssetLoader: Loaded mod bundle 'kspedia_commnetsignalstrength'
[LOG 11:58:23.563] AssetLoader: Loaded mod bundle 'kspedia_commnettransmission'
[LOG 11:58:23.563] AssetLoader: Loaded mod bundle 'kspedia_constructionui-actiongroups'
[LOG 11:58:23.564] AssetLoader: Loaded mod bundle 'kspedia_constructionui-applauncher'
[LOG 11:58:23.564] AssetLoader: Loaded mod bundle 'kspedia_constructionui-crew'
[LOG 11:58:23.564] AssetLoader: Loaded mod bundle 'kspedia_constructionui-engineersreport'
[LOG 11:58:23.564] AssetLoader: Loaded mod bundle 'kspedia_constructionui-gizmos'
[LOG 11:58:23.565] AssetLoader: Loaded mod bundle 'kspedia_constructionui-infos'
[LOG 11:58:23.565] AssetLoader: Loaded mod bundle 'kspedia_constructionui-partdetails'
[LOG 11:58:23.565] AssetLoader: Loaded mod bundle 'kspedia_constructionui-parts'
[LOG 11:58:23.565] AssetLoader: Loaded mod bundle 'kspedia_constructionui-symmetry'
[LOG 11:58:23.565] AssetLoader: Loaded mod bundle 'kspedia_constructionui-vesseldetails'
[LOG 11:58:23.566] AssetLoader: Loaded mod bundle 'kspedia_constructionui'
[LOG 11:58:23.566] AssetLoader: Loaded mod bundle 'kspedia_controls-dockingmode'
[LOG 11:58:23.566] AssetLoader: Loaded mod bundle 'kspedia_controls-editor'
[LOG 11:58:23.566] AssetLoader: Loaded mod bundle 'kspedia_controls-editorgizmos'
[LOG 11:58:23.566] AssetLoader: Loaded mod bundle 'kspedia_controls-eva'
[LOG 11:58:23.567] AssetLoader: Loaded mod bundle 'kspedia_controls-flight'
[LOG 11:58:23.567] AssetLoader: Loaded mod bundle 'kspedia_controls-flightactivities'
[LOG 11:58:23.567] AssetLoader: Loaded mod bundle 'kspedia_controls-flightdirections'
[LOG 11:58:23.567] AssetLoader: Loaded mod bundle 'kspedia_controls-general'
[LOG 11:58:23.567] AssetLoader: Loaded mod bundle 'kspedia_controls-mapandtime'
[LOG 11:58:23.567] AssetLoader: Loaded mod bundle 'kspedia_controls-mouseconstruction'
[LOG 11:58:23.567] AssetLoader: Loaded mod bundle 'kspedia_controls-mouseflight'
[LOG 11:58:23.567] AssetLoader: Loaded mod bundle 'kspedia_controls-rcs'
[LOG 11:58:23.569] AssetLoader: Loaded mod bundle 'kspedia_controls'
[LOG 11:58:23.569] AssetLoader: Loaded mod bundle 'kspedia_eastereggs'
[LOG 11:58:23.569] AssetLoader: Loaded mod bundle 'kspedia_evaconstructionmode'
[LOG 11:58:23.569] AssetLoader: Loaded mod bundle 'kspedia_facilities-ac'
[LOG 11:58:23.570] AssetLoader: Loaded mod bundle 'kspedia_facilities-admin'
[LOG 11:58:23.570] AssetLoader: Loaded mod bundle 'kspedia_facilities-context'
[LOG 11:58:23.570] AssetLoader: Loaded mod bundle 'kspedia_facilities-ksc'
[LOG 11:58:23.570] AssetLoader: Loaded mod bundle 'kspedia_facilities-launchpad'
[LOG 11:58:23.570] AssetLoader: Loaded mod bundle 'kspedia_facilities-mc'
[LOG 11:58:23.570] AssetLoader: Loaded mod bundle 'kspedia_facilities-randd'
[LOG 11:58:23.571] AssetLoader: Loaded mod bundle 'kspedia_facilities-runway'
[LOG 11:58:23.571] AssetLoader: Loaded mod bundle 'kspedia_facilities-sph'
[LOG 11:58:23.571] AssetLoader: Loaded mod bundle 'kspedia_facilities-ts'
[LOG 11:58:23.571] AssetLoader: Loaded mod bundle 'kspedia_facilities-vab'
[LOG 11:58:23.571] AssetLoader: Loaded mod bundle 'kspedia_flightui-altimeter'
[LOG 11:58:23.572] AssetLoader: Loaded mod bundle 'kspedia_flightui-applauncher'
[LOG 11:58:23.572] AssetLoader: Loaded mod bundle 'kspedia_flightui-evaactivities'
[LOG 11:58:23.572] AssetLoader: Loaded mod bundle 'kspedia_flightui-maneuvermodeeditor'
[LOG 11:58:23.572] AssetLoader: Loaded mod bundle 'kspedia_flightui-maneuvermodeeditorcont'
[LOG 11:58:23.572] AssetLoader: Loaded mod bundle 'kspedia_flightui-maneuvermodeorbit'
[LOG 11:58:23.573] AssetLoader: Loaded mod bundle 'kspedia_flightui-maneuvertoolinfo'
[LOG 11:58:23.573] AssetLoader: Loaded mod bundle 'kspedia_flightui-maneuvertoolmain'
[LOG 11:58:23.573] AssetLoader: Loaded mod bundle 'kspedia_flightui-modecontrol'
[LOG 11:58:23.573] AssetLoader: Loaded mod bundle 'kspedia_flightui-navball'
[LOG 11:58:23.573] AssetLoader: Loaded mod bundle 'kspedia_flightui-partrepairs'
[LOG 11:58:23.573] AssetLoader: Loaded mod bundle 'kspedia_flightui-portraits'
[LOG 11:58:23.574] AssetLoader: Loaded mod bundle 'kspedia_flightui-staging'
[LOG 11:58:23.574] AssetLoader: Loaded mod bundle 'kspedia_flightui-timeandaction'
[LOG 11:58:23.574] AssetLoader: Loaded mod bundle 'kspedia_flightui'
[LOG 11:58:23.574] AssetLoader: Loaded mod bundle 'kspedia_heat'
[LOG 11:58:23.574] AssetLoader: Loaded mod bundle 'kspedia_heatactiveradiators'
[LOG 11:58:23.575] AssetLoader: Loaded mod bundle 'kspedia_heatengines'
[LOG 11:58:23.575] AssetLoader: Loaded mod bundle 'kspedia_heatflow'
[LOG 11:58:23.575] AssetLoader: Loaded mod bundle 'kspedia_heatpart'
[LOG 11:58:23.575] AssetLoader: Loaded mod bundle 'kspedia_heatpassiveradiators'
[LOG 11:58:23.576] AssetLoader: Loaded mod bundle 'kspedia_heatshields'
[LOG 11:58:23.576] AssetLoader: Loaded mod bundle 'kspedia_kerbnet'
[LOG 11:58:23.576] AssetLoader: Loaded mod bundle 'kspedia_kerbnetinterface'
[LOG 11:58:23.576] AssetLoader: Loaded mod bundle 'kspedia_kerbnetmodes'
[LOG 11:58:23.576] AssetLoader: Loaded mod bundle 'kspedia_kerbnetwaypoints'
[LOG 11:58:23.577] AssetLoader: Loaded mod bundle 'kspedia_locations'
[LOG 11:58:23.577] AssetLoader: Loaded mod bundle 'kspedia_manual'
[LOG 11:58:23.577] AssetLoader: Loaded mod bundle 'kspedia_mapui-alarmclockcreation'
[LOG 11:58:23.577] AssetLoader: Loaded mod bundle 'kspedia_mapui-alarmclockmain'
[LOG 11:58:23.577] AssetLoader: Loaded mod bundle 'kspedia_mapui-burnindicator'
[LOG 11:58:23.577] AssetLoader: Loaded mod bundle 'kspedia_mapui-dvtoolsflight'
[LOG 11:58:23.578] AssetLoader: Loaded mod bundle 'kspedia_mapui-dvtoolsvab'
[LOG 11:58:23.578] AssetLoader: Loaded mod bundle 'kspedia_mapui-mannodes'
[LOG 11:58:23.581] AssetLoader: Loaded mod bundle 'kspedia_mapui-orbitnodes'
[LOG 11:58:23.581] AssetLoader: Loaded mod bundle 'kspedia_mapui-orbitnodes2'
[LOG 11:58:23.582] AssetLoader: Loaded mod bundle 'kspedia_mapui'
[LOG 11:58:23.582] AssetLoader: Loaded mod bundle 'kspedia_orbitalbasics-atmosphere'
[LOG 11:58:23.582] AssetLoader: Loaded mod bundle 'kspedia_orbitalbasics-gettingbackdown'
[LOG 11:58:23.582] AssetLoader: Loaded mod bundle 'kspedia_orbitalbasics-gettingupthere'
[LOG 11:58:23.582] AssetLoader: Loaded mod bundle 'kspedia_orbitalbasics-gravityturn'
[LOG 11:58:23.583] AssetLoader: Loaded mod bundle 'kspedia_orbitalbasics-orbits'
[LOG 11:58:23.583] AssetLoader: Loaded mod bundle 'kspedia_orbitalbasics-stayingupthere'
[LOG 11:58:23.583] AssetLoader: Loaded mod bundle 'kspedia_orbitalbasics'
[LOG 11:58:23.583] AssetLoader: Loaded mod bundle 'kspedia_orbitaldefinitions-appe'
[LOG 11:58:23.583] AssetLoader: Loaded mod bundle 'kspedia_orbitaldefinitions-dirandinc'
[LOG 11:58:23.583] AssetLoader: Loaded mod bundle 'kspedia_orbitaldefinitions-directions'
[LOG 11:58:23.584] AssetLoader: Loaded mod bundle 'kspedia_orbitaldefinitions-eccentricity'
[LOG 11:58:23.584] AssetLoader: Loaded mod bundle 'kspedia_orbitaldefinitions'
[LOG 11:58:23.584] AssetLoader: Loaded mod bundle 'kspedia_orbitalmaneuvers-adjustinginclination'
[LOG 11:58:23.584] AssetLoader: Loaded mod bundle 'kspedia_orbitalmaneuvers-deltav'
[LOG 11:58:23.584] AssetLoader: Loaded mod bundle 'kspedia_orbitalmaneuvers-efficiency'
[LOG 11:58:23.585] AssetLoader: Loaded mod bundle 'kspedia_orbitalmaneuvers-hohmanntransfer'
[LOG 11:58:23.585] AssetLoader: Loaded mod bundle 'kspedia_orbitalmaneuvers-hohmanntransfer2'
[LOG 11:58:23.585] AssetLoader: Loaded mod bundle 'kspedia_orbitalmaneuvers-orbittypes'
[LOG 11:58:23.585] AssetLoader: Loaded mod bundle 'kspedia_orbitalmaneuvers-radandantirad'
[LOG 11:58:23.585] AssetLoader: Loaded mod bundle 'kspedia_orbitalmaneuvers-shapingup'
[LOG 11:58:23.586] AssetLoader: Loaded mod bundle 'kspedia_orbitalmaneuvers'
[LOG 11:58:23.586] AssetLoader: Loaded mod bundle 'kspedia_planets-dres'
[LOG 11:58:23.586] AssetLoader: Loaded mod bundle 'kspedia_planets-duna'
[LOG 11:58:23.586] AssetLoader: Loaded mod bundle 'kspedia_planets-eeloo'
[LOG 11:58:23.586] AssetLoader: Loaded mod bundle 'kspedia_planets-eve'
[LOG 11:58:23.586] AssetLoader: Loaded mod bundle 'kspedia_planets-jool'
[LOG 11:58:23.587] AssetLoader: Loaded mod bundle 'kspedia_planets-kerbin'
[LOG 11:58:23.587] AssetLoader: Loaded mod bundle 'kspedia_planets-moho'
[LOG 11:58:23.587] AssetLoader: Loaded mod bundle 'kspedia_planets-sun'
[LOG 11:58:23.587] AssetLoader: Loaded mod bundle 'kspedia_planets-system'
[LOG 11:58:23.587] AssetLoader: Loaded mod bundle 'kspedia_resources-asteroidmining'
[LOG 11:58:23.587] AssetLoader: Loaded mod bundle 'kspedia_resources-conversionmanagement'
[LOG 11:58:23.588] AssetLoader: Loaded mod bundle 'kspedia_resources-drilling'
[LOG 11:58:23.588] AssetLoader: Loaded mod bundle 'kspedia_resources-findingit'
[LOG 11:58:23.588] AssetLoader: Loaded mod bundle 'kspedia_resources-findingit2'
[LOG 11:58:23.588] AssetLoader: Loaded mod bundle 'kspedia_resources-storageandconversion'
[LOG 11:58:23.588] AssetLoader: Loaded mod bundle 'kspedia_resources'
[LOG 11:58:23.588] AssetLoader: Loaded mod bundle 'kspedia_rocketry'
[LOG 11:58:23.589] AssetLoader: Loaded mod bundle 'kspedia_rocketryadvanced-fairings'
[LOG 11:58:23.589] AssetLoader: Loaded mod bundle 'kspedia_rocketryadvanced-girders'
[LOG 11:58:23.589] AssetLoader: Loaded mod bundle 'kspedia_rocketryadvanced'
[LOG 11:58:23.589] AssetLoader: Loaded mod bundle 'kspedia_rocketrybasics'
[LOG 11:58:23.589] AssetLoader: Loaded mod bundle 'kspedia_rocketrybasicsaero'
[LOG 11:58:23.589] AssetLoader: Loaded mod bundle 'kspedia_rocketrybasicscentered'
[LOG 11:58:23.590] AssetLoader: Loaded mod bundle 'kspedia_rocketrybasicschutes'
[LOG 11:58:23.590] AssetLoader: Loaded mod bundle 'kspedia_rocketrybasicscontrol'
[LOG 11:58:23.590] AssetLoader: Loaded mod bundle 'kspedia_rocketrybasicsecrecharging'
[LOG 11:58:23.593] AssetLoader: Loaded mod bundle 'kspedia_rocketrybasicsengines'
[LOG 11:58:23.593] AssetLoader: Loaded mod bundle 'kspedia_rocketrybasicsforces'
[LOG 11:58:23.593] AssetLoader: Loaded mod bundle 'kspedia_rocketrybasicshatchesandladders'
[LOG 11:58:23.594] AssetLoader: Loaded mod bundle 'kspedia_rocketrybasicshibernation'
[LOG 11:58:23.594] AssetLoader: Loaded mod bundle 'kspedia_rocketrybasicsresources'
[LOG 11:58:23.594] AssetLoader: Loaded mod bundle 'kspedia_rocketrybasicsservicecontainers'
[LOG 11:58:23.594] AssetLoader: Loaded mod bundle 'kspedia_rocketrybasicsstability'
[LOG 11:58:23.595] AssetLoader: Loaded mod bundle 'kspedia_rocketrybasicsstabilityassist'
[LOG 11:58:23.595] AssetLoader: Loaded mod bundle 'kspedia_rocketrybasicsstaging'
[LOG 11:58:23.595] AssetLoader: Loaded mod bundle 'kspedia_rocketrybasicssymmetry'
[LOG 11:58:23.596] AssetLoader: Loaded mod bundle 'kspedia_science'
[LOG 11:58:23.596] AssetLoader: Loaded mod bundle 'kspedia_sciencedata'
[LOG 11:58:23.596] AssetLoader: Loaded mod bundle 'kspedia_scienceexperiments'
[LOG 11:58:23.596] AssetLoader: Loaded mod bundle 'kspedia_sciencelab'
[LOG 11:58:23.597] AssetLoader: Loaded mod bundle 'kspedia_sciencetransmitted'
[LOG 11:58:23.597] AssetLoader: Loaded mod bundle 'kspedia_spacetravel'
[LOG 11:58:23.597] AssetLoader: Loaded mod bundle 'kspedia_variantswitcher'
[LOG 11:58:23.597] AssetLoader: Loaded mod bundle 'kspfonts'
[LOG 11:58:23.715] AssetLoader: Loaded bundle 'squadcore'
[LOG 11:58:23.716] AssetLoader: Loaded bundle 'squadcorefx'
[LOG 11:58:23.716] AssetLoader: Loaded mod bundle 'kspedia_builder'
[LOG 11:58:23.717] AssetLoader: Loaded mod bundle 'kspedia_buildertoolbar'
[LOG 11:58:23.717] AssetLoader: Loaded mod bundle 'kspedia_canvas'
[LOG 11:58:23.717] AssetLoader: Loaded mod bundle 'kspedia_exportingvalidation'
[LOG 11:58:23.717] AssetLoader: Loaded mod bundle 'kspedia_flight'
[LOG 11:58:23.717] AssetLoader: Loaded mod bundle 'kspedia_flightapp'
[LOG 11:58:23.717] AssetLoader: Loaded mod bundle 'kspedia_gap'
[LOG 11:58:23.718] AssetLoader: Loaded mod bundle 'kspedia_gaptools'
[LOG 11:58:23.718] AssetLoader: Loaded mod bundle 'kspedia_makinghistory'
[LOG 11:58:23.718] AssetLoader: Loaded mod bundle 'kspedia_missionbriefing'
[LOG 11:58:23.718] AssetLoader: Loaded mod bundle 'kspedia_nodedocking'
[LOG 11:58:23.718] AssetLoader: Loaded mod bundle 'kspedia_nodesconnectors'
[LOG 11:58:23.719] AssetLoader: Loaded mod bundle 'kspedia_sap'
[LOG 11:58:23.719] AssetLoader: Loaded mod bundle 'kspedia_sidebar'
[LOG 11:58:23.719] AssetLoader: Loaded mod bundle 'kspedia_testingcheckpoints'
[LOG 11:58:23.720] AssetLoader: Loaded bundle 'makinghistory'
[LOG 11:58:23.720] AssetLoader: Loaded mod bundle 'kspedia_bladecyclic-collective-behaviour'
[LOG 11:58:23.720] AssetLoader: Loaded mod bundle 'kspedia_bladecyclic-collective-controls'
[LOG 11:58:23.721] AssetLoader: Loaded mod bundle 'kspedia_deployedscience-experiments'
[LOG 11:58:23.721] AssetLoader: Loaded mod bundle 'kspedia_deployedscience'
[LOG 11:58:23.721] AssetLoader: Loaded mod bundle 'kspedia_grippads'
[LOG 11:58:23.722] AssetLoader: Loaded mod bundle 'kspedia_layindtracks'
[LOG 11:58:23.722] AssetLoader: Loaded mod bundle 'kspedia_propellers'
[LOG 11:58:23.722] AssetLoader: Loaded mod bundle 'kspedia_propellersaerodynamics'
[LOG 11:58:23.722] AssetLoader: Loaded mod bundle 'kspedia_roboticcontroller'
[LOG 11:58:23.723] AssetLoader: Loaded mod bundle 'kspedia_roboticparts'
[LOG 11:58:23.723] AssetLoader: Loaded mod bundle 'kspedia_surface features-overview'
[LOG 11:58:23.723] AssetLoader: Loaded mod bundle 'kspedia_surface features-roverarmdetails'
[LOG 11:58:23.723] AssetLoader: Loaded mod bundle 'kspedia_trackeditor'
[LOG 11:58:23.724] AssetLoader: Loaded mod bundle 'kspedia_trackeditortoolbar'
[LOG 11:58:23.724] AssetLoader: Loaded mod bundle 'serenity'
[LOG 11:58:23.725] AssetLoader: Finished loading. 226 bundle definitions loaded.
[LOG 11:58:23.725] Compiling Configs:
[LOG 11:58:23.725] Config(DRAG_TIP) /Physics/DRAG_TIP
[LOG 11:58:23.725] Config(DRAG_SURFACE) /Physics/DRAG_SURFACE
[LOG 11:58:23.725] Config(DRAG_TAIL) /Physics/DRAG_TAIL
[LOG 11:58:23.726] Config(DRAG_MULTIPLIER) /Physics/DRAG_MULTIPLIER
[LOG 11:58:23.726] Config(DRAG_CD) /Physics/DRAG_CD
[LOG 11:58:23.726] Config(DRAG_CD_POWER) /Physics/DRAG_CD_POWER
[LOG 11:58:23.726] Config(DRAG_PSEUDOREYNOLDS) /Physics/DRAG_PSEUDOREYNOLDS
[LOG 11:58:23.726] Config(LIFTING_SURFACE_CURVES) /Physics/LIFTING_SURFACE_CURVES
[LOG 11:58:23.726] Config(VesselRanges) /Physics/VesselRanges
[LOG 11:58:23.726] Config(KSP_COMMUNITY_FIXES) KSPCommunityFixes/Settings/KSP_COMMUNITY_FIXES
[LOG 11:58:23.726] Config(Localization) KSPCommunityFixes/Localization/en-us/Localization
[LOG 11:58:23.726] Config(Localization) KSPCommunityFixes/Localization/fr-fr/Localization
[LOG 11:58:23.726] Config(Localization) KSPCommunityFixes/Localization/ru/Localization
[LOG 11:58:23.726] Config(Localization) KSPCommunityFixes/Localization/zh-cn/Localization
[LOG 11:58:23.726] Config(@PART[*]:HAS[@MODULE[ModuleDockingNodeFixed]]:NEEDS[FixDockingNodes]:FINAL) KSPCommunityFixes/MMPatches/ModSupport/FixDockingNodes/@PART[*]:HAS[@MODULE[ModuleDockingNodeFixed]]:NEEDS[FixDockingNodes]:FINAL
[LOG 11:58:23.726] Config(@PART[*]:HAS[@MODULE[Refunding]]:LAST[999_KSP-Recall]) KSPCommunityFixes/MMPatches/ModSupport/KSPRecall/@PART[*]:HAS[@MODULE[Refunding]]:LAST[999_KSP-Recall]
[LOG 11:58:23.726] Config(@PART[*]:HAS[#hasRefundingOnRecovery[?rue]]:LAST[999_KSP-Recall]) KSPCommunityFixes/MMPatches/ModSupport/KSPRecall/@PART[*]:HAS[#hasRefundingOnRecovery[?rue]]:LAST[999_KSP-Recall]
[LOG 11:58:23.726] Config(@PART[*]:HAS[#hasRefundingOnRecovery]:LAST[999_KSP-Recall]) KSPCommunityFixes/MMPatches/ModSupport/KSPRecall/@PART[*]:HAS[#hasRefundingOnRecovery]:LAST[999_KSP-Recall]
[LOG 11:58:23.726] Config(@KSP-Recall:LAST[999_KSP-Recall]) KSPCommunityFixes/MMPatches/ModSupport/KSPRecall/@KSP-Recall:LAST[999_KSP-Recall]
[LOG 11:58:23.726] Config(@KSP-Recall:HAS[#hasRefundingOnRecovery[?rue]]:LAST[999_KSP-Recall]) KSPCommunityFixes/MMPatches/ModSupport/KSPRecall/@KSP-Recall:HAS[#hasRefundingOnRecovery[?rue]]:LAST[999_KSP-Recall]
[LOG 11:58:23.726] Config(@KSP-Recall:HAS[#hasRefundingOnRecovery]:LAST[999_KSP-Recall]) KSPCommunityFixes/MMPatches/ModSupport/KSPRecall/@KSP-Recall:HAS[#hasRefundingOnRecovery]:LAST[999_KSP-Recall]
[LOG 11:58:23.726] Config(@KSP_COMMUNITY_FIXES:NEEDS[AttachedOnEditor]) KSPCommunityFixes/MMPatches/ModSupport/KSPRecall/@KSP_COMMUNITY_FIXES:NEEDS[AttachedOnEditor]
[LOG 11:58:23.726] Config(@KSP_COMMUNITY_FIXES:NEEDS[UniversalStorage2]) KSPCommunityFixes/MMPatches/ModSupport/UniversalStorage/@KSP_COMMUNITY_FIXES:NEEDS[UniversalStorage2]
[LOG 11:58:23.726] Config(@PART[telescopicLadderBay]:FIRST) KSPCommunityFixes/MMPatches/StockTweaks/LadderToggleableLight/@PART[telescopicLadderBay]:FIRST
[LOG 11:58:23.726] Config(@PART[telescopicLadderBay]:HAS[#LadderToggleableLight[?rue]]:FIRST) KSPCommunityFixes/MMPatches/StockTweaks/LadderToggleableLight/@PART[telescopicLadderBay]:HAS[#LadderToggleableLight[?rue]]:FIRST
[LOG 11:58:23.726] Config(@PART[telescopicLadderBay]:HAS[#LadderToggleableLight]:FIRST) KSPCommunityFixes/MMPatches/StockTweaks/LadderToggleableLight/@PART[telescopicLadderBay]:HAS[#LadderToggleableLight]:FIRST
[LOG 11:58:23.726] Config(@PART[GearSmall]:FIRST) KSPCommunityFixes/MMPatches/StockTweaks/LandingGearLights/@PART[GearSmall]:FIRST
[LOG 11:58:23.726] Config(@PART[SmallGearBay]:FIRST) KSPCommunityFixes/MMPatches/StockTweaks/LandingGearLights/@PART[SmallGearBay]:FIRST
[LOG 11:58:23.726] Config(@PART[sasModule]:FOR[KSPCommunityFixes]) KSPCommunityFixes/MMPatches/StockTweaks/ManufacturerFixes/@PART[sasModule]:FOR[KSPCommunityFixes]
[LOG 11:58:23.726] Config(@PART[xenonTankRadial]:FOR[KSPCommunityFixes]) KSPCommunityFixes/MMPatches/StockTweaks/ManufacturerFixes/@PART[xenonTankRadial]:FOR[KSPCommunityFixes]
[LOG 11:58:23.726] Config(@PART[winglet|fireworksLauncherSmall|fireworksLauncherBig]:FOR[KSPCommunityFixes]) KSPCommunityFixes/MMPatches/StockTweaks/ManufacturerFixes/@PART[winglet|fireworksLauncherSmall|fireworksLauncherBig]:FOR[KSPCommunityFixes]
[LOG 11:58:23.726] Config(@PART[solidBooster_sm_v2|solidBooster_v2]:FOR[KSPCommunityFixes]) KSPCommunityFixes/MMPatches/StockTweaks/ManufacturerFixes/@PART[solidBooster_sm_v2|solidBooster_v2]:FOR[KSPCommunityFixes]
[LOG 11:58:23.726] Config(@PART[ServiceBay_125_v2|ServiceBay_250_v2]:FOR[KSPCommunityFixes]) KSPCommunityFixes/MMPatches/StockTweaks/ManufacturerFixes/@PART[ServiceBay_125_v2|ServiceBay_250_v2]:FOR[KSPCommunityFixes]
[LOG 11:58:23.726] Config(@PART[externalTankCapsule]:FOR[KSPCommunityFixes]) KSPCommunityFixes/MMPatches/StockTweaks/ManufacturerFixes/@PART[externalTankCapsule]:FOR[KSPCommunityFixes]
[LOG 11:58:23.726] Config(@PART[RCSFuelTank|rcsTankMini|RCSTank1-2]:FOR[KSPCommunityFixes]) KSPCommunityFixes/MMPatches/StockTweaks/ManufacturerFixes/@PART[RCSFuelTank|rcsTankMini|RCSTank1-2]:FOR[KSPCommunityFixes]
[LOG 11:58:23.726] Config(@PART[landerCabinSmall]:FOR[KSPCommunityFixes]) KSPCommunityFixes/MMPatches/StockTweaks/ManufacturerFixes/@PART[landerCabinSmall]:FOR[KSPCommunityFixes]
[LOG 11:58:23.726] Config(@PART[dockingPortLateral]:FOR[KSPCommunityFixes]) KSPCommunityFixes/MMPatches/StockTweaks/ManufacturerFixes/@PART[dockingPortLateral]:FOR[KSPCommunityFixes]
[LOG 11:58:23.726] Config(@PART[EnginePlate4]:FOR[KSPCommunityFixes]:NEEDS[SquadExpansion/MakingHistory]) KSPCommunityFixes/MMPatches/StockTweaks/ManufacturerFixes/@PART[EnginePlate4]:FOR[KSPCommunityFixes]:NEEDS[SquadExpansion/MakingHistory]
[LOG 11:58:23.726] Config(@PART[Mk2Pod]:FOR[KSPCommunityFixes]:NEEDS[SquadExpansion/MakingHistory]) KSPCommunityFixes/MMPatches/StockTweaks/ManufacturerFixes/@PART[Mk2Pod]:FOR[KSPCommunityFixes]:NEEDS[SquadExpansion/MakingHistory]
[LOG 11:58:23.726] Config(@PART[evaChute|parachuteSingle|parachuteRadial|radialDrogue|parachuteLarge|parachuteDrogue]:FOR[KSPCommunityFixes]) KSPCommunityFixes/MMPatches/StockTweaks/ManufacturerFixes/@PART[evaChute|parachuteSingle|parachuteRadial|radialDrogue|parachuteLarge|parachuteDrogue]:FOR[KSPCommunityFixes]
[LOG 11:58:23.726] Config(@PART[stackPoint1|dockingPort1|dockingPort2|dockingPort3|dockingPortLarge]:FOR[KSPCommunityFixes]) KSPCommunityFixes/MMPatches/StockTweaks/ManufacturerFixes/@PART[stackPoint1|dockingPort1|dockingPort2|dockingPort3|dockingPortLarge]:FOR[KSPCommunityFixes]
[LOG 11:58:23.726] Config(AGENT) KSPCommunityFixes/MMPatches/StockTweaks/ManufacturerFixes/Clamp-O-Tron
[LOG 11:58:23.726] Config(AGENT) KSPCommunityFixes/MMPatches/StockTweaks/ManufacturerFixes/FreeFall Parachutes
[LOG 11:58:23.726] Config(AGENT) KSPCommunityFixes/MMPatches/StockTweaks/ManufacturerFixes/LightYear Tire Company
[LOG 11:58:23.727] Config(AGENT) KSPCommunityFixes/MMPatches/StockTweaks/ManufacturerFixes/Stratus Corporation
[LOG 11:58:23.727] Config(Localization) KSPCommunityFixes/MMPatches/StockTweaks/ManufacturerFixes/Localization
[LOG 11:58:23.727] Config(AGENT) Squad/Agencies/Agents/C7 Aerospace Division
[LOG 11:58:23.727] Config(AGENT) Squad/Agencies/Agents/Dinkelstein Kerman's Construction Emporium
[LOG 11:58:23.727] Config(AGENT) Squad/Agencies/Agents/Experimental Engineering Group
[LOG 11:58:23.727] Config(AGENT) Squad/Agencies/Agents/FLOOYD Dynamics Research Labs
[LOG 11:58:23.727] Config(AGENT) Squad/Agencies/Agents/Goliath National Products
[LOG 11:58:23.727] Config(AGENT) Squad/Agencies/Agents/Integrated Integrals
[LOG 11:58:23.727] Config(AGENT) Squad/Agencies/Agents/Ionic Symphonic Protonic Electronics
[LOG 11:58:23.727] Config(AGENT) Squad/Agencies/Agents/Jebediah Kerman's Junkyard and Spacecraft Parts Co
[LOG 11:58:23.727] Config(AGENT) Squad/Agencies/Agents/Kerbal Motion LLC
[LOG 11:58:23.727] Config(AGENT) Squad/Agencies/Agents/Kerbin World-Firsts Record-Keeping Society
[LOG 11:58:23.727] Config(AGENT) Squad/Agencies/Agents/Kerbodyne
[LOG 11:58:23.727] Config(AGENT) Squad/Agencies/Agents/Kerlington Model Rockets and Paper Products Inc
[LOG 11:58:23.727] Config(AGENT) Squad/Agencies/Agents/Maxo Construction Toys
[LOG 11:58:23.727] Config(AGENT) Squad/Agencies/Agents/Moving Parts Experts Group
[LOG 11:58:23.727] Config(AGENT) Squad/Agencies/Agents/O.M.B. Demolition Enterprises
[LOG 11:58:23.727] Config(AGENT) Squad/Agencies/Agents/Periapsis Rocket Supplies Co
[LOG 11:58:23.727] Config(AGENT) Squad/Agencies/Agents/Probodobodyne Inc
[LOG 11:58:23.727] Config(AGENT) Squad/Agencies/Agents/Research & Development Department
[LOG 11:58:23.727] Config(AGENT) Squad/Agencies/Agents/Reaction Systems Ltd
[LOG 11:58:23.727] Config(AGENT) Squad/Agencies/Agents/Rockomax Conglomerate
[LOG 11:58:23.727] Config(AGENT) Squad/Agencies/Agents/Rokea Inc
[LOG 11:58:23.727] Config(AGENT) Squad/Agencies/Agents/Sean's Cannery
[LOG 11:58:23.727] Config(AGENT) Squad/Agencies/Agents/STEADLER Engineering Corps
[LOG 11:58:23.727] Config(AGENT) Squad/Agencies/Agents/StrutCo
[LOG 11:58:23.727] Config(AGENT) Squad/Agencies/Agents/Vac-Co Advanced Suction Systems
[LOG 11:58:23.727] Config(AGENT) Squad/Agencies/Agents/WinterOwl Aircraft Emporium
[LOG 11:58:23.727] Config(AGENT) Squad/Agencies/Agents/Zaltonic Electronics
[LOG 11:58:23.727] Config(CONTRACT_CONSTRUCTION_PARTS) Squad/Contracts/constructionContractParts/CONTRACT_CONSTRUCTION_PARTS
[LOG 11:58:23.727] Config(Contracts) Squad/Contracts/Contracts/Contracts
[LOG 11:58:23.727] Config(CONTRACTCRAFT) Squad/Contracts/PrebuiltCraft/prebuiltData/CONTRACTCRAFT
[LOG 11:58:23.727] Config(CONTRACTCRAFT) Squad/Contracts/PrebuiltCraft/OrbitalConstructionContract/orbitalConstructionContractCraft/CONTRACTCRAFT
[LOG 11:58:23.727] Config(CONTRACTCRAFT) Squad/Contracts/PrebuiltCraft/RepairContract/repairContractCraft/CONTRACTCRAFT
[LOG 11:58:23.727] Config(CONTRACTCRAFT) Squad/Contracts/PrebuiltCraft/RoverContract/roverContractCraft/CONTRACTCRAFT
[LOG 11:58:23.727] Config(KEYBOARD_LAYOUT) Squad/Controls/Azerty/#autoLOC_6001233
[LOG 11:58:23.727] Config(PITCH_DOWN) Squad/Controls/Azerty/PITCH_DOWN
[LOG 11:58:23.727] Config(PITCH_UP) Squad/Controls/Azerty/PITCH_UP
[LOG 11:58:23.727] Config(YAW_LEFT) Squad/Controls/Azerty/YAW_LEFT
[LOG 11:58:23.727] Config(YAW_RIGHT) Squad/Controls/Azerty/YAW_RIGHT
[LOG 11:58:23.727] Config(ROLL_LEFT) Squad/Controls/Azerty/ROLL_LEFT
[LOG 11:58:23.727] Config(ROLL_RIGHT) Squad/Controls/Azerty/ROLL_RIGHT
[LOG 11:58:23.727] Config(THROTTLE_UP) Squad/Controls/Azerty/THROTTLE_UP
[LOG 11:58:23.727] Config(THROTTLE_DOWN) Squad/Controls/Azerty/THROTTLE_DOWN
[LOG 11:58:23.728] Config(SAS_HOLD) Squad/Controls/Azerty/SAS_HOLD
[LOG 11:58:23.728] Config(SAS_TOGGLE) Squad/Controls/Azerty/SAS_TOGGLE
[LOG 11:58:23.728] Config(LAUNCH_STAGES) Squad/Controls/Azerty/LAUNCH_STAGES
[LOG 11:58:23.728] Config(Docking_toggleRotLin) Squad/Controls/Azerty/Docking_toggleRotLin
[LOG 11:58:23.728] Config(CAMERA_MODE) Squad/Controls/Azerty/CAMERA_MODE
[LOG 11:58:23.728] Config(CAMERA_NEXT) Squad/Controls/Azerty/CAMERA_NEXT
[LOG 11:58:23.728] Config(PAUSE) Squad/Controls/Azerty/PAUSE
[LOG 11:58:23.728] Config(PRECISION_CTRL) Squad/Controls/Azerty/PRECISION_CTRL
[LOG 11:58:23.728] Config(ZOOM_IN) Squad/Controls/Azerty/ZOOM_IN
[LOG 11:58:23.728] Config(ZOOM_OUT) Squad/Controls/Azerty/ZOOM_OUT
[LOG 11:58:23.728] Config(SCROLL_VIEW_UP) Squad/Controls/Azerty/SCROLL_VIEW_UP
[LOG 11:58:23.728] Config(SCROLL_VIEW_DOWN) Squad/Controls/Azerty/SCROLL_VIEW_DOWN
[LOG 11:58:23.728] Config(SCROLL_ICONS_UP) Squad/Controls/Azerty/SCROLL_ICONS_UP
[LOG 11:58:23.728] Config(SCROLL_ICONS_DOWN) Squad/Controls/Azerty/SCROLL_ICONS_DOWN
[LOG 11:58:23.728] Config(CAMERA_ORBIT_UP) Squad/Controls/Azerty/CAMERA_ORBIT_UP
[LOG 11:58:23.728] Config(CAMERA_ORBIT_DOWN) Squad/Controls/Azerty/CAMERA_ORBIT_DOWN
[LOG 11:58:23.728] Config(CAMERA_ORBIT_LEFT) Squad/Controls/Azerty/CAMERA_ORBIT_LEFT
[LOG 11:58:23.728] Config(CAMERA_ORBIT_RIGHT) Squad/Controls/Azerty/CAMERA_ORBIT_RIGHT
[LOG 11:58:23.728] Config(CAMERA_RESET) Squad/Controls/Azerty/CAMERA_RESET
[LOG 11:58:23.728] Config(CAMERA_MOUSE_TOGGLE) Squad/Controls/Azerty/CAMERA_MOUSE_TOGGLE
[LOG 11:58:23.728] Config(TIME_WARP_INCREASE) Squad/Controls/Azerty/TIME_WARP_INCREASE
[LOG 11:58:23.728] Config(TIME_WARP_DECREASE) Squad/Controls/Azerty/TIME_WARP_DECREASE
[LOG 11:58:23.728] Config(TIME_WARP_STOP) Squad/Controls/Azerty/TIME_WARP_STOP
[LOG 11:58:23.728] Config(MAP_VIEW_TOGGLE) Squad/Controls/Azerty/MAP_VIEW_TOGGLE
[LOG 11:58:23.728] Config(NAVBALL_TOGGLE) Squad/Controls/Azerty/NAVBALL_TOGGLE
[LOG 11:58:23.729] Config(UIMODE_STAGING) Squad/Controls/Azerty/UIMODE_STAGING
[LOG 11:58:23.729] Config(UIMODE_DOCKING) Squad/Controls/Azerty/UIMODE_DOCKING
[LOG 11:58:23.729] Config(TRANSLATE_DOWN) Squad/Controls/Azerty/TRANSLATE_DOWN
[LOG 11:58:23.729] Config(TRANSLATE_UP) Squad/Controls/Azerty/TRANSLATE_UP
[LOG 11:58:23.729] Config(TRANSLATE_LEFT) Squad/Controls/Azerty/TRANSLATE_LEFT
[LOG 11:58:23.729] Config(TRANSLATE_RIGHT) Squad/Controls/Azerty/TRANSLATE_RIGHT
[LOG 11:58:23.729] Config(TRANSLATE_FWD) Squad/Controls/Azerty/TRANSLATE_FWD
[LOG 11:58:23.729] Config(TRANSLATE_BACK) Squad/Controls/Azerty/TRANSLATE_BACK
[LOG 11:58:23.729] Config(RCS_TOGGLE) Squad/Controls/Azerty/RCS_TOGGLE
[LOG 11:58:23.729] Config(FOCUS_NEXT_VESSEL) Squad/Controls/Azerty/FOCUS_NEXT_VESSEL
[LOG 11:58:23.729] Config(FOCUS_PREV_VESSEL) Squad/Controls/Azerty/FOCUS_PREV_VESSEL
[LOG 11:58:23.729] Config(TOGGLE_UI) Squad/Controls/Azerty/TOGGLE_UI
[LOG 11:58:23.729] Config(TOGGLE_STATUS_SCREEN) Squad/Controls/Azerty/TOGGLE_STATUS_SCREEN
[LOG 11:58:23.729] Config(TAKE_SCREENSHOT) Squad/Controls/Azerty/TAKE_SCREENSHOT
[LOG 11:58:23.729] Config(TOGGLE_LABELS) Squad/Controls/Azerty/TOGGLE_LABELS
[LOG 11:58:23.729] Config(TOGGLE_TEMP_GAUGES) Squad/Controls/Azerty/TOGGLE_TEMP_GAUGES
[LOG 11:58:23.729] Config(TOGGLE_TEMP_OVERLAY) Squad/Controls/Azerty/TOGGLE_TEMP_OVERLAY
[LOG 11:58:23.729] Config(TOGGLE_FLIGHT_FORCES) Squad/Controls/Azerty/TOGGLE_FLIGHT_FORCES
[LOG 11:58:23.729] Config(QUICKSAVE) Squad/Controls/Azerty/QUICKSAVE
[LOG 11:58:23.729] Config(QUICKLOAD) Squad/Controls/Azerty/QUICKLOAD
[LOG 11:58:23.729] Config(THROTTLE_CUTOFF) Squad/Controls/Azerty/THROTTLE_CUTOFF
[LOG 11:58:23.729] Config(THROTTLE_FULL) Squad/Controls/Azerty/THROTTLE_FULL
[LOG 11:58:23.729] Config(LANDING_GEAR) Squad/Controls/Azerty/LANDING_GEAR
[LOG 11:58:23.729] Config(HEADLIGHT_TOGGLE) Squad/Controls/Azerty/HEADLIGHT_TOGGLE
[LOG 11:58:23.729] Config(BRAKES) Squad/Controls/Azerty/BRAKES
[LOG 11:58:23.729] Config(TOGGLE_SPACENAV_FLIGHT_CONTROL) Squad/Controls/Azerty/TOGGLE_SPACENAV_FLIGHT_CONTROL
[LOG 11:58:23.729] Config(TOGGLE_SPACENAV_ROLL_LOCK) Squad/Controls/Azerty/TOGGLE_SPACENAV_ROLL_LOCK
[LOG 11:58:23.729] Config(WHEEL_STEER_LEFT) Squad/Controls/Azerty/WHEEL_STEER_LEFT
[LOG 11:58:23.729] Config(WHEEL_STEER_RIGHT) Squad/Controls/Azerty/WHEEL_STEER_RIGHT
[LOG 11:58:23.729] Config(WHEEL_THROTTLE_DOWN) Squad/Controls/Azerty/WHEEL_THROTTLE_DOWN
[LOG 11:58:23.729] Config(WHEEL_THROTTLE_UP) Squad/Controls/Azerty/WHEEL_THROTTLE_UP
[LOG 11:58:23.729] Config(EVA_forward) Squad/Controls/Azerty/EVA_forward
[LOG 11:58:23.729] Config(EVA_back) Squad/Controls/Azerty/EVA_back
[LOG 11:58:23.729] Config(EVA_left) Squad/Controls/Azerty/EVA_left
[LOG 11:58:23.729] Config(EVA_right) Squad/Controls/Azerty/EVA_right
[LOG 11:58:23.729] Config(EVA_yaw_left) Squad/Controls/Azerty/EVA_yaw_left
[LOG 11:58:23.729] Config(EVA_yaw_right) Squad/Controls/Azerty/EVA_yaw_right
[LOG 11:58:23.729] Config(EVA_Pack_forward) Squad/Controls/Azerty/EVA_Pack_forward
[LOG 11:58:23.729] Config(EVA_Pack_back) Squad/Controls/Azerty/EVA_Pack_back
[LOG 11:58:23.729] Config(EVA_Pack_left) Squad/Controls/Azerty/EVA_Pack_left
[LOG 11:58:23.729] Config(EVA_Pack_right) Squad/Controls/Azerty/EVA_Pack_right
[LOG 11:58:23.729] Config(EVA_Pack_up) Squad/Controls/Azerty/EVA_Pack_up
[LOG 11:58:23.729] Config(EVA_Pack_down) Squad/Controls/Azerty/EVA_Pack_down
[LOG 11:58:23.729] Config(EVA_Jump) Squad/Controls/Azerty/EVA_Jump
[LOG 11:58:23.729] Config(EVA_Run) Squad/Controls/Azerty/EVA_Run
[LOG 11:58:23.729] Config(EVA_ToggleMovementMode) Squad/Controls/Azerty/EVA_ToggleMovementMode
[LOG 11:58:23.729] Config(EVA_TogglePack) Squad/Controls/Azerty/EVA_TogglePack
[LOG 11:58:23.729] Config(EVA_Use) Squad/Controls/Azerty/EVA_Use
[LOG 11:58:23.730] Config(EVA_Board) Squad/Controls/Azerty/EVA_Board
[LOG 11:58:23.730] Config(EVA_Orient) Squad/Controls/Azerty/EVA_Orient
[LOG 11:58:23.730] Config(EVA_Lights) Squad/Controls/Azerty/EVA_Lights
[LOG 11:58:23.730] Config(EVA_ChuteDeploy) Squad/Controls/Azerty/EVA_ChuteDeploy
[LOG 11:58:23.730] Config(Editor_pitchUp) Squad/Controls/Azerty/Editor_pitchUp
[LOG 11:58:23.730] Config(Editor_pitchDown) Squad/Controls/Azerty/Editor_pitchDown
[LOG 11:58:23.730] Config(Editor_yawLeft) Squad/Controls/Azerty/Editor_yawLeft
[LOG 11:58:23.730] Config(Editor_yawRight) Squad/Controls/Azerty/Editor_yawRight
[LOG 11:58:23.730] Config(Editor_rollLeft) Squad/Controls/Azerty/Editor_rollLeft
[LOG 11:58:23.730] Config(Editor_rollRight) Squad/Controls/Azerty/Editor_rollRight
[LOG 11:58:23.730] Config(Editor_resetRotation) Squad/Controls/Azerty/Editor_resetRotation
[LOG 11:58:23.730] Config(Editor_modePlace) Squad/Controls/Azerty/Editor_modePlace
[LOG 11:58:23.730] Config(Editor_modeOffset) Squad/Controls/Azerty/Editor_modeOffset
[LOG 11:58:23.730] Config(Editor_modeRotate) Squad/Controls/Azerty/Editor_modeRotate
[LOG 11:58:23.730] Config(Editor_modeRoot) Squad/Controls/Azerty/Editor_modeRoot
[LOG 11:58:23.730] Config(Editor_coordSystem) Squad/Controls/Azerty/Editor_coordSystem
[LOG 11:58:23.730] Config(Editor_toggleSymMethod) Squad/Controls/Azerty/Editor_toggleSymMethod
[LOG 11:58:23.730] Config(Editor_toggleSymMode) Squad/Controls/Azerty/Editor_toggleSymMode
[LOG 11:58:23.730] Config(Editor_toggleAngleSnap) Squad/Controls/Azerty/Editor_toggleAngleSnap
[LOG 11:58:23.730] Config(Editor_fineTweak) Squad/Controls/Azerty/Editor_fineTweak
[LOG 11:58:23.730] Config(Editor_partSearch) Squad/Controls/Azerty/Editor_partSearch
[LOG 11:58:23.730] Config(Editor_zoomScrollModifier) Squad/Controls/Azerty/Editor_zoomScrollModifier
[LOG 11:58:23.730] Config(MODIFIER_KEY) Squad/Controls/Azerty/MODIFIER_KEY
[LOG 11:58:23.730] Config(AbortActionGroup) Squad/Controls/Azerty/AbortActionGroup
[LOG 11:58:23.730] Config(CustomActionGroup1) Squad/Controls/Azerty/CustomActionGroup1
[LOG 11:58:23.730] Config(CustomActionGroup2) Squad/Controls/Azerty/CustomActionGroup2
[LOG 11:58:23.730] Config(CustomActionGroup3) Squad/Controls/Azerty/CustomActionGroup3
[LOG 11:58:23.730] Config(CustomActionGroup4) Squad/Controls/Azerty/CustomActionGroup4
[LOG 11:58:23.730] Config(CustomActionGroup5) Squad/Controls/Azerty/CustomActionGroup5
[LOG 11:58:23.730] Config(CustomActionGroup6) Squad/Controls/Azerty/CustomActionGroup6
[LOG 11:58:23.730] Config(CustomActionGroup7) Squad/Controls/Azerty/CustomActionGroup7
[LOG 11:58:23.730] Config(CustomActionGroup8) Squad/Controls/Azerty/CustomActionGroup8
[LOG 11:58:23.730] Config(CustomActionGroup9) Squad/Controls/Azerty/CustomActionGroup9
[LOG 11:58:23.730] Config(CustomActionGroup10) Squad/Controls/Azerty/CustomActionGroup10
[LOG 11:58:23.730] Config(KEY_MAP) Squad/Controls/Azerty/KEY_MAP
[LOG 11:58:23.730] Config(KEYBOARD_LAYOUT) Squad/Controls/Dvorak/#autoLOC_6001234
[LOG 11:58:23.730] Config(PITCH_DOWN) Squad/Controls/Dvorak/PITCH_DOWN
[LOG 11:58:23.730] Config(PITCH_UP) Squad/Controls/Dvorak/PITCH_UP
[LOG 11:58:23.730] Config(YAW_LEFT) Squad/Controls/Dvorak/YAW_LEFT
[LOG 11:58:23.730] Config(YAW_RIGHT) Squad/Controls/Dvorak/YAW_RIGHT
[LOG 11:58:23.730] Config(ROLL_LEFT) Squad/Controls/Dvorak/ROLL_LEFT
[LOG 11:58:23.730] Config(ROLL_RIGHT) Squad/Controls/Dvorak/ROLL_RIGHT
[LOG 11:58:23.730] Config(THROTTLE_UP) Squad/Controls/Dvorak/THROTTLE_UP
[LOG 11:58:23.730] Config(THROTTLE_DOWN) Squad/Controls/Dvorak/THROTTLE_DOWN
[LOG 11:58:23.730] Config(SAS_HOLD) Squad/Controls/Dvorak/SAS_HOLD
[LOG 11:58:23.730] Config(SAS_TOGGLE) Squad/Controls/Dvorak/SAS_TOGGLE
[LOG 11:58:23.730] Config(LAUNCH_STAGES) Squad/Controls/Dvorak/LAUNCH_STAGES
[LOG 11:58:23.730] Config(Docking_toggleRotLin) Squad/Controls/Dvorak/Docking_toggleRotLin
[LOG 11:58:23.730] Config(CAMERA_MODE) Squad/Controls/Dvorak/CAMERA_MODE
[LOG 11:58:23.731] Config(CAMERA_NEXT) Squad/Controls/Dvorak/CAMERA_NEXT
[LOG 11:58:23.731] Config(PAUSE) Squad/Controls/Dvorak/PAUSE
[LOG 11:58:23.731] Config(PRECISION_CTRL) Squad/Controls/Dvorak/PRECISION_CTRL
[LOG 11:58:23.731] Config(ZOOM_IN) Squad/Controls/Dvorak/ZOOM_IN
[LOG 11:58:23.731] Config(ZOOM_OUT) Squad/Controls/Dvorak/ZOOM_OUT
[LOG 11:58:23.731] Config(SCROLL_VIEW_UP) Squad/Controls/Dvorak/SCROLL_VIEW_UP
[LOG 11:58:23.731] Config(SCROLL_VIEW_DOWN) Squad/Controls/Dvorak/SCROLL_VIEW_DOWN
[LOG 11:58:23.731] Config(SCROLL_ICONS_UP) Squad/Controls/Dvorak/SCROLL_ICONS_UP
[LOG 11:58:23.731] Config(SCROLL_ICONS_DOWN) Squad/Controls/Dvorak/SCROLL_ICONS_DOWN
[LOG 11:58:23.731] Config(CAMERA_ORBIT_UP) Squad/Controls/Dvorak/CAMERA_ORBIT_UP
[LOG 11:58:23.731] Config(CAMERA_ORBIT_DOWN) Squad/Controls/Dvorak/CAMERA_ORBIT_DOWN
[LOG 11:58:23.731] Config(CAMERA_ORBIT_LEFT) Squad/Controls/Dvorak/CAMERA_ORBIT_LEFT
[LOG 11:58:23.731] Config(CAMERA_ORBIT_RIGHT) Squad/Controls/Dvorak/CAMERA_ORBIT_RIGHT
[LOG 11:58:23.731] Config(CAMERA_RESET) Squad/Controls/Dvorak/CAMERA_RESET
[LOG 11:58:23.731] Config(CAMERA_MOUSE_TOGGLE) Squad/Controls/Dvorak/CAMERA_MOUSE_TOGGLE
[LOG 11:58:23.731] Config(TIME_WARP_INCREASE) Squad/Controls/Dvorak/TIME_WARP_INCREASE
[LOG 11:58:23.731] Config(TIME_WARP_DECREASE) Squad/Controls/Dvorak/TIME_WARP_DECREASE
[LOG 11:58:23.731] Config(TIME_WARP_STOP) Squad/Controls/Dvorak/TIME_WARP_STOP
[LOG 11:58:23.731] Config(MAP_VIEW_TOGGLE) Squad/Controls/Dvorak/MAP_VIEW_TOGGLE
[LOG 11:58:23.731] Config(NAVBALL_TOGGLE) Squad/Controls/Dvorak/NAVBALL_TOGGLE
[LOG 11:58:23.731] Config(UIMODE_STAGING) Squad/Controls/Dvorak/UIMODE_STAGING
[LOG 11:58:23.731] Config(UIMODE_DOCKING) Squad/Controls/Dvorak/UIMODE_DOCKING
[LOG 11:58:23.731] Config(TRANSLATE_DOWN) Squad/Controls/Dvorak/TRANSLATE_DOWN
[LOG 11:58:23.731] Config(TRANSLATE_UP) Squad/Controls/Dvorak/TRANSLATE_UP
[LOG 11:58:23.731] Config(TRANSLATE_LEFT) Squad/Controls/Dvorak/TRANSLATE_LEFT
[LOG 11:58:23.731] Config(TRANSLATE_RIGHT) Squad/Controls/Dvorak/TRANSLATE_RIGHT
[LOG 11:58:23.731] Config(TRANSLATE_FWD) Squad/Controls/Dvorak/TRANSLATE_FWD
[LOG 11:58:23.731] Config(TRANSLATE_BACK) Squad/Controls/Dvorak/TRANSLATE_BACK
[LOG 11:58:23.731] Config(RCS_TOGGLE) Squad/Controls/Dvorak/RCS_TOGGLE
[LOG 11:58:23.731] Config(FOCUS_NEXT_VESSEL) Squad/Controls/Dvorak/FOCUS_NEXT_VESSEL
[LOG 11:58:23.731] Config(FOCUS_PREV_VESSEL) Squad/Controls/Dvorak/FOCUS_PREV_VESSEL
[LOG 11:58:23.731] Config(TOGGLE_UI) Squad/Controls/Dvorak/TOGGLE_UI
[LOG 11:58:23.731] Config(TOGGLE_STATUS_SCREEN) Squad/Controls/Dvorak/TOGGLE_STATUS_SCREEN
[LOG 11:58:23.731] Config(TAKE_SCREENSHOT) Squad/Controls/Dvorak/TAKE_SCREENSHOT
[LOG 11:58:23.731] Config(TOGGLE_LABELS) Squad/Controls/Dvorak/TOGGLE_LABELS
[LOG 11:58:23.731] Config(TOGGLE_TEMP_GAUGES) Squad/Controls/Dvorak/TOGGLE_TEMP_GAUGES
[LOG 11:58:23.731] Config(TOGGLE_TEMP_OVERLAY) Squad/Controls/Dvorak/TOGGLE_TEMP_OVERLAY
[LOG 11:58:23.731] Config(TOGGLE_FLIGHT_FORCES) Squad/Controls/Dvorak/TOGGLE_FLIGHT_FORCES
[LOG 11:58:23.731] Config(QUICKSAVE) Squad/Controls/Dvorak/QUICKSAVE
[LOG 11:58:23.731] Config(QUICKLOAD) Squad/Controls/Dvorak/QUICKLOAD
[LOG 11:58:23.731] Config(THROTTLE_CUTOFF) Squad/Controls/Dvorak/THROTTLE_CUTOFF
[LOG 11:58:23.731] Config(THROTTLE_FULL) Squad/Controls/Dvorak/THROTTLE_FULL
[LOG 11:58:23.731] Config(LANDING_GEAR) Squad/Controls/Dvorak/LANDING_GEAR
[LOG 11:58:23.731] Config(HEADLIGHT_TOGGLE) Squad/Controls/Dvorak/HEADLIGHT_TOGGLE
[LOG 11:58:23.731] Config(BRAKES) Squad/Controls/Dvorak/BRAKES
[LOG 11:58:23.731] Config(TOGGLE_SPACENAV_FLIGHT_CONTROL) Squad/Controls/Dvorak/TOGGLE_SPACENAV_FLIGHT_CONTROL
[LOG 11:58:23.732] Config(TOGGLE_SPACENAV_ROLL_LOCK) Squad/Controls/Dvorak/TOGGLE_SPACENAV_ROLL_LOCK
[LOG 11:58:23.732] Config(WHEEL_STEER_LEFT) Squad/Controls/Dvorak/WHEEL_STEER_LEFT
[LOG 11:58:23.732] Config(WHEEL_STEER_RIGHT) Squad/Controls/Dvorak/WHEEL_STEER_RIGHT
[LOG 11:58:23.732] Config(WHEEL_THROTTLE_DOWN) Squad/Controls/Dvorak/WHEEL_THROTTLE_DOWN
[LOG 11:58:23.732] Config(WHEEL_THROTTLE_UP) Squad/Controls/Dvorak/WHEEL_THROTTLE_UP
[LOG 11:58:23.732] Config(EVA_forward) Squad/Controls/Dvorak/EVA_forward
[LOG 11:58:23.732] Config(EVA_back) Squad/Controls/Dvorak/EVA_back
[LOG 11:58:23.732] Config(EVA_left) Squad/Controls/Dvorak/EVA_left
[LOG 11:58:23.732] Config(EVA_right) Squad/Controls/Dvorak/EVA_right
[LOG 11:58:23.732] Config(EVA_yaw_left) Squad/Controls/Dvorak/EVA_yaw_left
[LOG 11:58:23.732] Config(EVA_yaw_right) Squad/Controls/Dvorak/EVA_yaw_right
[LOG 11:58:23.732] Config(EVA_Pack_forward) Squad/Controls/Dvorak/EVA_Pack_forward
[LOG 11:58:23.732] Config(EVA_Pack_back) Squad/Controls/Dvorak/EVA_Pack_back
[LOG 11:58:23.732] Config(EVA_Pack_left) Squad/Controls/Dvorak/EVA_Pack_left
[LOG 11:58:23.732] Config(EVA_Pack_right) Squad/Controls/Dvorak/EVA_Pack_right
[LOG 11:58:23.732] Config(EVA_Pack_up) Squad/Controls/Dvorak/EVA_Pack_up
[LOG 11:58:23.732] Config(EVA_Pack_down) Squad/Controls/Dvorak/EVA_Pack_down
[LOG 11:58:23.732] Config(EVA_Jump) Squad/Controls/Dvorak/EVA_Jump
[LOG 11:58:23.732] Config(EVA_Run) Squad/Controls/Dvorak/EVA_Run
[LOG 11:58:23.732] Config(EVA_ToggleMovementMode) Squad/Controls/Dvorak/EVA_ToggleMovementMode
[LOG 11:58:23.732] Config(EVA_TogglePack) Squad/Controls/Dvorak/EVA_TogglePack
[LOG 11:58:23.732] Config(EVA_Use) Squad/Controls/Dvorak/EVA_Use
[LOG 11:58:23.732] Config(EVA_Board) Squad/Controls/Dvorak/EVA_Board
[LOG 11:58:23.732] Config(EVA_Orient) Squad/Controls/Dvorak/EVA_Orient
[LOG 11:58:23.732] Config(EVA_Lights) Squad/Controls/Dvorak/EVA_Lights
[LOG 11:58:23.732] Config(EVA_ChuteDeploy) Squad/Controls/Dvorak/EVA_ChuteDeploy
[LOG 11:58:23.732] Config(Editor_pitchUp) Squad/Controls/Dvorak/Editor_pitchUp
[LOG 11:58:23.732] Config(Editor_pitchDown) Squad/Controls/Dvorak/Editor_pitchDown
[LOG 11:58:23.732] Config(Editor_yawLeft) Squad/Controls/Dvorak/Editor_yawLeft
[LOG 11:58:23.732] Config(Editor_yawRight) Squad/Controls/Dvorak/Editor_yawRight
[LOG 11:58:23.732] Config(Editor_rollLeft) Squad/Controls/Dvorak/Editor_rollLeft
[LOG 11:58:23.732] Config(Editor_rollRight) Squad/Controls/Dvorak/Editor_rollRight
[LOG 11:58:23.732] Config(Editor_resetRotation) Squad/Controls/Dvorak/Editor_resetRotation
[LOG 11:58:23.732] Config(Editor_modePlace) Squad/Controls/Dvorak/Editor_modePlace
[LOG 11:58:23.732] Config(Editor_modeOffset) Squad/Controls/Dvorak/Editor_modeOffset
[LOG 11:58:23.732] Config(Editor_modeRotate) Squad/Controls/Dvorak/Editor_modeRotate
[LOG 11:58:23.732] Config(Editor_modeRoot) Squad/Controls/Dvorak/Editor_modeRoot
[LOG 11:58:23.732] Config(Editor_coordSystem) Squad/Controls/Dvorak/Editor_coordSystem
[LOG 11:58:23.732] Config(Editor_toggleSymMethod) Squad/Controls/Dvorak/Editor_toggleSymMethod
[LOG 11:58:23.732] Config(Editor_toggleSymMode) Squad/Controls/Dvorak/Editor_toggleSymMode
[LOG 11:58:23.732] Config(Editor_toggleAngleSnap) Squad/Controls/Dvorak/Editor_toggleAngleSnap
[LOG 11:58:23.732] Config(Editor_fineTweak) Squad/Controls/Dvorak/Editor_fineTweak
[LOG 11:58:23.732] Config(Editor_partSearch) Squad/Controls/Dvorak/Editor_partSearch
[LOG 11:58:23.732] Config(Editor_zoomScrollModifier) Squad/Controls/Dvorak/Editor_zoomScrollModifier
[LOG 11:58:23.733] Config(MODIFIER_KEY) Squad/Controls/Dvorak/MODIFIER_KEY
[LOG 11:58:23.733] Config(AbortActionGroup) Squad/Controls/Dvorak/AbortActionGroup
[LOG 11:58:23.733] Config(CustomActionGroup1) Squad/Controls/Dvorak/CustomActionGroup1
[LOG 11:58:23.733] Config(CustomActionGroup2) Squad/Controls/Dvorak/CustomActionGroup2
[LOG 11:58:23.733] Config(CustomActionGroup3) Squad/Controls/Dvorak/CustomActionGroup3
[LOG 11:58:23.733] Config(CustomActionGroup4) Squad/Controls/Dvorak/CustomActionGroup4
[LOG 11:58:23.733] Config(CustomActionGroup5) Squad/Controls/Dvorak/CustomActionGroup5
[LOG 11:58:23.733] Config(CustomActionGroup6) Squad/Controls/Dvorak/CustomActionGroup6
[LOG 11:58:23.733] Config(CustomActionGroup7) Squad/Controls/Dvorak/CustomActionGroup7
[LOG 11:58:23.733] Config(CustomActionGroup8) Squad/Controls/Dvorak/CustomActionGroup8
[LOG 11:58:23.733] Config(CustomActionGroup9) Squad/Controls/Dvorak/CustomActionGroup9
[LOG 11:58:23.733] Config(CustomActionGroup10) Squad/Controls/Dvorak/CustomActionGroup10
[LOG 11:58:23.733] Config(KEY_MAP) Squad/Controls/Dvorak/KEY_MAP
[LOG 11:58:23.733] Config(KEYBOARD_LAYOUT) Squad/Controls/Qwerty/#autoLOC_6001227
[LOG 11:58:23.733] Config(PITCH_DOWN) Squad/Controls/Qwerty/PITCH_DOWN
[LOG 11:58:23.733] Config(PITCH_UP) Squad/Controls/Qwerty/PITCH_UP
[LOG 11:58:23.733] Config(YAW_LEFT) Squad/Controls/Qwerty/YAW_LEFT
[LOG 11:58:23.733] Config(YAW_RIGHT) Squad/Controls/Qwerty/YAW_RIGHT
[LOG 11:58:23.733] Config(ROLL_LEFT) Squad/Controls/Qwerty/ROLL_LEFT
[LOG 11:58:23.733] Config(ROLL_RIGHT) Squad/Controls/Qwerty/ROLL_RIGHT
[LOG 11:58:23.733] Config(THROTTLE_UP) Squad/Controls/Qwerty/THROTTLE_UP
[LOG 11:58:23.733] Config(THROTTLE_DOWN) Squad/Controls/Qwerty/THROTTLE_DOWN
[LOG 11:58:23.733] Config(SAS_HOLD) Squad/Controls/Qwerty/SAS_HOLD
[LOG 11:58:23.733] Config(SAS_TOGGLE) Squad/Controls/Qwerty/SAS_TOGGLE
[LOG 11:58:23.733] Config(LAUNCH_STAGES) Squad/Controls/Qwerty/LAUNCH_STAGES
[LOG 11:58:23.733] Config(Docking_toggleRotLin) Squad/Controls/Qwerty/Docking_toggleRotLin
[LOG 11:58:23.733] Config(CAMERA_MODE) Squad/Controls/Qwerty/CAMERA_MODE
[LOG 11:58:23.733] Config(CAMERA_NEXT) Squad/Controls/Qwerty/CAMERA_NEXT
[LOG 11:58:23.733] Config(PAUSE) Squad/Controls/Qwerty/PAUSE
[LOG 11:58:23.733] Config(PRECISION_CTRL) Squad/Controls/Qwerty/PRECISION_CTRL
[LOG 11:58:23.733] Config(ZOOM_IN) Squad/Controls/Qwerty/ZOOM_IN
[LOG 11:58:23.733] Config(ZOOM_OUT) Squad/Controls/Qwerty/ZOOM_OUT
[LOG 11:58:23.733] Config(SCROLL_VIEW_UP) Squad/Controls/Qwerty/SCROLL_VIEW_UP
[LOG 11:58:23.733] Config(SCROLL_VIEW_DOWN) Squad/Controls/Qwerty/SCROLL_VIEW_DOWN
[LOG 11:58:23.733] Config(SCROLL_ICONS_UP) Squad/Controls/Qwerty/SCROLL_ICONS_UP
[LOG 11:58:23.733] Config(SCROLL_ICONS_DOWN) Squad/Controls/Qwerty/SCROLL_ICONS_DOWN
[LOG 11:58:23.733] Config(CAMERA_ORBIT_UP) Squad/Controls/Qwerty/CAMERA_ORBIT_UP
[LOG 11:58:23.733] Config(CAMERA_ORBIT_DOWN) Squad/Controls/Qwerty/CAMERA_ORBIT_DOWN
[LOG 11:58:23.733] Config(CAMERA_ORBIT_LEFT) Squad/Controls/Qwerty/CAMERA_ORBIT_LEFT
[LOG 11:58:23.733] Config(CAMERA_ORBIT_RIGHT) Squad/Controls/Qwerty/CAMERA_ORBIT_RIGHT
[LOG 11:58:23.733] Config(CAMERA_RESET) Squad/Controls/Qwerty/CAMERA_RESET
[LOG 11:58:23.733] Config(CAMERA_MOUSE_TOGGLE) Squad/Controls/Qwerty/CAMERA_MOUSE_TOGGLE
[LOG 11:58:23.733] Config(TIME_WARP_INCREASE) Squad/Controls/Qwerty/TIME_WARP_INCREASE
[LOG 11:58:23.733] Config(TIME_WARP_DECREASE) Squad/Controls/Qwerty/TIME_WARP_DECREASE
[LOG 11:58:23.733] Config(TIME_WARP_STOP) Squad/Controls/Qwerty/TIME_WARP_STOP
[LOG 11:58:23.733] Config(MAP_VIEW_TOGGLE) Squad/Controls/Qwerty/MAP_VIEW_TOGGLE
[LOG 11:58:23.733] Config(NAVBALL_TOGGLE) Squad/Controls/Qwerty/NAVBALL_TOGGLE
[LOG 11:58:23.733] Config(UIMODE_STAGING) Squad/Controls/Qwerty/UIMODE_STAGING
[LOG 11:58:23.733] Config(UIMODE_DOCKING) Squad/Controls/Qwerty/UIMODE_DOCKING
[LOG 11:58:23.734] Config(TRANSLATE_DOWN) Squad/Controls/Qwerty/TRANSLATE_DOWN
[LOG 11:58:23.734] Config(TRANSLATE_UP) Squad/Controls/Qwerty/TRANSLATE_UP
[LOG 11:58:23.734] Config(TRANSLATE_LEFT) Squad/Controls/Qwerty/TRANSLATE_LEFT
[LOG 11:58:23.734] Config(TRANSLATE_RIGHT) Squad/Controls/Qwerty/TRANSLATE_RIGHT
[LOG 11:58:23.734] Config(TRANSLATE_FWD) Squad/Controls/Qwerty/TRANSLATE_FWD
[LOG 11:58:23.734] Config(TRANSLATE_BACK) Squad/Controls/Qwerty/TRANSLATE_BACK
[LOG 11:58:23.734] Config(RCS_TOGGLE) Squad/Controls/Qwerty/RCS_TOGGLE
[LOG 11:58:23.734] Config(FOCUS_NEXT_VESSEL) Squad/Controls/Qwerty/FOCUS_NEXT_VESSEL
[LOG 11:58:23.734] Config(FOCUS_PREV_VESSEL) Squad/Controls/Qwerty/FOCUS_PREV_VESSEL
[LOG 11:58:23.734] Config(TOGGLE_UI) Squad/Controls/Qwerty/TOGGLE_UI
[LOG 11:58:23.734] Config(TOGGLE_STATUS_SCREEN) Squad/Controls/Qwerty/TOGGLE_STATUS_SCREEN
[LOG 11:58:23.734] Config(TAKE_SCREENSHOT) Squad/Controls/Qwerty/TAKE_SCREENSHOT
[LOG 11:58:23.734] Config(TOGGLE_LABELS) Squad/Controls/Qwerty/TOGGLE_LABELS
[LOG 11:58:23.734] Config(TOGGLE_TEMP_GAUGES) Squad/Controls/Qwerty/TOGGLE_TEMP_GAUGES
[LOG 11:58:23.734] Config(TOGGLE_TEMP_OVERLAY) Squad/Controls/Qwerty/TOGGLE_TEMP_OVERLAY
[LOG 11:58:23.734] Config(TOGGLE_FLIGHT_FORCES) Squad/Controls/Qwerty/TOGGLE_FLIGHT_FORCES
[LOG 11:58:23.734] Config(QUICKSAVE) Squad/Controls/Qwerty/QUICKSAVE
[LOG 11:58:23.734] Config(QUICKLOAD) Squad/Controls/Qwerty/QUICKLOAD
[LOG 11:58:23.734] Config(THROTTLE_CUTOFF) Squad/Controls/Qwerty/THROTTLE_CUTOFF
[LOG 11:58:23.734] Config(THROTTLE_FULL) Squad/Controls/Qwerty/THROTTLE_FULL
[LOG 11:58:23.734] Config(LANDING_GEAR) Squad/Controls/Qwerty/LANDING_GEAR
[LOG 11:58:23.734] Config(HEADLIGHT_TOGGLE) Squad/Controls/Qwerty/HEADLIGHT_TOGGLE
[LOG 11:58:23.734] Config(BRAKES) Squad/Controls/Qwerty/BRAKES
[LOG 11:58:23.734] Config(TOGGLE_SPACENAV_FLIGHT_CONTROL) Squad/Controls/Qwerty/TOGGLE_SPACENAV_FLIGHT_CONTROL
[LOG 11:58:23.734] Config(TOGGLE_SPACENAV_ROLL_LOCK) Squad/Controls/Qwerty/TOGGLE_SPACENAV_ROLL_LOCK
[LOG 11:58:23.734] Config(WHEEL_STEER_LEFT) Squad/Controls/Qwerty/WHEEL_STEER_LEFT
[LOG 11:58:23.734] Config(WHEEL_STEER_RIGHT) Squad/Controls/Qwerty/WHEEL_STEER_RIGHT
[LOG 11:58:23.734] Config(WHEEL_THROTTLE_DOWN) Squad/Controls/Qwerty/WHEEL_THROTTLE_DOWN
[LOG 11:58:23.734] Config(WHEEL_THROTTLE_UP) Squad/Controls/Qwerty/WHEEL_THROTTLE_UP
[LOG 11:58:23.734] Config(EVA_forward) Squad/Controls/Qwerty/EVA_forward
[LOG 11:58:23.734] Config(EVA_back) Squad/Controls/Qwerty/EVA_back
[LOG 11:58:23.734] Config(EVA_left) Squad/Controls/Qwerty/EVA_left
[LOG 11:58:23.734] Config(EVA_right) Squad/Controls/Qwerty/EVA_right
[LOG 11:58:23.734] Config(EVA_yaw_left) Squad/Controls/Qwerty/EVA_yaw_left
[LOG 11:58:23.734] Config(EVA_yaw_right) Squad/Controls/Qwerty/EVA_yaw_right
[LOG 11:58:23.734] Config(EVA_Pack_forward) Squad/Controls/Qwerty/EVA_Pack_forward
[LOG 11:58:23.734] Config(EVA_Pack_back) Squad/Controls/Qwerty/EVA_Pack_back
[LOG 11:58:23.734] Config(EVA_Pack_left) Squad/Controls/Qwerty/EVA_Pack_left
[LOG 11:58:23.734] Config(EVA_Pack_right) Squad/Controls/Qwerty/EVA_Pack_right
[LOG 11:58:23.734] Config(EVA_Pack_up) Squad/Controls/Qwerty/EVA_Pack_up
[LOG 11:58:23.734] Config(EVA_Pack_down) Squad/Controls/Qwerty/EVA_Pack_down
[LOG 11:58:23.734] Config(EVA_Jump) Squad/Controls/Qwerty/EVA_Jump
[LOG 11:58:23.734] Config(EVA_Run) Squad/Controls/Qwerty/EVA_Run
[LOG 11:58:23.734] Config(EVA_ToggleMovementMode) Squad/Controls/Qwerty/EVA_ToggleMovementMode
[LOG 11:58:23.734] Config(EVA_TogglePack) Squad/Controls/Qwerty/EVA_TogglePack
[LOG 11:58:23.734] Config(EVA_Use) Squad/Controls/Qwerty/EVA_Use
[LOG 11:58:23.734] Config(EVA_Board) Squad/Controls/Qwerty/EVA_Board
[LOG 11:58:23.734] Config(EVA_Orient) Squad/Controls/Qwerty/EVA_Orient
[LOG 11:58:23.735] Config(EVA_Lights) Squad/Controls/Qwerty/EVA_Lights
[LOG 11:58:23.735] Config(EVA_ChuteDeploy) Squad/Controls/Qwerty/EVA_ChuteDeploy
[LOG 11:58:23.735] Config(Editor_pitchUp) Squad/Controls/Qwerty/Editor_pitchUp
[LOG 11:58:23.735] Config(Editor_pitchDown) Squad/Controls/Qwerty/Editor_pitchDown
[LOG 11:58:23.735] Config(Editor_yawLeft) Squad/Controls/Qwerty/Editor_yawLeft
[LOG 11:58:23.735] Config(Editor_yawRight) Squad/Controls/Qwerty/Editor_yawRight
[LOG 11:58:23.735] Config(Editor_rollLeft) Squad/Controls/Qwerty/Editor_rollLeft
[LOG 11:58:23.735] Config(Editor_rollRight) Squad/Controls/Qwerty/Editor_rollRight
[LOG 11:58:23.735] Config(Editor_resetRotation) Squad/Controls/Qwerty/Editor_resetRotation
[LOG 11:58:23.735] Config(Editor_modePlace) Squad/Controls/Qwerty/Editor_modePlace
[LOG 11:58:23.735] Config(Editor_modeOffset) Squad/Controls/Qwerty/Editor_modeOffset
[LOG 11:58:23.735] Config(Editor_modeRotate) Squad/Controls/Qwerty/Editor_modeRotate
[LOG 11:58:23.735] Config(Editor_modeRoot) Squad/Controls/Qwerty/Editor_modeRoot
[LOG 11:58:23.735] Config(Editor_coordSystem) Squad/Controls/Qwerty/Editor_coordSystem
[LOG 11:58:23.735] Config(Editor_toggleSymMethod) Squad/Controls/Qwerty/Editor_toggleSymMethod
[LOG 11:58:23.735] Config(Editor_toggleSymMode) Squad/Controls/Qwerty/Editor_toggleSymMode
[LOG 11:58:23.735] Config(Editor_toggleAngleSnap) Squad/Controls/Qwerty/Editor_toggleAngleSnap
[LOG 11:58:23.735] Config(Editor_fineTweak) Squad/Controls/Qwerty/Editor_fineTweak
[LOG 11:58:23.735] Config(Editor_partSearch) Squad/Controls/Qwerty/Editor_partSearch
[LOG 11:58:23.735] Config(Editor_zoomScrollModifier) Squad/Controls/Qwerty/Editor_zoomScrollModifier
[LOG 11:58:23.735] Config(MODIFIER_KEY) Squad/Controls/Qwerty/MODIFIER_KEY
[LOG 11:58:23.735] Config(AbortActionGroup) Squad/Controls/Qwerty/AbortActionGroup
[LOG 11:58:23.735] Config(CustomActionGroup1) Squad/Controls/Qwerty/CustomActionGroup1
[LOG 11:58:23.735] Config(CustomActionGroup2) Squad/Controls/Qwerty/CustomActionGroup2
[LOG 11:58:23.735] Config(CustomActionGroup3) Squad/Controls/Qwerty/CustomActionGroup3
[LOG 11:58:23.735] Config(CustomActionGroup4) Squad/Controls/Qwerty/CustomActionGroup4
[LOG 11:58:23.735] Config(CustomActionGroup5) Squad/Controls/Qwerty/CustomActionGroup5
[LOG 11:58:23.735] Config(CustomActionGroup6) Squad/Controls/Qwerty/CustomActionGroup6
[LOG 11:58:23.735] Config(CustomActionGroup7) Squad/Controls/Qwerty/CustomActionGroup7
[LOG 11:58:23.735] Config(CustomActionGroup8) Squad/Controls/Qwerty/CustomActionGroup8
[LOG 11:58:23.735] Config(CustomActionGroup9) Squad/Controls/Qwerty/CustomActionGroup9
[LOG 11:58:23.735] Config(CustomActionGroup10) Squad/Controls/Qwerty/CustomActionGroup10
[LOG 11:58:23.735] Config(KEY_MAP) Squad/Controls/Qwerty/KEY_MAP
[LOG 11:58:23.735] Config(KEYBOARD_LAYOUT) Squad/Controls/Qwerty_en-GB/#autoLOC_6001228
[LOG 11:58:23.735] Config(KEY_MAP) Squad/Controls/Qwerty_en-GB/KEY_MAP
[LOG 11:58:23.735] Config(KEYBOARD_LAYOUT) Squad/Controls/Qwerty_es-LA/#autoLOC_6001229
[LOG 11:58:23.735] Config(CAMERA_MOUSE_TOGGLE) Squad/Controls/Qwerty_es-LA/CAMERA_MOUSE_TOGGLE
[LOG 11:58:23.735] Config(TIME_WARP_STOP) Squad/Controls/Qwerty_es-LA/TIME_WARP_STOP
[LOG 11:58:23.735] Config(FOCUS_NEXT_VESSEL) Squad/Controls/Qwerty_es-LA/FOCUS_NEXT_VESSEL
[LOG 11:58:23.735] Config(FOCUS_PREV_VESSEL) Squad/Controls/Qwerty_es-LA/FOCUS_PREV_VESSEL
[LOG 11:58:23.735] Config(CAMERA_RESET) Squad/Controls/Qwerty_es-LA/CAMERA_RESET
[LOG 11:58:23.735] Config(Editor_partSearch) Squad/Controls/Qwerty_es-LA/Editor_partSearch
[LOG 11:58:23.735] Config(KEY_MAP) Squad/Controls/Qwerty_es-LA/KEY_MAP
[LOG 11:58:23.735] Config(KEYBOARD_LAYOUT) Squad/Controls/Qwerty_it-IT/#autoLOC_6001230
[LOG 11:58:23.735] Config(FOCUS_NEXT_VESSEL) Squad/Controls/Qwerty_it-IT/FOCUS_NEXT_VESSEL
[LOG 11:58:23.736] Config(FOCUS_PREV_VESSEL) Squad/Controls/Qwerty_it-IT/FOCUS_PREV_VESSEL
[LOG 11:58:23.736] Config(CAMERA_MOUSE_TOGGLE) Squad/Controls/Qwerty_it-IT/CAMERA_MOUSE_TOGGLE
[LOG 11:58:23.736] Config(TIME_WARP_STOP) Squad/Controls/Qwerty_it-IT/TIME_WARP_STOP
[LOG 11:58:23.736] Config(CAMERA_RESET) Squad/Controls/Qwerty_it-IT/CAMERA_RESET
[LOG 11:58:23.736] Config(Editor_partSearch) Squad/Controls/Qwerty_it-IT/Editor_partSearch
[LOG 11:58:23.736] Config(KEY_MAP) Squad/Controls/Qwerty_it-IT/KEY_MAP
[LOG 11:58:23.736] Config(KEYBOARD_LAYOUT) Squad/Controls/Qwerty_ja-JP/#autoLOC_6001231
[LOG 11:58:23.736] Config(FOCUS_NEXT_VESSEL) Squad/Controls/Qwerty_ja-JP/FOCUS_NEXT_VESSEL
[LOG 11:58:23.736] Config(FOCUS_PREV_VESSEL) Squad/Controls/Qwerty_ja-JP/FOCUS_PREV_VESSEL
[LOG 11:58:23.736] Config(PRECISION_CTRL) Squad/Controls/Qwerty_ja-JP/PRECISION_CTRL
[LOG 11:58:23.736] Config(CAMERA_MOUSE_TOGGLE) Squad/Controls/Qwerty_ja-JP/CAMERA_MOUSE_TOGGLE
[LOG 11:58:23.736] Config(Editor_partSearch) Squad/Controls/Qwerty_ja-JP/Editor_partSearch
[LOG 11:58:23.736] Config(CAMERA_RESET) Squad/Controls/Qwerty_ja-JP/CAMERA_RESET
[LOG 11:58:23.736] Config(KEY_MAP) Squad/Controls/Qwerty_ja-JP/KEY_MAP
[LOG 11:58:23.736] Config(KEYBOARD_LAYOUT) Squad/Controls/Qwerty_pt-PT/#autoLOC_6001230
[LOG 11:58:23.736] Config(FOCUS_NEXT_VESSEL) Squad/Controls/Qwerty_pt-PT/FOCUS_NEXT_VESSEL
[LOG 11:58:23.736] Config(FOCUS_PREV_VESSEL) Squad/Controls/Qwerty_pt-PT/FOCUS_PREV_VESSEL
[LOG 11:58:23.736] Config(CAMERA_MOUSE_TOGGLE) Squad/Controls/Qwerty_pt-PT/CAMERA_MOUSE_TOGGLE
[LOG 11:58:23.736] Config(TIME_WARP_STOP) Squad/Controls/Qwerty_pt-PT/TIME_WARP_STOP
[LOG 11:58:23.736] Config(CAMERA_RESET) Squad/Controls/Qwerty_pt-PT/CAMERA_RESET
[LOG 11:58:23.736] Config(Editor_partSearch) Squad/Controls/Qwerty_pt-PT/Editor_partSearch
[LOG 11:58:23.736] Config(KEY_MAP) Squad/Controls/Qwerty_pt-PT/KEY_MAP
[LOG 11:58:23.736] Config(KEYBOARD_LAYOUT) Squad/Controls/Qwertz/#autoLOC_6001232
[LOG 11:58:23.736] Config(PITCH_DOWN) Squad/Controls/Qwertz/PITCH_DOWN
[LOG 11:58:23.736] Config(PITCH_UP) Squad/Controls/Qwertz/PITCH_UP
[LOG 11:58:23.736] Config(YAW_LEFT) Squad/Controls/Qwertz/YAW_LEFT
[LOG 11:58:23.736] Config(YAW_RIGHT) Squad/Controls/Qwertz/YAW_RIGHT
[LOG 11:58:23.736] Config(ROLL_LEFT) Squad/Controls/Qwertz/ROLL_LEFT
[LOG 11:58:23.736] Config(ROLL_RIGHT) Squad/Controls/Qwertz/ROLL_RIGHT
[LOG 11:58:23.736] Config(THROTTLE_UP) Squad/Controls/Qwertz/THROTTLE_UP
[LOG 11:58:23.736] Config(THROTTLE_DOWN) Squad/Controls/Qwertz/THROTTLE_DOWN
[LOG 11:58:23.736] Config(SAS_HOLD) Squad/Controls/Qwertz/SAS_HOLD
[LOG 11:58:23.736] Config(SAS_TOGGLE) Squad/Controls/Qwertz/SAS_TOGGLE
[LOG 11:58:23.736] Config(LAUNCH_STAGES) Squad/Controls/Qwertz/LAUNCH_STAGES
[LOG 11:58:23.736] Config(Docking_toggleRotLin) Squad/Controls/Qwertz/Docking_toggleRotLin
[LOG 11:58:23.736] Config(CAMERA_MODE) Squad/Controls/Qwertz/CAMERA_MODE
[LOG 11:58:23.736] Config(CAMERA_NEXT) Squad/Controls/Qwertz/CAMERA_NEXT
[LOG 11:58:23.736] Config(PAUSE) Squad/Controls/Qwertz/PAUSE
[LOG 11:58:23.736] Config(PRECISION_CTRL) Squad/Controls/Qwertz/PRECISION_CTRL
[LOG 11:58:23.736] Config(ZOOM_IN) Squad/Controls/Qwertz/ZOOM_IN
[LOG 11:58:23.736] Config(ZOOM_OUT) Squad/Controls/Qwertz/ZOOM_OUT
[LOG 11:58:23.736] Config(SCROLL_VIEW_UP) Squad/Controls/Qwertz/SCROLL_VIEW_UP
[LOG 11:58:23.736] Config(SCROLL_VIEW_DOWN) Squad/Controls/Qwertz/SCROLL_VIEW_DOWN
[LOG 11:58:23.736] Config(SCROLL_ICONS_UP) Squad/Controls/Qwertz/SCROLL_ICONS_UP
[LOG 11:58:23.736] Config(SCROLL_ICONS_DOWN) Squad/Controls/Qwertz/SCROLL_ICONS_DOWN
[LOG 11:58:23.736] Config(CAMERA_ORBIT_UP) Squad/Controls/Qwertz/CAMERA_ORBIT_UP
[LOG 11:58:23.736] Config(CAMERA_ORBIT_DOWN) Squad/Controls/Qwertz/CAMERA_ORBIT_DOWN
[LOG 11:58:23.737] Config(CAMERA_ORBIT_LEFT) Squad/Controls/Qwertz/CAMERA_ORBIT_LEFT
[LOG 11:58:23.737] Config(CAMERA_ORBIT_RIGHT) Squad/Controls/Qwertz/CAMERA_ORBIT_RIGHT
[LOG 11:58:23.737] Config(CAMERA_RESET) Squad/Controls/Qwertz/CAMERA_RESET
[LOG 11:58:23.737] Config(CAMERA_MOUSE_TOGGLE) Squad/Controls/Qwertz/CAMERA_MOUSE_TOGGLE
[LOG 11:58:23.737] Config(TIME_WARP_INCREASE) Squad/Controls/Qwertz/TIME_WARP_INCREASE
[LOG 11:58:23.737] Config(TIME_WARP_DECREASE) Squad/Controls/Qwertz/TIME_WARP_DECREASE
[LOG 11:58:23.737] Config(TIME_WARP_STOP) Squad/Controls/Qwertz/TIME_WARP_STOP
[LOG 11:58:23.737] Config(MAP_VIEW_TOGGLE) Squad/Controls/Qwertz/MAP_VIEW_TOGGLE
[LOG 11:58:23.737] Config(NAVBALL_TOGGLE) Squad/Controls/Qwertz/NAVBALL_TOGGLE
[LOG 11:58:23.737] Config(UIMODE_STAGING) Squad/Controls/Qwertz/UIMODE_STAGING
[LOG 11:58:23.737] Config(UIMODE_DOCKING) Squad/Controls/Qwertz/UIMODE_DOCKING
[LOG 11:58:23.737] Config(TRANSLATE_DOWN) Squad/Controls/Qwertz/TRANSLATE_DOWN
[LOG 11:58:23.737] Config(TRANSLATE_UP) Squad/Controls/Qwertz/TRANSLATE_UP
[LOG 11:58:23.737] Config(TRANSLATE_LEFT) Squad/Controls/Qwertz/TRANSLATE_LEFT
[LOG 11:58:23.737] Config(TRANSLATE_RIGHT) Squad/Controls/Qwertz/TRANSLATE_RIGHT
[LOG 11:58:23.737] Config(TRANSLATE_FWD) Squad/Controls/Qwertz/TRANSLATE_FWD
[LOG 11:58:23.737] Config(TRANSLATE_BACK) Squad/Controls/Qwertz/TRANSLATE_BACK
[LOG 11:58:23.737] Config(RCS_TOGGLE) Squad/Controls/Qwertz/RCS_TOGGLE
[LOG 11:58:23.737] Config(FOCUS_NEXT_VESSEL) Squad/Controls/Qwertz/FOCUS_NEXT_VESSEL
[LOG 11:58:23.737] Config(FOCUS_PREV_VESSEL) Squad/Controls/Qwertz/FOCUS_PREV_VESSEL
[LOG 11:58:23.737] Config(TOGGLE_UI) Squad/Controls/Qwertz/TOGGLE_UI
[LOG 11:58:23.737] Config(TOGGLE_STATUS_SCREEN) Squad/Controls/Qwertz/TOGGLE_STATUS_SCREEN
[LOG 11:58:23.737] Config(TAKE_SCREENSHOT) Squad/Controls/Qwertz/TAKE_SCREENSHOT
[LOG 11:58:23.737] Config(TOGGLE_LABELS) Squad/Controls/Qwertz/TOGGLE_LABELS
[LOG 11:58:23.737] Config(TOGGLE_TEMP_GAUGES) Squad/Controls/Qwertz/TOGGLE_TEMP_GAUGES
[LOG 11:58:23.737] Config(TOGGLE_TEMP_OVERLAY) Squad/Controls/Qwertz/TOGGLE_TEMP_OVERLAY
[LOG 11:58:23.737] Config(TOGGLE_FLIGHT_FORCES) Squad/Controls/Qwertz/TOGGLE_FLIGHT_FORCES
[LOG 11:58:23.737] Config(QUICKSAVE) Squad/Controls/Qwertz/QUICKSAVE
[LOG 11:58:23.737] Config(QUICKLOAD) Squad/Controls/Qwertz/QUICKLOAD
[LOG 11:58:23.737] Config(THROTTLE_CUTOFF) Squad/Controls/Qwertz/THROTTLE_CUTOFF
[LOG 11:58:23.737] Config(THROTTLE_FULL) Squad/Controls/Qwertz/THROTTLE_FULL
[LOG 11:58:23.737] Config(LANDING_GEAR) Squad/Controls/Qwertz/LANDING_GEAR
[LOG 11:58:23.737] Config(HEADLIGHT_TOGGLE) Squad/Controls/Qwertz/HEADLIGHT_TOGGLE
[LOG 11:58:23.737] Config(BRAKES) Squad/Controls/Qwertz/BRAKES
[LOG 11:58:23.737] Config(TOGGLE_SPACENAV_FLIGHT_CONTROL) Squad/Controls/Qwertz/TOGGLE_SPACENAV_FLIGHT_CONTROL
[LOG 11:58:23.737] Config(TOGGLE_SPACENAV_ROLL_LOCK) Squad/Controls/Qwertz/TOGGLE_SPACENAV_ROLL_LOCK
[LOG 11:58:23.737] Config(WHEEL_STEER_LEFT) Squad/Controls/Qwertz/WHEEL_STEER_LEFT
[LOG 11:58:23.737] Config(WHEEL_STEER_RIGHT) Squad/Controls/Qwertz/WHEEL_STEER_RIGHT
[LOG 11:58:23.737] Config(WHEEL_THROTTLE_DOWN) Squad/Controls/Qwertz/WHEEL_THROTTLE_DOWN
[LOG 11:58:23.737] Config(WHEEL_THROTTLE_UP) Squad/Controls/Qwertz/WHEEL_THROTTLE_UP
[LOG 11:58:23.737] Config(EVA_forward) Squad/Controls/Qwertz/EVA_forward
[LOG 11:58:23.737] Config(EVA_back) Squad/Controls/Qwertz/EVA_back
[LOG 11:58:23.737] Config(EVA_left) Squad/Controls/Qwertz/EVA_left
[LOG 11:58:23.737] Config(EVA_right) Squad/Controls/Qwertz/EVA_right
[LOG 11:58:23.737] Config(EVA_yaw_left) Squad/Controls/Qwertz/EVA_yaw_left
[LOG 11:58:23.737] Config(EVA_yaw_right) Squad/Controls/Qwertz/EVA_yaw_right
[LOG 11:58:23.737] Config(EVA_Pack_forward) Squad/Controls/Qwertz/EVA_Pack_forward
[LOG 11:58:23.737] Config(EVA_Pack_back) Squad/Controls/Qwertz/EVA_Pack_back
[LOG 11:58:23.737] Config(EVA_Pack_left) Squad/Controls/Qwertz/EVA_Pack_left
[LOG 11:58:23.737] Config(EVA_Pack_right) Squad/Controls/Qwertz/EVA_Pack_right
[LOG 11:58:23.737] Config(EVA_Pack_up) Squad/Controls/Qwertz/EVA_Pack_up
[LOG 11:58:23.737] Config(EVA_Pack_down) Squad/Controls/Qwertz/EVA_Pack_down
[LOG 11:58:23.737] Config(EVA_Jump) Squad/Controls/Qwertz/EVA_Jump
[LOG 11:58:23.737] Config(EVA_Run) Squad/Controls/Qwertz/EVA_Run
[LOG 11:58:23.737] Config(EVA_ToggleMovementMode) Squad/Controls/Qwertz/EVA_ToggleMovementMode
[LOG 11:58:23.737] Config(EVA_TogglePack) Squad/Controls/Qwertz/EVA_TogglePack
[LOG 11:58:23.737] Config(EVA_Use) Squad/Controls/Qwertz/EVA_Use
[LOG 11:58:23.737] Config(EVA_Board) Squad/Controls/Qwertz/EVA_Board
[LOG 11:58:23.737] Config(EVA_Orient) Squad/Controls/Qwertz/EVA_Orient
[LOG 11:58:23.737] Config(EVA_Lights) Squad/Controls/Qwertz/EVA_Lights
[LOG 11:58:23.737] Config(Editor_pitchUp) Squad/Controls/Qwertz/Editor_pitchUp
[LOG 11:58:23.737] Config(Editor_pitchDown) Squad/Controls/Qwertz/Editor_pitchDown
[LOG 11:58:23.737] Config(Editor_yawLeft) Squad/Controls/Qwertz/Editor_yawLeft
[LOG 11:58:23.737] Config(Editor_yawRight) Squad/Controls/Qwertz/Editor_yawRight
[LOG 11:58:23.737] Config(Editor_rollLeft) Squad/Controls/Qwertz/Editor_rollLeft
[LOG 11:58:23.737] Config(Editor_rollRight) Squad/Controls/Qwertz/Editor_rollRight
[LOG 11:58:23.737] Config(Editor_resetRotation) Squad/Controls/Qwertz/Editor_resetRotation
[LOG 11:58:23.737] Config(Editor_modePlace) Squad/Controls/Qwertz/Editor_modePlace
[LOG 11:58:23.737] Config(Editor_modeOffset) Squad/Controls/Qwertz/Editor_modeOffset
[LOG 11:58:23.737] Config(Editor_modeRotate) Squad/Controls/Qwertz/Editor_modeRotate
[LOG 11:58:23.737] Config(Editor_modeRoot) Squad/Controls/Qwertz/Editor_modeRoot
[LOG 11:58:23.737] Config(Editor_coordSystem) Squad/Controls/Qwertz/Editor_coordSystem
[LOG 11:58:23.737] Config(Editor_toggleSymMethod) Squad/Controls/Qwertz/Editor_toggleSymMethod
[LOG 11:58:23.738] Config(Editor_toggleSymMode) Squad/Controls/Qwertz/Editor_toggleSymMode
[LOG 11:58:23.738] Config(Editor_toggleAngleSnap) Squad/Controls/Qwertz/Editor_toggleAngleSnap
[LOG 11:58:23.738] Config(Editor_fineTweak) Squad/Controls/Qwertz/Editor_fineTweak
[LOG 11:58:23.738] Config(Editor_partSearch) Squad/Controls/Qwertz/Editor_partSearch
[LOG 11:58:23.738] Config(Editor_zoomScrollModifier) Squad/Controls/Qwertz/Editor_zoomScrollModifier
[LOG 11:58:23.738] Config(MODIFIER_KEY) Squad/Controls/Qwertz/MODIFIER_KEY
[LOG 11:58:23.738] Config(AbortActionGroup) Squad/Controls/Qwertz/AbortActionGroup
[LOG 11:58:23.738] Config(CustomActionGroup1) Squad/Controls/Qwertz/CustomActionGroup1
[LOG 11:58:23.738] Config(CustomActionGroup2) Squad/Controls/Qwertz/CustomActionGroup2
[LOG 11:58:23.738] Config(CustomActionGroup3) Squad/Controls/Qwertz/CustomActionGroup3
[LOG 11:58:23.738] Config(CustomActionGroup4) Squad/Controls/Qwertz/CustomActionGroup4
[LOG 11:58:23.738] Config(CustomActionGroup5) Squad/Controls/Qwertz/CustomActionGroup5
[LOG 11:58:23.738] Config(CustomActionGroup6) Squad/Controls/Qwertz/CustomActionGroup6
[LOG 11:58:23.738] Config(CustomActionGroup7) Squad/Controls/Qwertz/CustomActionGroup7
[LOG 11:58:23.738] Config(CustomActionGroup8) Squad/Controls/Qwertz/CustomActionGroup8
[LOG 11:58:23.738] Config(CustomActionGroup9) Squad/Controls/Qwertz/CustomActionGroup9
[LOG 11:58:23.738] Config(CustomActionGroup10) Squad/Controls/Qwertz/CustomActionGroup10
[LOG 11:58:23.738] Config(KEY_MAP) Squad/Controls/Qwertz/KEY_MAP
[LOG 11:58:23.738] Config(EXPERIENCE_TRAIT) Squad/Experience/Traits/Pilot
[LOG 11:58:23.738] Config(EXPERIENCE_TRAIT) Squad/Experience/Traits/Engineer
[LOG 11:58:23.738] Config(EXPERIENCE_TRAIT) Squad/Experience/Traits/Scientist
[LOG 11:58:23.738] Config(EXPERIENCE_TRAIT) Squad/Experience/Traits/Tourist
[LOG 11:58:23.738] Config(Localization) Squad/Localization/dictionary/Localization
[LOG 11:58:23.738] Config(MISSIONPACK) Squad/Missions/MissionPacks/squad_ESA
[LOG 11:58:23.738] Config(VARIANTTHEME) Squad/Parts/VariantThemes/White
[LOG 11:58:23.738] Config(VARIANTTHEME) Squad/Parts/VariantThemes/BlackAndWhite
[LOG 11:58:23.738] Config(VARIANTTHEME) Squad/Parts/VariantThemes/GrayAndOrange
[LOG 11:58:23.738] Config(VARIANTTHEME) Squad/Parts/VariantThemes/Dark
[LOG 11:58:23.738] Config(VARIANTTHEME) Squad/Parts/VariantThemes/Gray
[LOG 11:58:23.738] Config(VARIANTTHEME) Squad/Parts/VariantThemes/Orange
[LOG 11:58:23.738] Config(VARIANTTHEME) Squad/Parts/VariantThemes/Gold
[LOG 11:58:23.738] Config(VARIANTTHEME) Squad/Parts/VariantThemes/Bare
[LOG 11:58:23.738] Config(VARIANTTHEME) Squad/Parts/VariantThemes/Shroud
[LOG 11:58:23.738] Config(VARIANTTHEME) Squad/Parts/VariantThemes/GrayAndWhite
[LOG 11:58:23.738] Config(VARIANTTHEME) Squad/Parts/VariantThemes/YellowAndWhite
[LOG 11:58:23.738] Config(VARIANTTHEME) Squad/Parts/VariantThemes/Silver
[LOG 11:58:23.738] Config(VARIANTTHEME) Squad/Parts/VariantThemes/Gray with Stripes
[LOG 11:58:23.738] Config(PART) Squad/Parts/Aero/aerodynamicNoseCone/aerodynamicNoseCone/noseCone
[LOG 11:58:23.738] Config(PART) Squad/Parts/Aero/airbrake/Airbrake/airbrake1
[LOG 11:58:23.738] Config(PART) Squad/Parts/Aero/airIntakeRadialXM-G50/airIntakeRadialXM-G50/airScoop
[LOG 11:58:23.739] Config(PART) Squad/Parts/Aero/airlinerWings/ControlSurface/airlinerCtrlSrf
[LOG 11:58:23.739] Config(PART) Squad/Parts/Aero/airlinerWings/MainWing/airlinerMainWing
[LOG 11:58:23.739] Config(PART) Squad/Parts/Aero/airlinerWings/TailFin/airlinerTailFin
[LOG 11:58:23.739] Config(PART) Squad/Parts/Aero/airplaneFins/advancedCanard/AdvancedCanard
[LOG 11:58:23.739] Config(PART) Squad/Parts/Aero/airplaneFins/standardCanard/CanardController
[LOG 11:58:23.739] Config(PART) Squad/Parts/Aero/airplaneFins/sweptWing/sweptWing
[LOG 11:58:23.739] Config(PART) Squad/Parts/Aero/airplaneFins/tailfin/tailfin
[LOG 11:58:23.739] Config(PART) Squad/Parts/Aero/basicFin/basicFin/basicFin
[LOG 11:58:23.739] Config(PART) Squad/Parts/Aero/circularIntake/circularIntake/CircularIntake
[LOG 11:58:23.739] Config(PART) Squad/Parts/Aero/circularIntake/intakeShockCone/shockConeIntake
[LOG 11:58:23.739] Config(PART) Squad/Parts/Aero/cones/avionicsNoseCone/avionicsNoseCone
[LOG 11:58:23.739] Config(PART) Squad/Parts/Aero/cones/ConeA/pointyNoseConeA
[LOG 11:58:23.739] Config(PART) Squad/Parts/Aero/cones/ConeB/pointyNoseConeB
[LOG 11:58:23.739] Config(PART) Squad/Parts/Aero/cones/noseConeAdapter/noseConeAdapter
[LOG 11:58:23.739] Config(PART) Squad/Parts/Aero/cones/protectiveRocketNoseMk7_v2/rocketNoseCone_v2
[LOG 11:58:23.739] Config(PART) Squad/Parts/Aero/cones/protectiveRocketNoseMk7_v3/rocketNoseCone_v3
[LOG 11:58:23.739] Config(PART) Squad/Parts/Aero/cones/rocketNoseCone_size3/rocketNoseConeSize3
[LOG 11:58:23.739] Config(PART) Squad/Parts/Aero/cones/smallNoseCone/standardNoseCone
[LOG 11:58:23.739] Config(PART) Squad/Parts/Aero/cones/tailConnectorA/airplaneTail
[LOG 11:58:23.739] Config(PART) Squad/Parts/Aero/cones/tailConnectorB/airplaneTailB
[LOG 11:58:23.739] Config(PART) Squad/Parts/Aero/fairings/fairingSize1/fairingSize1
[LOG 11:58:23.739] Config(PART) Squad/Parts/Aero/fairings/fairingSize2/fairingSize2
[LOG 11:58:23.739] Config(PART) Squad/Parts/Aero/fairings/fairingSize3/fairingSize3
[LOG 11:58:23.739] Config(PART) Squad/Parts/Aero/HeatShield/HeatShield0/HeatShield0
[LOG 11:58:23.739] Config(PART) Squad/Parts/Aero/HeatShield/HeatShield1/HeatShield1
[LOG 11:58:23.739] Config(PART) Squad/Parts/Aero/HeatShield/HeatShield2/HeatShield2
[LOG 11:58:23.739] Config(PART) Squad/Parts/Aero/HeatShield/HeatShield3/HeatShield3
[LOG 11:58:23.739] Config(PART) Squad/Parts/Aero/InflatableHeatShield/HeatShield/InflatableHeatShield
[LOG 11:58:23.739] Config(PART) Squad/Parts/Aero/intakeRadialLong/intakeRadialLong/IntakeRadialLong
[LOG 11:58:23.739] Config(PART) Squad/Parts/Aero/miniIntake/SmallIntake/miniIntake
[LOG 11:58:23.739] Config(PART) Squad/Parts/Aero/ramAirIntake/ramAirIntake/ramAirIntake
[LOG 11:58:23.739] Config(PART) Squad/Parts/Aero/shuttleWings/delta/wingShuttleDelta
[LOG 11:58:23.739] Config(PART) Squad/Parts/Aero/shuttleWings/elevon1/wingShuttleElevon1
[LOG 11:58:23.739] Config(PART) Squad/Parts/Aero/shuttleWings/elevon2/wingShuttleElevon2
[LOG 11:58:23.739] Config(PART) Squad/Parts/Aero/shuttleWings/rudder/wingShuttleRudder
[LOG 11:58:23.739] Config(PART) Squad/Parts/Aero/shuttleWings/strake/wingShuttleStrake
[LOG 11:58:23.739] Config(PART) Squad/Parts/Aero/wingletAV-R8/wingletAV-R8/R8winglet
[LOG 11:58:23.739] Config(PART) Squad/Parts/Aero/wingletAV-T1/wingletAV-T1/winglet
[LOG 11:58:23.739] Config(PART) Squad/Parts/Aero/wingletDeltaDeluxe/wingletDeltaDeluxe/winglet3
[LOG 11:58:23.739] Config(PART) Squad/Parts/Aero/wings/connector1/wingConnector
[LOG 11:58:23.740] Config(PART) Squad/Parts/Aero/wings/connector2/wingConnector2
[LOG 11:58:23.740] Config(PART) Squad/Parts/Aero/wings/connector3/wingConnector3
[LOG 11:58:23.740] Config(PART) Squad/Parts/Aero/wings/connector4/wingConnector4
[LOG 11:58:23.740] Config(PART) Squad/Parts/Aero/wings/connector5/wingConnector5
[LOG 11:58:23.740] Config(PART) Squad/Parts/Aero/wings/delta/deltaWing
[LOG 11:58:23.740] Config(PART) Squad/Parts/Aero/wings/delta_small/delta_small
[LOG 11:58:23.740] Config(PART) Squad/Parts/Aero/wings/elevon1/StandardCtrlSrf
[LOG 11:58:23.740] Config(PART) Squad/Parts/Aero/wings/elevon2/elevon2
[LOG 11:58:23.740] Config(PART) Squad/Parts/Aero/wings/elevon3/elevon3
[LOG 11:58:23.740] Config(PART) Squad/Parts/Aero/wings/elevon4/smallCtrlSrf
[LOG 11:58:23.740] Config(PART) Squad/Parts/Aero/wings/elevon5/elevon5
[LOG 11:58:23.740] Config(PART) Squad/Parts/Aero/wings/strake/wingStrake
[LOG 11:58:23.740] Config(PART) Squad/Parts/Aero/wings/structural1/structuralWing
[LOG 11:58:23.740] Config(PART) Squad/Parts/Aero/wings/structural2/structuralWing2
[LOG 11:58:23.740] Config(PART) Squad/Parts/Aero/wings/structural3/structuralWing3
[LOG 11:58:23.740] Config(PART) Squad/Parts/Aero/wings/structural4/structuralWing4
[LOG 11:58:23.740] Config(PART) Squad/Parts/Aero/wings/swept1/sweptWing1
[LOG 11:58:23.740] Config(PART) Squad/Parts/Aero/wings/swept2/sweptWing2
[LOG 11:58:23.740] Config(PART) Squad/Parts/Cargo/CargoContainers/cargoContainer/cargoContainer
[LOG 11:58:23.740] Config(PART) Squad/Parts/Cargo/CargoContainers/smallCargoContainer/smallCargoContainer
[LOG 11:58:23.740] Config(PART) Squad/Parts/Cargo/Cylinder/Cylinder/evaCylinder
[LOG 11:58:23.740] Config(PART) Squad/Parts/Cargo/GroundAnchor/groundAnchor/groundAnchor
[LOG 11:58:23.740] Config(PART) Squad/Parts/Cargo/Jetpack/Jetpack/evaJetpack
[LOG 11:58:23.740] Config(PART) Squad/Parts/Cargo/Parachute/Parachute/evaChute
[LOG 11:58:23.740] Config(PART) Squad/Parts/Cargo/RepairKit/RepairKit/evaRepairKit
[LOG 11:58:23.740] Config(PART) Squad/Parts/Cargo/ScienceKit/evaScienceKit/evaScienceKit
[LOG 11:58:23.740] Config(PART) Squad/Parts/Cargo/StorageUnits/CargoStorageUnit/CargoStorageUnit
[LOG 11:58:23.740] Config(PART) Squad/Parts/Cargo/StorageUnits/ConformalStorageUnit/ConformalStorageUnit
[LOG 11:58:23.740] Config(PART) Squad/Parts/Command/advancedSasModuleLarge/advSasModuleLarge/asasmodule1-2
[LOG 11:58:23.740] Config(PART) Squad/Parts/Command/cupola/cupola/cupola
[LOG 11:58:23.740] Config(PART) Squad/Parts/Command/externalCommandSeat/externalCommandSeat/seatExternalCmd
[LOG 11:58:23.740] Config(PART) Squad/Parts/Command/hitchhikerStorageContainer/hitchikerStorageContainer/crewCabin
[LOG 11:58:23.740] Config(PART) Squad/Parts/Command/inlineAdvancedStabilizer/inlineAdvancedStabilizer/advSasModule
[LOG 11:58:23.740] Config(PART) Squad/Parts/Command/inlineReactionWheel/inlineReactionWheel/sasModule
[LOG 11:58:23.740] Config(PART) Squad/Parts/Command/Mk1-3Pod/mk1-3/mk1-3pod
[LOG 11:58:23.740] Config(PART) Squad/Parts/Command/mk1Cockpits/mk1Cockpit/Mark1Cockpit
[LOG 11:58:23.740] Config(PART) Squad/Parts/Command/mk1Cockpits/mk1CrewCabin/MK1CrewCabin
[LOG 11:58:23.740] Config(PART) Squad/Parts/Command/mk1Cockpits/mk1InlineCockpit/Mark2Cockpit
[LOG 11:58:23.741] Config(PART) Squad/Parts/Command/mk1LanderCan/mk1LanderCan/landerCabinSmall
[LOG 11:58:23.741] Config(PART) Squad/Parts/Command/mk1pod_v2/mk1Pod_v2/mk1pod_v2
[LOG 11:58:23.741] Config(PART) Squad/Parts/Command/mk2CockpitInline/mk2CockpitInline/mk2Cockpit_Inline
[LOG 11:58:23.741] Config(PART) Squad/Parts/Command/mk2CockpitStandard/mk2CockpitStandard/mk2Cockpit_Standard
[LOG 11:58:23.741] Config(PART) Squad/Parts/Command/mk2DroneCore/mk2Dronecore/mk2DroneCore
[LOG 11:58:23.741] Config(PART) Squad/Parts/Command/mk2LanderCan/mk2LanderCan/mk2LanderCabin
[LOG 11:58:23.741] Config(PART) Squad/Parts/Command/mk2LanderCan_v2/mk2LanderCan_v2/mk2LanderCabin_v2
[LOG 11:58:23.741] Config(PART) Squad/Parts/Command/mk3CockpitShuttle/mk3CockpitShuttle/mk3Cockpit_Shuttle
[LOG 11:58:23.741] Config(PART) Squad/Parts/Command/MpoProbe/MpoProbe/MpoProbe
[LOG 11:58:23.741] Config(PART) Squad/Parts/Command/MtmStage/MTM_Stage/MtmStage
[LOG 11:58:23.741] Config(PART) Squad/Parts/Command/probeCoreCube/probeCoreCube/probeCoreCube
[LOG 11:58:23.741] Config(PART) Squad/Parts/Command/probeCoreHex/probeCoreHex/probeCoreHex
[LOG 11:58:23.741] Config(PART) Squad/Parts/Command/probeCoreHex_v2/probeCoreHex_v2/probeCoreHex_v2
[LOG 11:58:23.741] Config(PART) Squad/Parts/Command/probeCoreOcto2_v2/probeCoreOcto2_v2/probeCoreOcto2_v2
[LOG 11:58:23.741] Config(PART) Squad/Parts/Command/probeCoreOcto_v2/probeCoreOcto_v2/probeCoreOcto_v2
[LOG 11:58:23.741] Config(PART) Squad/Parts/Command/probeRoverBody/probeRoverBody/roverBody
[LOG 11:58:23.741] Config(PART) Squad/Parts/Command/probeRoverBody_v2/probeRoverBody_v2/roverBody_v2
[LOG 11:58:23.741] Config(PART) Squad/Parts/Command/probeStackLarge/probeStackLarge/probeStackLarge
[LOG 11:58:23.741] Config(PART) Squad/Parts/Command/probeStackSmall/probeStackSmall/probeStackSmall
[LOG 11:58:23.741] Config(PART) Squad/Parts/Command/probeStackSphere_v2/probeStackSphere_v2/probeCoreSphere_v2
[LOG 11:58:23.741] Config(PART) Squad/Parts/CompoundParts/FuelLine/fuelLine/fuelLine
[LOG 11:58:23.741] Config(PART) Squad/Parts/CompoundParts/strutConnector/strutConnector/strutConnector
[LOG 11:58:23.741] Config(PART) Squad/Parts/Coupling/Decoupler_0/Decoupler_0
[LOG 11:58:23.741] Config(PART) Squad/Parts/Coupling/Decoupler_1/Decoupler_1
[LOG 11:58:23.741] Config(PART) Squad/Parts/Coupling/Decoupler_2/Decoupler_2
[LOG 11:58:23.741] Config(PART) Squad/Parts/Coupling/Decoupler_3/Decoupler_3
[LOG 11:58:23.741] Config(PART) Squad/Parts/Coupling/Separator_0/Separator_0
[LOG 11:58:23.741] Config(PART) Squad/Parts/Coupling/Separator_1/Separator_1
[LOG 11:58:23.741] Config(PART) Squad/Parts/Coupling/Separator_2/Separator_2
[LOG 11:58:23.741] Config(PART) Squad/Parts/Coupling/Separator_3/Separator_3
[LOG 11:58:23.741] Config(PART) Squad/Parts/Electrical/10CSolarPanels/OX-10C/solarPanelOX10C
[LOG 11:58:23.741] Config(PART) Squad/Parts/Electrical/10CSolarPanels/SP-10C/solarPanelSP10C
[LOG 11:58:23.741] Config(PART) Squad/Parts/Electrical/10LSolarPanels/OX-10L/solarPanelOX10L
[LOG 11:58:23.741] Config(PART) Squad/Parts/Electrical/10LSolarPanels/SP-10L/solarPanelSP10L
[LOG 11:58:23.741] Config(PART) Squad/Parts/Electrical/1x6ShroudSolarPanels/1x6ShroudSolarPanels/solarPanels2
[LOG 11:58:23.741] Config(PART) Squad/Parts/Electrical/1x6SolarPanels/1x6SolarPanels/solarPanels4
[LOG 11:58:23.741] Config(PART) Squad/Parts/Electrical/3x2ShroudSolarPanels/3x2ShroudSolarPanels/solarPanels1
[LOG 11:58:23.741] Config(PART) Squad/Parts/Electrical/3x2SolarPanels/3x2SolarPanels/solarPanels3
[LOG 11:58:23.742] Config(PART) Squad/Parts/Electrical/gigantorXlSolarArray/gigantorXlSolarArray/largeSolarPanel
[LOG 11:58:23.742] Config(PART) Squad/Parts/Electrical/radialFlatSolarPanel/radialFlatSolarPanel/solarPanels5
[LOG 11:58:23.742] Config(PART) Squad/Parts/Electrical/RTG/RTG/rtg
[LOG 11:58:23.742] Config(PART) Squad/Parts/Electrical/z-100Battery/z-100Battery/batteryPack
[LOG 11:58:23.742] Config(PART) Squad/Parts/Electrical/z-1kBattery/z-1kBattery/batteryBank
[LOG 11:58:23.742] Config(PART) Squad/Parts/Electrical/z-200Battery/z-200Battery/batteryBankMini
[LOG 11:58:23.742] Config(PART) Squad/Parts/Electrical/z-400Battery/z-400Battery/ksp_r_largeBatteryPack
[LOG 11:58:23.742] Config(PART) Squad/Parts/Electrical/z-4kBattery/z-4kBattery/batteryBankLarge
[LOG 11:58:23.742] Config(PART) Squad/Parts/Engine/ionEngine/ionEngine/ionEngine
[LOG 11:58:23.742] Config(PART) Squad/Parts/Engine/jetEngines/jetEngineAfterburning/turboJet
[LOG 11:58:23.742] Config(PART) Squad/Parts/Engine/jetEngines/jetEngineBasic/JetEngine
[LOG 11:58:23.742] Config(PART) Squad/Parts/Engine/jetEngines/jetEngineBig/turboFanSize2
[LOG 11:58:23.742] Config(PART) Squad/Parts/Engine/jetEngines/jetEngineTurbo/turboFanEngine
[LOG 11:58:23.742] Config(PART) Squad/Parts/Engine/liquidEngine24-77/liquidEngine24-77/smallRadialEngine
[LOG 11:58:23.742] Config(PART) Squad/Parts/Engine/liquidEngine24-77_v2/liquidEngine24-77_v2/smallRadialEngine_v2
[LOG 11:58:23.742] Config(PART) Squad/Parts/Engine/liquidEngine48-7S_v2/liquidEngine48-7S_v2/liquidEngineMini_v2
[LOG 11:58:23.742] Config(PART) Squad/Parts/Engine/liquidEngineAerospike/liquidEngineAerospike/toroidalAerospike
[LOG 11:58:23.742] Config(PART) Squad/Parts/Engine/liquidEngineLV-1_v2/liquidEngineLV-1R _v2/radialEngineMini_v2
[LOG 11:58:23.742] Config(PART) Squad/Parts/Engine/liquidEngineLV-1_v2/liquidEngineLV-1_v2/microEngine_v2
[LOG 11:58:23.742] Config(PART) Squad/Parts/Engine/liquidEngineLV-909_v2/liquidEngineLV-909_v2/liquidEngine3_v2
[LOG 11:58:23.742] Config(PART) Squad/Parts/Engine/liquidEngineLV-N/liquidEngineLV-N/nuclearEngine
[LOG 11:58:23.742] Config(PART) Squad/Parts/Engine/liquidEngineLV-T30/liquidEngineLV-T30/liquidEngine
[LOG 11:58:23.742] Config(PART) Squad/Parts/Engine/liquidEngineLV-T30_v2/liquidEngineLV-T30_v2/liquidEngine_v2
[LOG 11:58:23.742] Config(PART) Squad/Parts/Engine/liquidEngineLV-T45/liquidEngineLV-T45/liquidEngine2
[LOG 11:58:23.742] Config(PART) Squad/Parts/Engine/liquidEngineLV-T45_v2/liquidEngineLV-T45_v2/liquidEngine2_v2
[LOG 11:58:23.742] Config(PART) Squad/Parts/Engine/liquidEngineMainsail_v2/liquidEngineMainsail_v2/liquidEngineMainsail_v2
[LOG 11:58:23.742] Config(PART) Squad/Parts/Engine/liquidEngineMk55/liquidEngineMk55/radialLiquidEngine1-2
[LOG 11:58:23.742] Config(PART) Squad/Parts/Engine/liquidEnginePoodle_v2/liquidEnginePoodle_v2/liquidEngine2-2_v2
[LOG 11:58:23.742] Config(PART) Squad/Parts/Engine/liquidEngineSkipper_v2/skipperLiquidEngine_v2/engineLargeSkipper_v2
[LOG 11:58:23.742] Config(PART) Squad/Parts/Engine/liquidEngineSSME/SSME/SSME
[LOG 11:58:23.742] Config(PART) Squad/Parts/Engine/MassiveSRB/part/MassiveBooster
[LOG 11:58:23.742] Config(PART) Squad/Parts/Engine/miniJet/SmallJetEngine/miniJetEngine
[LOG 11:58:23.742] Config(PART) Squad/Parts/Engine/OMSEngine/omsEngine/omsEngine
[LOG 11:58:23.742] Config(PART) Squad/Parts/Engine/rapierEngine/rapierEngine/RAPIER
[LOG 11:58:23.742] Config(PART) Squad/Parts/Engine/Size1_SRBs/solidBoosterRT-10_v2/solidBooster_v2
[LOG 11:58:23.743] Config(PART) Squad/Parts/Engine/Size1_SRBs/solidBoosterRT-5_v2/solidBooster_sm_v2
[LOG 11:58:23.743] Config(PART) Squad/Parts/Engine/Size2LFB/part/Size2LFB
[LOG 11:58:23.743] Config(PART) Squad/Parts/Engine/Size2LFB_v2/part/Size2LFB_v2
[LOG 11:58:23.743] Config(PART) Squad/Parts/Engine/Size3AdvancedEngine/part/Size3AdvancedEngine
[LOG 11:58:23.743] Config(PART) Squad/Parts/Engine/Size3EngineCluster/part/Size3EngineCluster
[LOG 11:58:23.743] Config(PART) Squad/Parts/Engine/solidBoosterBACC/solidBoosterBACC/solidBooster1-1
[LOG 11:58:23.743] Config(PART) Squad/Parts/Engine/solidBoosterS2-17/solidBoosterS2-17/Thoroughbred
[LOG 11:58:23.743] Config(PART) Squad/Parts/Engine/solidBoosterS2-33/solidBoosterS2-33/Clydesdale
[LOG 11:58:23.743] Config(PART) Squad/Parts/Engine/solidBoosterSep/solidBoosterSep/sepMotor1
[LOG 11:58:23.743] Config(PART) Squad/Parts/Engine/SolidBoostersF/SolidBoosterF3S0/Shrimp
[LOG 11:58:23.743] Config(PART) Squad/Parts/Engine/SolidBoostersF/SolidBoosterFM1/Mite
[LOG 11:58:23.743] Config(PART) Squad/Parts/FuelTank/adapterTanks/Mk3-Mk2/adapterMk3-Mk2
[LOG 11:58:23.743] Config(PART) Squad/Parts/FuelTank/adapterTanks/Mk3-ShuttleAdapter/adapterEngines
[LOG 11:58:23.743] Config(PART) Squad/Parts/FuelTank/adapterTanks/Mk3-Size2/adapterMk3-Size2
[LOG 11:58:23.743] Config(PART) Squad/Parts/FuelTank/adapterTanks/Mk3-Size2Slant/adapterMk3-Size2Slant
[LOG 11:58:23.743] Config(PART) Squad/Parts/FuelTank/adapterTanks/Size2-Mk2/adapterSize2-Mk2
[LOG 11:58:23.743] Config(PART) Squad/Parts/FuelTank/adapterTanks/Size2-Size1/adapterSize2-Size1
[LOG 11:58:23.743] Config(PART) Squad/Parts/FuelTank/adapterTanks/Size2-Size1Slant/adapterSize2-Size1Slant
[LOG 11:58:23.743] Config(PART) Squad/Parts/FuelTank/adapterTanks/Size3-Mk3/adapterSize3-Mk3
[LOG 11:58:23.743] Config(PART) Squad/Parts/FuelTank/drainTankFTE-1/ReleaseValve/ReleaseValve
[LOG 11:58:23.743] Config(PART) Squad/Parts/FuelTank/FoilTanks/RadialTank_Capsule/externalTankCapsule
[LOG 11:58:23.743] Config(PART) Squad/Parts/FuelTank/FoilTanks/RadialTank_Round/externalTankRound
[LOG 11:58:23.743] Config(PART) Squad/Parts/FuelTank/FoilTanks/ToroidTank/externalTankToroid
[LOG 11:58:23.743] Config(PART) Squad/Parts/FuelTank/fuelTankOscarB/fuelTankOscarB/miniFuelTank
[LOG 11:58:23.743] Config(PART) Squad/Parts/FuelTank/miniFuselage/miniFuselage/miniFuselage
[LOG 11:58:23.743] Config(PART) Squad/Parts/FuelTank/mk2Adapters/bicoupler/mk2_1m_Bicoupler
[LOG 11:58:23.743] Config(PART) Squad/Parts/FuelTank/mk2Adapters/long/mk2_1m_AdapterLong
[LOG 11:58:23.743] Config(PART) Squad/Parts/FuelTank/mk2Adapters/standard/mk2SpacePlaneAdapter
[LOG 11:58:23.743] Config(PART) Squad/Parts/FuelTank/mk2FuselageLong/LFO_long/mk2FuselageLongLFO
[LOG 11:58:23.743] Config(PART) Squad/Parts/FuelTank/mk2FuselageLong/L_long/mk2Fuselage
[LOG 11:58:23.743] Config(PART) Squad/Parts/FuelTank/mk2FuselageShort/LFO_short/mk2FuselageShortLFO
[LOG 11:58:23.743] Config(PART) Squad/Parts/FuelTank/mk2FuselageShort/L_short/mk2FuselageShortLiquid
[LOG 11:58:23.743] Config(PART) Squad/Parts/FuelTank/mk2FuselageShort/Mono_short/mk2FuselageShortMono
[LOG 11:58:23.743] Config(PART) Squad/Parts/FuelTank/mk3Fuselage/CREW/mk3CrewCabin
[LOG 11:58:23.743] Config(PART) Squad/Parts/FuelTank/mk3Fuselage/LFO_100/mk3FuselageLFO_100
[LOG 11:58:23.743] Config(PART) Squad/Parts/FuelTank/mk3Fuselage/LFO_25/mk3FuselageLFO_25
[LOG 11:58:23.743] Config(PART) Squad/Parts/FuelTank/mk3Fuselage/LFO_50/mk3FuselageLFO_50
[LOG 11:58:23.743] Config(PART) Squad/Parts/FuelTank/mk3Fuselage/LF_100/mk3FuselageLF_100
[LOG 11:58:23.743] Config(PART) Squad/Parts/FuelTank/mk3Fuselage/LF_25/mk3FuselageLF_25
[LOG 11:58:23.743] Config(PART) Squad/Parts/FuelTank/mk3Fuselage/LF_50/mk3FuselageLF_50
[LOG 11:58:23.743] Config(PART) Squad/Parts/FuelTank/mk3Fuselage/MONO/mk3FuselageMONO
[LOG 11:58:23.743] Config(PART) Squad/Parts/FuelTank/RCSFuelTankR1/RCSFuelTankR1/RCSTank1-2
[LOG 11:58:23.744] Config(PART) Squad/Parts/FuelTank/RCSFuelTankR10/RCSFuelTankR10/rcsTankMini
[LOG 11:58:23.744] Config(PART) Squad/Parts/FuelTank/RCSFuelTankR25/RCSFuelTankR25/RCSFuelTank
[LOG 11:58:23.744] Config(PART) Squad/Parts/FuelTank/RCSTankRadial/radialRCSTank/radialRCSTank
[LOG 11:58:23.744] Config(PART) Squad/Parts/FuelTank/RCStankRadialLong/RCSTankRadialLong/rcsTankRadialLong
[LOG 11:58:23.744] Config(PART) Squad/Parts/FuelTank/RockomaxTanks/Rockomax16/Rockomax16_BW
[LOG 11:58:23.744] Config(PART) Squad/Parts/FuelTank/RockomaxTanks/Rockomax32/Rockomax32_BW
[LOG 11:58:23.744] Config(PART) Squad/Parts/FuelTank/RockomaxTanks/Rockomax64/Rockomax64_BW
[LOG 11:58:23.744] Config(PART) Squad/Parts/FuelTank/RockomaxTanks/Rockomax8/Rockomax8BW
[LOG 11:58:23.744] Config(PART) Squad/Parts/FuelTank/Size1_Tanks/fuelTankT100/fuelTankSmallFlat
[LOG 11:58:23.744] Config(PART) Squad/Parts/FuelTank/Size1_Tanks/fuelTankT200/fuelTankSmall
[LOG 11:58:23.744] Config(PART) Squad/Parts/FuelTank/Size1_Tanks/fuelTankT400/fuelTank
[LOG 11:58:23.744] Config(PART) Squad/Parts/FuelTank/Size1_Tanks/fuelTankT800/fuelTank_long
[LOG 11:58:23.744] Config(PART) Squad/Parts/FuelTank/Size3Tanks/large/Size3LargeTank
[LOG 11:58:23.744] Config(PART) Squad/Parts/FuelTank/Size3Tanks/medium/Size3MediumTank
[LOG 11:58:23.744] Config(PART) Squad/Parts/FuelTank/Size3Tanks/small/Size3SmallTank
[LOG 11:58:23.744] Config(PART) Squad/Parts/FuelTank/xenonTank/xenonTank/xenonTank
[LOG 11:58:23.744] Config(PART) Squad/Parts/FuelTank/xenonTankLarge/xenonTankLarge/xenonTankLarge
[LOG 11:58:23.744] Config(PART) Squad/Parts/FuelTank/xenonTankRadial/xenonTankRadial/xenonTankRadial
[LOG 11:58:23.744] Config(PART) Squad/Parts/Misc/AsteroidDay/CamSat/InfraredTelescope
[LOG 11:58:23.744] Config(PART) Squad/Parts/Misc/AsteroidDay/HECS2/HECS2_ProbeCore
[LOG 11:58:23.744] Config(PART) Squad/Parts/Misc/AsteroidDay/HighGainAntenna/HighGainAntenna
[LOG 11:58:23.744] Config(PART) Squad/Parts/Misc/AsteroidDay/LgRadialSolar/LgRadialSolarPanel
[LOG 11:58:23.744] Config(PART) Squad/Parts/Misc/PotatoComet/part/PotatoComet
[LOG 11:58:23.744] Config(PART) Squad/Parts/Misc/PotatoRoid/part/PotatoRoid
[LOG 11:58:23.744] Config(PART) Squad/Parts/Prebuilt/flag/flag
[LOG 11:58:23.744] Config(PART) Squad/Parts/Prebuilt/kerbalEVA/kerbalEVA
[LOG 11:58:23.744] Config(PART) Squad/Parts/Prebuilt/kerbalEVAfemale/kerbalEVAfemale
[LOG 11:58:23.744] Config(PART) Squad/Parts/Prebuilt/kerbalEVASlimSuit/kerbalEVASlimSuit
[LOG 11:58:23.744] Config(PART) Squad/Parts/Prebuilt/kerbalEVASlimSuitFemale/kerbalEVASlimSuitFemale
[LOG 11:58:23.744] Config(PART) Squad/Parts/Resources/FuelCell/FuelCell/FuelCell
[LOG 11:58:23.744] Config(PART) Squad/Parts/Resources/FuelCell/FuelCellArray/FuelCellArray
[LOG 11:58:23.744] Config(PART) Squad/Parts/Resources/ISRU/ISRU/ISRU
[LOG 11:58:23.744] Config(PART) Squad/Parts/Resources/LargeTank/LargeTank/LargeTank
[LOG 11:58:23.744] Config(PART) Squad/Parts/Resources/MiniDrill/MiniDrill/MiniDrill
[LOG 11:58:23.744] Config(PART) Squad/Parts/Resources/MiniISRU/MiniISRU/MiniISRU
[LOG 11:58:23.744] Config(PART) Squad/Parts/Resources/OrbitalScanner/OrbitalScanner/OrbitalScanner
[LOG 11:58:23.744] Config(PART) Squad/Parts/Resources/RadialDrill/RadialDrill/RadialDrill
[LOG 11:58:23.744] Config(PART) Squad/Parts/Resources/RadialTank/RadialTank/RadialOreTank
[LOG 11:58:23.744] Config(PART) Squad/Parts/Resources/SmallTank/SmallTank/SmallTank
[LOG 11:58:23.744] Config(PART) Squad/Parts/Resources/SurfaceScanner/SurfaceScanner/SurfaceScanner
[LOG 11:58:23.744] Config(PART) Squad/Parts/Resources/SurveyScanner/SurveyScanner/SurveyScanner
[LOG 11:58:23.744] Config(PART) Squad/Parts/Science/AtmosphereSensor/sensorAtmosphere/sensorAtmosphere
[LOG 11:58:23.744] Config(PART) Squad/Parts/Science/GooExperiment/gooExperiment/GooExperiment
[LOG 11:58:23.744] Config(PART) Squad/Parts/Science/LargeCrewedLab/largeCrewedLab/Large_Crewed_Lab
[LOG 11:58:23.745] Config(PART) Squad/Parts/Science/Magnetometer/Magnetometer/Magnetometer
[LOG 11:58:23.745] Config(PART) Squad/Parts/Science/MaterialBay/materialBay/science_module
[LOG 11:58:23.745] Config(PART) Squad/Parts/Science/ScienceBox/ScienceBox/ScienceBox
[LOG 11:58:23.745] Config(PART) Squad/Parts/Science/sensorAccelerometer/sensorAccelerometer/sensorAccelerometer
[LOG 11:58:23.745] Config(PART) Squad/Parts/Science/sensorBarometer/sensorBarometer/sensorBarometer
[LOG 11:58:23.745] Config(PART) Squad/Parts/Science/sensorGravimeter/sensorGravimeter/sensorGravimeter
[LOG 11:58:23.745] Config(PART) Squad/Parts/Science/sensorThermometer/sensorThermometer/sensorThermometer
[LOG 11:58:23.745] Config(PART) Squad/Parts/Structural/FLAdapters/adapterSmallMiniShort/adapterSmallMiniShort
[LOG 11:58:23.745] Config(PART) Squad/Parts/Structural/FLAdapters/adapterSmallMiniTall/adapterSmallMiniTall
[LOG 11:58:23.745] Config(PART) Squad/Parts/Structural/mk1Parts/engineBodyRadial/radialEngineBody
[LOG 11:58:23.745] Config(PART) Squad/Parts/Structural/mk1Parts/engineNacelle/nacelleBody
[LOG 11:58:23.745] Config(PART) Squad/Parts/Structural/mk1Parts/mk1Fuselage/MK1Fuselage
[LOG 11:58:23.745] Config(PART) Squad/Parts/Structural/mk1Parts/mk1FuselageIntake/MK1IntakeFuselage
[LOG 11:58:23.745] Config(PART) Squad/Parts/Structural/mk1Parts/mk1Structural/Mk1FuselageStructural
[LOG 11:58:23.745] Config(PART) Squad/Parts/Structural/Size3To2Adapter_v2/Size2to3_v2/Size3To2Adapter_v2
[LOG 11:58:23.745] Config(PART) Squad/Parts/Structural/stackAdapters/adapterLargeSmallBi/adapterLargeSmallBi
[LOG 11:58:23.745] Config(PART) Squad/Parts/Structural/stackAdapters/adapterLargeSmallQuad/adapterLargeSmallQuad
[LOG 11:58:23.745] Config(PART) Squad/Parts/Structural/stackAdapters/adapterLargeSmallTri/adapterLargeSmallTri
[LOG 11:58:23.745] Config(PART) Squad/Parts/Structural/stationHub/stationHub/stationHub
[LOG 11:58:23.745] Config(PART) Squad/Parts/Structural/structuralIBeam200/structuralIBeam200/structuralIBeam2
[LOG 11:58:23.745] Config(PART) Squad/Parts/Structural/structuralIBeam200Pocket/structuralIBeam200Pocket/structuralIBeam3
[LOG 11:58:23.745] Config(PART) Squad/Parts/Structural/structuralIBeam650/structuralIBeam650/structuralIBeam1
[LOG 11:58:23.745] Config(PART) Squad/Parts/Structural/structuralMicronode/structuralMicronode/structuralMiniNode
[LOG 11:58:23.745] Config(PART) Squad/Parts/Structural/structuralPanel1x1/structuralPanel1x1/structuralPanel1
[LOG 11:58:23.745] Config(PART) Squad/Parts/Structural/structuralPanel2x2/structuralPanel2x2/structuralPanel2
[LOG 11:58:23.745] Config(PART) Squad/Parts/Structural/structuralPylons/smallHardpoint/smallHardpoint
[LOG 11:58:23.745] Config(PART) Squad/Parts/Structural/structuralPylons/structuralPylon/structuralPylon
[LOG 11:58:23.745] Config(PART) Squad/Parts/Structural/strutCubicOcto/strutCubicOcto/strutCube
[LOG 11:58:23.745] Config(PART) Squad/Parts/Structural/strutOcto/strutOcto/strutOcto
[LOG 11:58:23.745] Config(PART) Squad/Parts/Structural/trussGirderAdapter/trussGirderAdapter/trussAdapter
[LOG 11:58:23.745] Config(PART) Squad/Parts/Structural/trussGirderL/trussGirderL/trussPiece1x
[LOG 11:58:23.745] Config(PART) Squad/Parts/Structural/trussGirderXL/trussGirderXL/trussPiece3x
[LOG 11:58:23.745] Config(PART) Squad/Parts/Thermal/FoldingRadiators/foldingRadLarge/foldingRadLarge
[LOG 11:58:23.745] Config(PART) Squad/Parts/Thermal/FoldingRadiators/foldingRadMed/foldingRadMed
[LOG 11:58:23.745] Config(PART) Squad/Parts/Thermal/FoldingRadiators/foldingRadSmall/foldingRadSmall
[LOG 11:58:23.745] Config(PART) Squad/Parts/Thermal/RadiatorPanels/radPanelEdge/radPanelEdge
[LOG 11:58:23.745] Config(PART) Squad/Parts/Thermal/RadiatorPanels/radPanelLg/radPanelLg
[LOG 11:58:23.745] Config(PART) Squad/Parts/Thermal/RadiatorPanels/radPanelSm/radPanelSm
[LOG 11:58:23.745] Config(PART) Squad/Parts/Utility/commDish88-88/commDish88-88/commDish
[LOG 11:58:23.745] Config(PART) Squad/Parts/Utility/commsAntennaDTS-M1/commsAntennaDTS-M1/mediumDishAntenna
[LOG 11:58:23.745] Config(PART) Squad/Parts/Utility/commsDish16/commsAntenna16/longAntenna
[LOG 11:58:23.745] Config(PART) Squad/Parts/Utility/decouplerRadialHDM/decouplerRadialHDM/radialDecoupler1-2
[LOG 11:58:23.745] Config(PART) Squad/Parts/Utility/decouplerRadialTT-38K/decouplerRadialTT-38K/radialDecoupler
[LOG 11:58:23.745] Config(PART) Squad/Parts/Utility/decouplerRadialTT-70/decouplerRadialTT-70/radialDecoupler2
[LOG 11:58:23.745] Config(PART) Squad/Parts/Utility/DirectAntennas/C16S/SurfAntenna
[LOG 11:58:23.746] Config(PART) Squad/Parts/Utility/DirectAntennas/HG-5/HighGainAntenna5
[LOG 11:58:23.746] Config(PART) Squad/Parts/Utility/DirectAntennas/HG-5_v2/HighGainAntenna5_v2
[LOG 11:58:23.746] Config(PART) Squad/Parts/Utility/dockingPort/dockingPort/dockingPort2
[LOG 11:58:23.746] Config(PART) Squad/Parts/Utility/dockingPortInline/dockingPortInline/dockingPortLateral
[LOG 11:58:23.746] Config(PART) Squad/Parts/Utility/dockingPortJr/dockingPortJr/dockingPort3
[LOG 11:58:23.746] Config(PART) Squad/Parts/Utility/dockingPortShielded/dockingPortShielded/dockingPort1
[LOG 11:58:23.746] Config(PART) Squad/Parts/Utility/dockingPortSr/dockingPortSr/dockingPortLarge
[LOG 11:58:23.746] Config(PART) Squad/Parts/Utility/Fireworks/fireworksLauncherBig/fireworksLauncherBig
[LOG 11:58:23.746] Config(PART) Squad/Parts/Utility/Fireworks/fireworksLauncherSmall/fireworksLauncherSmall
[LOG 11:58:23.746] Config(PART) Squad/Parts/Utility/flags/flagFlat/flagFlat/flagPartFlat
[LOG 11:58:23.746] Config(PART) Squad/Parts/Utility/flags/flagSize0/flagSize0/flagPartSize0
[LOG 11:58:23.746] Config(PART) Squad/Parts/Utility/flags/flagSize1/flagSize1/flagPartSize1
[LOG 11:58:23.746] Config(PART) Squad/Parts/Utility/flags/flagSize2/flagSize2/flagPartSize2
[LOG 11:58:23.746] Config(PART) Squad/Parts/Utility/flags/flagSize3/flagSize3/flagPartSize3
[LOG 11:58:23.746] Config(PART) Squad/Parts/Utility/GrapplingDevice/part/GrapplingDevice
[LOG 11:58:23.746] Config(PART) Squad/Parts/Utility/ladderRadial/ladderRadial/ladder1
[LOG 11:58:23.746] Config(PART) Squad/Parts/Utility/ladderTelescopic/ladderTelescopic/telescopicLadder
[LOG 11:58:23.746] Config(PART) Squad/Parts/Utility/ladderTelescopicBay/ladderTelescopicBay/telescopicLadderBay
[LOG 11:58:23.746] Config(PART) Squad/Parts/Utility/landingLegLT-1/landingLegLT-1/landingLeg1
[LOG 11:58:23.746] Config(PART) Squad/Parts/Utility/landingLegLT-2/landingLegLT-2/landingLeg1-2
[LOG 11:58:23.746] Config(PART) Squad/Parts/Utility/landingLegLT-5/landingLegLT-5/miniLandingLeg
[LOG 11:58:23.746] Config(PART) Squad/Parts/Utility/launchClamp1/launchClamp1/launchClamp1
[LOG 11:58:23.746] Config(PART) Squad/Parts/Utility/launchEscapeSystem/part/LaunchEscapeSystem
[LOG 11:58:23.746] Config(PART) Squad/Parts/Utility/Lights/domeLight1/domeLight1
[LOG 11:58:23.746] Config(PART) Squad/Parts/Utility/Lights/groundLight1/groundLight1
[LOG 11:58:23.746] Config(PART) Squad/Parts/Utility/Lights/groundLight2/groundLight2
[LOG 11:58:23.746] Config(PART) Squad/Parts/Utility/Lights/navLight1/navLight1
[LOG 11:58:23.746] Config(PART) Squad/Parts/Utility/Lights/spotLight1/spotLight3
[LOG 11:58:23.746] Config(PART) Squad/Parts/Utility/Lights/stripLight1/stripLight1
[LOG 11:58:23.746] Config(PART) Squad/Parts/Utility/linearVernorRCS/linearRCS/linearRcs
[LOG 11:58:23.746] Config(PART) Squad/Parts/Utility/linearVernorRCS/vernorEngine/vernierEngine
[LOG 11:58:23.746] Config(PART) Squad/Parts/Utility/mk2CargoBay/BayL/mk2CargoBayL
[LOG 11:58:23.746] Config(PART) Squad/Parts/Utility/mk2CargoBay/BayS/mk2CargoBayS
[LOG 11:58:23.746] Config(PART) Squad/Parts/Utility/mk2CrewCabin/mk2CrewCabin/mk2CrewCabin
[LOG 11:58:23.746] Config(PART) Squad/Parts/Utility/mk2DockingPort/mk2DockingPort/mk2DockingPort
[LOG 11:58:23.746] Config(PART) Squad/Parts/Utility/mk3CargoBay/long/mk3CargoBayL
[LOG 11:58:23.746] Config(PART) Squad/Parts/Utility/mk3CargoBay/medium/mk3CargoBayM
[LOG 11:58:23.746] Config(PART) Squad/Parts/Utility/mk3CargoBay/ramp/mk3CargoRamp
[LOG 11:58:23.746] Config(PART) Squad/Parts/Utility/mk3CargoBay/short/mk3CargoBayS
[LOG 11:58:23.746] Config(PART) Squad/Parts/Utility/parachuteMk1/parachuteMk1/parachuteSingle
[LOG 11:58:23.746] Config(PART) Squad/Parts/Utility/parachuteMk12-R/parachuteMk12-R/radialDrogue
[LOG 11:58:23.746] Config(PART) Squad/Parts/Utility/parachuteMk16-XL/parachuteMk16-XL/parachuteLarge
[LOG 11:58:23.746] Config(PART) Squad/Parts/Utility/parachuteMk2-R/parachuteMk2-R/parachuteRadial
[LOG 11:58:23.747] Config(PART) Squad/Parts/Utility/parachuteMk25/parachuteMk25/parachuteDrogue
[LOG 11:58:23.747] Config(PART) Squad/Parts/Utility/radialAttachmentPoint/radialAttachmentPoint/stackPoint1
[LOG 11:58:23.747] Config(PART) Squad/Parts/Utility/rcsBlockRV-105_v2/rcsBlockRV-105/RCSBlock_v2
[LOG 11:58:23.747] Config(PART) Squad/Parts/Utility/rcsBlockRV-105_v2/RCSblock_01_small/RCSblock_01_small
[LOG 11:58:23.747] Config(PART) Squad/Parts/Utility/rcsSmallLinear/RCSLinearSmall/RCSLinearSmall
[LOG 11:58:23.747] Config(PART) Squad/Parts/Utility/RelayAntennas/RA-100/RelayAntenna100
[LOG 11:58:23.747] Config(PART) Squad/Parts/Utility/RelayAntennas/RA-5/RelayAntenna5
[LOG 11:58:23.747] Config(PART) Squad/Parts/Utility/RelayAntennas/RA-50/RelayAntenna50
[LOG 11:58:23.747] Config(PART) Squad/Parts/Utility/rockomaxAdapters/largeAdapter/largeAdapter
[LOG 11:58:23.747] Config(PART) Squad/Parts/Utility/rockomaxAdapters/largeAdapterShort/largeAdapter2
[LOG 11:58:23.747] Config(PART) Squad/Parts/Utility/ServiceBay_v2/ServiceBay_125_v2/ServiceBay_125_v2
[LOG 11:58:23.747] Config(PART) Squad/Parts/Utility/ServiceBay_v2/ServiceBay_250_v2/ServiceBay_250_v2
[LOG 11:58:23.747] Config(PART) Squad/Parts/Utility/smallClaw/smallClaw/smallClaw
[LOG 11:58:23.747] Config(PART) Squad/Parts/Utility/spotLightMk1/spotLightMk1/spotLight1
[LOG 11:58:23.747] Config(PART) Squad/Parts/Utility/spotLightMk1_v2/spotLightMk1_v2/spotLight1_v2
[LOG 11:58:23.747] Config(PART) Squad/Parts/Utility/spotLightMk2/spotLightMk2/spotLight2
[LOG 11:58:23.747] Config(PART) Squad/Parts/Utility/spotLightMk2_v2/spotLightMk2_v2/spotLight2_v2
[LOG 11:58:23.747] Config(PART) Squad/Parts/Utility/stackCouplers/stackBiCoupler_v2/stackBiCoupler_v2
[LOG 11:58:23.747] Config(PART) Squad/Parts/Utility/stackCouplers/stackQuadCoupler/stackQuadCoupler
[LOG 11:58:23.747] Config(PART) Squad/Parts/Utility/stackCouplers/stackTriCoupler_v2/stackTriCoupler_v2
[LOG 11:58:23.747] Config(PART) Squad/Parts/Wheel/LandingGear/GearExtraLarge/GearLarge
[LOG 11:58:23.747] Config(PART) Squad/Parts/Wheel/LandingGear/GearFixed/GearFixed
[LOG 11:58:23.747] Config(PART) Squad/Parts/Wheel/LandingGear/GearFree/GearFree
[LOG 11:58:23.747] Config(PART) Squad/Parts/Wheel/LandingGear/GearLarge/GearMedium
[LOG 11:58:23.747] Config(PART) Squad/Parts/Wheel/LandingGear/GearMedium/GearSmall
[LOG 11:58:23.747] Config(PART) Squad/Parts/Wheel/LandingGear/GearSmall/SmallGearBay
[LOG 11:58:23.747] Config(PART) Squad/Parts/Wheel/roverWheelM1/roverWheelM1/roverWheel1
[LOG 11:58:23.747] Config(PART) Squad/Parts/Wheel/roverWheelS2/roverWheelS2/roverWheel2
[LOG 11:58:23.747] Config(PART) Squad/Parts/Wheel/roverWheelTR-2L/roverWheelTR-2L/wheelMed
[LOG 11:58:23.747] Config(PART) Squad/Parts/Wheel/roverWheelXL3/roverWheelXL3/roverWheel3
[LOG 11:58:23.747] Config(PROP) Squad/Props/AltimeterThreeHands/prop/AltimeterThreeHands
[LOG 11:58:23.747] Config(PROP) Squad/Props/AtmosphereDepth/prop/AtmosphereDepth
[LOG 11:58:23.747] Config(PROP) Squad/Props/AxisIndicator/pitchConfig/AxisIndicatorPitch
[LOG 11:58:23.747] Config(PROP) Squad/Props/AxisIndicator/rollConfig/AxisIndicatorRoll
[LOG 11:58:23.747] Config(PROP) Squad/Props/AxisIndicator/yawConfig/AxisIndicatorYaw
[LOG 11:58:23.747] Config(PROP) Squad/Props/buttonsGeneric/circularButton/genericCircularButton
[LOG 11:58:23.747] Config(PROP) Squad/Props/buttonsGeneric/clusterButtons/genericClusterButtons
[LOG 11:58:23.747] Config(PROP) Squad/Props/buttonsGeneric/clusterButtons2/genericClusterButtons2
[LOG 11:58:23.747] Config(PROP) Squad/Props/buttonsGeneric/clusterKnob/genericClusterKnobs
[LOG 11:58:23.747] Config(PROP) Squad/Props/buttonsGeneric/clusterKnob2/genericClusterKnobs2
[LOG 11:58:23.747] Config(PROP) Squad/Props/buttonsGeneric/clusterMixed/genericClusterMixed
[LOG 11:58:23.747] Config(PROP) Squad/Props/buttonsGeneric/clusterSwitches01/genericClusterSwitches01
[LOG 11:58:23.747] Config(PROP) Squad/Props/buttonsGeneric/clusterSwitches02/genericClusterSwitches02
[LOG 11:58:23.747] Config(PROP) Squad/Props/buttonsGeneric/clusterSwitches03/genericClusterSwitches03
[LOG 11:58:23.747] Config(PROP) Squad/Props/buttonsGeneric/clusterSwitches04/genericClusterSwitches04
[LOG 11:58:23.747] Config(PROP) Squad/Props/buttonsGeneric/clusterSwitches05/genericClusterSwitches05
[LOG 11:58:23.748] Config(PROP) Squad/Props/buttonsGeneric/clusterSwitches06/genericClusterSwitches06
[LOG 11:58:23.748] Config(PROP) Squad/Props/buttonsGeneric/clusterSwitches07/genericClusterSwitches07
[LOG 11:58:23.748] Config(PROP) Squad/Props/buttonsGeneric/directionalKnob/genericDirectionalKnob
[LOG 11:58:23.748] Config(PROP) Squad/Props/buttonsGeneric/directionalKnob2/genericDirectionalKnob2
[LOG 11:58:23.748] Config(PROP) Squad/Props/buttonsGeneric/pullSwitch/genericPullSwitch
[LOG 11:58:23.748] Config(PROP) Squad/Props/buttonsGeneric/squareButton/genericSquareButton
[LOG 11:58:23.748] Config(PROP) Squad/Props/buttonsGeneric/standingSwitch/genericStandingSwitch
[LOG 11:58:23.748] Config(PROP) Squad/Props/buttonsGeneric/switch/genericSwitch
[LOG 11:58:23.748] Config(PROP) Squad/Props/buttonsGeneric/switchWithGuards/genericSwitchWithGuards
[LOG 11:58:23.748] Config(PROP) Squad/Props/ButtonSquare/prop/ButtonSquare
[LOG 11:58:23.748] Config(PROP) Squad/Props/circularButton/prop/circularButton
[LOG 11:58:23.748] Config(PROP) Squad/Props/Compass/prop/Compass
[LOG 11:58:23.748] Config(PROP) Squad/Props/directionalKnob/prop/directionalKnob
[LOG 11:58:23.748] Config(PROP) Squad/Props/directionalKnob2/prop/directionalKnob2
[LOG 11:58:23.748] Config(PROP) Squad/Props/IndicatorPanel/prop/IndicatorPanel
[LOG 11:58:23.748] Config(PROP) Squad/Props/IVANavBall/prop/NavBall
[LOG 11:58:23.748] Config(PROP) Squad/Props/IVANavBallNoBase/prop/NavBallNoBase
[LOG 11:58:23.748] Config(PROP) Squad/Props/ledPanelSpeed/prop/ledPanelSpeed
[LOG 11:58:23.748] Config(PROP) Squad/Props/Monitor/DockingMode/MonitorDockingMode
[LOG 11:58:23.748] Config(PROP) Squad/Props/NavBall/prop/NavBall
[LOG 11:58:23.748] Config(PROP) Squad/Props/PropsGeneric/Button_DockingMode/Button_DockingMode
[LOG 11:58:23.748] Config(PROP) Squad/Props/PropsGeneric/CargoBagA/CargoBagA
[LOG 11:58:23.748] Config(PROP) Squad/Props/PropsGeneric/CargoBagB/CargoBagB
[LOG 11:58:23.749] Config(PROP) Squad/Props/PropsGeneric/CargoBagC/CargoBagC
[LOG 11:58:23.749] Config(PROP) Squad/Props/PropsGeneric/Hatch_Plane/Hatch_Plane
[LOG 11:58:23.749] Config(PROP) Squad/Props/PropsGeneric/Hatch_Plane_Curve90/Hatch_Plane_Curve90
[LOG 11:58:23.749] Config(PROP) Squad/Props/PropsGeneric/Hatch_Plane_Frame/Hatch_Plane_Frame
[LOG 11:58:23.749] Config(PROP) Squad/Props/PropsGeneric/Seat_Passenger/Seat_Passenger
[LOG 11:58:23.749] Config(PROP) Squad/Props/PropsGeneric/Seat_Pilot/Seat_Pilot
[LOG 11:58:23.749] Config(PROP) Squad/Props/PropsGeneric/Seat_Pilot_Helmet/Seat_Pilot_Helmet
[LOG 11:58:23.749] Config(PROP) Squad/Props/PropsGeneric/SideStick/SideStick
[LOG 11:58:23.749] Config(PROP) Squad/Props/pullSwitch/prop/pullSwitch
[LOG 11:58:23.749] Config(PROP) Squad/Props/radarAltitude/prop/RadarAltimeter
[LOG 11:58:23.749] Config(PROP) Squad/Props/squareButton/prop/squareButton
[LOG 11:58:23.749] Config(PROP) Squad/Props/standingSwitch/prop/standingSwitch
[LOG 11:58:23.749] Config(PROP) Squad/Props/switch/prop/switch
[LOG 11:58:23.749] Config(PROP) Squad/Props/switchGuard/prop/switchGuard
[LOG 11:58:23.749] Config(PROP) Squad/Props/switchWithGuards/prop/switchWithGuards
[LOG 11:58:23.749] Config(PROP) Squad/Props/throttle/prop/throttle
[LOG 11:58:23.749] Config(PROP) Squad/Props/VSI/prop/VSI
[LOG 11:58:23.749] Config(SPACEOBJECTS_LIMITS) Squad/Resources/CometDefs/SPACEOBJECTS_LIMITS
[LOG 11:58:23.749] Config(COMET_MANAGER) Squad/Resources/CometDefs/COMET_MANAGER
[LOG 11:58:23.749] Config(COMET_ORBIT_TYPE) Squad/Resources/CometDefs/short
[LOG 11:58:23.749] Config(COMET_ORBIT_TYPE) Squad/Resources/CometDefs/intermediate
[LOG 11:58:23.749] Config(COMET_ORBIT_TYPE) Squad/Resources/CometDefs/long
[LOG 11:58:23.749] Config(COMET_ORBIT_TYPE) Squad/Resources/CometDefs/interstellar
[LOG 11:58:23.749] Config(FIREWORKFX_DEFINITION) Squad/Resources/FireworkFXDefinitions/classicTrail
[LOG 11:58:23.749] Config(FIREWORKFX_DEFINITION) Squad/Resources/FireworkFXDefinitions/whirlyTrail
[LOG 11:58:23.749] Config(FIREWORKFX_DEFINITION) Squad/Resources/FireworkFXDefinitions/strobeTrail
[LOG 11:58:23.749] Config(FIREWORKFX_DEFINITION) Squad/Resources/FireworkFXDefinitions/bareTrail
[LOG 11:58:23.749] Config(FIREWORKFX_DEFINITION) Squad/Resources/FireworkFXDefinitions/classicBurst
[LOG 11:58:23.749] Config(FIREWORKFX_DEFINITION) Squad/Resources/FireworkFXDefinitions/chrysBurst
[LOG 11:58:23.749] Config(FIREWORKFX_DEFINITION) Squad/Resources/FireworkFXDefinitions/palmBurst
[LOG 11:58:23.749] Config(FIREWORKFX_DEFINITION) Squad/Resources/FireworkFXDefinitions/ringBurst
[LOG 11:58:23.749] Config(FIREWORKFX_DEFINITION) Squad/Resources/FireworkFXDefinitions/crosetteBurst
[LOG 11:58:23.749] Config(FIREWORKFX_DEFINITION) Squad/Resources/FireworkFXDefinitions/willowBurst
[LOG 11:58:23.749] Config(FIREWORKFX_DEFINITION) Squad/Resources/FireworkFXDefinitions/crackeBurst
[LOG 11:58:23.749] Config(FIREWORKFX_DEFINITION) Squad/Resources/FireworkFXDefinitions/palmCrackleBurst
[LOG 11:58:23.749] Config(FIREWORKFX_DEFINITION) Squad/Resources/FireworkFXDefinitions/dragonBurst
[LOG 11:58:23.749] Config(GLOBAL_RESOURCE) Squad/Resources/Ore/GLOBAL_RESOURCE
[LOG 11:58:23.749] Config(PLANETARY_RESOURCE) Squad/Resources/Ore/PLANETARY_RESOURCE
[LOG 11:58:23.749] Config(PLANETARY_RESOURCE) Squad/Resources/Ore/PLANETARY_RESOURCE
[LOG 11:58:23.749] Config(RESOURCE_OVERLAY_CONFIGURATION_SOLID) Squad/Resources/Overlay/RESOURCE_OVERLAY_CONFIGURATION_SOLID
[LOG 11:58:23.749] Config(RESOURCE_OVERLAY_CONFIGURATION_LINES) Squad/Resources/Overlay/RESOURCE_OVERLAY_CONFIGURATION_LINES
[LOG 11:58:23.749] Config(RESOURCE_OVERLAY_CONFIGURATION_DOTS) Squad/Resources/Overlay/RESOURCE_OVERLAY_CONFIGURATION_DOTS
[LOG 11:58:23.749] Config(RESOURCE_CONFIGURATION) Squad/Resources/ResourceDefaults/RESOURCE_CONFIGURATION
[LOG 11:58:23.749] Config(RESOURCE_DEFINITION) Squad/Resources/ResourcesGeneric/LiquidFuel
[LOG 11:58:23.749] Config(RESOURCE_DEFINITION) Squad/Resources/ResourcesGeneric/Oxidizer
[LOG 11:58:23.749] Config(RESOURCE_DEFINITION) Squad/Resources/ResourcesGeneric/SolidFuel
[LOG 11:58:23.749] Config(RESOURCE_DEFINITION) Squad/Resources/ResourcesGeneric/MonoPropellant
[LOG 11:58:23.750] Config(RESOURCE_DEFINITION) Squad/Resources/ResourcesGeneric/XenonGas
[LOG 11:58:23.750] Config(RESOURCE_DEFINITION) Squad/Resources/ResourcesGeneric/ElectricCharge
[LOG 11:58:23.750] Config(RESOURCE_DEFINITION) Squad/Resources/ResourcesGeneric/IntakeAir
[LOG 11:58:23.750] Config(RESOURCE_DEFINITION) Squad/Resources/ResourcesGeneric/EVA Propellant
[LOG 11:58:23.750] Config(RESOURCE_DEFINITION) Squad/Resources/ResourcesGeneric/Ore
[LOG 11:58:23.750] Config(RESOURCE_DEFINITION) Squad/Resources/ResourcesGeneric/Ablator
[LOG 11:58:23.750] Config(EXPERIMENT_DEFINITION) Squad/Resources/ScienceDefs/EXPERIMENT_DEFINITION
[LOG 11:58:23.750] Config(EXPERIMENT_DEFINITION) Squad/Resources/ScienceDefs/EXPERIMENT_DEFINITION
[LOG 11:58:23.750] Config(EXPERIMENT_DEFINITION) Squad/Resources/ScienceDefs/EXPERIMENT_DEFINITION
[LOG 11:58:23.750] Config(EXPERIMENT_DEFINITION) Squad/Resources/ScienceDefs/EXPERIMENT_DEFINITION
[LOG 11:58:23.750] Config(EXPERIMENT_DEFINITION) Squad/Resources/ScienceDefs/EXPERIMENT_DEFINITION
[LOG 11:58:23.750] Config(EXPERIMENT_DEFINITION) Squad/Resources/ScienceDefs/EXPERIMENT_DEFINITION
[LOG 11:58:23.750] Config(EXPERIMENT_DEFINITION) Squad/Resources/ScienceDefs/EXPERIMENT_DEFINITION
[LOG 11:58:23.750] Config(EXPERIMENT_DEFINITION) Squad/Resources/ScienceDefs/EXPERIMENT_DEFINITION
[LOG 11:58:23.750] Config(EXPERIMENT_DEFINITION) Squad/Resources/ScienceDefs/EXPERIMENT_DEFINITION
[LOG 11:58:23.750] Config(EXPERIMENT_DEFINITION) Squad/Resources/ScienceDefs/EXPERIMENT_DEFINITION
[LOG 11:58:23.750] Config(EXPERIMENT_DEFINITION) Squad/Resources/ScienceDefs/EXPERIMENT_DEFINITION
[LOG 11:58:23.750] Config(EXPERIMENT_DEFINITION) Squad/Resources/ScienceDefs/EXPERIMENT_DEFINITION
[LOG 11:58:23.750] Config(EXPERIMENT_DEFINITION) Squad/Resources/ScienceDefs/EXPERIMENT_DEFINITION
[LOG 11:58:23.750] Config(EXPERIMENT_DEFINITION) Squad/Resources/ScienceDefs/EXPERIMENT_DEFINITION
[LOG 11:58:23.750] Config(EXPERIMENT_DEFINITION) Squad/Resources/ScienceDefs/EXPERIMENT_DEFINITION
[LOG 11:58:23.750] Config(EXPERIMENT_DEFINITION) Squad/Resources/ScienceDefs/EXPERIMENT_DEFINITION
[LOG 11:58:23.750] Config(EXPERIMENT_DEFINITION) Squad/Resources/ScienceDefs/EXPERIMENT_DEFINITION
[LOG 11:58:23.750] Config(EXPERIMENT_DEFINITION) Squad/Resources/ScienceDefs/EXPERIMENT_DEFINITION
[LOG 11:58:23.750] Config(STORY_DEF) Squad/Resources/StoryDefs/STORY_DEF
[LOG 11:58:23.750] Config(TechTree) Squad/Resources/TechTree/TechTree
[LOG 11:58:23.750] Config(INTERNAL) Squad/Spaces/crewCabinInternals/internal/crewCabinInternals
[LOG 11:58:23.750] Config(INTERNAL) Squad/Spaces/cupolaInternal/internal/cupolaInternal
[LOG 11:58:23.750] Config(INTERNAL) Squad/Spaces/GenericSpace1/internal/GenericSpace1
[LOG 11:58:23.750] Config(INTERNAL) Squad/Spaces/GenericSpace3/internal/GenericSpace3
[LOG 11:58:23.750] Config(INTERNAL) Squad/Spaces/landerCabinInternals/internal/landerCabinInternals
[LOG 11:58:23.750] Config(INTERNAL) Squad/Spaces/landerCabinSmallInternal/internal/landerCabinSmallInternal
[LOG 11:58:23.750] Config(INTERNAL) Squad/Spaces/LargeCrewedLabInternals/internal/Mobile_Processing_Lab_Int
[LOG 11:58:23.750] Config(INTERNAL) Squad/Spaces/Mk1-3/internal/Mk1-3
[LOG 11:58:23.750] Config(INTERNAL) Squad/Spaces/mk1CabinInternal/internal/mk1CabinInternal
[LOG 11:58:23.750] Config(INTERNAL) Squad/Spaces/mk1CockpitInternal/internal/mk1CockpitInternal
[LOG 11:58:23.750] Config(INTERNAL) Squad/Spaces/mk1InlineInternal/internal/mk1InlineInternal
[LOG 11:58:23.750] Config(INTERNAL) Squad/Spaces/mk1PodCockpit/internal/mk1PodCockpit
[LOG 11:58:23.751] Config(INTERNAL) Squad/Spaces/mk1pod_IVA/mk1pod_Internal/mk1pod_IVA
[LOG 11:58:23.751] Config(INTERNAL) Squad/Spaces/mk2CockpitStandardInternal/internal/mk2CockpitStandardInternals
[LOG 11:58:23.751] Config(INTERNAL) Squad/Spaces/Mk2CrewCabinInternal/internal_MK2_CrewCab/MK2_CrewCab_Int
[LOG 11:58:23.751] Config(INTERNAL) Squad/Spaces/mk2InlineInternal/internal/mk2InlineInternal
[LOG 11:58:23.751] Config(INTERNAL) Squad/Spaces/mk2LanderCanInternal/internal/mk2LanderCanInternal
[LOG 11:58:23.751] Config(INTERNAL) Squad/Spaces/MK3CockpitInternal/internal_MK3/MK3_Cockpit_Int
[LOG 11:58:23.751] Config(INTERNAL) Squad/Spaces/MK3_CrewCab_Int/internal_MK3_CrewCab/MK3_CrewCab_Int
[LOG 11:58:23.751] Config(INTERNAL) Squad/Spaces/Placeholder/internal/Placeholder
[LOG 11:58:23.751] Config(INTERNAL) Squad/Spaces/PodCockpit/internal/PodCockpit
[LOG 11:58:23.751] Config(STRATEGY_DEPARTMENT) Squad/Strategies/Departments/Finances
[LOG 11:58:23.751] Config(STRATEGY_DEPARTMENT) Squad/Strategies/Departments/Science
[LOG 11:58:23.751] Config(STRATEGY_DEPARTMENT) Squad/Strategies/Departments/Public Relations
[LOG 11:58:23.751] Config(STRATEGY_DEPARTMENT) Squad/Strategies/Departments/Operations
[LOG 11:58:23.751] Config(STRATEGY) Squad/Strategies/Strategies/AppreciationCampaignCfg
[LOG 11:58:23.751] Config(STRATEGY) Squad/Strategies/Strategies/FundraisingCampaignCfg
[LOG 11:58:23.751] Config(STRATEGY) Squad/Strategies/Strategies/OpenSourceTechProgramCfg
[LOG 11:58:23.751] Config(STRATEGY) Squad/Strategies/Strategies/UnpaidResearchProgramCfg
[LOG 11:58:23.751] Config(STRATEGY) Squad/Strategies/Strategies/OutsourcedResearchCfg
[LOG 11:58:23.751] Config(STRATEGY) Squad/Strategies/Strategies/PatentsLicensingCfg
[LOG 11:58:23.751] Config(STRATEGY) Squad/Strategies/Strategies/AgressiveNegotiations
[LOG 11:58:23.751] Config(STRATEGY) Squad/Strategies/Strategies/RecoveryTransponders
[LOG 11:58:23.751] Config(STRATEGY) Squad/Strategies/Strategies/BailoutGrant
[LOG 11:58:23.751] Config(STRATEGY) Squad/Strategies/Strategies/researchIPsellout
[LOG 11:58:23.751] Config(STRATEGY) Squad/Strategies/Strategies/LeadershipInitiative
[LOG 11:58:23.751] Config(TUTORIAL) Squad/Tutorials/FlightSuborbital/FlightSuborbital
[LOG 11:58:23.751] Config(TUTORIAL) Squad/Tutorials/FromMun/FromMun
[LOG 11:58:23.751] Config(TUTORIAL) Squad/Tutorials/GoForOrbit/GoForOrbit
[LOG 11:58:23.751] Config(MISSIONPACK) SquadExpansion/MakingHistory/Missions/MissionPacks/squad_MakingHistory
[LOG 11:58:23.751] Config(MISSIONPACK) SquadExpansion/MakingHistory/Missions/MissionPacks/squad_MakingHistory_Other
[LOG 11:58:23.751] Config(MISSIONPACK) SquadExpansion/MakingHistory/Missions/MissionPacks/squad_MakingHistory_Tutorial
[LOG 11:58:23.751] Config(MEBASICNODE) SquadExpansion/MakingHistory/Nodes/AccuracyLogic/TestAccuracyLogic
[LOG 11:58:23.751] Config(MEBASICNODE) SquadExpansion/MakingHistory/Nodes/ActionChancePartResourceLevels/ActionPartResourceAmount
[LOG 11:58:23.751] Config(MEBASICNODE) SquadExpansion/MakingHistory/Nodes/ActionExplode/ActionVesselExplode
[LOG 11:58:23.751] Config(MEBASICNODE) SquadExpansion/MakingHistory/Nodes/ActionMissionScore/MissionScore
[LOG 11:58:23.751] Config(MEBASICNODE) SquadExpansion/MakingHistory/Nodes/ActionModifierFunds/ModifyFunds
[LOG 11:58:23.751] Config(MEBASICNODE) SquadExpansion/MakingHistory/Nodes/ActionModifierScore/MissionScore
[LOG 11:58:23.751] Config(MEBASICNODE) SquadExpansion/MakingHistory/Nodes/ActionPartExplode/ActionPartExplode
[LOG 11:58:23.751] Config(MEBASICNODE) SquadExpansion/MakingHistory/Nodes/ActionPartResourceDrain/ActionPartResourceDrain
[LOG 11:58:23.751] Config(MEBASICNODE) SquadExpansion/MakingHistory/Nodes/ActionVesselActionGroup/ActionVesselActionGroup
[LOG 11:58:23.751] Config(MEBASICNODE) SquadExpansion/MakingHistory/Nodes/ActionVesselStage/ActionVesselStage
[LOG 11:58:23.751] Config(MEBASICNODE) SquadExpansion/MakingHistory/Nodes/CreateAsteroid/CreateAsteroid
[LOG 11:58:23.751] Config(MEBASICNODE) SquadExpansion/MakingHistory/Nodes/CreateComet/CreateComet
[LOG 11:58:23.751] Config(MEBASICNODE) SquadExpansion/MakingHistory/Nodes/CreateFlag/CreateFlag
[LOG 11:58:23.751] Config(MEBASICNODE) SquadExpansion/MakingHistory/Nodes/CreateLaunchSite/CreateLaunchSite
[LOG 11:58:23.752] Config(MEBASICNODE) SquadExpansion/MakingHistory/Nodes/CreateVessel/CreateVessel
[LOG 11:58:23.752] Config(MEBASICNODE) SquadExpansion/MakingHistory/Nodes/CrewAssignment/TestCrewAssignment
[LOG 11:58:23.752] Config(MEBASICNODE) SquadExpansion/MakingHistory/Nodes/Destroyed/Crashed
[LOG 11:58:23.752] Config(MEBASICNODE) SquadExpansion/MakingHistory/Nodes/DialogMessage/DialogMessage
[LOG 11:58:23.752] Config(MEBASICNODE) SquadExpansion/MakingHistory/Nodes/Distance/Distance
[LOG 11:58:23.752] Config(MEBASICNODE) SquadExpansion/MakingHistory/Nodes/EmptyFalse/EmptyFalse
[LOG 11:58:23.752] Config(MEBASICNODE) SquadExpansion/MakingHistory/Nodes/EmptyTrue/EmptyTrue
[LOG 11:58:23.752] Config(MEBASICNODE) SquadExpansion/MakingHistory/Nodes/EscapeSOI/SOILeft
[LOG 11:58:23.752] Config(MEBASICNODE) SquadExpansion/MakingHistory/Nodes/EVA/EVA
[LOG 11:58:23.752] Config(MEBASICNODE) SquadExpansion/MakingHistory/Nodes/Flying/Flying
[LOG 11:58:23.752] Config(MEBASICNODE) SquadExpansion/MakingHistory/Nodes/FundsRecovery/FundsRecovery
[LOG 11:58:23.752] Config(MEBASICNODE) SquadExpansion/MakingHistory/Nodes/KerbalBoarded/TestKerbalBoarded
[LOG 11:58:23.752] Config(MEBASICNODE) SquadExpansion/MakingHistory/Nodes/KerbalKilled/EVA
[LOG 11:58:23.752] Config(MEBASICNODE) SquadExpansion/MakingHistory/Nodes/KerbalRecovery/KerbalRecovery
[LOG 11:58:23.752] Config(MEBASICNODE) SquadExpansion/MakingHistory/Nodes/KerbalRescue/KerbalRescue
[LOG 11:58:23.752] Config(MEBASICNODE) SquadExpansion/MakingHistory/Nodes/Landed/Landed
[LOG 11:58:23.752] Config(MEBASICNODE) SquadExpansion/MakingHistory/Nodes/Message/Message
[LOG 11:58:23.752] Config(MEBASICNODE) SquadExpansion/MakingHistory/Nodes/MissionFunds/MissionFunds
[LOG 11:58:23.752] Config(MEBASICNODE) SquadExpansion/MakingHistory/Nodes/MissionScore/MissionScore
[LOG 11:58:23.752] Config(MEBASICNODE) SquadExpansion/MakingHistory/Nodes/Orbit/Orbit
[LOG 11:58:23.752] Config(MEBASICNODE) SquadExpansion/MakingHistory/Nodes/OrbitParams/OrbitParams
[LOG 11:58:23.752] Config(MEBASICNODE) SquadExpansion/MakingHistory/Nodes/PartDocking/TestPartDocking
[LOG 11:58:23.752] Config(MEBASICNODE) SquadExpansion/MakingHistory/Nodes/PartFailure/PartFailure
[LOG 11:58:23.752] Config(MEBASICNODE) SquadExpansion/MakingHistory/Nodes/PartGrapple/TestGrapple
[LOG 11:58:23.753] Config(MEBASICNODE) SquadExpansion/MakingHistory/Nodes/PartRepair/PartRepair
[LOG 11:58:23.753] Config(MEBASICNODE) SquadExpansion/MakingHistory/Nodes/PlaceKerbal/CreateKerbal
[LOG 11:58:23.753] Config(MEBASICNODE) SquadExpansion/MakingHistory/Nodes/PlantFlag/PlantFlag
[LOG 11:58:23.753] Config(MEBASICNODE) SquadExpansion/MakingHistory/Nodes/ReachSOI/ReachSOI
[LOG 11:58:23.753] Config(MEBASICNODE) SquadExpansion/MakingHistory/Nodes/Resource/ResourceAmount
[LOG 11:58:23.753] Config(MEBASICNODE) SquadExpansion/MakingHistory/Nodes/ResourceRecovery/TestResourcesRecovery
[LOG 11:58:23.753] Config(MEBASICNODE) SquadExpansion/MakingHistory/Nodes/ScienceExperiment/ScienceExperiment
[LOG 11:58:23.753] Config(MEBASICNODE) SquadExpansion/MakingHistory/Nodes/SetCamera/SetCamera
[LOG 11:58:23.753] Config(MEBASICNODE) SquadExpansion/MakingHistory/Nodes/SplashDown/SplashDown
[LOG 11:58:23.753] Config(MEBASICNODE) SquadExpansion/MakingHistory/Nodes/StageActivated/TestVesselStageActivated
[LOG 11:58:23.753] Config(MEBASICNODE) SquadExpansion/MakingHistory/Nodes/TakeKerbal/TestTakeKerbal
[LOG 11:58:23.753] Config(MEBASICNODE) SquadExpansion/MakingHistory/Nodes/TestFlyThrough/TestFlyThrough
[LOG 11:58:23.753] Config(MEBASICNODE) SquadExpansion/MakingHistory/Nodes/TestGoTo/TestGoTo
[LOG 11:58:23.753] Config(MEBASICNODE) SquadExpansion/MakingHistory/Nodes/TimeMET/TimeMET
[LOG 11:58:23.753] Config(MEBASICNODE) SquadExpansion/MakingHistory/Nodes/TimeOfMission/TimeOfMission
[LOG 11:58:23.753] Config(MEBASICNODE) SquadExpansion/MakingHistory/Nodes/TimeSinceNode/TestTimeSinceNode
[LOG 11:58:23.753] Config(MEBASICNODE) SquadExpansion/MakingHistory/Nodes/VesselActiveCount/TestVesselActiveCount
[LOG 11:58:23.753] Config(MEBASICNODE) SquadExpansion/MakingHistory/Nodes/VesselAltitudeGoal/VesselAltitudeGoal
[LOG 11:58:23.753] Config(MEBASICNODE) SquadExpansion/MakingHistory/Nodes/VesselCrewCount/VeselCrewCount
[LOG 11:58:23.753] Config(MEBASICNODE) SquadExpansion/MakingHistory/Nodes/VesselMassLogic/VesselMass
[LOG 11:58:23.753] Config(MEBASICNODE) SquadExpansion/MakingHistory/Nodes/VesselPartCount/PartCount
[LOG 11:58:23.753] Config(MEBASICNODE) SquadExpansion/MakingHistory/Nodes/VesselRecovery/TestVesselRecovery
[LOG 11:58:23.754] Config(MEBASICNODE) SquadExpansion/MakingHistory/Nodes/VesselStage/TestVesselStage
[LOG 11:58:23.754] Config(MEBASICNODE) SquadExpansion/MakingHistory/Nodes/VesselVelocity/VesselVelocity
[LOG 11:58:23.754] Config(PART) SquadExpansion/MakingHistory/Parts/Aero/protectiveRocketNoseMk16/rocketNoseCone_size4/rocketNoseConeSize4
[LOG 11:58:23.754] Config(PART) SquadExpansion/MakingHistory/Parts/Aero/protectiveRocketNoseMk5A/Size_1_5_Cone/Size_1_5_Cone
[LOG 11:58:23.754] Config(PART) SquadExpansion/MakingHistory/Parts/Coupling/Decoupler_1p5/Decoupler_1p5
[LOG 11:58:23.754] Config(PART) SquadExpansion/MakingHistory/Parts/Coupling/Decoupler_4/Decoupler_4
[LOG 11:58:23.754] Config(PART) SquadExpansion/MakingHistory/Parts/Coupling/EnginePlate_1p5/EnginePlate1p5
[LOG 11:58:23.754] Config(PART) SquadExpansion/MakingHistory/Parts/Coupling/EnginePlate_2/EnginePlate2
[LOG 11:58:23.754] Config(PART) SquadExpansion/MakingHistory/Parts/Coupling/EnginePlate_3/EnginePlate3
[LOG 11:58:23.754] Config(PART) SquadExpansion/MakingHistory/Parts/Coupling/EnginePlate_4/EnginePlate4
[LOG 11:58:23.754] Config(PART) SquadExpansion/MakingHistory/Parts/Coupling/EnginePlate_5/EnginePlate5
[LOG 11:58:23.754] Config(PART) SquadExpansion/MakingHistory/Parts/Coupling/InflatableAirlock/InflatableAirlock
[LOG 11:58:23.754] Config(PART) SquadExpansion/MakingHistory/Parts/Coupling/Separator_1p5/Separator_1p5
[LOG 11:58:23.754] Config(PART) SquadExpansion/MakingHistory/Parts/Coupling/Separator_4/Separator_4
[LOG 11:58:23.754] Config(PART) SquadExpansion/MakingHistory/Parts/Coupling/Size1p5_Strut_Decoupler/Size1p5_Strut_Decoupler
[LOG 11:58:23.754] Config(PART) SquadExpansion/MakingHistory/Parts/Engine/LiquidEngineKE-1/LiquidEngineKE-1
[LOG 11:58:23.754] Config(PART) SquadExpansion/MakingHistory/Parts/Engine/LiquidEngineLV-T91/LiquidEngineLV-T91
[LOG 11:58:23.754] Config(PART) SquadExpansion/MakingHistory/Parts/Engine/LiquidEngineLV-TX87/LiquidEngineLV-TX87
[LOG 11:58:23.754] Config(PART) SquadExpansion/MakingHistory/Parts/Engine/LiquidEngineRE-I2/LiquidEngineRE-I2
[LOG 11:58:23.754] Config(PART) SquadExpansion/MakingHistory/Parts/Engine/LiquidEngineRE-J10/LiquidEngineRE-J10
[LOG 11:58:23.754] Config(PART) SquadExpansion/MakingHistory/Parts/Engine/LiquidEngineRK-7/LiquidEngineRK-7
[LOG 11:58:23.754] Config(PART) SquadExpansion/MakingHistory/Parts/Engine/LiquidEngineRV-1/LiquidEngineRV-1
[LOG 11:58:23.755] Config(PART) SquadExpansion/MakingHistory/Parts/Engine/solidBoosterTHK/solidBoosterTHK/Pollux
[LOG 11:58:23.755] Config(PART) SquadExpansion/MakingHistory/Parts/FuelTank/MonoPropMini/monopropMiniSphere
[LOG 11:58:23.755] Config(PART) SquadExpansion/MakingHistory/Parts/FuelTank/Size1p5_Monoprop/Size1p5_Monoprop
[LOG 11:58:23.755] Config(PART) SquadExpansion/MakingHistory/Parts/FuelTank/Size1p5_Size0_Adapter_01/Size1p5_Size0_Adapter_01
[LOG 11:58:23.755] Config(PART) SquadExpansion/MakingHistory/Parts/FuelTank/Size1p5_Size1_Adapter_01/Size1p5_Size1_Adapter_01
[LOG 11:58:23.755] Config(PART) SquadExpansion/MakingHistory/Parts/FuelTank/Size1p5_Size1_Adapter_02/Size1p5_Size1_Adapter_02
[LOG 11:58:23.755] Config(PART) SquadExpansion/MakingHistory/Parts/FuelTank/Size1p5_Size2_Adapter_01/Size1p5_Size2_Adapter_01
[LOG 11:58:23.755] Config(PART) SquadExpansion/MakingHistory/Parts/FuelTank/Size1p5_Tank_01/Size1p5_Tank_01
[LOG 11:58:23.755] Config(PART) SquadExpansion/MakingHistory/Parts/FuelTank/Size1p5_Tank_02/Size1p5_Tank_02
[LOG 11:58:23.755] Config(PART) SquadExpansion/MakingHistory/Parts/FuelTank/Size1p5_Tank_03/Size1p5_Tank_03
[LOG 11:58:23.755] Config(PART) SquadExpansion/MakingHistory/Parts/FuelTank/Size1p5_Tank_04/Size1p5_Tank_04
[LOG 11:58:23.755] Config(PART) SquadExpansion/MakingHistory/Parts/FuelTank/Size1p5_Tank_05/Size1p5_Tank_05
[LOG 11:58:23.755] Config(PART) SquadExpansion/MakingHistory/Parts/FuelTank/Size3_Size4_Adapter_01/Size3_Size4_Adapter_01
[LOG 11:58:23.755] Config(PART) SquadExpansion/MakingHistory/Parts/FuelTank/Size4_EngineAdapter_01/Size4_EngineAdapter_01
[LOG 11:58:23.755] Config(PART) SquadExpansion/MakingHistory/Parts/FuelTank/Size4_Tank_01/Size4_Tank_01
[LOG 11:58:23.755] Config(PART) SquadExpansion/MakingHistory/Parts/FuelTank/Size4_Tank_02/Size4_Tank_02
[LOG 11:58:23.755] Config(PART) SquadExpansion/MakingHistory/Parts/FuelTank/Size4_Tank_03/Size4_Tank_03
[LOG 11:58:23.755] Config(PART) SquadExpansion/MakingHistory/Parts/FuelTank/Size4_Tank_04/Size4_Tank_04
[LOG 11:58:23.755] Config(PART) SquadExpansion/MakingHistory/Parts/Ground/RoverWheel/roverWheelM1-F
[LOG 11:58:23.755] Config(PART) SquadExpansion/MakingHistory/Parts/Payload/fairingSize1p5/fairingSize1p5
[LOG 11:58:23.755] Config(PART) SquadExpansion/MakingHistory/Parts/Payload/fairingSize4/fairingSize4
[LOG 11:58:23.755] Config(PART) SquadExpansion/MakingHistory/Parts/Payload/Size1to0ServiceModule/Size1to0ServiceModule
[LOG 11:58:23.755] Config(PART) SquadExpansion/MakingHistory/Parts/Payload/SM18/ServiceModule18
[LOG 11:58:23.755] Config(PART) SquadExpansion/MakingHistory/Parts/Payload/SM25/ServiceModule25
[LOG 11:58:23.755] Config(PART) SquadExpansion/MakingHistory/Parts/Pods/KV1Pod/kv1Pod
[LOG 11:58:23.755] Config(PART) SquadExpansion/MakingHistory/Parts/Pods/KV2Pod/kv2Pod
[LOG 11:58:23.755] Config(PART) SquadExpansion/MakingHistory/Parts/Pods/KV3Pod/kv3Pod
[LOG 11:58:23.755] Config(PART) SquadExpansion/MakingHistory/Parts/Pods/Mk2Pod/Mk2Pod
[LOG 11:58:23.755] Config(PART) SquadExpansion/MakingHistory/Parts/Pods/Size1_5_Lander/MEMLander
[LOG 11:58:23.755] Config(PART) SquadExpansion/MakingHistory/Parts/Prebuilt/kerbalEVAfemaleVintage/kerbalEVAfemaleVintage
[LOG 11:58:23.755] Config(PART) SquadExpansion/MakingHistory/Parts/Prebuilt/kerbalEVAVintage/kerbalEVAVintage
[LOG 11:58:23.755] Config(PART) SquadExpansion/MakingHistory/Parts/Structural/EquiTriangle0/EquiTriangle0
[LOG 11:58:23.755] Config(PART) SquadExpansion/MakingHistory/Parts/Structural/EquiTriangle1/EquiTriangle1
[LOG 11:58:23.755] Config(PART) SquadExpansion/MakingHistory/Parts/Structural/EquiTriangle1p5/EquiTriangle1p5
[LOG 11:58:23.755] Config(PART) SquadExpansion/MakingHistory/Parts/Structural/EquiTriangle2/EquiTriangle2
[LOG 11:58:23.756] Config(PART) SquadExpansion/MakingHistory/Parts/Structural/Panel0/Panel0
[LOG 11:58:23.756] Config(PART) SquadExpansion/MakingHistory/Parts/Structural/Panel1/Panel1
[LOG 11:58:23.756] Config(PART) SquadExpansion/MakingHistory/Parts/Structural/Panel1p5/Panel1p5
[LOG 11:58:23.756] Config(PART) SquadExpansion/MakingHistory/Parts/Structural/Panel2/Panel2
[LOG 11:58:23.756] Config(PART) SquadExpansion/MakingHistory/Parts/Structural/Triangle0/Triangle0
[LOG 11:58:23.756] Config(PART) SquadExpansion/MakingHistory/Parts/Structural/Triangle1/Triangle1
[LOG 11:58:23.756] Config(PART) SquadExpansion/MakingHistory/Parts/Structural/Triangle1p5/Triangle1p5
[LOG 11:58:23.756] Config(PART) SquadExpansion/MakingHistory/Parts/Structural/Triangle2/Triangle2
[LOG 11:58:23.756] Config(PART) SquadExpansion/MakingHistory/Parts/Structural/Tube1/Tube1
[LOG 11:58:23.756] Config(PART) SquadExpansion/MakingHistory/Parts/Structural/Tube1p5/Tube1p5
[LOG 11:58:23.756] Config(PART) SquadExpansion/MakingHistory/Parts/Structural/Tube2/Tube2
[LOG 11:58:23.756] Config(PART) SquadExpansion/MakingHistory/Parts/Structural/Tube3/Tube3
[LOG 11:58:23.756] Config(PART) SquadExpansion/MakingHistory/Parts/Structural/Tube4/Tube4
[LOG 11:58:23.756] Config(PART) SquadExpansion/MakingHistory/Parts/Thermal/HeatShield1p5/HeatShield1p5
[LOG 11:58:23.756] Config(PART) SquadExpansion/MakingHistory/Parts/Utility/flags/flagSize1p5/flagSize1p5/flagPartSize1p5
[LOG 11:58:23.756] Config(PART) SquadExpansion/MakingHistory/Parts/Utility/flags/flagSize4/flagSize4/flagPartSize4
[LOG 11:58:23.756] Config(INTERNAL) SquadExpansion/MakingHistory/Spaces/KVPods/Airlock_Internal/Airlock_IVA
[LOG 11:58:23.756] Config(INTERNAL) SquadExpansion/MakingHistory/Spaces/KVPods/KV1_Internal/KV1_IVA
[LOG 11:58:23.756] Config(INTERNAL) SquadExpansion/MakingHistory/Spaces/KVPods/KV2_Internal/KV2_IVA
[LOG 11:58:23.756] Config(INTERNAL) SquadExpansion/MakingHistory/Spaces/KVPods/KV3_Internal/KV3_IVA
[LOG 11:58:23.756] Config(INTERNAL) SquadExpansion/MakingHistory/Spaces/MEM/MEM_IVA/MEM_IVA
[LOG 11:58:23.756] Config(INTERNAL) SquadExpansion/MakingHistory/Spaces/Mk2Pod/Mk2Pod_Internal/MK2POD_IVA
[LOG 11:58:23.756] Config(Contracts) SquadExpansion/Serenity/Contracts/contracts/Contracts
[LOG 11:58:23.756] Config(EXPERIENCE_TRAIT) SquadExpansion/Serenity/Experience/Traits/Engineer
[LOG 11:58:23.756] Config(EXPERIENCE_TRAIT) SquadExpansion/Serenity/Experience/Traits/Scientist
[LOG 11:58:23.756] Config(Localization) SquadExpansion/Serenity/Localization/dictionary/Localization
[LOG 11:58:23.756] Config(PART) SquadExpansion/Serenity/Parts/Aero/FanShroud_01/FanShroud_01
[LOG 11:58:23.756] Config(PART) SquadExpansion/Serenity/Parts/Aero/FanShroud_02/FanShroud_02
[LOG 11:58:23.756] Config(PART) SquadExpansion/Serenity/Parts/Aero/FanShroud_03/FanShroud_03
[LOG 11:58:23.756] Config(PART) SquadExpansion/Serenity/Parts/Aero/noseconeTiny/noseconeTiny
[LOG 11:58:23.756] Config(PART) SquadExpansion/Serenity/Parts/Aero/noseconeVS/noseconeVS
[LOG 11:58:23.756] Config(PART) SquadExpansion/Serenity/Parts/DeployedScience/centralStation/DeployedCentralStation
[LOG 11:58:23.756] Config(PART) SquadExpansion/Serenity/Parts/DeployedScience/gooObservation/DeployedGoExOb
[LOG 11:58:23.756] Config(PART) SquadExpansion/Serenity/Parts/DeployedScience/ionCollector/DeployedIONExp
[LOG 11:58:23.756] Config(PART) SquadExpansion/Serenity/Parts/DeployedScience/rtg/DeployedRTG
[LOG 11:58:23.756] Config(PART) SquadExpansion/Serenity/Parts/DeployedScience/satDish/DeployedSatDish
[LOG 11:58:23.756] Config(PART) SquadExpansion/Serenity/Parts/DeployedScience/seismicSensor/DeployedSeismicSensor
[LOG 11:58:23.756] Config(PART) SquadExpansion/Serenity/Parts/DeployedScience/solarPanel/DeployedSolarPanel
[LOG 11:58:23.756] Config(PART) SquadExpansion/Serenity/Parts/DeployedScience/weatherStation/DeployedWeatherStn
[LOG 11:58:23.756] Config(PART) SquadExpansion/Serenity/Parts/Prebuilt/kerbalEVA/kerbalEVA
[LOG 11:58:23.756] Config(PART) SquadExpansion/Serenity/Parts/Prebuilt/kerbalEVAfemale/kerbalEVAfemale
[LOG 11:58:23.756] Config(PART) SquadExpansion/Serenity/Parts/Prebuilt/kerbalEVAfemaleFuture/kerbalEVAfemaleFuture
[LOG 11:58:23.757] Config(PART) SquadExpansion/Serenity/Parts/Prebuilt/kerbalEVAfemaleVintage/kerbalEVAfemaleVintage
[LOG 11:58:23.757] Config(PART) SquadExpansion/Serenity/Parts/Prebuilt/kerbalEVAFuture/kerbalEVAFuture
[LOG 11:58:23.757] Config(PART) SquadExpansion/Serenity/Parts/Prebuilt/kerbalEVASlimSuit/kerbalEVASlimSuit
[LOG 11:58:23.757] Config(PART) SquadExpansion/Serenity/Parts/Prebuilt/kerbalEVASlimSuitFemale/kerbalEVASlimSuitFemale
[LOG 11:58:23.757] Config(PART) SquadExpansion/Serenity/Parts/Prebuilt/kerbalEVAVintage/kerbalEVAVintage
[LOG 11:58:23.757] Config(PART) SquadExpansion/Serenity/Parts/Propellers/largeFanBlade/largeFanBlade
[LOG 11:58:23.757] Config(PART) SquadExpansion/Serenity/Parts/Propellers/largeHeliBlade/largeHeliBlade
[LOG 11:58:23.757] Config(PART) SquadExpansion/Serenity/Parts/Propellers/largePropeller/largePropeller
[LOG 11:58:23.757] Config(PART) SquadExpansion/Serenity/Parts/Propellers/mediumFanBlade/mediumFanBlade
[LOG 11:58:23.757] Config(PART) SquadExpansion/Serenity/Parts/Propellers/mediumHeliBlade/mediumHeliBlade
[LOG 11:58:23.757] Config(PART) SquadExpansion/Serenity/Parts/Propellers/mediumPropeller/mediumPropeller
[LOG 11:58:23.757] Config(PART) SquadExpansion/Serenity/Parts/Propellers/smallFanBlade/smallFanBlade
[LOG 11:58:23.757] Config(PART) SquadExpansion/Serenity/Parts/Propellers/smallHeliBlade/smallHeliBlade
[LOG 11:58:23.757] Config(PART) SquadExpansion/Serenity/Parts/Propellers/smallPropeller/smallPropeller
[LOG 11:58:23.757] Config(PART) SquadExpansion/Serenity/Parts/Robotics/hinge_01/hinge_01
[LOG 11:58:23.757] Config(PART) SquadExpansion/Serenity/Parts/Robotics/hinge_01_s/hinge_01_s
[LOG 11:58:23.757] Config(PART) SquadExpansion/Serenity/Parts/Robotics/hinge_03/hinge_03
[LOG 11:58:23.757] Config(PART) SquadExpansion/Serenity/Parts/Robotics/hinge_03_s/hinge_03_s
[LOG 11:58:23.757] Config(PART) SquadExpansion/Serenity/Parts/Robotics/hinge_04/hinge_04
[LOG 11:58:23.757] Config(PART) SquadExpansion/Serenity/Parts/Robotics/piston_01/piston_01
[LOG 11:58:23.757] Config(PART) SquadExpansion/Serenity/Parts/Robotics/piston_02/piston_02
[LOG 11:58:23.757] Config(PART) SquadExpansion/Serenity/Parts/Robotics/piston_03/piston_03
[LOG 11:58:23.757] Config(PART) SquadExpansion/Serenity/Parts/Robotics/piston_04/piston_04
[LOG 11:58:23.757] Config(PART) SquadExpansion/Serenity/Parts/Robotics/RotorEngine_02/RotorEngine_02
[LOG 11:58:23.757] Config(PART) SquadExpansion/Serenity/Parts/Robotics/RotorEngine_03/RotorEngine_03
[LOG 11:58:23.757] Config(PART) SquadExpansion/Serenity/Parts/Robotics/rotor_01/rotor_01
[LOG 11:58:23.757] Config(PART) SquadExpansion/Serenity/Parts/Robotics/rotor_01s/rotor_01s
[LOG 11:58:23.757] Config(PART) SquadExpansion/Serenity/Parts/Robotics/rotor_02/rotor_02
[LOG 11:58:23.757] Config(PART) SquadExpansion/Serenity/Parts/Robotics/rotor_02s/rotor_02s
[LOG 11:58:23.757] Config(PART) SquadExpansion/Serenity/Parts/Robotics/rotor_03/rotor_03
[LOG 11:58:23.757] Config(PART) SquadExpansion/Serenity/Parts/Robotics/rotor_03s/rotor_03s
[LOG 11:58:23.757] Config(PART) SquadExpansion/Serenity/Parts/Robotics/rotoServo_00/rotoServo_00
[LOG 11:58:23.757] Config(PART) SquadExpansion/Serenity/Parts/Robotics/rotoServo_02/rotoServo_02
[LOG 11:58:23.757] Config(PART) SquadExpansion/Serenity/Parts/Robotics/rotoServo_03/rotoServo_03
[LOG 11:58:23.757] Config(PART) SquadExpansion/Serenity/Parts/Robotics/rotoServo_04/rotoServo_04
[LOG 11:58:23.757] Config(PART) SquadExpansion/Serenity/Parts/Robotics/Controllers/KAL1000/controller1000
[LOG 11:58:23.757] Config(PART) SquadExpansion/Serenity/Parts/Science/RobotArmScanner/RobotArmScanner_S1/RobotArmScanner_S1
[LOG 11:58:23.757] Config(PART) SquadExpansion/Serenity/Parts/Science/RobotArmScanner/RobotArmScanner_S2/RobotArmScanner_S2
[LOG 11:58:23.757] Config(PART) SquadExpansion/Serenity/Parts/Science/RobotArmScanner/RobotArmScanner_S3/RobotArmScanner_S3
[LOG 11:58:23.757] Config(PART) SquadExpansion/Serenity/Parts/Structural/gripPads/lGripPad/lGripPad
[LOG 11:58:23.757] Config(PART) SquadExpansion/Serenity/Parts/Structural/gripPads/lGripStrip/lGripStrip
[LOG 11:58:23.757] Config(PART) SquadExpansion/Serenity/Parts/Structural/gripPads/mGripPad/mGripPad
[LOG 11:58:23.757] Config(PART) SquadExpansion/Serenity/Parts/Structural/gripPads/sGripPad/sGripPad
[LOG 11:58:23.757] Config(PART) SquadExpansion/Serenity/Parts/Structural/gripPads/sGripStrip/sGripStrip
[LOG 11:58:23.757] Config(DEPLOYEDSCIENCE) SquadExpansion/Serenity/Resources/DeployedScience/DEPLOYEDSCIENCE
[LOG 11:58:23.757] Config(PHYSICMATERIAL_DEFINITION) SquadExpansion/Serenity/Resources/PhysicsMaterials/MediumGrip
[LOG 11:58:23.757] Config(PHYSICMATERIAL_DEFINITION) SquadExpansion/Serenity/Resources/PhysicsMaterials/HighGrip
[LOG 11:58:23.757] Config(PHYSICMATERIAL_DEFINITION) SquadExpansion/Serenity/Resources/PhysicsMaterials/ExtremeGrip
[LOG 11:58:23.757] Config(PHYSICMATERIAL_DEFINITION) SquadExpansion/Serenity/Resources/PhysicsMaterials/LowGrip
[LOG 11:58:23.757] Config(PHYSICMATERIAL_DEFINITION) SquadExpansion/Serenity/Resources/PhysicsMaterials/Default
[LOG 11:58:23.757] Config(ROC_DEFINITION) SquadExpansion/Serenity/Resources/rocsdef/ROC_DEFINITION
[LOG 11:58:23.757] Config(ROC_DEFINITION) SquadExpansion/Serenity/Resources/rocsdef/ROC_DEFINITION
[LOG 11:58:23.757] Config(ROC_DEFINITION) SquadExpansion/Serenity/Resources/rocsdef/ROC_DEFINITION
[LOG 11:58:23.757] Config(ROC_DEFINITION) SquadExpansion/Serenity/Resources/rocsdef/ROC_DEFINITION
[LOG 11:58:23.757] Config(ROC_DEFINITION) SquadExpansion/Serenity/Resources/rocsdef/ROC_DEFINITION
[LOG 11:58:23.757] Config(ROC_DEFINITION) SquadExpansion/Serenity/Resources/rocsdef/ROC_DEFINITION
[LOG 11:58:23.757] Config(ROC_DEFINITION) SquadExpansion/Serenity/Resources/rocsdef/ROC_DEFINITION
[LOG 11:58:23.757] Config(ROC_DEFINITION) SquadExpansion/Serenity/Resources/rocsdef/ROC_DEFINITION
[LOG 11:58:23.757] Config(ROC_DEFINITION) SquadExpansion/Serenity/Resources/rocsdef/ROC_DEFINITION
[LOG 11:58:23.757] Config(ROC_DEFINITION) SquadExpansion/Serenity/Resources/rocsdef/ROC_DEFINITION
[LOG 11:58:23.757] Config(ROC_DEFINITION) SquadExpansion/Serenity/Resources/rocsdef/ROC_DEFINITION
[LOG 11:58:23.757] Config(ROC_DEFINITION) SquadExpansion/Serenity/Resources/rocsdef/ROC_DEFINITION
[LOG 11:58:23.757] Config(ROC_DEFINITION) SquadExpansion/Serenity/Resources/rocsdef/ROC_DEFINITION
[LOG 11:58:23.757] Config(ROC_DEFINITION) SquadExpansion/Serenity/Resources/rocsdef/ROC_DEFINITION
[LOG 11:58:23.757] Config(ROC_DEFINITION) SquadExpansion/Serenity/Resources/rocsdef/ROC_DEFINITION
[LOG 11:58:23.757] Config(ROC_DEFINITION) SquadExpansion/Serenity/Resources/rocsdef/ROC_DEFINITION
[LOG 11:58:23.757] Config(ROC_DEFINITION) SquadExpansion/Serenity/Resources/rocsdef/ROC_DEFINITION
[LOG 11:58:23.757] Config(ROC_DEFINITION) SquadExpansion/Serenity/Resources/rocsdef/ROC_DEFINITION
[LOG 11:58:23.757] Config(ROC_DEFINITION) SquadExpansion/Serenity/Resources/rocsdef/ROC_DEFINITION
[LOG 11:58:23.757] Config(ROC_DEFINITION) SquadExpansion/Serenity/Resources/rocsdef/ROC_DEFINITION
[LOG 11:58:23.757] Config(ROC_DEFINITION) SquadExpansion/Serenity/Resources/rocsdef/ROC_DEFINITION
[LOG 11:58:23.758] Config(ROC_DEFINITION) SquadExpansion/Serenity/Resources/rocsdef/ROC_DEFINITION
[LOG 11:58:23.758] Config(ROC_DEFINITION) SquadExpansion/Serenity/Resources/rocsdef/ROC_DEFINITION
[LOG 11:58:23.758] Config(ROC_DEFINITION) SquadExpansion/Serenity/Resources/rocsdef/ROC_DEFINITION
[LOG 11:58:23.758] Config(ROC_DEFINITION) SquadExpansion/Serenity/Resources/rocsdef/ROC_DEFINITION
[LOG 11:58:23.758] Config(ROC_DEFINITION) SquadExpansion/Serenity/Resources/rocsdef/ROC_DEFINITION
[LOG 11:58:23.758] Config(ROC_DEFINITION) SquadExpansion/Serenity/Resources/rocsdef/ROC_DEFINITION
[LOG 11:58:23.758] Config(ROC_DEFINITION) SquadExpansion/Serenity/Resources/rocsdef/ROC_DEFINITION
[LOG 11:58:23.758] Config(ROC_DEFINITION) SquadExpansion/Serenity/Resources/rocsdef/ROC_DEFINITION
[LOG 11:58:23.758] Config(ROC_DEFINITION) SquadExpansion/Serenity/Resources/rocsdef/ROC_DEFINITION
[LOG 11:58:23.758] Config(ROC_DEFINITION) SquadExpansion/Serenity/Resources/rocsdef/ROC_DEFINITION
[LOG 11:58:23.758] Config(ROC_DEFINITION) SquadExpansion/Serenity/Resources/rocsdef/ROC_DEFINITION
[LOG 11:58:23.758] Config(ROC_DEFINITION) SquadExpansion/Serenity/Resources/rocsdef/ROC_DEFINITION
[LOG 11:58:23.758] Config(ROC_DEFINITION) SquadExpansion/Serenity/Resources/rocsdef/ROC_DEFINITION
[LOG 11:58:23.758] Config(EXPERIMENT_DEFINITION) SquadExpansion/Serenity/Resources/ScienceDefs/EXPERIMENT_DEFINITION
[LOG 11:58:23.758] Config(EXPERIMENT_DEFINITION) SquadExpansion/Serenity/Resources/ScienceDefs/EXPERIMENT_DEFINITION
[LOG 11:58:23.758] Config(EXPERIMENT_DEFINITION) SquadExpansion/Serenity/Resources/ScienceDefs/EXPERIMENT_DEFINITION
[LOG 11:58:23.758] Config(EXPERIMENT_DEFINITION) SquadExpansion/Serenity/Resources/ScienceDefs/EXPERIMENT_DEFINITION
[LOG 11:58:23.758] Config(EXPERIMENT_DEFINITION) SquadExpansion/Serenity/Resources/ScienceDefs/EXPERIMENT_DEFINITION
[LOG 11:58:23.758] Config(EXPERIMENT_DEFINITION) SquadExpansion/Serenity/Resources/ScienceDefs/EXPERIMENT_DEFINITION
[LOG 11:58:23.758] Config(EXPERIMENT_DEFINITION) SquadExpansion/Serenity/Resources/ScienceDefs/EXPERIMENT_DEFINITION
[LOG 11:58:23.758] Config(EXPERIMENT_DEFINITION) SquadExpansion/Serenity/Resources/ScienceDefs/EXPERIMENT_DEFINITION
[LOG 11:58:23.758] Config(EXPERIMENT_DEFINITION) SquadExpansion/Serenity/Resources/ScienceDefs/EXPERIMENT_DEFINITION
[LOG 11:58:23.758] Config(EXPERIMENT_DEFINITION) SquadExpansion/Serenity/Resources/ScienceDefs/EXPERIMENT_DEFINITION
[LOG 11:58:23.758] Config(EXPERIMENT_DEFINITION) SquadExpansion/Serenity/Resources/ScienceDefs/EXPERIMENT_DEFINITION
[LOG 11:58:23.758] Config(EXPERIMENT_DEFINITION) SquadExpansion/Serenity/Resources/ScienceDefs/EXPERIMENT_DEFINITION
[LOG 11:58:23.758] Config(EXPERIMENT_DEFINITION) SquadExpansion/Serenity/Resources/ScienceDefs/EXPERIMENT_DEFINITION
[LOG 11:58:23.758] Config(EXPERIMENT_DEFINITION) SquadExpansion/Serenity/Resources/ScienceDefs/EXPERIMENT_DEFINITION
[LOG 11:58:23.758] Config(EXPERIMENT_DEFINITION) SquadExpansion/Serenity/Resources/ScienceDefs/EXPERIMENT_DEFINITION
[LOG 11:58:23.758] Config(EXPERIMENT_DEFINITION) SquadExpansion/Serenity/Resources/ScienceDefs/EXPERIMENT_DEFINITION
[LOG 11:58:23.758] Config(EXPERIMENT_DEFINITION) SquadExpansion/Serenity/Resources/ScienceDefs/EXPERIMENT_DEFINITION
[LOG 11:58:23.758] Config(EXPERIMENT_DEFINITION) SquadExpansion/Serenity/Resources/ScienceDefs/EXPERIMENT_DEFINITION
[LOG 11:58:23.758] Config(EXPERIMENT_DEFINITION) SquadExpansion/Serenity/Resources/ScienceDefs/EXPERIMENT_DEFINITION
[LOG 11:58:23.758] Config(EXPERIMENT_DEFINITION) SquadExpansion/Serenity/Resources/ScienceDefs/EXPERIMENT_DEFINITION
[LOG 11:58:23.758] Config(EXPERIMENT_DEFINITION) SquadExpansion/Serenity/Resources/ScienceDefs/EXPERIMENT_DEFINITION
[LOG 11:58:23.758] Config(EXPERIMENT_DEFINITION) SquadExpansion/Serenity/Resources/ScienceDefs/EXPERIMENT_DEFINITION
[LOG 11:58:23.758] Config(EXPERIMENT_DEFINITION) SquadExpansion/Serenity/Resources/ScienceDefs/EXPERIMENT_DEFINITION
[LOG 11:58:23.758] Config(EXPERIMENT_DEFINITION) SquadExpansion/Serenity/Resources/ScienceDefs/EXPERIMENT_DEFINITION
[LOG 11:58:23.758] Config(EXPERIMENT_DEFINITION) SquadExpansion/Serenity/Resources/ScienceDefs/EXPERIMENT_DEFINITION
[LOG 11:58:23.758] Config(EXPERIMENT_DEFINITION) SquadExpansion/Serenity/Resources/ScienceDefs/EXPERIMENT_DEFINITION
[LOG 11:58:23.758] Config(EXPERIMENT_DEFINITION) SquadExpansion/Serenity/Resources/ScienceDefs/EXPERIMENT_DEFINITION
[LOG 11:58:23.758] Config(EXPERIMENT_DEFINITION) SquadExpansion/Serenity/Resources/ScienceDefs/EXPERIMENT_DEFINITION
[LOG 11:58:23.758] Config(EXPERIMENT_DEFINITION) SquadExpansion/Serenity/Resources/ScienceDefs/EXPERIMENT_DEFINITION
[LOG 11:58:23.758] Config(EXPERIMENT_DEFINITION) SquadExpansion/Serenity/Resources/ScienceDefs/EXPERIMENT_DEFINITION
[LOG 11:58:23.758] Config(EXPERIMENT_DEFINITION) SquadExpansion/Serenity/Resources/ScienceDefs/EXPERIMENT_DEFINITION
[LOG 11:58:23.758] Config(EXPERIMENT_DEFINITION) SquadExpansion/Serenity/Resources/ScienceDefs/EXPERIMENT_DEFINITION
[LOG 11:58:23.758] Config(EXPERIMENT_DEFINITION) SquadExpansion/Serenity/Resources/ScienceDefs/EXPERIMENT_DEFINITION
[LOG 11:58:23.758] Config(EXPERIMENT_DEFINITION) SquadExpansion/Serenity/Resources/ScienceDefs/EXPERIMENT_DEFINITION
[LOG 11:58:23.758] Config(EXPERIMENT_DEFINITION) SquadExpansion/Serenity/Resources/ScienceDefs/EXPERIMENT_DEFINITION
[LOG 11:58:23.758] Config(EXPERIMENT_DEFINITION) SquadExpansion/Serenity/Resources/ScienceDefs/EXPERIMENT_DEFINITION
[LOG 11:58:23.758] Config(EXPERIMENT_DEFINITION) SquadExpansion/Serenity/Resources/ScienceDefs/EXPERIMENT_DEFINITION
[LOG 11:58:23.758] Config(EXPERIMENT_DEFINITION) SquadExpansion/Serenity/Resources/ScienceDefs/EXPERIMENT_DEFINITION
[LOG 11:58:23.758] Config(STORY_DEF) SquadExpansion/Serenity/Resources/StoryDefs/STORY_DEF
[LOG 11:58:23.759] Compiling Configs Completed.
[LOG 11:58:23.761] Resource LiquidFuel added to database
[LOG 11:58:23.761] Resource Oxidizer added to database
[LOG 11:58:23.761] Resource SolidFuel added to database
[LOG 11:58:23.761] Resource MonoPropellant added to database
[LOG 11:58:23.761] Resource XenonGas added to database
[LOG 11:58:23.761] Resource ElectricCharge added to database
[LOG 11:58:23.761] Resource IntakeAir added to database
[LOG 11:58:23.761] Resource EVA Propellant added to database
[LOG 11:58:23.761] Resource Ore added to database
[LOG 11:58:23.761] Resource Ablator added to database
[LOG 11:58:23.763] Resource MediumGrip added to database
[LOG 11:58:23.763] Resource HighGrip added to database
[LOG 11:58:23.763] Resource ExtremeGrip added to database
[LOG 11:58:23.763] Resource LowGrip added to database
[LOG 11:58:23.763] Resource Default added to database
[LOG 11:58:23.763] CodeAssetLoader: Compiling all code assets
[LOG 11:58:23.766] ExperienceSystemConfig: Added Effect 'DeployedSciencePowerSkill' to Trait 'Ingénieur'
[LOG 11:58:23.766] ExperienceSystemConfig: Added Effect 'DeployedScienceExpSkill' to Trait 'Scientifique'
[LOG 11:58:23.770] ConfigNode[]
[LOG 11:58:23.771] GameDatabase: Assets loaded in 22.382s
[LOG 11:58:23.772] [ModuleManager] Waited 0.000s for patching to finish
[LOG 11:58:23.772] [ModuleManager] Applying patched game database
[LOG 11:58:23.773] [ModuleManager] Dumping ModuleManager log to main log
[LOG 11:58:23.774] [ModuleManager] 
#### BEGIN MODULEMANAGER LOG ####


[LOG 11:58:07.926] Log started at 2026-10-01 11:58:07.926
[LOG 11:58:09.607] Checking Cache
[LOG 11:58:09.876] SHA generated in 0.267s
[LOG 11:58:09.877]       SHA = 08-85-09-24-CD-9B-B8-71-A5-16-B8-57-1A-85-6D-31-BC-1C-27-CC-9B-F8-F4-68-E3-FF-69-B3-01-24-87-64
[LOG 11:58:09.893] Cache SHA = 08-85-09-24-CD-9B-B8-71-A5-16-B8-57-1A-85-6D-31-BC-1C-27-CC-9B-F8-F4-68-E3-FF-69-B3-01-24-87-64
[LOG 11:58:09.893] useCache = True
[LOG 11:58:09.893] Loading from Cache
[LOG 11:58:09.973] Cache Loaded
[LOG 11:58:09.974] Dumping patch log
[LOG 11:58:09.980] 
#### BEGIN PATCH LOG ####


[LOG 11:06:02.579] Log started at 2026-10-01 11:06:02.579
[LOG 11:06:02.579] Pre patch init
[LOG 11:06:02.708] compiling list of loaded mods...
Mod DLLs found:
  Name                                    Assembly Version         Assembly File Version    KSPAssembly Version      SHA256

  Assembly-CSharp                         0.0.0.0                  0.0.0.0                  1.12                     d9e42483f25ee80a9c11d6c1c0a0d29b4ec78c1e08d76c971b71580c9cce51e4
  ModuleManager                           4.2.3.0                  4.2.3.0                  2.5                      95847827ab293b9e82a19b7efb97ffea3e98cc03b181862536ac8eb572e30d7d
  0Harmony                                2.2.1.0                  2.2.1.0                                           19ce60ac3280f72ec1751d36a40cb7e2fece2934df8345969dc7feb83bd633e4
  HarmonyInstallChecker                   2.2.1.0                  2.2.1.0                  1.0                      f11e659e91a52c21c5bda78e52b82a7bdc246bcab6a999733af3c69a11a9dc0e
  0_MultipleModuleInPartAPI               1.0.0.0                  1.0.0.0                  1.0                      df4a22fb0535de7fa154ca234b50dd7c2fc6be879e4a877d9bad1f87bafafcbf
  KSPCommunityFixes                       1.41.0.0                 1.41.1.0                 1.41                     e08ebbec7ab34f4f7ff56d6e900051bb0d259a4bc092881d7db3ca2f9f2e9a11
  KSPSteamCtrlr                           0.0.1.35                 0.0.1.35                                          1675fa4fcb61d014eb1babe7eed703e7f76a1008537ee57ca7cec65cd9ff94ac
  TerrainPrecisionFixDiag2Mod             1.0.9763.17423           1.0.9763.17423                                    1d1bcbd98a1f9779b51c29b5524057ef49d2c8b8e41b0733316de17fd5984023
  TerrainPrecisionFixDiag3Mod             1.0.9763.25962           1.0.9763.25962                                    91cf53302441f313c3927328a3a84c11ed79745dcd41410598dda764e39bca7c
Non-DLL mods added (:FOR[xxx]):
Mods by directory (sub directories of GameData):
  000_Harmony
  Squad
  SquadExpansion
Mods added by assemblies:

[LOG 11:06:02.711] Extracting patches
[LOG 11:06:02.720] Deleting root node in file KSPCommunityFixes/MMPatches/ModSupport/FixDockingNodes node: @PART[*]:HAS[@MODULE[ModuleDockingNodeFixed]]:NEEDS[FixDockingNodes]:FINAL as it can't satisfy its NEEDS
[LOG 11:06:02.721] Deleting root node in file KSPCommunityFixes/MMPatches/ModSupport/KSPRecall node: @KSP_COMMUNITY_FIXES:NEEDS[AttachedOnEditor] as it can't satisfy its NEEDS
[LOG 11:06:02.721] Deleting root node in file KSPCommunityFixes/MMPatches/ModSupport/UniversalStorage node: @KSP_COMMUNITY_FIXES:NEEDS[UniversalStorage2] as it can't satisfy its NEEDS
[LOG 11:06:02.789] Applying patches
[LOG 11:06:02.790] :INSERT (initial) pass
[LOG 11:06:02.833] :FIRST pass
[LOG 11:06:02.838] Applying update KSPCommunityFixes/MMPatches/StockTweaks/LadderToggleableLight/@PART[telescopicLadderBay]:FIRST to Squad/Parts/Utility/ladderTelescopicBay/ladderTelescopicBay.cfg/PART[telescopicLadderBay]
[LOG 11:06:02.852] Applying update KSPCommunityFixes/MMPatches/StockTweaks/LadderToggleableLight/@PART[telescopicLadderBay]:HAS[#LadderToggleableLight[?rue]]:FIRST to Squad/Parts/Utility/ladderTelescopicBay/ladderTelescopicBay.cfg/PART[telescopicLadderBay]
[LOG 11:06:02.853] Applying update KSPCommunityFixes/MMPatches/StockTweaks/LadderToggleableLight/@PART[telescopicLadderBay]:HAS[#LadderToggleableLight]:FIRST to Squad/Parts/Utility/ladderTelescopicBay/ladderTelescopicBay.cfg/PART[telescopicLadderBay]
[LOG 11:06:02.853] Applying update KSPCommunityFixes/MMPatches/StockTweaks/LandingGearLights/@PART[GearSmall]:FIRST to Squad/Parts/Wheel/LandingGear/GearMedium.cfg/PART[GearSmall]
[LOG 11:06:02.855] Applying update KSPCommunityFixes/MMPatches/StockTweaks/LandingGearLights/@PART[SmallGearBay]:FIRST to Squad/Parts/Wheel/LandingGear/GearSmall.cfg/PART[SmallGearBay]
[LOG 11:06:02.856] :LEGACY (default) pass
[LOG 11:06:02.858] :BEFORE[0_MULTIPLEMODULEINPARTAPI] pass
[LOG 11:06:02.858] :FOR[0_MULTIPLEMODULEINPARTAPI] pass
[LOG 11:06:02.858] :AFTER[0_MULTIPLEMODULEINPARTAPI] pass
[LOG 11:06:02.858] :BEFORE[000_HARMONY] pass
[LOG 11:06:02.858] :FOR[000_HARMONY] pass
[LOG 11:06:02.858] :AFTER[000_HARMONY] pass
[LOG 11:06:02.858] :BEFORE[0HARMONY] pass
[LOG 11:06:02.858] :FOR[0HARMONY] pass
[LOG 11:06:02.858] :AFTER[0HARMONY] pass
[LOG 11:06:02.858] :BEFORE[ASSEMBLY-CSHARP] pass
[LOG 11:06:02.858] :FOR[ASSEMBLY-CSHARP] pass
[LOG 11:06:02.858] :AFTER[ASSEMBLY-CSHARP] pass
[LOG 11:06:02.858] :BEFORE[HARMONYINSTALLCHECKER] pass
[LOG 11:06:02.858] :FOR[HARMONYINSTALLCHECKER] pass
[LOG 11:06:02.858] :AFTER[HARMONYINSTALLCHECKER] pass
[LOG 11:06:02.858] :BEFORE[KSPCOMMUNITYFIXES] pass
[LOG 11:06:02.858] :FOR[KSPCOMMUNITYFIXES] pass
[LOG 11:06:02.858] Applying update KSPCommunityFixes/MMPatches/StockTweaks/ManufacturerFixes/@PART[sasModule]:FOR[KSPCommunityFixes] to Squad/Parts/Command/inlineReactionWheel/inlineReactionWheel.cfg/PART[sasModule]
[LOG 11:06:02.859] Applying update KSPCommunityFixes/MMPatches/StockTweaks/ManufacturerFixes/@PART[xenonTankRadial]:FOR[KSPCommunityFixes] to Squad/Parts/FuelTank/xenonTankRadial/xenonTankRadial.cfg/PART[xenonTankRadial]
[LOG 11:06:02.859] Applying update KSPCommunityFixes/MMPatches/StockTweaks/ManufacturerFixes/@PART[winglet|fireworksLauncherSmall|fireworksLauncherBig]:FOR[KSPCommunityFixes] to Squad/Parts/Aero/wingletAV-T1/wingletAV-T1.cfg/PART[winglet]
[LOG 11:06:02.860] Applying update KSPCommunityFixes/MMPatches/StockTweaks/ManufacturerFixes/@PART[winglet|fireworksLauncherSmall|fireworksLauncherBig]:FOR[KSPCommunityFixes] to Squad/Parts/Utility/Fireworks/fireworksLauncherBig.cfg/PART[fireworksLauncherBig]
[LOG 11:06:02.860] Applying update KSPCommunityFixes/MMPatches/StockTweaks/ManufacturerFixes/@PART[winglet|fireworksLauncherSmall|fireworksLauncherBig]:FOR[KSPCommunityFixes] to Squad/Parts/Utility/Fireworks/fireworksLauncherSmall.cfg/PART[fireworksLauncherSmall]
[LOG 11:06:02.860] Applying update KSPCommunityFixes/MMPatches/StockTweaks/ManufacturerFixes/@PART[solidBooster_sm_v2|solidBooster_v2]:FOR[KSPCommunityFixes] to Squad/Parts/Engine/Size1_SRBs/solidBoosterRT-10_v2.cfg/PART[solidBooster_v2]
[LOG 11:06:02.860] Applying update KSPCommunityFixes/MMPatches/StockTweaks/ManufacturerFixes/@PART[solidBooster_sm_v2|solidBooster_v2]:FOR[KSPCommunityFixes] to Squad/Parts/Engine/Size1_SRBs/solidBoosterRT-5_v2.cfg/PART[solidBooster_sm_v2]
[LOG 11:06:02.861] Applying update KSPCommunityFixes/MMPatches/StockTweaks/ManufacturerFixes/@PART[ServiceBay_125_v2|ServiceBay_250_v2]:FOR[KSPCommunityFixes] to Squad/Parts/Utility/ServiceBay_v2/ServiceBay_125_v2.cfg/PART[ServiceBay_125_v2]
[LOG 11:06:02.861] Applying update KSPCommunityFixes/MMPatches/StockTweaks/ManufacturerFixes/@PART[ServiceBay_125_v2|ServiceBay_250_v2]:FOR[KSPCommunityFixes] to Squad/Parts/Utility/ServiceBay_v2/ServiceBay_250_v2.cfg/PART[ServiceBay_250_v2]
[LOG 11:06:02.862] Applying update KSPCommunityFixes/MMPatches/StockTweaks/ManufacturerFixes/@PART[externalTankCapsule]:FOR[KSPCommunityFixes] to Squad/Parts/FuelTank/FoilTanks/RadialTank_Capsule.cfg/PART[externalTankCapsule]
[LOG 11:06:02.862] Applying update KSPCommunityFixes/MMPatches/StockTweaks/ManufacturerFixes/@PART[RCSFuelTank|rcsTankMini|RCSTank1-2]:FOR[KSPCommunityFixes] to Squad/Parts/FuelTank/RCSFuelTankR1/RCSFuelTankR1.cfg/PART[RCSTank1-2]
[LOG 11:06:02.862] Applying update KSPCommunityFixes/MMPatches/StockTweaks/ManufacturerFixes/@PART[RCSFuelTank|rcsTankMini|RCSTank1-2]:FOR[KSPCommunityFixes] to Squad/Parts/FuelTank/RCSFuelTankR10/RCSFuelTankR10.cfg/PART[rcsTankMini]
[LOG 11:06:02.862] Applying update KSPCommunityFixes/MMPatches/StockTweaks/ManufacturerFixes/@PART[RCSFuelTank|rcsTankMini|RCSTank1-2]:FOR[KSPCommunityFixes] to Squad/Parts/FuelTank/RCSFuelTankR25/RCSFuelTankR25.cfg/PART[RCSFuelTank]
[LOG 11:06:02.863] Applying update KSPCommunityFixes/MMPatches/StockTweaks/ManufacturerFixes/@PART[landerCabinSmall]:FOR[KSPCommunityFixes] to Squad/Parts/Command/mk1LanderCan/mk1LanderCan.cfg/PART[landerCabinSmall]
[LOG 11:06:02.863] Applying update KSPCommunityFixes/MMPatches/StockTweaks/ManufacturerFixes/@PART[dockingPortLateral]:FOR[KSPCommunityFixes] to Squad/Parts/Utility/dockingPortInline/dockingPortInline.cfg/PART[dockingPortLateral]
[LOG 11:06:02.863] Applying update KSPCommunityFixes/MMPatches/StockTweaks/ManufacturerFixes/@PART[EnginePlate4]:FOR[KSPCommunityFixes]:NEEDS[SquadExpansion/MakingHistory] to SquadExpansion/MakingHistory/Parts/Coupling/EnginePlate_4.cfg/PART[EnginePlate4]
[LOG 11:06:02.864] Applying update KSPCommunityFixes/MMPatches/StockTweaks/ManufacturerFixes/@PART[Mk2Pod]:FOR[KSPCommunityFixes]:NEEDS[SquadExpansion/MakingHistory] to SquadExpansion/MakingHistory/Parts/Pods/Mk2Pod.cfg/PART[Mk2Pod]
[LOG 11:06:02.864] Applying update KSPCommunityFixes/MMPatches/StockTweaks/ManufacturerFixes/@PART[evaChute|parachuteSingle|parachuteRadial|radialDrogue|parachuteLarge|parachuteDrogue]:FOR[KSPCommunityFixes] to Squad/Parts/Cargo/Parachute/Parachute.cfg/PART[evaChute]
[LOG 11:06:02.865] Applying update KSPCommunityFixes/MMPatches/StockTweaks/ManufacturerFixes/@PART[evaChute|parachuteSingle|parachuteRadial|radialDrogue|parachuteLarge|parachuteDrogue]:FOR[KSPCommunityFixes] to Squad/Parts/Utility/parachuteMk1/parachuteMk1.cfg/PART[parachuteSingle]
[LOG 11:06:02.865] Applying update KSPCommunityFixes/MMPatches/StockTweaks/ManufacturerFixes/@PART[evaChute|parachuteSingle|parachuteRadial|radialDrogue|parachuteLarge|parachuteDrogue]:FOR[KSPCommunityFixes] to Squad/Parts/Utility/parachuteMk12-R/parachuteMk12-R.cfg/PART[radialDrogue]
[LOG 11:06:02.865] Applying update KSPCommunityFixes/MMPatches/StockTweaks/ManufacturerFixes/@PART[evaChute|parachuteSingle|parachuteRadial|radialDrogue|parachuteLarge|parachuteDrogue]:FOR[KSPCommunityFixes] to Squad/Parts/Utility/parachuteMk16-XL/parachuteMk16-XL.cfg/PART[parachuteLarge]
[LOG 11:06:02.865] Applying update KSPCommunityFixes/MMPatches/StockTweaks/ManufacturerFixes/@PART[evaChute|parachuteSingle|parachuteRadial|radialDrogue|parachuteLarge|parachuteDrogue]:FOR[KSPCommunityFixes] to Squad/Parts/Utility/parachuteMk2-R/parachuteMk2-R.cfg/PART[parachuteRadial]
[LOG 11:06:02.865] Applying update KSPCommunityFixes/MMPatches/StockTweaks/ManufacturerFixes/@PART[evaChute|parachuteSingle|parachuteRadial|radialDrogue|parachuteLarge|parachuteDrogue]:FOR[KSPCommunityFixes] to Squad/Parts/Utility/parachuteMk25/parachuteMk25.cfg/PART[parachuteDrogue]
[LOG 11:06:02.866] Applying update KSPCommunityFixes/MMPatches/StockTweaks/ManufacturerFixes/@PART[stackPoint1|dockingPort1|dockingPort2|dockingPort3|dockingPortLarge]:FOR[KSPCommunityFixes] to Squad/Parts/Utility/dockingPort/dockingPort.cfg/PART[dockingPort2]
[LOG 11:06:02.866] Applying update KSPCommunityFixes/MMPatches/StockTweaks/ManufacturerFixes/@PART[stackPoint1|dockingPort1|dockingPort2|dockingPort3|dockingPortLarge]:FOR[KSPCommunityFixes] to Squad/Parts/Utility/dockingPortJr/dockingPortJr.cfg/PART[dockingPort3]
[LOG 11:06:02.866] Applying update KSPCommunityFixes/MMPatches/StockTweaks/ManufacturerFixes/@PART[stackPoint1|dockingPort1|dockingPort2|dockingPort3|dockingPortLarge]:FOR[KSPCommunityFixes] to Squad/Parts/Utility/dockingPortShielded/dockingPortShielded.cfg/PART[dockingPort1]
[LOG 11:06:02.866] Applying update KSPCommunityFixes/MMPatches/StockTweaks/ManufacturerFixes/@PART[stackPoint1|dockingPort1|dockingPort2|dockingPort3|dockingPortLarge]:FOR[KSPCommunityFixes] to Squad/Parts/Utility/dockingPortSr/dockingPortSr.cfg/PART[dockingPortLarge]
[LOG 11:06:02.866] Applying update KSPCommunityFixes/MMPatches/StockTweaks/ManufacturerFixes/@PART[stackPoint1|dockingPort1|dockingPort2|dockingPort3|dockingPortLarge]:FOR[KSPCommunityFixes] to Squad/Parts/Utility/radialAttachmentPoint/radialAttachmentPoint.cfg/PART[stackPoint1]
[LOG 11:06:02.867] :AFTER[KSPCOMMUNITYFIXES] pass
[LOG 11:06:02.867] :BEFORE[KSPSTEAMCTRLR] pass
[LOG 11:06:02.867] :FOR[KSPSTEAMCTRLR] pass
[LOG 11:06:02.867] :AFTER[KSPSTEAMCTRLR] pass
[LOG 11:06:02.867] :BEFORE[MODULEMANAGER] pass
[LOG 11:06:02.867] :FOR[MODULEMANAGER] pass
[LOG 11:06:02.867] :AFTER[MODULEMANAGER] pass
[LOG 11:06:02.867] :BEFORE[SQUAD] pass
[LOG 11:06:02.867] :FOR[SQUAD] pass
[LOG 11:06:02.867] :AFTER[SQUAD] pass
[LOG 11:06:02.867] :BEFORE[SQUADEXPANSION] pass
[LOG 11:06:02.867] :FOR[SQUADEXPANSION] pass
[LOG 11:06:02.867] :AFTER[SQUADEXPANSION] pass
[LOG 11:06:02.867] :BEFORE[TERRAINPRECISIONFIXDIAG2MOD] pass
[LOG 11:06:02.867] :FOR[TERRAINPRECISIONFIXDIAG2MOD] pass
[LOG 11:06:02.867] :AFTER[TERRAINPRECISIONFIXDIAG2MOD] pass
[LOG 11:06:02.867] :BEFORE[TERRAINPRECISIONFIXDIAG3MOD] pass
[LOG 11:06:02.867] :FOR[TERRAINPRECISIONFIXDIAG3MOD] pass
[LOG 11:06:02.867] :AFTER[TERRAINPRECISIONFIXDIAG3MOD] pass
[LOG 11:06:02.868] :LAST[999_KSP-RECALL] pass
[LOG 11:06:02.888] :FINAL pass
[LOG 11:06:02.888] Done patching
[LOG 11:06:02.888] Saving Cache
[LOG 11:06:03.032] Done!



#### END PATCH LOG ####
[LOG 11:58:10.161] ModuleManager: 33 patches loaded from cache

[LOG 11:58:10.161] Ran in 0.553s
[LOG 11:58:10.200] Done!



#### END MODULEMANAGER LOG ####
[LOG 11:58:23.775] [ModuleManager] Running tests...
[LOG 11:58:23.776] [ModuleManager] tests complete.
[LOG 11:58:23.778] [ModuleManager] Reloading resources definitions
[LOG 11:58:23.778] Resource LiquidFuel added to database
[LOG 11:58:23.778] Resource Oxidizer added to database
[LOG 11:58:23.778] Resource SolidFuel added to database
[LOG 11:58:23.778] Resource MonoPropellant added to database
[LOG 11:58:23.778] Resource XenonGas added to database
[LOG 11:58:23.778] Resource ElectricCharge added to database
[LOG 11:58:23.778] Resource IntakeAir added to database
[LOG 11:58:23.778] Resource EVA Propellant added to database
[LOG 11:58:23.778] Resource Ore added to database
[LOG 11:58:23.778] Resource Ablator added to database
[LOG 11:58:23.778] [ModuleManager] Reloading Trait configs
[LOG 11:58:23.779] ExperienceSystemConfig: Added Effect 'DeployedSciencePowerSkill' to Trait 'Ingénieur'
[LOG 11:58:23.779] ExperienceSystemConfig: Added Effect 'DeployedScienceExpSkill' to Trait 'Scientifique'
[LOG 11:58:23.779] [ModuleManager] Reloading Part Upgrades
[LOG 11:58:23.779] [ModuleManager] Setting modded physics as the active one
[LOG 11:58:23.788] PhysicsGlobals: Loading database
[LOG 11:58:23.788] [ModuleManager] Running post patch callbacks
[LOG 11:58:23.796] [KSPCommunityFixes] Patch AutoStrutDrift applied.
[LOG 11:58:23.799] [KSPCommunityFixes] Patch EditorAnimatedPartsShipModified applied.
[LOG 11:58:23.804] [KSPCommunityFixes] Patch DragCubeLoadException applied.
[LOG 11:58:23.807] [KSPCommunityFixes] Patch DoubleCurvePreserveTangents applied.
[LOG 11:58:23.840] [KSPCommunityFixes] Patch DockingPortRotationDriftAndFixes applied.
[LOG 11:58:23.880] [KSPCommunityFixes] Patch DockingPortConserveMomentum applied.
[LOG 11:58:23.884] [KSPCommunityFixes] Patch DebugConsoleDontStealInput applied.
[LOG 11:58:23.887] [KSPCommunityFixes] Patch CorrectDragForFlags applied.
[LOG 11:58:23.888] [KSPCommunityFixes] Patch CometMiningNotRemovingMass applied.
[LOG 11:58:23.892] [KSPCommunityFixes] Patch ChutePhantomSymmetry applied.
[LOG 11:58:23.893] [KSPCommunityFixes] Patch CometSpawnerUniqueFlightId applied.
[LOG 11:58:23.895] [KSPCommunityFixes] Patch AsteroidSpawnerUniqueFlightId applied.
[LOG 11:58:23.895] [KSPCommunityFixes] Patch AsteroidInfiniteMining applied.
[LOG 11:58:23.915] [KSPCommunityFixes] Patch PersistentIConfigNode applied.
[LOG 11:58:23.915] [KSPCommunityFixes] Patch OnSymmetryFieldChanged not applied (not enabled in Settings.cfg)
[LOG 11:58:23.915] [KSPCommunityFixes] Patch ModUpgradePipeline not applied (not enabled in Settings.cfg)
[LOG 11:58:23.915] [KSPCommunityFixes] Patch KSPFieldEnumDesc not applied (not enabled in Settings.cfg)
[LOG 11:58:23.916] [KSPCommunityFixes] Patch EventProfilerMarkers not applied (not enabled in Settings.cfg)
[LOG 11:58:23.916] [KSPCommunityFixes] Patch DockingPortLockedEvents not applied (not enabled in Settings.cfg)
[LOG 11:58:23.918] [KSPCommunityFixes] Patch DepartmentHeadImage applied.
[LOG 11:58:23.927] [KSPCommunityFixes] Patch BaseFieldListUseFieldHost applied.
[LOG 11:58:23.946] [KSPCommunityFixes] Patch ResourceConverterPerf applied.
[LOG 11:58:23.951] [KSPCommunityFixes] Patch ProgressTrackingSpeedBoost applied.
[LOG 11:58:23.954] [KSPCommunityFixes] Patch PQSUpdateNoMemoryAlloc applied.
[LOG 11:58:23.954] [KSPCommunityFixes] Patch PQSOnlyStartOnce not applied (not enabled in Settings.cfg)
[LOG 11:58:23.962] [KSPCommunityFixes] Patch PQSCoroutineLeak applied.
[LOG 11:58:23.986] [KSPCommunityFixes] Patch PartSystemsFastUpdate applied.
[LOG 11:58:24.001] [KSPCommunityFixes] Patch PartParsingPerf applied.
[LOG 11:58:24.004] [KSPCommunityFixes] Patch EnginePlateAirstreamShieldedTopPart applied.
[LOG 11:58:24.014] [KSPCommunityFixes] Patch EVAConstructionMass applied.
[LOG 11:58:24.019] [KSPCommunityFixes] Patch EVAConstructionUninitializedInventory applied.
[LOG 11:58:24.022] [KSPCommunityFixes] Patch EVAKerbalRecovery applied.
[LOG 11:58:24.029] [KSPCommunityFixes] Patch TimeWarpOrbitShift applied.
[LOG 11:58:24.031] [KSPCommunityFixes] Patch TimeWarpBodyCollision applied.
[LOG 11:58:24.040] [KSPCommunityFixes] Patch ThumbnailSpotlight applied.
[LOG 11:58:24.043] [KSPCommunityFixes] Patch SymmetryReferenceOnDelete applied.
[LOG 11:58:24.043] [KSPCommunityFixes] Patch StrategyDuration not applied (not enabled in Settings.cfg)
[LOG 11:58:24.045] [KSPCommunityFixes] Patch StockAlarmDescPreserveLineBreak applied.
[LOG 11:58:24.064] [KSPCommunityFixes] Patch StickySplashedFixer applied.
[LOG 11:58:24.069] [KSPCommunityFixes] Patch ScatterDistribution applied.
[LOG 11:58:24.088] [KSPCommunityFixes] Patch RoboticsDrift applied.
[LOG 11:58:24.090] [KSPCommunityFixes] Patch RestoreMaxPhysicsDT applied.
[LOG 11:58:24.104] [KSPCommunityFixes] Patch RespawnDeadKerbals applied.
[LOG 11:58:24.107] [KSPCommunityFixes] Patch RescaledRoboticParts applied.
[LOG 11:58:24.109] [KSPCommunityFixes] Patch ReRootPreserveSurfaceAttach applied.
[LOG 11:58:24.123] [KSPCommunityFixes] Patch OptimizedModuleRaycasts applied.
[LOG 11:58:24.130] GetSubclassesOfParentClass: Found 1 types with ModuleInventoryPart parent in 9 assemblies.
[LOG 11:58:24.134] [KSPCommunityFixes] Patch RefundingOnRecovery applied.
[LOG 11:58:24.134] [KSPCommunityFixes] Patch PatchedConicEncounterFlickering applied.
[LOG 11:58:24.143] [KSPCommunityFixes] Patch PartListTooltipIconSpin applied.
[LOG 11:58:24.146] [KSPCommunityFixes] Patch PackedPartsRotation applied.
[LOG 11:58:24.159] [KSPCommunityFixes] Patch ModulePartVariantsNodePersistence applied.
[LOG 11:58:24.161] [KSPCommunityFixes] Patch ModuleAnimateGenericCrewModSpawnIVA applied.
[LOG 11:58:24.162] [KSPCommunityFixes] Patch ModuleActiveRadiatorNoParentException applied.
[LOG 11:58:24.166] [KSPCommunityFixes] Patch MapTargetBodyWithEncounter applied.
[LOG 11:58:24.169] [KSPCommunityFixes] Patch LostSoundAfterSceneSwitch applied.
[LOG 11:58:24.177] [KSPCommunityFixes] Patch LadderToggleableLight applied.
[LOG 11:58:24.188] [KSPCommunityFixes] Patch InventoryPartMass applied.
[LOG 11:58:24.193] [KSPCommunityFixes] Patch HarvesterECConsumption applied.
[LOG 11:58:24.194] [KSPCommunityFixes] Patch FixGetUnivseralTime applied.
[LOG 11:58:24.202] [KSPCommunityFixes] Patch ExtendedDeployableParts applied.
[LOG 11:58:24.204] [KSPCommunityFixes] Patch PropellantFlowDescription applied.
[LOG 11:58:24.220] [KSPCommunityFixes] Patch OptimisedVectorLines applied.
[LOG 11:58:24.226] [KSPCommunityFixes] Patch ModuleDockingNodeFindOtherNodesFaster applied.
[LOG 11:58:24.228] [KSPCommunityFixes] Patch ModuleColorChangerOptimization applied.
[LOG 11:58:24.233] [KSPCommunityFixes] Patch AutoSavedCraftNameAtLaunch applied.
[LOG 11:58:24.249] [KSPCommunityFixes] Patch PAWCollapsedInventories applied.
[LOG 11:58:24.252] [KSPCommunityFixes] Patch UIFloatEditNumericInput applied.
[LOG 11:58:24.270] [KSPCommunityFixes] Patch PAWStockGroups applied.
[LOG 11:58:24.278] [KSPCommunityFixes] Patch AltimeterHorizontalPosition applied.
[LOG 11:58:24.296] [KSPCommunityFixes] Patch SceneLoadSpeedBoost applied.
[LOG 11:58:24.330] [KSPCommunityFixes] Patch OnDemandPartBuoyancy applied.
[LOG 11:58:24.332] [KSPCommunityFixes] Patch ForceSyncSceneSwitch applied.
[LOG 11:58:24.332] [KSPCommunityFixes] Patch FewerSaves not applied (not enabled in Settings.cfg)
[LOG 11:58:24.333] [KSPCommunityFixes] Patch WheelInertiaLimit applied.
[LOG 11:58:24.333] [KSPCommunityFixes] Patch StockAlarmCustomFormatterDate isn't applicable to this KSP version.
[LOG 11:58:24.338] [KSPCommunityFixes] Patch ROCValidationOOR applied.
[LOG 11:58:24.341] [KSPCommunityFixes] Patch ZeroCostTechNodes applied.
[LOG 11:58:24.342] [KSPCommunityFixes] Patch ReactionWheelsPotentialTorque applied.
[LOG 11:58:24.347] [KSPCommunityFixes] Patch PAWGroupMemory applied.
[LOG 11:58:24.383] [KSPCommunityFixes] Patch PartStartStability applied.
[LOG 11:58:24.389] [KSPCommunityFixes] Patch PartBoundsIgnoreDisabledTransforms applied.
[LOG 11:58:24.419] [KSPCommunityFixes] Patch ModuleIndexingMismatch applied.
[LOG 11:58:24.424] [KSPCommunityFixes] Patch MapSOCorrectWrapping applied.
[LOG 11:58:24.424] [KSPCommunityFixes] Patch KerbalTooltipMaxSustainedG applied.
[LOG 11:58:24.427] [KSPCommunityFixes] Patch KerbalInventoryPersistence applied.
[LOG 11:58:24.427] [KSPCommunityFixes] Patch FlightSceneLoadKraken not applied (not enabled in Settings.cfg)
[LOG 11:58:24.430] [KSPCommunityFixes] Patch FIUpdateRadiation applied.
[LOG 11:58:24.431] [KSPCommunityFixes] Patch FastAndFixedEnumExtensions applied.
[LOG 11:58:24.472] [KSPCommunityFixes] Patch DeltaVHideWhenDisabled applied.
[LOG 11:58:24.475] [KSPCommunityFixes] Patch BlockMapViewPartClick applied.
[LOG 11:58:24.478] [KSPCommunityFixes] Patch PAWItemsOrder applied.
[LOG 11:58:24.520] [KSPCommunityFixes] Patch BetterEditorUndoRedo applied.
[LOG 11:58:24.528] [KSPCommunityFixes] Patch AutostrutActions applied.
[LOG 11:58:24.528] [KSPCommunityFixes] Patch DisableNewGameIntro not applied (not enabled in Settings.cfg)
[LOG 11:58:24.555] [KSPCommunityFixes] Patch MinorPerfTweaks applied.
[LOG 11:58:24.622] [KSPCommunityFixes] Patch MemoryLeaks applied.
[LOG 11:58:24.627] [KSPCommunityFixes] Patch LowerMinPhysicsDTPerFrame applied.
[LOG 11:58:24.630] [KSPCommunityFixes] Patch LocalizerPerf applied.
[LOG 11:58:24.631] [KSPCommunityFixes] Patch IMGUIOptimization applied.
[LOG 11:58:24.645] [KSPCommunityFixes] Patch FloatingOriginPerf applied.
[LOG 11:58:24.687] [KSPCommunityFixes] Patch FlightIntegratorPerf applied.
[LOG 11:58:24.691] [KSPCommunityFixes] Patch FasterPartFindTransform applied.
[LOG 11:58:24.701] [KSPCommunityFixes] Patch FasterEditorPartList applied.
[LOG 11:58:24.703] [KSPCommunityFixes] Patch ExpansionBundlePreload applied.
[LOG 11:58:24.712] [KSPCommunityFixes] Patch DragCubeGeneration applied.
[LOG 11:58:24.715] [KSPCommunityFixes] Patch DisableMapUpdateInFlight applied.
[LOG 11:58:24.716] [KSPCommunityFixes] Patch DisableHiddenPortraits applied.
[LOG 11:58:24.717] [KSPCommunityFixes] Patch DisableManeuverTool applied.
[LOG 11:58:24.746] [KSPCommunityFixes] Patch CraftBrowserOptimisations applied.
[LOG 11:58:24.749] [KSPCommunityFixes] Patch CommNetThrottling applied.
[LOG 11:58:24.754] [KSPCommunityFixes] Patch FairingMouseOverPersistence applied.
[LOG 11:58:24.770] [KSPCommunityFixes] Patch OptionalMakingHistoryDLCFeatures applied.
[LOG 11:58:24.789] [KSPCommunityFixes] Patch ResourceLockActions applied.
[LOG 11:58:24.798] [KSPCommunityFixes] Patch ShowContractFinishDates applied.
[LOG 11:58:24.806] [KSPCommunityFixes] Patch TargetParentBody applied.
[LOG 11:58:24.820] [KSPCommunityFixes] Patch ToolbarShowHide applied.
[LOG 11:58:24.822] [KSPCommunityFixes] Patch ContractProgressEnumCache applied.
[LOG 11:58:24.829] [KSPCommunityFixes] Patch ActiveRadiatorPerf applied.
[LOG 11:58:24.833] [KSPCommunityFixes] Patch CargoBayPerf applied.
[LOG 11:58:24.840] [KSPCommunityFixes] Patch CollisionEnhancerFastUpdate applied.
[LOG 11:58:24.843] [KSPCommunityFixes] Patch CollisionManagerFastUpdate applied.
[LOG 11:58:24.847] [KSPCommunityFixes] Patch AsteroidAndCometDrillCache applied.
[LOG 11:58:24.856] [KSPCommunityFixes] Patch TweakableWheelsAutostrut applied.
[LOG 11:58:24.877] [KSPCommunityFixes] Patch PatchSettings applied.
[LOG 11:58:24.920] [KSPCommunityFixes] Patch UpgradeBugs applied.
[LOG 11:58:24.920] [KSPCommunityFixes] Patch PartTooltipUpgradesApplyToSubstituteParts not applied (not enabled in Settings.cfg)
[LOG 11:58:24.978] [ModuleManager] Calling ConfigNodePerf.ModuleManagerPostLoad()
[LOG 11:58:24.979] [ModuleManager] Post patch ran in 1.207s
[LOG 11:58:25.006] PartLoader: Loading part database
[LOG 11:58:25.007] PartLoader: Compiling Part 'Squad/Parts/Aero/aerodynamicNoseCone/aerodynamicNoseCone/noseCone'
[LOG 11:58:25.025] EffectList: Created 15 effect types
[LOG 11:58:25.096] PartLoader: Compiling Part 'Squad/Parts/Aero/airbrake/Airbrake/airbrake1'
[LOG 11:58:25.135] PartLoader: Compiling Part 'Squad/Parts/Aero/airIntakeRadialXM-G50/airIntakeRadialXM-G50/airScoop'
[LOG 11:58:25.172] PartLoader: Compiling Part 'Squad/Parts/Aero/airlinerWings/ControlSurface/airlinerCtrlSrf'
[LOG 11:58:25.180] PartLoader: Compiling Part 'Squad/Parts/Aero/airlinerWings/MainWing/airlinerMainWing'
[LOG 11:58:25.183] PartLoader: Compiling Part 'Squad/Parts/Aero/airlinerWings/TailFin/airlinerTailFin'
[LOG 11:58:25.187] PartLoader: Compiling Part 'Squad/Parts/Aero/airplaneFins/advancedCanard/AdvancedCanard'
[LOG 11:58:25.191] PartLoader: Compiling Part 'Squad/Parts/Aero/airplaneFins/standardCanard/CanardController'
[LOG 11:58:25.193] PartLoader: Compiling Part 'Squad/Parts/Aero/airplaneFins/sweptWing/sweptWing'
[LOG 11:58:25.195] PartLoader: Compiling Part 'Squad/Parts/Aero/airplaneFins/tailfin/tailfin'
[LOG 11:58:25.197] PartLoader: Compiling Part 'Squad/Parts/Aero/basicFin/basicFin/basicFin'
[LOG 11:58:25.198] PartLoader: Compiling Part 'Squad/Parts/Aero/circularIntake/circularIntake/CircularIntake'
[LOG 11:58:25.203] PartLoader: Compiling Part 'Squad/Parts/Aero/circularIntake/intakeShockCone/shockConeIntake'
[LOG 11:58:25.206] PartLoader: Compiling Part 'Squad/Parts/Aero/cones/avionicsNoseCone/avionicsNoseCone'
[LOG 11:58:25.217] PartLoader: Compiling Part 'Squad/Parts/Aero/cones/ConeA/pointyNoseConeA'
[LOG 11:58:25.220] PartLoader: Compiling Part 'Squad/Parts/Aero/cones/ConeB/pointyNoseConeB'
[LOG 11:58:25.223] PartLoader: Compiling Part 'Squad/Parts/Aero/cones/noseConeAdapter/noseConeAdapter'
[LOG 11:58:25.226] PartLoader: Compiling Part 'Squad/Parts/Aero/cones/protectiveRocketNoseMk7_v2/rocketNoseCone_v2'
[LOG 11:58:25.229] PartLoader: Compiling Part 'Squad/Parts/Aero/cones/protectiveRocketNoseMk7_v3/rocketNoseCone_v3'
[LOG 11:58:25.232] PartLoader: Compiling Part 'Squad/Parts/Aero/cones/rocketNoseCone_size3/rocketNoseConeSize3'
[LOG 11:58:25.234] PartLoader: Compiling Part 'Squad/Parts/Aero/cones/smallNoseCone/standardNoseCone'
[LOG 11:58:25.236] PartLoader: Compiling Part 'Squad/Parts/Aero/cones/tailConnectorA/airplaneTail'
[LOG 11:58:25.237] PartLoader: Compiling Part 'Squad/Parts/Aero/cones/tailConnectorB/airplaneTailB'
[LOG 11:58:25.239] PartLoader: Compiling Part 'Squad/Parts/Aero/fairings/fairingSize1/fairingSize1'
[LOG 11:58:25.269] PartLoader: Compiling Part 'Squad/Parts/Aero/fairings/fairingSize2/fairingSize2'
[LOG 11:58:25.277] PartLoader: Compiling Part 'Squad/Parts/Aero/fairings/fairingSize3/fairingSize3'
[LOG 11:58:25.283] PartLoader: Compiling Part 'Squad/Parts/Aero/HeatShield/HeatShield0/HeatShield0'
[LOG 11:58:25.294] PartLoader: Compiling Part 'Squad/Parts/Aero/HeatShield/HeatShield1/HeatShield1'
[LOG 11:58:25.304] PartLoader: Compiling Part 'Squad/Parts/Aero/HeatShield/HeatShield2/HeatShield2'
[LOG 11:58:25.309] PartLoader: Compiling Part 'Squad/Parts/Aero/HeatShield/HeatShield3/HeatShield3'
[LOG 11:58:25.313] PartLoader: Compiling Part 'Squad/Parts/Aero/InflatableHeatShield/HeatShield/InflatableHeatShield'
[LOG 11:58:25.317] PartLoader: Compiling Part 'Squad/Parts/Aero/intakeRadialLong/intakeRadialLong/IntakeRadialLong'
[LOG 11:58:25.319] PartLoader: Compiling Part 'Squad/Parts/Aero/miniIntake/SmallIntake/miniIntake'
[LOG 11:58:25.321] PartLoader: Compiling Part 'Squad/Parts/Aero/ramAirIntake/ramAirIntake/ramAirIntake'
[LOG 11:58:25.323] PartLoader: Compiling Part 'Squad/Parts/Aero/shuttleWings/delta/wingShuttleDelta'
[LOG 11:58:25.325] PartLoader: Compiling Part 'Squad/Parts/Aero/shuttleWings/elevon1/wingShuttleElevon1'
[LOG 11:58:25.329] PartLoader: Compiling Part 'Squad/Parts/Aero/shuttleWings/elevon2/wingShuttleElevon2'
[LOG 11:58:25.332] PartLoader: Compiling Part 'Squad/Parts/Aero/shuttleWings/rudder/wingShuttleRudder'
[LOG 11:58:25.334] PartLoader: Compiling Part 'Squad/Parts/Aero/shuttleWings/strake/wingShuttleStrake'
[LOG 11:58:25.337] PartLoader: Compiling Part 'Squad/Parts/Aero/wingletAV-R8/wingletAV-R8/R8winglet'
[LOG 11:58:25.339] PartLoader: Compiling Part 'Squad/Parts/Aero/wingletAV-T1/wingletAV-T1/winglet'
[LOG 11:58:25.341] PartLoader: Compiling Part 'Squad/Parts/Aero/wingletDeltaDeluxe/wingletDeltaDeluxe/winglet3'
[LOG 11:58:25.344] PartLoader: Compiling Part 'Squad/Parts/Aero/wings/connector1/wingConnector'
[LOG 11:58:25.345] PartLoader: Compiling Part 'Squad/Parts/Aero/wings/connector2/wingConnector2'
[LOG 11:58:25.347] PartLoader: Compiling Part 'Squad/Parts/Aero/wings/connector3/wingConnector3'
[LOG 11:58:25.348] PartLoader: Compiling Part 'Squad/Parts/Aero/wings/connector4/wingConnector4'
[LOG 11:58:25.351] PartLoader: Compiling Part 'Squad/Parts/Aero/wings/connector5/wingConnector5'
[LOG 11:58:25.353] PartLoader: Compiling Part 'Squad/Parts/Aero/wings/delta/deltaWing'
[LOG 11:58:25.354] PartLoader: Compiling Part 'Squad/Parts/Aero/wings/delta_small/delta_small'
[LOG 11:58:25.356] PartLoader: Compiling Part 'Squad/Parts/Aero/wings/elevon1/StandardCtrlSrf'
[LOG 11:58:25.358] PartLoader: Compiling Part 'Squad/Parts/Aero/wings/elevon2/elevon2'
[LOG 11:58:25.360] PartLoader: Compiling Part 'Squad/Parts/Aero/wings/elevon3/elevon3'
[LOG 11:58:25.363] PartLoader: Compiling Part 'Squad/Parts/Aero/wings/elevon4/smallCtrlSrf'
[LOG 11:58:25.366] PartLoader: Compiling Part 'Squad/Parts/Aero/wings/elevon5/elevon5'
[LOG 11:58:25.369] PartLoader: Compiling Part 'Squad/Parts/Aero/wings/strake/wingStrake'
[LOG 11:58:25.371] PartLoader: Compiling Part 'Squad/Parts/Aero/wings/structural1/structuralWing'
[LOG 11:58:25.374] PartLoader: Compiling Part 'Squad/Parts/Aero/wings/structural2/structuralWing2'
[LOG 11:58:25.376] PartLoader: Compiling Part 'Squad/Parts/Aero/wings/structural3/structuralWing3'
[LOG 11:58:25.378] PartLoader: Compiling Part 'Squad/Parts/Aero/wings/structural4/structuralWing4'
[LOG 11:58:25.380] PartLoader: Compiling Part 'Squad/Parts/Aero/wings/swept1/sweptWing1'
[LOG 11:58:25.383] PartLoader: Compiling Part 'Squad/Parts/Aero/wings/swept2/sweptWing2'
[LOG 11:58:25.386] PartLoader: Compiling Part 'Squad/Parts/Cargo/CargoContainers/cargoContainer/cargoContainer'
[WRN 11:58:25.387] [Part]: Cannot have ModuleCargoPart and ModuleInventoryPart on same Part [cargoContainer'. Removed ModuleCargoPart
[LOG 11:58:25.394] PartLoader: Compiling Part 'Squad/Parts/Cargo/CargoContainers/smallCargoContainer/smallCargoContainer'
[WRN 11:58:25.395] [Part]: Cannot have ModuleCargoPart and ModuleInventoryPart on same Part [smallCargoContainer'. Removed ModuleCargoPart
[LOG 11:58:25.397] PartLoader: Compiling Part 'Squad/Parts/Cargo/Cylinder/Cylinder/evaCylinder'
[LOG 11:58:25.399] PartLoader: Compiling Part 'Squad/Parts/Cargo/GroundAnchor/groundAnchor/groundAnchor'
[LOG 11:58:25.413] PartLoader: Compiling Part 'Squad/Parts/Cargo/Jetpack/Jetpack/evaJetpack'
[LOG 11:58:25.415] PartLoader: Compiling Part 'Squad/Parts/Cargo/Parachute/Parachute/evaChute'
[LOG 11:58:25.416] PartLoader: Compiling Part 'Squad/Parts/Cargo/RepairKit/RepairKit/evaRepairKit'
[LOG 11:58:25.418] PartLoader: Compiling Part 'Squad/Parts/Cargo/ScienceKit/evaScienceKit/evaScienceKit'
[LOG 11:58:25.419] PartLoader: Compiling Part 'Squad/Parts/Cargo/StorageUnits/CargoStorageUnit/CargoStorageUnit'
[WRN 11:58:25.420] [Part]: Cannot have ModuleCargoPart and ModuleInventoryPart on same Part [CargoStorageUnit'. Removed ModuleCargoPart
[LOG 11:58:25.421] PartLoader: Compiling Part 'Squad/Parts/Cargo/StorageUnits/ConformalStorageUnit/ConformalStorageUnit'
[WRN 11:58:25.421] [Part]: Cannot have ModuleCargoPart and ModuleInventoryPart on same Part [ConformalStorageUnit'. Removed ModuleCargoPart
[LOG 11:58:25.422] PartLoader: Compiling Part 'Squad/Parts/Command/advancedSasModuleLarge/advSasModuleLarge/asasmodule1-2'
[LOG 11:58:25.426] PartLoader: Compiling Part 'Squad/Parts/Command/cupola/cupola/cupola'
[LOG 11:58:25.444] PartLoader: Compiling Part 'Squad/Parts/Command/externalCommandSeat/externalCommandSeat/seatExternalCmd'
[LOG 11:58:25.449] PartLoader: Compiling Part 'Squad/Parts/Command/hitchhikerStorageContainer/hitchikerStorageContainer/crewCabin'
[LOG 11:58:25.453] PartLoader: Compiling Part 'Squad/Parts/Command/inlineAdvancedStabilizer/inlineAdvancedStabilizer/advSasModule'
[LOG 11:58:25.456] PartLoader: Compiling Part 'Squad/Parts/Command/inlineReactionWheel/inlineReactionWheel/sasModule'
[LOG 11:58:25.459] PartLoader: Compiling Part 'Squad/Parts/Command/Mk1-3Pod/mk1-3/mk1-3pod'
[LOG 11:58:25.475] PartLoader: Compiling Part 'Squad/Parts/Command/mk1Cockpits/mk1Cockpit/Mark1Cockpit'
[WRN 11:58:25.477] [Part]: Cannot have ModuleCargoPart and ModuleInventoryPart on same Part [Mark1Cockpit'. Removed ModuleCargoPart
[LOG 11:58:25.481] PartLoader: Compiling Part 'Squad/Parts/Command/mk1Cockpits/mk1CrewCabin/MK1CrewCabin'
[WRN 11:58:25.482] [Part]: Cannot have ModuleCargoPart and ModuleInventoryPart on same Part [MK1CrewCabin'. Removed ModuleCargoPart
[LOG 11:58:25.485] PartLoader: Compiling Part 'Squad/Parts/Command/mk1Cockpits/mk1InlineCockpit/Mark2Cockpit'
[WRN 11:58:25.486] [Part]: Cannot have ModuleCargoPart and ModuleInventoryPart on same Part [Mark2Cockpit'. Removed ModuleCargoPart
[LOG 11:58:25.492] PartLoader: Compiling Part 'Squad/Parts/Command/mk1LanderCan/mk1LanderCan/landerCabinSmall'
[WRN 11:58:25.494] [Part]: Cannot have ModuleCargoPart and ModuleInventoryPart on same Part [landerCabinSmall'. Removed ModuleCargoPart
[LOG 11:58:25.497] PartLoader: Compiling Part 'Squad/Parts/Command/mk1pod_v2/mk1Pod_v2/mk1pod_v2'
[WRN 11:58:25.498] [Part]: Cannot have ModuleCargoPart and ModuleInventoryPart on same Part [mk1pod.v2'. Removed ModuleCargoPart
[LOG 11:58:25.505] PartLoader: Compiling Part 'Squad/Parts/Command/mk2CockpitInline/mk2CockpitInline/mk2Cockpit_Inline'
[WRN 11:58:25.507] [Part]: Cannot have ModuleCargoPart and ModuleInventoryPart on same Part [mk2Cockpit.Inline'. Removed ModuleCargoPart
[LOG 11:58:25.511] PartLoader: Compiling Part 'Squad/Parts/Command/mk2CockpitStandard/mk2CockpitStandard/mk2Cockpit_Standard'
[WRN 11:58:25.513] [Part]: Cannot have ModuleCargoPart and ModuleInventoryPart on same Part [mk2Cockpit.Standard'. Removed ModuleCargoPart
[LOG 11:58:25.516] PartLoader: Compiling Part 'Squad/Parts/Command/mk2DroneCore/mk2Dronecore/mk2DroneCore'
[LOG 11:58:25.519] PartLoader: Compiling Part 'Squad/Parts/Command/mk2LanderCan/mk2LanderCan/mk2LanderCabin'
[WRN 11:58:25.521] [Part]: Cannot have ModuleCargoPart and ModuleInventoryPart on same Part [mk2LanderCabin'. Removed ModuleCargoPart
[LOG 11:58:25.525] PartLoader: Compiling Part 'Squad/Parts/Command/mk2LanderCan_v2/mk2LanderCan_v2/mk2LanderCabin_v2'
[WRN 11:58:25.528] [Part]: Cannot have ModuleCargoPart and ModuleInventoryPart on same Part [mk2LanderCabin.v2'. Removed ModuleCargoPart
[LOG 11:58:25.532] PartLoader: Compiling Part 'Squad/Parts/Command/mk3CockpitShuttle/mk3CockpitShuttle/mk3Cockpit_Shuttle'
[LOG 11:58:25.538] PartLoader: Compiling Part 'Squad/Parts/Command/MpoProbe/MpoProbe/MpoProbe'
[LOG 11:58:25.543] PartLoader: Compiling Part 'Squad/Parts/Command/MtmStage/MTM_Stage/MtmStage'
[LOG 11:58:25.549] PartLoader: Compiling Part 'Squad/Parts/Command/probeCoreCube/probeCoreCube/probeCoreCube'
[LOG 11:58:25.553] PartLoader: Compiling Part 'Squad/Parts/Command/probeCoreHex/probeCoreHex/probeCoreHex'
[LOG 11:58:25.562] PartLoader: Compiling Part 'Squad/Parts/Command/probeCoreHex_v2/probeCoreHex_v2/probeCoreHex_v2'
[LOG 11:58:25.567] PartLoader: Compiling Part 'Squad/Parts/Command/probeCoreOcto2_v2/probeCoreOcto2_v2/probeCoreOcto2_v2'
[LOG 11:58:25.573] PartLoader: Compiling Part 'Squad/Parts/Command/probeCoreOcto_v2/probeCoreOcto_v2/probeCoreOcto_v2'
[LOG 11:58:25.577] PartLoader: Compiling Part 'Squad/Parts/Command/probeRoverBody/probeRoverBody/roverBody'
[LOG 11:58:25.581] PartLoader: Compiling Part 'Squad/Parts/Command/probeRoverBody_v2/probeRoverBody_v2/roverBody_v2'
[LOG 11:58:25.586] PartLoader: Compiling Part 'Squad/Parts/Command/probeStackLarge/probeStackLarge/probeStackLarge'
[LOG 11:58:25.591] PartLoader: Compiling Part 'Squad/Parts/Command/probeStackSmall/probeStackSmall/probeStackSmall'
[LOG 11:58:25.600] PartLoader: Compiling Part 'Squad/Parts/Command/probeStackSphere_v2/probeStackSphere_v2/probeCoreSphere_v2'
[LOG 11:58:25.607] PartLoader: Compiling Part 'Squad/Parts/CompoundParts/FuelLine/fuelLine/fuelLine'
[LOG 11:58:25.624] PartLoader: Compiling Part 'Squad/Parts/CompoundParts/strutConnector/strutConnector/strutConnector'
[LOG 11:58:25.630] PartLoader: Compiling Part 'Squad/Parts/Coupling/Decoupler_0/Decoupler_0'
[LOG 11:58:25.635] PartLoader: Compiling Part 'Squad/Parts/Coupling/Decoupler_1/Decoupler_1'
[LOG 11:58:25.638] PartLoader: Compiling Part 'Squad/Parts/Coupling/Decoupler_2/Decoupler_2'
[LOG 11:58:25.641] PartLoader: Compiling Part 'Squad/Parts/Coupling/Decoupler_3/Decoupler_3'
[LOG 11:58:25.643] PartLoader: Compiling Part 'Squad/Parts/Coupling/Separator_0/Separator_0'
[LOG 11:58:25.646] PartLoader: Compiling Part 'Squad/Parts/Coupling/Separator_1/Separator_1'
[LOG 11:58:25.649] PartLoader: Compiling Part 'Squad/Parts/Coupling/Separator_2/Separator_2'
[LOG 11:58:25.652] PartLoader: Compiling Part 'Squad/Parts/Coupling/Separator_3/Separator_3'
[LOG 11:58:25.655] PartLoader: Compiling Part 'Squad/Parts/Electrical/10CSolarPanels/OX-10C/solarPanelOX10C'
[LOG 11:58:25.661] PartLoader: Compiling Part 'Squad/Parts/Electrical/10CSolarPanels/SP-10C/solarPanelSP10C'
[LOG 11:58:25.665] PartLoader: Compiling Part 'Squad/Parts/Electrical/10LSolarPanels/OX-10L/solarPanelOX10L'
[LOG 11:58:25.667] PartLoader: Compiling Part 'Squad/Parts/Electrical/10LSolarPanels/SP-10L/solarPanelSP10L'
[LOG 11:58:25.670] PartLoader: Compiling Part 'Squad/Parts/Electrical/1x6ShroudSolarPanels/1x6ShroudSolarPanels/solarPanels2'
[LOG 11:58:25.672] PartLoader: Compiling Part 'Squad/Parts/Electrical/1x6SolarPanels/1x6SolarPanels/solarPanels4'
[LOG 11:58:25.675] PartLoader: Compiling Part 'Squad/Parts/Electrical/3x2ShroudSolarPanels/3x2ShroudSolarPanels/solarPanels1'
[LOG 11:58:25.677] PartLoader: Compiling Part 'Squad/Parts/Electrical/3x2SolarPanels/3x2SolarPanels/solarPanels3'
[LOG 11:58:25.680] PartLoader: Compiling Part 'Squad/Parts/Electrical/gigantorXlSolarArray/gigantorXlSolarArray/largeSolarPanel'
[LOG 11:58:25.682] PartLoader: Compiling Part 'Squad/Parts/Electrical/radialFlatSolarPanel/radialFlatSolarPanel/solarPanels5'
[LOG 11:58:25.684] PartLoader: Compiling Part 'Squad/Parts/Electrical/RTG/RTG/rtg'
[LOG 11:58:25.691] PartLoader: Compiling Part 'Squad/Parts/Electrical/z-100Battery/z-100Battery/batteryPack'
[LOG 11:58:25.693] PartLoader: Compiling Part 'Squad/Parts/Electrical/z-1kBattery/z-1kBattery/batteryBank'
[LOG 11:58:25.694] PartLoader: Compiling Part 'Squad/Parts/Electrical/z-200Battery/z-200Battery/batteryBankMini'
[LOG 11:58:25.696] PartLoader: Compiling Part 'Squad/Parts/Electrical/z-400Battery/z-400Battery/ksp_r_largeBatteryPack'
[LOG 11:58:25.697] PartLoader: Compiling Part 'Squad/Parts/Electrical/z-4kBattery/z-4kBattery/batteryBankLarge'
[LOG 11:58:25.699] PartLoader: Compiling Part 'Squad/Parts/Engine/ionEngine/ionEngine/ionEngine'
[LOG 11:58:25.712] PartLoader: Compiling Part 'Squad/Parts/Engine/jetEngines/jetEngineAfterburning/turboJet'
[LOG 11:58:25.740] PartLoader: Compiling Part 'Squad/Parts/Engine/jetEngines/jetEngineBasic/JetEngine'
[LOG 11:58:25.745] PartLoader: Compiling Part 'Squad/Parts/Engine/jetEngines/jetEngineBig/turboFanSize2'
[LOG 11:58:25.752] PartLoader: Compiling Part 'Squad/Parts/Engine/jetEngines/jetEngineTurbo/turboFanEngine'
[LOG 11:58:25.757] PartLoader: Compiling Part 'Squad/Parts/Engine/liquidEngine24-77/liquidEngine24-77/smallRadialEngine'
[LOG 11:58:25.762] PartLoader: Compiling Part 'Squad/Parts/Engine/liquidEngine24-77_v2/liquidEngine24-77_v2/smallRadialEngine_v2'
[LOG 11:58:25.767] PartLoader: Compiling Part 'Squad/Parts/Engine/liquidEngine48-7S_v2/liquidEngine48-7S_v2/liquidEngineMini_v2'
[LOG 11:58:25.773] PartLoader: Compiling Part 'Squad/Parts/Engine/liquidEngineAerospike/liquidEngineAerospike/toroidalAerospike'
[LOG 11:58:25.784] PartLoader: Compiling Part 'Squad/Parts/Engine/liquidEngineLV-1_v2/liquidEngineLV-1R _v2/radialEngineMini_v2'
[LOG 11:58:25.790] PartLoader: Compiling Part 'Squad/Parts/Engine/liquidEngineLV-1_v2/liquidEngineLV-1_v2/microEngine_v2'
[LOG 11:58:25.795] PartLoader: Compiling Part 'Squad/Parts/Engine/liquidEngineLV-909_v2/liquidEngineLV-909_v2/liquidEngine3_v2'
[LOG 11:58:25.801] PartLoader: Compiling Part 'Squad/Parts/Engine/liquidEngineLV-N/liquidEngineLV-N/nuclearEngine'
[LOG 11:58:25.807] PartLoader: Compiling Part 'Squad/Parts/Engine/liquidEngineLV-T30/liquidEngineLV-T30/liquidEngine'
[LOG 11:58:25.812] PartLoader: Compiling Part 'Squad/Parts/Engine/liquidEngineLV-T30_v2/liquidEngineLV-T30_v2/liquidEngine_v2'
[LOG 11:58:25.817] PartLoader: Compiling Part 'Squad/Parts/Engine/liquidEngineLV-T45/liquidEngineLV-T45/liquidEngine2'
[LOG 11:58:25.822] PartLoader: Compiling Part 'Squad/Parts/Engine/liquidEngineLV-T45_v2/liquidEngineLV-T45_v2/liquidEngine2_v2'
[LOG 11:58:25.829] PartLoader: Compiling Part 'Squad/Parts/Engine/liquidEngineMainsail_v2/liquidEngineMainsail_v2/liquidEngineMainsail_v2'
[LOG 11:58:25.835] PartLoader: Compiling Part 'Squad/Parts/Engine/liquidEngineMk55/liquidEngineMk55/radialLiquidEngine1-2'
[LOG 11:58:25.839] PartLoader: Compiling Part 'Squad/Parts/Engine/liquidEnginePoodle_v2/liquidEnginePoodle_v2/liquidEngine2-2_v2'
[LOG 11:58:25.845] PartLoader: Compiling Part 'Squad/Parts/Engine/liquidEngineSkipper_v2/skipperLiquidEngine_v2/engineLargeSkipper_v2'
[LOG 11:58:25.854] PartLoader: Compiling Part 'Squad/Parts/Engine/liquidEngineSSME/SSME/SSME'
[LOG 11:58:25.859] PartLoader: Compiling Part 'Squad/Parts/Engine/MassiveSRB/part/MassiveBooster'
[LOG 11:58:25.864] PartLoader: Compiling Part 'Squad/Parts/Engine/miniJet/SmallJetEngine/miniJetEngine'
[LOG 11:58:25.868] PartLoader: Compiling Part 'Squad/Parts/Engine/OMSEngine/omsEngine/omsEngine'
[LOG 11:58:25.872] PartLoader: Compiling Part 'Squad/Parts/Engine/rapierEngine/rapierEngine/RAPIER'
[LOG 11:58:25.882] PartLoader: Compiling Part 'Squad/Parts/Engine/Size1_SRBs/solidBoosterRT-10_v2/solidBooster_v2'
[LOG 11:58:25.887] PartLoader: Compiling Part 'Squad/Parts/Engine/Size1_SRBs/solidBoosterRT-5_v2/solidBooster_sm_v2'
[LOG 11:58:25.891] PartLoader: Compiling Part 'Squad/Parts/Engine/Size2LFB/part/Size2LFB'
[LOG 11:58:25.896] PartLoader: Compiling Part 'Squad/Parts/Engine/Size2LFB_v2/part/Size2LFB_v2'
[LOG 11:58:25.902] PartLoader: Compiling Part 'Squad/Parts/Engine/Size3AdvancedEngine/part/Size3AdvancedEngine'
[LOG 11:58:25.908] PartLoader: Compiling Part 'Squad/Parts/Engine/Size3EngineCluster/part/Size3EngineCluster'
[LOG 11:58:25.915] PartLoader: Compiling Part 'Squad/Parts/Engine/solidBoosterBACC/solidBoosterBACC/solidBooster1-1'
[LOG 11:58:25.925] PartLoader: Compiling Part 'Squad/Parts/Engine/solidBoosterS2-17/solidBoosterS2-17/Thoroughbred'
[LOG 11:58:25.935] PartLoader: Compiling Part 'Squad/Parts/Engine/solidBoosterS2-33/solidBoosterS2-33/Clydesdale'
[LOG 11:58:25.940] PartLoader: Compiling Part 'Squad/Parts/Engine/solidBoosterSep/solidBoosterSep/sepMotor1'
[LOG 11:58:25.941] [ModuleCargoPart]: Setting stackableQuantity to 1 as sepMotor1 contains resources
[LOG 11:58:25.943] PartLoader: Compiling Part 'Squad/Parts/Engine/SolidBoostersF/SolidBoosterF3S0/Shrimp'
[LOG 11:58:25.947] PartLoader: Compiling Part 'Squad/Parts/Engine/SolidBoostersF/SolidBoosterFM1/Mite'
[LOG 11:58:25.951] PartLoader: Compiling Part 'Squad/Parts/FuelTank/adapterTanks/Mk3-Mk2/adapterMk3-Mk2'
[LOG 11:58:25.952] PartLoader: Compiling Part 'Squad/Parts/FuelTank/adapterTanks/Mk3-ShuttleAdapter/adapterEngines'
[LOG 11:58:25.954] PartLoader: Compiling Part 'Squad/Parts/FuelTank/adapterTanks/Mk3-Size2/adapterMk3-Size2'
[LOG 11:58:25.956] PartLoader: Compiling Part 'Squad/Parts/FuelTank/adapterTanks/Mk3-Size2Slant/adapterMk3-Size2Slant'
[LOG 11:58:25.957] PartLoader: Compiling Part 'Squad/Parts/FuelTank/adapterTanks/Size2-Mk2/adapterSize2-Mk2'
[LOG 11:58:25.958] PartLoader: Compiling Part 'Squad/Parts/FuelTank/adapterTanks/Size2-Size1/adapterSize2-Size1'
[LOG 11:58:25.961] PartLoader: Compiling Part 'Squad/Parts/FuelTank/adapterTanks/Size2-Size1Slant/adapterSize2-Size1Slant'
[LOG 11:58:25.962] PartLoader: Compiling Part 'Squad/Parts/FuelTank/adapterTanks/Size3-Mk3/adapterSize3-Mk3'
[LOG 11:58:25.964] PartLoader: Compiling Part 'Squad/Parts/FuelTank/drainTankFTE-1/ReleaseValve/ReleaseValve'
[LOG 11:58:25.970] PartLoader: Compiling Part 'Squad/Parts/FuelTank/FoilTanks/RadialTank_Capsule/externalTankCapsule'
[LOG 11:58:25.972] PartLoader: Compiling Part 'Squad/Parts/FuelTank/FoilTanks/RadialTank_Round/externalTankRound'
[LOG 11:58:25.974] PartLoader: Compiling Part 'Squad/Parts/FuelTank/FoilTanks/ToroidTank/externalTankToroid'
[LOG 11:58:25.976] PartLoader: Compiling Part 'Squad/Parts/FuelTank/fuelTankOscarB/fuelTankOscarB/miniFuelTank'
[LOG 11:58:25.977] PartLoader: Compiling Part 'Squad/Parts/FuelTank/miniFuselage/miniFuselage/miniFuselage'
[LOG 11:58:25.979] PartLoader: Compiling Part 'Squad/Parts/FuelTank/mk2Adapters/bicoupler/mk2_1m_Bicoupler'
[LOG 11:58:25.981] PartLoader: Compiling Part 'Squad/Parts/FuelTank/mk2Adapters/long/mk2_1m_AdapterLong'
[LOG 11:58:25.983] PartLoader: Compiling Part 'Squad/Parts/FuelTank/mk2Adapters/standard/mk2SpacePlaneAdapter'
[LOG 11:58:25.985] PartLoader: Compiling Part 'Squad/Parts/FuelTank/mk2FuselageLong/LFO_long/mk2FuselageLongLFO'
[LOG 11:58:25.986] PartLoader: Compiling Part 'Squad/Parts/FuelTank/mk2FuselageLong/L_long/mk2Fuselage'
[LOG 11:58:25.989] PartLoader: Compiling Part 'Squad/Parts/FuelTank/mk2FuselageShort/LFO_short/mk2FuselageShortLFO'
[LOG 11:58:25.990] PartLoader: Compiling Part 'Squad/Parts/FuelTank/mk2FuselageShort/L_short/mk2FuselageShortLiquid'
[LOG 11:58:25.992] PartLoader: Compiling Part 'Squad/Parts/FuelTank/mk2FuselageShort/Mono_short/mk2FuselageShortMono'
[LOG 11:58:25.994] PartLoader: Compiling Part 'Squad/Parts/FuelTank/mk3Fuselage/CREW/mk3CrewCabin'
[LOG 11:58:25.997] PartLoader: Compiling Part 'Squad/Parts/FuelTank/mk3Fuselage/LFO_100/mk3FuselageLFO_100'
[LOG 11:58:25.998] PartLoader: Compiling Part 'Squad/Parts/FuelTank/mk3Fuselage/LFO_25/mk3FuselageLFO_25'
[LOG 11:58:26.000] PartLoader: Compiling Part 'Squad/Parts/FuelTank/mk3Fuselage/LFO_50/mk3FuselageLFO_50'
[LOG 11:58:26.001] PartLoader: Compiling Part 'Squad/Parts/FuelTank/mk3Fuselage/LF_100/mk3FuselageLF_100'
[LOG 11:58:26.002] PartLoader: Compiling Part 'Squad/Parts/FuelTank/mk3Fuselage/LF_25/mk3FuselageLF_25'
[LOG 11:58:26.003] PartLoader: Compiling Part 'Squad/Parts/FuelTank/mk3Fuselage/LF_50/mk3FuselageLF_50'
[LOG 11:58:26.004] PartLoader: Compiling Part 'Squad/Parts/FuelTank/mk3Fuselage/MONO/mk3FuselageMONO'
[LOG 11:58:26.006] PartLoader: Compiling Part 'Squad/Parts/FuelTank/RCSFuelTankR1/RCSFuelTankR1/RCSTank1-2'
[LOG 11:58:26.007] PartLoader: Compiling Part 'Squad/Parts/FuelTank/RCSFuelTankR10/RCSFuelTankR10/rcsTankMini'
[LOG 11:58:26.008] PartLoader: Compiling Part 'Squad/Parts/FuelTank/RCSFuelTankR25/RCSFuelTankR25/RCSFuelTank'
[LOG 11:58:26.010] PartLoader: Compiling Part 'Squad/Parts/FuelTank/RCSTankRadial/radialRCSTank/radialRCSTank'
[LOG 11:58:26.011] PartLoader: Compiling Part 'Squad/Parts/FuelTank/RCStankRadialLong/RCSTankRadialLong/rcsTankRadialLong'
[LOG 11:58:26.012] PartLoader: Compiling Part 'Squad/Parts/FuelTank/RockomaxTanks/Rockomax16/Rockomax16_BW'
[LOG 11:58:26.014] PartLoader: Compiling Part 'Squad/Parts/FuelTank/RockomaxTanks/Rockomax32/Rockomax32_BW'
[LOG 11:58:26.016] PartLoader: Compiling Part 'Squad/Parts/FuelTank/RockomaxTanks/Rockomax64/Rockomax64_BW'
[LOG 11:58:26.017] PartLoader: Compiling Part 'Squad/Parts/FuelTank/RockomaxTanks/Rockomax8/Rockomax8BW'
[LOG 11:58:26.019] PartLoader: Compiling Part 'Squad/Parts/FuelTank/Size1_Tanks/fuelTankT100/fuelTankSmallFlat'
[LOG 11:58:26.021] PartLoader: Compiling Part 'Squad/Parts/FuelTank/Size1_Tanks/fuelTankT200/fuelTankSmall'
[LOG 11:58:26.023] PartLoader: Compiling Part 'Squad/Parts/FuelTank/Size1_Tanks/fuelTankT400/fuelTank'
[LOG 11:58:26.026] PartLoader: Compiling Part 'Squad/Parts/FuelTank/Size1_Tanks/fuelTankT800/fuelTank_long'
[LOG 11:58:26.027] PartLoader: Compiling Part 'Squad/Parts/FuelTank/Size3Tanks/large/Size3LargeTank'
[LOG 11:58:26.030] PartLoader: Compiling Part 'Squad/Parts/FuelTank/Size3Tanks/medium/Size3MediumTank'
[LOG 11:58:26.031] PartLoader: Compiling Part 'Squad/Parts/FuelTank/Size3Tanks/small/Size3SmallTank'
[LOG 11:58:26.033] PartLoader: Compiling Part 'Squad/Parts/FuelTank/xenonTank/xenonTank/xenonTank'
[LOG 11:58:26.034] PartLoader: Compiling Part 'Squad/Parts/FuelTank/xenonTankLarge/xenonTankLarge/xenonTankLarge'
[LOG 11:58:26.036] PartLoader: Compiling Part 'Squad/Parts/FuelTank/xenonTankRadial/xenonTankRadial/xenonTankRadial'
[LOG 11:58:26.037] PartLoader: Compiling Part 'Squad/Parts/Misc/AsteroidDay/CamSat/InfraredTelescope'
[LOG 11:58:26.040] PartLoader: Compiling Part 'Squad/Parts/Misc/AsteroidDay/HECS2/HECS2_ProbeCore'
[LOG 11:58:26.044] PartLoader: Compiling Part 'Squad/Parts/Misc/AsteroidDay/HighGainAntenna/HighGainAntenna'
[LOG 11:58:26.049] PartLoader: Compiling Part 'Squad/Parts/Misc/AsteroidDay/LgRadialSolar/LgRadialSolarPanel'
[LOG 11:58:26.051] PartLoader: Compiling Part 'Squad/Parts/Misc/PotatoComet/part/PotatoComet'
[LOG 11:58:26.058] PartLoader: Compiling Part 'Squad/Parts/Misc/PotatoRoid/part/PotatoRoid'
[LOG 11:58:26.065] PartLoader: Compiling Part 'Squad/Parts/Prebuilt/flag/flag'
[LOG 11:58:26.067] PartLoader: Compiling Part 'Squad/Parts/Prebuilt/kerbalEVA/kerbalEVA'
[LOG 11:58:26.078] PartLoader: Compiling Part 'Squad/Parts/Prebuilt/kerbalEVAfemale/kerbalEVAfemale'
[LOG 11:58:26.082] PartLoader: Compiling Part 'Squad/Parts/Prebuilt/kerbalEVASlimSuit/kerbalEVASlimSuit'
[LOG 11:58:26.085] PartLoader: Compiling Part 'Squad/Parts/Prebuilt/kerbalEVASlimSuitFemale/kerbalEVASlimSuitFemale'
[LOG 11:58:26.089] PartLoader: Compiling Part 'Squad/Parts/Resources/FuelCell/FuelCell/FuelCell'
[LOG 11:58:26.096] PartLoader: Compiling Part 'Squad/Parts/Resources/FuelCell/FuelCellArray/FuelCellArray'
[LOG 11:58:26.099] PartLoader: Compiling Part 'Squad/Parts/Resources/ISRU/ISRU/ISRU'
[LOG 11:58:26.105] PartLoader: Compiling Part 'Squad/Parts/Resources/LargeTank/LargeTank/LargeTank'
[LOG 11:58:26.107] PartLoader: Compiling Part 'Squad/Parts/Resources/MiniDrill/MiniDrill/MiniDrill'
[LOG 11:58:26.118] PartLoader: Compiling Part 'Squad/Parts/Resources/MiniISRU/MiniISRU/MiniISRU'
[LOG 11:58:26.122] PartLoader: Compiling Part 'Squad/Parts/Resources/OrbitalScanner/OrbitalScanner/OrbitalScanner'
[LOG 11:58:26.127] PartLoader: Compiling Part 'Squad/Parts/Resources/RadialDrill/RadialDrill/RadialDrill'
[LOG 11:58:26.132] PartLoader: Compiling Part 'Squad/Parts/Resources/RadialTank/RadialTank/RadialOreTank'
[LOG 11:58:26.134] PartLoader: Compiling Part 'Squad/Parts/Resources/SmallTank/SmallTank/SmallTank'
[LOG 11:58:26.135] PartLoader: Compiling Part 'Squad/Parts/Resources/SurfaceScanner/SurfaceScanner/SurfaceScanner'
[LOG 11:58:26.143] PartLoader: Compiling Part 'Squad/Parts/Resources/SurveyScanner/SurveyScanner/SurveyScanner'
[LOG 11:58:26.148] PartLoader: Compiling Part 'Squad/Parts/Science/AtmosphereSensor/sensorAtmosphere/sensorAtmosphere'
[LOG 11:58:26.150] PartLoader: Compiling Part 'Squad/Parts/Science/GooExperiment/gooExperiment/GooExperiment'
[LOG 11:58:26.153] PartLoader: Compiling Part 'Squad/Parts/Science/LargeCrewedLab/largeCrewedLab/Large_Crewed_Lab'
[LOG 11:58:26.163] PartLoader: Compiling Part 'Squad/Parts/Science/Magnetometer/Magnetometer/Magnetometer'
[LOG 11:58:26.169] PartLoader: Compiling Part 'Squad/Parts/Science/MaterialBay/materialBay/science_module'
[LOG 11:58:26.172] PartLoader: Compiling Part 'Squad/Parts/Science/ScienceBox/ScienceBox/ScienceBox'
[LOG 11:58:26.174] PartLoader: Compiling Part 'Squad/Parts/Science/sensorAccelerometer/sensorAccelerometer/sensorAccelerometer'
[LOG 11:58:26.179] PartLoader: Compiling Part 'Squad/Parts/Science/sensorBarometer/sensorBarometer/sensorBarometer'
[LOG 11:58:26.184] PartLoader: Compiling Part 'Squad/Parts/Science/sensorGravimeter/sensorGravimeter/sensorGravimeter'
[LOG 11:58:26.186] PartLoader: Compiling Part 'Squad/Parts/Science/sensorThermometer/sensorThermometer/sensorThermometer'
[LOG 11:58:26.189] PartLoader: Compiling Part 'Squad/Parts/Structural/FLAdapters/adapterSmallMiniShort/adapterSmallMiniShort'
[LOG 11:58:26.190] PartLoader: Compiling Part 'Squad/Parts/Structural/FLAdapters/adapterSmallMiniTall/adapterSmallMiniTall'
[LOG 11:58:26.192] PartLoader: Compiling Part 'Squad/Parts/Structural/mk1Parts/engineBodyRadial/radialEngineBody'
[LOG 11:58:26.194] PartLoader: Compiling Part 'Squad/Parts/Structural/mk1Parts/engineNacelle/nacelleBody'
[LOG 11:58:26.197] PartLoader: Compiling Part 'Squad/Parts/Structural/mk1Parts/mk1Fuselage/MK1Fuselage'
[LOG 11:58:26.199] PartLoader: Compiling Part 'Squad/Parts/Structural/mk1Parts/mk1FuselageIntake/MK1IntakeFuselage'
[LOG 11:58:26.202] PartLoader: Compiling Part 'Squad/Parts/Structural/mk1Parts/mk1Structural/Mk1FuselageStructural'
[LOG 11:58:26.204] PartLoader: Compiling Part 'Squad/Parts/Structural/Size3To2Adapter_v2/Size2to3_v2/Size3To2Adapter_v2'
[LOG 11:58:26.206] PartLoader: Compiling Part 'Squad/Parts/Structural/stackAdapters/adapterLargeSmallBi/adapterLargeSmallBi'
[LOG 11:58:26.209] PartLoader: Compiling Part 'Squad/Parts/Structural/stackAdapters/adapterLargeSmallQuad/adapterLargeSmallQuad'
[LOG 11:58:26.214] PartLoader: Compiling Part 'Squad/Parts/Structural/stackAdapters/adapterLargeSmallTri/adapterLargeSmallTri'
[LOG 11:58:26.216] PartLoader: Compiling Part 'Squad/Parts/Structural/stationHub/stationHub/stationHub'
[LOG 11:58:26.219] PartLoader: Compiling Part 'Squad/Parts/Structural/structuralIBeam200/structuralIBeam200/structuralIBeam2'
[LOG 11:58:26.220] PartLoader: Compiling Part 'Squad/Parts/Structural/structuralIBeam200Pocket/structuralIBeam200Pocket/structuralIBeam3'
[LOG 11:58:26.222] PartLoader: Compiling Part 'Squad/Parts/Structural/structuralIBeam650/structuralIBeam650/structuralIBeam1'
[LOG 11:58:26.224] PartLoader: Compiling Part 'Squad/Parts/Structural/structuralMicronode/structuralMicronode/structuralMiniNode'
[LOG 11:58:26.225] PartLoader: Compiling Part 'Squad/Parts/Structural/structuralPanel1x1/structuralPanel1x1/structuralPanel1'
[LOG 11:58:26.227] PartLoader: Compiling Part 'Squad/Parts/Structural/structuralPanel2x2/structuralPanel2x2/structuralPanel2'
[LOG 11:58:26.229] PartLoader: Compiling Part 'Squad/Parts/Structural/structuralPylons/smallHardpoint/smallHardpoint'
[LOG 11:58:26.232] PartLoader: Compiling Part 'Squad/Parts/Structural/structuralPylons/structuralPylon/structuralPylon'
[LOG 11:58:26.235] PartLoader: Compiling Part 'Squad/Parts/Structural/strutCubicOcto/strutCubicOcto/strutCube'
[LOG 11:58:26.237] PartLoader: Compiling Part 'Squad/Parts/Structural/strutOcto/strutOcto/strutOcto'
[LOG 11:58:26.239] PartLoader: Compiling Part 'Squad/Parts/Structural/trussGirderAdapter/trussGirderAdapter/trussAdapter'
[LOG 11:58:26.241] PartLoader: Compiling Part 'Squad/Parts/Structural/trussGirderL/trussGirderL/trussPiece1x'
[LOG 11:58:26.249] PartLoader: Compiling Part 'Squad/Parts/Structural/trussGirderXL/trussGirderXL/trussPiece3x'
[LOG 11:58:26.251] PartLoader: Compiling Part 'Squad/Parts/Thermal/FoldingRadiators/foldingRadLarge/foldingRadLarge'
[LOG 11:58:26.260] PartLoader: Compiling Part 'Squad/Parts/Thermal/FoldingRadiators/foldingRadMed/foldingRadMed'
[LOG 11:58:26.263] PartLoader: Compiling Part 'Squad/Parts/Thermal/FoldingRadiators/foldingRadSmall/foldingRadSmall'
[LOG 11:58:26.266] PartLoader: Compiling Part 'Squad/Parts/Thermal/RadiatorPanels/radPanelEdge/radPanelEdge'
[LOG 11:58:26.267] PartLoader: Compiling Part 'Squad/Parts/Thermal/RadiatorPanels/radPanelLg/radPanelLg'
[LOG 11:58:26.269] PartLoader: Compiling Part 'Squad/Parts/Thermal/RadiatorPanels/radPanelSm/radPanelSm'
[LOG 11:58:26.271] PartLoader: Compiling Part 'Squad/Parts/Utility/commDish88-88/commDish88-88/commDish'
[LOG 11:58:26.275] PartLoader: Compiling Part 'Squad/Parts/Utility/commsAntennaDTS-M1/commsAntennaDTS-M1/mediumDishAntenna'
[LOG 11:58:26.279] PartLoader: Compiling Part 'Squad/Parts/Utility/commsDish16/commsAntenna16/longAntenna'
[LOG 11:58:26.281] PartLoader: Compiling Part 'Squad/Parts/Utility/decouplerRadialHDM/decouplerRadialHDM/radialDecoupler1-2'
[LOG 11:58:26.285] PartLoader: Compiling Part 'Squad/Parts/Utility/decouplerRadialTT-38K/decouplerRadialTT-38K/radialDecoupler'
[LOG 11:58:26.288] PartLoader: Compiling Part 'Squad/Parts/Utility/decouplerRadialTT-70/decouplerRadialTT-70/radialDecoupler2'
[LOG 11:58:26.291] PartLoader: Compiling Part 'Squad/Parts/Utility/DirectAntennas/C16S/SurfAntenna'
[LOG 11:58:26.293] PartLoader: Compiling Part 'Squad/Parts/Utility/DirectAntennas/HG-5/HighGainAntenna5'
[LOG 11:58:26.296] PartLoader: Compiling Part 'Squad/Parts/Utility/DirectAntennas/HG-5_v2/HighGainAntenna5_v2'
[LOG 11:58:26.298] PartLoader: Compiling Part 'Squad/Parts/Utility/dockingPort/dockingPort/dockingPort2'
[LOG 11:58:26.305] PartLoader: Compiling Part 'Squad/Parts/Utility/dockingPortInline/dockingPortInline/dockingPortLateral'
[LOG 11:58:26.308] PartLoader: Compiling Part 'Squad/Parts/Utility/dockingPortJr/dockingPortJr/dockingPort3'
[LOG 11:58:26.310] PartLoader: Compiling Part 'Squad/Parts/Utility/dockingPortShielded/dockingPortShielded/dockingPort1'
[LOG 11:58:26.314] PartLoader: Compiling Part 'Squad/Parts/Utility/dockingPortSr/dockingPortSr/dockingPortLarge'
[LOG 11:58:26.317] PartLoader: Compiling Part 'Squad/Parts/Utility/Fireworks/fireworksLauncherBig/fireworksLauncherBig'
[LOG 11:58:26.325] PartLoader: Compiling Part 'Squad/Parts/Utility/Fireworks/fireworksLauncherSmall/fireworksLauncherSmall'
[LOG 11:58:26.328] PartLoader: Compiling Part 'Squad/Parts/Utility/flags/flagFlat/flagFlat/flagPartFlat'
[LOG 11:58:26.333] PartLoader: Compiling Part 'Squad/Parts/Utility/flags/flagSize0/flagSize0/flagPartSize0'
[LOG 11:58:26.336] PartLoader: Compiling Part 'Squad/Parts/Utility/flags/flagSize1/flagSize1/flagPartSize1'
[LOG 11:58:26.339] PartLoader: Compiling Part 'Squad/Parts/Utility/flags/flagSize2/flagSize2/flagPartSize2'
[LOG 11:58:26.342] PartLoader: Compiling Part 'Squad/Parts/Utility/flags/flagSize3/flagSize3/flagPartSize3'
[LOG 11:58:26.345] PartLoader: Compiling Part 'Squad/Parts/Utility/GrapplingDevice/part/GrapplingDevice'
[LOG 11:58:26.352] PartLoader: Compiling Part 'Squad/Parts/Utility/ladderRadial/ladderRadial/ladder1'
[LOG 11:58:26.354] PartLoader: Compiling Part 'Squad/Parts/Utility/ladderTelescopic/ladderTelescopic/telescopicLadder'
[LOG 11:58:26.357] PartLoader: Compiling Part 'Squad/Parts/Utility/ladderTelescopicBay/ladderTelescopicBay/telescopicLadderBay'
[LOG 11:58:26.365] PartLoader: Compiling Part 'Squad/Parts/Utility/landingLegLT-1/landingLegLT-1/landingLeg1'
[LOG 11:58:26.384] PartLoader: Compiling Part 'Squad/Parts/Utility/landingLegLT-2/landingLegLT-2/landingLeg1-2'
[LOG 11:58:26.390] PartLoader: Compiling Part 'Squad/Parts/Utility/landingLegLT-5/landingLegLT-5/miniLandingLeg'
[LOG 11:58:26.395] PartLoader: Compiling Part 'Squad/Parts/Utility/launchClamp1/launchClamp1/launchClamp1'
[LOG 11:58:26.398] PartLoader: Compiling Part 'Squad/Parts/Utility/launchEscapeSystem/part/LaunchEscapeSystem'
[LOG 11:58:26.402] PartLoader: Compiling Part 'Squad/Parts/Utility/Lights/domeLight1/domeLight1'
[LOG 11:58:26.404] PartLoader: Compiling Part 'Squad/Parts/Utility/Lights/groundLight1/groundLight1'
[LOG 11:58:26.407] PartLoader: Compiling Part 'Squad/Parts/Utility/Lights/groundLight2/groundLight2'
[LOG 11:58:26.410] PartLoader: Compiling Part 'Squad/Parts/Utility/Lights/navLight1/navLight1'
[LOG 11:58:26.412] PartLoader: Compiling Part 'Squad/Parts/Utility/Lights/spotLight1/spotLight3'
[LOG 11:58:26.415] PartLoader: Compiling Part 'Squad/Parts/Utility/Lights/stripLight1/stripLight1'
[LOG 11:58:26.417] PartLoader: Compiling Part 'Squad/Parts/Utility/linearVernorRCS/linearRCS/linearRcs'
[LOG 11:58:26.423] PartLoader: Compiling Part 'Squad/Parts/Utility/linearVernorRCS/vernorEngine/vernierEngine'
[LOG 11:58:26.427] PartLoader: Compiling Part 'Squad/Parts/Utility/mk2CargoBay/BayL/mk2CargoBayL'
[LOG 11:58:26.429] PartLoader: Compiling Part 'Squad/Parts/Utility/mk2CargoBay/BayS/mk2CargoBayS'
[LOG 11:58:26.431] PartLoader: Compiling Part 'Squad/Parts/Utility/mk2CrewCabin/mk2CrewCabin/mk2CrewCabin'
[WRN 11:58:26.432] [Part]: Cannot have ModuleCargoPart and ModuleInventoryPart on same Part [mk2CrewCabin'. Removed ModuleCargoPart
[LOG 11:58:26.434] PartLoader: Compiling Part 'Squad/Parts/Utility/mk2DockingPort/mk2DockingPort/mk2DockingPort'
[LOG 11:58:26.437] PartLoader: Compiling Part 'Squad/Parts/Utility/mk3CargoBay/long/mk3CargoBayL'
[LOG 11:58:26.440] PartLoader: Compiling Part 'Squad/Parts/Utility/mk3CargoBay/medium/mk3CargoBayM'
[LOG 11:58:26.442] PartLoader: Compiling Part 'Squad/Parts/Utility/mk3CargoBay/ramp/mk3CargoRamp'
[LOG 11:58:26.444] PartLoader: Compiling Part 'Squad/Parts/Utility/mk3CargoBay/short/mk3CargoBayS'
[LOG 11:58:26.446] PartLoader: Compiling Part 'Squad/Parts/Utility/parachuteMk1/parachuteMk1/parachuteSingle'
[LOG 11:58:26.453] PartLoader: Compiling Part 'Squad/Parts/Utility/parachuteMk12-R/parachuteMk12-R/radialDrogue'
[LOG 11:58:26.456] PartLoader: Compiling Part 'Squad/Parts/Utility/parachuteMk16-XL/parachuteMk16-XL/parachuteLarge'
[LOG 11:58:26.461] PartLoader: Compiling Part 'Squad/Parts/Utility/parachuteMk2-R/parachuteMk2-R/parachuteRadial'
[LOG 11:58:26.465] PartLoader: Compiling Part 'Squad/Parts/Utility/parachuteMk25/parachuteMk25/parachuteDrogue'
[LOG 11:58:26.468] PartLoader: Compiling Part 'Squad/Parts/Utility/radialAttachmentPoint/radialAttachmentPoint/stackPoint1'
[LOG 11:58:26.470] PartLoader: Compiling Part 'Squad/Parts/Utility/rcsBlockRV-105_v2/rcsBlockRV-105/RCSBlock_v2'
[LOG 11:58:26.473] PartLoader: Compiling Part 'Squad/Parts/Utility/rcsBlockRV-105_v2/RCSblock_01_small/RCSblock_01_small'
[LOG 11:58:26.477] PartLoader: Compiling Part 'Squad/Parts/Utility/rcsSmallLinear/RCSLinearSmall/RCSLinearSmall'
[LOG 11:58:26.480] PartLoader: Compiling Part 'Squad/Parts/Utility/RelayAntennas/RA-100/RelayAntenna100'
[LOG 11:58:26.483] PartLoader: Compiling Part 'Squad/Parts/Utility/RelayAntennas/RA-5/RelayAntenna5'
[LOG 11:58:26.485] PartLoader: Compiling Part 'Squad/Parts/Utility/RelayAntennas/RA-50/RelayAntenna50'
[LOG 11:58:26.486] PartLoader: Compiling Part 'Squad/Parts/Utility/rockomaxAdapters/largeAdapter/largeAdapter'
[LOG 11:58:26.488] PartLoader: Compiling Part 'Squad/Parts/Utility/rockomaxAdapters/largeAdapterShort/largeAdapter2'
[LOG 11:58:26.491] PartLoader: Compiling Part 'Squad/Parts/Utility/ServiceBay_v2/ServiceBay_125_v2/ServiceBay_125_v2'
[LOG 11:58:26.494] PartLoader: Compiling Part 'Squad/Parts/Utility/ServiceBay_v2/ServiceBay_250_v2/ServiceBay_250_v2'
[LOG 11:58:26.496] PartLoader: Compiling Part 'Squad/Parts/Utility/smallClaw/smallClaw/smallClaw'
[LOG 11:58:26.500] PartLoader: Compiling Part 'Squad/Parts/Utility/spotLightMk1/spotLightMk1/spotLight1'
[LOG 11:58:26.502] PartLoader: Compiling Part 'Squad/Parts/Utility/spotLightMk1_v2/spotLightMk1_v2/spotLight1_v2'
[LOG 11:58:26.505] PartLoader: Compiling Part 'Squad/Parts/Utility/spotLightMk2/spotLightMk2/spotLight2'
[LOG 11:58:26.507] PartLoader: Compiling Part 'Squad/Parts/Utility/spotLightMk2_v2/spotLightMk2_v2/spotLight2_v2'
[LOG 11:58:26.511] PartLoader: Compiling Part 'Squad/Parts/Utility/stackCouplers/stackBiCoupler_v2/stackBiCoupler_v2'
[LOG 11:58:26.512] PartLoader: Compiling Part 'Squad/Parts/Utility/stackCouplers/stackQuadCoupler/stackQuadCoupler'
[LOG 11:58:26.514] PartLoader: Compiling Part 'Squad/Parts/Utility/stackCouplers/stackTriCoupler_v2/stackTriCoupler_v2'
[LOG 11:58:26.515] PartLoader: Compiling Part 'Squad/Parts/Wheel/LandingGear/GearExtraLarge/GearLarge'
[LOG 11:58:26.524] PartLoader: Compiling Part 'Squad/Parts/Wheel/LandingGear/GearFixed/GearFixed'
[LOG 11:58:26.527] PartLoader: Compiling Part 'Squad/Parts/Wheel/LandingGear/GearFree/GearFree'
[LOG 11:58:26.533] PartLoader: Compiling Part 'Squad/Parts/Wheel/LandingGear/GearLarge/GearMedium'
[LOG 11:58:26.541] PartLoader: Compiling Part 'Squad/Parts/Wheel/LandingGear/GearMedium/GearSmall'
[LOG 11:58:26.547] PartLoader: Compiling Part 'Squad/Parts/Wheel/LandingGear/GearSmall/SmallGearBay'
[LOG 11:58:26.554] PartLoader: Compiling Part 'Squad/Parts/Wheel/roverWheelM1/roverWheelM1/roverWheel1'
[LOG 11:58:26.561] PartLoader: Compiling Part 'Squad/Parts/Wheel/roverWheelS2/roverWheelS2/roverWheel2'
[LOG 11:58:26.571] PartLoader: Compiling Part 'Squad/Parts/Wheel/roverWheelTR-2L/roverWheelTR-2L/wheelMed'
[LOG 11:58:26.577] PartLoader: Compiling Part 'Squad/Parts/Wheel/roverWheelXL3/roverWheelXL3/roverWheel3'
[LOG 11:58:26.584] PartLoader: Compiling Part 'SquadExpansion/MakingHistory/Parts/Aero/protectiveRocketNoseMk16/rocketNoseCone_size4/rocketNoseConeSize4'
[LOG 11:58:26.586] PartLoader: Compiling Part 'SquadExpansion/MakingHistory/Parts/Aero/protectiveRocketNoseMk5A/Size_1_5_Cone/Size_1_5_Cone'
[LOG 11:58:26.589] PartLoader: Compiling Part 'SquadExpansion/MakingHistory/Parts/Coupling/Decoupler_1p5/Decoupler_1p5'
[LOG 11:58:26.599] PartLoader: Compiling Part 'SquadExpansion/MakingHistory/Parts/Coupling/Decoupler_4/Decoupler_4'
[LOG 11:58:26.602] PartLoader: Compiling Part 'SquadExpansion/MakingHistory/Parts/Coupling/EnginePlate_1p5/EnginePlate1p5'
[LOG 11:58:26.614] PartLoader: Compiling Part 'SquadExpansion/MakingHistory/Parts/Coupling/EnginePlate_2/EnginePlate2'
[LOG 11:58:26.619] PartLoader: Compiling Part 'SquadExpansion/MakingHistory/Parts/Coupling/EnginePlate_3/EnginePlate3'
[LOG 11:58:26.622] PartLoader: Compiling Part 'SquadExpansion/MakingHistory/Parts/Coupling/EnginePlate_4/EnginePlate4'
[LOG 11:58:26.626] PartLoader: Compiling Part 'SquadExpansion/MakingHistory/Parts/Coupling/EnginePlate_5/EnginePlate5'
[LOG 11:58:26.629] PartLoader: Compiling Part 'SquadExpansion/MakingHistory/Parts/Coupling/InflatableAirlock/InflatableAirlock'
[LOG 11:58:26.633] PartLoader: Compiling Part 'SquadExpansion/MakingHistory/Parts/Coupling/Separator_1p5/Separator_1p5'
[LOG 11:58:26.635] PartLoader: Compiling Part 'SquadExpansion/MakingHistory/Parts/Coupling/Separator_4/Separator_4'
[LOG 11:58:26.637] PartLoader: Compiling Part 'SquadExpansion/MakingHistory/Parts/Coupling/Size1p5_Strut_Decoupler/Size1p5_Strut_Decoupler'
[LOG 11:58:26.641] PartLoader: Compiling Part 'SquadExpansion/MakingHistory/Parts/Engine/LiquidEngineKE-1/LiquidEngineKE-1'
[LOG 11:58:26.647] PartLoader: Compiling Part 'SquadExpansion/MakingHistory/Parts/Engine/LiquidEngineLV-T91/LiquidEngineLV-T91'
[LOG 11:58:26.651] PartLoader: Compiling Part 'SquadExpansion/MakingHistory/Parts/Engine/LiquidEngineLV-TX87/LiquidEngineLV-TX87'
[LOG 11:58:26.657] PartLoader: Compiling Part 'SquadExpansion/MakingHistory/Parts/Engine/LiquidEngineRE-I2/LiquidEngineRE-I2'
[LOG 11:58:26.663] PartLoader: Compiling Part 'SquadExpansion/MakingHistory/Parts/Engine/LiquidEngineRE-J10/LiquidEngineRE-J10'
[LOG 11:58:26.671] PartLoader: Compiling Part 'SquadExpansion/MakingHistory/Parts/Engine/LiquidEngineRK-7/LiquidEngineRK-7'
[LOG 11:58:26.675] PartLoader: Compiling Part 'SquadExpansion/MakingHistory/Parts/Engine/LiquidEngineRV-1/LiquidEngineRV-1'
[LOG 11:58:26.679] PartLoader: Compiling Part 'SquadExpansion/MakingHistory/Parts/Engine/solidBoosterTHK/solidBoosterTHK/Pollux'
[LOG 11:58:26.683] PartLoader: Compiling Part 'SquadExpansion/MakingHistory/Parts/FuelTank/MonoPropMini/monopropMiniSphere'
[LOG 11:58:26.684] PartLoader: Compiling Part 'SquadExpansion/MakingHistory/Parts/FuelTank/Size1p5_Monoprop/Size1p5_Monoprop'
[LOG 11:58:26.686] PartLoader: Compiling Part 'SquadExpansion/MakingHistory/Parts/FuelTank/Size1p5_Size0_Adapter_01/Size1p5_Size0_Adapter_01'
[LOG 11:58:26.687] PartLoader: Compiling Part 'SquadExpansion/MakingHistory/Parts/FuelTank/Size1p5_Size1_Adapter_01/Size1p5_Size1_Adapter_01'
[LOG 11:58:26.689] PartLoader: Compiling Part 'SquadExpansion/MakingHistory/Parts/FuelTank/Size1p5_Size1_Adapter_02/Size1p5_Size1_Adapter_02'
[LOG 11:58:26.690] PartLoader: Compiling Part 'SquadExpansion/MakingHistory/Parts/FuelTank/Size1p5_Size2_Adapter_01/Size1p5_Size2_Adapter_01'
[LOG 11:58:26.692] PartLoader: Compiling Part 'SquadExpansion/MakingHistory/Parts/FuelTank/Size1p5_Tank_01/Size1p5_Tank_01'
[LOG 11:58:26.694] PartLoader: Compiling Part 'SquadExpansion/MakingHistory/Parts/FuelTank/Size1p5_Tank_02/Size1p5_Tank_02'
[LOG 11:58:26.697] PartLoader: Compiling Part 'SquadExpansion/MakingHistory/Parts/FuelTank/Size1p5_Tank_03/Size1p5_Tank_03'
[LOG 11:58:26.699] PartLoader: Compiling Part 'SquadExpansion/MakingHistory/Parts/FuelTank/Size1p5_Tank_04/Size1p5_Tank_04'
[LOG 11:58:26.701] PartLoader: Compiling Part 'SquadExpansion/MakingHistory/Parts/FuelTank/Size1p5_Tank_05/Size1p5_Tank_05'
[LOG 11:58:26.704] PartLoader: Compiling Part 'SquadExpansion/MakingHistory/Parts/FuelTank/Size3_Size4_Adapter_01/Size3_Size4_Adapter_01'
[LOG 11:58:26.705] PartLoader: Compiling Part 'SquadExpansion/MakingHistory/Parts/FuelTank/Size4_EngineAdapter_01/Size4_EngineAdapter_01'
[LOG 11:58:26.707] PartLoader: Compiling Part 'SquadExpansion/MakingHistory/Parts/FuelTank/Size4_Tank_01/Size4_Tank_01'
[LOG 11:58:26.707] PartLoader: Compiling Part 'SquadExpansion/MakingHistory/Parts/FuelTank/Size4_Tank_02/Size4_Tank_02'
[LOG 11:58:26.709] PartLoader: Compiling Part 'SquadExpansion/MakingHistory/Parts/FuelTank/Size4_Tank_03/Size4_Tank_03'
[LOG 11:58:26.710] PartLoader: Compiling Part 'SquadExpansion/MakingHistory/Parts/FuelTank/Size4_Tank_04/Size4_Tank_04'
[LOG 11:58:26.711] PartLoader: Compiling Part 'SquadExpansion/MakingHistory/Parts/Ground/RoverWheel/roverWheelM1-F'
[LOG 11:58:26.717] PartLoader: Compiling Part 'SquadExpansion/MakingHistory/Parts/Payload/fairingSize1p5/fairingSize1p5'
[LOG 11:58:26.723] PartLoader: Compiling Part 'SquadExpansion/MakingHistory/Parts/Payload/fairingSize4/fairingSize4'
[LOG 11:58:26.727] PartLoader: Compiling Part 'SquadExpansion/MakingHistory/Parts/Payload/Size1to0ServiceModule/Size1to0ServiceModule'
[LOG 11:58:26.733] PartLoader: Compiling Part 'SquadExpansion/MakingHistory/Parts/Payload/SM18/ServiceModule18'
[LOG 11:58:26.736] PartLoader: Compiling Part 'SquadExpansion/MakingHistory/Parts/Payload/SM25/ServiceModule25'
[LOG 11:58:26.740] PartLoader: Compiling Part 'SquadExpansion/MakingHistory/Parts/Pods/KV1Pod/kv1Pod'
[WRN 11:58:26.742] [Part]: Cannot have ModuleCargoPart and ModuleInventoryPart on same Part [kv1Pod'. Removed ModuleCargoPart
[LOG 11:58:26.747] PartLoader: Compiling Part 'SquadExpansion/MakingHistory/Parts/Pods/KV2Pod/kv2Pod'
[WRN 11:58:26.748] [Part]: Cannot have ModuleCargoPart and ModuleInventoryPart on same Part [kv2Pod'. Removed ModuleCargoPart
[LOG 11:58:26.752] PartLoader: Compiling Part 'SquadExpansion/MakingHistory/Parts/Pods/KV3Pod/kv3Pod'
[WRN 11:58:26.754] [Part]: Cannot have ModuleCargoPart and ModuleInventoryPart on same Part [kv3Pod'. Removed ModuleCargoPart
[LOG 11:58:26.757] PartLoader: Compiling Part 'SquadExpansion/MakingHistory/Parts/Pods/Mk2Pod/Mk2Pod'
[WRN 11:58:26.759] [Part]: Cannot have ModuleCargoPart and ModuleInventoryPart on same Part [Mk2Pod'. Removed ModuleCargoPart
[LOG 11:58:26.762] PartLoader: Compiling Part 'SquadExpansion/MakingHistory/Parts/Pods/Size1_5_Lander/MEMLander'
[WRN 11:58:26.764] [Part]: Cannot add ModuleCargoPart as this Part 'MEMLander' already has a ModuleInventoryPart PartModule and they are mutually exclusive.
[LOG 11:58:26.768] PartLoader: Compiling Part 'SquadExpansion/MakingHistory/Parts/Prebuilt/kerbalEVAfemaleVintage/kerbalEVAfemaleVintage'
[LOG 11:58:26.772] PartLoader: Compiling Part 'SquadExpansion/MakingHistory/Parts/Prebuilt/kerbalEVAVintage/kerbalEVAVintage'
[LOG 11:58:26.775] PartLoader: Compiling Part 'SquadExpansion/MakingHistory/Parts/Structural/EquiTriangle0/EquiTriangle0'
[LOG 11:58:26.779] PartLoader: Compiling Part 'SquadExpansion/MakingHistory/Parts/Structural/EquiTriangle1/EquiTriangle1'
[LOG 11:58:26.781] PartLoader: Compiling Part 'SquadExpansion/MakingHistory/Parts/Structural/EquiTriangle1p5/EquiTriangle1p5'
[LOG 11:58:26.783] PartLoader: Compiling Part 'SquadExpansion/MakingHistory/Parts/Structural/EquiTriangle2/EquiTriangle2'
[LOG 11:58:26.785] PartLoader: Compiling Part 'SquadExpansion/MakingHistory/Parts/Structural/Panel0/Panel0'
[LOG 11:58:26.786] PartLoader: Compiling Part 'SquadExpansion/MakingHistory/Parts/Structural/Panel1/Panel1'
[LOG 11:58:26.788] PartLoader: Compiling Part 'SquadExpansion/MakingHistory/Parts/Structural/Panel1p5/Panel1p5'
[LOG 11:58:26.789] PartLoader: Compiling Part 'SquadExpansion/MakingHistory/Parts/Structural/Panel2/Panel2'
[LOG 11:58:26.791] PartLoader: Compiling Part 'SquadExpansion/MakingHistory/Parts/Structural/Triangle0/Triangle0'
[LOG 11:58:26.793] PartLoader: Compiling Part 'SquadExpansion/MakingHistory/Parts/Structural/Triangle1/Triangle1'
[LOG 11:58:26.795] PartLoader: Compiling Part 'SquadExpansion/MakingHistory/Parts/Structural/Triangle1p5/Triangle1p5'
[LOG 11:58:26.796] PartLoader: Compiling Part 'SquadExpansion/MakingHistory/Parts/Structural/Triangle2/Triangle2'
[LOG 11:58:26.799] PartLoader: Compiling Part 'SquadExpansion/MakingHistory/Parts/Structural/Tube1/Tube1'
[LOG 11:58:26.802] PartLoader: Compiling Part 'SquadExpansion/MakingHistory/Parts/Structural/Tube1p5/Tube1p5'
[LOG 11:58:26.804] PartLoader: Compiling Part 'SquadExpansion/MakingHistory/Parts/Structural/Tube2/Tube2'
[LOG 11:58:26.806] PartLoader: Compiling Part 'SquadExpansion/MakingHistory/Parts/Structural/Tube3/Tube3'
[LOG 11:58:26.808] PartLoader: Compiling Part 'SquadExpansion/MakingHistory/Parts/Structural/Tube4/Tube4'
[LOG 11:58:26.810] PartLoader: Compiling Part 'SquadExpansion/MakingHistory/Parts/Thermal/HeatShield1p5/HeatShield1p5'
[LOG 11:58:26.814] PartLoader: Compiling Part 'SquadExpansion/MakingHistory/Parts/Utility/flags/flagSize1p5/flagSize1p5/flagPartSize1p5'
[LOG 11:58:26.817] PartLoader: Compiling Part 'SquadExpansion/MakingHistory/Parts/Utility/flags/flagSize4/flagSize4/flagPartSize4'
[LOG 11:58:26.820] PartLoader: Compiling Part 'SquadExpansion/Serenity/Parts/Aero/FanShroud_01/FanShroud_01'
[LOG 11:58:26.821] PartLoader: Compiling Part 'SquadExpansion/Serenity/Parts/Aero/FanShroud_02/FanShroud_02'
[LOG 11:58:26.823] PartLoader: Compiling Part 'SquadExpansion/Serenity/Parts/Aero/FanShroud_03/FanShroud_03'
[LOG 11:58:26.825] PartLoader: Compiling Part 'SquadExpansion/Serenity/Parts/Aero/noseconeTiny/noseconeTiny'
[LOG 11:58:26.826] PartLoader: Compiling Part 'SquadExpansion/Serenity/Parts/Aero/noseconeVS/noseconeVS'
[LOG 11:58:26.827] PartLoader: Compiling Part 'SquadExpansion/Serenity/Parts/DeployedScience/centralStation/DeployedCentralStation'
[LOG 11:58:26.834] PartLoader: Compiling Part 'SquadExpansion/Serenity/Parts/DeployedScience/gooObservation/DeployedGoExOb'
[LOG 11:58:26.843] PartLoader: Compiling Part 'SquadExpansion/Serenity/Parts/DeployedScience/ionCollector/DeployedIONExp'
[LOG 11:58:26.845] PartLoader: Compiling Part 'SquadExpansion/Serenity/Parts/DeployedScience/rtg/DeployedRTG'
[LOG 11:58:26.850] PartLoader: Compiling Part 'SquadExpansion/Serenity/Parts/DeployedScience/satDish/DeployedSatDish'
[LOG 11:58:26.855] PartLoader: Compiling Part 'SquadExpansion/Serenity/Parts/DeployedScience/seismicSensor/DeployedSeismicSensor'
[LOG 11:58:26.858] PartLoader: Compiling Part 'SquadExpansion/Serenity/Parts/DeployedScience/solarPanel/DeployedSolarPanel'
[LOG 11:58:26.861] PartLoader: Compiling Part 'SquadExpansion/Serenity/Parts/DeployedScience/weatherStation/DeployedWeatherStn'
[LOG 11:58:26.864] PartLoader: Compiling Part 'SquadExpansion/Serenity/Parts/Prebuilt/kerbalEVA/kerbalEVA'
[LOG 11:58:26.865] PartLoader: Compiling Part 'SquadExpansion/Serenity/Parts/Prebuilt/kerbalEVAfemale/kerbalEVAfemale'
[LOG 11:58:26.866] PartLoader: Compiling Part 'SquadExpansion/Serenity/Parts/Prebuilt/kerbalEVAfemaleFuture/kerbalEVAfemaleFuture'
[LOG 11:58:26.869] PartLoader: Compiling Part 'SquadExpansion/Serenity/Parts/Prebuilt/kerbalEVAfemaleVintage/kerbalEVAfemaleVintage'
[LOG 11:58:26.870] PartLoader: Compiling Part 'SquadExpansion/Serenity/Parts/Prebuilt/kerbalEVAFuture/kerbalEVAFuture'
[LOG 11:58:26.873] PartLoader: Compiling Part 'SquadExpansion/Serenity/Parts/Prebuilt/kerbalEVASlimSuit/kerbalEVASlimSuit'
[LOG 11:58:26.874] PartLoader: Compiling Part 'SquadExpansion/Serenity/Parts/Prebuilt/kerbalEVASlimSuitFemale/kerbalEVASlimSuitFemale'
[LOG 11:58:26.875] PartLoader: Compiling Part 'SquadExpansion/Serenity/Parts/Prebuilt/kerbalEVAVintage/kerbalEVAVintage'
[LOG 11:58:26.876] PartLoader: Compiling Part 'SquadExpansion/Serenity/Parts/Propellers/largeFanBlade/largeFanBlade'
[LOG 11:58:26.881] PartLoader: Compiling Part 'SquadExpansion/Serenity/Parts/Propellers/largeHeliBlade/largeHeliBlade'
[LOG 11:58:26.884] PartLoader: Compiling Part 'SquadExpansion/Serenity/Parts/Propellers/largePropeller/largePropeller'
[LOG 11:58:26.887] PartLoader: Compiling Part 'SquadExpansion/Serenity/Parts/Propellers/mediumFanBlade/mediumFanBlade'
[LOG 11:58:26.889] PartLoader: Compiling Part 'SquadExpansion/Serenity/Parts/Propellers/mediumHeliBlade/mediumHeliBlade'
[LOG 11:58:26.892] PartLoader: Compiling Part 'SquadExpansion/Serenity/Parts/Propellers/mediumPropeller/mediumPropeller'
[LOG 11:58:26.895] PartLoader: Compiling Part 'SquadExpansion/Serenity/Parts/Propellers/smallFanBlade/smallFanBlade'
[LOG 11:58:26.902] PartLoader: Compiling Part 'SquadExpansion/Serenity/Parts/Propellers/smallHeliBlade/smallHeliBlade'
[LOG 11:58:26.904] PartLoader: Compiling Part 'SquadExpansion/Serenity/Parts/Propellers/smallPropeller/smallPropeller'
[LOG 11:58:26.907] PartLoader: Compiling Part 'SquadExpansion/Serenity/Parts/Robotics/hinge_01/hinge_01'
[LOG 11:58:26.917] PartLoader: Compiling Part 'SquadExpansion/Serenity/Parts/Robotics/hinge_01_s/hinge_01_s'
[LOG 11:58:26.922] PartLoader: Compiling Part 'SquadExpansion/Serenity/Parts/Robotics/hinge_03/hinge_03'
[LOG 11:58:26.926] PartLoader: Compiling Part 'SquadExpansion/Serenity/Parts/Robotics/hinge_03_s/hinge_03_s'
[LOG 11:58:26.931] PartLoader: Compiling Part 'SquadExpansion/Serenity/Parts/Robotics/hinge_04/hinge_04'
[LOG 11:58:26.937] PartLoader: Compiling Part 'SquadExpansion/Serenity/Parts/Robotics/piston_01/piston_01'
[LOG 11:58:26.946] PartLoader: Compiling Part 'SquadExpansion/Serenity/Parts/Robotics/piston_02/piston_02'
[LOG 11:58:26.956] PartLoader: Compiling Part 'SquadExpansion/Serenity/Parts/Robotics/piston_03/piston_03'
[LOG 11:58:26.961] PartLoader: Compiling Part 'SquadExpansion/Serenity/Parts/Robotics/piston_04/piston_04'
[LOG 11:58:26.966] PartLoader: Compiling Part 'SquadExpansion/Serenity/Parts/Robotics/RotorEngine_02/RotorEngine_02'
[LOG 11:58:26.979] PartLoader: Compiling Part 'SquadExpansion/Serenity/Parts/Robotics/RotorEngine_03/RotorEngine_03'
[LOG 11:58:26.982] PartLoader: Compiling Part 'SquadExpansion/Serenity/Parts/Robotics/rotor_01/rotor_01'
[LOG 11:58:26.987] PartLoader: Compiling Part 'SquadExpansion/Serenity/Parts/Robotics/rotor_01s/rotor_01s'
[LOG 11:58:26.992] PartLoader: Compiling Part 'SquadExpansion/Serenity/Parts/Robotics/rotor_02/rotor_02'
[LOG 11:58:26.995] PartLoader: Compiling Part 'SquadExpansion/Serenity/Parts/Robotics/rotor_02s/rotor_02s'
[LOG 11:58:26.999] PartLoader: Compiling Part 'SquadExpansion/Serenity/Parts/Robotics/rotor_03/rotor_03'
[LOG 11:58:27.002] PartLoader: Compiling Part 'SquadExpansion/Serenity/Parts/Robotics/rotor_03s/rotor_03s'
[LOG 11:58:27.006] PartLoader: Compiling Part 'SquadExpansion/Serenity/Parts/Robotics/rotoServo_00/rotoServo_00'
[LOG 11:58:27.014] PartLoader: Compiling Part 'SquadExpansion/Serenity/Parts/Robotics/rotoServo_02/rotoServo_02'
[LOG 11:58:27.017] PartLoader: Compiling Part 'SquadExpansion/Serenity/Parts/Robotics/rotoServo_03/rotoServo_03'
[LOG 11:58:27.021] PartLoader: Compiling Part 'SquadExpansion/Serenity/Parts/Robotics/rotoServo_04/rotoServo_04'
[LOG 11:58:27.025] PartLoader: Compiling Part 'SquadExpansion/Serenity/Parts/Robotics/Controllers/KAL1000/controller1000'
[LOG 11:58:27.032] PartLoader: Compiling Part 'SquadExpansion/Serenity/Parts/Science/RobotArmScanner/RobotArmScanner_S1/RobotArmScanner_S1'
[LOG 11:58:27.039] PartLoader: Compiling Part 'SquadExpansion/Serenity/Parts/Science/RobotArmScanner/RobotArmScanner_S2/RobotArmScanner_S2'
[LOG 11:58:27.044] PartLoader: Compiling Part 'SquadExpansion/Serenity/Parts/Science/RobotArmScanner/RobotArmScanner_S3/RobotArmScanner_S3'
[LOG 11:58:27.049] PartLoader: Compiling Part 'SquadExpansion/Serenity/Parts/Structural/gripPads/lGripPad/lGripPad'
[LOG 11:58:27.058] PartLoader: Compiling Part 'SquadExpansion/Serenity/Parts/Structural/gripPads/lGripStrip/lGripStrip'
[LOG 11:58:27.062] PartLoader: Compiling Part 'SquadExpansion/Serenity/Parts/Structural/gripPads/mGripPad/mGripPad'
[LOG 11:58:27.064] PartLoader: Compiling Part 'SquadExpansion/Serenity/Parts/Structural/gripPads/sGripPad/sGripPad'
[LOG 11:58:27.066] PartLoader: Compiling Part 'SquadExpansion/Serenity/Parts/Structural/gripPads/sGripStrip/sGripStrip'
[LOG 11:58:27.069] PartLoader: Compiling Internal Prop 'Squad/Props/AltimeterThreeHands/prop/AltimeterThreeHands'
[LOG 11:58:27.071] PartLoader: Compiling Internal Prop 'Squad/Props/AtmosphereDepth/prop/AtmosphereDepth'
[LOG 11:58:27.072] PartLoader: Compiling Internal Prop 'Squad/Props/AxisIndicator/pitchConfig/AxisIndicatorPitch'
[LOG 11:58:27.073] PartLoader: Compiling Internal Prop 'Squad/Props/AxisIndicator/rollConfig/AxisIndicatorRoll'
[LOG 11:58:27.074] PartLoader: Compiling Internal Prop 'Squad/Props/AxisIndicator/yawConfig/AxisIndicatorYaw'
[LOG 11:58:27.074] PartLoader: Compiling Internal Prop 'Squad/Props/buttonsGeneric/circularButton/genericCircularButton'
[LOG 11:58:27.075] PartLoader: Compiling Internal Prop 'Squad/Props/buttonsGeneric/clusterButtons/genericClusterButtons'
[LOG 11:58:27.084] PartLoader: Compiling Internal Prop 'Squad/Props/buttonsGeneric/clusterButtons2/genericClusterButtons2'
[LOG 11:58:27.085] PartLoader: Compiling Internal Prop 'Squad/Props/buttonsGeneric/clusterKnob/genericClusterKnobs'
[LOG 11:58:27.085] PartLoader: Compiling Internal Prop 'Squad/Props/buttonsGeneric/clusterKnob2/genericClusterKnobs2'
[LOG 11:58:27.085] PartLoader: Compiling Internal Prop 'Squad/Props/buttonsGeneric/clusterMixed/genericClusterMixed'
[LOG 11:58:27.085] PartLoader: Compiling Internal Prop 'Squad/Props/buttonsGeneric/clusterSwitches01/genericClusterSwitches01'
[LOG 11:58:27.086] PartLoader: Compiling Internal Prop 'Squad/Props/buttonsGeneric/clusterSwitches02/genericClusterSwitches02'
[LOG 11:58:27.086] PartLoader: Compiling Internal Prop 'Squad/Props/buttonsGeneric/clusterSwitches03/genericClusterSwitches03'
[LOG 11:58:27.086] PartLoader: Compiling Internal Prop 'Squad/Props/buttonsGeneric/clusterSwitches04/genericClusterSwitches04'
[LOG 11:58:27.086] PartLoader: Compiling Internal Prop 'Squad/Props/buttonsGeneric/clusterSwitches05/genericClusterSwitches05'
[LOG 11:58:27.086] PartLoader: Compiling Internal Prop 'Squad/Props/buttonsGeneric/clusterSwitches06/genericClusterSwitches06'
[LOG 11:58:27.087] PartLoader: Compiling Internal Prop 'Squad/Props/buttonsGeneric/clusterSwitches07/genericClusterSwitches07'
[LOG 11:58:27.087] PartLoader: Compiling Internal Prop 'Squad/Props/buttonsGeneric/directionalKnob/genericDirectionalKnob'
[LOG 11:58:27.087] PartLoader: Compiling Internal Prop 'Squad/Props/buttonsGeneric/directionalKnob2/genericDirectionalKnob2'
[LOG 11:58:27.087] PartLoader: Compiling Internal Prop 'Squad/Props/buttonsGeneric/pullSwitch/genericPullSwitch'
[LOG 11:58:27.087] PartLoader: Compiling Internal Prop 'Squad/Props/buttonsGeneric/squareButton/genericSquareButton'
[LOG 11:58:27.087] PartLoader: Compiling Internal Prop 'Squad/Props/buttonsGeneric/standingSwitch/genericStandingSwitch'
[LOG 11:58:27.087] PartLoader: Compiling Internal Prop 'Squad/Props/buttonsGeneric/switch/genericSwitch'
[LOG 11:58:27.089] PartLoader: Compiling Internal Prop 'Squad/Props/buttonsGeneric/switchWithGuards/genericSwitchWithGuards'
[LOG 11:58:27.089] PartLoader: Compiling Internal Prop 'Squad/Props/ButtonSquare/prop/ButtonSquare'
[LOG 11:58:27.090] PartLoader: Compiling Internal Prop 'Squad/Props/circularButton/prop/circularButton'
[LOG 11:58:27.090] PartLoader: Compiling Internal Prop 'Squad/Props/Compass/prop/Compass'
[LOG 11:58:27.091] PartLoader: Compiling Internal Prop 'Squad/Props/directionalKnob/prop/directionalKnob'
[LOG 11:58:27.091] PartLoader: Compiling Internal Prop 'Squad/Props/directionalKnob2/prop/directionalKnob2'
[LOG 11:58:27.092] PartLoader: Compiling Internal Prop 'Squad/Props/IndicatorPanel/prop/IndicatorPanel'
[LOG 11:58:27.093] PartLoader: Compiling Internal Prop 'Squad/Props/IVANavBall/prop/NavBall'
[LOG 11:58:27.095] PartLoader: Compiling Internal Prop 'Squad/Props/IVANavBallNoBase/prop/NavBallNoBase'
[LOG 11:58:27.095] PartLoader: Compiling Internal Prop 'Squad/Props/ledPanelSpeed/prop/ledPanelSpeed'
[LOG 11:58:27.096] PartLoader: Compiling Internal Prop 'Squad/Props/Monitor/DockingMode/MonitorDockingMode'
[LOG 11:58:27.097] PartLoader: Compiling Internal Prop 'Squad/Props/NavBall/prop/NavBall'
[LOG 11:58:27.097] PartLoader: Compiling Internal Prop 'Squad/Props/PropsGeneric/Button_DockingMode/Button_DockingMode'
[LOG 11:58:27.097] PartLoader: Compiling Internal Prop 'Squad/Props/PropsGeneric/CargoBagA/CargoBagA'
[LOG 11:58:27.097] PartLoader: Compiling Internal Prop 'Squad/Props/PropsGeneric/CargoBagB/CargoBagB'
[LOG 11:58:27.098] PartLoader: Compiling Internal Prop 'Squad/Props/PropsGeneric/CargoBagC/CargoBagC'
[LOG 11:58:27.098] PartLoader: Compiling Internal Prop 'Squad/Props/PropsGeneric/Hatch_Plane/Hatch_Plane'
[LOG 11:58:27.098] PartLoader: Compiling Internal Prop 'Squad/Props/PropsGeneric/Hatch_Plane_Curve90/Hatch_Plane_Curve90'
[LOG 11:58:27.098] PartLoader: Compiling Internal Prop 'Squad/Props/PropsGeneric/Hatch_Plane_Frame/Hatch_Plane_Frame'
[LOG 11:58:27.099] PartLoader: Compiling Internal Prop 'Squad/Props/PropsGeneric/Seat_Passenger/Seat_Passenger'
[LOG 11:58:27.099] PartLoader: Compiling Internal Prop 'Squad/Props/PropsGeneric/Seat_Pilot/Seat_Pilot'
[LOG 11:58:27.099] PartLoader: Compiling Internal Prop 'Squad/Props/PropsGeneric/Seat_Pilot_Helmet/Seat_Pilot_Helmet'
[LOG 11:58:27.099] PartLoader: Compiling Internal Prop 'Squad/Props/PropsGeneric/SideStick/SideStick'
[LOG 11:58:27.099] PartLoader: Compiling Internal Prop 'Squad/Props/pullSwitch/prop/pullSwitch'
[LOG 11:58:27.099] PartLoader: Compiling Internal Prop 'Squad/Props/radarAltitude/prop/RadarAltimeter'
[LOG 11:58:27.100] PartLoader: Compiling Internal Prop 'Squad/Props/squareButton/prop/squareButton'
[LOG 11:58:27.100] PartLoader: Compiling Internal Prop 'Squad/Props/standingSwitch/prop/standingSwitch'
[LOG 11:58:27.101] PartLoader: Compiling Internal Prop 'Squad/Props/switch/prop/switch'
[LOG 11:58:27.101] PartLoader: Compiling Internal Prop 'Squad/Props/switchGuard/prop/switchGuard'
[LOG 11:58:27.101] PartLoader: Compiling Internal Prop 'Squad/Props/switchWithGuards/prop/switchWithGuards'
[LOG 11:58:27.101] PartLoader: Compiling Internal Prop 'Squad/Props/throttle/prop/throttle'
[LOG 11:58:27.102] PartLoader: Compiling Internal Prop 'Squad/Props/VSI/prop/VSI'
[LOG 11:58:27.104] PartLoader: Compiling Internal Space 'Squad/Spaces/crewCabinInternals/internal/crewCabinInternals'
[LOG 11:58:27.111] PartLoader: Compiling Internal Space 'Squad/Spaces/cupolaInternal/internal/cupolaInternal'
[LOG 11:58:27.120] PartLoader: Compiling Internal Space 'Squad/Spaces/GenericSpace1/internal/GenericSpace1'
[LOG 11:58:27.121] PartLoader: Compiling Internal Space 'Squad/Spaces/GenericSpace3/internal/GenericSpace3'
[LOG 11:58:27.122] PartLoader: Compiling Internal Space 'Squad/Spaces/landerCabinInternals/internal/landerCabinInternals'
[LOG 11:58:27.123] PartLoader: Compiling Internal Space 'Squad/Spaces/landerCabinSmallInternal/internal/landerCabinSmallInternal'
[LOG 11:58:27.125] PartLoader: Compiling Internal Space 'Squad/Spaces/LargeCrewedLabInternals/internal/Mobile_Processing_Lab_Int'
[LOG 11:58:27.126] PartLoader: Compiling Internal Space 'Squad/Spaces/Mk1-3/internal/Mk1-3'
[LOG 11:58:27.130] PartLoader: Compiling Internal Space 'Squad/Spaces/mk1CabinInternal/internal/mk1CabinInternal'
[LOG 11:58:27.132] PartLoader: Compiling Internal Space 'Squad/Spaces/mk1CockpitInternal/internal/mk1CockpitInternal'
[LOG 11:58:27.135] PartLoader: Compiling Internal Space 'Squad/Spaces/mk1InlineInternal/internal/mk1InlineInternal'
[LOG 11:58:27.137] PartLoader: Compiling Internal Space 'Squad/Spaces/mk1PodCockpit/internal/mk1PodCockpit'
[LOG 11:58:27.139] PartLoader: Compiling Internal Space 'Squad/Spaces/mk1pod_IVA/mk1pod_Internal/mk1pod_IVA'
[LOG 11:58:27.143] PartLoader: Compiling Internal Space 'Squad/Spaces/mk2CockpitStandardInternal/internal/mk2CockpitStandardInternals'
[LOG 11:58:27.146] PartLoader: Compiling Internal Space 'Squad/Spaces/Mk2CrewCabinInternal/internal_MK2_CrewCab/MK2_CrewCab_Int'
[LOG 11:58:27.149] PartLoader: Compiling Internal Space 'Squad/Spaces/mk2InlineInternal/internal/mk2InlineInternal'
[LOG 11:58:27.153] PartLoader: Compiling Internal Space 'Squad/Spaces/mk2LanderCanInternal/internal/mk2LanderCanInternal'
[LOG 11:58:27.156] PartLoader: Compiling Internal Space 'Squad/Spaces/MK3CockpitInternal/internal_MK3/MK3_Cockpit_Int'
[LOG 11:58:27.160] PartLoader: Compiling Internal Space 'Squad/Spaces/MK3_CrewCab_Int/internal_MK3_CrewCab/MK3_CrewCab_Int'
[LOG 11:58:27.161] InternalSeat: Cannot find portraitCamera of name 'Camera_Left003'
[LOG 11:58:27.164] PartLoader: Compiling Internal Space 'Squad/Spaces/Placeholder/internal/Placeholder'
[LOG 11:58:27.168] PartLoader: Compiling Internal Space 'Squad/Spaces/PodCockpit/internal/PodCockpit'
[LOG 11:58:27.172] PartLoader: Compiling Internal Space 'SquadExpansion/MakingHistory/Spaces/KVPods/Airlock_Internal/Airlock_IVA'
[LOG 11:58:27.173] PartLoader: Compiling Internal Space 'SquadExpansion/MakingHistory/Spaces/KVPods/KV1_Internal/KV1_IVA'
[LOG 11:58:27.175] PartLoader: Compiling Internal Space 'SquadExpansion/MakingHistory/Spaces/KVPods/KV2_Internal/KV2_IVA'
[LOG 11:58:27.177] PartLoader: Compiling Internal Space 'SquadExpansion/MakingHistory/Spaces/KVPods/KV3_Internal/KV3_IVA'
[LOG 11:58:27.180] PartLoader: Compiling Internal Space 'SquadExpansion/MakingHistory/Spaces/MEM/MEM_IVA/MEM_IVA'
[LOG 11:58:27.184] PartLoader: Compiling Internal Space 'SquadExpansion/MakingHistory/Spaces/Mk2Pod/Mk2Pod_Internal/MK2POD_IVA'
[LOG 11:58:31.294] Assets:
[LOG 11:58:31.296] anim_missionsapp_idle.anim
[LOG 11:58:31.296] anim_missionsapp_idle_warning.anim
[LOG 11:58:31.296] anim_missionsapp_warning.anim
[LOG 11:58:31.296] anim_missionssapp.anim
[LOG 11:58:31.296] animcontroller_missionsappmaster.controller
[LOG 11:58:31.296] app_bg.tif
[LOG 11:58:31.296] app_bottom_gray.tif
[LOG 11:58:31.296] app_divider_pulldown_body.tif
[LOG 11:58:31.296] app_divider_pulldown_footer.tif
[LOG 11:58:31.296] app_divider_pulldown_header.tif
[LOG 11:58:31.296] app_divider_pulldown_header_over.tif
[LOG 11:58:31.296] app_header_gray.tif
[LOG 11:58:31.296] app_missions_icon_active.tif
[LOG 11:58:31.296] app_missions_icon_complete.tif
[LOG 11:58:31.296] app_missions_icon_failed.tif
[LOG 11:58:31.296] app_missions_icon_inactive.tif
[LOG 11:58:31.296] spritesheet_missionsapp.tif
[LOG 11:58:31.296] spritesheet_missionsappwarning.tif
[LOG 11:58:31.296] missionbriefingdialog.prefab
[LOG 11:58:31.296] missionbriefingtag.prefab
[LOG 11:58:31.296] awardwidget.prefab
[LOG 11:58:31.296] missionenddialog.prefab
[LOG 11:58:31.296] missionitemwidget.prefab
[LOG 11:58:31.296] missionplaybutton.prefab
[LOG 11:58:31.296] missionplaydialog.prefab
[LOG 11:58:31.296] missionsteamitemwidget.prefab
[LOG 11:58:31.296] missionvalidationdialog.prefab
[LOG 11:58:31.297] validationentry.prefab
[LOG 11:58:31.297] comettoken.fbx
[LOG 11:58:31.297] comettoken.jpg
[LOG 11:58:31.297] placementegizmo_comet.mat
[LOG 11:58:31.297] placementegizmo_comet_tail.mat
[LOG 11:58:31.297] femalevintagepreview.prefab
[LOG 11:58:31.297] malevintagepreview.prefab
[LOG 11:58:31.297] checkpointentrywidget.prefab
[LOG 11:58:31.297] crewmanagementdialog.prefab
[LOG 11:58:31.297] listitem_vesseltitle.prefab
[LOG 11:58:31.297] missionbrowser.prefab
[LOG 11:58:31.297] missioncheckpointbrowser.prefab
[LOG 11:58:31.297] missioncrewlistitem.prefab
[LOG 11:58:31.297] missionentrywidget.prefab
[LOG 11:58:31.297] missiontemplateentrywidget.prefab
[LOG 11:58:31.297] partcategorizerbutton.prefab
[LOG 11:58:31.297] partselectorbrowser.prefab
[LOG 11:58:31.297] partselectorentry.prefab
[LOG 11:58:31.297] gaputil_vesselframe.prefab
[LOG 11:58:31.297] meguiconnector.prefab
[LOG 11:58:31.297] meguinode.prefab
[LOG 11:58:31.297] meguinodecategorybutton.prefab
[LOG 11:58:31.297] meguinodeicon.prefab
[LOG 11:58:31.297] meguinodeicongroup.prefab
[LOG 11:58:31.297] meguiscrollviewitem.prefab
[LOG 11:58:31.297] meiconloaderbasicnode.prefab
[LOG 11:58:31.297] meiconloadergap.prefab
[LOG 11:58:31.297] meiconloadernodecategorizer.prefab
[LOG 11:58:31.297] menodecanvas.prefab
[LOG 11:58:31.297] missioneditorscreen.prefab
[LOG 11:58:31.297] nodelisttooltip.prefab
[LOG 11:58:31.297] nodelisttooltipextinfolistspacer.prefab
[LOG 11:58:31.297] orbitgizmo.prefab
[LOG 11:58:31.297] biomeshighlight.shader
[LOG 11:58:31.297] projector-surfacegizmo.shader
[LOG 11:58:31.297] scaledplanetbiomeshighlight.shader
[LOG 11:58:31.297] sprites-alwaysover.shader
[LOG 11:58:31.297] ui-unlit-infinite.shader
[LOG 11:58:31.297] ui-unlit-solid.shader
[LOG 11:58:31.297] assetgraph_connectionpoint_inputmark.png
[LOG 11:58:31.297] assetgraph_inputbg.png
[LOG 11:58:31.297] boldly.png
[LOG 11:58:31.297] carpool.png
[LOG 11:58:31.297] frugal.png
[LOG 11:58:31.298] homesick.png
[LOG 11:58:31.298] keys.png
[LOG 11:58:31.298] saint.png
[LOG 11:58:31.298] sinner.png
[LOG 11:58:31.298] thespot.png
[LOG 11:58:31.298] timekeeper.png
[LOG 11:58:31.298] helmetbronze.png
[LOG 11:58:31.298] helmetgold.png
[LOG 11:58:31.298] helmetsilver.png
[LOG 11:58:31.298] action-part-resource-drain.png
[LOG 11:58:31.298] change-part-resource-levels.png
[LOG 11:58:31.298] create-asteroid.png
[LOG 11:58:31.298] create-kerbal.png
[LOG 11:58:31.298] create-vessel.png
[LOG 11:58:31.298] crew-assignment.png
[LOG 11:58:31.298] dialog-message.png
[LOG 11:58:31.298] display-message.png
[LOG 11:58:31.298] fail-part.png
[LOG 11:58:31.298] fly-through.png
[LOG 11:58:31.298] funds-recovery.png
[LOG 11:58:31.298] generic-node.png
[LOG 11:58:31.298] go-to.png
[LOG 11:58:31.298] kerbal-boarded.png
[LOG 11:58:31.298] kerbal-recovery.png
[LOG 11:58:31.298] kerbal-rescue.png
[LOG 11:58:31.298] launch-site.png
[LOG 11:58:31.298] leave-soi.png
[LOG 11:58:31.298] orbit.png
[LOG 11:58:31.298] part-explode.png
[LOG 11:58:31.298] plant-flag.png
[LOG 11:58:31.298] reach-soi.png
[LOG 11:58:31.298] repair-part.png
[LOG 11:58:31.298] resource-amount.png
[LOG 11:58:31.298] resource-recovery.png
[LOG 11:58:31.298] science-experiment.png
[LOG 11:58:31.298] score.png
[LOG 11:58:31.298] take-tourist.png
[LOG 11:58:31.298] test-altitude.png
[LOG 11:58:31.298] test-eva.png
[LOG 11:58:31.298] test-grapple.png
[LOG 11:58:31.298] time-of-flight.png
[LOG 11:58:31.298] time-of-mission.png
[LOG 11:58:31.298] time-since-node.png
[LOG 11:58:31.298] vessel-crashed.png
[LOG 11:58:31.298] vessel-crew-count.png
[LOG 11:58:31.298] vessel-explode.png
[LOG 11:58:31.298] vessel-flying.png
[LOG 11:58:31.298] vessel-landed.png
[LOG 11:58:31.298] vessel-mass.png
[LOG 11:58:31.298] vessel-splashed.png
[LOG 11:58:31.298] vessel-stage-activated.png
[LOG 11:58:31.298] vessel-stage.png
[LOG 11:58:31.298] arrange-graph.png
[LOG 11:58:31.298] builderbuttons_briefing.png
[LOG 11:58:31.298] builderbuttons_reset.png
[LOG 11:58:31.298] builderbuttons_trackingstation.png
[LOG 11:58:31.298] frame-graph.png
[LOG 11:58:31.298] lock.png
[LOG 11:58:31.298] maximize.png
[LOG 11:58:31.298] minimize.png
[LOG 11:58:31.298] pin.png
[LOG 11:58:31.298] pin_down.png
[LOG 11:58:31.298] redo.png
[LOG 11:58:31.298] reset.png
[LOG 11:58:31.299] tracking-station.png
[LOG 11:58:31.299] undo.png
[LOG 11:58:31.299] visible-in-gap.png
[LOG 11:58:31.299] location.png
[LOG 11:58:31.299] logic.png
[LOG 11:58:31.299] science.png
[LOG 11:58:31.299] utility.png
[LOG 11:58:31.299] vessel.png
[LOG 11:58:31.299] eye.png
[LOG 11:58:31.299] iconmb.png
[LOG 11:58:31.299] me_btn_generic_normal.tif
[LOG 11:58:31.299] me_button_generic_normal.tif
[LOG 11:58:31.299] nodecat_bg.png
[LOG 11:58:31.299] nodecat_divider.tif
[LOG 11:58:31.299] nodecat_divider_bottom.tif
[LOG 11:58:31.299] pholderwarningicon.png
[LOG 11:58:31.299] reseticon.png
[LOG 11:58:31.299] validityindicator.controller
[LOG 11:58:31.299] validtyinidicatorpulse.anim
[LOG 11:58:31.299] broadorbittoggle button.png
[LOG 11:58:31.299] maneuvertoggle button.png
[LOG 11:58:31.299] orbitalgizmoicons.png
[LOG 11:58:31.300] reset orbit button.png
[LOG 11:58:31.300] nodelabel.prefab
[LOG 11:58:31.300] kerbaleva_female_exp.prefab
[LOG 11:58:31.300] kerbaleva_rd_exp.prefab
[LOG 11:58:31.300] missioneditorevabody.mat
[LOG 11:58:31.300] missioneditorevabodyalternate.mat
[LOG 11:58:31.300] missioneditorevabodybrown.mat
[LOG 11:58:31.300] missioneditorevaeyeballs.mat
[LOG 11:58:31.300] missioneditorevaeyes.mat
[LOG 11:58:31.300] missioneditorevahead.mat
[LOG 11:58:31.300] missioneditorevahelmet.mat
[LOG 11:58:31.300] missioneditorevahelmetred.mat
[LOG 11:58:31.300] missioneditorevajetpack.mat
[LOG 11:58:31.300] missioneditorevalight.mat
[LOG 11:58:31.300] kbevafemalevintage.prefab
[LOG 11:58:31.300] kbevavintage.prefab
[LOG 11:58:31.300] evalight.fbx
[LOG 11:58:31.300] kbeva@new.fbx
[LOG 11:58:31.300] kbeva@newfem.fbx
[LOG 11:58:31.300] mevahelmetlight.fbx
[LOG 11:58:31.300] evajetpackscondary.dds
[LOG 11:58:31.300] evajetpacksecondary_n.dds
[LOG 11:58:31.300] evalight.png
[LOG 11:58:31.300] kerbalmainnrm.dds
[LOG 11:58:31.300] me_suit_difuse_blue.dds
[LOG 11:58:31.300] me_suit_difuse_low_polybrown.dds
[LOG 11:58:31.300] me_suit_difuse_orange.dds
[LOG 11:58:31.300] kerbalfemalevintage.prefab
[LOG 11:58:31.300] kerbalmalevintage.prefab
[LOG 11:58:31.300] evahelmet.mat
[LOG 11:58:31.300] evatexture.mat
[LOG 11:58:31.300] kerbalgirl_06_basecolor.mat
[LOG 11:58:31.300] kerbalhead.mat
[LOG 11:58:31.300] lambert6.mat
[LOG 11:58:31.300] mat_eyeballs.mat
[LOG 11:58:31.300] mat_eyes01.mat
[LOG 11:58:31.300] material #4.mat
[LOG 11:58:31.300] mesh_female_kerbalastronaut01_kerbalgirl_export_15_lambert20.mat
[LOG 11:58:31.300] mesh_female_kerbalastronaut01_kerbalgirl_export_15_lambert21.mat
[LOG 11:58:31.300] kbfemale_iva_mecanim.fbx
[LOG 11:58:31.300] kbiva_mecanim.fbx
[LOG 11:58:31.300] kerbalicon_eva_female_vintage.tif
[LOG 11:58:31.300] kerbalicon_eva_vintage.tif
[LOG 11:58:31.300] kerbalicon_suit_female_vintage.tif
[LOG 11:58:31.300] kerbalicon_suit_orange_female_vintage.tif
[LOG 11:58:31.301] kerbalicon_suit_orange_vintage.tif
[LOG 11:58:31.301] kerbalicon_suit_vintage.tif
[LOG 11:58:31.301] gap_celestialbody_camerasetup.prefab
[LOG 11:58:31.301] gap_celestialbody_collisionsphere.prefab
[LOG 11:58:31.301] gap_celestialbody_surfacegizmo_area.prefab
[LOG 11:58:31.301] gap_celestialbody_surfacegizmo_basic.prefab
[LOG 11:58:31.301] gap_celestialbody_surfacegizmo_icon.prefab
[LOG 11:58:31.301] gap_celestialbody_surfacegizmo_vessel.prefab
[LOG 11:58:31.301] gap_celestialbody_surfacegizmo_volume.prefab
[LOG 11:58:31.301] gap_proceduralasteroid.prefab
[LOG 11:58:31.301] gap_proceduralcomet.prefab
[LOG 11:58:31.301] gapbuttonprefab.prefab
[LOG 11:58:31.301] gapkerbal_femaleveteran.prefab
[LOG 11:58:31.301] gapkerbal_femaleveteran_vintage.prefab
[LOG 11:58:31.301] gapkerbal_male_slimsuit.prefab
[LOG 11:58:31.301] gapkerbal_maleveteran.prefab
[LOG 11:58:31.301] gapkerbal_maleveteran_vintage.prefab
[LOG 11:58:31.301] gapscrollablesidebarbutton.prefab
[LOG 11:58:31.301] gapsidebarbutton.prefab
[LOG 11:58:31.301] gaptoggleprefab.prefab
[LOG 11:58:31.301] gaputil_biselector.prefab
[LOG 11:58:31.301] gaputil_celestialbody.prefab
[LOG 11:58:31.301] vesseldisplay_camerasetup.prefab
[LOG 11:58:31.301] desert_airfield.prefab
[LOG 11:58:31.301] desert_groundobjects.prefab
[LOG 11:58:31.301] desert_launch_site.prefab
[LOG 11:58:31.301] larkes.prefab
[LOG 11:58:31.301] floor bottom.mat
[LOG 11:58:31.301] floor top.mat
[LOG 11:58:31.301] legs.mat
[LOG 11:58:31.301] ramp.mat
[LOG 11:58:31.301] stairs grid lights pivot.mat
[LOG 11:58:31.301] supports 1.mat
[LOG 11:58:31.301] supports 2.mat
[LOG 11:58:31.301] tunnels.mat
[LOG 11:58:31.301] floor bottom.dds
[LOG 11:58:31.301] floor top.dds
[LOG 11:58:31.301] floor top_normal.dds
[LOG 11:58:31.301] legs.dds
[LOG 11:58:31.301] ramp.dds
[LOG 11:58:31.301] stairs grid lights pivot.dds
[LOG 11:58:31.301] supports 1.dds
[LOG 11:58:31.301] supports 2.dds
[LOG 11:58:31.301] tunnels.dds
[LOG 11:58:31.301] diffuse.mat
[LOG 11:58:31.301] floor bottom_base_color.mat
[LOG 11:58:31.301] floor top_base_color.mat
[LOG 11:58:31.302] legs_base_color.mat
[LOG 11:58:31.302] ramp_base_color.mat
[LOG 11:58:31.302] stairs grid lights pivot_base_colormodpsd.mat
[LOG 11:58:31.302] stairs_grid_lights_pivot_base_color.mat
[LOG 11:58:31.302] supports 1_base_color.mat
[LOG 11:58:31.302] supports 2_base_color.mat
[LOG 11:58:31.302] tunnels_base_color.mat
[LOG 11:58:31.302] mobilelaunchpad_19.fbx
[LOG 11:58:31.302] pontoons.fbx
[LOG 11:58:31.302] pontoons_diffuse.dds
[LOG 11:58:31.302] ramp_normal.png
[LOG 11:58:31.302] 1001_base_color.mat
[LOG 11:58:31.302] desert groundtransition.mat
[LOG 11:58:31.302] desert groundtransition_highquality.mat
[LOG 11:58:31.302] desert groundtransition_lowquality.mat
[LOG 11:58:31.302] desert groundtransition_mediumquality.mat
[LOG 11:58:31.302] desert groundtransition_ultraquality.mat
[LOG 11:58:31.302] desert runway sand.mat
[LOG 11:58:31.302] desert runway stone.mat
[LOG 11:58:31.302] mobilelaunchpad.prefab
[LOG 11:58:31.302] woomerang_groundobjects.prefab
[LOG 11:58:31.302] woomerang_launch_site.prefab
[LOG 11:58:31.303] Scenes:
[LOG 11:58:31.303] kspMissionEditor.unity
[LOG 11:58:38.077] Assets:
[LOG 11:58:38.077] appanim_missionsapp.prefab
[LOG 11:58:38.077] cascading_body_missionheader.prefab
[LOG 11:58:38.077] cascading_body_missioninfo.prefab
[LOG 11:58:38.077] cascading_body_missionobjective.prefab
[LOG 11:58:38.077] cascading_body_missionsvesselheader.prefab
[LOG 11:58:38.077] cascading_body_missionsvesselitem.prefab
[LOG 11:58:38.077] cascading_body_settingsbutton.prefab
[LOG 11:58:38.078] cascading_body_settingstoggle.prefab
[LOG 11:58:38.078] missionsapp.prefab
[LOG 11:58:38.078] axislimitline.prefab
[LOG 11:58:38.078] controlleraction.prefab
[LOG 11:58:38.078] controlleraxis.prefab
[LOG 11:58:38.078] controllerwindow.prefab
[LOG 11:58:38.078] curvepanelpoint.prefab
[LOG 11:58:38.078] curvepanelpointaction.prefab
[LOG 11:58:38.078] axis_align_ends.png
[LOG 11:58:38.078] axis_clamp_values.png
[LOG 11:58:38.078] axis_copy.png
[LOG 11:58:38.078] axis_flip_horizontal.png
[LOG 11:58:38.078] axis_flip_vertical.png
[LOG 11:58:38.078] axis_move_down-trackrow.png
[LOG 11:58:38.078] axis_move_down.png
[LOG 11:58:38.078] axis_move_up-trackrow.png
[LOG 11:58:38.078] axis_move_up.png
[LOG 11:58:38.078] axis_paste.png
[LOG 11:58:38.078] axis_preset_flat.png
[LOG 11:58:38.078] axis_preset_sawtooth.png
[LOG 11:58:38.078] axis_preset_sine.png
[LOG 11:58:38.078] axis_preset_square.png
[LOG 11:58:38.078] axis_preset_triangle.png
[LOG 11:58:38.078] axis_select_all.png
[LOG 11:58:38.078] background_squared_inset.png
[LOG 11:58:38.078] close.png
[LOG 11:58:38.078] direction_forward.png
[LOG 11:58:38.078] direction_reverse.png
[LOG 11:58:38.078] edit.png
[LOG 11:58:38.078] fieldlimitline.png
[LOG 11:58:38.078] keyframe_add.png
[LOG 11:58:38.078] keyframe_clamp_value.png
[LOG 11:58:38.078] keyframe_delete.png
[LOG 11:58:38.078] keyframe_linear.png
[LOG 11:58:38.078] keyframe_smooth.png
[LOG 11:58:38.078] keyframe_step_backward.png
[LOG 11:58:38.078] keyframe_step_forward.png
[LOG 11:58:38.078] line.png
[LOG 11:58:38.078] line_dashed.png
[LOG 11:58:38.078] loop_pingpong.png
[LOG 11:58:38.078] loop_playonce.png
[LOG 11:58:38.078] loop_repeat.png
[LOG 11:58:38.079] node.png
[LOG 11:58:38.079] node_circle.png
[LOG 11:58:38.079] node_square.png
[LOG 11:58:38.079] pause.png
[LOG 11:58:38.079] play.png
[LOG 11:58:38.079] pointer.png
[LOG 11:58:38.079] remove-axis.png
[LOG 11:58:38.079] remove_key.png
[LOG 11:58:38.079] resize_icon.png
[LOG 11:58:38.079] sequence_resize_button_states.png
[LOG 11:58:38.079] sequence_resize_maintain.png
[LOG 11:58:38.079] sequence_resize_scale.png
[LOG 11:58:38.079] sequence_speed.png
[LOG 11:58:38.079] tracking_editor_button_states.png
[LOG 11:58:38.079] femalefuturepreview.prefab
[LOG 11:58:38.079] malefuturepreview.prefab
[LOG 11:58:38.079] kbfemale@controlpanel_a.fbx
[LOG 11:58:38.079] kbfemale@controlpanel_b.fbx
[LOG 11:58:38.079] kbfemale@controlpanel_c.fbx
[LOG 11:58:38.079] kbfemale@rocksample.fbx
[LOG 11:58:38.079] hammerfemale.fbx
[LOG 11:58:38.079] hammermale.fbx
[LOG 11:58:38.079] kbeva@controlpanel_a.fbx
[LOG 11:58:38.079] kbeva@controlpanel_b.fbx
[LOG 11:58:38.079] kbeva@controlpanel_c.fbx
[LOG 11:58:38.079] kbeva@rocksample.fbx
[LOG 11:58:38.079] kerbaleva_female_future.prefab
[LOG 11:58:38.079] kerbaleva_rd_future.prefab
[LOG 11:58:38.079] futureevabody.mat
[LOG 11:58:38.079] futureevabodyalternate.mat
[LOG 11:58:38.079] futureevajetpack.mat
[LOG 11:58:38.079] futureevalight.mat
[LOG 11:58:38.079] futurehelmet.mat
[LOG 11:58:38.079] kbevafemalefuture.prefab
[LOG 11:58:38.079] kbevafuture.prefab
[LOG 11:58:38.079] kbeva@new.fbx
[LOG 11:58:38.079] kbeva@newfem.fbx
[LOG 11:58:38.079] mevahelmetlight.fbx
[LOG 11:58:38.079] serenityfemaleeva.fbx
[LOG 11:58:38.079] serenityflares.fbx
[LOG 11:58:38.079] serenitymaleeva.fbx
[LOG 11:58:38.079] evajetpacknrm.dds
[LOG 11:58:38.079] futuresuit_diffuse_orange.dds
[LOG 11:58:38.079] futuresuit_diffuse_whiteblue.dds
[LOG 11:58:38.079] futuresuit_diffuse_whiteorange.dds
[LOG 11:58:38.079] futuresuit_emissive.dds
[LOG 11:58:38.079] futuresuit_evalight.png
[LOG 11:58:38.080] futuresuitmainnrm.dds
[LOG 11:58:38.080] ksp_ig_jetpack_diffuse.jpg
[LOG 11:58:38.080] kerbalfemalefuture.prefab
[LOG 11:58:38.080] kerbalmalefuture.prefab
[LOG 11:58:38.080] futuresuit_diffuse.mat
[LOG 11:58:38.080] serenityfemaleiva.fbx
[LOG 11:58:38.080] serenitymaleiva.fbx
[LOG 11:58:38.080] kerbalicon_eva_female_future.tif
[LOG 11:58:38.080] kerbalicon_eva_future.tif
[LOG 11:58:38.080] kerbalicon_suit_female_future.tif
[LOG 11:58:38.080] kerbalicon_suit_future.tif
[LOG 11:58:38.080] kerbalicon_suit_orange_female_future.tif
[LOG 11:58:38.080] kerbalicon_suit_orange_future.tif
[LOG 11:58:38.080] bottom_emissor.mat
[LOG 11:58:38.080] burst_emissor.mat
[LOG 11:58:38.080] burstprojectiles_emissor.mat
[LOG 11:58:38.080] constantburst_emissor.mat
[LOG 11:58:38.080] snowflakes_emissor.mat
[LOG 11:58:38.080] vapor_emissor.mat
[LOG 11:58:38.080] base_0.mat
[LOG 11:58:38.080] base_1.mat
[LOG 11:58:38.080] base_2.mat
[LOG 11:58:38.080] base_3_1.mat
[LOG 11:58:38.080] base_3_2.mat
[LOG 11:58:38.080] vapor.mat
[LOG 11:58:38.080] burst.png
[LOG 11:58:38.080] cloud2.png
[LOG 11:58:38.080] v1.png
[LOG 11:58:38.080] v2.png
[LOG 11:58:38.080] v3.png
[LOG 11:58:38.080] v5.png
[LOG 11:58:38.080] gapkerbal_female_future.prefab
[LOG 11:58:38.080] gapkerbal_male_future.prefab
[LOG 11:58:38.080] hammerfemale.prefab
[LOG 11:58:38.080] hammermale.prefab
[LOG 11:58:38.080] bopgravelpile.prefab
[LOG 11:58:38.080] bopgravelpile.fbx
[LOG 11:58:38.080] bop_gravel pile_d.mat
[LOG 11:58:38.080] lambert1.mat
[LOG 11:58:38.080] bop_gravel pile_d.png
[LOG 11:58:38.080] bop_gravel pile_d.tga
[LOG 11:58:38.080] bop_gravel pile_n.png
[LOG 11:58:38.080] bop_gravel pile_s.png
[LOG 11:58:38.080] drescrater.prefab
[LOG 11:58:38.080] dresmeteorite.prefab
[LOG 11:58:38.080] drescrater.fbx
[LOG 11:58:38.081] dresmeteorite.fbx
[LOG 11:58:38.081] dres_crater_d.mat
[LOG 11:58:38.081] dres_meteorite_d.mat
[LOG 11:58:38.081] lambert1.mat
[LOG 11:58:38.081] dres_crater_d.tga
[LOG 11:58:38.081] dres_crater_n.png
[LOG 11:58:38.081] dres_meteorite_d.tga
[LOG 11:58:38.081] dres_meteorite_n.png
[LOG 11:58:38.081] dunablueberries.prefab
[LOG 11:58:38.081] dunadune.prefab
[LOG 11:58:38.081] dunameteorite.prefab
[LOG 11:58:38.081] dunastone.prefab
[LOG 11:58:38.081] dunaasteroid.fbx
[LOG 11:58:38.081] dunablueberries.fbx
[LOG 11:58:38.081] dunadune.fbx
[LOG 11:58:38.081] dunastone.fbx
[LOG 11:58:38.081] duna_asteroid_d.mat
[LOG 11:58:38.081] duna_dune_d.mat
[LOG 11:58:38.081] duna_stone_d.mat
[LOG 11:58:38.081] dune_blueberries_d.mat
[LOG 11:58:38.081] lambert1.mat
[LOG 11:58:38.081] duna_asteroid_d.tga
[LOG 11:58:38.081] duna_asteroid_n.png
[LOG 11:58:38.081] duna_dune_d.tga
[LOG 11:58:38.081] duna_dune_n.tga
[LOG 11:58:38.081] duna_stone_d.tga
[LOG 11:58:38.081] duna_stone_n.png
[LOG 11:58:38.081] dune_blueberries_d.tga
[LOG 11:58:38.081] dune_blueberries_n.png
[LOG 11:58:38.081] eelooberg.prefab
[LOG 11:58:38.081] eeloobrownboulder.prefab
[LOG 11:58:38.081] eelooicechunk.prefab
[LOG 11:58:38.081] eelooberg.fbx
[LOG 11:58:38.081] eelooboulder.fbx
[LOG 11:58:38.081] eelooicechunk.fbx
[LOG 11:58:38.081] eeloo_alien_glacier_d.mat
[LOG 11:58:38.081] eeloo_brown_ boulder_d.mat
[LOG 11:58:38.081] eeloo_ice chunk_d.mat
[LOG 11:58:38.081] lambert1.mat
[LOG 11:58:38.081] eeloo_alien_glacier_d.tga
[LOG 11:58:38.081] eeloo_alien_glacier_e.tga
[LOG 11:58:38.081] eeloo_alien_glacier_n.png
[LOG 11:58:38.081] eeloo_brown_ boulder_d.tga
[LOG 11:58:38.081] eeloo_brown_ boulder_n.png
[LOG 11:58:38.081] eeloo_ice chunk_d.tga
[LOG 11:58:38.081] eeloo_ice chunk_e.tga
[LOG 11:58:38.082] eeloo_ice chunk_n.png
[LOG 11:58:38.082] eeloo_ice chunk_s.tga
[LOG 11:58:38.082] evebasaltformation.prefab
[LOG 11:58:38.082] evepancakedome.prefab
[LOG 11:58:38.082] evevolcanicrock.prefab
[LOG 11:58:38.082] evebasaltformation.fbx
[LOG 11:58:38.082] evepancakeformation.fbx
[LOG 11:58:38.082] evevolcanicrock.fbx
[LOG 11:58:38.082] eve basalt formation_d.mat
[LOG 11:58:38.082] eve pancake formation_d.mat
[LOG 11:58:38.082] eve volcanic rock_d.mat
[LOG 11:58:38.082] lambert1.mat
[LOG 11:58:38.082] eve basalt formation_d.tga
[LOG 11:58:38.082] eve basalt formation_n.tga
[LOG 11:58:38.082] eve pancake formation_d.tga
[LOG 11:58:38.082] eve pancake formation_e.png
[LOG 11:58:38.082] eve pancake formation_n.png
[LOG 11:58:38.082] eve volcanic rock_d.tga
[LOG 11:58:38.082] eve volcanic rock_n.png
[LOG 11:58:38.082] gillyridgeline.fbx
[LOG 11:58:38.082] gilly ridegeline_d.mat
[LOG 11:58:38.082] lambert1.mat
[LOG 11:58:38.082] gillyridgeline.prefab
[LOG 11:58:38.082] gilly ridegeline_d.tga
[LOG 11:58:38.082] gilly ridegeline_n.png
[LOG 11:58:38.082] dunaejecta.prefab
[LOG 11:58:38.082] ikedunaejecta.fbx
[LOG 11:58:38.082] ike_duna_ejecta_mat.mat
[LOG 11:58:38.082] ike duna ejecta_d.tga
[LOG 11:58:38.082] ike duna ejecta_n.png
[LOG 11:58:38.082] kerbinbaobabtree.fbx
[LOG 11:58:38.082] kerbinquartz.fbx
[LOG 11:58:38.082] baobaptree.mat
[LOG 11:58:38.082] kerbin_baobab_tree_d.mat
[LOG 11:58:38.082] kerbin_boabob_tree_d.mat
[LOG 11:58:38.082] kerbin_giant_quartz_d.mat
[LOG 11:58:38.082] lambert1.mat
[LOG 11:58:38.082] lambert2.mat
[LOG 11:58:38.082] kerbinbaobabtree.prefab
[LOG 11:58:38.082] kerbinquartz.prefab
[LOG 11:58:38.082] kerbin_baobab_tree_alpha.png
[LOG 11:58:38.082] kerbin_baobab_tree_d.tga
[LOG 11:58:38.082] kerbin_baobab_tree_n.png
[LOG 11:58:38.082] kerbin_giant_quartz_d.tga
[LOG 11:58:38.082] kerbin_giant_quartz_e.tga
[LOG 11:58:38.083] kerbin_giant_quartz_n.tga
[LOG 11:58:38.083] kerbin_giant_quartz_s.tga
[LOG 11:58:38.083] laytheboulder.fbx
[LOG 11:58:38.083] laythegeyser.fbx
[LOG 11:58:38.083] laythestone.fbx
[LOG 11:58:38.083] lambert1.mat
[LOG 11:58:38.083] laythe_boulder_d.mat
[LOG 11:58:38.083] laythe_geyser_d.mat
[LOG 11:58:38.083] laythe_stone_d.mat
[LOG 11:58:38.083] laytheboulder.prefab
[LOG 11:58:38.083] laythegeyser.prefab
[LOG 11:58:38.083] laythestone.prefab
[LOG 11:58:38.083] laythe_boulder_d.tga
[LOG 11:58:38.083] laythe_boulder_n.png
[LOG 11:58:38.083] laythe_geyser_d.tga
[LOG 11:58:38.083] laythe_geyser_n.png
[LOG 11:58:38.083] laythe_stone_d.tga
[LOG 11:58:38.083] laythe_stone_n.png
[LOG 11:58:38.083] greensandstone.fbx
[LOG 11:58:38.083] lambert1.mat
[LOG 11:58:38.083] minmus_green_sandstone_d.mat
[LOG 11:58:38.083] minmus_olivine_formation_d.mat
[LOG 11:58:38.083] minmusolivineformation.fbx
[LOG 11:58:38.083] minmus_greensandstone.prefab
[LOG 11:58:38.083] minmus_olivineformation.prefab
[LOG 11:58:38.083] minmus_green_sandstone_d.tga
[LOG 11:58:38.083] minmus_green_sandstone_n.png
[LOG 11:58:38.083] minmus_olivine_formation_d.tga
[LOG 11:58:38.083] minmus_olivine_formation_n.png
[LOG 11:58:38.083] lambert1.mat
[LOG 11:58:38.083] moho wrinkleridge_d.mat
[LOG 11:58:38.083] moho_stone_d.mat
[LOG 11:58:38.083] mohostone.fbx
[LOG 11:58:38.083] mohowrinkleridge.fbx
[LOG 11:58:38.083] mohostone.prefab
[LOG 11:58:38.083] mohowrinkleridge.prefab
[LOG 11:58:38.083] moho wrinkleridge_d.tga
[LOG 11:58:38.083] moho wrinkleridge_e.png
[LOG 11:58:38.083] moho wrinkleridge_n.png
[LOG 11:58:38.083] moho_stone_d.tga
[LOG 11:58:38.083] moho_stone_n.png
[LOG 11:58:38.083] lambert1.mat
[LOG 11:58:38.083] mun_crater_d.mat
[LOG 11:58:38.083] mun_large_crater_d.mat
[LOG 11:58:38.084] mun_stone_d.mat
[LOG 11:58:38.084] muncrater.fbx
[LOG 11:58:38.084] munlargecrater.fbx
[LOG 11:58:38.084] munstone.fbx
[LOG 11:58:38.084] muncrater.prefab
[LOG 11:58:38.084] munlargecrater.prefab
[LOG 11:58:38.084] munstone.prefab
[LOG 11:58:38.084] mun_crater_d.tga
[LOG 11:58:38.084] mun_crater_n.png
[LOG 11:58:38.084] mun_large_crater_d.tga
[LOG 11:58:38.084] mun_large_crater_n.png
[LOG 11:58:38.084] mun_stone_d.tga
[LOG 11:58:38.084] mun_stone_n.png
[LOG 11:58:38.084] lambert1.mat
[LOG 11:58:38.084] pol_yellowstone_d.mat
[LOG 11:58:38.084] polyellowstone.fbx
[LOG 11:58:38.084] pol_yellowstones.prefab
[LOG 11:58:38.084] pol_yellowstone_d.png
[LOG 11:58:38.084] pol_yellowstone_n.png
[LOG 11:58:38.084] lambert1.mat
[LOG 11:58:38.084] tylo_checkerboard_d.mat
[LOG 11:58:38.084] tylo_dark boulder_d.mat
[LOG 11:58:38.084] tylo_light_d.mat
[LOG 11:58:38.084] tyloboulder.fbx
[LOG 11:58:38.084] tylocheckerboard.fbx
[LOG 11:58:38.084] tylolightstone.fbx
[LOG 11:58:38.084] tylo_ checkerboard_n.png
[LOG 11:58:38.084] tylo_checkerboard_d.png
[LOG 11:58:38.084] tylo_dark boulder_d.tga
[LOG 11:58:38.084] tylo_dark boulder_n.png
[LOG 11:58:38.084] tylo_light_d.tga
[LOG 11:58:38.084] tylo_light_n.png
[LOG 11:58:38.084] tylocheckerboard.prefab
[LOG 11:58:38.084] tylodarkboulder.prefab
[LOG 11:58:38.084] tylolightstone.prefab
[LOG 11:58:38.084] cryovolcano_d.mat
[LOG 11:58:38.084] lambert1.mat
[LOG 11:58:38.084] vallicechunk_d.mat
[LOG 11:58:38.084] vallstone_d.mat
[LOG 11:58:38.084] vall_cryovolcano.fbx
[LOG 11:58:38.084] vall_icechunk.fbx
[LOG 11:58:38.084] vall_stone.fbx
[LOG 11:58:38.084] cryovolcano_d.tga
[LOG 11:58:38.084] cryovolcano_e.png
[LOG 11:58:38.084] cryovolcano_n.jpg
[LOG 11:58:38.084] cryovolcano_s.jpg
[LOG 11:58:38.085] vallicechunk_d.jpg
[LOG 11:58:38.085] vallicechunk_e.jpg
[LOG 11:58:38.085] vallicechunk_n.jpg
[LOG 11:58:38.085] vallicechunk_s.jpg
[LOG 11:58:38.085] vallstone_d.jpg
[LOG 11:58:38.085] vallstone_e.jpg
[LOG 11:58:38.085] vallstone_n.jpg
[LOG 11:58:38.085] vallstone_s.jpg
[LOG 11:58:38.085] vallcryovolcano.prefab
[LOG 11:58:38.085] vallicechunk.prefab
[LOG 11:58:38.085] vallstone.prefab
[LOG 11:58:38.085] vfx_spark.mat
[LOG 11:58:38.085] vfx_welding_flare.mat
[LOG 11:58:38.085] cometdustmaterial.mat
[LOG 11:58:38.085] cometgeysermat.mat
[LOG 11:58:38.091] GetTypesOfModulesImplementingInterface2: Found 69 types with IPartModuleAdjuster interface in 9 assemblies.
[LOG 11:58:38.097] GetSubclassesOfParentClass: Found 0 types with ModuleActiveRadiator parent in 9 assemblies.
[LOG 11:58:38.101] GetSubclassesOfParentClass: Found 0 types with ModuleAlternator parent in 9 assemblies.
[LOG 11:58:38.107] GetSubclassesOfParentClass: Found 1 types with ModuleControlSurface parent in 9 assemblies.
[LOG 11:58:38.112] GetSubclassesOfParentClass: Found 0 types with ModuleDataTransmitter parent in 9 assemblies.
[LOG 11:58:38.117] GetSubclassesOfParentClass: Found 0 types with ModuleDeployableSolarPanel parent in 9 assemblies.
[LOG 11:58:38.122] GetSubclassesOfParentClass: Found 1 types with ModuleEngines parent in 9 assemblies.
[LOG 11:58:38.127] GetSubclassesOfParentClass: Found 0 types with ModuleGenerator parent in 9 assemblies.
[LOG 11:58:38.131] GetSubclassesOfParentClass: Found 0 types with ModuleGimbal parent in 9 assemblies.
[LOG 11:58:38.135] GetSubclassesOfParentClass: Found 2 types with ModuleLiftingSurface parent in 9 assemblies.
[LOG 11:58:38.139] GetSubclassesOfParentClass: Found 0 types with ModuleLight parent in 9 assemblies.
[LOG 11:58:38.143] GetSubclassesOfParentClass: Found 0 types with ModuleReactionWheel parent in 9 assemblies.
[LOG 11:58:38.147] GetSubclassesOfParentClass: Found 0 types with ModuleSAS parent in 9 assemblies.
[LOG 11:58:38.152] GetSubclassesOfParentClass: Found 0 types with ModuleWheelBrakes parent in 9 assemblies.
[LOG 11:58:38.156] GetSubclassesOfParentClass: Found 1 types with ModuleWheelMotor parent in 9 assemblies.
[LOG 11:58:38.156] GetSubclassesOfParentClass: Using cached results for ModuleActiveRadiator
[LOG 11:58:38.160] GetSubclassesOfParentClass: Found 0 types with ModuleAnchoredDecoupler parent in 9 assemblies.
[LOG 11:58:38.164] GetSubclassesOfParentClass: Found 0 types with ModuleCargoBay parent in 9 assemblies.
[LOG 11:58:38.164] GetSubclassesOfParentClass: Using cached results for ModuleControlSurface
[LOG 11:58:38.165] GetSubclassesOfParentClass: Using cached results for ModuleDataTransmitter
[LOG 11:58:38.168] GetSubclassesOfParentClass: Found 0 types with ModuleDecouple parent in 9 assemblies.
[LOG 11:58:38.172] GetSubclassesOfParentClass: Found 4 types with ModuleDeployablePart parent in 9 assemblies.
[LOG 11:58:38.176] GetSubclassesOfParentClass: Found 0 types with ModuleDockingNode parent in 9 assemblies.
[LOG 11:58:38.176] GetSubclassesOfParentClass: Using cached results for ModuleEngines
[LOG 11:58:38.181] GetSubclassesOfParentClass: Found 0 types with CModuleFuelLine parent in 9 assemblies.
[LOG 11:58:38.186] GetSubclassesOfParentClass: Found 0 types with ModuleGPS parent in 9 assemblies.
[LOG 11:58:38.190] GetSubclassesOfParentClass: Found 0 types with ModuleGrappleNode parent in 9 assemblies.
[LOG 11:58:38.190] GetSubclassesOfParentClass: Using cached results for ModuleGrappleNode
[LOG 11:58:38.194] GetSubclassesOfParentClass: Found 0 types with ModuleKerbNetAccess parent in 9 assemblies.
[LOG 11:58:38.195] GetSubclassesOfParentClass: Using cached results for ModuleLight
[LOG 11:58:38.195] GetSubclassesOfParentClass: Using cached results for ModuleLight
[LOG 11:58:38.199] GetSubclassesOfParentClass: Found 0 types with ModuleProbeControlPoint parent in 9 assemblies.
[LOG 11:58:38.203] GetSubclassesOfParentClass: Found 1 types with ModuleRCS parent in 9 assemblies.
[LOG 11:58:38.203] GetSubclassesOfParentClass: Using cached results for ModuleRCS
[LOG 11:58:38.203] GetSubclassesOfParentClass: Using cached results for ModuleReactionWheel
[LOG 11:58:38.203] GetSubclassesOfParentClass: Using cached results for ModuleReactionWheel
[LOG 11:58:38.209] GetSubclassesOfParentClass: Found 0 types with ModuleResourceIntake parent in 9 assemblies.
[LOG 11:58:38.216] GetSubclassesOfParentClass: Found 0 types with ModuleScienceExperiment parent in 9 assemblies.
[LOG 11:58:38.219] GetSubclassesOfParentClass: Found 0 types with ModuleToggleCrossfeed parent in 9 assemblies.
[LOG 11:58:38.224] GetSubclassesOfParentClass: Found 0 types with ModuleWheelDeployment parent in 9 assemblies.
[LOG 11:58:38.239] ExpansionsLoader: Expansions loaded in 10.992s
[LOG 11:58:38.239] Loading Systems: Elapsed time is 37.05661s
[LOG 11:58:40.633] [AddonLoader]: Instantiating addon 'KSPCFFastLoaderPSystemSetup' from assembly 'KSPCommunityFixes'
[LOG 11:58:40.875] [Agent]: Found 19 agent mentality types
[LOG 11:58:40.876] [AgentList]: 31 agents parsed and loaded.
[LOG 11:58:40.903] [UIMasterController]: HideUI
[LOG 11:58:40.971] [CelestialBody]: Kerbin's solar day length is 1d, 0h, 0m long. sidereal day length is 5h, 59m, 9s long
[LOG 11:58:45.374] [UIMasterController]: HideUI
[LOG 11:58:45.380] [HighLogic]: =========================== Scene Change : From LOADING to MAINMENU =====================
[LOG 11:58:45.828] [AddonLoader]: Instantiating addon 'ContractDefs' from assembly 'KSP'
[LOG 11:58:45.846] [AddonLoader]: Instantiating addon 'KSPCFFastLoaderReport' from assembly 'KSPCommunityFixes'
[LOG 11:58:45.864] [UIMasterController]: ShowUI
[LOG 11:58:46.056] [GameParameters]: Loaded custom parameter class CommNetParams.
[LOG 11:58:46.057] [GameParameters]: Loaded custom parameter class MissionParamsGeneral.
[LOG 11:58:46.057] [GameParameters]: Loaded custom parameter class MissionParamsFacilities.
[LOG 11:58:46.057] [GameParameters]: Loaded custom parameter class MissionParamsExtras.
[LOG 11:58:46.057] [GameParameters]: Loaded custom parameter class AdvancedParams.
[LOG 11:58:46.072] [ReflectionUtil]: Found 40 types with UpgradeModule attribute in 9 assemblies.
[LOG 11:58:46.090] [KSPCF:FastLoader] Intel(R) Core(TM) Ultra 7 155H | 32265 MB | Intel(R) Arc(TM) Pro Graphics (18391 MB)
Total loading time to main menu : 47.779s
- Configs and assemblies loaded in 9.786s
- Configs reload done in 1.008s
- Configs translated in 0.008s
- 2347 assets loaded in 13.840s :
  - 86 audio assets (79.689 MiB) in 0.413s, 192.924 MiB/s
  - 1634 texture assets (1.294 GiB) in 10.000s, 132.516 MiB/s
  - 626 model assets (64.41 MiB) in 3.426s, 18.801 MiB/s
- Asset bundles loaded in 0.397s
- GameDatabase (configs, resources, traits, upgrades...) loaded in 0.045s
- Built-in parts copied in 0.016s
- Part and internal configs extracted in 0.001s
- 483 parts and 1927 modules compiled in 2.061s
  - 4.0 modules/part, 4.268 ms/part, 1.070 ms/module
  - PartIcon compilation : 0.685s
- 27 internal spaces and 56 props compiled in 0.118s
- 2 DLC (Making History, Breaking Ground) loaded in 11.016s
- Planetary system loaded in 5.687s
[LOG 11:58:46.090] Texture queries : 1709, slow path : 1 (0.06 %)
[LOG 11:58:46.097] [ModuleManager] Total loading Time = 38.177s
[LOG 11:58:46.133] [ScenarioTypes]: List Created 23 scenario types loaded from 9 loaded assemblies.
[WRN 11:58:46.139] File 'C:/Users/lhervier/Perso/ksp-dev/KSP_x64_Data/../Missions/MissionScoreInfo.cfg' does not exist
[LOG 11:58:46.142] [ApplicationLauncher] Awake False
[LOG 11:58:46.142] [ApplicationLauncher] SpawnSimpleLayout: VerticalTopDown
[LOG 11:58:46.153] [UiApp] Awake: 
[LOG 11:58:46.154] [ApplicationLauncher] OnSceneLoadedGUIReady: scene MAINMENU ShouldBeVisible() True ShouldBeOnTop() True iIsPositionedAtTop True
[LOG 11:58:46.172] [UIApp] Adding  to Application Launcher
[LOG 11:58:46.176] [ApplicationLauncher] SetHidden: 
[LOG 11:58:46.179] [MessageSystem] OnAppInitialized
[LOG 11:58:46.180] [MessageSystem] Reposition 0.0367471 8137
[LOG 11:58:52.540] [KSPUpgradePipeline]: claude (1.12.5) is up to date.
[LOG 11:58:52.546] [ExperienceSystem]: Found 0 trait types
[LOG 11:58:52.551] [ExperienceSystem]: Found 20 effect types
[LOG 11:58:52.575] [ScenarioTypes]: List Created 23 scenario types loaded from 9 loaded assemblies.
[LOG 11:58:52.601] Game State Saved to saves/claude/persistent
[LOG 11:58:52.613] [MessageSystem] Load Messages
[LOG 11:58:52.615] [UIMasterController]: HideUI
[LOG 11:58:52.616] [HighLogic]: =========================== Scene Change : From MAINMENU to SPACECENTER =====================
[LOG 11:58:52.906] [AddonLoader]: Instantiating addon 'CustomConfigsManager' from assembly 'ModuleManager'
[LOG 11:58:54.747] [UIMasterController]: ShowUI
[LOG 11:58:54.944] [SceneLoadSpeedBoost] Save loaded from disk in 2ms
[LOG 11:58:54.953] GetSubclassesOfParentClass: Found 7 types with AlarmTypeBase parent in 9 assemblies.
[LOG 11:58:54.959] Loading Depletion Nodes
[LOG 11:58:54.959] DepNodeCount:  0
[LOG 11:58:54.959] Loading Biome Nodes
[LOG 11:58:54.959] BiomeNodeCount:  0
[LOG 11:58:54.959] Loading Planet Nodes
[LOG 11:58:54.959] PlanetNodeCount:  0
[LOG 11:58:54.969] [ScenarioDestructibles]: Loading... 0 objects registered
[ERR 11:58:54.975] Cannot find a Module of typename 'KerbalKonstructsSettings'

[ERR 11:58:54.975] ScenarioModule is null.

[LOG 11:58:55.053] [UiApp] Awake: KSPedia
[LOG 11:58:55.053] [UiApp] Awake: Missions App
[LOG 11:58:55.053] [UiApp] Awake: AlarmClock
[LOG 11:58:55.053] [GenericAppFrame] Reposition 0 9757
[LOG 11:58:55.054] [ApplicationLauncher] OnSceneLoadedGUIReady: scene SPACECENTER ShouldBeVisible() True ShouldBeOnTop() False iIsPositionedAtTop True
[LOG 11:58:55.054] [ApplicationLauncher] SpawnSimpleLayout: HorizontalRightLeft
[LOG 11:58:55.056] [ApplicationLauncher] SetVisible: 
[LOG 11:58:55.112] [UIApp] OnDestroy: Contracts
[LOG 11:58:55.117] [MessageSystem] Reposition 0.02 9758
[LOG 11:58:55.117] [GenericAppFrame] Reposition 0.02 9758
[LOG 11:58:55.117] [GenericAppFrame] Reposition 0.02 9758
[LOG 11:58:55.213] [UIApp] Adding AlarmClock to Application Launcher
[LOG 11:58:55.214] [UIApp] Adding Missions App to Application Launcher
[LOG 11:58:55.256] [GenericAppFrame] Reposition 0.1250277 9764
[LOG 11:58:55.259] [MissionsApp] OnAppStarted(): id: -362132
[LOG 11:58:55.259] MissionsApp does not execute in this game mode, destroying this instance
[LOG 11:58:55.259] [UIApp] OnDestroy: Missions App
[LOG 11:58:55.267] [UIApp] Adding KSPedia to Application Launcher
[LOG 11:58:56.763] Game Paused!
[LOG 11:58:56.763] [UIMasterController]: ShowUI
[LOG 11:59:01.354] [KSPUpgradePipeline]: claude (1.12.5) is up to date.
[LOG 11:59:01.362] [ScenarioTypes]: List Created 23 scenario types loaded from 9 loaded assemblies.
[LOG 11:59:01.362] [MessageSystem] Load Messages
[LOG 11:59:01.365] [UIMasterController]: HideUI
[LOG 11:59:01.373] [HighLogic]: =========================== Scene Change : From SPACECENTER to FLIGHT =====================
[LOG 11:59:01.375] Game Unpaused!
[LOG 11:59:01.629] [UIApp] OnDestroy: AlarmClock
[LOG 11:59:01.632] [UIApp] OnDestroy: KSPedia
[LOG 11:59:01.635] [KSPCF:MemoryLeaks] Removed a onPlanetariumTargetChange callback owned by a destroyed Assembly-CSharp:CommNetVessel instance
[LOG 11:59:01.639] [KSPCF:MemoryLeaks] Leaving scene "SpaceCenter", cleaned 5 memory leaks in 0.006s. GameEvents callbacks : 469. Allocated memory : 949.57 MiB (managed heap), 2.182 GiB (unmanaged)
[LOG 11:59:01.645] UICanvasPrefabSpawner FlightUI spawning Flight
[LOG 11:59:01.667] UICanvasPrefabSpawner FlightUI spawning VesselLabels
[LOG 11:59:01.667] [UiApp] Awake: ResourceDisplay
[LOG 11:59:01.717] [AddonLoader]: Instantiating addon 'AeroGUI' from assembly 'KSP'
[LOG 11:59:01.726] [AddonLoader]: Instantiating addon 'TerrainPrecisionFixDiag2Mod' from assembly 'TerrainPrecisionFixDiag2Mod'
[LOG 11:59:01.727] [AddonLoader]: Instantiating addon 'TerrainPrecisionFixDiag3Mod' from assembly 'TerrainPrecisionFixDiag3Mod'
[LOG 11:59:01.728] [PlanetariumCamera]: Focus: Kerbin
[LOG 11:59:01.729] [UIMasterController]: HideUI
[LOG 11:59:01.935] [UIMasterController]: HideUI
[LOG 11:59:01.935] ------------------- initializing flight mode... ------------------
[LOG 11:59:01.936] GetSubclassesOfParentClass: Using cached results for AlarmTypeBase
[LOG 11:59:01.937] Loading Depletion Nodes
[LOG 11:59:01.937] DepNodeCount:  0
[LOG 11:59:01.937] Loading Biome Nodes
[LOG 11:59:01.937] BiomeNodeCount:  0
[LOG 11:59:01.937] Loading Planet Nodes
[LOG 11:59:01.937] PlanetNodeCount:  0
[LOG 11:59:01.939] [ScenarioDestructibles]: Loading... 0 objects registered
[ERR 11:59:01.941] Cannot find a Module of typename 'KerbalKonstructsSettings'

[ERR 11:59:01.941] ScenarioModule is null.

[LOG 11:59:01.964] Target vessel index: 9  vessel count: 10
[LOG 11:59:01.965] [FLIGHT GLOBALS]: Switching To Vessel Diag2-Rover ---------------------- 
[LOG 11:59:01.966] setting new dominant body: Kerbin
FlightGlobals.mainBody: Kerbin
[LOG 11:59:01.967] Reference Frame: Rotating
[LOG 11:59:01.998] [Diag2-Rover]: landed - waiting for ground contact to resume physics...
[LOG 11:59:02.008] Camera Mode: AUTO
[LOG 11:59:03.685] all systems started
[LOG 11:59:03.917] [UiApp] Awake: CurrencyWidgetsApp
[LOG 11:59:03.917] [UiApp] Awake: ResourceDisplay
[LOG 11:59:03.917] [UiApp] Awake: KSPedia
[LOG 11:59:03.917] [UiApp] Awake: Missions App
[LOG 11:59:03.917] [UiApp] Awake: DeltaVApp
[LOG 11:59:03.917] [UiApp] Awake: ActionGroupsApp
[LOG 11:59:03.917] [UiApp] Awake: Construction
[LOG 11:59:03.917] [UiApp] Awake: Cargo
[LOG 11:59:03.917] [UiApp] Awake: AlarmClock
[LOG 11:59:03.917] [UiApp] Awake: ManeuverTool
[LOG 11:59:03.917] [ApplicationLauncher] OnSceneLoadedGUIReady: scene FLIGHT ShouldBeVisible() True ShouldBeOnTop() True iIsPositionedAtTop False
[LOG 11:59:03.917] [ApplicationLauncher] SpawnSimpleLayout: VerticalTopDown
[LOG 11:59:03.920] [KnowledgeBase] OnAppLauncherReady 10185
[LOG 11:59:03.931] [UIApp] OnDestroy: Contracts
[LOG 11:59:03.975] [FlightIntegrator]: Reloaded drag cube for zeroed cube root part trussPiece3x (Diag2-Rover) on vessel Diag2-Rover
[LOG 11:59:03.989] [MessageSystem] Reposition 0.02 10186
[LOG 11:59:03.990] [GenericAppFrame] Reposition 0.02 10186
[LOG 11:59:03.990] [GenericAppFrame] Reposition 0.02 10186
[LOG 11:59:04.067] [PlanetariumCamera]: Focus: Diag2-Rover
[LOG 11:59:04.085] [UIApp] Adding ResourceDisplay to Application Launcher
[LOG 11:59:04.086] [UIApp] Adding ResourceDisplay to Application Launcher
[LOG 11:59:04.096] [ResourceDisplay] OnAppStarted(): id: -386796
[LOG 11:59:04.097] [GenericAppFrame] Reposition 0.1256413 10190
[LOG 11:59:04.098] [ResourceDisplay] OnAppStarted(): id: 264296
[LOG 11:59:04.098] ResourceDisplay already exist, destroying this instance
[LOG 11:59:04.098] [UIApp] OnDestroy: ResourceDisplay
[LOG 11:59:04.110] [UIApp] Adding AlarmClock to Application Launcher
[LOG 11:59:04.111] [UIApp] Adding ActionGroupsApp to Application Launcher
[LOG 11:59:04.112] [UIApp] Adding Missions App to Application Launcher
[LOG 11:59:04.113] CURRENCY WIDGET False False False
[LOG 11:59:04.114] [UIApp] OnDestroy: CurrencyWidgetsApp
[LOG 11:59:04.133] [GenericAppFrame] Reposition 0.1507332 10192
[LOG 11:59:04.136] [ActionGroupsApp] OnAppStarted(): id: -386820
[LOG 11:59:04.137] [GenericAppFrame] Reposition 0.1507332 10192
[LOG 11:59:04.137] [UIApp] Adding DeltaVApp to Application Launcher
[LOG 11:59:04.138] [MissionsApp] OnAppStarted(): id: -386808
[LOG 11:59:04.138] MissionsApp does not execute in this game mode, destroying this instance
[LOG 11:59:04.138] [UIApp] OnDestroy: Missions App
[LOG 11:59:04.147] [GenericAppFrame] Reposition 0.1764754 10193
[LOG 11:59:04.160] [UIApp] Adding Cargo to Application Launcher
[LOG 11:59:04.162] [UIApp] Adding Construction to Application Launcher
[LOG 11:59:04.163] [UIApp] Adding KSPedia to Application Launcher
[WRN 11:59:04.178] HighlightingSystem : Framebuffer depth data is not available and can't be used to occlude highlighting. Highlighting occluders enabled.
[LOG 11:59:04.206] [UIApp] Adding ManeuverTool to Application Launcher
[LOG 11:59:04.210] [ApplicationLauncher] SetHidden: 
[LOG 11:59:04.241] [GenericAppFrame] Reposition 0.2599793 10196
[LOG 11:59:04.249] [ManeuverTool]: Found 1 transfer types
[LOG 11:59:04.304] Flight State Captured
[LOG 11:59:04.307] Saving Achievements Tree...
[LOG 11:59:04.307] Saving Achievements Tree...
[LOG 11:59:04.310] [MessageSystem] Save Messages
[LOG 11:59:04.335] Game State Saved as persistent
[LOG 11:59:05.306] Unpacking Diag2-Rover
[LOG 11:59:05.334] [UIMasterController]: ShowUI
[LOG 12:04:06.603] [FlightGlobals]: Active Vessel is moving (sqrVel = 30.0392161040544). Cannot save.
[LOG 12:04:19.585] [PlanetariumCamera]: Focus: Diag2-Rover
[LOG 12:04:19.593] Maneuver Mode enabled
[LOG 12:04:19.593] [ApplicationLauncher] SetHidden: 
[LOG 12:04:19.595] [ApplicationLauncher] SetHidden: 
[LOG 12:04:19.597] [PlanetariumCamera]: Focus: Diag2-Rover
[LOG 12:04:31.288] [ApplicationLauncher] SetVisible: 
[LOG 12:04:31.298] Camera Mode: AUTO
[LOG 12:04:31.298] [ApplicationLauncher] SetVisible: 
[LOG 12:04:36.635] [FlightGlobals]: Active Vessel is moving (sqrVel = 10.1740890815174). Cannot save.
[LOG 12:05:08.160] Flight State Captured
[LOG 12:05:08.161] Saving Achievements Tree...
[LOG 12:05:08.161] Saving Achievements Tree...
[LOG 12:05:08.161] [MessageSystem] Save Messages
[LOG 12:05:08.194] Game State Saved to saves/claude/persistent
[LOG 12:05:08.202] [AutoSave]: Game Backed Up and Saved
[LOG 12:10:10.184] Flight State Captured
[LOG 12:10:10.184] Saving Achievements Tree...
[LOG 12:10:10.184] Saving Achievements Tree...
[LOG 12:10:10.185] [MessageSystem] Save Messages
[LOG 12:10:10.213] Game State Saved to saves/claude/persistent
[LOG 12:10:10.225] [AutoSave]: Game Backed Up and Saved
[LOG 12:15:11.342] Flight State Captured
[LOG 12:15:11.342] Saving Achievements Tree...
[LOG 12:15:11.342] Saving Achievements Tree...
[LOG 12:15:11.342] [MessageSystem] Save Messages
[LOG 12:15:11.368] Game State Saved to saves/claude/persistent
[LOG 12:15:11.381] [AutoSave]: Game Backed Up and Saved
[LOG 12:19:36.151] Game Paused!
[LOG 12:19:36.152] [UIMasterController]: ShowUI
[LOG 12:19:37.103] Flight State Captured
[LOG 12:19:37.103] Saving Achievements Tree...
[LOG 12:19:37.103] Saving Achievements Tree...
[LOG 12:19:37.103] [MessageSystem] Save Messages
[LOG 12:19:37.128] Game State Saved to saves/claude/persistent
[LOG 12:19:37.139] [UIMasterController]: HideUI
[LOG 12:19:37.148] [HighLogic]: =========================== Scene Change : From FLIGHT to MAINMENU =====================
[LOG 12:19:37.534] KbApp.OnDestroy Vessel Info
[LOG 12:19:37.538] [UIApp] OnDestroy: ManeuverTool
[LOG 12:19:37.538] KbApp.OnDestroy Planet Resources
[LOG 12:19:37.540] [UIApp] OnDestroy: KSPedia
[LOG 12:19:37.540] [UIApp] OnDestroy: DeltaVApp
[LOG 12:19:37.540] [UIApp] OnDestroy: Cargo
[LOG 12:19:37.541] KbApp.OnDestroy Planet Parameters
[LOG 12:19:37.542] [UIApp] OnDestroy: ActionGroupsApp
[LOG 12:19:37.544] KbApp.OnDestroy Planet Info
[LOG 12:19:37.544] [UIApp] OnDestroy: ResourceDisplay
[LOG 12:19:37.546] KbApp.OnDestroy Unowned Info
[LOG 12:19:37.546] [UIApp] OnDestroy: AlarmClock
[LOG 12:19:37.546] [UIApp] OnDestroy: Construction
[LOG 12:19:37.546] KbApp.OnDestroy Vessel Crew
[LOG 12:19:37.547] KbApp.OnDestroy NullName
[LOG 12:19:37.548] [KSPCF:MemoryLeaks] Removed a onVesselChange callback owned by a destroyed Assembly-CSharp:ModuleDeployableSolarPanel instance
[LOG 12:19:37.548] [KSPCF:MemoryLeaks] Removed a onVesselChange callback owned by a destroyed Assembly-CSharp:ModuleDeployableSolarPanel instance
[LOG 12:19:37.548] [KSPCF:MemoryLeaks] Removed a onVesselChange callback owned by a destroyed Assembly-CSharp:ModuleDeployableSolarPanel instance
[LOG 12:19:37.548] [KSPCF:MemoryLeaks] Removed a onVesselChange callback owned by a destroyed Assembly-CSharp:ModuleDeployableSolarPanel instance
[LOG 12:19:37.548] [KSPCF:MemoryLeaks] Removed a onVesselChange callback owned by a destroyed Assembly-CSharp:ModuleDeployableSolarPanel instance
[LOG 12:19:37.548] [KSPCF:MemoryLeaks] Removed a onVesselChange callback owned by a destroyed Assembly-CSharp:ModuleDeployableSolarPanel instance
[LOG 12:19:37.549] [KSPCF:MemoryLeaks] Removed a OnMapExited callback owned by a destroyed Assembly-CSharp:NavBallToggle instance
[LOG 12:19:37.549] [KSPCF:MemoryLeaks] Removed a OnGameSettingsApplied callback owned by a destroyed Assembly-CSharp:VesselAutopilotUI instance
[LOG 12:19:37.549] [KSPCF:MemoryLeaks] Removed a onPartActionUICreate callback owned by a destroyed Assembly-CSharp:ModuleInventoryPart instance
[LOG 12:19:37.549] [KSPCF:MemoryLeaks] Removed a onPartActionUICreate callback owned by a destroyed Assembly-CSharp:ModuleInventoryPart instance
[LOG 12:19:37.550] [KSPCF:MemoryLeaks] Removed a onModuleInventoryChanged callback owned by a destroyed Assembly-CSharp:ModuleInventoryPart instance
[LOG 12:19:37.550] [KSPCF:MemoryLeaks] Removed a onModuleInventoryChanged callback owned by a destroyed Assembly-CSharp:ModuleInventoryPart instance
[LOG 12:19:37.550] [KSPCF:MemoryLeaks] Removed a OnDestructibleLoaded callback owned by a destroyed Assembly-CSharp:RunwayCollisionHandler instance
[LOG 12:19:37.550] [KSPCF:MemoryLeaks] Removed a OnClick callback owned by a destroyed Assembly-CSharp:EVAConstructionModeEditor instance
[LOG 12:19:37.550] [KSPCF:MemoryLeaks] Removed a TimingManager.Instance.timing5.onLateUpdate callback owned by a destroyed Assembly-CSharp:MapView instance
[LOG 12:19:37.550] [KSPCF:MemoryLeaks] Leaving scene "Flight", cleaned 65 memory leaks in 0.003s. GameEvents callbacks : 382. Allocated memory : 952.918 MiB (managed heap), 2.268 GiB (unmanaged)
[LOG 12:19:37.633] [UIMasterController]: ShowUI
[LOG 12:19:37.873] [ScenarioTypes]: List Created 23 scenario types loaded from 9 loaded assemblies.
[WRN 12:19:37.877] File 'C:/Users/lhervier/Perso/ksp-dev/KSP_x64_Data/../Missions/MissionScoreInfo.cfg' does not exist
[LOG 12:19:37.877] [ApplicationLauncher] OnSceneLoadedGUIReady: scene MAINMENU ShouldBeVisible() True ShouldBeOnTop() True iIsPositionedAtTop True
[LOG 12:19:37.877] [ApplicationLauncher] SetHidden: 
[LOG 12:19:37.931] [MessageSystem] Reposition 0.02 91666
[LOG 12:19:37.931] [GenericAppFrame] Reposition 0.02 91666
[LOG 12:19:37.931] [GenericAppFrame] Reposition 0.02 91666
