[LOG 21:17:04.667] ******* Log Initiated for Kerbal Space Program - 1.12.5.3190 (WindowsPlayer x64) fr-fr *******
Kerbal Space Program - 1.12.5.3190 (WindowsPlayer x64) fr-fr


OS: Windows 10  (10.0.0) 64bit
CPU: Intel(R) Core(TM) Ultra 7 155H (22)
RAM: 32265
GPU: Intel(R) Arc(TM) Pro Graphics (18391MB)
SM: 50 (Direct3D 11.0 [level 11.1])
RT Formats: ARGB32, Depth, ARGBHalf, Shadowmap, RGB565, ARGB4444, ARGB1555, Default, ARGB2101010, DefaultHDR, ARGB64, ARGBFloat, RGFloat, RGHalf, RFloat, RHalf, R8, ARGBInt, RGInt, RInt, BGRA32, RGB111110Float, RG32, RGBAUShort, RG16, BGRA10101010_XR, BGR101010_XR, R16


Log started: Sat, Oct 03, 2026 21:17:04


[LOG 21:17:04.681] ActionCanvas MASK: 3458764513820540928
[LOG 21:17:04.682] AppCanvas MASK: 3458764513820540928
[LOG 21:17:04.683] MainCanvas MASK: 3458764513820540928
[LOG 21:17:06.024] Load(Assembly): /ModuleManager.4.2.3
[LOG 21:17:06.025] AssemblyLoader: Loading assembly at C:\Users\lhervier\Perso\ksp-dev\GameData\ModuleManager.4.2.3.dll
[LOG 21:17:06.044] AssemblyLoader: KSPAssembly 'ModuleManager' V2.5.0
[LOG 21:17:06.044] Load(Assembly): 000_Harmony/0Harmony
[LOG 21:17:06.044] AssemblyLoader: Loading assembly at C:\Users\lhervier\Perso\ksp-dev\GameData\000_Harmony\0Harmony.dll
[LOG 21:17:06.047] Load(Assembly): 000_Harmony/HarmonyInstallChecker
[LOG 21:17:06.047] AssemblyLoader: Loading assembly at C:\Users\lhervier\Perso\ksp-dev\GameData\000_Harmony\HarmonyInstallChecker.dll
[LOG 21:17:06.048] AssemblyLoader: KSPAssembly 'HarmonyKSP' V1.0.0
[LOG 21:17:06.048] Load(Assembly): KSPCommunityFixes/Plugins/0_MultipleModuleInPartAPI
[LOG 21:17:06.048] AssemblyLoader: Loading assembly at C:\Users\lhervier\Perso\ksp-dev\GameData\KSPCommunityFixes\Plugins\0_MultipleModuleInPartAPI.dll
[LOG 21:17:06.050] AssemblyLoader: KSPAssembly 'MultipleModulePartAPI' V1.0.0
[LOG 21:17:06.050] Load(Assembly): KSPCommunityFixes/Plugins/KSPCommunityFixes
[LOG 21:17:06.050] AssemblyLoader: Loading assembly at C:\Users\lhervier\Perso\ksp-dev\GameData\KSPCommunityFixes\Plugins\KSPCommunityFixes.dll
[LOG 21:17:06.057] AssemblyLoader: KSPAssembly 'KSPCommunityFixes' V1.41.1
[LOG 21:17:06.058] AssemblyLoader: KSPAssemblyDependency 'HarmonyKSP' V1.0.0
[LOG 21:17:06.058] AssemblyLoader: KSPAssemblyDependency 'ModuleManager' V1.0.0
[LOG 21:17:06.058] AssemblyLoader: KSPAssemblyDependency 'MultipleModulePartAPI' V1.0.0
[LOG 21:17:06.058] Load(Assembly): KSPDiagFloatingOrigin/KSPDiagFloatingOrigin
[LOG 21:17:06.058] AssemblyLoader: Loading assembly at C:\Users\lhervier\Perso\ksp-dev\GameData\KSPDiagFloatingOrigin\KSPDiagFloatingOrigin.dll
[LOG 21:17:06.059] Load(Assembly): KSPDiagTerrainHeight/KSPDiagTerrainHeight
[LOG 21:17:06.059] AssemblyLoader: Loading assembly at C:\Users\lhervier\Perso\ksp-dev\GameData\KSPDiagTerrainHeight\KSPDiagTerrainHeight.dll
[LOG 21:17:06.060] Load(Assembly): KSPMCPServer/KSPMCPServer
[LOG 21:17:06.060] AssemblyLoader: Loading assembly at C:\Users\lhervier\Perso\ksp-dev\GameData\KSPMCPServer\KSPMCPServer.dll
[LOG 21:17:06.061] Load(Assembly): Squad/Plugins/KSPSteamCtrlr
[LOG 21:17:06.061] AssemblyLoader: Loading assembly at C:\Users\lhervier\Perso\ksp-dev\GameData\Squad\Plugins\KSPSteamCtrlr.dll
[LOG 21:17:06.064] AssemblyLoader: Loading assemblies
[LOG 21:17:06.132] VesselModules: Found VesselModule of type AxisGroupsModule with order 999
[LOG 21:17:06.168] VesselModules: Found VesselModule of type CometVessel with order 999
[LOG 21:17:06.169] VesselModules: Found VesselModule of type SuspensionLoadBalancer with order 999
[LOG 21:17:06.170] VesselModules: Found VesselModule of type FlightIntegrator with order 0
[LOG 21:17:06.172] VesselModules: Found VesselModule of type CommNetVessel with order 999
[LOG 21:17:06.176] VesselModules: Found 5 VesselModule types
[LOG 21:17:06.185] 
************************************************************************

Environment Info
Win32NT 7FFFFFFFFFFFFFFF  Args: KSP_x64.exe 

Mod DLLs found:
Stock assembly: Assembly-CSharp v0.0.0.0
ModuleManager v4.2.3.0
0Harmony v2.2.1.0
HarmonyInstallChecker v2.2.1.0
0_MultipleModuleInPartAPI v1.0.0.0 / v1.0.0+7969fdc50bf4e350193abe5ba2e89533b12ca02f
KSPCommunityFixes v1.41.0.0 / v1.41.1+7969fdc50bf4e350193abe5ba2e89533b12ca02f / v1.41.1.0
KSPDiagFloatingOrigin v1.0.9772.27899
KSPDiagTerrainHeight v1.0.9772.27897
KSPMCPServer v0.0.0.0
Stock assembly: KSPSteamCtrlr v0.0.1.35

Folders and files in GameData:
000_Harmony
KSPCommunityFixes
KSPDiagFloatingOrigin
KSPDiagTerrainHeight
KSPMCPServer
Stock folder: Squad

Stock folder: SquadExpansion

ModuleManager.4.2.3.dll
ModuleManager.ConfigCache
ModuleManager.ConfigSHA
ModuleManager.Physics
ModuleManager.TechTree

************************************************************************

[LOG 21:17:06.197] [AddonLoader]: Instantiating addon 'ModuleManager' from assembly 'ModuleManager'
[LOG 21:17:06.208] [ModuleManager] Adding post patch to the loading screen 4
[LOG 21:17:06.210] [ModuleManager] Patching started on a new thread, all output will be directed to C:\Users\lhervier\Perso\ksp-dev\Logs\ModuleManager\ModuleManager.log
[LOG 21:17:06.213] [AddonLoader]: Instantiating addon 'HarmonyInstallChecker' from assembly 'HarmonyKSP'
[LOG 21:17:06.213] [AddonLoader]: Instantiating addon 'KSPCommunityFixes' from assembly 'KSPCommunityFixes'
[LOG 21:17:06.215] [AddonLoader]: Instantiating addon 'NoIVA' from assembly 'KSPCommunityFixes'
[LOG 21:17:06.215] [AddonLoader]: Instantiating addon 'ConfigNodePerf' from assembly 'KSPCommunityFixes'
[LOG 21:17:06.393] [AddonLoader]: Instantiating addon 'KSPCFFastLoader' from assembly 'KSPCommunityFixes'
[LOG 21:17:06.399] [KSPCF] Injecting FastLoader...
[LOG 21:17:06.421] [KSPCommunityFixes] Patch GameDatabasePerf applied.
[LOG 21:17:06.494] [AddonLoader]: Instantiating addon 'ReflectionTypeLoadExceptionHandler' from assembly 'KSPCommunityFixes'
[LOG 21:17:06.498] [AddonLoader]: Instantiating addon 'KSPMCPServerMod' from assembly 'KSPMCPServer'
[LOG 21:17:06.615] [KSP-MCPServer] Tool floatingorigin_record from KSPDiagFloatingOrigin (com.github.lhervier.ksp.diag.floatingorigin.McpTools.Record)
[LOG 21:17:06.615] [KSP-MCPServer] Tool floatingorigin_read from KSPDiagFloatingOrigin (com.github.lhervier.ksp.diag.floatingorigin.McpTools.Read)
[LOG 21:17:06.615] [KSP-MCPServer] Tool floatingorigin_clear from KSPDiagFloatingOrigin (com.github.lhervier.ksp.diag.floatingorigin.McpTools.Clear)
[LOG 21:17:06.617] [KSP-MCPServer] Tool floatingorigin_move_window from KSPDiagFloatingOrigin (com.github.lhervier.ksp.diag.floatingorigin.McpTools.MoveWindow)
[LOG 21:17:06.617] [KSP-MCPServer] Tool terrainheight_record from KSPDiagTerrainHeight (com.github.lhervier.ksp.diag.terrainheight.McpTools.Record)
[LOG 21:17:06.617] [KSP-MCPServer] Tool terrainheight_read from KSPDiagTerrainHeight (com.github.lhervier.ksp.diag.terrainheight.McpTools.Read)
[LOG 21:17:06.617] [KSP-MCPServer] Tool terrainheight_clear from KSPDiagTerrainHeight (com.github.lhervier.ksp.diag.terrainheight.McpTools.Clear)
[LOG 21:17:06.617] [KSP-MCPServer] Tool terrainheight_move_window from KSPDiagTerrainHeight (com.github.lhervier.ksp.diag.terrainheight.McpTools.MoveWindow)
[LOG 21:17:06.632] [KSP-MCPServer] Listening on http://127.0.0.1:8770/mcp/ with 34 tools
[LOG 21:17:06.632] [AddonLoader]: Instantiating addon 'KSPSteamController' from assembly 'KSPSteamCtrlr'
[LOG 21:17:07.880] [KSPCF] Taking over stock loader. An exception will follow, this is intended.
[EXC 21:17:07.883] Exception: Terminating stock loader coroutine, this is intended and not an error
	KSPCommunityFixes.Performance.KSPCFFastLoader.GameDatabase_SetupMainLoaders_Prefix () (at <62bb7f5420994f409a34377c091e8538>:0)
	(wrapper dynamic-method) GameDatabase.GameDatabase.SetupMainLoaders_Patch1(GameDatabase)
	GameDatabase+<LoadObjects>d__90.MoveNext () (at <4b449f2841f84227adfaad3149c8fdba>:0)
	UnityEngine.SetupCoroutine.InvokeMoveNext (System.Collections.IEnumerator enumerator, System.IntPtr returnValueAddress) (at <12e76cd50cc64cf19e759e981cb725af>:0)
	UnityEngine.DebugLogHandler:LogException(Exception, Object)
	ModuleManager.UnityLogHandle.InterceptLogHandler:LogException(Exception, Object)
	UnityEngine.MonoBehaviour:StartCoroutine(IEnumerator)
	<CreateDatabase>d__71:MoveNext()
	UnityEngine.MonoBehaviour:StartCoroutine(IEnumerator)
	GameDatabase:StartLoad()
	<LoadSystems>d__11:MoveNext()
	UnityEngine.MonoBehaviour:StartCoroutine(IEnumerator)
	LoadingScreen:Start()
[LOG 21:17:08.009] Preloading Asset Bundle Definitions
[LOG 21:17:08.257] Load Audio: Squad/Alarms/Sounds/Chirps
[LOG 21:17:08.278] Load Audio: Squad/Alarms/Sounds/Classic
[LOG 21:17:08.279] Load Audio: Squad/Alarms/Sounds/ClockTower
[LOG 21:17:08.279] Load Audio: Squad/Alarms/Sounds/ComputerGlass1
[LOG 21:17:08.279] Load Audio: Squad/Alarms/Sounds/ComputerGlass2
[LOG 21:17:08.280] Load Audio: Squad/Alarms/Sounds/ComputerShort
[LOG 21:17:08.280] Load Audio: Squad/Alarms/Sounds/ComputerTriad
[LOG 21:17:08.280] Load Audio: Squad/Alarms/Sounds/DoorBell
[LOG 21:17:08.280] Load Audio: Squad/Alarms/Sounds/Glass
[LOG 21:17:08.281] Load Audio: Squad/Alarms/Sounds/Klaxon
[LOG 21:17:08.281] Load Audio: Squad/Alarms/Sounds/Mobile
[LOG 21:17:08.281] Load Audio: Squad/Alarms/Sounds/Morning
[LOG 21:17:08.281] Load Audio: Squad/Alarms/Sounds/OldClock
[LOG 21:17:08.282] Load Audio: Squad/Alarms/Sounds/OldHorn
[LOG 21:17:08.282] Load Audio: Squad/Alarms/Sounds/Ripple
[LOG 21:17:08.282] Load Audio: Squad/Sounds/editorLoop01
[LOG 21:17:08.282] Load Audio: Squad/Sounds/elev_loop
[LOG 21:17:08.283] Load Audio: Squad/Sounds/elev_start
[LOG 21:17:08.283] Load Audio: Squad/Sounds/elev_stop
[LOG 21:17:08.283] Load Audio: Squad/Sounds/fireworks_explosion_2
[LOG 21:17:08.283] Load Audio: Squad/Sounds/fireworks_explosion_3
[LOG 21:17:08.284] Load Audio: Squad/Sounds/fireworks_explosion_4
[LOG 21:17:08.284] Load Audio: Squad/Sounds/fireworks_launch_boom
[LOG 21:17:08.284] Load Audio: Squad/Sounds/fireworks_only_crackle_crackle_1
[LOG 21:17:08.285] Load Audio: Squad/Sounds/fireworks_only_crackle_dragon_1
[LOG 21:17:08.490] Load Audio: Squad/Sounds/fireworks_only_crackle_palm_1
[LOG 21:17:08.490] Load Audio: Squad/Sounds/fireworks_whistle
[LOG 21:17:08.490] Load Audio: Squad/Sounds/ksp1_banana_V2_01
[LOG 21:17:08.490] Load Audio: Squad/Sounds/ksp1_banana_V2_04
[LOG 21:17:08.491] Load Audio: Squad/Sounds/ksp1_banana_V2_05
[LOG 21:17:08.491] Load Audio: Squad/Sounds/ksp1_golf_swing_normal
[LOG 21:17:08.491] Load Audio: Squad/Sounds/ksp1_ground_anchor_v2_1
[LOG 21:17:08.491] Load Audio: Squad/Sounds/ksp1_strunts_disconnect_v3_pitched2
[LOG 21:17:08.491] Load Audio: Squad/Sounds/repairKit_repair1
[LOG 21:17:08.491] Load Audio: Squad/Sounds/repairKit_repair2
[LOG 21:17:08.491] Load Audio: Squad/Sounds/sound_ambience_nature
[LOG 21:17:08.491] Load Audio: Squad/Sounds/sound_click_flick
[LOG 21:17:08.492] Load Audio: Squad/Sounds/sound_click_latch
[LOG 21:17:08.492] Load Audio: Squad/Sounds/sound_click_sharp
[LOG 21:17:08.492] Load Audio: Squad/Sounds/sound_click_tick
[LOG 21:17:08.492] Load Audio: Squad/Sounds/sound_click_tock
[LOG 21:17:08.492] Load Audio: Squad/Sounds/sound_decoupler_fire
[LOG 21:17:08.492] Load Audio: Squad/Sounds/sound_delete_bin
[LOG 21:17:08.492] Load Audio: Squad/Sounds/sound_explosion_debris1
[LOG 21:17:08.493] Load Audio: Squad/Sounds/sound_explosion_debris2
[LOG 21:17:08.493] Load Audio: Squad/Sounds/sound_explosion_large
[LOG 21:17:08.493] Load Audio: Squad/Sounds/sound_rocket_mini
[LOG 21:17:08.493] Load Audio: Squad/Sounds/sound_rocket_spurts
[LOG 21:17:08.493] Load Audio: Squad/Sounds/sound_servomotor
[LOG 21:17:08.493] Load Audio: Squad/Sounds/sound_tab_extend
[LOG 21:17:08.499] Load Audio: Squad/Sounds/sound_tab_retreat
[LOG 21:17:08.499] Load Audio: SquadExpansion/Serenity/Sounds/robo_arm_large_end
[LOG 21:17:08.500] Load Audio: SquadExpansion/Serenity/Sounds/robo_arm_large_motor_00
[LOG 21:17:08.500] Load Audio: SquadExpansion/Serenity/Sounds/robo_arm_large_scan
[LOG 21:17:08.500] Load Audio: SquadExpansion/Serenity/Sounds/robo_arm_large_start
[LOG 21:17:08.500] Load Audio: SquadExpansion/Serenity/Sounds/robo_arm_medium_end
[LOG 21:17:08.500] Load Audio: SquadExpansion/Serenity/Sounds/robo_arm_medium_motor_00
[LOG 21:17:08.500] Load Audio: SquadExpansion/Serenity/Sounds/robo_arm_medium_scan
[LOG 21:17:08.500] Load Audio: SquadExpansion/Serenity/Sounds/robo_arm_medium_start
[LOG 21:17:08.500] Load Audio: SquadExpansion/Serenity/Sounds/robo_arm_small_end
[LOG 21:17:08.501] Load Audio: SquadExpansion/Serenity/Sounds/robo_arm_small_motor_00
[LOG 21:17:08.501] Load Audio: SquadExpansion/Serenity/Sounds/robo_arm_small_scan
[LOG 21:17:08.501] Load Audio: SquadExpansion/Serenity/Sounds/robo_arm_small_start
[LOG 21:17:08.501] Load Audio: SquadExpansion/Serenity/Sounds/sfx_cryoVolcano_burst
[LOG 21:17:08.501] Load Audio: SquadExpansion/Serenity/Sounds/sfx_cryoVolcano_idle
[LOG 21:17:08.501] Load Audio: SquadExpansion/Serenity/Sounds/sfx_deployable_booster_antena_end
[LOG 21:17:08.501] Load Audio: SquadExpansion/Serenity/Sounds/sfx_deployable_booster_antena_start
[LOG 21:17:08.501] Load Audio: SquadExpansion/Serenity/Sounds/sfx_deployable_central_station_end
[LOG 21:17:08.502] Load Audio: SquadExpansion/Serenity/Sounds/sfx_deployable_central_station_loop
[LOG 21:17:08.502] Load Audio: SquadExpansion/Serenity/Sounds/sfx_deployable_central_station_start
[LOG 21:17:08.502] Load Audio: SquadExpansion/Serenity/Sounds/sfx_deployable_detector_end
[LOG 21:17:08.502] Load Audio: SquadExpansion/Serenity/Sounds/sfx_deployable_detector_start
[LOG 21:17:08.502] Load Audio: SquadExpansion/Serenity/Sounds/sfx_deployable_GoObEd_end
[LOG 21:17:08.502] Load Audio: SquadExpansion/Serenity/Sounds/sfx_deployable_GoObEd_loop
[LOG 21:17:08.503] Load Audio: SquadExpansion/Serenity/Sounds/sfx_deployable_GoObEd_start
[LOG 21:17:08.540] Load Audio: SquadExpansion/Serenity/Sounds/sfx_deployable_rtg_end
[LOG 21:17:08.540] Load Audio: SquadExpansion/Serenity/Sounds/sfx_deployable_rtg_start
[LOG 21:17:08.541] Load Audio: SquadExpansion/Serenity/Sounds/sfx_deployable_seismometer_end
[LOG 21:17:08.541] Load Audio: SquadExpansion/Serenity/Sounds/sfx_deployable_seismometer_start
[LOG 21:17:08.541] Load Audio: SquadExpansion/Serenity/Sounds/sfx_deployable_solar_panel_end
[LOG 21:17:08.541] Load Audio: SquadExpansion/Serenity/Sounds/sfx_deployable_solar_panel_start
[LOG 21:17:08.541] Load Audio: SquadExpansion/Serenity/Sounds/sfx_deployable_weather_station_end
[LOG 21:17:08.541] Load Audio: SquadExpansion/Serenity/Sounds/sfx_deployable_weather_station_loop
[LOG 21:17:08.542] Load Audio: SquadExpansion/Serenity/Sounds/sfx_deployable_weather_station_start
[LOG 21:17:08.542] Load Audio: SquadExpansion/Serenity/Sounds/sfx_geyser_burst
[LOG 21:17:08.542] Load Audio: SquadExpansion/Serenity/Sounds/sfx_geyser_idle
[LOG 21:17:08.563] Load DDS texture: KSPCommunityFixes/MMPatches/StockTweaks/Icons/Clamp-O-Tron
[LOG 21:17:08.566] Load TRUECOLOR texture: KSPCommunityFixes/MMPatches/StockTweaks/Icons/Clamp-O-Tron_scaled
[LOG 21:17:08.566] Load DDS texture: KSPCommunityFixes/MMPatches/StockTweaks/Icons/FreeFallParachutes
[LOG 21:17:08.566] Load TRUECOLOR texture: KSPCommunityFixes/MMPatches/StockTweaks/Icons/FreeFallParachutes_scaled
[LOG 21:17:08.568] Load DDS texture: KSPCommunityFixes/MMPatches/StockTweaks/Icons/LightYearTireCompany
[LOG 21:17:08.568] Load TRUECOLOR texture: KSPCommunityFixes/MMPatches/StockTweaks/Icons/LightYearTireCompany_scaled
[LOG 21:17:08.568] Load DDS texture: KSPCommunityFixes/MMPatches/StockTweaks/Icons/StratusCorporation
[LOG 21:17:08.568] Load TRUECOLOR texture: KSPCommunityFixes/MMPatches/StockTweaks/Icons/StratusCorporation_scaled
[LOG 21:17:08.568] Load DDS texture: Squad/Agencies/C7AerospaceDivision
[LOG 21:17:08.568] Load TRUECOLOR texture: Squad/Agencies/C7AerospaceDivision_scaled
[LOG 21:17:08.568] Load DDS texture: Squad/Agencies/DinkelsteinKermansConstructionEmporium
[LOG 21:17:08.568] Load TRUECOLOR texture: Squad/Agencies/DinkelsteinKermansConstructionEmporium_scaled
[LOG 21:17:08.568] Load DDS texture: Squad/Agencies/ExperimentalEngineering
[LOG 21:17:08.569] Load TRUECOLOR texture: Squad/Agencies/ExperimentalEngineering_scaled
[LOG 21:17:08.569] Load DDS texture: Squad/Agencies/FlooydResearchLab
[LOG 21:17:08.569] Load TRUECOLOR texture: Squad/Agencies/FlooydResearchLab_scaled
[LOG 21:17:08.569] Load DDS texture: Squad/Agencies/GoliathNationalProducts
[LOG 21:17:08.569] Load TRUECOLOR texture: Squad/Agencies/GoliathNationalProducts_scaled
[LOG 21:17:08.569] Load DDS texture: Squad/Agencies/IntegratedIntegrals
[LOG 21:17:08.569] Load TRUECOLOR texture: Squad/Agencies/IntegratedIntegrals_scaled
[LOG 21:17:08.569] Load DDS texture: Squad/Agencies/IonicSymphonicProtonicElectronics
[LOG 21:17:08.569] Load TRUECOLOR texture: Squad/Agencies/IonicSymphonicProtonicElectronics_scaled
[LOG 21:17:08.570] Load DDS texture: Squad/Agencies/JebsJunkyard
[LOG 21:17:08.570] Load TRUECOLOR texture: Squad/Agencies/JebsJunkyard_scaled
[LOG 21:17:08.570] Load DDS texture: Squad/Agencies/KerbalMotion
[LOG 21:17:08.570] Load TRUECOLOR texture: Squad/Agencies/KerbalMotion_scaled
[LOG 21:17:08.570] Load DDS texture: Squad/Agencies/KerbinWorldFirstRecordKeepingSociety
[LOG 21:17:08.570] Load TRUECOLOR texture: Squad/Agencies/KerbinWorldFirstRecordKeepingSociety_scaled
[LOG 21:17:08.571] Load DDS texture: Squad/Agencies/Kerbodyne
[LOG 21:17:08.571] Load TRUECOLOR texture: Squad/Agencies/Kerbodyne_scaled
[LOG 21:17:08.571] Load DDS texture: Squad/Agencies/Kerlington
[LOG 21:17:08.571] Load TRUECOLOR texture: Squad/Agencies/Kerlington_scaled
[LOG 21:17:08.571] Load DDS texture: Squad/Agencies/MaxoConstructionToys
[LOG 21:17:08.572] Load TRUECOLOR texture: Squad/Agencies/MaxoConstructionToys_scaled
[LOG 21:17:08.572] Load DDS texture: Squad/Agencies/MovingPartsExpertsGroup
[LOG 21:17:08.572] Load TRUECOLOR texture: Squad/Agencies/MovingPartsExpertsGroup_scaled
[LOG 21:17:08.572] Load DDS texture: Squad/Agencies/OMBDemolition
[LOG 21:17:08.573] Load TRUECOLOR texture: Squad/Agencies/OMBDemolition_scaled
[LOG 21:17:08.573] Load DDS texture: Squad/Agencies/PeriapsisCo
[LOG 21:17:08.573] Load TRUECOLOR texture: Squad/Agencies/PeriapsisCo_scaled
[LOG 21:17:08.574] Load DDS texture: Squad/Agencies/Probodobodyne
[LOG 21:17:08.574] Load TRUECOLOR texture: Squad/Agencies/Probodobodyne_scaled
[LOG 21:17:08.574] Load DDS texture: Squad/Agencies/R&D
[LOG 21:17:08.574] Load TRUECOLOR texture: Squad/Agencies/R&D_scaled
[LOG 21:17:08.575] Load DDS texture: Squad/Agencies/ReactionSystemsLtd
[LOG 21:17:08.575] Load TRUECOLOR texture: Squad/Agencies/ReactionSystemsLtd_scaled
[LOG 21:17:08.575] Load DDS texture: Squad/Agencies/Rockomax
[LOG 21:17:08.575] Load TRUECOLOR texture: Squad/Agencies/Rockomax_scaled
[LOG 21:17:08.575] Load DDS texture: Squad/Agencies/Rokea
[LOG 21:17:08.575] Load TRUECOLOR texture: Squad/Agencies/Rokea_scaled
[LOG 21:17:08.575] Load DDS texture: Squad/Agencies/SeansCannery
[LOG 21:17:08.576] Load TRUECOLOR texture: Squad/Agencies/SeansCannery_scaled
[LOG 21:17:08.576] Load DDS texture: Squad/Agencies/SteadlerEngineeringCorps
[LOG 21:17:08.576] Load TRUECOLOR texture: Squad/Agencies/SteadlerEngineeringCorps_scaled
[LOG 21:17:08.576] Load DDS texture: Squad/Agencies/StrutCo
[LOG 21:17:08.576] Load TRUECOLOR texture: Squad/Agencies/StrutCo_scaled
[LOG 21:17:08.577] Load DDS texture: Squad/Agencies/Vac-Co
[LOG 21:17:08.577] Load TRUECOLOR texture: Squad/Agencies/Vac-Co_scaled
[LOG 21:17:08.577] Load DDS texture: Squad/Agencies/WinterOwl
[LOG 21:17:08.577] Load TRUECOLOR texture: Squad/Agencies/WinterOwl_scaled
[LOG 21:17:08.577] Load DDS texture: Squad/Agencies/ZaltonicElectronics
[LOG 21:17:08.578] Load TRUECOLOR texture: Squad/Agencies/ZaltonicElectronics_scaled
[LOG 21:17:08.578] Load Cached PNG Texture: Squad/Alarms/Icons/ap
[LOG 21:17:08.579] Load Cached PNG Texture: Squad/Alarms/Icons/default
[LOG 21:17:08.579] Load Cached PNG Texture: Squad/Alarms/Icons/maneuver
[LOG 21:17:08.579] Load Cached PNG Texture: Squad/Alarms/Icons/pe
[LOG 21:17:08.579] Load Cached PNG Texture: Squad/Alarms/Icons/raw
[LOG 21:17:08.580] Load Cached PNG Texture: Squad/Alarms/Icons/soi
[LOG 21:17:08.580] Load Cached PNG Texture: Squad/Alarms/Icons/xfer
[LOG 21:17:08.580] Load DDS texture: Squad/Contracts/Icons/balloon
[LOG 21:17:08.580] Load DDS texture: Squad/Contracts/Icons/custom
[LOG 21:17:08.580] Load DDS texture: Squad/Contracts/Icons/default
[LOG 21:17:08.580] Load DDS texture: Squad/Contracts/Icons/dish
[LOG 21:17:08.580] Load DDS texture: Squad/Contracts/Icons/eva
[LOG 21:17:08.580] Load DDS texture: Squad/Contracts/Icons/gravity
[LOG 21:17:08.582] Load Cached PNG Texture: Squad/Contracts/Icons/ksc
[LOG 21:17:08.582] Load DDS texture: Squad/Contracts/Icons/launchsite
[LOG 21:17:08.582] Load DDS texture: Squad/Contracts/Icons/marker
[LOG 21:17:08.582] Load DDS texture: Squad/Contracts/Icons/pressure
[LOG 21:17:08.582] Load DDS texture: Squad/Contracts/Icons/report
[LOG 21:17:08.582] Load DDS texture: Squad/Contracts/Icons/runway
[LOG 21:17:08.582] Load DDS texture: Squad/Contracts/Icons/sample
[LOG 21:17:08.582] Load DDS texture: Squad/Contracts/Icons/seismic
[LOG 21:17:08.582] Load DDS texture: Squad/Contracts/Icons/thermometer
[LOG 21:17:08.583] Load DDS texture: Squad/Contracts/Icons/vessel
[LOG 21:17:08.583] Load Cached PNG Texture: Squad/Flags/09
[LOG 21:17:08.584] Load Cached PNG Texture: Squad/Flags/blorbs
[LOG 21:17:08.584] Load Cached PNG Texture: Squad/Flags/bullseye
[LOG 21:17:08.584] Load Cached PNG Texture: Squad/Flags/capsule
[LOG 21:17:08.585] Load Cached PNG Texture: Squad/Flags/circles
[LOG 21:17:08.586] Load Cached PNG Texture: Squad/Flags/default
[LOG 21:17:08.586] Load Cached PNG Texture: Squad/Flags/hexagon
[LOG 21:17:08.586] Load Cached PNG Texture: Squad/Flags/hexagonCircles
[LOG 21:17:08.588] Load Cached PNG Texture: Squad/Flags/kerbal1
[LOG 21:17:08.588] Load Cached PNG Texture: Squad/Flags/kerbal2
[LOG 21:17:08.589] Load Cached PNG Texture: Squad/Flags/kerbin
[LOG 21:17:08.589] Load Cached PNG Texture: Squad/Flags/kerbinmunflag
[LOG 21:17:08.590] Load Cached PNG Texture: Squad/Flags/line
[LOG 21:17:08.590] Load Cached PNG Texture: Squad/Flags/minimalistic
[LOG 21:17:08.590] Load Cached PNG Texture: Squad/Flags/orbit
[LOG 21:17:08.591] Load Cached PNG Texture: Squad/Flags/orbs
[LOG 21:17:08.595] Load Cached PNG Texture: Squad/Flags/retro
[LOG 21:17:08.596] Load Cached PNG Texture: Squad/Flags/rings
[LOG 21:17:08.596] Load Cached PNG Texture: Squad/Flags/rocketScience
[LOG 21:17:08.596] Load Cached PNG Texture: Squad/Flags/satellite
[LOG 21:17:08.596] Load Cached PNG Texture: Squad/Flags/Sentinel_Flag
[LOG 21:17:08.597] Load Cached PNG Texture: Squad/Flags/spheres
[LOG 21:17:08.597] Load Cached PNG Texture: Squad/Flags/squadLogo
[LOG 21:17:08.597] Load Cached PNG Texture: Squad/Flags/squadLogo2
[LOG 21:17:08.597] Load Cached PNG Texture: Squad/Flags/stripes
[LOG 21:17:08.598] Load Cached PNG Texture: Squad/Flags/trees
[LOG 21:17:08.598] Load Cached PNG Texture: Squad/Flags/trippy
[LOG 21:17:08.598] Load Cached PNG Texture: Squad/FlagsAgency/esa_dark_blue
[LOG 21:17:08.599] Load Cached PNG Texture: Squad/FlagsAgency/NASA
[LOG 21:17:08.599] Load Cached PNG Texture: Squad/FlagsAgency/uk_space_agency
[LOG 21:17:08.600] Load Cached PNG Texture: Squad/FlagsOrganization/B612_Foundation_flag
[LOG 21:17:08.600] Load Cached PNG Texture: Squad/FlagsOrganization/electron
[LOG 21:17:08.600] Load Cached PNG Texture: Squad/FlagsOrganization/ESA_Arianespace
[LOG 21:17:08.601] Load Cached PNG Texture: Squad/FlagsOrganization/rocketlab
[LOG 21:17:08.601] Load DDS texture: Squad/FX/DiamondBlue
[LOG 21:17:08.601] Load DDS texture: Squad/FX/FlameBlueOrange
[LOG 21:17:08.601] Load DDS texture: Squad/FX/FlamePurple
[LOG 21:17:08.601] Load DDS texture: Squad/FX/FlameRed
[LOG 21:17:08.602] Load DDS texture: Squad/FX/FlameRedOrange
[LOG 21:17:08.602] Load DDS texture: Squad/FX/Monoprop
[LOG 21:17:08.602] Load DDS texture: Squad/FX/plasma2
[LOG 21:17:08.602] Load DDS texture: Squad/FX/rocketplume2
[LOG 21:17:08.602] Load DDS texture: Squad/FX/shockDiamond2
[LOG 21:17:08.602] Load DDS texture: Squad/FX/smokepuff1
[LOG 21:17:08.604] Load DDS texture: Squad/Interiors/Administration/AdminBuilding_Lvl1
[LOG 21:17:08.607] Load DDS texture: Squad/Interiors/Administration/AdminBuilding_Lvl2
[LOG 21:17:08.612] Load DDS texture: Squad/Interiors/Administration/AdminBuilding_Lvl3
[LOG 21:17:08.615] Load DDS texture: Squad/MenuProps/MunOrBust
[LOG 21:17:08.617] Load Cached PNG Texture: Squad/Missions/Banners/Fail/default
[LOG 21:17:08.617] Load PNG texture: Squad/Missions/Banners/Menu/default
[WRN 21:17:08.621] Texture isn't eligible for DXT compression, width and height must be multiples of 4
[LOG 21:17:08.622] Load Cached PNG Texture: Squad/Missions/Banners/Success/default
[LOG 21:17:08.622] Load PNG texture: Squad/Missions/ESA-BepiColombo/Banners/Fail/ESA_MB_Fail_01
[WRN 21:17:08.625] Texture isn't eligible for DXT compression, width and height must be multiples of 4
[LOG 21:17:08.625] Load PNG texture: Squad/Missions/ESA-BepiColombo/Banners/Menu/ESA_MB_Select_01
[WRN 21:17:08.627] Texture isn't eligible for DXT compression, width and height must be multiples of 4
[LOG 21:17:08.628] Load PNG texture: Squad/Missions/ESA-BepiColombo/Banners/Success/ESA_MB_Success_01
[WRN 21:17:08.632] Texture isn't eligible for DXT compression, width and height must be multiples of 4
[LOG 21:17:08.632] Load PNG texture: Squad/Missions/ESA-BepiColombo-Short/Banners/Fail/ESA_MB_Fail_01
[WRN 21:17:08.635] Texture isn't eligible for DXT compression, width and height must be multiples of 4
[LOG 21:17:08.635] Load PNG texture: Squad/Missions/ESA-BepiColombo-Short/Banners/Menu/ESA_MB_Select_01
[WRN 21:17:08.639] Texture isn't eligible for DXT compression, width and height must be multiples of 4
[LOG 21:17:08.639] Load PNG texture: Squad/Missions/ESA-BepiColombo-Short/Banners/Success/ESA_MB_Success_01
[WRN 21:17:08.642] Texture isn't eligible for DXT compression, width and height must be multiples of 4
[LOG 21:17:08.642] Load PNG texture: Squad/Missions/ESA-Rosetta/Banners/Fail/ESA_MB_Fail_02
[WRN 21:17:08.646] Texture isn't eligible for DXT compression, width and height must be multiples of 4
[LOG 21:17:08.646] Load PNG texture: Squad/Missions/ESA-Rosetta/Banners/Menu/ESA_MB_Select_02
[WRN 21:17:08.649] Texture isn't eligible for DXT compression, width and height must be multiples of 4
[LOG 21:17:08.649] Load PNG texture: Squad/Missions/ESA-Rosetta/Banners/Success/ESA_MB_Success_02
[WRN 21:17:08.652] Texture isn't eligible for DXT compression, width and height must be multiples of 4
[LOG 21:17:08.652] Load Cached PNG Texture: Squad/PartList/SimpleIcons/ablator
[LOG 21:17:08.652] Load Cached PNG Texture: Squad/PartList/SimpleIcons/active_radiator
[LOG 21:17:08.652] Load Cached PNG Texture: Squad/PartList/SimpleIcons/asteroid_drill
[LOG 21:17:08.652] Load Cached PNG Texture: Squad/PartList/SimpleIcons/cargo_part
[LOG 21:17:08.652] Load Cached PNG Texture: Squad/PartList/SimpleIcons/comet_drill
[LOG 21:17:08.652] Load Cached PNG Texture: Squad/PartList/SimpleIcons/core_heat
[LOG 21:17:08.652] Load Cached PNG Texture: Squad/PartList/SimpleIcons/cs_main
[LOG 21:17:08.653] Load Cached PNG Texture: Squad/PartList/SimpleIcons/cs_mk2
[LOG 21:17:08.653] Load Cached PNG Texture: Squad/PartList/SimpleIcons/cs_mk3
[LOG 21:17:08.653] Load Cached PNG Texture: Squad/PartList/SimpleIcons/cs_size0
[LOG 21:17:08.653] Load Cached PNG Texture: Squad/PartList/SimpleIcons/cs_size1
[LOG 21:17:08.653] Load Cached PNG Texture: Squad/PartList/SimpleIcons/cs_size1p5
[LOG 21:17:08.653] Load Cached PNG Texture: Squad/PartList/SimpleIcons/cs_size2
[LOG 21:17:08.653] Load Cached PNG Texture: Squad/PartList/SimpleIcons/cs_size3
[LOG 21:17:08.653] Load Cached PNG Texture: Squad/PartList/SimpleIcons/cs_size4
[LOG 21:17:08.653] Load Cached PNG Texture: Squad/PartList/SimpleIcons/cs_surface
[LOG 21:17:08.653] Load Cached PNG Texture: Squad/PartList/SimpleIcons/custom_built_fairing
[LOG 21:17:08.653] Load Cached PNG Texture: Squad/PartList/SimpleIcons/deployable_antenna
[LOG 21:17:08.653] Load Cached PNG Texture: Squad/PartList/SimpleIcons/deployable_comms_part
[LOG 21:17:08.653] Load Cached PNG Texture: Squad/PartList/SimpleIcons/deployable_ground_part
[LOG 21:17:08.653] Load Cached PNG Texture: Squad/PartList/SimpleIcons/deployable_part
[LOG 21:17:08.653] Load Cached PNG Texture: Squad/PartList/SimpleIcons/deployable_radiator
[LOG 21:17:08.653] Load Cached PNG Texture: Squad/PartList/SimpleIcons/deployed_science_control_unit
[LOG 21:17:08.653] Load Cached PNG Texture: Squad/PartList/SimpleIcons/deployed_science_experiment
[LOG 21:17:08.653] Load Cached PNG Texture: Squad/PartList/SimpleIcons/deployed_science_part
[LOG 21:17:08.653] Load Cached PNG Texture: Squad/PartList/SimpleIcons/enviro_sensor
[LOG 21:17:08.653] Load Cached PNG Texture: Squad/PartList/SimpleIcons/experience_management
[LOG 21:17:08.653] Load Cached PNG Texture: Squad/PartList/SimpleIcons/fuels_monopropellant
[LOG 21:17:08.653] Load Cached PNG Texture: Squad/PartList/SimpleIcons/fuels_ore
[LOG 21:17:08.653] Load Cached PNG Texture: Squad/PartList/SimpleIcons/fuels_oxidizer
[LOG 21:17:08.653] Load Cached PNG Texture: Squad/PartList/SimpleIcons/fuels_solidfuel
[LOG 21:17:08.653] Load Cached PNG Texture: Squad/PartList/SimpleIcons/fuels_xenongas
[LOG 21:17:08.653] Load Cached PNG Texture: Squad/PartList/SimpleIcons/inventory_part
[LOG 21:17:08.653] Load Cached PNG Texture: Squad/PartList/SimpleIcons/kerbnet_access
[LOG 21:17:08.653] Load Cached PNG Texture: Squad/PartList/SimpleIcons/number1
[LOG 21:17:08.653] Load Cached PNG Texture: Squad/PartList/SimpleIcons/number2
[LOG 21:17:08.653] Load Cached PNG Texture: Squad/PartList/SimpleIcons/number3
[LOG 21:17:08.653] Load Cached PNG Texture: Squad/PartList/SimpleIcons/number4
[LOG 21:17:08.653] Load Cached PNG Texture: Squad/PartList/SimpleIcons/number5
[LOG 21:17:08.653] Load Cached PNG Texture: Squad/PartList/SimpleIcons/number6
[LOG 21:17:08.653] Load Cached PNG Texture: Squad/PartList/SimpleIcons/number7
[LOG 21:17:08.653] Load Cached PNG Texture: Squad/PartList/SimpleIcons/number8
[LOG 21:17:08.653] Load Cached PNG Texture: Squad/PartList/SimpleIcons/number9
[LOG 21:17:08.654] Load Cached PNG Texture: Squad/PartList/SimpleIcons/probe_control_unit
[LOG 21:17:08.654] Load Cached PNG Texture: Squad/PartList/SimpleIcons/R&D_node_icon_advaerodynamics
[LOG 21:17:08.654] Load Cached PNG Texture: Squad/PartList/SimpleIcons/R&D_node_icon_advancedmotors
[LOG 21:17:08.654] Load Cached PNG Texture: Squad/PartList/SimpleIcons/R&D_node_icon_advconstruction
[LOG 21:17:08.654] Load Cached PNG Texture: Squad/PartList/SimpleIcons/R&D_node_icon_advelectrics
[LOG 21:17:08.654] Load Cached PNG Texture: Squad/PartList/SimpleIcons/R&D_node_icon_advexploration
[LOG 21:17:08.654] Load Cached PNG Texture: Squad/PartList/SimpleIcons/R&D_node_icon_advflightcontrol
[LOG 21:17:08.654] Load Cached PNG Texture: Squad/PartList/SimpleIcons/R&D_node_icon_advlanding
[LOG 21:17:08.654] Load Cached PNG Texture: Squad/PartList/SimpleIcons/R&D_node_icon_advmetalworks
[LOG 21:17:08.654] Load Cached PNG Texture: Squad/PartList/SimpleIcons/R&D_node_icon_advrocketry
[LOG 21:17:08.654] Load Cached PNG Texture: Squad/PartList/SimpleIcons/R&D_node_icon_advsciencetech
[LOG 21:17:08.654] Load Cached PNG Texture: Squad/PartList/SimpleIcons/R&D_node_icon_advunmanned
[LOG 21:17:08.654] Load Cached PNG Texture: Squad/PartList/SimpleIcons/R&D_node_icon_aerodynamicsystems
[LOG 21:17:08.654] Load Cached PNG Texture: Squad/PartList/SimpleIcons/R&D_node_icon_aerospacetech
[LOG 21:17:08.654] Load Cached PNG Texture: Squad/PartList/SimpleIcons/R&D_node_icon_automation
[LOG 21:17:08.654] Load Cached PNG Texture: Squad/PartList/SimpleIcons/R&D_node_icon_basicprobes
[LOG 21:17:08.654] Load Cached PNG Texture: Squad/PartList/SimpleIcons/R&D_node_icon_basicrocketry
[LOG 21:17:08.654] Load Cached PNG Texture: Squad/PartList/SimpleIcons/R&D_node_icon_composites
[LOG 21:17:08.654] Load Cached PNG Texture: Squad/PartList/SimpleIcons/R&D_node_icon_electrics
[LOG 21:17:08.654] Load Cached PNG Texture: Squad/PartList/SimpleIcons/R&D_node_icon_electronics
[LOG 21:17:08.654] Load Cached PNG Texture: Squad/PartList/SimpleIcons/R&D_node_icon_evatech
[LOG 21:17:08.654] Load Cached PNG Texture: Squad/PartList/SimpleIcons/R&D_node_icon_experimentalaerodynamics
[LOG 21:17:08.654] Load Cached PNG Texture: Squad/PartList/SimpleIcons/R&D_node_icon_experimentalelectrics
[LOG 21:17:08.654] Load Cached PNG Texture: Squad/PartList/SimpleIcons/R&D_node_icon_experimentalmotors
[LOG 21:17:08.654] Load Cached PNG Texture: Squad/PartList/SimpleIcons/R&D_node_icon_experimentalrocketry
[LOG 21:17:08.654] Load Cached PNG Texture: Squad/PartList/SimpleIcons/R&D_node_icon_experimentalscience
[LOG 21:17:08.654] Load Cached PNG Texture: Squad/PartList/SimpleIcons/R&D_node_icon_fieldscience
[LOG 21:17:08.654] Load Cached PNG Texture: Squad/PartList/SimpleIcons/R&D_node_icon_flightcontrol
[LOG 21:17:08.654] Load Cached PNG Texture: Squad/PartList/SimpleIcons/R&D_node_icon_fuelsystems
[LOG 21:17:08.654] Load Cached PNG Texture: Squad/PartList/SimpleIcons/R&D_node_icon_generalconstruction
[LOG 21:17:08.654] Load Cached PNG Texture: Squad/PartList/SimpleIcons/R&D_node_icon_generalrocketry
[LOG 21:17:08.654] Load Cached PNG Texture: Squad/PartList/SimpleIcons/R&D_node_icon_generic
[LOG 21:17:08.655] Load Cached PNG Texture: Squad/PartList/SimpleIcons/R&D_node_icon_heavierrocketry
[LOG 21:17:08.655] Load Cached PNG Texture: Squad/PartList/SimpleIcons/R&D_node_icon_heavyaerodynamics
[LOG 21:17:08.655] Load Cached PNG Texture: Squad/PartList/SimpleIcons/R&D_node_icon_heavyrocketry
[LOG 21:17:08.655] Load Cached PNG Texture: Squad/PartList/SimpleIcons/R&D_node_icon_highaltitudeflight
[LOG 21:17:08.655] Load Cached PNG Texture: Squad/PartList/SimpleIcons/R&D_node_icon_highaltitudepropulsion
[LOG 21:17:08.655] Load Cached PNG Texture: Squad/PartList/SimpleIcons/R&D_node_icon_hypersonicflight
[LOG 21:17:08.655] Load Cached PNG Texture: Squad/PartList/SimpleIcons/R&D_node_icon_ionpropulsion
[LOG 21:17:08.655] Load Cached PNG Texture: Squad/PartList/SimpleIcons/R&D_node_icon_landing
[LOG 21:17:08.655] Load Cached PNG Texture: Squad/PartList/SimpleIcons/R&D_node_icon_largecontrol
[LOG 21:17:08.655] Load Cached PNG Texture: Squad/PartList/SimpleIcons/R&D_node_icon_largeelectrics
[LOG 21:17:08.655] Load Cached PNG Texture: Squad/PartList/SimpleIcons/R&D_node_icon_largeprobes
[LOG 21:17:08.655] Load Cached PNG Texture: Squad/PartList/SimpleIcons/R&D_node_icon_metamaterials
[LOG 21:17:08.655] Load Cached PNG Texture: Squad/PartList/SimpleIcons/R&D_node_icon_nanolathing
[LOG 21:17:08.655] Load Cached PNG Texture: Squad/PartList/SimpleIcons/R&D_node_icon_nuclearpropulsion
[LOG 21:17:08.655] Load Cached PNG Texture: Squad/PartList/SimpleIcons/R&D_node_icon_precisionengineering
[LOG 21:17:08.655] Load Cached PNG Texture: Squad/PartList/SimpleIcons/R&D_node_icon_robotics
[LOG 21:17:08.655] Load Cached PNG Texture: Squad/PartList/SimpleIcons/R&D_node_icon_sciencetech
[LOG 21:17:08.655] Load Cached PNG Texture: Squad/PartList/SimpleIcons/R&D_node_icon_specializedconstruction
[LOG 21:17:08.655] Load Cached PNG Texture: Squad/PartList/SimpleIcons/R&D_node_icon_specializedcontrol
[LOG 21:17:08.655] Load Cached PNG Texture: Squad/PartList/SimpleIcons/R&D_node_icon_specializedelectrics
[LOG 21:17:08.655] Load Cached PNG Texture: Squad/PartList/SimpleIcons/R&D_node_icon_stability
[LOG 21:17:08.655] Load Cached PNG Texture: Squad/PartList/SimpleIcons/R&D_node_icon_start
[LOG 21:17:08.655] Load Cached PNG Texture: Squad/PartList/SimpleIcons/R&D_node_icon_supersonicflight
[LOG 21:17:08.655] Load Cached PNG Texture: Squad/PartList/SimpleIcons/R&D_node_icon_survivability
[LOG 21:17:08.655] Load Cached PNG Texture: Squad/PartList/SimpleIcons/R&D_node_icon_unmannedtech
[LOG 21:17:08.655] Load Cached PNG Texture: Squad/PartList/SimpleIcons/R&D_node_icon_veryheavyrocketry
[LOG 21:17:08.655] Load Cached PNG Texture: Squad/PartList/SimpleIcons/rcsfx
[LOG 21:17:08.655] Load Cached PNG Texture: Squad/PartList/SimpleIcons/RDicon_aerospaceTech2
[LOG 21:17:08.655] Load Cached PNG Texture: Squad/PartList/SimpleIcons/RDicon_commandmodules
[LOG 21:17:08.655] Load Cached PNG Texture: Squad/PartList/SimpleIcons/RDicon_fuelSystems-advanced
[LOG 21:17:08.655] Load Cached PNG Texture: Squad/PartList/SimpleIcons/RDicon_fuelSystems-highPerformance
[LOG 21:17:08.655] Load Cached PNG Texture: Squad/PartList/SimpleIcons/RDicon_largeVolumeContainment
[LOG 21:17:08.655] Load Cached PNG Texture: Squad/PartList/SimpleIcons/RDicon_miniaturization
[LOG 21:17:08.655] Load Cached PNG Texture: Squad/PartList/SimpleIcons/RDicon_propulsion-precision
[LOG 21:17:08.656] Load Cached PNG Texture: Squad/PartList/SimpleIcons/RDicon_propulsionSystems
[LOG 21:17:08.656] Load Cached PNG Texture: Squad/PartList/SimpleIcons/RDicon_telescope
[LOG 21:17:08.656] Load Cached PNG Texture: Squad/PartList/SimpleIcons/robotic_controller
[LOG 21:17:08.656] Load Cached PNG Texture: Squad/PartList/SimpleIcons/robotic_rotation_servo
[LOG 21:17:08.656] Load Cached PNG Texture: Squad/PartList/SimpleIcons/robotic_servo_hinge
[LOG 21:17:08.656] Load Cached PNG Texture: Squad/PartList/SimpleIcons/robotic_servo_piston
[LOG 21:17:08.656] Load Cached PNG Texture: Squad/PartList/SimpleIcons/robotic_servo_rotor
[LOG 21:17:08.656] Load Cached PNG Texture: Squad/PartList/SimpleIcons/scanner_arm
[LOG 21:17:08.656] Load Cached PNG Texture: Squad/PartList/SimpleIcons/variant
[LOG 21:17:08.656] Load Cached PNG Texture: Squad/Parts/@thumbs/adapterSmallMiniShort_icon0
[LOG 21:17:08.656] Load Cached PNG Texture: Squad/Parts/@thumbs/adapterSmallMiniShort_icon1
[LOG 21:17:08.656] Load Cached PNG Texture: Squad/Parts/@thumbs/adapterSmallMiniTall_icon0
[LOG 21:17:08.656] Load Cached PNG Texture: Squad/Parts/@thumbs/adapterSmallMiniTall_icon1
[LOG 21:17:08.656] Load Cached PNG Texture: Squad/Parts/@thumbs/AdvancedCanard_icon
[LOG 21:17:08.656] Load Cached PNG Texture: Squad/Parts/@thumbs/advSasModule_icon
[LOG 21:17:08.657] Load Cached PNG Texture: Squad/Parts/@thumbs/airbrake1_icon
[LOG 21:17:08.657] Load Cached PNG Texture: Squad/Parts/@thumbs/airScoop_icon
[LOG 21:17:08.657] Load Cached PNG Texture: Squad/Parts/@thumbs/avionicsNoseCone_icon
[LOG 21:17:08.657] Load Cached PNG Texture: Squad/Parts/@thumbs/basicFin_icon
[LOG 21:17:08.657] Load Cached PNG Texture: Squad/Parts/@thumbs/batteryBankLarge_icon
[LOG 21:17:08.657] Load Cached PNG Texture: Squad/Parts/@thumbs/batteryBankMini_icon
[LOG 21:17:08.657] Load Cached PNG Texture: Squad/Parts/@thumbs/batteryBank_icon
[LOG 21:17:08.657] Load Cached PNG Texture: Squad/Parts/@thumbs/batteryPack_icon
[LOG 21:17:08.658] Load Cached PNG Texture: Squad/Parts/@thumbs/cargoContainer_icon
[LOG 21:17:08.658] Load Cached PNG Texture: Squad/Parts/@thumbs/CircularIntake_icon
[LOG 21:17:08.658] Load Cached PNG Texture: Squad/Parts/@thumbs/commDish_icon
[LOG 21:17:08.659] Load Cached PNG Texture: Squad/Parts/@thumbs/Decoupler.0_icon0
[LOG 21:17:08.659] Load Cached PNG Texture: Squad/Parts/@thumbs/Decoupler.0_icon1
[LOG 21:17:08.659] Load Cached PNG Texture: Squad/Parts/@thumbs/Decoupler.1_icon0
[LOG 21:17:08.659] Load Cached PNG Texture: Squad/Parts/@thumbs/Decoupler.1_icon1
[LOG 21:17:08.659] Load Cached PNG Texture: Squad/Parts/@thumbs/dockingPort1_icon
[LOG 21:17:08.660] Load Cached PNG Texture: Squad/Parts/@thumbs/dockingPort2_icon
[LOG 21:17:08.661] Load Cached PNG Texture: Squad/Parts/@thumbs/dockingPort3_icon
[LOG 21:17:08.661] Load Cached PNG Texture: Squad/Parts/@thumbs/domeLight1_icon0
[LOG 21:17:08.661] Load Cached PNG Texture: Squad/Parts/@thumbs/domeLight1_icon1
[LOG 21:17:08.661] Load Cached PNG Texture: Squad/Parts/@thumbs/elevon2_icon
[LOG 21:17:08.662] Load Cached PNG Texture: Squad/Parts/@thumbs/elevon3_icon
[LOG 21:17:08.662] Load Cached PNG Texture: Squad/Parts/@thumbs/elevon5_icon
[LOG 21:17:08.663] Load Cached PNG Texture: Squad/Parts/@thumbs/evaChute_icon
[LOG 21:17:08.663] Load Cached PNG Texture: Squad/Parts/@thumbs/evaCylinder_icon
[LOG 21:17:08.667] Load Cached PNG Texture: Squad/Parts/@thumbs/evaJetpack_icon
[LOG 21:17:08.667] Load Cached PNG Texture: Squad/Parts/@thumbs/evaRepairKit_icon
[LOG 21:17:08.668] Load Cached PNG Texture: Squad/Parts/@thumbs/evaScienceKit_icon
[LOG 21:17:08.668] Load Cached PNG Texture: Squad/Parts/@thumbs/externalTankCapsule_icon0
[LOG 21:17:08.668] Load Cached PNG Texture: Squad/Parts/@thumbs/externalTankCapsule_icon1
[LOG 21:17:08.668] Load Cached PNG Texture: Squad/Parts/@thumbs/externalTankRound_icon0
[LOG 21:17:08.669] Load Cached PNG Texture: Squad/Parts/@thumbs/externalTankRound_icon1
[LOG 21:17:08.669] Load Cached PNG Texture: Squad/Parts/@thumbs/externalTankToroid_icon0
[LOG 21:17:08.669] Load Cached PNG Texture: Squad/Parts/@thumbs/externalTankToroid_icon1
[LOG 21:17:08.670] Load Cached PNG Texture: Squad/Parts/@thumbs/fireworksLauncherBig_icon
[LOG 21:17:08.670] Load Cached PNG Texture: Squad/Parts/@thumbs/fireworksLauncherSmall_icon
[LOG 21:17:08.670] Load Cached PNG Texture: Squad/Parts/@thumbs/foldingRadMed_icon
[LOG 21:17:08.671] Load Cached PNG Texture: Squad/Parts/@thumbs/foldingRadSmall_icon
[LOG 21:17:08.671] Load Cached PNG Texture: Squad/Parts/@thumbs/FuelCellArray_icon
[LOG 21:17:08.671] Load Cached PNG Texture: Squad/Parts/@thumbs/FuelCell_icon
[LOG 21:17:08.672] Load Cached PNG Texture: Squad/Parts/@thumbs/fuelTank.long_icon0
[LOG 21:17:08.672] Load Cached PNG Texture: Squad/Parts/@thumbs/fuelTankSmallFlat_icon0
[LOG 21:17:08.672] Load Cached PNG Texture: Squad/Parts/@thumbs/fuelTankSmallFlat_icon1
[LOG 21:17:08.673] Load Cached PNG Texture: Squad/Parts/@thumbs/fuelTankSmallFlat_icon2
[LOG 21:17:08.673] Load Cached PNG Texture: Squad/Parts/@thumbs/fuelTankSmallFlat_icon3
[LOG 21:17:08.673] Load Cached PNG Texture: Squad/Parts/@thumbs/fuelTankSmall_icon0
[LOG 21:17:08.674] Load Cached PNG Texture: Squad/Parts/@thumbs/fuelTankSmall_icon1
[LOG 21:17:08.674] Load Cached PNG Texture: Squad/Parts/@thumbs/fuelTankSmall_icon2
[LOG 21:17:08.674] Load Cached PNG Texture: Squad/Parts/@thumbs/fuelTankSmall_icon3
[LOG 21:17:08.675] Load Cached PNG Texture: Squad/Parts/@thumbs/GearFixed_icon
[LOG 21:17:08.675] Load Cached PNG Texture: Squad/Parts/@thumbs/GearFree_icon
[LOG 21:17:08.676] Load Cached PNG Texture: Squad/Parts/@thumbs/GearSmall_icon
[LOG 21:17:08.676] Load Cached PNG Texture: Squad/Parts/@thumbs/GooExperiment_icon
[LOG 21:17:08.676] Load Cached PNG Texture: Squad/Parts/@thumbs/groundAnchor_icon
[LOG 21:17:08.677] Load Cached PNG Texture: Squad/Parts/@thumbs/groundLight1_icon
[LOG 21:17:08.677] Load Cached PNG Texture: Squad/Parts/@thumbs/groundLight2_icon
[LOG 21:17:08.678] Load Cached PNG Texture: Squad/Parts/@thumbs/HeatShield0_icon
[LOG 21:17:08.678] Load Cached PNG Texture: Squad/Parts/@thumbs/HeatShield1_icon
[LOG 21:17:08.679] Load Cached PNG Texture: Squad/Parts/@thumbs/HECS2.ProbeCore_icon
[LOG 21:17:08.679] Load Cached PNG Texture: Squad/Parts/@thumbs/HighGainAntenna5.v2_icon
[LOG 21:17:08.679] Load Cached PNG Texture: Squad/Parts/@thumbs/HighGainAntenna5_icon
[LOG 21:17:08.680] Load Cached PNG Texture: Squad/Parts/@thumbs/HighGainAntenna_icon
[LOG 21:17:08.680] Load Cached PNG Texture: Squad/Parts/@thumbs/IntakeRadialLong_icon
[LOG 21:17:08.681] Load Cached PNG Texture: Squad/Parts/@thumbs/ionEngine_icon
[LOG 21:17:08.682] Load Cached PNG Texture: Squad/Parts/@thumbs/ISRU_icon
[LOG 21:17:08.683] Load Cached PNG Texture: Squad/Parts/@thumbs/ksp.r.largeBatteryPack_icon
[LOG 21:17:08.684] Load Cached PNG Texture: Squad/Parts/@thumbs/ladder1_icon
[LOG 21:17:08.684] Load Cached PNG Texture: Squad/Parts/@thumbs/landingLeg1-2_icon
[LOG 21:17:08.685] Load Cached PNG Texture: Squad/Parts/@thumbs/landingLeg1_icon
[LOG 21:17:08.685] Load Cached PNG Texture: Squad/Parts/@thumbs/largeSolarPanel_icon
[LOG 21:17:08.685] Load Cached PNG Texture: Squad/Parts/@thumbs/LargeTank_icon
[LOG 21:17:08.686] Load Cached PNG Texture: Squad/Parts/@thumbs/LgRadialSolarPanel_icon
[LOG 21:17:08.686] Load Cached PNG Texture: Squad/Parts/@thumbs/linearRcs_icon
[LOG 21:17:08.688] Load Cached PNG Texture: Squad/Parts/@thumbs/liquidEngine3.v2_icon0
[LOG 21:17:08.688] Load Cached PNG Texture: Squad/Parts/@thumbs/liquidEngine3.v2_icon1
[LOG 21:17:08.689] Load Cached PNG Texture: Squad/Parts/@thumbs/liquidEngine3.v2_icon2
[LOG 21:17:08.689] Load Cached PNG Texture: Squad/Parts/@thumbs/liquidEngineMini.v2_icon0
[LOG 21:17:08.690] Load Cached PNG Texture: Squad/Parts/@thumbs/liquidEngineMini.v2_icon1
[LOG 21:17:08.690] Load Cached PNG Texture: Squad/Parts/@thumbs/liquidEngineMini.v2_icon2
[LOG 21:17:08.691] Load Cached PNG Texture: Squad/Parts/@thumbs/longAntenna_icon
[LOG 21:17:08.691] Load Cached PNG Texture: Squad/Parts/@thumbs/Magnetometer_icon
[LOG 21:17:08.692] Load Cached PNG Texture: Squad/Parts/@thumbs/mediumDishAntenna_icon
[LOG 21:17:08.692] Load Cached PNG Texture: Squad/Parts/@thumbs/microEngine.v2_icon0
[LOG 21:17:08.693] Load Cached PNG Texture: Squad/Parts/@thumbs/microEngine.v2_icon1
[LOG 21:17:08.693] Load Cached PNG Texture: Squad/Parts/@thumbs/MiniDrill_icon
[LOG 21:17:08.694] Load Cached PNG Texture: Squad/Parts/@thumbs/miniFuelTank_icon
[LOG 21:17:08.694] Load Cached PNG Texture: Squad/Parts/@thumbs/miniFuselage_icon
[LOG 21:17:08.695] Load Cached PNG Texture: Squad/Parts/@thumbs/miniIntake_icon
[LOG 21:17:08.696] Load Cached PNG Texture: Squad/Parts/@thumbs/miniJetEngine_icon
[LOG 21:17:08.696] Load Cached PNG Texture: Squad/Parts/@thumbs/miniLandingLeg_icon
[LOG 21:17:08.696] Load Cached PNG Texture: Squad/Parts/@thumbs/Mite_icon
[LOG 21:17:08.697] Load Cached PNG Texture: Squad/Parts/@thumbs/MK1CrewCabin_icon
[LOG 21:17:08.698] Load Cached PNG Texture: Squad/Parts/@thumbs/mk1pod.v2_icon0
[LOG 21:17:08.698] Load Cached PNG Texture: Squad/Parts/@thumbs/mk2DroneCore_icon
[LOG 21:17:08.699] Load Cached PNG Texture: Squad/Parts/@thumbs/mk2LanderCabin.v2_icon0
[LOG 21:17:08.700] Load Cached PNG Texture: Squad/Parts/@thumbs/mk2LanderCabin.v2_icon1
[LOG 21:17:08.701] Load Cached PNG Texture: Squad/Parts/@thumbs/MpoProbe_icon
[LOG 21:17:08.701] Load Cached PNG Texture: Squad/Parts/@thumbs/navLight1_icon0
[LOG 21:17:08.702] Load Cached PNG Texture: Squad/Parts/@thumbs/navLight1_icon1
[LOG 21:17:08.706] Load Cached PNG Texture: Squad/Parts/@thumbs/noseCone_icon0
[LOG 21:17:08.706] Load Cached PNG Texture: Squad/Parts/@thumbs/noseCone_icon1
[LOG 21:17:08.707] Load Cached PNG Texture: Squad/Parts/@thumbs/noseCone_icon2
[LOG 21:17:08.707] Load Cached PNG Texture: Squad/Parts/@thumbs/omsEngine_icon
[LOG 21:17:08.707] Load Cached PNG Texture: Squad/Parts/@thumbs/OrbitalScanner_icon
[LOG 21:17:08.709] Load Cached PNG Texture: Squad/Parts/@thumbs/parachuteDrogue_icon
[LOG 21:17:08.709] Load Cached PNG Texture: Squad/Parts/@thumbs/parachuteLarge_icon
[LOG 21:17:08.710] Load Cached PNG Texture: Squad/Parts/@thumbs/parachuteRadial_icon
[LOG 21:17:08.710] Load Cached PNG Texture: Squad/Parts/@thumbs/parachuteSingle_icon
[LOG 21:17:08.711] Load Cached PNG Texture: Squad/Parts/@thumbs/probeCoreCube_icon
[LOG 21:17:08.711] Load Cached PNG Texture: Squad/Parts/@thumbs/probeCoreHex.v2_icon
[LOG 21:17:08.714] Load Cached PNG Texture: Squad/Parts/@thumbs/probeCoreOcto.v2_icon
[LOG 21:17:08.714] Load Cached PNG Texture: Squad/Parts/@thumbs/probeCoreOcto2.v2_icon
[LOG 21:17:08.715] Load Cached PNG Texture: Squad/Parts/@thumbs/probeCoreSphere.v2_icon
[LOG 21:17:08.715] Load Cached PNG Texture: Squad/Parts/@thumbs/probeStackLarge_icon
[LOG 21:17:08.715] Load Cached PNG Texture: Squad/Parts/@thumbs/probeStackSmall_icon
[LOG 21:17:08.715] Load Cached PNG Texture: Squad/Parts/@thumbs/R8winglet_icon
[LOG 21:17:08.716] Load Cached PNG Texture: Squad/Parts/@thumbs/radialDecoupler1-2_icon
[LOG 21:17:08.716] Load Cached PNG Texture: Squad/Parts/@thumbs/radialDecoupler2_icon
[LOG 21:17:08.716] Load Cached PNG Texture: Squad/Parts/@thumbs/radialDecoupler_icon
[LOG 21:17:08.717] Load Cached PNG Texture: Squad/Parts/@thumbs/RadialDrill_icon
[LOG 21:17:08.717] Load Cached PNG Texture: Squad/Parts/@thumbs/radialDrogue_icon
[LOG 21:17:08.717] Load Cached PNG Texture: Squad/Parts/@thumbs/radialEngineMini.v2_icon0
[LOG 21:17:08.718] Load Cached PNG Texture: Squad/Parts/@thumbs/radialEngineMini.v2_icon1
[LOG 21:17:08.718] Load Cached PNG Texture: Squad/Parts/@thumbs/radialLiquidEngine1-2_icon
[LOG 21:17:08.719] Load Cached PNG Texture: Squad/Parts/@thumbs/RadialOreTank_icon
[LOG 21:17:08.719] Load Cached PNG Texture: Squad/Parts/@thumbs/radialRCSTank_icon
[LOG 21:17:08.719] Load Cached PNG Texture: Squad/Parts/@thumbs/radPanelEdge_icon
[LOG 21:17:08.720] Load Cached PNG Texture: Squad/Parts/@thumbs/radPanelLg_icon
[LOG 21:17:08.720] Load Cached PNG Texture: Squad/Parts/@thumbs/radPanelSm_icon
[LOG 21:17:08.720] Load Cached PNG Texture: Squad/Parts/@thumbs/RCSblock.01.small_icon0
[LOG 21:17:08.721] Load Cached PNG Texture: Squad/Parts/@thumbs/RCSblock.01.small_icon1
[LOG 21:17:08.721] Load Cached PNG Texture: Squad/Parts/@thumbs/RCSblock.01.small_icon2
[LOG 21:17:08.721] Load Cached PNG Texture: Squad/Parts/@thumbs/RCSblock.01.small_icon3
[LOG 21:17:08.722] Load Cached PNG Texture: Squad/Parts/@thumbs/RCSblock.01.small_icon4
[LOG 21:17:08.722] Load Cached PNG Texture: Squad/Parts/@thumbs/RCSBlock.v2_icon
[LOG 21:17:08.722] Load Cached PNG Texture: Squad/Parts/@thumbs/RCSBlock.v2_icon0
[LOG 21:17:08.723] Load Cached PNG Texture: Squad/Parts/@thumbs/RCSBlock.v2_icon1
[LOG 21:17:08.723] Load Cached PNG Texture: Squad/Parts/@thumbs/RCSBlock.v2_icon2
[LOG 21:17:08.723] Load Cached PNG Texture: Squad/Parts/@thumbs/RCSBlock.v2_icon3
[LOG 21:17:08.723] Load Cached PNG Texture: Squad/Parts/@thumbs/RCSBlock.v2_icon4
[LOG 21:17:08.724] Load Cached PNG Texture: Squad/Parts/@thumbs/RCSFuelTank_icon
[LOG 21:17:08.724] Load Cached PNG Texture: Squad/Parts/@thumbs/RCSLinearSmall_icon
[LOG 21:17:08.724] Load Cached PNG Texture: Squad/Parts/@thumbs/rcsTankMini_icon
[LOG 21:17:08.725] Load Cached PNG Texture: Squad/Parts/@thumbs/RelayAntenna100_icon
[LOG 21:17:08.725] Load Cached PNG Texture: Squad/Parts/@thumbs/RelayAntenna50_icon
[LOG 21:17:08.725] Load Cached PNG Texture: Squad/Parts/@thumbs/RelayAntenna5_icon
[LOG 21:17:08.726] Load Cached PNG Texture: Squad/Parts/@thumbs/ReleaseValve_icon
[LOG 21:17:08.726] Load Cached PNG Texture: Squad/Parts/@thumbs/Rockomax32.BW_icon0
[LOG 21:17:08.727] Load Cached PNG Texture: Squad/Parts/@thumbs/roverBody.v2_icon0
[LOG 21:17:08.727] Load Cached PNG Texture: Squad/Parts/@thumbs/roverBody.v2_icon1
[LOG 21:17:08.728] Load Cached PNG Texture: Squad/Parts/@thumbs/roverBody.v2_icon2
[LOG 21:17:08.728] Load Cached PNG Texture: Squad/Parts/@thumbs/roverWheel1_icon
[LOG 21:17:08.729] Load Cached PNG Texture: Squad/Parts/@thumbs/roverWheel2_icon
[LOG 21:17:08.729] Load Cached PNG Texture: Squad/Parts/@thumbs/rtg_icon
[LOG 21:17:08.729] Load Cached PNG Texture: Squad/Parts/@thumbs/sasModule_icon
[LOG 21:17:08.730] Load Cached PNG Texture: Squad/Parts/@thumbs/science.module_icon
[LOG 21:17:08.730] Load Cached PNG Texture: Squad/Parts/@thumbs/ScienceBox_icon
[LOG 21:17:08.730] Load Cached PNG Texture: Squad/Parts/@thumbs/seatExternalCmd_icon
[LOG 21:17:08.731] Load Cached PNG Texture: Squad/Parts/@thumbs/sensorAccelerometer_icon
[LOG 21:17:08.731] Load Cached PNG Texture: Squad/Parts/@thumbs/sensorAtmosphere_icon
[LOG 21:17:08.732] Load Cached PNG Texture: Squad/Parts/@thumbs/sensorBarometer_icon
[LOG 21:17:08.733] Load Cached PNG Texture: Squad/Parts/@thumbs/sensorGravimeter_icon
[LOG 21:17:08.733] Load Cached PNG Texture: Squad/Parts/@thumbs/sensorThermometer_icon
[LOG 21:17:08.733] Load Cached PNG Texture: Squad/Parts/@thumbs/Separator.0_icon0
[LOG 21:17:08.734] Load Cached PNG Texture: Squad/Parts/@thumbs/Separator.0_icon1
[LOG 21:17:08.734] Load Cached PNG Texture: Squad/Parts/@thumbs/Separator.1_icon0
[LOG 21:17:08.735] Load Cached PNG Texture: Squad/Parts/@thumbs/Separator.1_icon1
[LOG 21:17:08.735] Load Cached PNG Texture: Squad/Parts/@thumbs/sepMotor1_icon
[LOG 21:17:08.736] Load Cached PNG Texture: Squad/Parts/@thumbs/ServiceBay.125.v2_icon
[LOG 21:17:08.736] Load Cached PNG Texture: Squad/Parts/@thumbs/shockConeIntake_icon
[LOG 21:17:08.737] Load Cached PNG Texture: Squad/Parts/@thumbs/Shrimp_icon
[LOG 21:17:08.737] Load Cached PNG Texture: Squad/Parts/@thumbs/Size3LargeTank_icon0
[LOG 21:17:08.737] Load Cached PNG Texture: Squad/Parts/@thumbs/Size3MediumTank_icon0
[LOG 21:17:08.738] Load Cached PNG Texture: Squad/Parts/@thumbs/smallCargoContainer_icon
[LOG 21:17:08.738] Load Cached PNG Texture: Squad/Parts/@thumbs/smallClaw_icon0
[LOG 21:17:08.738] Load Cached PNG Texture: Squad/Parts/@thumbs/smallClaw_icon1
[LOG 21:17:08.739] Load Cached PNG Texture: Squad/Parts/@thumbs/smallCtrlSrf_icon
[LOG 21:17:08.742] Load Cached PNG Texture: Squad/Parts/@thumbs/SmallGearBay_icon
[LOG 21:17:08.742] Load Cached PNG Texture: Squad/Parts/@thumbs/smallHardpoint_icon
[LOG 21:17:08.743] Load Cached PNG Texture: Squad/Parts/@thumbs/smallRadialEngine.v2_icon0
[LOG 21:17:08.743] Load Cached PNG Texture: Squad/Parts/@thumbs/smallRadialEngine.v2_icon1
[LOG 21:17:08.743] Load Cached PNG Texture: Squad/Parts/@thumbs/SmallTank_icon
[LOG 21:17:08.744] Load Cached PNG Texture: Squad/Parts/@thumbs/solarPanelOX10C_icon
[LOG 21:17:08.745] Load Cached PNG Texture: Squad/Parts/@thumbs/solarPanelOX10L_icon
[LOG 21:17:08.745] Load Cached PNG Texture: Squad/Parts/@thumbs/solarPanels1_icon
[LOG 21:17:08.745] Load Cached PNG Texture: Squad/Parts/@thumbs/solarPanels2_icon
[LOG 21:17:08.745] Load Cached PNG Texture: Squad/Parts/@thumbs/solarPanels3_icon
[LOG 21:17:08.747] Load Cached PNG Texture: Squad/Parts/@thumbs/solarPanels4_icon
[LOG 21:17:08.747] Load Cached PNG Texture: Squad/Parts/@thumbs/solarPanels5_icon
[LOG 21:17:08.748] Load Cached PNG Texture: Squad/Parts/@thumbs/solarPanelSP10C_icon
[LOG 21:17:08.749] Load Cached PNG Texture: Squad/Parts/@thumbs/solarPanelSP10L_icon
[LOG 21:17:08.752] Load Cached PNG Texture: Squad/Parts/@thumbs/spotLight1_icon
[LOG 21:17:08.752] Load Cached PNG Texture: Squad/Parts/@thumbs/spotLight2_icon
[LOG 21:17:08.752] Load Cached PNG Texture: Squad/Parts/@thumbs/spotLight3_icon0
[LOG 21:17:08.753] Load Cached PNG Texture: Squad/Parts/@thumbs/spotLight3_icon1
[LOG 21:17:08.753] Load Cached PNG Texture: Squad/Parts/@thumbs/stackPoint1_icon
[LOG 21:17:08.753] Load Cached PNG Texture: Squad/Parts/@thumbs/StandardCtrlSrf_icon
[LOG 21:17:08.754] Load Cached PNG Texture: Squad/Parts/@thumbs/standardNoseCone_icon
[LOG 21:17:08.754] Load Cached PNG Texture: Squad/Parts/@thumbs/stripLight1_icon0
[LOG 21:17:08.754] Load Cached PNG Texture: Squad/Parts/@thumbs/stripLight1_icon1
[LOG 21:17:08.754] Load Cached PNG Texture: Squad/Parts/@thumbs/structuralIBeam1_icon
[LOG 21:17:08.755] Load Cached PNG Texture: Squad/Parts/@thumbs/structuralIBeam3_icon
[LOG 21:17:08.755] Load Cached PNG Texture: Squad/Parts/@thumbs/structuralMiniNode_icon
[LOG 21:17:08.755] Load Cached PNG Texture: Squad/Parts/@thumbs/structuralPanel1_icon
[LOG 21:17:08.756] Load Cached PNG Texture: Squad/Parts/@thumbs/structuralPanel2_icon
[LOG 21:17:08.757] Load Cached PNG Texture: Squad/Parts/@thumbs/structuralWing4_icon
[LOG 21:17:08.757] Load Cached PNG Texture: Squad/Parts/@thumbs/strutCube_icon
[LOG 21:17:08.757] Load Cached PNG Texture: Squad/Parts/@thumbs/strutOcto_icon
[LOG 21:17:08.757] Load Cached PNG Texture: Squad/Parts/@thumbs/SurfaceScanner_icon
[LOG 21:17:08.758] Load Cached PNG Texture: Squad/Parts/@thumbs/SurfAntenna_icon
[LOG 21:17:08.758] Load Cached PNG Texture: Squad/Parts/@thumbs/telescopicLadderBay_icon
[LOG 21:17:08.759] Load Cached PNG Texture: Squad/Parts/@thumbs/telescopicLadder_icon
[LOG 21:17:08.759] Load Cached PNG Texture: Squad/Parts/@thumbs/toroidalAerospike_icon
[LOG 21:17:08.759] Load Cached PNG Texture: Squad/Parts/@thumbs/trussAdapter_icon
[LOG 21:17:08.760] Load Cached PNG Texture: Squad/Parts/@thumbs/trussPiece1x_icon
[LOG 21:17:08.760] Load Cached PNG Texture: Squad/Parts/@thumbs/trussPiece3x_icon
[LOG 21:17:08.760] Load Cached PNG Texture: Squad/Parts/@thumbs/vernierEngine_icon
[LOG 21:17:08.761] Load Cached PNG Texture: Squad/Parts/@thumbs/wheelMed_icon
[LOG 21:17:08.761] Load Cached PNG Texture: Squad/Parts/@thumbs/wingConnector4_icon
[LOG 21:17:08.761] Load Cached PNG Texture: Squad/Parts/@thumbs/wingConnector5_icon
[LOG 21:17:08.761] Load Cached PNG Texture: Squad/Parts/@thumbs/winglet3_icon
[LOG 21:17:08.762] Load Cached PNG Texture: Squad/Parts/@thumbs/winglet_icon
[LOG 21:17:08.763] Load Cached PNG Texture: Squad/Parts/@thumbs/wingShuttleElevon1_icon
[LOG 21:17:08.763] Load Cached PNG Texture: Squad/Parts/@thumbs/xenonTankLarge_icon
[LOG 21:17:08.763] Load Cached PNG Texture: Squad/Parts/@thumbs/xenonTankRadial_icon
[LOG 21:17:08.763] Load Cached PNG Texture: Squad/Parts/@thumbs/xenonTank_icon
[LOG 21:17:08.763] Load DDS texture: Squad/Parts/Aero/aerodynamicNoseCone/Rockomax_Adapters_diffuse
[LOG 21:17:08.763] Load DDS texture: Squad/Parts/Aero/aerodynamicNoseCone/Rockomax_Adapters_normal
[LOG 21:17:08.763] Load DDS texture: Squad/Parts/Aero/airbrake/airbrake
[LOG 21:17:08.764] Load DDS texture: Squad/Parts/Aero/airIntakeRadialXM-G50/RadialIntake
[LOG 21:17:08.765] Load DDS texture: Squad/Parts/Aero/airlinerWings/AirlinerWings
[LOG 21:17:08.769] Load DDS texture: Squad/Parts/Aero/airplaneFins/AirplaneFins
[LOG 21:17:08.771] Load DDS texture: Squad/Parts/Aero/basicFin/BasicFin
[LOG 21:17:08.775] Load DDS texture: Squad/Parts/Aero/circularIntake/CircluarIntakes
[LOG 21:17:08.776] Load DDS texture: Squad/Parts/Aero/circularIntake/CircluarIntakes_Heat
[LOG 21:17:08.776] Load DDS texture: Squad/Parts/Aero/cones/Assets/Cones
[LOG 21:17:08.776] Load DDS texture: Squad/Parts/Aero/cones/Assets/ConesDiffuse
[LOG 21:17:08.779] Load DDS texture: Squad/Parts/Aero/cones/Assets/ConesDiffuse_Orange
[LOG 21:17:08.780] Load DDS texture: Squad/Parts/Aero/cones/Assets/ConesDiffuse_White
[LOG 21:17:08.781] Load DDS texture: Squad/Parts/Aero/cones/Assets/ConesHeat
[LOG 21:17:08.781] Load DDS texture: Squad/Parts/Aero/cones/Assets/ConesHeat_Orange
[LOG 21:17:08.782] Load DDS texture: Squad/Parts/Aero/cones/Assets/ConesHeat_White
[LOG 21:17:08.783] Load DDS texture: Squad/Parts/Aero/cones/Assets/Cones_Heat
[LOG 21:17:08.783] Load Cached PNG Texture: Squad/Parts/Aero/cones/Assets/rocketNoseCones_O
[LOG 21:17:08.786] Load Cached PNG Texture: Squad/Parts/Aero/cones/Assets/rocketNoseCones_O_Normal
[LOG 21:17:08.786] Load DDS texture: Squad/Parts/Aero/cones/Assets/rocketNoseCones_W
[LOG 21:17:08.790] Load DDS texture: Squad/Parts/Aero/cones/Assets/Rockomax_Adapters_diffuse
[LOG 21:17:08.790] Load DDS texture: Squad/Parts/Aero/cones/Assets/Rockomax_Adapters_normal
[LOG 21:17:08.790] Load DDS texture: Squad/Parts/Aero/fairings/AutoTruss
[LOG 21:17:08.790] Load DDS texture: Squad/Parts/Aero/fairings/FairingBase
[LOG 21:17:08.791] Load DDS texture: Squad/Parts/Aero/fairings/FairingBaseNormals
[LOG 21:17:08.791] Load DDS texture: Squad/Parts/Aero/fairings/FairingBaseNormals_bw
[LOG 21:17:08.791] Load DDS texture: Squad/Parts/Aero/fairings/FairingBaseNormals_goldSilver
[LOG 21:17:08.796] Load DDS texture: Squad/Parts/Aero/fairings/FairingBaseNormals_orange
[LOG 21:17:08.797] Load Cached PNG Texture: Squad/Parts/Aero/fairings/FairingBase_black
[LOG 21:17:08.797] Load DDS texture: Squad/Parts/Aero/fairings/FairingBase_bw
[LOG 21:17:08.797] Load DDS texture: Squad/Parts/Aero/fairings/FairingBase_goldDiffuse
[LOG 21:17:08.798] Load DDS texture: Squad/Parts/Aero/fairings/FairingBase_goldSpecular
[LOG 21:17:08.798] Load DDS texture: Squad/Parts/Aero/fairings/FairingBase_orange
[LOG 21:17:08.798] Load DDS texture: Squad/Parts/Aero/fairings/FairingBase_silverDiffuse
[LOG 21:17:08.798] Load DDS texture: Squad/Parts/Aero/fairings/FairingBase_silverSpecular
[LOG 21:17:08.798] Load DDS texture: Squad/Parts/Aero/fairings/fairingsCap
[LOG 21:17:08.798] Load DDS texture: Squad/Parts/Aero/fairings/FairingsMat_silverSpecular
[LOG 21:17:08.799] Load DDS texture: Squad/Parts/Aero/fairings/fairings_diff
[LOG 21:17:08.800] Load DDS texture: Squad/Parts/Aero/fairings/fairings_diff_grey
[LOG 21:17:08.800] Load DDS texture: Squad/Parts/Aero/fairings/fairings_diff_orange
[LOG 21:17:08.801] Load DDS texture: Squad/Parts/Aero/fairings/fairings_grey_normals
[LOG 21:17:08.801] Load DDS texture: Squad/Parts/Aero/fairings/fairings_normals
[LOG 21:17:08.802] Load DDS texture: Squad/Parts/Aero/fairings/fairings_normals_silver
[LOG 21:17:08.803] Load DDS texture: Squad/Parts/Aero/fairings/fairings_orange_normals
[LOG 21:17:08.803] Load DDS texture: Squad/Parts/Aero/fairings/fairings_silverDiffuse
[LOG 21:17:08.804] Load DDS texture: Squad/Parts/Aero/HeatShield/Fairing
[LOG 21:17:08.804] Load DDS texture: Squad/Parts/Aero/HeatShield/heatshield
[LOG 21:17:08.805] Load DDS texture: Squad/Parts/Aero/InflatableHeatShield/HeatShield
[LOG 21:17:08.805] Load DDS texture: Squad/Parts/Aero/InflatableHeatShield/HeatShieldFairing
[LOG 21:17:08.805] Load DDS texture: Squad/Parts/Aero/InflatableHeatShield/HeatShield_NRM
[LOG 21:17:08.806] Load DDS texture: Squad/Parts/Aero/intakeRadialLong/Radial_long
[LOG 21:17:08.806] Load DDS texture: Squad/Parts/Aero/miniIntake/SmallIntake
[LOG 21:17:08.806] Load DDS texture: Squad/Parts/Aero/ramAirIntake/RampIntake
[LOG 21:17:08.808] Load DDS texture: Squad/Parts/Aero/ramAirIntake/RampIntake_Heat
[LOG 21:17:08.808] Load DDS texture: Squad/Parts/Aero/shuttleWings/ShuttleWings
[LOG 21:17:08.812] Load DDS texture: Squad/Parts/Aero/wingletAV-R8/model000
[LOG 21:17:08.813] Load DDS texture: Squad/Parts/Aero/wingletAV-R8/model001
[LOG 21:17:08.813] Load DDS texture: Squad/Parts/Aero/wingletAV-T1/model000
[LOG 21:17:08.814] Load DDS texture: Squad/Parts/Aero/wingletAV-T1/model001
[LOG 21:17:08.814] Load DDS texture: Squad/Parts/Aero/wingletDeltaDeluxe/model000
[LOG 21:17:08.814] Load DDS texture: Squad/Parts/Aero/wings/Wings
[LOG 21:17:08.814] Load DDS texture: Squad/Parts/Cargo/CargoContainers/cargoContainer_diff
[LOG 21:17:08.815] Load DDS texture: Squad/Parts/Cargo/CargoContainers/smallCargoContainer_diffuse
[LOG 21:17:08.815] Load DDS texture: Squad/Parts/Cargo/CargoContainers/smallCargoContainer_nrm
[LOG 21:17:08.815] Load DDS texture: Squad/Parts/Cargo/CargoContainers/smallCargoContainer_specular
[LOG 21:17:08.815] Load DDS texture: Squad/Parts/Cargo/Cylinder/EVAcylinder_diffuse
[LOG 21:17:08.815] Load DDS texture: Squad/Parts/Cargo/Cylinder/EVAcylinder_nrm
[LOG 21:17:08.815] Load DDS texture: Squad/Parts/Cargo/GroundAnchor/groundAnchor_diffuse
[LOG 21:17:08.816] Load DDS texture: Squad/Parts/Cargo/GroundAnchor/groundAnchor_nrm
[LOG 21:17:08.816] Load DDS texture: Squad/Parts/Cargo/Jetpack/EVAjetpack
[LOG 21:17:08.817] Load DDS texture: Squad/Parts/Cargo/Jetpack/EVAjetpackEmmisive
[LOG 21:17:08.817] Load DDS texture: Squad/Parts/Cargo/Jetpack/EVAjetpackNRM
[LOG 21:17:08.817] Load DDS texture: Squad/Parts/Cargo/Parachute/backpack_Diff
[LOG 21:17:08.834] Load DDS texture: Squad/Parts/Cargo/Parachute/backpack_NM
[LOG 21:17:08.838] Load DDS texture: Squad/Parts/Cargo/RepairKit/RepairKit_Diffuse
[LOG 21:17:08.839] Load DDS texture: Squad/Parts/Cargo/RepairKit/RepairKit_Normal
[LOG 21:17:08.840] Load DDS texture: Squad/Parts/Cargo/ScienceKit/ExperimentKit_Material_Diffuse
[LOG 21:17:08.841] Load DDS texture: Squad/Parts/Cargo/ScienceKit/ExperimentKit_Material_Emissive
[LOG 21:17:08.841] Load DDS texture: Squad/Parts/Cargo/ScienceKit/ExperimentKit_Material_Normal
[LOG 21:17:08.843] Load DDS texture: Squad/Parts/Cargo/StorageUnits/Assets/Cargo_Material_Diffuse
[LOG 21:17:08.846] Load DDS texture: Squad/Parts/Cargo/StorageUnits/Assets/Cargo_Material_Normal
[LOG 21:17:08.853] Load DDS texture: Squad/Parts/Command/advancedSasModuleLarge/model000
[LOG 21:17:08.853] Load DDS texture: Squad/Parts/Command/advancedSasModuleLarge/model001
[LOG 21:17:08.854] Load DDS texture: Squad/Parts/Command/cupola/cupola_Emissive
[LOG 21:17:08.854] Load DDS texture: Squad/Parts/Command/cupola/ksp_l_cupola_diff
[LOG 21:17:08.854] Load DDS texture: Squad/Parts/Command/cupola/ksp_l_cupola_normal
[LOG 21:17:08.856] Load DDS texture: Squad/Parts/Command/cupola/window
[LOG 21:17:08.856] Load DDS texture: Squad/Parts/Command/externalCommandSeat/model000
[LOG 21:17:08.857] Load DDS texture: Squad/Parts/Command/hitchhikerStorageContainer/cabin
[LOG 21:17:08.858] Load DDS texture: Squad/Parts/Command/hitchhikerStorageContainer/cabin_Illum
[LOG 21:17:08.858] Load DDS texture: Squad/Parts/Command/hitchhikerStorageContainer/cabin_n
[LOG 21:17:08.859] Load DDS texture: Squad/Parts/Command/hitchhikerStorageContainer/window
[LOG 21:17:08.859] Load DDS texture: Squad/Parts/Command/inlineAdvancedStabilizer/model000
[LOG 21:17:08.859] Load DDS texture: Squad/Parts/Command/inlineAdvancedStabilizer/model001
[LOG 21:17:08.860] Load DDS texture: Squad/Parts/Command/inlineReactionWheel/model000
[LOG 21:17:08.860] Load DDS texture: Squad/Parts/Command/inlineReactionWheel/model001
[LOG 21:17:08.860] Load DDS texture: Squad/Parts/Command/inlineReactionWheel/model002
[LOG 21:17:08.860] Load DDS texture: Squad/Parts/Command/Mk1-2Pod/mk 1-2 external shell Variant-Hatch
[LOG 21:17:08.861] Load DDS texture: Squad/Parts/Command/Mk1-3Pod/M1-3 Pod
[LOG 21:17:08.862] Load DDS texture: Squad/Parts/Command/Mk1-3Pod/M1-3 Pod_GLOW
[LOG 21:17:08.862] Load DDS texture: Squad/Parts/Command/mk1Cockpits/GLOW
[LOG 21:17:08.863] Load DDS texture: Squad/Parts/Command/mk1Cockpits/Mk1Cockpit
[LOG 21:17:08.864] Load DDS texture: Squad/Parts/Command/mk1LanderCan/ksp_s_landerCan_diff
[LOG 21:17:08.865] Load DDS texture: Squad/Parts/Command/mk1LanderCan/ksp_s_landerCan_normal
[LOG 21:17:08.865] Load DDS texture: Squad/Parts/Command/mk1LanderCan/ksp_s_landerCan_psd_illum
[LOG 21:17:08.865] Load DDS texture: Squad/Parts/Command/mk1pod/outer shell
[LOG 21:17:08.865] Load DDS texture: Squad/Parts/Command/mk1pod_v2/Mk1_v2
[LOG 21:17:08.866] Load DDS texture: Squad/Parts/Command/mk1pod_v2/Mk1_v2_GLOW
[LOG 21:17:08.867] Load DDS texture: Squad/Parts/Command/mk1pod_v2/Mk1_v2_GW
[LOG 21:17:08.867] Load DDS texture: Squad/Parts/Command/mk1pod_v2/Mk1_v2_N
[LOG 21:17:08.868] Load DDS texture: Squad/Parts/Command/mk1pod_v2/Mk1_v2_W
[LOG 21:17:08.869] Load DDS texture: Squad/Parts/Command/mk1pod_v2/Mk1_v2_W_N
[LOG 21:17:08.870] Load DDS texture: Squad/Parts/Command/mk2CockpitInline/Cockpit_inline_A
[LOG 21:17:08.871] Load DDS texture: Squad/Parts/Command/mk2CockpitInline/Cockpit_inline_Emissive
[LOG 21:17:08.871] Load DDS texture: Squad/Parts/Command/mk2CockpitInline/Cockpit_inline_normal
[LOG 21:17:08.872] Load DDS texture: Squad/Parts/Command/mk2CockpitStandard/Cockpit
[LOG 21:17:08.873] Load DDS texture: Squad/Parts/Command/mk2CockpitStandard/Cockpit_Lum
[LOG 21:17:08.873] Load DDS texture: Squad/Parts/Command/mk2CockpitStandard/Cockpit_NRM
[LOG 21:17:08.875] Load DDS texture: Squad/Parts/Command/mk2DroneCore/mk2Dronecore
[LOG 21:17:08.876] Load DDS texture: Squad/Parts/Command/mk2LanderCan/Illum
[LOG 21:17:08.876] Load DDS texture: Squad/Parts/Command/mk2LanderCan/ladder
[LOG 21:17:08.876] Load DDS texture: Squad/Parts/Command/mk2LanderCan/outershell
[LOG 21:17:08.876] Load DDS texture: Squad/Parts/Command/mk2LanderCan/outershell_n
[LOG 21:17:08.876] Load DDS texture: Squad/Parts/Command/mk2LanderCan/window
[LOG 21:17:08.877] Load DDS texture: Squad/Parts/Command/mk2LanderCan_v2/Mk2Can
[LOG 21:17:08.880] Load DDS texture: Squad/Parts/Command/mk2LanderCan_v2/Mk2Can_glow
[LOG 21:17:08.884] Load DDS texture: Squad/Parts/Command/mk3CockpitShuttle/Mk3CockpitShuttle
[LOG 21:17:08.885] Load DDS texture: Squad/Parts/Command/mk3CockpitShuttle/Mk3CockpitShuttle_LUM
[LOG 21:17:08.885] Load DDS texture: Squad/Parts/Command/MpoProbe/MpoProbe_diffuse
[LOG 21:17:08.887] Load DDS texture: Squad/Parts/Command/MpoProbe/MpoProbe_nrm
[LOG 21:17:08.893] Load DDS texture: Squad/Parts/Command/MpoProbe/MpoProbe_specular
[LOG 21:17:08.894] Load DDS texture: Squad/Parts/Command/MtmStage/mtmStage_diffuse
[LOG 21:17:08.895] Load DDS texture: Squad/Parts/Command/MtmStage/mtmStage_nrm
[LOG 21:17:08.896] Load DDS texture: Squad/Parts/Command/MtmStage/mtmStage_specular
[LOG 21:17:08.897] Load DDS texture: Squad/Parts/Command/probeCoreCube/QBE_New_diffuse
[LOG 21:17:08.898] Load Cached PNG Texture: Squad/Parts/Command/probeCoreCube/QBE_New_NRM
[LOG 21:17:08.899] Load DDS texture: Squad/Parts/Command/probeCoreCube/QBE_New_specular
[LOG 21:17:08.900] Load DDS texture: Squad/Parts/Command/probeCoreHex/ksp_m_hexProbe_diff
[LOG 21:17:08.901] Load DDS texture: Squad/Parts/Command/probeCoreHex/ksp_m_hexProbe_normal
[LOG 21:17:08.901] Load DDS texture: Squad/Parts/Command/probeCoreHex_v2/hecsDiffuse
[LOG 21:17:08.901] Load DDS texture: Squad/Parts/Command/probeCoreHex_v2/hecsNormal
[LOG 21:17:08.902] Load DDS texture: Squad/Parts/Command/probeCoreOcto2_v2/octoDiffuse
[LOG 21:17:08.902] Load DDS texture: Squad/Parts/Command/probeCoreOcto2_v2/octoNormal
[LOG 21:17:08.902] Load DDS texture: Squad/Parts/Command/probeCoreOcto2_v2/octoSpecular
[LOG 21:17:08.902] Load DDS texture: Squad/Parts/Command/probeCoreOcto_v2/octoDiffuse
[LOG 21:17:08.902] Load DDS texture: Squad/Parts/Command/probeCoreOcto_v2/octoNormal
[LOG 21:17:08.902] Load DDS texture: Squad/Parts/Command/probeCoreOcto_v2/octoSpecular
[LOG 21:17:08.902] Load DDS texture: Squad/Parts/Command/probeRoverBody/model000
[LOG 21:17:08.903] Load DDS texture: Squad/Parts/Command/probeRoverBody/model001
[LOG 21:17:08.903] Load DDS texture: Squad/Parts/Command/probeRoverBody_v2/probeRoverBody_v2_gold_diffuse
[LOG 21:17:08.903] Load Cached PNG Texture: Squad/Parts/Command/probeRoverBody_v2/probeRoverBody_v2_gold_NRM
[LOG 21:17:08.905] Load DDS texture: Squad/Parts/Command/probeRoverBody_v2/probeRoverBody_v2_gold_specular
[LOG 21:17:08.905] Load DDS texture: Squad/Parts/Command/probeRoverBody_v2/probeRoverBody_v2_silver_diffuse
[LOG 21:17:08.906] Load Cached PNG Texture: Squad/Parts/Command/probeRoverBody_v2/probeRoverBody_v2_silver_NRM
[LOG 21:17:08.907] Load DDS texture: Squad/Parts/Command/probeRoverBody_v2/probeRoverBody_v2_silver_specular
[LOG 21:17:08.907] Load DDS texture: Squad/Parts/Command/probeRoverBody_v2/QBE_New_diffuse
[LOG 21:17:08.907] Load DDS texture: Squad/Parts/Command/probeRoverBody_v2/QBE_New_NRM
[LOG 21:17:08.907] Load DDS texture: Squad/Parts/Command/probeRoverBody_v2/QBE_New_specular
[LOG 21:17:08.907] Load DDS texture: Squad/Parts/Command/probeStackLarge/model000
[LOG 21:17:08.909] Load DDS texture: Squad/Parts/Command/probeStackLarge/model001
[LOG 21:17:08.909] Load DDS texture: Squad/Parts/Command/probeStackSmall/model000
[LOG 21:17:08.910] Load DDS texture: Squad/Parts/Command/probeStackSmall/model001
[LOG 21:17:08.910] Load DDS texture: Squad/Parts/Command/probeStackSphere_v2/probeStackSphere_diffuse
[LOG 21:17:08.911] Load DDS texture: Squad/Parts/Command/probeStackSphere_v2/probeStackSphere_normal
[LOG 21:17:08.912] Load DDS texture: Squad/Parts/Command/probeStackSphere_v2/probeStackSphere_specular
[LOG 21:17:08.913] Load Cached PNG Texture: Squad/Parts/CompoundParts/@thumbs/fuelLine_icon0
[LOG 21:17:08.913] Load Cached PNG Texture: Squad/Parts/CompoundParts/@thumbs/fuelLine_icon1
[LOG 21:17:08.913] Load Cached PNG Texture: Squad/Parts/CompoundParts/@thumbs/strutConnector_icon0
[LOG 21:17:08.913] Load Cached PNG Texture: Squad/Parts/CompoundParts/@thumbs/strutConnector_icon1
[LOG 21:17:08.913] Load DDS texture: Squad/Parts/CompoundParts/FuelLine/FTX-2 External Fuel Duct
[LOG 21:17:08.913] Load DDS texture: Squad/Parts/CompoundParts/FuelLine/FTX-2 External Fuel Duct_ESA
[LOG 21:17:08.913] Load DDS texture: Squad/Parts/CompoundParts/strutConnector/EAS-4 Strut Connector
[LOG 21:17:08.913] Load DDS texture: Squad/Parts/CompoundParts/strutConnector/EAS-4 Strut Connector_white
[LOG 21:17:08.914] Load DDS texture: Squad/Parts/Coupling/Assets/Decouplers
[LOG 21:17:08.915] Load DDS texture: Squad/Parts/Coupling/Assets/Decouplers_N
[LOG 21:17:08.917] Load DDS texture: Squad/Parts/Coupling/Assets/Decouplers_whiteYellow
[LOG 21:17:08.918] Load DDS texture: Squad/Parts/Coupling/Assets/Decouplers_whiteYellow_N
[LOG 21:17:08.920] Load DDS texture: Squad/Parts/Electrical/10CSolarPanels/assets/circularSolarPanel_diffuse
[LOG 21:17:08.921] Load DDS texture: Squad/Parts/Electrical/10CSolarPanels/assets/circularSolarPanel_nrm
[LOG 21:17:08.922] Load DDS texture: Squad/Parts/Electrical/10LSolarPanels/assets/retractableSolarPanel_diffuse
[LOG 21:17:08.923] Load DDS texture: Squad/Parts/Electrical/10LSolarPanels/assets/retractableSolarPanel_nrm
[LOG 21:17:08.924] Load DDS texture: Squad/Parts/Electrical/1x6ShroudSolarPanels/model000
[LOG 21:17:08.928] Load DDS texture: Squad/Parts/Electrical/1x6ShroudSolarPanels/model001
[LOG 21:17:08.928] Load DDS texture: Squad/Parts/Electrical/1x6ShroudSolarPanels/model002
[LOG 21:17:08.928] Load DDS texture: Squad/Parts/Electrical/1x6SolarPanels/model000
[LOG 21:17:08.928] Load DDS texture: Squad/Parts/Electrical/1x6SolarPanels/model001
[LOG 21:17:08.928] Load DDS texture: Squad/Parts/Electrical/1x6SolarPanels/model002
[LOG 21:17:08.928] Load DDS texture: Squad/Parts/Electrical/3x2ShroudSolarPanels/model000
[LOG 21:17:08.929] Load DDS texture: Squad/Parts/Electrical/3x2ShroudSolarPanels/model001
[LOG 21:17:08.929] Load DDS texture: Squad/Parts/Electrical/3x2ShroudSolarPanels/model002
[LOG 21:17:08.929] Load DDS texture: Squad/Parts/Electrical/3x2SolarPanels/model000
[LOG 21:17:08.929] Load DDS texture: Squad/Parts/Electrical/3x2SolarPanels/model001
[LOG 21:17:08.930] Load DDS texture: Squad/Parts/Electrical/3x2SolarPanels/model002
[LOG 21:17:08.930] Load DDS texture: Squad/Parts/Electrical/gigantorXlSolarArray/panel
[LOG 21:17:08.931] Load DDS texture: Squad/Parts/Electrical/radialFlatSolarPanel/model000
[LOG 21:17:08.931] Load DDS texture: Squad/Parts/Electrical/RTG/model000
[LOG 21:17:08.931] Load DDS texture: Squad/Parts/Electrical/z-100Battery/model000
[LOG 21:17:08.931] Load DDS texture: Squad/Parts/Electrical/z-1kBattery/model000
[LOG 21:17:08.931] Load DDS texture: Squad/Parts/Electrical/z-1kBattery/model001
[LOG 21:17:08.931] Load DDS texture: Squad/Parts/Electrical/z-200Battery/ksp_m_batteryPack_diff
[LOG 21:17:08.931] Load DDS texture: Squad/Parts/Electrical/z-400Battery/model000
[LOG 21:17:08.931] Load DDS texture: Squad/Parts/Electrical/z-4kBattery/ksp_l_batteryPack_diff
[LOG 21:17:08.931] Load DDS texture: Squad/Parts/Electrical/z-4kBattery/ksp_l_batteryPack_normal
[LOG 21:17:08.931] Load DDS texture: Squad/Parts/Engine/ionEngine/model000
[LOG 21:17:08.932] Load DDS texture: Squad/Parts/Engine/jetEngines/Jet Engines
[LOG 21:17:08.932] Load DDS texture: Squad/Parts/Engine/jetEngines/Jet_Heat
[LOG 21:17:08.932] Load DDS texture: Squad/Parts/Engine/liquidEngine24-77/engine
[LOG 21:17:08.932] Load DDS texture: Squad/Parts/Engine/liquidEngine24-77_v2/Twitch
[LOG 21:17:08.933] Load DDS texture: Squad/Parts/Engine/liquidEngine24-77_v2/Twitch_G
[LOG 21:17:08.933] Load DDS texture: Squad/Parts/Engine/liquidEngine24-77_v2/Twitch_GLOW
[LOG 21:17:08.934] Load DDS texture: Squad/Parts/Engine/liquidEngine48-7S/ksp_m_liquidEngine_diff
[LOG 21:17:08.934] Load DDS texture: Squad/Parts/Engine/liquidEngine48-7S_v2/Spark
[LOG 21:17:08.934] Load DDS texture: Squad/Parts/Engine/liquidEngine48-7S_v2/Spark_Glow
[LOG 21:17:08.934] Load DDS texture: Squad/Parts/Engine/liquidEngineAerospike/Aerospike
[LOG 21:17:08.934] Load DDS texture: Squad/Parts/Engine/liquidEngineAerospike/Aerospike_Heat
[LOG 21:17:08.934] Load DDS texture: Squad/Parts/Engine/liquidEngineLV-1_v2/Assets/Ant_and_Spider_diffuse
[LOG 21:17:08.934] Load DDS texture: Squad/Parts/Engine/liquidEngineLV-1_v2/Assets/Ant_and_Spider_emissive
[LOG 21:17:08.934] Load DDS texture: Squad/Parts/Engine/liquidEngineLV-1_v2/Assets/Ant_and_Spider_normal
[LOG 21:17:08.935] Load DDS texture: Squad/Parts/Engine/liquidEngineLV-1_v2/Assets/Ant_and_Spider_specular
[LOG 21:17:08.935] Load DDS texture: Squad/Parts/Engine/liquidEngineLV-909_v2/Terrier
[LOG 21:17:08.936] Load DDS texture: Squad/Parts/Engine/liquidEngineLV-909_v2/TerrierFairing
[LOG 21:17:08.936] Load DDS texture: Squad/Parts/Engine/liquidEngineLV-909_v2/Terrier_glow
[LOG 21:17:08.937] Load DDS texture: Squad/Parts/Engine/liquidEngineLV-N/model000
[LOG 21:17:08.937] Load DDS texture: Squad/Parts/Engine/liquidEngineLV-N/model001
[LOG 21:17:08.937] Load DDS texture: Squad/Parts/Engine/liquidEngineLV-N/model002
[LOG 21:17:08.937] Load DDS texture: Squad/Parts/Engine/liquidEngineLV-N/model003
[LOG 21:17:08.939] Load DDS texture: Squad/Parts/Engine/liquidEngineLV-T30/model000
[LOG 21:17:08.939] Load DDS texture: Squad/Parts/Engine/liquidEngineLV-T30/model001
[LOG 21:17:08.939] Load DDS texture: Squad/Parts/Engine/liquidEngineLV-T30/model002
[LOG 21:17:08.939] Load DDS texture: Squad/Parts/Engine/liquidEngineLV-T30_v2/Engine_Emissive
[LOG 21:17:08.941] Load DDS texture: Squad/Parts/Engine/liquidEngineLV-T30_v2/Engine_Normal
[LOG 21:17:08.945] Load DDS texture: Squad/Parts/Engine/liquidEngineLV-T30_v2/Fairing
[LOG 21:17:08.947] Load DDS texture: Squad/Parts/Engine/liquidEngineLV-T30_v2/Reliant_v2-shroud_Diffuse
[LOG 21:17:08.954] Load DDS texture: Squad/Parts/Engine/liquidEngineLV-T30_v2/Reliant_v2_Diffuse
[LOG 21:17:08.969] Load DDS texture: Squad/Parts/Engine/liquidEngineLV-T45/model000
[LOG 21:17:08.969] Load DDS texture: Squad/Parts/Engine/liquidEngineLV-T45/model001
[LOG 21:17:08.969] Load DDS texture: Squad/Parts/Engine/liquidEngineLV-T45/model002
[LOG 21:17:08.969] Load DDS texture: Squad/Parts/Engine/liquidEngineLV-T45/model003
[LOG 21:17:08.969] Load DDS texture: Squad/Parts/Engine/liquidEngineLV-T45_v2/Engine_Emissive
[LOG 21:17:08.973] Load DDS texture: Squad/Parts/Engine/liquidEngineLV-T45_v2/Fairing
[LOG 21:17:08.973] Load DDS texture: Squad/Parts/Engine/liquidEngineLV-T45_v2/Swivel_v2_Diffuse
[LOG 21:17:08.977] Load DDS texture: Squad/Parts/Engine/liquidEngineLV-T45_v2/Swivel_v2_Normal
[LOG 21:17:08.982] Load DDS texture: Squad/Parts/Engine/liquidEngineMainsail_v2/mainsail_diffuse
[LOG 21:17:08.988] Load DDS texture: Squad/Parts/Engine/liquidEngineMainsail_v2/mainsail_emissive
[LOG 21:17:08.989] Load DDS texture: Squad/Parts/Engine/liquidEngineMainsail_v2/mainsail_nrm
[LOG 21:17:08.992] Load DDS texture: Squad/Parts/Engine/liquidEngineMainsail_v2/mainsail_specular
[LOG 21:17:08.997] Load DDS texture: Squad/Parts/Engine/liquidEngineMainsail_v2/Shroud
[LOG 21:17:08.998] Load DDS texture: Squad/Parts/Engine/liquidEngineMk55/Thud
[LOG 21:17:08.998] Load DDS texture: Squad/Parts/Engine/liquidEngineMk55/Thud_Heat
[LOG 21:17:08.999] Load DDS texture: Squad/Parts/Engine/liquidEnginePoodle_v2/poodle
[LOG 21:17:08.999] Load DDS texture: Squad/Parts/Engine/liquidEnginePoodle_v2/PoodleShroud
[LOG 21:17:08.999] Load DDS texture: Squad/Parts/Engine/liquidEnginePoodle_v2/poodle_Glow
[LOG 21:17:09.001] Load DDS texture: Squad/Parts/Engine/liquidEnginePoodle_v2/Poodle_SingleBell_Poodle_Diffuse
[LOG 21:17:09.002] Load DDS texture: Squad/Parts/Engine/liquidEnginePoodle_v2/Poodle_SingleBell_Poodle_Emissive
[LOG 21:17:09.011] Load DDS texture: Squad/Parts/Engine/liquidEnginePoodle_v2/Poodle_SingleBell_Poodle_Normal
[LOG 21:17:09.011] Load DDS texture: Squad/Parts/Engine/liquidEngineSkipper_v2/Shroud
[LOG 21:17:09.011] Load DDS texture: Squad/Parts/Engine/liquidEngineSkipper_v2/skipper_v2_diffuse
[LOG 21:17:09.015] Load DDS texture: Squad/Parts/Engine/liquidEngineSkipper_v2/skipper_v2_emissive
[LOG 21:17:09.025] Load DDS texture: Squad/Parts/Engine/liquidEngineSkipper_v2/skipper_v2_normal
[LOG 21:17:09.029] Load DDS texture: Squad/Parts/Engine/liquidEngineSSME/SSME
[LOG 21:17:09.029] Load DDS texture: Squad/Parts/Engine/liquidEngineSSME/SSME_GLOW
[LOG 21:17:09.051] Load DDS texture: Squad/Parts/Engine/liquidEngineSSME/SSME_NRM
[LOG 21:17:09.051] Load DDS texture: Squad/Parts/Engine/MassiveSRB/solid_booster_cm
[LOG 21:17:09.052] Load DDS texture: Squad/Parts/Engine/MassiveSRB/solid_booster_cm_esa
[LOG 21:17:09.052] Load DDS texture: Squad/Parts/Engine/MassiveSRB/solid_booster_em
[LOG 21:17:09.053] Load DDS texture: Squad/Parts/Engine/MassiveSRB/solid_booster_nm
[LOG 21:17:09.054] Load DDS texture: Squad/Parts/Engine/miniJet/SmallJet
[LOG 21:17:09.054] Load DDS texture: Squad/Parts/Engine/OMSEngine/Puff_diffuse
[LOG 21:17:09.054] Load DDS texture: Squad/Parts/Engine/OMSEngine/Puff_emissive
[LOG 21:17:09.054] Load DDS texture: Squad/Parts/Engine/OMSEngine/Puff_normal
[LOG 21:17:09.055] Load DDS texture: Squad/Parts/Engine/OMSEngine/Puff_specular
[LOG 21:17:09.055] Load DDS texture: Squad/Parts/Engine/rapierEngine/rapierDiffuse
[LOG 21:17:09.055] Load DDS texture: Squad/Parts/Engine/rapierEngine/rapieremit
[LOG 21:17:09.055] Load DDS texture: Squad/Parts/Engine/Size1_SRBs/SRB_O
[LOG 21:17:09.055] Load DDS texture: Squad/Parts/Engine/Size1_SRBs/SRB_W
[LOG 21:17:09.055] Load DDS texture: Squad/Parts/Engine/Size1_SRBs/SRB_Y
[LOG 21:17:09.056] Load DDS texture: Squad/Parts/Engine/Size2LFB/Size2LFBEmissive
[LOG 21:17:09.056] Load DDS texture: Squad/Parts/Engine/Size2LFB/twin_nozzle_booster_cm
[LOG 21:17:09.057] Load DDS texture: Squad/Parts/Engine/Size2LFB/twin_nozzle_booster_nm
[LOG 21:17:09.061] Load DDS texture: Squad/Parts/Engine/Size2LFB_v2/Size2LFBEmissive
[LOG 21:17:09.061] Load DDS texture: Squad/Parts/Engine/Size2LFB_v2/twin_nozzle_booster_cm
[LOG 21:17:09.063] Load DDS texture: Squad/Parts/Engine/Size2LFB_v2/twin_nozzle_booster_nm
[LOG 21:17:09.063] Load DDS texture: Squad/Parts/Engine/Size3AdvancedEngine/decoupler_and_adaptor_cm
[LOG 21:17:09.063] Load DDS texture: Squad/Parts/Engine/Size3AdvancedEngine/Size3AdvancedEngineDiffuse
[LOG 21:17:09.066] Load DDS texture: Squad/Parts/Engine/Size3AdvancedEngine/Size3AdvancedEngineEmissive
[LOG 21:17:09.067] Load DDS texture: Squad/Parts/Engine/Size3AdvancedEngine/Size3AdvancedEngineNormal
[LOG 21:17:09.067] Load DDS texture: Squad/Parts/Engine/Size3EngineCluster/ClusterEngineEmit
[LOG 21:17:09.067] Load DDS texture: Squad/Parts/Engine/Size3EngineCluster/four_nozzle_engine_cm
[LOG 21:17:09.067] Load DDS texture: Squad/Parts/Engine/Size3EngineCluster/four_nozzle_engine_nm
[LOG 21:17:09.068] Load DDS texture: Squad/Parts/Engine/solidBoosterBACC/model000
[LOG 21:17:09.069] Load DDS texture: Squad/Parts/Engine/solidBoosterBACC/model001
[LOG 21:17:09.069] Load DDS texture: Squad/Parts/Engine/solidBoosterBACC/model002
[LOG 21:17:09.070] Load DDS texture: Squad/Parts/Engine/solidBoosterRT-5/RT5
[LOG 21:17:09.070] Load DDS texture: Squad/Parts/Engine/solidBoosterS2-17/solidBoosterS2-17_diffuse
[LOG 21:17:09.081] Load DDS texture: Squad/Parts/Engine/solidBoosterS2-17/solidBoosterS2-17_emissive
[LOG 21:17:09.106] Load DDS texture: Squad/Parts/Engine/solidBoosterS2-17/solidBoosterS2-17_normal
[LOG 21:17:09.119] Load DDS texture: Squad/Parts/Engine/solidBoosterS2-33/solidBoosterS2-33_diffuse
[LOG 21:17:09.137] Load DDS texture: Squad/Parts/Engine/solidBoosterS2-33/solidBoosterS2-33_emissive
[LOG 21:17:09.154] Load DDS texture: Squad/Parts/Engine/solidBoosterS2-33/solidBoosterS2-33_normal
[LOG 21:17:09.178] Load DDS texture: Squad/Parts/Engine/solidBoosterSep/model000
[LOG 21:17:09.179] Load DDS texture: Squad/Parts/Engine/solidBoosterSep/motor
[LOG 21:17:09.179] Load DDS texture: Squad/Parts/Engine/SolidBoostersF/Assets/SolidBoosterF3S0_diffuse
[LOG 21:17:09.179] Load DDS texture: Squad/Parts/Engine/SolidBoostersF/Assets/SolidBoosterF3S0_emissive
[LOG 21:17:09.179] Load DDS texture: Squad/Parts/Engine/SolidBoostersF/Assets/SolidBoosterF3S0_normal
[LOG 21:17:09.180] Load DDS texture: Squad/Parts/FuelTank/adapterTanks/Mk3Adapters
[LOG 21:17:09.181] Load DDS texture: Squad/Parts/FuelTank/drainTankFTE-1/fuelValve_diffuse
[LOG 21:17:09.183] Load DDS texture: Squad/Parts/FuelTank/drainTankFTE-1/fuelValve_nrm
[LOG 21:17:09.183] Load DDS texture: Squad/Parts/FuelTank/FoilTanks/RadialTanks
[LOG 21:17:09.184] Load DDS texture: Squad/Parts/FuelTank/FoilTanks/RadialTanksGold_specular
[LOG 21:17:09.186] Load DDS texture: Squad/Parts/FuelTank/FoilTanks/RadialTanksSilver_specular
[LOG 21:17:09.186] Load DDS texture: Squad/Parts/FuelTank/FoilTanks/RadialTanks_N
[LOG 21:17:09.189] Load DDS texture: Squad/Parts/FuelTank/FoilTanks/RadialTanks_silver
[LOG 21:17:09.190] Load DDS texture: Squad/Parts/FuelTank/fuelTankOscarB/model000
[LOG 21:17:09.190] Load DDS texture: Squad/Parts/FuelTank/fuelTankOscarB/model001
[LOG 21:17:09.190] Load DDS texture: Squad/Parts/FuelTank/fuelTankOscarB/tank
[LOG 21:17:09.190] Load DDS texture: Squad/Parts/FuelTank/fuelTankOscarB/tank_n
[LOG 21:17:09.190] Load DDS texture: Squad/Parts/FuelTank/miniFuselage/Fuselage
[LOG 21:17:09.190] Load DDS texture: Squad/Parts/FuelTank/mk2Adapters/mk2adapters1m
[LOG 21:17:09.191] Load DDS texture: Squad/Parts/FuelTank/mk2FuselageLong/mk2Fuselage
[LOG 21:17:09.192] Load DDS texture: Squad/Parts/FuelTank/mk2FuselageShort/mk2FuselageShort
[LOG 21:17:09.193] Load DDS texture: Squad/Parts/FuelTank/mk3Fuselage/Mk3Fuselage
[LOG 21:17:09.195] Load DDS texture: Squad/Parts/FuelTank/mk3Fuselage/Mk3Fuselage_LUM
[LOG 21:17:09.195] Load DDS texture: Squad/Parts/FuelTank/RCSFuelTankR1/RCSFuelTankR1_01
[LOG 21:17:09.195] Load DDS texture: Squad/Parts/FuelTank/RCSFuelTankR1/RCSFuelTankR1_02
[LOG 21:17:09.196] Load DDS texture: Squad/Parts/FuelTank/RCSFuelTankR1/RCSFuelTankR1_N
[LOG 21:17:09.197] Load DDS texture: Squad/Parts/FuelTank/RCSFuelTankR10/ksp_m_rcsTank_diff
[LOG 21:17:09.197] Load DDS texture: Squad/Parts/FuelTank/RCSFuelTankR10/ksp_m_rcsTank_normal
[LOG 21:17:09.197] Load DDS texture: Squad/Parts/FuelTank/RCSFuelTankR25/FL-R25 RCS Fuel Tank_D
[LOG 21:17:09.197] Load DDS texture: Squad/Parts/FuelTank/RCSFuelTankR25/FL-R25 RCS Fuel Tank_N
[LOG 21:17:09.197] Load DDS texture: Squad/Parts/FuelTank/RCSTankRadial/model000
[LOG 21:17:09.197] Load DDS texture: Squad/Parts/FuelTank/RCStankRadialLong/ksp_r_rcsCylTank_diff
[LOG 21:17:09.200] Load DDS texture: Squad/Parts/FuelTank/RockomaxTanks/Assets/rockomax_16 [AlbedoM] BW
[LOG 21:17:09.207] Load DDS texture: Squad/Parts/FuelTank/RockomaxTanks/Assets/rockomax_16 [AlbedoM] ESA
[LOG 21:17:09.213] Load DDS texture: Squad/Parts/FuelTank/RockomaxTanks/Assets/rockomax_16 [AlbedoM] O
[LOG 21:17:09.216] Load DDS texture: Squad/Parts/FuelTank/RockomaxTanks/Assets/rockomax_16 [Normal] BW
[LOG 21:17:09.221] Load DDS texture: Squad/Parts/FuelTank/RockomaxTanks/Assets/rockomax_16 [Normal]ESA
[LOG 21:17:09.225] Load DDS texture: Squad/Parts/FuelTank/RockomaxTanks/Assets/rockomax_16 [Normal]O
[LOG 21:17:09.229] Load DDS texture: Squad/Parts/FuelTank/RockomaxTanks/Assets/rockomax_32 [AlbedoM] ESA
[LOG 21:17:09.230] Load DDS texture: Squad/Parts/FuelTank/RockomaxTanks/Assets/rockomax_32 [Normal]ESA
[LOG 21:17:09.232] Load DDS texture: Squad/Parts/FuelTank/Size1_Tanks/125Tanks_BW
[LOG 21:17:09.234] Load DDS texture: Squad/Parts/FuelTank/Size1_Tanks/125Tanks_D
[LOG 21:17:09.235] Load DDS texture: Squad/Parts/FuelTank/Size1_Tanks/125Tanks_N
[LOG 21:17:09.237] Load DDS texture: Squad/Parts/FuelTank/Size1_Tanks/125Tanks_O
[LOG 21:17:09.240] Load DDS texture: Squad/Parts/FuelTank/Size1_Tanks/125Tanks_W
[LOG 21:17:09.241] Load DDS texture: Squad/Parts/FuelTank/Size3Tanks/fueltTanks_cm
[LOG 21:17:09.243] Load Cached PNG Texture: Squad/Parts/FuelTank/Size3Tanks/Size3Tanks
[LOG 21:17:09.244] Load Cached PNG Texture: Squad/Parts/FuelTank/Size3Tanks/Size3Tanks_Norm
[LOG 21:17:09.244] Load Cached PNG Texture: Squad/Parts/FuelTank/Size3Tanks/Size3Tanks_Orange
[LOG 21:17:09.245] Load Cached PNG Texture: Squad/Parts/FuelTank/Size3Tanks/Size3Tanks_Orange_Norm
[LOG 21:17:09.247] Load DDS texture: Squad/Parts/FuelTank/xenonTank/model000
[LOG 21:17:09.247] Load DDS texture: Squad/Parts/FuelTank/xenonTank/model001
[LOG 21:17:09.247] Load DDS texture: Squad/Parts/FuelTank/xenonTankLarge/tank
[LOG 21:17:09.247] Load DDS texture: Squad/Parts/FuelTank/xenonTankRadial/ksp_r_xenonTank_diff
[LOG 21:17:09.247] Load DDS texture: Squad/Parts/Misc/AsteroidDay/CamSat
[LOG 21:17:09.248] Load DDS texture: Squad/Parts/Misc/AsteroidDay/CamSat_glow
[LOG 21:17:09.248] Load DDS texture: Squad/Parts/Misc/AsteroidDay/CamSat_N_NRM
[LOG 21:17:09.249] Load DDS texture: Squad/Parts/Misc/AsteroidDay/default
[LOG 21:17:09.249] Load DDS texture: Squad/Parts/Misc/AsteroidDay/hecsDiffuse
[LOG 21:17:09.249] Load DDS texture: Squad/Parts/Misc/AsteroidDay/hecsNormal
[LOG 21:17:09.249] Load DDS texture: Squad/Parts/Misc/AsteroidDay/hecsSpecular
[LOG 21:17:09.249] Load DDS texture: Squad/Parts/Misc/AsteroidDay/JumboHexProbe
[LOG 21:17:09.249] Load DDS texture: Squad/Parts/Misc/AsteroidDay/JumboHexProbe_NORM_NRM
[LOG 21:17:09.249] Load DDS texture: Squad/Parts/Resources/FuelCell/FCLamp
[LOG 21:17:09.249] Load DDS texture: Squad/Parts/Resources/FuelCell/FuelCellRack
[LOG 21:17:09.249] Load DDS texture: Squad/Parts/Resources/FuelCell/fuellcell
[LOG 21:17:09.249] Load DDS texture: Squad/Parts/Resources/ISRU/Processor_Large
[LOG 21:17:09.249] Load DDS texture: Squad/Parts/Resources/LargeTank/ksp_l_resourceContainer_diff
[LOG 21:17:09.250] Load DDS texture: Squad/Parts/Resources/LargeTank/ksp_l_resourceContainer_norm
[LOG 21:17:09.250] Load DDS texture: Squad/Parts/Resources/MiniDrill/DustParticle
[LOG 21:17:09.250] Load DDS texture: Squad/Parts/Resources/MiniDrill/ksp_r_rockProbe_diff
[LOG 21:17:09.251] Load DDS texture: Squad/Parts/Resources/MiniDrill/RockParticle
[LOG 21:17:09.251] Load DDS texture: Squad/Parts/Resources/MiniISRU/ksp_s_processorSmall_diff
[LOG 21:17:09.251] Load DDS texture: Squad/Parts/Resources/OrbitalScanner/detector
[LOG 21:17:09.252] Load DDS texture: Squad/Parts/Resources/RadialDrill/DustParticle
[LOG 21:17:09.252] Load DDS texture: Squad/Parts/Resources/RadialDrill/RockParticle
[LOG 21:17:09.252] Load DDS texture: Squad/Parts/Resources/RadialDrill/TriBitDrill
[LOG 21:17:09.252] Load DDS texture: Squad/Parts/Resources/RadialTank/ksp_r_resourceContainer_psd_2
[LOG 21:17:09.252] Load DDS texture: Squad/Parts/Resources/SmallTank/ksp_s_resourceContainer_diff
[LOG 21:17:09.252] Load DDS texture: Squad/Parts/Resources/SmallTank/ksp_s_resourceContainer_normal
[LOG 21:17:09.253] Load DDS texture: Squad/Parts/Resources/SurfaceScanner/ksp_r_samplerAir_diff
[LOG 21:17:09.254] Load DDS texture: Squad/Parts/Resources/SurveyScanner/dish
[LOG 21:17:09.254] Load DDS texture: Squad/Parts/Resources/SurveyScanner/dish_n
[LOG 21:17:09.255] Load DDS texture: Squad/Parts/Science/AtmosphereSensor/ksp_r_hydroscoop_diff
[LOG 21:17:09.255] Load DDS texture: Squad/Parts/Science/GooExperiment/GooExperiment
[LOG 21:17:09.256] Load DDS texture: Squad/Parts/Science/LargeCrewedLab/Large_Crewed_Lab
[LOG 21:17:09.257] Load DDS texture: Squad/Parts/Science/LargeCrewedLab/Large_Crewed_Lab_glow
[LOG 21:17:09.257] Load DDS texture: Squad/Parts/Science/LargeCrewedLab/window
[LOG 21:17:09.258] Load DDS texture: Squad/Parts/Science/Magnetometer/Magnetometer_diffuse
[LOG 21:17:09.258] Load DDS texture: Squad/Parts/Science/Magnetometer/Magnetometer_nrm
[LOG 21:17:09.258] Load DDS texture: Squad/Parts/Science/MaterialBay/science_module_small
[LOG 21:17:09.259] Load DDS texture: Squad/Parts/Science/MaterialBay/science_module_small_emit
[LOG 21:17:09.259] Load DDS texture: Squad/Parts/Science/MaterialBay/science_module_small_nrm
[LOG 21:17:09.259] Load DDS texture: Squad/Parts/Science/MaterialBay/wires
[LOG 21:17:09.259] Load DDS texture: Squad/Parts/Science/ScienceBox/Container
[LOG 21:17:09.259] Load DDS texture: Squad/Parts/Science/sensorAccelerometer/model000
[LOG 21:17:09.259] Load DDS texture: Squad/Parts/Science/sensorBarometer/model000
[LOG 21:17:09.259] Load DDS texture: Squad/Parts/Science/sensorGravimeter/model000
[LOG 21:17:09.259] Load DDS texture: Squad/Parts/Science/sensorThermometer/model000
[LOG 21:17:09.259] Load DDS texture: Squad/Parts/Structural/FLAdapters/Assets/FLA-Adapters_diffuse
[LOG 21:17:09.260] Load DDS texture: Squad/Parts/Structural/FLAdapters/Assets/FLA-Adapters_diffuse_O
[LOG 21:17:09.260] Load DDS texture: Squad/Parts/Structural/FLAdapters/Assets/FLA-Adapters_normal
[LOG 21:17:09.261] Load DDS texture: Squad/Parts/Structural/FLAdapters/Assets/FLA-Adapters_normal_O
[LOG 21:17:09.262] Load DDS texture: Squad/Parts/Structural/mk1Parts/Mk1Structural
[LOG 21:17:09.263] Load DDS texture: Squad/Parts/Structural/mk1Parts/Mk1StructuralHeat
[LOG 21:17:09.264] Load Cached PNG Texture: Squad/Parts/Structural/mk1Parts/@thumbs/MK1Fuselage_icon
[LOG 21:17:09.264] Load DDS texture: Squad/Parts/Structural/Size3To2Adapter_v2/Size2to3_BW_Diffuse
[LOG 21:17:09.267] Load DDS texture: Squad/Parts/Structural/Size3To2Adapter_v2/Size2to3_DUMMY_NRM
[LOG 21:17:09.268] Load DDS texture: Squad/Parts/Structural/Size3To2Adapter_v2/Size2to3_O_Diffuse
[LOG 21:17:09.271] Load DDS texture: Squad/Parts/Structural/Size3To2Adapter_v2/Size2to3_W_Diffuse
[LOG 21:17:09.275] Load DDS texture: Squad/Parts/Structural/Size3To2Adapter_v2/Size2to3_W_NRM
[LOG 21:17:09.283] Load DDS texture: Squad/Parts/Structural/stackAdapters/Assets/stackAdapters_diffuse
[LOG 21:17:09.283] Load DDS texture: Squad/Parts/Structural/stackAdapters/Assets/stackAdapters_diffuse_Dark
[LOG 21:17:09.285] Load DDS texture: Squad/Parts/Structural/stackAdapters/Assets/stackAdapters_diffuse_Orange
[LOG 21:17:09.285] Load DDS texture: Squad/Parts/Structural/stackAdapters/Assets/stackAdapters_normal
[LOG 21:17:09.286] Load DDS texture: Squad/Parts/Structural/stackAdapters/Assets/stackAdapters_normal_Orange
[LOG 21:17:09.287] Load DDS texture: Squad/Parts/Structural/stationHub/model000
[LOG 21:17:09.287] Load DDS texture: Squad/Parts/Structural/stationHub/model001
[LOG 21:17:09.287] Load DDS texture: Squad/Parts/Structural/structuralIBeam200/model000
[LOG 21:17:09.287] Load DDS texture: Squad/Parts/Structural/structuralIBeam200Pocket/model000
[LOG 21:17:09.287] Load DDS texture: Squad/Parts/Structural/structuralIBeam650/model000
[LOG 21:17:09.287] Load DDS texture: Squad/Parts/Structural/structuralMicronode/model000
[LOG 21:17:09.288] Load DDS texture: Squad/Parts/Structural/structuralPanel1x1/model000
[LOG 21:17:09.288] Load DDS texture: Squad/Parts/Structural/structuralPanel1x1/model001
[LOG 21:17:09.288] Load DDS texture: Squad/Parts/Structural/structuralPanel2x2/model000
[LOG 21:17:09.288] Load DDS texture: Squad/Parts/Structural/structuralPanel2x2/model001
[LOG 21:17:09.288] Load DDS texture: Squad/Parts/Structural/structuralPylons/Pylons
[LOG 21:17:09.288] Load DDS texture: Squad/Parts/Structural/strutCubicOcto/cubestrut
[LOG 21:17:09.288] Load DDS texture: Squad/Parts/Structural/strutOcto/model000
[LOG 21:17:09.288] Load DDS texture: Squad/Parts/Structural/trussGirderAdapter/model000
[LOG 21:17:09.288] Load DDS texture: Squad/Parts/Structural/trussGirderAdapter/model001
[LOG 21:17:09.288] Load DDS texture: Squad/Parts/Structural/trussGirderL/model000
[LOG 21:17:09.289] Load DDS texture: Squad/Parts/Structural/trussGirderXL/model000
[LOG 21:17:09.290] Load DDS texture: Squad/Parts/Thermal/FoldingRadiators/radiator
[LOG 21:17:09.294] Load DDS texture: Squad/Parts/Thermal/FoldingRadiators/radiator_N_NRM
[LOG 21:17:09.295] Load DDS texture: Squad/Parts/Thermal/RadiatorPanels/radPanel
[LOG 21:17:09.295] Load DDS texture: Squad/Parts/Thermal/RadiatorPanels/radPanel_N_NRM
[LOG 21:17:09.296] Load DDS texture: Squad/Parts/Utility/commDish88-88/comm_dish_array
[LOG 21:17:09.296] Load DDS texture: Squad/Parts/Utility/commDish88-88/comm_dish_v2_diff
[LOG 21:17:09.296] Load DDS texture: Squad/Parts/Utility/commDish88-88/model000
[LOG 21:17:09.296] Load DDS texture: Squad/Parts/Utility/commsAntennaDTS-M1/mediumDishAntenna
[LOG 21:17:09.305] Load DDS texture: Squad/Parts/Utility/commsAntennaDTS-M1/mediumDishAntenna_Emit
[LOG 21:17:09.306] Load DDS texture: Squad/Parts/Utility/commsDish16/model000
[LOG 21:17:09.306] Load DDS texture: Squad/Parts/Utility/decouplerRadialHDM/model000
[LOG 21:17:09.306] Load DDS texture: Squad/Parts/Utility/decouplerRadialTT-38K/model000
[LOG 21:17:09.306] Load DDS texture: Squad/Parts/Utility/decouplerRadialTT-38K/model001
[LOG 21:17:09.306] Load DDS texture: Squad/Parts/Utility/decouplerRadialTT-70/model000
[LOG 21:17:09.307] Load DDS texture: Squad/Parts/Utility/DirectAntennas/MiniAntenna
[LOG 21:17:09.307] Load DDS texture: Squad/Parts/Utility/dockingPort/Arrow Pointer
[LOG 21:17:09.307] Load DDS texture: Squad/Parts/Utility/dockingPort/DockingPorts_Clampotron_Diffuse
[LOG 21:17:09.321] Load DDS texture: Squad/Parts/Utility/dockingPort/DockingPorts_Clampotron_Emissive
[LOG 21:17:09.322] Load DDS texture: Squad/Parts/Utility/dockingPort/DockingPorts_Clampotron_Normal
[LOG 21:17:09.325] Load DDS texture: Squad/Parts/Utility/dockingPortInline/Arrow Pointer
[LOG 21:17:09.326] Load DDS texture: Squad/Parts/Utility/dockingPortInline/ClampotronLinear_ClampotronLinear_Diffuse
[LOG 21:17:09.329] Load DDS texture: Squad/Parts/Utility/dockingPortInline/ClampotronLinear_ClampotronLinear_Emissive
[LOG 21:17:09.330] Load DDS texture: Squad/Parts/Utility/dockingPortInline/ClampotronLinear_ClampotronLinear_Normal
[LOG 21:17:09.333] Load DDS texture: Squad/Parts/Utility/dockingPortInline/DockingPorts_Clampotron_Diffuse
[LOG 21:17:09.336] Load DDS texture: Squad/Parts/Utility/dockingPortInline/DockingPorts_Clampotron_Emissive
[LOG 21:17:09.338] Load DDS texture: Squad/Parts/Utility/dockingPortInline/DockingPorts_Clampotron_Normal
[LOG 21:17:09.341] Load DDS texture: Squad/Parts/Utility/dockingPortJr/Arrow Pointer
[LOG 21:17:09.341] Load DDS texture: Squad/Parts/Utility/dockingPortJr/DockingPorts_ClampotronJR_Diffuse
[LOG 21:17:09.342] Load DDS texture: Squad/Parts/Utility/dockingPortJr/DockingPorts_ClampotronJR_Normal
[LOG 21:17:09.343] Load DDS texture: Squad/Parts/Utility/dockingPortJr/model000
[LOG 21:17:09.343] Load DDS texture: Squad/Parts/Utility/dockingPortShielded/Arrow Pointer
[LOG 21:17:09.343] Load DDS texture: Squad/Parts/Utility/dockingPortShielded/Clamp-O-Tron Shielded Docking Port_ClampotronShielded_Diffuse
[LOG 21:17:09.347] Load DDS texture: Squad/Parts/Utility/dockingPortShielded/Clamp-O-Tron Shielded Docking Port_ClampotronShielded_Normal
[LOG 21:17:09.350] Load DDS texture: Squad/Parts/Utility/dockingPortShielded/DockingPorts_Clampotron_Diffuse
[LOG 21:17:09.355] Load DDS texture: Squad/Parts/Utility/dockingPortShielded/DockingPorts_Clampotron_Emissive
[LOG 21:17:09.356] Load DDS texture: Squad/Parts/Utility/dockingPortShielded/DockingPorts_Clampotron_Normal
[LOG 21:17:09.360] Load DDS texture: Squad/Parts/Utility/dockingPortSr/Arrow Pointer
[LOG 21:17:09.360] Load DDS texture: Squad/Parts/Utility/dockingPortSr/ClampotronSr_ClampotronSr_Diffuse
[LOG 21:17:09.364] Load DDS texture: Squad/Parts/Utility/dockingPortSr/ClampotronSr_ClampotronSr_Diffuse_gray
[LOG 21:17:09.367] Load DDS texture: Squad/Parts/Utility/dockingPortSr/ClampotronSr_ClampotronSr_Emissive
[LOG 21:17:09.370] Load DDS texture: Squad/Parts/Utility/dockingPortSr/ClampotronSr_ClampotronSr_Normal
[LOG 21:17:09.372] Load Cached PNG Texture: Squad/Parts/Utility/Fireworks/Assets/fireworks_launcher_big 1
[LOG 21:17:09.375] Load Cached PNG Texture: Squad/Parts/Utility/Fireworks/Assets/fireworks_launcher_big
[LOG 21:17:09.379] Load Cached PNG Texture: Squad/Parts/Utility/flags/backgroundTextures/dark_background
[LOG 21:17:09.379] Load Cached PNG Texture: Squad/Parts/Utility/flags/backgroundTextures/orange_background
[LOG 21:17:09.379] Load Cached PNG Texture: Squad/Parts/Utility/flags/backgroundTextures/white_background
[LOG 21:17:09.379] Load DDS texture: Squad/Parts/Utility/GrapplingDevice/grabberDiffuse
[LOG 21:17:09.379] Load DDS texture: Squad/Parts/Utility/GrapplingDevice/grabberDiffuse_dark
[LOG 21:17:09.380] Load DDS texture: Squad/Parts/Utility/GrapplingDevice/grabberNRM
[LOG 21:17:09.380] Load DDS texture: Squad/Parts/Utility/GrapplingDevice/window
[LOG 21:17:09.380] Load DDS texture: Squad/Parts/Utility/ladderRadial/model000
[LOG 21:17:09.380] Load DDS texture: Squad/Parts/Utility/ladderTelescopic/model000
[LOG 21:17:09.381] Load DDS texture: Squad/Parts/Utility/ladderTelescopic/model001
[LOG 21:17:09.381] Load DDS texture: Squad/Parts/Utility/ladderTelescopic/model002
[LOG 21:17:09.381] Load DDS texture: Squad/Parts/Utility/ladderTelescopicBay/model000
[LOG 21:17:09.383] Load DDS texture: Squad/Parts/Utility/ladderTelescopicBay/model001
[LOG 21:17:09.383] Load DDS texture: Squad/Parts/Utility/landingLegLT-1/ksp_r_landingStrut_diff
[LOG 21:17:09.384] Load DDS texture: Squad/Parts/Utility/landingLegLT-2/landingLeg
[LOG 21:17:09.384] Load DDS texture: Squad/Parts/Utility/landingLegLT-5/leg
[LOG 21:17:09.384] Load DDS texture: Squad/Parts/Utility/landingLegLT-5/model000
[LOG 21:17:09.384] Load DDS texture: Squad/Parts/Utility/launchClamp1/model000
[LOG 21:17:09.384] Load DDS texture: Squad/Parts/Utility/launchClamp1/model001
[LOG 21:17:09.384] Load DDS texture: Squad/Parts/Utility/launchEscapeSystem/LES_Diffuse
[LOG 21:17:09.385] Load DDS texture: Squad/Parts/Utility/Lights/Assets/Lights_Attacheable_Lights_Diffuse
[LOG 21:17:09.385] Load DDS texture: Squad/Parts/Utility/Lights/Assets/Lights_Attacheable_Lights_Diffuse_white
[LOG 21:17:09.385] Load DDS texture: Squad/Parts/Utility/Lights/Assets/Lights_Attacheable_Lights_Emissive
[LOG 21:17:09.386] Load DDS texture: Squad/Parts/Utility/Lights/Assets/Lights_Attacheable_Lights_Normal
[LOG 21:17:09.386] Load DDS texture: Squad/Parts/Utility/Lights/Assets/Lights_Rectangle_Light_Diffuse
[LOG 21:17:09.389] Load DDS texture: Squad/Parts/Utility/Lights/Assets/Lights_Rectangle_Light_Diffuse_white
[LOG 21:17:09.394] Load DDS texture: Squad/Parts/Utility/Lights/Assets/Lights_Rectangle_Light_Emissive
[LOG 21:17:09.399] Load DDS texture: Squad/Parts/Utility/Lights/Assets/Lights_Rectangle_Light_Normal
[LOG 21:17:09.406] Load DDS texture: Squad/Parts/Utility/Lights/Assets/Lights_Worklights_Diffuse
[LOG 21:17:09.407] Load DDS texture: Squad/Parts/Utility/Lights/Assets/Lights_Worklights_Emissive
[LOG 21:17:09.408] Load DDS texture: Squad/Parts/Utility/Lights/Assets/Lights_Worklights_Normal
[LOG 21:17:09.409] Load DDS texture: Squad/Parts/Utility/Lights/Assets/Spotlight_Attacheable_Lights_Diffuse
[LOG 21:17:09.409] Load DDS texture: Squad/Parts/Utility/Lights/Assets/Spotlight_Attacheable_Lights_Diffuse_white
[LOG 21:17:09.409] Load DDS texture: Squad/Parts/Utility/Lights/Assets/Spotlight_Attacheable_Lights_Emissive
[LOG 21:17:09.409] Load DDS texture: Squad/Parts/Utility/Lights/Assets/Spotlight_Attacheable_Lights_Normal
[LOG 21:17:09.410] Load DDS texture: Squad/Parts/Utility/linearVernorRCS/Assets/linear_vernor_diffuse
[LOG 21:17:09.410] Load DDS texture: Squad/Parts/Utility/linearVernorRCS/Assets/linear_vernor_emissive
[LOG 21:17:09.410] Load DDS texture: Squad/Parts/Utility/linearVernorRCS/Assets/linear_vernor_normalDummy
[LOG 21:17:09.410] Load DDS texture: Squad/Parts/Utility/linearVernorRCS/Assets/linear_vernor_specular
[LOG 21:17:09.410] Load DDS texture: Squad/Parts/Utility/mk2CargoBay/mk2CargoBay
[LOG 21:17:09.410] Load DDS texture: Squad/Parts/Utility/mk2CrewCabin/mk2CrewCabin
[LOG 21:17:09.411] Load DDS texture: Squad/Parts/Utility/mk2CrewCabin/mk2CrewCabin_LUM
[LOG 21:17:09.411] Load DDS texture: Squad/Parts/Utility/mk2DockingPort/Arrow Pointer
[LOG 21:17:09.411] Load DDS texture: Squad/Parts/Utility/mk2DockingPort/Mk2Clampotron_Caps_Diffuse
[LOG 21:17:09.411] Load DDS texture: Squad/Parts/Utility/mk2DockingPort/Mk2Clampotron_Caps_Emmisive
[LOG 21:17:09.411] Load DDS texture: Squad/Parts/Utility/mk2DockingPort/Mk2Clampotron_Caps_Normal
[LOG 21:17:09.411] Load DDS texture: Squad/Parts/Utility/mk2DockingPort/Mk2Clampotron_Mk2Clampotron_Diffuse
[LOG 21:17:09.415] Load DDS texture: Squad/Parts/Utility/mk2DockingPort/Mk2Clampotron_Mk2Clampotron_Emissive
[LOG 21:17:09.415] Load DDS texture: Squad/Parts/Utility/mk2DockingPort/Mk2Clampotron_Mk2Clampotron_Normal
[LOG 21:17:09.419] Load DDS texture: Squad/Parts/Utility/mk2DockingPort/mk2DockingPort
[LOG 21:17:09.420] Load DDS texture: Squad/Parts/Utility/mk3CargoBay/Mk3CargoBay
[LOG 21:17:09.421] Load DDS texture: Squad/Parts/Utility/parachuteMk1/model000
[LOG 21:17:09.421] Load DDS texture: Squad/Parts/Utility/parachuteMk1/model001
[LOG 21:17:09.421] Load DDS texture: Squad/Parts/Utility/parachuteMk12-R/model000
[LOG 21:17:09.423] Load DDS texture: Squad/Parts/Utility/parachuteMk12-R/model001
[LOG 21:17:09.423] Load DDS texture: Squad/Parts/Utility/parachuteMk16-XL/model000
[LOG 21:17:09.423] Load DDS texture: Squad/Parts/Utility/parachuteMk16-XL/model001
[LOG 21:17:09.423] Load DDS texture: Squad/Parts/Utility/parachuteMk2-R/model000
[LOG 21:17:09.424] Load DDS texture: Squad/Parts/Utility/parachuteMk2-R/model001
[LOG 21:17:09.424] Load DDS texture: Squad/Parts/Utility/parachuteMk25/model000
[LOG 21:17:09.424] Load DDS texture: Squad/Parts/Utility/parachuteMk25/model001
[LOG 21:17:09.424] Load DDS texture: Squad/Parts/Utility/radialAttachmentPoint/model000
[LOG 21:17:09.424] Load DDS texture: Squad/Parts/Utility/radialAttachmentPoint/model001
[LOG 21:17:09.424] Load DDS texture: Squad/Parts/Utility/rcsBlockRV-105_v2/rcsBlock_diffuse
[LOG 21:17:09.424] Load DDS texture: Squad/Parts/Utility/rcsBlockRV-105_v2/rcsThrusterBlock_normal
[LOG 21:17:09.424] Load DDS texture: Squad/Parts/Utility/rcsBlockRV-105_v2/rcsThruster_emissive
[LOG 21:17:09.424] Load DDS texture: Squad/Parts/Utility/rcsBlockRV-105_v2/rcsThruster_specular
[LOG 21:17:09.424] Load DDS texture: Squad/Parts/Utility/rcsBlockRV-105_v2/RCS_Block_Diffuse
[LOG 21:17:09.425] Load DDS texture: Squad/Parts/Utility/rcsBlockRV-105_v2/RCS_Block_Emissive
[LOG 21:17:09.425] Load DDS texture: Squad/Parts/Utility/rcsBlockRV-105_v2/RCS_Block_Normal
[LOG 21:17:09.425] Load DDS texture: Squad/Parts/Utility/rcsBlockRV-105_v2/RCS_Block_Specular
[LOG 21:17:09.425] Load DDS texture: Squad/Parts/Utility/rcsSmallLinear/Assets/RCS_Linear_Base_Diffuse
[LOG 21:17:09.425] Load DDS texture: Squad/Parts/Utility/rcsSmallLinear/Assets/RCS_Linear_Diffuse
[LOG 21:17:09.425] Load DDS texture: Squad/Parts/Utility/rcsSmallLinear/Assets/RCS_Linear_Emissive
[LOG 21:17:09.426] Load DDS texture: Squad/Parts/Utility/rcsSmallLinear/Assets/RCS_Linear_Normal
[LOG 21:17:09.426] Load DDS texture: Squad/Parts/Utility/rcsSmallLinear/Assets/RCS_Linear_Specular
[LOG 21:17:09.426] Load DDS texture: Squad/Parts/Utility/RelayAntennas/DishAntenna
[LOG 21:17:09.426] Load DDS texture: Squad/Parts/Utility/RelayAntennas/MiniAntenna
[LOG 21:17:09.426] Load DDS texture: Squad/Parts/Utility/rockomaxAdapters/Assets/Rockomax_Adapters_diffuse
[LOG 21:17:09.427] Load DDS texture: Squad/Parts/Utility/rockomaxAdapters/Assets/Rockomax_Adapters_diffuse_O
[LOG 21:17:09.428] Load DDS texture: Squad/Parts/Utility/rockomaxAdapters/Assets/Rockomax_Adapters_diffuse_W
[LOG 21:17:09.428] Load DDS texture: Squad/Parts/Utility/rockomaxAdapters/Assets/Rockomax_Adapters_normal
[LOG 21:17:09.429] Load DDS texture: Squad/Parts/Utility/rockomaxAdapters/Assets/Rockomax_Adapters_normal_O
[LOG 21:17:09.430] Load DDS texture: Squad/Parts/Utility/ServiceBay/ServiceBay
[LOG 21:17:09.430] Load Cached PNG Texture: Squad/Parts/Utility/ServiceBay_v2/Assets/Scratch
[LOG 21:17:09.431] Load Cached PNG Texture: Squad/Parts/Utility/ServiceBay_v2/Assets/ServiceBay_bump
[LOG 21:17:09.432] Load Cached PNG Texture: Squad/Parts/Utility/ServiceBay_v2/Assets/ServiceBay_v2
[LOG 21:17:09.432] Load DDS texture: Squad/Parts/Utility/smallClaw/grabberSmallDiffuse
[LOG 21:17:09.432] Load DDS texture: Squad/Parts/Utility/smallClaw/grabberSmallDiffuseDark
[LOG 21:17:09.433] Load DDS texture: Squad/Parts/Utility/smallClaw/grabberSmallNRM
[LOG 21:17:09.433] Load DDS texture: Squad/Parts/Utility/smallClaw/window
[LOG 21:17:09.433] Load DDS texture: Squad/Parts/Utility/spotLightMk1/light1
[LOG 21:17:09.433] Load DDS texture: Squad/Parts/Utility/spotLightMk1/light1_em
[LOG 21:17:09.433] Load DDS texture: Squad/Parts/Utility/spotLightMk1_v2/spotLightMk1_Diffuse
[LOG 21:17:09.433] Load DDS texture: Squad/Parts/Utility/spotLightMk1_v2/spotLightMk1_Diffuse_white
[LOG 21:17:09.433] Load DDS texture: Squad/Parts/Utility/spotLightMk1_v2/spotLightMk1_Emissive
[LOG 21:17:09.433] Load DDS texture: Squad/Parts/Utility/spotLightMk1_v2/spotLightMk1_Normal
[LOG 21:17:09.434] Load DDS texture: Squad/Parts/Utility/spotLightMk2/light2
[LOG 21:17:09.434] Load DDS texture: Squad/Parts/Utility/spotLightMk2/light2_em
[LOG 21:17:09.434] Load DDS texture: Squad/Parts/Utility/spotLightMk2_v2/spotLightMk2_Diffuse
[LOG 21:17:09.434] Load DDS texture: Squad/Parts/Utility/spotLightMk2_v2/spotLightMk2_Diffuse_white
[LOG 21:17:09.434] Load DDS texture: Squad/Parts/Utility/spotLightMk2_v2/spotLightMk2_Emissive
[LOG 21:17:09.434] Load DDS texture: Squad/Parts/Utility/spotLightMk2_v2/spotLightMk2_Normal
[LOG 21:17:09.434] Load DDS texture: Squad/Parts/Utility/stackCouplers/Assets/stackCouplersDiffuse
[LOG 21:17:09.435] Load DDS texture: Squad/Parts/Utility/stackCouplers/Assets/stackCouplersDiffuse_Dark
[LOG 21:17:09.435] Load DDS texture: Squad/Parts/Utility/stackCouplers/Assets/stackCouplersDiffuse_Orange
[LOG 21:17:09.437] Load DDS texture: Squad/Parts/Utility/stackCouplers/Assets/stackCouplers_NRM
[LOG 21:17:09.438] Load DDS texture: Squad/Parts/Utility/stackCouplers/Assets/stackCouplers_Orange_NRM
[LOG 21:17:09.438] Load DDS texture: Squad/Parts/Wheel/LandingGear/Flare
[LOG 21:17:09.438] Load DDS texture: Squad/Parts/Wheel/LandingGear/LandingGear
[LOG 21:17:09.439] Load DDS texture: Squad/Parts/Wheel/LandingGear/LandingGear_Emissive
[LOG 21:17:09.439] Load DDS texture: Squad/Parts/Wheel/roverWheelM1/model000
[LOG 21:17:09.440] Load DDS texture: Squad/Parts/Wheel/roverWheelM1/roverwheel1
[LOG 21:17:09.440] Load DDS texture: Squad/Parts/Wheel/roverWheelS2/model000
[LOG 21:17:09.440] Load DDS texture: Squad/Parts/Wheel/roverWheelS2/model001
[LOG 21:17:09.440] Load DDS texture: Squad/Parts/Wheel/roverWheelS2/roverwheel2
[LOG 21:17:09.440] Load DDS texture: Squad/Parts/Wheel/roverWheelS2/roverwheel2_n
[LOG 21:17:09.440] Load DDS texture: Squad/Parts/Wheel/roverWheelTR-2L/ksp_r_medWheel_diff
[LOG 21:17:09.441] Load DDS texture: Squad/Parts/Wheel/roverWheelTR-2L/ksp_r_medWheel_normal
[LOG 21:17:09.441] Load DDS texture: Squad/Parts/Wheel/roverWheelTR-2L/ksp_r_medWheel_wheel_diff
[LOG 21:17:09.441] Load DDS texture: Squad/Parts/Wheel/roverWheelTR-2L/ksp_r_medWheel_wheel_normal
[LOG 21:17:09.443] Load DDS texture: Squad/Parts/Wheel/roverWheelXL3/mount
[LOG 21:17:09.443] Load DDS texture: Squad/Parts/Wheel/roverWheelXL3/mount_n
[LOG 21:17:09.443] Load DDS texture: Squad/Parts/Wheel/roverWheelXL3/wheel
[LOG 21:17:09.443] Load DDS texture: Squad/Parts/Wheel/roverWheelXL3/wheel_n
[LOG 21:17:09.443] Load DDS texture: Squad/Props/AltimeterThreeHands/model000
[LOG 21:17:09.445] Load DDS texture: Squad/Props/AltimeterThreeHands/model001
[LOG 21:17:09.445] Load DDS texture: Squad/Props/AtmosphereDepth/model000
[LOG 21:17:09.445] Load DDS texture: Squad/Props/AtmosphereDepth/model001
[LOG 21:17:09.445] Load DDS texture: Squad/Props/AxisIndicator/model000
[LOG 21:17:09.445] Load DDS texture: Squad/Props/buttonsGeneric/ButtonsAndSwitches
[LOG 21:17:09.445] Load DDS texture: Squad/Props/ButtonSquare/model000
[LOG 21:17:09.445] Load DDS texture: Squad/Props/circularButton/model000
[LOG 21:17:09.445] Load DDS texture: Squad/Props/Compass/model000
[LOG 21:17:09.445] Load DDS texture: Squad/Props/directionalKnob/model000
[LOG 21:17:09.445] Load DDS texture: Squad/Props/directionalKnob2/model000
[LOG 21:17:09.445] Load DDS texture: Squad/Props/IndicatorPanel/model000
[LOG 21:17:09.446] Load DDS texture: Squad/Props/IndicatorPanel/model001
[LOG 21:17:09.446] Load DDS texture: Squad/Props/IVANavBall/Arrows8dir
[LOG 21:17:09.446] Load DDS texture: Squad/Props/IVANavBall/IVANavBall
[LOG 21:17:09.446] Load DDS texture: Squad/Props/IVANavBall/IVANavBall_Glow
[LOG 21:17:09.446] Load DDS texture: Squad/Props/IVANavBall/ManeuverNode_vectors
[LOG 21:17:09.446] Load DDS texture: Squad/Props/IVANavBall/navball2
[LOG 21:17:09.446] Load DDS texture: Squad/Props/IVANavBall/navBall_DV_IVA
[LOG 21:17:09.446] Load DDS texture: Squad/Props/IVANavBall/navBall_vectors_IVA
[LOG 21:17:09.446] Load Cached PNG Texture: Squad/Props/IVANavBallNoBase/Arrows8dir
[LOG 21:17:09.446] Load Cached PNG Texture: Squad/Props/IVANavBallNoBase/IVANavBall
[LOG 21:17:09.446] Load Cached PNG Texture: Squad/Props/IVANavBallNoBase/ManeuverNode_vectors
[LOG 21:17:09.446] Load Cached PNG Texture: Squad/Props/IVANavBallNoBase/navball2
[LOG 21:17:09.446] Load Cached PNG Texture: Squad/Props/IVANavBallNoBase/navBall_DV_IVA
[LOG 21:17:09.446] Load Cached PNG Texture: Squad/Props/IVANavBallNoBase/navBall_vectors_IVA
[LOG 21:17:09.447] Load DDS texture: Squad/Props/ledPanelSpeed/circularButton
[LOG 21:17:09.447] Load DDS texture: Squad/Props/ledPanelSpeed/ledPanel
[LOG 21:17:09.447] Load DDS texture: Squad/Props/Monitor/Emissives
[LOG 21:17:09.447] Load DDS texture: Squad/Props/Monitor/Emissives_glow
[LOG 21:17:09.447] Load DDS texture: Squad/Props/Monitor/Monitor
[LOG 21:17:09.447] Load DDS texture: Squad/Props/NavBall/GaugeGee
[LOG 21:17:09.447] Load DDS texture: Squad/Props/NavBall/GaugeThrottle
[LOG 21:17:09.447] Load DDS texture: Squad/Props/NavBall/model000
[LOG 21:17:09.447] Load DDS texture: Squad/Props/NavBall/model001
[LOG 21:17:09.447] Load DDS texture: Squad/Props/NavBall/model002
[LOG 21:17:09.447] Load DDS texture: Squad/Props/NavBall/model003
[LOG 21:17:09.447] Load DDS texture: Squad/Props/PropsGeneric/propsGeneric
[LOG 21:17:09.447] Load DDS texture: Squad/Props/pullSwitch/model000
[LOG 21:17:09.447] Load DDS texture: Squad/Props/pullSwitch/model001
[LOG 21:17:09.447] Load DDS texture: Squad/Props/radarAltitude/model000
[LOG 21:17:09.447] Load DDS texture: Squad/Props/squareButton/model000
[LOG 21:17:09.448] Load DDS texture: Squad/Props/standingSwitch/model000
[LOG 21:17:09.448] Load DDS texture: Squad/Props/standingSwitch/model001
[LOG 21:17:09.448] Load DDS texture: Squad/Props/switch/model000
[LOG 21:17:09.448] Load DDS texture: Squad/Props/switchGuard/model000
[LOG 21:17:09.448] Load DDS texture: Squad/Props/switchWithGuards/model000
[LOG 21:17:09.448] Load DDS texture: Squad/Props/switchWithGuards/model001
[LOG 21:17:09.448] Load DDS texture: Squad/Props/switchWithGuards/model002
[LOG 21:17:09.448] Load DDS texture: Squad/Props/throttle/model000
[LOG 21:17:09.448] Load DDS texture: Squad/Props/throttle/model001
[LOG 21:17:09.448] Load DDS texture: Squad/Props/VSI/model000
[LOG 21:17:09.448] Load DDS texture: Squad/Spaces/crewCabinInternals/model000
[LOG 21:17:09.448] Load DDS texture: Squad/Spaces/crewCabinInternals/model001
[LOG 21:17:09.451] Load DDS texture: Squad/Spaces/crewCabinInternals/model002
[LOG 21:17:09.451] Load DDS texture: Squad/Spaces/crewCabinInternals/model003
[LOG 21:17:09.451] Load DDS texture: Squad/Spaces/crewCabinInternals/model004
[LOG 21:17:09.452] Load DDS texture: Squad/Spaces/crewCabinInternals/model005
[LOG 21:17:09.452] Load DDS texture: Squad/Spaces/cupolaInternal/ksp_l_cupola_internal_diff
[LOG 21:17:09.454] Load DDS texture: Squad/Spaces/cupolaInternal/ksp_l_cupola_internal_normal
[LOG 21:17:09.459] Load DDS texture: Squad/Spaces/cupolaInternal/ksp_l_cupola_internal_windows_alpha
[LOG 21:17:09.460] Load DDS texture: Squad/Spaces/cupolaInternal/pilot Seat
[LOG 21:17:09.460] Load DDS texture: Squad/Spaces/GenericSpace1/model000
[LOG 21:17:09.461] Load DDS texture: Squad/Spaces/GenericSpace1/model001
[LOG 21:17:09.462] Load DDS texture: Squad/Spaces/GenericSpace1/model002
[LOG 21:17:09.463] Load DDS texture: Squad/Spaces/GenericSpace1/model003
[LOG 21:17:09.463] Load DDS texture: Squad/Spaces/GenericSpace1/model004
[LOG 21:17:09.464] Load DDS texture: Squad/Spaces/GenericSpace1/model005
[LOG 21:17:09.465] Load DDS texture: Squad/Spaces/GenericSpace3/model000
[LOG 21:17:09.467] Load DDS texture: Squad/Spaces/GenericSpace3/model001
[LOG 21:17:09.467] Load DDS texture: Squad/Spaces/GenericSpace3/model002
[LOG 21:17:09.467] Load DDS texture: Squad/Spaces/GenericSpace3/model003
[LOG 21:17:09.469] Load DDS texture: Squad/Spaces/GenericSpace3/model004
[LOG 21:17:09.469] Load DDS texture: Squad/Spaces/GenericSpace3/model005
[LOG 21:17:09.470] Load DDS texture: Squad/Spaces/GenericSpace3/model006
[LOG 21:17:09.471] Load DDS texture: Squad/Spaces/GenericSpace3/model007
[LOG 21:17:09.472] Load DDS texture: Squad/Spaces/landerCabinInternals/model000
[LOG 21:17:09.473] Load DDS texture: Squad/Spaces/landerCabinInternals/model001
[LOG 21:17:09.474] Load DDS texture: Squad/Spaces/landerCabinInternals/model002
[LOG 21:17:09.475] Load DDS texture: Squad/Spaces/landerCabinInternals/model003
[LOG 21:17:09.477] Load DDS texture: Squad/Spaces/landerCabinInternals/model004
[LOG 21:17:09.478] Load DDS texture: Squad/Spaces/landerCabinInternals/model005
[LOG 21:17:09.478] Load DDS texture: Squad/Spaces/landerCabinInternals/model006
[LOG 21:17:09.479] Load DDS texture: Squad/Spaces/landerCabinInternals/model007
[LOG 21:17:09.479] Load DDS texture: Squad/Spaces/landerCabinSmallInternal/ksp_s_landerCan_internal_diff
[LOG 21:17:09.482] Load DDS texture: Squad/Spaces/landerCabinSmallInternal/ksp_s_landerCan_internal_normal
[LOG 21:17:09.486] Load DDS texture: Squad/Spaces/landerCabinSmallInternal/ksp_s_landerCan_internal_window_alpha
[LOG 21:17:09.487] Load DDS texture: Squad/Spaces/landerCabinSmallInternal/pilot Seat
[LOG 21:17:09.487] Load DDS texture: Squad/Spaces/LargeCrewedLabInternals/Glass
[LOG 21:17:09.488] Load DDS texture: Squad/Spaces/LargeCrewedLabInternals/MPL_Int
[LOG 21:17:09.490] Load DDS texture: Squad/Spaces/LargeCrewedLabInternals/MPL_Int_n_NRM
[LOG 21:17:09.491] Load DDS texture: Squad/Spaces/Mk1-3/Mk1_3_IvaProps_Diffuse
[LOG 21:17:09.495] Load DDS texture: Squad/Spaces/Mk1-3/Mk1_3_IvaProps_Normal
[LOG 21:17:09.499] Load DDS texture: Squad/Spaces/Mk1-3/Mk1_3_IvaShell_Diffuse
[LOG 21:17:09.503] Load DDS texture: Squad/Spaces/Mk1-3/Mk1_3_IvaShell_Emissive
[LOG 21:17:09.505] Load DDS texture: Squad/Spaces/Mk1-3/Mk1_3_IvaShell_Normal
[LOG 21:17:09.508] Load DDS texture: Squad/Spaces/Mk1-3/pilot Seat
[LOG 21:17:09.508] Load DDS texture: Squad/Spaces/mk1CabinInternal/Cabin_Lightmap
[LOG 21:17:09.509] Load DDS texture: Squad/Spaces/mk1CabinInternal/CockpitGeneric
[LOG 21:17:09.509] Load DDS texture: Squad/Spaces/mk1CabinInternal/CockpitGeneric_NRM
[LOG 21:17:09.509] Load DDS texture: Squad/Spaces/mk1CockpitInternal/CockpitGeneric
[LOG 21:17:09.509] Load DDS texture: Squad/Spaces/mk1CockpitInternal/CockpitGeneric_NRM
[LOG 21:17:09.509] Load DDS texture: Squad/Spaces/mk1CockpitInternal/IVAMAP
[LOG 21:17:09.509] Load DDS texture: Squad/Spaces/mk1CockpitInternal/Windows
[LOG 21:17:09.510] Load DDS texture: Squad/Spaces/mk1InlineInternal/Canopy
[LOG 21:17:09.510] Load DDS texture: Squad/Spaces/mk1InlineInternal/CockpitGeneric
[LOG 21:17:09.510] Load DDS texture: Squad/Spaces/mk1InlineInternal/CockpitGeneric_NRM
[LOG 21:17:09.510] Load DDS texture: Squad/Spaces/mk1InlineInternal/Mk1Inline_Lightmap
[LOG 21:17:09.510] Load DDS texture: Squad/Spaces/mk1PodCockpit/model000
[LOG 21:17:09.511] Load DDS texture: Squad/Spaces/mk1PodCockpit/model001
[LOG 21:17:09.513] Load DDS texture: Squad/Spaces/mk1PodCockpit/model002
[LOG 21:17:09.514] Load DDS texture: Squad/Spaces/mk1PodCockpit/model003
[LOG 21:17:09.515] Load DDS texture: Squad/Spaces/mk1PodCockpit/model004
[LOG 21:17:09.518] Load DDS texture: Squad/Spaces/mk1PodCockpit/model005
[LOG 21:17:09.518] Load DDS texture: Squad/Spaces/mk1PodCockpit/model006
[LOG 21:17:09.519] Load DDS texture: Squad/Spaces/mk1PodCockpit/model007
[LOG 21:17:09.519] Load DDS texture: Squad/Spaces/mk1pod_IVA/mk1pod_iva_props_diffuse
[LOG 21:17:09.522] Load DDS texture: Squad/Spaces/mk1pod_IVA/mk1pod_iva_props_emissive
[LOG 21:17:09.524] Load DDS texture: Squad/Spaces/mk1pod_IVA/mk1pod_iva_props_normal
[LOG 21:17:09.527] Load DDS texture: Squad/Spaces/mk1pod_IVA/mk1pod_iva_shell_diffuse
[LOG 21:17:09.533] Load DDS texture: Squad/Spaces/mk1pod_IVA/mk1pod_iva_shell_normal
[LOG 21:17:09.536] Load MBM texture: Squad/Spaces/mk1pod_IVA/pilot Seat
[LOG 21:17:09.574] Load DDS texture: Squad/Spaces/mk2CockpitStandardInternal/CargoBagA
[LOG 21:17:09.574] Load DDS texture: Squad/Spaces/mk2CockpitStandardInternal/Mk2StandardIVA
[LOG 21:17:09.575] Load DDS texture: Squad/Spaces/mk2CockpitStandardInternal/Pilotseat
[LOG 21:17:09.575] Load DDS texture: Squad/Spaces/mk2CockpitStandardInternal/Windows
[LOG 21:17:09.575] Load DDS texture: Squad/Spaces/Mk2CrewCabinInternal/CargoBagA
[LOG 21:17:09.575] Load DDS texture: Squad/Spaces/Mk2CrewCabinInternal/Glass
[LOG 21:17:09.575] Load DDS texture: Squad/Spaces/Mk2CrewCabinInternal/Mk2StandardIVA
[LOG 21:17:09.575] Load DDS texture: Squad/Spaces/Mk2CrewCabinInternal/Pilotseat
[LOG 21:17:09.575] Load DDS texture: Squad/Spaces/mk2InlineInternal/CockpitGeneric
[LOG 21:17:09.575] Load DDS texture: Squad/Spaces/mk2InlineInternal/CockpitGeneric_NRM
[LOG 21:17:09.576] Load DDS texture: Squad/Spaces/mk2InlineInternal/Mk2InlineLightmap
[LOG 21:17:09.576] Load DDS texture: Squad/Spaces/mk2InlineInternal/propsGeneric
[LOG 21:17:09.577] Load DDS texture: Squad/Spaces/mk2LanderCanInternal/mk2LanderCan_props_diffuse
[LOG 21:17:09.581] Load DDS texture: Squad/Spaces/mk2LanderCanInternal/mk2LanderCan_props_normal
[LOG 21:17:09.585] Load DDS texture: Squad/Spaces/mk2LanderCanInternal/mk2LanderCan_shell_diffuse
[LOG 21:17:09.589] Load DDS texture: Squad/Spaces/mk2LanderCanInternal/mk2LanderCan_shell_normal
[LOG 21:17:09.593] Load MBM texture: Squad/Spaces/mk2LanderCanInternal/pilot Seat
[LOG 21:17:09.624] Load DDS texture: Squad/Spaces/MK3CockpitInternal/Glass
[LOG 21:17:09.625] Load DDS texture: Squad/Spaces/MK3CockpitInternal/Mk2StandardIVA
[LOG 21:17:09.625] Load DDS texture: Squad/Spaces/MK3_CrewCab_Int/Glass
[LOG 21:17:09.625] Load DDS texture: Squad/Spaces/MK3_CrewCab_Int/GlassMK3CC
[LOG 21:17:09.625] Load DDS texture: Squad/Spaces/MK3_CrewCab_Int/Mk2StandardIVA
[LOG 21:17:09.625] Load DDS texture: Squad/Spaces/MK3_CrewCab_Int/MK3_CrewCab_Int
[LOG 21:17:09.626] Load DDS texture: Squad/Spaces/MK3_CrewCab_Int/MK3_CrewCab_Int_n
[LOG 21:17:09.626] Load DDS texture: Squad/Spaces/MK3_CrewCab_Int/Pilotseat
[LOG 21:17:09.626] Load DDS texture: Squad/Spaces/Placeholder/PlaceholderIVA
[LOG 21:17:09.626] Load DDS texture: Squad/Spaces/PodCockpit/model000
[LOG 21:17:09.627] Load DDS texture: Squad/Spaces/PodCockpit/model001
[LOG 21:17:09.627] Load DDS texture: Squad/Spaces/PodCockpit/model002
[LOG 21:17:09.628] Load DDS texture: Squad/Spaces/PodCockpit/model003
[LOG 21:17:09.628] Load DDS texture: Squad/Spaces/PodCockpit/model004
[LOG 21:17:09.629] Load DDS texture: Squad/Spaces/PodCockpit/model005
[LOG 21:17:09.630] Load DDS texture: Squad/Spaces/PodCockpit/model006
[LOG 21:17:09.630] Load DDS texture: Squad/Spaces/PodCockpit/model007
[LOG 21:17:09.631] Load DDS texture: Squad/Spaces/sharedAssets/CockpitGeneric
[LOG 21:17:09.631] Load DDS texture: Squad/Spaces/sharedAssets/CockpitGeneric_NRM
[LOG 21:17:09.632] Load Cached PNG Texture: Squad/Strategies/Icons/AggressiveNegotiations
[LOG 21:17:09.632] Load Cached PNG Texture: Squad/Strategies/Icons/AppreciationCampaign
[LOG 21:17:09.633] Load Cached PNG Texture: Squad/Strategies/Icons/BailOutGrant
[LOG 21:17:09.633] Load Cached PNG Texture: Squad/Strategies/Icons/FundraisingCampaign
[LOG 21:17:09.633] Load Cached PNG Texture: Squad/Strategies/Icons/LeadershipInitiative
[LOG 21:17:09.633] Load Cached PNG Texture: Squad/Strategies/Icons/OpenSourceTechProgram
[LOG 21:17:09.633] Load Cached PNG Texture: Squad/Strategies/Icons/OutsourcedResearch
[LOG 21:17:09.633] Load Cached PNG Texture: Squad/Strategies/Icons/PatentsLicensing
[LOG 21:17:09.633] Load Cached PNG Texture: Squad/Strategies/Icons/RecoveryTransponderFitting
[LOG 21:17:09.633] Load Cached PNG Texture: Squad/Strategies/Icons/ResearchRightsSellOut
[LOG 21:17:09.633] Load Cached PNG Texture: Squad/Strategies/Icons/UnpaidResearchProgram
[LOG 21:17:09.633] Load Cached PNG Texture: Squad/Tutorials/ChuteColors
[LOG 21:17:09.633] Load DDS texture: Squad/Tutorials/EditorCoM
[LOG 21:17:09.633] Load Cached PNG Texture: Squad/Tutorials/EditorSnap
[LOG 21:17:09.633] Load Cached PNG Texture: Squad/Tutorials/EditorSnap4x
[LOG 21:17:09.633] Load Cached PNG Texture: Squad/Tutorials/EditorSymm
[LOG 21:17:09.633] Load Cached PNG Texture: Squad/Tutorials/StagingStack
[LOG 21:17:09.633] Load PNG texture: Squad/Tutorials/YPRDiagram
[WRN 21:17:09.634] Texture isn't eligible for DXT compression, width and height must be multiples of 4
[LOG 21:17:09.634] Load Cached PNG Texture: SquadExpansion/MakingHistory/Banners/Fail/default
[LOG 21:17:09.634] Load Cached PNG Texture: SquadExpansion/MakingHistory/Banners/Fail/fail01
[LOG 21:17:09.634] Load Cached PNG Texture: SquadExpansion/MakingHistory/Banners/Fail/fail02
[LOG 21:17:09.634] Load PNG texture: SquadExpansion/MakingHistory/Banners/Menu/default
[WRN 21:17:09.636] Texture isn't eligible for DXT compression, width and height must be multiples of 4
[LOG 21:17:09.636] Load PNG texture: SquadExpansion/MakingHistory/Banners/Menu/MBanner_01
[WRN 21:17:09.641] Texture isn't eligible for DXT compression, width and height must be multiples of 4
[LOG 21:17:09.641] Load PNG texture: SquadExpansion/MakingHistory/Banners/Menu/MBanner_02
[WRN 21:17:09.646] Texture isn't eligible for DXT compression, width and height must be multiples of 4
[LOG 21:17:09.646] Load PNG texture: SquadExpansion/MakingHistory/Banners/Menu/MBanner_03
[WRN 21:17:09.649] Texture isn't eligible for DXT compression, width and height must be multiples of 4
[LOG 21:17:09.649] Load Cached PNG Texture: SquadExpansion/MakingHistory/Banners/Success/default
[LOG 21:17:09.649] Load Cached PNG Texture: SquadExpansion/MakingHistory/Banners/Success/success01
[LOG 21:17:09.649] Load Cached PNG Texture: SquadExpansion/MakingHistory/Banners/Success/success02
[LOG 21:17:09.649] Load Cached PNG Texture: SquadExpansion/MakingHistory/Missions/Acapello 13/Banners/Fail/fail01
[LOG 21:17:09.649] Load PNG texture: SquadExpansion/MakingHistory/Missions/Acapello 13/Banners/Menu/Mun
[WRN 21:17:09.651] Texture isn't eligible for DXT compression, width and height must be multiples of 4
[LOG 21:17:09.651] Load Cached PNG Texture: SquadExpansion/MakingHistory/Missions/Acapello 13/Banners/Success/success01
[LOG 21:17:09.651] Load Cached PNG Texture: SquadExpansion/MakingHistory/Missions/Acapello 15/Banners/Fail/default
[LOG 21:17:09.652] Load Cached PNG Texture: SquadExpansion/MakingHistory/Missions/Acapello 15/Banners/Fail/fail02
[LOG 21:17:09.652] Load PNG texture: SquadExpansion/MakingHistory/Missions/Acapello 15/Banners/Menu/default
[WRN 21:17:09.654] Texture isn't eligible for DXT compression, width and height must be multiples of 4
[LOG 21:17:09.654] Load Cached PNG Texture: SquadExpansion/MakingHistory/Missions/Acapello 15/Banners/Success/default
[LOG 21:17:09.654] Load Cached PNG Texture: SquadExpansion/MakingHistory/Missions/Blue Mun/Banners/Fail/fail01
[LOG 21:17:09.654] Load PNG texture: SquadExpansion/MakingHistory/Missions/Blue Mun/Banners/Menu/default
[WRN 21:17:09.658] Texture isn't eligible for DXT compression, width and height must be multiples of 4
[LOG 21:17:09.658] Load Cached PNG Texture: SquadExpansion/MakingHistory/Missions/Blue Mun/Banners/Success/success02
[LOG 21:17:09.658] Load Cached PNG Texture: SquadExpansion/MakingHistory/Missions/Dawn of the Space Age/Banners/Fail/default
[LOG 21:17:09.658] Load PNG texture: SquadExpansion/MakingHistory/Missions/Dawn of the Space Age/Banners/Menu/default
[WRN 21:17:09.660] Texture isn't eligible for DXT compression, width and height must be multiples of 4
[LOG 21:17:09.660] Load Cached PNG Texture: SquadExpansion/MakingHistory/Missions/Dawn of the Space Age/Banners/Success/default
[LOG 21:17:09.660] Load Cached PNG Texture: SquadExpansion/MakingHistory/Missions/Meet Me in Zero G/Banners/Fail/default
[LOG 21:17:09.660] Load Cached PNG Texture: SquadExpansion/MakingHistory/Missions/Meet Me in Zero G/Banners/Fail/fail01
[LOG 21:17:09.660] Load PNG texture: SquadExpansion/MakingHistory/Missions/Meet Me in Zero G/Banners/Menu/default
[WRN 21:17:09.663] Texture isn't eligible for DXT compression, width and height must be multiples of 4
[LOG 21:17:09.663] Load Cached PNG Texture: SquadExpansion/MakingHistory/Missions/Meet Me in Zero G/Banners/Success/default
[LOG 21:17:09.663] Load Cached PNG Texture: SquadExpansion/MakingHistory/Missions/Meet Me in Zero G/Banners/Success/success02
[LOG 21:17:09.663] Load Cached PNG Texture: SquadExpansion/MakingHistory/Missions/Munar 1/Banners/Fail/default
[LOG 21:17:09.663] Load Cached PNG Texture: SquadExpansion/MakingHistory/Missions/Munar 1/Banners/Fail/fail02
[LOG 21:17:09.663] Load PNG texture: SquadExpansion/MakingHistory/Missions/Munar 1/Banners/Menu/default
[WRN 21:17:09.665] Texture isn't eligible for DXT compression, width and height must be multiples of 4
[LOG 21:17:09.665] Load Cached PNG Texture: SquadExpansion/MakingHistory/Missions/Munar 1/Banners/Success/default
[LOG 21:17:09.665] Load Cached PNG Texture: SquadExpansion/MakingHistory/Missions/Munar 1/Banners/Success/success01
[LOG 21:17:09.665] Load Cached PNG Texture: SquadExpansion/MakingHistory/Missions/Sally-Hut 1/Banners/Fail/default
[LOG 21:17:09.665] Load Cached PNG Texture: SquadExpansion/MakingHistory/Missions/Sally-Hut 1/Banners/Fail/fail01
[LOG 21:17:09.666] Load Cached PNG Texture: SquadExpansion/MakingHistory/Missions/Sally-Hut 1/Banners/Menu/bannerSatellite
[LOG 21:17:09.666] Load Cached PNG Texture: SquadExpansion/MakingHistory/Missions/Sally-Hut 1/Banners/Success/default
[LOG 21:17:09.666] Load Cached PNG Texture: SquadExpansion/MakingHistory/Missions/Sally-Hut 1/Banners/Success/success02
[LOG 21:17:09.666] Load Cached PNG Texture: SquadExpansion/MakingHistory/Missions/To the Mun Via Minmus/Banners/Fail/fail02
[LOG 21:17:09.666] Load PNG texture: SquadExpansion/MakingHistory/Missions/To the Mun Via Minmus/Banners/Menu/MissionBannerKerbin
[WRN 21:17:09.668] Texture isn't eligible for DXT compression, width and height must be multiples of 4
[LOG 21:17:09.668] Load Cached PNG Texture: SquadExpansion/MakingHistory/Missions/To the Mun Via Minmus/Banners/Success/success01
[LOG 21:17:09.668] Load Cached PNG Texture: SquadExpansion/MakingHistory/Missions/Trouble in the Void/Banners/Fail/fail01
[LOG 21:17:09.668] Load PNG texture: SquadExpansion/MakingHistory/Missions/Trouble in the Void/Banners/Menu/default
[WRN 21:17:09.671] Texture isn't eligible for DXT compression, width and height must be multiples of 4
[LOG 21:17:09.671] Load Cached PNG Texture: SquadExpansion/MakingHistory/Missions/Trouble in the Void/Banners/Success/success02
[LOG 21:17:09.671] Load Cached PNG Texture: SquadExpansion/MakingHistory/Missions/Ziggy Kerman and the Spiders from Duna/Banners/Fail/fail02
[LOG 21:17:09.671] Load Cached PNG Texture: SquadExpansion/MakingHistory/Missions/Ziggy Kerman and the Spiders from Duna/Banners/Menu/bannerSatellite
[LOG 21:17:09.671] Load Cached PNG Texture: SquadExpansion/MakingHistory/Missions/Ziggy Kerman and the Spiders from Duna/Banners/Success/success01
[LOG 21:17:09.671] Load Cached PNG Texture: SquadExpansion/MakingHistory/Parts/@thumbs/Decoupler.1p5_icon0
[LOG 21:17:09.671] Load Cached PNG Texture: SquadExpansion/MakingHistory/Parts/@thumbs/Decoupler.1p5_icon1
[LOG 21:17:09.671] Load Cached PNG Texture: SquadExpansion/MakingHistory/Parts/@thumbs/EquiTriangle0_icon0
[LOG 21:17:09.671] Load Cached PNG Texture: SquadExpansion/MakingHistory/Parts/@thumbs/EquiTriangle0_icon1
[LOG 21:17:09.671] Load Cached PNG Texture: SquadExpansion/MakingHistory/Parts/@thumbs/EquiTriangle0_icon2
[LOG 21:17:09.671] Load Cached PNG Texture: SquadExpansion/MakingHistory/Parts/@thumbs/EquiTriangle0_icon3
[LOG 21:17:09.671] Load Cached PNG Texture: SquadExpansion/MakingHistory/Parts/@thumbs/EquiTriangle1p5_icon0
[LOG 21:17:09.671] Load Cached PNG Texture: SquadExpansion/MakingHistory/Parts/@thumbs/EquiTriangle1p5_icon1
[LOG 21:17:09.671] Load Cached PNG Texture: SquadExpansion/MakingHistory/Parts/@thumbs/EquiTriangle1p5_icon2
[LOG 21:17:09.671] Load Cached PNG Texture: SquadExpansion/MakingHistory/Parts/@thumbs/EquiTriangle1p5_icon3
[LOG 21:17:09.671] Load Cached PNG Texture: SquadExpansion/MakingHistory/Parts/@thumbs/EquiTriangle1_icon0
[LOG 21:17:09.671] Load Cached PNG Texture: SquadExpansion/MakingHistory/Parts/@thumbs/EquiTriangle1_icon1
[LOG 21:17:09.671] Load Cached PNG Texture: SquadExpansion/MakingHistory/Parts/@thumbs/EquiTriangle1_icon2
[LOG 21:17:09.671] Load Cached PNG Texture: SquadExpansion/MakingHistory/Parts/@thumbs/EquiTriangle1_icon3
[LOG 21:17:09.671] Load Cached PNG Texture: SquadExpansion/MakingHistory/Parts/@thumbs/EquiTriangle2_icon0
[LOG 21:17:09.671] Load Cached PNG Texture: SquadExpansion/MakingHistory/Parts/@thumbs/EquiTriangle2_icon1
[LOG 21:17:09.671] Load Cached PNG Texture: SquadExpansion/MakingHistory/Parts/@thumbs/EquiTriangle2_icon2
[LOG 21:17:09.671] Load Cached PNG Texture: SquadExpansion/MakingHistory/Parts/@thumbs/EquiTriangle2_icon3
[LOG 21:17:09.671] Load Cached PNG Texture: SquadExpansion/MakingHistory/Parts/@thumbs/HeatShield1p5_icon
[LOG 21:17:09.671] Load Cached PNG Texture: SquadExpansion/MakingHistory/Parts/@thumbs/InflatableAirlock_icon
[LOG 21:17:09.671] Load Cached PNG Texture: SquadExpansion/MakingHistory/Parts/@thumbs/LiquidEngineRV-1_icon
[LOG 21:17:09.673] Load Cached PNG Texture: SquadExpansion/MakingHistory/Parts/@thumbs/monopropMiniSphere_icon
[LOG 21:17:09.673] Load Cached PNG Texture: SquadExpansion/MakingHistory/Parts/@thumbs/Panel0_icon0
[LOG 21:17:09.673] Load Cached PNG Texture: SquadExpansion/MakingHistory/Parts/@thumbs/Panel0_icon1
[LOG 21:17:09.673] Load Cached PNG Texture: SquadExpansion/MakingHistory/Parts/@thumbs/Panel0_icon2
[LOG 21:17:09.673] Load Cached PNG Texture: SquadExpansion/MakingHistory/Parts/@thumbs/Panel0_icon3
[LOG 21:17:09.673] Load Cached PNG Texture: SquadExpansion/MakingHistory/Parts/@thumbs/Panel1p5_icon0
[LOG 21:17:09.673] Load Cached PNG Texture: SquadExpansion/MakingHistory/Parts/@thumbs/Panel1p5_icon1
[LOG 21:17:09.673] Load Cached PNG Texture: SquadExpansion/MakingHistory/Parts/@thumbs/Panel1p5_icon2
[LOG 21:17:09.673] Load Cached PNG Texture: SquadExpansion/MakingHistory/Parts/@thumbs/Panel1p5_icon3
[LOG 21:17:09.676] Load Cached PNG Texture: SquadExpansion/MakingHistory/Parts/@thumbs/Panel1_icon0
[LOG 21:17:09.676] Load Cached PNG Texture: SquadExpansion/MakingHistory/Parts/@thumbs/Panel1_icon1
[LOG 21:17:09.676] Load Cached PNG Texture: SquadExpansion/MakingHistory/Parts/@thumbs/Panel1_icon2
[LOG 21:17:09.676] Load Cached PNG Texture: SquadExpansion/MakingHistory/Parts/@thumbs/Panel1_icon3
[LOG 21:17:09.676] Load Cached PNG Texture: SquadExpansion/MakingHistory/Parts/@thumbs/roverWheelM1-F_icon0
[LOG 21:17:09.676] Load Cached PNG Texture: SquadExpansion/MakingHistory/Parts/@thumbs/roverWheelM1-F_icon1
[LOG 21:17:09.676] Load Cached PNG Texture: SquadExpansion/MakingHistory/Parts/@thumbs/Separator.1p5_icon0
[LOG 21:17:09.677] Load Cached PNG Texture: SquadExpansion/MakingHistory/Parts/@thumbs/Separator.1p5_icon1
[LOG 21:17:09.677] Load Cached PNG Texture: SquadExpansion/MakingHistory/Parts/@thumbs/Size1p5.Strut.Decoupler_icon0
[LOG 21:17:09.677] Load Cached PNG Texture: SquadExpansion/MakingHistory/Parts/@thumbs/Size1p5.Strut.Decoupler_icon1
[LOG 21:17:09.677] Load Cached PNG Texture: SquadExpansion/MakingHistory/Parts/@thumbs/Size1p5.Tank.03_icon0
[LOG 21:17:09.677] Load Cached PNG Texture: SquadExpansion/MakingHistory/Parts/@thumbs/Size1p5.Tank.04_icon0
[LOG 21:17:09.677] Load Cached PNG Texture: SquadExpansion/MakingHistory/Parts/@thumbs/Size1to0ServiceModule_icon
[LOG 21:17:09.677] Load Cached PNG Texture: SquadExpansion/MakingHistory/Parts/@thumbs/Triangle0_icon0
[LOG 21:17:09.677] Load Cached PNG Texture: SquadExpansion/MakingHistory/Parts/@thumbs/Triangle0_icon1
[LOG 21:17:09.677] Load Cached PNG Texture: SquadExpansion/MakingHistory/Parts/@thumbs/Triangle0_icon2
[LOG 21:17:09.677] Load Cached PNG Texture: SquadExpansion/MakingHistory/Parts/@thumbs/Triangle0_icon3
[LOG 21:17:09.677] Load Cached PNG Texture: SquadExpansion/MakingHistory/Parts/@thumbs/Triangle1p5_icon0
[LOG 21:17:09.677] Load Cached PNG Texture: SquadExpansion/MakingHistory/Parts/@thumbs/Triangle1p5_icon1
[LOG 21:17:09.677] Load Cached PNG Texture: SquadExpansion/MakingHistory/Parts/@thumbs/Triangle1p5_icon2
[LOG 21:17:09.677] Load Cached PNG Texture: SquadExpansion/MakingHistory/Parts/@thumbs/Triangle1p5_icon3
[LOG 21:17:09.677] Load Cached PNG Texture: SquadExpansion/MakingHistory/Parts/@thumbs/Triangle1_icon0
[LOG 21:17:09.677] Load Cached PNG Texture: SquadExpansion/MakingHistory/Parts/@thumbs/Triangle1_icon1
[LOG 21:17:09.677] Load Cached PNG Texture: SquadExpansion/MakingHistory/Parts/@thumbs/Triangle1_icon2
[LOG 21:17:09.677] Load Cached PNG Texture: SquadExpansion/MakingHistory/Parts/@thumbs/Triangle1_icon3
[LOG 21:17:09.677] Load Cached PNG Texture: SquadExpansion/MakingHistory/Parts/@thumbs/Triangle2_icon0
[LOG 21:17:09.677] Load Cached PNG Texture: SquadExpansion/MakingHistory/Parts/@thumbs/Triangle2_icon1
[LOG 21:17:09.677] Load Cached PNG Texture: SquadExpansion/MakingHistory/Parts/@thumbs/Triangle2_icon2
[LOG 21:17:09.677] Load Cached PNG Texture: SquadExpansion/MakingHistory/Parts/@thumbs/Triangle2_icon3
[LOG 21:17:09.677] Load Cached PNG Texture: SquadExpansion/MakingHistory/Parts/@thumbs/Tube1_icon0
[LOG 21:17:09.677] Load Cached PNG Texture: SquadExpansion/MakingHistory/Parts/@thumbs/Tube1_icon1
[LOG 21:17:09.678] Load Cached PNG Texture: SquadExpansion/MakingHistory/Parts/@thumbs/Tube1_icon2
[LOG 21:17:09.678] Load Cached PNG Texture: SquadExpansion/MakingHistory/Parts/@thumbs/Tube1_icon3
[LOG 21:17:09.678] Load Cached PNG Texture: SquadExpansion/MakingHistory/Parts/@thumbs/Tube1_icon4
[LOG 21:17:09.678] Load Cached PNG Texture: SquadExpansion/MakingHistory/Parts/Aero/protectiveRocketNoseMk5A/s1p5_cone
[LOG 21:17:09.678] Load Cached PNG Texture: SquadExpansion/MakingHistory/Parts/Aero/protectiveRocketNoseMk5A/s1p5_cone_Orange
[LOG 21:17:09.678] Load DDS texture: SquadExpansion/MakingHistory/Parts/Coupling/Assets/airlock
[LOG 21:17:09.678] Load DDS texture: SquadExpansion/MakingHistory/Parts/Coupling/Assets/airlock_N
[LOG 21:17:09.679] Load DDS texture: SquadExpansion/MakingHistory/Parts/Coupling/Assets/EnginePlate
[LOG 21:17:09.679] Load DDS texture: SquadExpansion/MakingHistory/Parts/Coupling/Assets/Size1_5_Decoupler_grey
[LOG 21:17:09.679] Load DDS texture: SquadExpansion/MakingHistory/Parts/Coupling/Assets/Size1_5_Decoupler_orange
[LOG 21:17:09.679] Load DDS texture: SquadExpansion/MakingHistory/Parts/Engine/Assets/KE-1
[LOG 21:17:09.679] Load DDS texture: SquadExpansion/MakingHistory/Parts/Engine/Assets/KE-1_BASE
[LOG 21:17:09.680] Load DDS texture: SquadExpansion/MakingHistory/Parts/Engine/Assets/LV-T87
[LOG 21:17:09.681] Load DDS texture: SquadExpansion/MakingHistory/Parts/Engine/Assets/LV-T91
[LOG 21:17:09.682] Load DDS texture: SquadExpansion/MakingHistory/Parts/Engine/Assets/RE-I2
[LOG 21:17:09.683] Load DDS texture: SquadExpansion/MakingHistory/Parts/Engine/Assets/RE-J10
[LOG 21:17:09.684] Load DDS texture: SquadExpansion/MakingHistory/Parts/Engine/Assets/RE-J10_N
[LOG 21:17:09.685] Load DDS texture: SquadExpansion/MakingHistory/Parts/Engine/Assets/RK-7
[LOG 21:17:09.687] Load DDS texture: SquadExpansion/MakingHistory/Parts/Engine/Assets/RK-7_N
[LOG 21:17:09.687] Load DDS texture: SquadExpansion/MakingHistory/Parts/Engine/solidBoosterTHK/SolidBoosterS2-17_emissive
[LOG 21:17:09.690] Load DDS texture: SquadExpansion/MakingHistory/Parts/Engine/solidBoosterTHK/solidBoosterTHK_diffuse
[LOG 21:17:09.697] Load DDS texture: SquadExpansion/MakingHistory/Parts/FuelTank/Assets/Size1p5_02
[LOG 21:17:09.697] Load DDS texture: SquadExpansion/MakingHistory/Parts/FuelTank/Assets/Size1p5_02_ALT01
[LOG 21:17:09.698] Load DDS texture: SquadExpansion/MakingHistory/Parts/FuelTank/Assets/Size1p5_02_ALT02
[LOG 21:17:09.698] Load DDS texture: SquadExpansion/MakingHistory/Parts/FuelTank/Assets/Size1p5_02_ALT02_normal
[LOG 21:17:09.699] Load DDS texture: SquadExpansion/MakingHistory/Parts/FuelTank/Assets/Size1p5_mono
[LOG 21:17:09.699] Load DDS texture: SquadExpansion/MakingHistory/Parts/FuelTank/Assets/Size1p5_mono_2
[LOG 21:17:09.700] Load DDS texture: SquadExpansion/MakingHistory/Parts/FuelTank/Assets/Size1p5_mono_N
[LOG 21:17:09.701] Load DDS texture: SquadExpansion/MakingHistory/Parts/FuelTank/Assets/Size1_5_TankAdapters
[LOG 21:17:09.701] Load DDS texture: SquadExpansion/MakingHistory/Parts/FuelTank/Assets/Size1_5_TankAdapters_ALT01
[LOG 21:17:09.702] Load DDS texture: SquadExpansion/MakingHistory/Parts/FuelTank/Assets/Size1_5_TankAdapters_ALT02
[LOG 21:17:09.702] Load DDS texture: SquadExpansion/MakingHistory/Parts/FuelTank/Assets/Size1_5_TankAdapters_ALT02nm
[LOG 21:17:09.703] Load DDS texture: SquadExpansion/MakingHistory/Parts/FuelTank/Assets/Size1_5_TankAdapters_N
[LOG 21:17:09.703] Load DDS texture: SquadExpansion/MakingHistory/Parts/FuelTank/Assets/Size1_5_Tanks
[LOG 21:17:09.705] Load DDS texture: SquadExpansion/MakingHistory/Parts/FuelTank/Assets/Size1_5_Tanks_ALT02
[LOG 21:17:09.706] Load DDS texture: SquadExpansion/MakingHistory/Parts/FuelTank/Assets/Size1_5_Tanks_ALT02_nm
[LOG 21:17:09.707] Load DDS texture: SquadExpansion/MakingHistory/Parts/FuelTank/Assets/Size1_5_Tanks_grey
[LOG 21:17:09.707] Load DDS texture: SquadExpansion/MakingHistory/Parts/FuelTank/Assets/Size4_Tanks
[LOG 21:17:09.711] Load DDS texture: SquadExpansion/MakingHistory/Parts/FuelTank/Assets/Size4_Tanks_N
[LOG 21:17:09.715] Load DDS texture: SquadExpansion/MakingHistory/Parts/Ground/Assets/RoverWheel
[LOG 21:17:09.716] Load DDS texture: SquadExpansion/MakingHistory/Parts/Ground/Assets/RoverWheelG
[LOG 21:17:09.716] Load DDS texture: SquadExpansion/MakingHistory/Parts/Payload/Assets/Size1to0ServiceBay
[LOG 21:17:09.717] Load DDS texture: SquadExpansion/MakingHistory/Parts/Payload/Assets/Size1to0ServiceBay_n
[LOG 21:17:09.717] Load DDS texture: SquadExpansion/MakingHistory/Parts/Payload/Assets/SM18_diffuse
[LOG 21:17:09.720] Load Cached PNG Texture: SquadExpansion/MakingHistory/Parts/Payload/Assets/SM18_NRM
[LOG 21:17:09.724] Load DDS texture: SquadExpansion/MakingHistory/Parts/Payload/Assets/SM18_specular
[LOG 21:17:09.731] Load DDS texture: SquadExpansion/MakingHistory/Parts/Payload/Assets/SM25_diffuse
[LOG 21:17:09.732] Load DDS texture: SquadExpansion/MakingHistory/Parts/Payload/Assets/SM25_normals
[LOG 21:17:09.732] Load DDS texture: SquadExpansion/MakingHistory/Parts/Pods/Assets/KV1
[LOG 21:17:09.734] Load DDS texture: SquadExpansion/MakingHistory/Parts/Pods/Assets/KV1_GLOW
[LOG 21:17:09.735] Load DDS texture: SquadExpansion/MakingHistory/Parts/Pods/Assets/KV2
[LOG 21:17:09.735] Load DDS texture: SquadExpansion/MakingHistory/Parts/Pods/Assets/KV3
[LOG 21:17:09.735] Load DDS texture: SquadExpansion/MakingHistory/Parts/Pods/Assets/Mk2Pod
[LOG 21:17:09.736] Load DDS texture: SquadExpansion/MakingHistory/Parts/Pods/Assets/Mk2Pod_GLOW
[LOG 21:17:09.737] Load DDS texture: SquadExpansion/MakingHistory/Parts/Pods/Assets/Mk2Pod_n
[LOG 21:17:09.738] Load DDS texture: SquadExpansion/MakingHistory/Parts/Pods/Assets/Size1_5_Lander
[LOG 21:17:09.738] Load DDS texture: SquadExpansion/MakingHistory/Parts/Pods/Assets/Size1_5_Lander_GLOW
[LOG 21:17:09.739] Load DDS texture: SquadExpansion/MakingHistory/Parts/SharedAssets/Shrouds
[LOG 21:17:09.740] Load DDS texture: SquadExpansion/MakingHistory/Parts/SharedAssets/Shrouds_N
[LOG 21:17:09.741] Load DDS texture: SquadExpansion/MakingHistory/Parts/Structural/Assets/NormalMap
[LOG 21:17:09.741] Load DDS texture: SquadExpansion/MakingHistory/Parts/Structural/Assets/Panels
[LOG 21:17:09.743] Load DDS texture: SquadExpansion/MakingHistory/Parts/Structural/Assets/Panels_Dark_D
[LOG 21:17:09.745] Load DDS texture: SquadExpansion/MakingHistory/Parts/Structural/Assets/Panels_Gold_D
[LOG 21:17:09.747] Load Cached PNG Texture: SquadExpansion/MakingHistory/Parts/Structural/Assets/Panels_Gold_NRM
[LOG 21:17:09.749] Load DDS texture: SquadExpansion/MakingHistory/Parts/Structural/Assets/Panels_Gold_S
[LOG 21:17:09.751] Load DDS texture: SquadExpansion/MakingHistory/Parts/Structural/Assets/Panels_Silver_D
[LOG 21:17:09.752] Load DDS texture: SquadExpansion/MakingHistory/Parts/Structural/Assets/Panels_Silver_S
[LOG 21:17:09.754] Load Cached PNG Texture: SquadExpansion/MakingHistory/Ships/@thumbs/VAB/Acapello
[LOG 21:17:09.755] Load Cached PNG Texture: SquadExpansion/MakingHistory/Ships/@thumbs/VAB/Beta Centaurus
[LOG 21:17:09.755] Load Cached PNG Texture: SquadExpansion/MakingHistory/Ships/@thumbs/VAB/Goliath II HLV
[LOG 21:17:09.755] Load Cached PNG Texture: SquadExpansion/MakingHistory/Ships/@thumbs/VAB/Muna 1
[LOG 21:17:09.755] Load Cached PNG Texture: SquadExpansion/MakingHistory/Ships/@thumbs/VAB/Sally-Hut 1
[LOG 21:17:09.755] Load Cached PNG Texture: SquadExpansion/MakingHistory/Ships/@thumbs/VAB/SWM-94 Communications Satellite
[LOG 21:17:09.755] Load Cached PNG Texture: SquadExpansion/MakingHistory/Ships/@thumbs/VAB/Valshkod 2
[LOG 21:17:09.755] Load DDS texture: SquadExpansion/MakingHistory/Spaces/KVPods/airlock
[LOG 21:17:09.755] Load DDS texture: SquadExpansion/MakingHistory/Spaces/KVPods/airlock_N
[LOG 21:17:09.755] Load DDS texture: SquadExpansion/MakingHistory/Spaces/KVPods/KV1_Props_Diffuse
[LOG 21:17:09.759] Load DDS texture: SquadExpansion/MakingHistory/Spaces/KVPods/KV1_Props_Normal
[LOG 21:17:09.767] Load DDS texture: SquadExpansion/MakingHistory/Spaces/KVPods/KV1_Shell_Diffuse
[LOG 21:17:09.772] Load DDS texture: SquadExpansion/MakingHistory/Spaces/KVPods/KV1_Shell_Emissive
[LOG 21:17:09.773] Load DDS texture: SquadExpansion/MakingHistory/Spaces/KVPods/KV1_Shell_Normal
[LOG 21:17:09.784] Load DDS texture: SquadExpansion/MakingHistory/Spaces/KVPods/KV1_Vzor_Diffuse
[LOG 21:17:09.785] Load DDS texture: SquadExpansion/MakingHistory/Spaces/KVPods/KV2_Props_Diffuse
[LOG 21:17:09.788] Load DDS texture: SquadExpansion/MakingHistory/Spaces/KVPods/KV2_Props_Emissive
[LOG 21:17:09.793] Load DDS texture: SquadExpansion/MakingHistory/Spaces/KVPods/KV2_Props_Normal
[LOG 21:17:09.807] Load DDS texture: SquadExpansion/MakingHistory/Spaces/KVPods/KV2_Shell_Diffuse
[LOG 21:17:09.810] Load DDS texture: SquadExpansion/MakingHistory/Spaces/KVPods/KV2_Shell_Normal
[LOG 21:17:09.815] Load DDS texture: SquadExpansion/MakingHistory/Spaces/KVPods/KV3_Props_Diffuse
[LOG 21:17:09.819] Load DDS texture: SquadExpansion/MakingHistory/Spaces/KVPods/KV3_Props_Normal
[LOG 21:17:09.822] Load DDS texture: SquadExpansion/MakingHistory/Spaces/KVPods/KV3_Shell_Diffuse
[LOG 21:17:09.824] Load DDS texture: SquadExpansion/MakingHistory/Spaces/KVPods/KV3_Shell_Normal
[LOG 21:17:09.829] Load DDS texture: SquadExpansion/MakingHistory/Spaces/KVPods/motor
[LOG 21:17:09.830] Load DDS texture: SquadExpansion/MakingHistory/Spaces/KVPods/pilot Seat
[LOG 21:17:09.830] Load DDS texture: SquadExpansion/MakingHistory/Spaces/MEM/PANELS_AO
[LOG 21:17:09.832] Load DDS texture: SquadExpansion/MakingHistory/Spaces/MEM/PANELS_EMISSIVE
[LOG 21:17:09.835] Load DDS texture: SquadExpansion/MakingHistory/Spaces/MEM/PANELS_NORMAL
[LOG 21:17:09.838] Load DDS texture: SquadExpansion/MakingHistory/Spaces/MEM/pilot Seat
[LOG 21:17:09.840] Load DDS texture: SquadExpansion/MakingHistory/Spaces/MEM/propsGeneric
[LOG 21:17:09.840] Load DDS texture: SquadExpansion/MakingHistory/Spaces/MEM/PROPS_AO
[LOG 21:17:09.842] Load DDS texture: SquadExpansion/MakingHistory/Spaces/MEM/PROPS_EMISSIVE
[LOG 21:17:09.843] Load DDS texture: SquadExpansion/MakingHistory/Spaces/MEM/PROPS_NORMAL
[LOG 21:17:09.846] Load DDS texture: SquadExpansion/MakingHistory/Spaces/Mk2Pod/DIfuse_controlboard
[LOG 21:17:09.849] Load DDS texture: SquadExpansion/MakingHistory/Spaces/Mk2Pod/Normal_controlbard
[LOG 21:17:09.856] Load DDS texture: SquadExpansion/MakingHistory/Spaces/Mk2Pod/Outershell_Base_Color
[LOG 21:17:09.861] Load DDS texture: SquadExpansion/MakingHistory/Spaces/Mk2Pod/Outershell_Normal
[LOG 21:17:09.865] Load DDS texture: SquadExpansion/MakingHistory/Spaces/Mk2Pod/pilot Seat
[LOG 21:17:09.865] Load Cached PNG Texture: SquadExpansion/Serenity/Parts/@thumbs/controller1000_icon
[LOG 21:17:09.866] Load Cached PNG Texture: SquadExpansion/Serenity/Parts/@thumbs/DeployedCentralStation_icon
[LOG 21:17:09.866] Load Cached PNG Texture: SquadExpansion/Serenity/Parts/@thumbs/DeployedGoExOb_icon
[LOG 21:17:09.866] Load Cached PNG Texture: SquadExpansion/Serenity/Parts/@thumbs/DeployedIONExp_icon
[LOG 21:17:09.866] Load Cached PNG Texture: SquadExpansion/Serenity/Parts/@thumbs/DeployedRTG_icon
[LOG 21:17:09.866] Load Cached PNG Texture: SquadExpansion/Serenity/Parts/@thumbs/DeployedSatDish_icon
[LOG 21:17:09.866] Load Cached PNG Texture: SquadExpansion/Serenity/Parts/@thumbs/DeployedSeismicSensor_icon
[LOG 21:17:09.866] Load Cached PNG Texture: SquadExpansion/Serenity/Parts/@thumbs/DeployedSolarPanel_icon
[LOG 21:17:09.866] Load Cached PNG Texture: SquadExpansion/Serenity/Parts/@thumbs/DeployedWeatherStn_icon
[LOG 21:17:09.866] Load Cached PNG Texture: SquadExpansion/Serenity/Parts/@thumbs/FanShroud.01_icon0
[LOG 21:17:09.866] Load Cached PNG Texture: SquadExpansion/Serenity/Parts/@thumbs/FanShroud.01_icon1
[LOG 21:17:09.866] Load Cached PNG Texture: SquadExpansion/Serenity/Parts/@thumbs/FanShroud.02_icon0
[LOG 21:17:09.867] Load Cached PNG Texture: SquadExpansion/Serenity/Parts/@thumbs/FanShroud.02_icon1
[LOG 21:17:09.867] Load Cached PNG Texture: SquadExpansion/Serenity/Parts/@thumbs/hinge.01.s_icon0
[LOG 21:17:09.867] Load Cached PNG Texture: SquadExpansion/Serenity/Parts/@thumbs/hinge.01.s_icon1
[LOG 21:17:09.867] Load Cached PNG Texture: SquadExpansion/Serenity/Parts/@thumbs/hinge.01_icon0
[LOG 21:17:09.867] Load Cached PNG Texture: SquadExpansion/Serenity/Parts/@thumbs/hinge.01_icon1
[LOG 21:17:09.867] Load Cached PNG Texture: SquadExpansion/Serenity/Parts/@thumbs/hinge.03.s_icon0
[LOG 21:17:09.867] Load Cached PNG Texture: SquadExpansion/Serenity/Parts/@thumbs/hinge.03.s_icon1
[LOG 21:17:09.867] Load Cached PNG Texture: SquadExpansion/Serenity/Parts/@thumbs/hinge.03_icon0
[LOG 21:17:09.867] Load Cached PNG Texture: SquadExpansion/Serenity/Parts/@thumbs/hinge.03_icon1
[LOG 21:17:09.867] Load Cached PNG Texture: SquadExpansion/Serenity/Parts/@thumbs/largeFanBlade_icon0
[LOG 21:17:09.867] Load Cached PNG Texture: SquadExpansion/Serenity/Parts/@thumbs/largeFanBlade_icon1
[LOG 21:17:09.867] Load Cached PNG Texture: SquadExpansion/Serenity/Parts/@thumbs/largePropeller_icon0
[LOG 21:17:09.867] Load Cached PNG Texture: SquadExpansion/Serenity/Parts/@thumbs/largePropeller_icon1
[LOG 21:17:09.867] Load Cached PNG Texture: SquadExpansion/Serenity/Parts/@thumbs/lGripPad_icon0
[LOG 21:17:09.867] Load Cached PNG Texture: SquadExpansion/Serenity/Parts/@thumbs/lGripPad_icon1
[LOG 21:17:09.868] Load Cached PNG Texture: SquadExpansion/Serenity/Parts/@thumbs/lGripStrip_icon
[LOG 21:17:09.868] Load Cached PNG Texture: SquadExpansion/Serenity/Parts/@thumbs/mediumFanBlade_icon0
[LOG 21:17:09.868] Load Cached PNG Texture: SquadExpansion/Serenity/Parts/@thumbs/mediumFanBlade_icon1
[LOG 21:17:09.868] Load Cached PNG Texture: SquadExpansion/Serenity/Parts/@thumbs/mediumPropeller_icon0
[LOG 21:17:09.868] Load Cached PNG Texture: SquadExpansion/Serenity/Parts/@thumbs/mediumPropeller_icon1
[LOG 21:17:09.868] Load Cached PNG Texture: SquadExpansion/Serenity/Parts/@thumbs/mGripPad_icon0
[LOG 21:17:09.868] Load Cached PNG Texture: SquadExpansion/Serenity/Parts/@thumbs/mGripPad_icon1
[LOG 21:17:09.868] Load Cached PNG Texture: SquadExpansion/Serenity/Parts/@thumbs/noseconeTiny_icon
[LOG 21:17:09.868] Load Cached PNG Texture: SquadExpansion/Serenity/Parts/@thumbs/noseconeVS_icon
[LOG 21:17:09.868] Load Cached PNG Texture: SquadExpansion/Serenity/Parts/@thumbs/piston.01_icon0
[LOG 21:17:09.868] Load Cached PNG Texture: SquadExpansion/Serenity/Parts/@thumbs/piston.01_icon1
[LOG 21:17:09.868] Load Cached PNG Texture: SquadExpansion/Serenity/Parts/@thumbs/piston.02_icon0
[LOG 21:17:09.868] Load Cached PNG Texture: SquadExpansion/Serenity/Parts/@thumbs/piston.02_icon1
[LOG 21:17:09.868] Load Cached PNG Texture: SquadExpansion/Serenity/Parts/@thumbs/piston.03_icon0
[LOG 21:17:09.868] Load Cached PNG Texture: SquadExpansion/Serenity/Parts/@thumbs/piston.03_icon1
[LOG 21:17:09.868] Load Cached PNG Texture: SquadExpansion/Serenity/Parts/@thumbs/piston.04_icon0
[LOG 21:17:09.868] Load Cached PNG Texture: SquadExpansion/Serenity/Parts/@thumbs/piston.04_icon1
[LOG 21:17:09.868] Load Cached PNG Texture: SquadExpansion/Serenity/Parts/@thumbs/RobotArmScanner.S1_icon
[LOG 21:17:09.868] Load Cached PNG Texture: SquadExpansion/Serenity/Parts/@thumbs/RobotArmScanner.S2_icon
[LOG 21:17:09.869] Load Cached PNG Texture: SquadExpansion/Serenity/Parts/@thumbs/RobotArmScanner.S3_icon
[LOG 21:17:09.869] Load Cached PNG Texture: SquadExpansion/Serenity/Parts/@thumbs/rotor.01s_icon0
[LOG 21:17:09.869] Load Cached PNG Texture: SquadExpansion/Serenity/Parts/@thumbs/rotor.01s_icon1
[LOG 21:17:09.869] Load Cached PNG Texture: SquadExpansion/Serenity/Parts/@thumbs/rotor.01_icon0
[LOG 21:17:09.869] Load Cached PNG Texture: SquadExpansion/Serenity/Parts/@thumbs/rotor.01_icon1
[LOG 21:17:09.869] Load Cached PNG Texture: SquadExpansion/Serenity/Parts/@thumbs/rotor.02s_icon0
[LOG 21:17:09.869] Load Cached PNG Texture: SquadExpansion/Serenity/Parts/@thumbs/rotor.02s_icon1
[LOG 21:17:09.869] Load Cached PNG Texture: SquadExpansion/Serenity/Parts/@thumbs/rotor.02_icon0
[LOG 21:17:09.869] Load Cached PNG Texture: SquadExpansion/Serenity/Parts/@thumbs/rotor.02_icon1
[LOG 21:17:09.869] Load Cached PNG Texture: SquadExpansion/Serenity/Parts/@thumbs/RotorEngine.02_icon
[LOG 21:17:09.869] Load Cached PNG Texture: SquadExpansion/Serenity/Parts/@thumbs/rotoServo.00_icon0
[LOG 21:17:09.869] Load Cached PNG Texture: SquadExpansion/Serenity/Parts/@thumbs/rotoServo.00_icon1
[LOG 21:17:09.869] Load Cached PNG Texture: SquadExpansion/Serenity/Parts/@thumbs/rotoServo.02_icon0
[LOG 21:17:09.869] Load Cached PNG Texture: SquadExpansion/Serenity/Parts/@thumbs/rotoServo.02_icon1
[LOG 21:17:09.869] Load Cached PNG Texture: SquadExpansion/Serenity/Parts/@thumbs/rotoServo.03_icon0
[LOG 21:17:09.869] Load Cached PNG Texture: SquadExpansion/Serenity/Parts/@thumbs/rotoServo.03_icon1
[LOG 21:17:09.869] Load Cached PNG Texture: SquadExpansion/Serenity/Parts/@thumbs/sGripPad_icon0
[LOG 21:17:09.869] Load Cached PNG Texture: SquadExpansion/Serenity/Parts/@thumbs/sGripPad_icon1
[LOG 21:17:09.869] Load Cached PNG Texture: SquadExpansion/Serenity/Parts/@thumbs/sGripStrip_icon
[LOG 21:17:09.869] Load Cached PNG Texture: SquadExpansion/Serenity/Parts/@thumbs/smallFanBlade_icon0
[LOG 21:17:09.869] Load Cached PNG Texture: SquadExpansion/Serenity/Parts/@thumbs/smallFanBlade_icon1
[LOG 21:17:09.869] Load Cached PNG Texture: SquadExpansion/Serenity/Parts/@thumbs/smallHeliBlade_icon0
[LOG 21:17:09.870] Load Cached PNG Texture: SquadExpansion/Serenity/Parts/@thumbs/smallHeliBlade_icon1
[LOG 21:17:09.870] Load Cached PNG Texture: SquadExpansion/Serenity/Parts/@thumbs/smallPropeller_icon0
[LOG 21:17:09.870] Load Cached PNG Texture: SquadExpansion/Serenity/Parts/@thumbs/smallPropeller_icon1
[LOG 21:17:09.870] Load DDS texture: SquadExpansion/Serenity/Parts/Aero/Assets/copterBlades_diffuse
[LOG 21:17:09.870] Load DDS texture: SquadExpansion/Serenity/Parts/Aero/Assets/shroudsDiffuse_color
[LOG 21:17:09.870] Load DDS texture: SquadExpansion/Serenity/Parts/Aero/Assets/shroudsDiffuse_plain
[LOG 21:17:09.870] Load Cached PNG Texture: SquadExpansion/Serenity/Parts/DeployedScience/MockupTexture
[LOG 21:17:09.870] Load DDS texture: SquadExpansion/Serenity/Parts/DeployedScience/Assets/centralStation_diffuse
[LOG 21:17:09.871] Load DDS texture: SquadExpansion/Serenity/Parts/DeployedScience/Assets/centralStation_emissive
[LOG 21:17:09.886] Load DDS texture: SquadExpansion/Serenity/Parts/DeployedScience/Assets/GenericParts_diffuse
[LOG 21:17:09.887] Load DDS texture: SquadExpansion/Serenity/Parts/DeployedScience/Assets/GenericParts_emissive
[LOG 21:17:09.887] Load DDS texture: SquadExpansion/Serenity/Parts/DeployedScience/Assets/GenericParts_normal
[LOG 21:17:09.888] Load DDS texture: SquadExpansion/Serenity/Parts/DeployedScience/Assets/goex_diffuse
[LOG 21:17:09.890] Load DDS texture: SquadExpansion/Serenity/Parts/DeployedScience/Assets/goex_specMapped
[LOG 21:17:09.894] Load DDS texture: SquadExpansion/Serenity/Parts/DeployedScience/Assets/Grid
[LOG 21:17:09.894] Load DDS texture: SquadExpansion/Serenity/Parts/DeployedScience/Assets/IonExperiment_diffuse
[LOG 21:17:09.895] Load DDS texture: SquadExpansion/Serenity/Parts/DeployedScience/Assets/RTGCask_diffuse
[LOG 21:17:09.896] Load DDS texture: SquadExpansion/Serenity/Parts/DeployedScience/Assets/satDish_diffuse
[LOG 21:17:09.898] Load Cached PNG Texture: SquadExpansion/Serenity/Parts/DeployedScience/Assets/Scratch
[LOG 21:17:09.899] Load DDS texture: SquadExpansion/Serenity/Parts/DeployedScience/Assets/Screen2
[LOG 21:17:09.899] Load DDS texture: SquadExpansion/Serenity/Parts/DeployedScience/Assets/Screen3
[LOG 21:17:09.899] Load DDS texture: SquadExpansion/Serenity/Parts/DeployedScience/Assets/ScreenReadout
[LOG 21:17:09.900] Load DDS texture: SquadExpansion/Serenity/Parts/DeployedScience/Assets/seismicSensor_diffuse
[LOG 21:17:09.900] Load DDS texture: SquadExpansion/Serenity/Parts/DeployedScience/Assets/seismicSensor_nrm
[LOG 21:17:09.901] Load DDS texture: SquadExpansion/Serenity/Parts/DeployedScience/Assets/seismicSensor_specularMapped
[LOG 21:17:09.901] Load DDS texture: SquadExpansion/Serenity/Parts/DeployedScience/Assets/SolarGraph
[LOG 21:17:09.901] Load DDS texture: SquadExpansion/Serenity/Parts/DeployedScience/Assets/solarPanel_diffuse
[LOG 21:17:09.902] Load DDS texture: SquadExpansion/Serenity/Parts/DeployedScience/Assets/Waveleght3
[LOG 21:17:09.902] Load DDS texture: SquadExpansion/Serenity/Parts/DeployedScience/Assets/Wavelenght
[LOG 21:17:09.902] Load DDS texture: SquadExpansion/Serenity/Parts/DeployedScience/Assets/Wavelenght2
[LOG 21:17:09.902] Load DDS texture: SquadExpansion/Serenity/Parts/DeployedScience/Assets/wavelenght4
[LOG 21:17:09.902] Load DDS texture: SquadExpansion/Serenity/Parts/DeployedScience/Assets/wavelenght5
[LOG 21:17:09.903] Load DDS texture: SquadExpansion/Serenity/Parts/DeployedScience/Assets/WeatherStation [Normal]
[LOG 21:17:09.916] Load DDS texture: SquadExpansion/Serenity/Parts/DeployedScience/Assets/Weather_Station_diffuse
[LOG 21:17:09.922] Load DDS texture: SquadExpansion/Serenity/Parts/DeployedScience/Assets/Weather_Station_normal
[LOG 21:17:09.929] Load DDS texture: SquadExpansion/Serenity/Parts/Propellers/Assets/blade_diffuse
[LOG 21:17:09.930] Load DDS texture: SquadExpansion/Serenity/Parts/Propellers/Assets/copterBlades_diffuse
[LOG 21:17:09.931] Load DDS texture: SquadExpansion/Serenity/Parts/Propellers/Assets/fan_diffuse
[LOG 21:17:09.932] Load DDS texture: SquadExpansion/Serenity/Parts/Robotics/Assets/hinges-03-s_diffuse_Color
[LOG 21:17:09.932] Load DDS texture: SquadExpansion/Serenity/Parts/Robotics/Assets/hinges-03_diffuse_color
[LOG 21:17:09.933] Load DDS texture: SquadExpansion/Serenity/Parts/Robotics/Assets/hinges-03_diffuse_plain
[LOG 21:17:09.933] Load DDS texture: SquadExpansion/Serenity/Parts/Robotics/Assets/hinges_diffuse
[LOG 21:17:09.934] Load DDS texture: SquadExpansion/Serenity/Parts/Robotics/Assets/Hinge_diffuse_G-00_Color
[LOG 21:17:09.934] Load DDS texture: SquadExpansion/Serenity/Parts/Robotics/Assets/Hinge_diffuse_G-11_Color
[LOG 21:17:09.934] Load DDS texture: SquadExpansion/Serenity/Parts/Robotics/Assets/Hinge_diffuse_G-11_plain
[LOG 21:17:09.934] Load DDS texture: SquadExpansion/Serenity/Parts/Robotics/Assets/Hinge_normal
[LOG 21:17:09.934] Load DDS texture: SquadExpansion/Serenity/Parts/Robotics/Assets/RotorEngine_02_diffuse
[LOG 21:17:09.934] Load DDS texture: SquadExpansion/Serenity/Parts/Robotics/Assets/RotorEngine_03_diffuse
[LOG 21:17:09.935] Load DDS texture: SquadExpansion/Serenity/Parts/Robotics/Assets/RotorEngine_03_normal
[LOG 21:17:09.935] Load DDS texture: SquadExpansion/Serenity/Parts/Robotics/Assets/Rotor_01_diffuse_color
[LOG 21:17:09.935] Load DDS texture: SquadExpansion/Serenity/Parts/Robotics/Assets/Rotor_01_diffuse_plain
[LOG 21:17:09.936] Load DDS texture: SquadExpansion/Serenity/Parts/Robotics/Assets/Rotor_01_normal
[LOG 21:17:09.936] Load DDS texture: SquadExpansion/Serenity/Parts/Robotics/Assets/Rotor_01_specular_D
[LOG 21:17:09.936] Load DDS texture: SquadExpansion/Serenity/Parts/Robotics/Assets/Rotor_02_diffuse_color
[LOG 21:17:09.937] Load DDS texture: SquadExpansion/Serenity/Parts/Robotics/Assets/Rotor_03_diffuse_color
[LOG 21:17:09.938] Load DDS texture: SquadExpansion/Serenity/Parts/Robotics/Assets/Rotor_03_diffuse_plain
[LOG 21:17:09.939] Load DDS texture: SquadExpansion/Serenity/Parts/Robotics/Assets/Rotor_03_normal
[LOG 21:17:09.940] Load DDS texture: SquadExpansion/Serenity/Parts/Robotics/Assets/rotoServos_diffuse_color
[LOG 21:17:09.940] Load DDS texture: SquadExpansion/Serenity/Parts/Robotics/Assets/rotoServos_diffuse_plain
[LOG 21:17:09.940] Load DDS texture: SquadExpansion/Serenity/Parts/Robotics/Assets/rotoServos_nrm
[LOG 21:17:09.941] Load DDS texture: SquadExpansion/Serenity/Parts/Robotics/Controllers/roboController_diffuse
[LOG 21:17:09.942] Load DDS texture: SquadExpansion/Serenity/Parts/Robotics/Controllers/roboController_emissive
[LOG 21:17:09.942] Load Cached PNG Texture: SquadExpansion/Serenity/Parts/Science/RobotArmScanner/Assets/DrillBits
[LOG 21:17:09.942] Load DDS texture: SquadExpansion/Serenity/Parts/Science/RobotArmScanner/Assets/DustParticle
[WRN 21:17:09.942] Duplicate PNG texture 'SquadExpansion/Serenity/Parts/Science/RobotArmScanner/Assets/DustParticle' with extension 'png' won't be loaded
[LOG 21:17:09.942] Load DDS texture: SquadExpansion/Serenity/Parts/Science/RobotArmScanner/Assets/GenericParts_diffuse
[LOG 21:17:09.945] Load DDS texture: SquadExpansion/Serenity/Parts/Science/RobotArmScanner/Assets/GenericParts_normal
[LOG 21:17:09.949] Load DDS texture: SquadExpansion/Serenity/Parts/Science/RobotArmScanner/Assets/ROCArm3_diffuse
[LOG 21:17:09.953] Load DDS texture: SquadExpansion/Serenity/Parts/Science/RobotArmScanner/Assets/ROCArm3_normal
[LOG 21:17:09.958] Load DDS texture: SquadExpansion/Serenity/Parts/Science/RobotArmScanner/Assets/ROCArm_2_diffuse
[LOG 21:17:09.960] Load DDS texture: SquadExpansion/Serenity/Parts/Science/RobotArmScanner/Assets/ROCArm_2_normal
[LOG 21:17:09.961] Load Cached PNG Texture: SquadExpansion/Serenity/Parts/Science/RobotArmScanner/Assets/Scratch
[LOG 21:17:09.962] Load DDS texture: SquadExpansion/Serenity/Parts/Science/RobotArmScanner/Assets/SmallArm_diffuse
[LOG 21:17:09.963] Load DDS texture: SquadExpansion/Serenity/Parts/Science/RobotArmScanner/Assets/SmallArm_normal
[LOG 21:17:09.964] Load DDS texture: SquadExpansion/Serenity/Parts/Structural/gripPads/Assets/gripPads_diffuse
[LOG 21:17:09.964] Load DDS texture: SquadExpansion/Serenity/Parts/Structural/gripPads/Assets/gripPads_nrm
[LOG 21:17:09.965] Load Cached PNG Texture: SquadExpansion/Serenity/Ships/@thumbs/SPH/Arrow-E
[LOG 21:17:09.966] Load Cached PNG Texture: SquadExpansion/Serenity/Ships/@thumbs/SPH/Butterfly Rover
[LOG 21:17:09.966] Load Cached PNG Texture: SquadExpansion/Serenity/Ships/@thumbs/SPH/Jeb_s Quadtaxi
[LOG 21:17:09.966] Load Cached PNG Texture: SquadExpansion/Serenity/Ships/@thumbs/SPH/Kerbodyne Rotodyne
[LOG 21:17:09.966] Load Cached PNG Texture: SquadExpansion/Serenity/Ships/@thumbs/SPH/Seahawk
[LOG 21:17:09.966] Load Cached PNG Texture: SquadExpansion/Serenity/Ships/@thumbs/SPH/Val-Thopter
[LOG 21:17:09.968] Load MU model: Squad/FX/afterburner_flame
[LOG 21:17:09.974] Load MU model: Squad/FX/afterburner_shock
[LOG 21:17:09.975] Load MU model: Squad/FX/diamondBlue
[LOG 21:17:09.975] Load MU model: Squad/FX/exhaustFlames_blue
[LOG 21:17:10.060] Load MU model: Squad/FX/hydroLOXFlame
[LOG 21:17:10.060] Load MU model: Squad/FX/IonPlume
[LOG 21:17:10.061] Load MU model: Squad/FX/ks1_Exhaust
[LOG 21:17:10.061] Load MU model: Squad/FX/ks25_Exhaust
[LOG 21:17:10.061] Load MU model: Squad/FX/ksX_Exhaust
[LOG 21:17:10.062] Load MU model: Squad/FX/LES_Thruster
[LOG 21:17:10.062] Load MU model: Squad/FX/Monoprop_big
[LOG 21:17:10.062] Load MU model: Squad/FX/Monoprop_medium
[LOG 21:17:10.062] Load MU model: Squad/FX/Monoprop_small
[LOG 21:17:10.062] Load MU model: Squad/FX/shockExhaust_blue
[LOG 21:17:10.062] Load MU model: Squad/FX/shockExhaust_blue_small
[LOG 21:17:10.064] Load MU model: Squad/FX/shockExhaust_red_small
[LOG 21:17:10.064] Load MU model: Squad/FX/SRB_Large
[LOG 21:17:10.064] Load MU model: Squad/FX/SRB_LargeSparks
[LOG 21:17:10.065] Load MU model: Squad/Parts/Aero/aerodynamicNoseCone/aerodynamicNoseCone
[LOG 21:17:10.067] Load MU model: Squad/Parts/Aero/airbrake/Airbrake
[LOG 21:17:10.067] Load MU model: Squad/Parts/Aero/airIntakeRadialXM-G50/RadialIntake
[LOG 21:17:10.068] Load MU model: Squad/Parts/Aero/airlinerWings/ControlSurface
[LOG 21:17:10.068] Load MU model: Squad/Parts/Aero/airlinerWings/MainWing
[LOG 21:17:10.068] Load MU model: Squad/Parts/Aero/airlinerWings/TailFin
[LOG 21:17:10.070] Load MU model: Squad/Parts/Aero/airplaneFins/AdvCanard
[LOG 21:17:10.070] Load MU model: Squad/Parts/Aero/airplaneFins/Canard
[LOG 21:17:10.070] Load MU model: Squad/Parts/Aero/airplaneFins/Swept
[LOG 21:17:10.070] Load MU model: Squad/Parts/Aero/airplaneFins/TailFin
[LOG 21:17:10.070] Load MU model: Squad/Parts/Aero/basicFin/basicFin
[LOG 21:17:10.070] Load MU model: Squad/Parts/Aero/circularIntake/CircularIntake
[LOG 21:17:10.071] Load MU model: Squad/Parts/Aero/circularIntake/ConeIntake
[LOG 21:17:10.072] Load MU model: Squad/Parts/Aero/cones/Assets/AvioCone
[LOG 21:17:10.072] Load MU model: Squad/Parts/Aero/cones/Assets/ConeA
[LOG 21:17:10.072] Load MU model: Squad/Parts/Aero/cones/Assets/ConeB
[LOG 21:17:10.073] Load MU model: Squad/Parts/Aero/cones/Assets/NCS
[LOG 21:17:10.073] Load MU model: Squad/Parts/Aero/cones/Assets/orangeNoseCone
[LOG 21:17:10.073] Load MU model: Squad/Parts/Aero/cones/Assets/rocketNoseCone
[LOG 21:17:10.074] Load MU model: Squad/Parts/Aero/cones/Assets/rocketNoseCone_v2
[LOG 21:17:10.074] Load MU model: Squad/Parts/Aero/cones/Assets/rocketNoseCone_v3
[LOG 21:17:10.074] Load MU model: Squad/Parts/Aero/cones/Assets/TailA
[LOG 21:17:10.074] Load MU model: Squad/Parts/Aero/cones/Assets/TailB
[LOG 21:17:10.075] Load MU model: Squad/Parts/Aero/cones/Assets/TinyCone
[LOG 21:17:10.075] Load MU model: Squad/Parts/Aero/fairings/AutoTruss
[LOG 21:17:10.075] Load MU model: Squad/Parts/Aero/fairings/fairingSize1
[LOG 21:17:10.075] Load MU model: Squad/Parts/Aero/fairings/fairingSize2
[LOG 21:17:10.075] Load MU model: Squad/Parts/Aero/fairings/fairingSize3
[LOG 21:17:10.075] Load MU model: Squad/Parts/Aero/HeatShield/HeatShield0
[LOG 21:17:10.075] Load MU model: Squad/Parts/Aero/HeatShield/HeatShield1
[LOG 21:17:10.077] Load MU model: Squad/Parts/Aero/HeatShield/HeatShield2
[LOG 21:17:10.077] Load MU model: Squad/Parts/Aero/HeatShield/HeatShield3
[LOG 21:17:10.077] Load MU model: Squad/Parts/Aero/InflatableHeatShield/HeatShield
[LOG 21:17:10.078] Load MU model: Squad/Parts/Aero/intakeRadialLong/IntakeRadial
[LOG 21:17:10.078] Load MU model: Squad/Parts/Aero/miniIntake/SmallIntake
[LOG 21:17:10.079] Load MU model: Squad/Parts/Aero/ramAirIntake/RampIntake
[LOG 21:17:10.079] Load MU model: Squad/Parts/Aero/shuttleWings/ShuttleDeltaWing
[LOG 21:17:10.079] Load MU model: Squad/Parts/Aero/shuttleWings/ShuttleElevonA
[LOG 21:17:10.079] Load MU model: Squad/Parts/Aero/shuttleWings/ShuttleElevonB
[LOG 21:17:10.079] Load MU model: Squad/Parts/Aero/shuttleWings/ShuttleRudder
[LOG 21:17:10.080] Load MU model: Squad/Parts/Aero/shuttleWings/ShuttleStrake
[LOG 21:17:10.080] Load MU model: Squad/Parts/Aero/wingletAV-R8/model
[LOG 21:17:10.080] Load MU model: Squad/Parts/Aero/wingletAV-T1/model
[LOG 21:17:10.080] Load MU model: Squad/Parts/Aero/wingletDeltaDeluxe/model
[LOG 21:17:10.080] Load MU model: Squad/Parts/Aero/wings/connector1
[LOG 21:17:10.080] Load MU model: Squad/Parts/Aero/wings/connector2
[LOG 21:17:10.080] Load MU model: Squad/Parts/Aero/wings/connector3
[LOG 21:17:10.080] Load MU model: Squad/Parts/Aero/wings/connector4
[LOG 21:17:10.080] Load MU model: Squad/Parts/Aero/wings/connector5
[LOG 21:17:10.081] Load MU model: Squad/Parts/Aero/wings/delta
[LOG 21:17:10.081] Load MU model: Squad/Parts/Aero/wings/delta_small
[LOG 21:17:10.081] Load MU model: Squad/Parts/Aero/wings/elevon1
[LOG 21:17:10.081] Load MU model: Squad/Parts/Aero/wings/elevon2
[LOG 21:17:10.081] Load MU model: Squad/Parts/Aero/wings/elevon3
[LOG 21:17:10.081] Load MU model: Squad/Parts/Aero/wings/elevon4
[LOG 21:17:10.081] Load MU model: Squad/Parts/Aero/wings/elevon5
[LOG 21:17:10.081] Load MU model: Squad/Parts/Aero/wings/strake
[LOG 21:17:10.081] Load MU model: Squad/Parts/Aero/wings/structural1
[LOG 21:17:10.081] Load MU model: Squad/Parts/Aero/wings/structural2
[LOG 21:17:10.081] Load MU model: Squad/Parts/Aero/wings/structural3
[LOG 21:17:10.083] Load MU model: Squad/Parts/Aero/wings/structural4
[LOG 21:17:10.083] Load MU model: Squad/Parts/Aero/wings/swept1
[LOG 21:17:10.083] Load MU model: Squad/Parts/Aero/wings/swept2
[LOG 21:17:10.083] Load MU model: Squad/Parts/Cargo/CargoContainers/cargoContainer
[LOG 21:17:10.083] Load MU model: Squad/Parts/Cargo/CargoContainers/smallCargoContainer
[LOG 21:17:10.083] Load MU model: Squad/Parts/Cargo/Cylinder/EVAcylinder
[LOG 21:17:10.083] Load MU model: Squad/Parts/Cargo/GroundAnchor/groundAnchor
[LOG 21:17:10.084] Load MU model: Squad/Parts/Cargo/Jetpack/Jetpack
[LOG 21:17:10.084] Load MU model: Squad/Parts/Cargo/Parachute/Parachute
[LOG 21:17:10.084] Load MU model: Squad/Parts/Cargo/RepairKit/RepairKit
[LOG 21:17:10.098] Load MU model: Squad/Parts/Cargo/ScienceKit/ExperimentKit
[LOG 21:17:10.099] Load MU model: Squad/Parts/Cargo/StorageUnits/Assets/CargoStorageUnit
[LOG 21:17:10.099] Load MU model: Squad/Parts/Cargo/StorageUnits/Assets/ConformalStorageUnit
[LOG 21:17:10.099] Load MU model: Squad/Parts/Command/advancedSasModuleLarge/model
[LOG 21:17:10.101] Load MU model: Squad/Parts/Command/cupola/model
[LOG 21:17:10.101] Load MU model: Squad/Parts/Command/externalCommandSeat/model
[LOG 21:17:10.101] Load MU model: Squad/Parts/Command/hitchhikerStorageContainer/model
[LOG 21:17:10.102] Load MU model: Squad/Parts/Command/inlineAdvancedStabilizer/model
[LOG 21:17:10.102] Load MU model: Squad/Parts/Command/inlineReactionWheel/model
[LOG 21:17:10.102] Load MU model: Squad/Parts/Command/Mk1-3Pod/Mk1-3
[LOG 21:17:10.102] Load MU model: Squad/Parts/Command/mk1Cockpits/Cabin
[LOG 21:17:10.103] Load MU model: Squad/Parts/Command/mk1Cockpits/CockpitInline
[LOG 21:17:10.104] Load MU model: Squad/Parts/Command/mk1Cockpits/CockpitStandard
[LOG 21:17:10.116] Load MU model: Squad/Parts/Command/mk1LanderCan/model
[LOG 21:17:10.117] Load MU model: Squad/Parts/Command/mk1pod_v2/Mk1Pod_v2
[LOG 21:17:10.117] Load MU model: Squad/Parts/Command/mk2CockpitInline/model
[LOG 21:17:10.122] Load MU model: Squad/Parts/Command/mk2CockpitStandard/model
[LOG 21:17:10.122] Load MU model: Squad/Parts/Command/mk2DroneCore/model
[LOG 21:17:10.122] Load MU model: Squad/Parts/Command/mk2LanderCan/model
[LOG 21:17:10.123] Load MU model: Squad/Parts/Command/mk2LanderCan_v2/mk2LanderCan
[LOG 21:17:10.123] Load MU model: Squad/Parts/Command/mk3CockpitShuttle/model
[LOG 21:17:10.124] Load MU model: Squad/Parts/Command/MpoProbe/MpoProbe
[LOG 21:17:10.124] Load MU model: Squad/Parts/Command/MtmStage/MTM_Stage
[LOG 21:17:10.124] Load MU model: Squad/Parts/Command/probeCoreCube/probeCoreCube
[LOG 21:17:10.125] Load MU model: Squad/Parts/Command/probeCoreHex/model
[LOG 21:17:10.125] Load MU model: Squad/Parts/Command/probeCoreHex_v2/model
[LOG 21:17:10.125] Load MU model: Squad/Parts/Command/probeCoreOcto2_v2/probeCoreOcto2_v2
[LOG 21:17:10.125] Load MU model: Squad/Parts/Command/probeCoreOcto_v2/probeCoreOcto_v2
[LOG 21:17:10.125] Load MU model: Squad/Parts/Command/probeRoverBody/model
[LOG 21:17:10.125] Load MU model: Squad/Parts/Command/probeRoverBody_v2/probeRoverBody_v2
[LOG 21:17:10.126] Load MU model: Squad/Parts/Command/probeStackLarge/model
[LOG 21:17:10.126] Load MU model: Squad/Parts/Command/probeStackSmall/model
[LOG 21:17:10.126] Load MU model: Squad/Parts/Command/probeStackSphere_v2/probeStackSphere_v2
[LOG 21:17:10.126] Load MU model: Squad/Parts/CompoundParts/FuelLine/model
[LOG 21:17:10.126] Load MU model: Squad/Parts/CompoundParts/strutConnector/model
[LOG 21:17:10.126] Load MU model: Squad/Parts/Coupling/Assets/Decoupler_0
[LOG 21:17:10.127] Load MU model: Squad/Parts/Coupling/Assets/Decoupler_1
[LOG 21:17:10.127] Load MU model: Squad/Parts/Coupling/Assets/Decoupler_1p5
[LOG 21:17:10.127] Load MU model: Squad/Parts/Coupling/Assets/Decoupler_2
[LOG 21:17:10.127] Load MU model: Squad/Parts/Coupling/Assets/Decoupler_3
[LOG 21:17:10.127] Load MU model: Squad/Parts/Coupling/Assets/Decoupler_4
[LOG 21:17:10.128] Load MU model: Squad/Parts/Coupling/Assets/Separator_0
[LOG 21:17:10.128] Load MU model: Squad/Parts/Coupling/Assets/Separator_1
[LOG 21:17:10.128] Load MU model: Squad/Parts/Coupling/Assets/Separator_1p5
[LOG 21:17:10.128] Load MU model: Squad/Parts/Coupling/Assets/Separator_2
[LOG 21:17:10.128] Load MU model: Squad/Parts/Coupling/Assets/Separator_3
[LOG 21:17:10.129] Load MU model: Squad/Parts/Coupling/Assets/Separator_4
[LOG 21:17:10.129] Load MU model: Squad/Parts/Electrical/10CSolarPanels/assets/OX-10C
[LOG 21:17:10.130] Load MU model: Squad/Parts/Electrical/10CSolarPanels/assets/SP-10C
[LOG 21:17:10.132] Load MU model: Squad/Parts/Electrical/10LSolarPanels/assets/OX-10L
[LOG 21:17:10.133] Load MU model: Squad/Parts/Electrical/10LSolarPanels/assets/SP-10L
[LOG 21:17:10.135] Load MU model: Squad/Parts/Electrical/1x6ShroudSolarPanels/model
[LOG 21:17:10.135] Load MU model: Squad/Parts/Electrical/1x6SolarPanels/model
[LOG 21:17:10.135] Load MU model: Squad/Parts/Electrical/3x2ShroudSolarPanels/model
[LOG 21:17:10.136] Load MU model: Squad/Parts/Electrical/3x2SolarPanels/model
[LOG 21:17:10.136] Load MU model: Squad/Parts/Electrical/gigantorXlSolarArray/model
[LOG 21:17:10.137] Load MU model: Squad/Parts/Electrical/radialFlatSolarPanel/model
[LOG 21:17:10.137] Load MU model: Squad/Parts/Electrical/RTG/model
[LOG 21:17:10.137] Load MU model: Squad/Parts/Electrical/z-100Battery/model
[LOG 21:17:10.137] Load MU model: Squad/Parts/Electrical/z-1kBattery/model
[LOG 21:17:10.137] Load MU model: Squad/Parts/Electrical/z-200Battery/model
[LOG 21:17:10.137] Load MU model: Squad/Parts/Electrical/z-400Battery/model
[LOG 21:17:10.137] Load MU model: Squad/Parts/Electrical/z-4kBattery/model
[LOG 21:17:10.137] Load MU model: Squad/Parts/Engine/ionEngine/model
[LOG 21:17:10.138] Load MU model: Squad/Parts/Engine/jetEngines/turbineInside
[LOG 21:17:10.138] Load MU model: Squad/Parts/Engine/jetEngines/turboFanSize1
[LOG 21:17:10.138] Load MU model: Squad/Parts/Engine/jetEngines/turboFanSize2
[LOG 21:17:10.139] Load MU model: Squad/Parts/Engine/jetEngines/turboJet
[LOG 21:17:10.140] Load MU model: Squad/Parts/Engine/jetEngines/turboRamJet
[LOG 21:17:10.140] Load MU model: Squad/Parts/Engine/liquidEngine24-77/model
[LOG 21:17:10.140] Load MU model: Squad/Parts/Engine/liquidEngine24-77_v2/Twitch_v2
[LOG 21:17:10.141] Load MU model: Squad/Parts/Engine/liquidEngine48-7S_v2/SparkV2
[LOG 21:17:10.141] Load MU model: Squad/Parts/Engine/liquidEngineAerospike/AeroSpike
[LOG 21:17:10.142] Load MU model: Squad/Parts/Engine/liquidEngineLV-1_v2/Assets/Ant
[LOG 21:17:10.142] Load MU model: Squad/Parts/Engine/liquidEngineLV-1_v2/Assets/Spider
[LOG 21:17:10.143] Load MU model: Squad/Parts/Engine/liquidEngineLV-909_v2/TerrierV2
[LOG 21:17:10.143] Load MU model: Squad/Parts/Engine/liquidEngineLV-N/model
[LOG 21:17:10.144] Load MU model: Squad/Parts/Engine/liquidEngineLV-T30/model
[LOG 21:17:10.144] Load MU model: Squad/Parts/Engine/liquidEngineLV-T30_v2/Reliant_v2
[LOG 21:17:10.145] Load MU model: Squad/Parts/Engine/liquidEngineLV-T45/model
[LOG 21:17:10.146] Load MU model: Squad/Parts/Engine/liquidEngineLV-T45_v2/Swivel_v2
[LOG 21:17:10.147] Load MU model: Squad/Parts/Engine/liquidEngineMainsail_v2/liquidEngineMainsail_v2
[LOG 21:17:10.147] Load MU model: Squad/Parts/Engine/liquidEngineMk55/Thud
[LOG 21:17:10.148] Load MU model: Squad/Parts/Engine/liquidEnginePoodle_v2/LqdEnginePoodle_v2
[LOG 21:17:10.149] Load MU model: Squad/Parts/Engine/liquidEngineSkipper_v2/skipper_v2
[LOG 21:17:10.151] Load MU model: Squad/Parts/Engine/liquidEngineSSME/SSME
[LOG 21:17:10.152] Load MU model: Squad/Parts/Engine/MassiveSRB/MassiveSRB
[LOG 21:17:10.152] Load MU model: Squad/Parts/Engine/miniJet/SmallJet
[LOG 21:17:10.152] Load MU model: Squad/Parts/Engine/OMSEngine/Puff_v2
[LOG 21:17:10.152] Load MU model: Squad/Parts/Engine/rapierEngine/rapier
[LOG 21:17:10.153] Load MU model: Squad/Parts/Engine/Size1_SRBs/SRB10
[LOG 21:17:10.153] Load MU model: Squad/Parts/Engine/Size1_SRBs/SRB5
[LOG 21:17:10.154] Load MU model: Squad/Parts/Engine/Size2LFB/Size2LFB
[LOG 21:17:10.154] Load MU model: Squad/Parts/Engine/Size2LFB_v2/Size2LFB_v2
[LOG 21:17:10.155] Load MU model: Squad/Parts/Engine/Size3AdvancedEngine/Size3AdvancedEngine
[LOG 21:17:10.155] Load MU model: Squad/Parts/Engine/Size3EngineCluster/Size3EngineCluster
[LOG 21:17:10.156] Load MU model: Squad/Parts/Engine/solidBoosterBACC/model
[LOG 21:17:10.156] Load MU model: Squad/Parts/Engine/solidBoosterS2-17/solidBoosterS2-17
[LOG 21:17:10.157] Load MU model: Squad/Parts/Engine/solidBoosterS2-33/solidBoosterS2-33
[LOG 21:17:10.157] Load MU model: Squad/Parts/Engine/solidBoosterSep/model
[LOG 21:17:10.157] Load MU model: Squad/Parts/Engine/SolidBoostersF/Assets/SolidBoosterF3S0
[LOG 21:17:10.158] Load MU model: Squad/Parts/Engine/SolidBoostersF/Assets/SolidBoosterFM1
[LOG 21:17:10.158] Load MU model: Squad/Parts/FuelTank/adapterTanks/Mk3-Mk2
[LOG 21:17:10.159] Load MU model: Squad/Parts/FuelTank/adapterTanks/Mk3-Size2
[LOG 21:17:10.159] Load MU model: Squad/Parts/FuelTank/adapterTanks/Mk3-Size2Slant
[LOG 21:17:10.159] Load MU model: Squad/Parts/FuelTank/adapterTanks/ShuttleAdapter
[LOG 21:17:10.159] Load MU model: Squad/Parts/FuelTank/adapterTanks/Size2-Mk2
[LOG 21:17:10.160] Load MU model: Squad/Parts/FuelTank/adapterTanks/Size2-Size1
[LOG 21:17:10.160] Load MU model: Squad/Parts/FuelTank/adapterTanks/Size2-Size1Slant
[LOG 21:17:10.160] Load MU model: Squad/Parts/FuelTank/adapterTanks/Size3-Mk3
[LOG 21:17:10.160] Load MU model: Squad/Parts/FuelTank/drainTankFTE-1/fuelValve
[LOG 21:17:10.160] Load MU model: Squad/Parts/FuelTank/FoilTanks/RadialTank_Capsule
[LOG 21:17:10.160] Load MU model: Squad/Parts/FuelTank/FoilTanks/RadialTank_Round
[LOG 21:17:10.160] Load MU model: Squad/Parts/FuelTank/FoilTanks/ToroidTank
[LOG 21:17:10.162] Load MU model: Squad/Parts/FuelTank/fuelTankOscarB/model
[LOG 21:17:10.162] Load MU model: Squad/Parts/FuelTank/miniFuselage/Fuselage
[LOG 21:17:10.162] Load MU model: Squad/Parts/FuelTank/mk2Adapters/bicoupler
[LOG 21:17:10.163] Load MU model: Squad/Parts/FuelTank/mk2Adapters/long
[LOG 21:17:10.163] Load MU model: Squad/Parts/FuelTank/mk2Adapters/standard
[LOG 21:17:10.163] Load MU model: Squad/Parts/FuelTank/mk2FuselageLong/FuselageLongLFO
[LOG 21:17:10.163] Load MU model: Squad/Parts/FuelTank/mk2FuselageLong/FuselageLongLiquid
[LOG 21:17:10.163] Load MU model: Squad/Parts/FuelTank/mk2FuselageShort/FuselageShortLFO
[LOG 21:17:10.163] Load MU model: Squad/Parts/FuelTank/mk2FuselageShort/FuselageShortLiquid
[LOG 21:17:10.164] Load MU model: Squad/Parts/FuelTank/mk2FuselageShort/FuselageShortMono
[LOG 21:17:10.164] Load MU model: Squad/Parts/FuelTank/mk3Fuselage/CREW
[LOG 21:17:10.164] Load MU model: Squad/Parts/FuelTank/mk3Fuselage/LFO_100
[LOG 21:17:10.164] Load MU model: Squad/Parts/FuelTank/mk3Fuselage/LFO_25
[LOG 21:17:10.165] Load MU model: Squad/Parts/FuelTank/mk3Fuselage/LFO_50
[LOG 21:17:10.165] Load MU model: Squad/Parts/FuelTank/mk3Fuselage/LF_100
[LOG 21:17:10.165] Load MU model: Squad/Parts/FuelTank/mk3Fuselage/LF_25
[LOG 21:17:10.165] Load MU model: Squad/Parts/FuelTank/mk3Fuselage/LF_50
[LOG 21:17:10.165] Load MU model: Squad/Parts/FuelTank/mk3Fuselage/MONO
[LOG 21:17:10.166] Load MU model: Squad/Parts/FuelTank/RCSFuelTankR1/RCSFuelTankR1_01
[LOG 21:17:10.166] Load MU model: Squad/Parts/FuelTank/RCSFuelTankR10/model
[LOG 21:17:10.167] Load MU model: Squad/Parts/FuelTank/RCSFuelTankR25/RCSFuelTankR25
[LOG 21:17:10.167] Load MU model: Squad/Parts/FuelTank/RCSTankRadial/model
[LOG 21:17:10.167] Load MU model: Squad/Parts/FuelTank/RCStankRadialLong/model
[LOG 21:17:10.167] Load MU model: Squad/Parts/FuelTank/RockomaxTanks/Assets/Rockomax16
[LOG 21:17:10.167] Load MU model: Squad/Parts/FuelTank/RockomaxTanks/Assets/Rockomax32
[LOG 21:17:10.168] Load MU model: Squad/Parts/FuelTank/RockomaxTanks/Assets/Rockomax64
[LOG 21:17:10.168] Load MU model: Squad/Parts/FuelTank/RockomaxTanks/Assets/Rockomax8
[LOG 21:17:10.169] Load MU model: Squad/Parts/FuelTank/Size1_Tanks/Size1Tank_01
[LOG 21:17:10.169] Load MU model: Squad/Parts/FuelTank/Size1_Tanks/Size1Tank_02
[LOG 21:17:10.169] Load MU model: Squad/Parts/FuelTank/Size1_Tanks/Size1Tank_03
[LOG 21:17:10.169] Load MU model: Squad/Parts/FuelTank/Size1_Tanks/Size1Tank_04
[LOG 21:17:10.170] Load MU model: Squad/Parts/FuelTank/Size3Tanks/Size3LargeTank
[LOG 21:17:10.170] Load MU model: Squad/Parts/FuelTank/Size3Tanks/Size3MediumTank
[LOG 21:17:10.170] Load MU model: Squad/Parts/FuelTank/Size3Tanks/Size3SmallTank
[LOG 21:17:10.170] Load MU model: Squad/Parts/FuelTank/xenonTank/model
[LOG 21:17:10.171] Load MU model: Squad/Parts/FuelTank/xenonTankLarge/model
[LOG 21:17:10.171] Load MU model: Squad/Parts/FuelTank/xenonTankRadial/model
[LOG 21:17:10.171] Load MU model: Squad/Parts/Misc/AsteroidDay/CamSat
[LOG 21:17:10.171] Load MU model: Squad/Parts/Misc/AsteroidDay/HECS2
[LOG 21:17:10.172] Load MU model: Squad/Parts/Misc/AsteroidDay/HighGainAntenna
[LOG 21:17:10.172] Load MU model: Squad/Parts/Misc/AsteroidDay/LgRadialSolar
[LOG 21:17:10.173] Load MU model: Squad/Parts/Misc/PotatoComet/Cube
[LOG 21:17:10.173] Load MU model: Squad/Parts/Misc/PotatoRoid/Cube
[LOG 21:17:10.173] Load MU model: Squad/Parts/Resources/FuelCell/FuelCell
[LOG 21:17:10.173] Load MU model: Squad/Parts/Resources/FuelCell/FuelCellArray
[LOG 21:17:10.174] Load MU model: Squad/Parts/Resources/ISRU/ISRU
[LOG 21:17:10.174] Load MU model: Squad/Parts/Resources/LargeTank/LargeTank
[LOG 21:17:10.174] Load MU model: Squad/Parts/Resources/MiniDrill/MiniDrill
[LOG 21:17:10.176] Load MU model: Squad/Parts/Resources/MiniISRU/MiniISRU
[LOG 21:17:10.176] Load MU model: Squad/Parts/Resources/OrbitalScanner/OrbitalScanner
[LOG 21:17:10.176] Load MU model: Squad/Parts/Resources/RadialDrill/TriBitDrill
[LOG 21:17:10.179] Load MU model: Squad/Parts/Resources/RadialTank/RadialOreTank
[LOG 21:17:10.179] Load MU model: Squad/Parts/Resources/SmallTank/SmallTank
[LOG 21:17:10.179] Load MU model: Squad/Parts/Resources/SurfaceScanner/SurfaceScanner
[LOG 21:17:10.179] Load MU model: Squad/Parts/Resources/SurveyScanner/SurveyScanner
[LOG 21:17:10.180] Load MU model: Squad/Parts/Science/AtmosphereSensor/model
[LOG 21:17:10.180] Load MU model: Squad/Parts/Science/GooExperiment/GooExperiment
[LOG 21:17:10.180] Load MU model: Squad/Parts/Science/LargeCrewedLab/large_crewed_lab
[LOG 21:17:10.181] Load MU model: Squad/Parts/Science/Magnetometer/Magnetometer
[LOG 21:17:10.184] Load MU model: Squad/Parts/Science/MaterialBay/science_module_small
[LOG 21:17:10.185] Load MU model: Squad/Parts/Science/ScienceBox/ScienceBox
[LOG 21:17:10.185] Load MU model: Squad/Parts/Science/sensorAccelerometer/model
[LOG 21:17:10.185] Load MU model: Squad/Parts/Science/sensorBarometer/model
[LOG 21:17:10.185] Load MU model: Squad/Parts/Science/sensorGravimeter/model
[LOG 21:17:10.185] Load MU model: Squad/Parts/Science/sensorThermometer/model
[LOG 21:17:10.185] Load MU model: Squad/Parts/Structural/FLAdapters/Assets/adapterSmallMiniShort_v2
[LOG 21:17:10.186] Load MU model: Squad/Parts/Structural/FLAdapters/Assets/adapterSmallMiniTall_v2
[LOG 21:17:10.186] Load MU model: Squad/Parts/Structural/mk1Parts/Fuselage
[LOG 21:17:10.186] Load MU model: Squad/Parts/Structural/mk1Parts/IntakeFuselage
[LOG 21:17:10.186] Load MU model: Squad/Parts/Structural/mk1Parts/Nacelle1
[LOG 21:17:10.187] Load MU model: Squad/Parts/Structural/mk1Parts/Nacelle2
[LOG 21:17:10.187] Load MU model: Squad/Parts/Structural/mk1Parts/Structural
[LOG 21:17:10.187] Load MU model: Squad/Parts/Structural/mk1Parts/StructuralHollow
[LOG 21:17:10.187] Load MU model: Squad/Parts/Structural/Size3To2Adapter_v2/Size2to3_v2
[LOG 21:17:10.188] Load MU model: Squad/Parts/Structural/stackAdapters/Assets/adapterLargeSmallBi
[LOG 21:17:10.188] Load MU model: Squad/Parts/Structural/stackAdapters/Assets/adapterLargeSmallQuad
[LOG 21:17:10.188] Load MU model: Squad/Parts/Structural/stackAdapters/Assets/adapterLargeSmallTri
[LOG 21:17:10.188] Load MU model: Squad/Parts/Structural/stationHub/model
[LOG 21:17:10.189] Load MU model: Squad/Parts/Structural/structuralIBeam200/model
[LOG 21:17:10.189] Load MU model: Squad/Parts/Structural/structuralIBeam200Pocket/model
[LOG 21:17:10.189] Load MU model: Squad/Parts/Structural/structuralIBeam650/model
[LOG 21:17:10.189] Load MU model: Squad/Parts/Structural/structuralMicronode/model
[LOG 21:17:10.189] Load MU model: Squad/Parts/Structural/structuralPanel1x1/model
[LOG 21:17:10.189] Load MU model: Squad/Parts/Structural/structuralPanel2x2/model
[LOG 21:17:10.189] Load MU model: Squad/Parts/Structural/structuralPylons/PylonBig
[LOG 21:17:10.190] Load MU model: Squad/Parts/Structural/structuralPylons/PylonSmall
[LOG 21:17:10.190] Load MU model: Squad/Parts/Structural/strutCubicOcto/model
[LOG 21:17:10.190] Load MU model: Squad/Parts/Structural/strutOcto/model
[LOG 21:17:10.190] Load MU model: Squad/Parts/Structural/trussGirderAdapter/model
[LOG 21:17:10.190] Load MU model: Squad/Parts/Structural/trussGirderL/model
[LOG 21:17:10.190] Load MU model: Squad/Parts/Structural/trussGirderXL/model
[LOG 21:17:10.191] Load MU model: Squad/Parts/Thermal/FoldingRadiators/foldingRadLarge
[LOG 21:17:10.194] Load MU model: Squad/Parts/Thermal/FoldingRadiators/foldingRadMed
[LOG 21:17:10.196] Load MU model: Squad/Parts/Thermal/FoldingRadiators/foldingRadSmall
[LOG 21:17:10.198] Load MU model: Squad/Parts/Thermal/RadiatorPanels/radPanelEdge
[LOG 21:17:10.198] Load MU model: Squad/Parts/Thermal/RadiatorPanels/radPanelLg
[LOG 21:17:10.199] Load MU model: Squad/Parts/Thermal/RadiatorPanels/radPanelSm
[LOG 21:17:10.199] Load MU model: Squad/Parts/Utility/commDish88-88/model
[LOG 21:17:10.203] Load MU model: Squad/Parts/Utility/commsAntennaDTS-M1/mediumDishAntenna
[LOG 21:17:10.204] Load MU model: Squad/Parts/Utility/commsDish16/model
[LOG 21:17:10.205] Load MU model: Squad/Parts/Utility/decouplerRadialHDM/model
[LOG 21:17:10.205] Load MU model: Squad/Parts/Utility/decouplerRadialTT-38K/model
[LOG 21:17:10.205] Load MU model: Squad/Parts/Utility/decouplerRadialTT-70/model
[LOG 21:17:10.205] Load MU model: Squad/Parts/Utility/DirectAntennas/HGAntenna
[LOG 21:17:10.206] Load MU model: Squad/Parts/Utility/DirectAntennas/HGAntenna_v2
[LOG 21:17:10.207] Load MU model: Squad/Parts/Utility/DirectAntennas/SurfAntenna
[LOG 21:17:10.207] Load MU model: Squad/Parts/Utility/dockingPort/dockingPort
[LOG 21:17:10.208] Load MU model: Squad/Parts/Utility/dockingPortInline/dockingPortInline
[LOG 21:17:10.209] Load MU model: Squad/Parts/Utility/dockingPortJr/dockingPortJr
[LOG 21:17:10.209] Load MU model: Squad/Parts/Utility/dockingPortShielded/dockingPortShielded
[LOG 21:17:10.209] Load MU model: Squad/Parts/Utility/dockingPortSr/dockingPortSr
[LOG 21:17:10.211] Load MU model: Squad/Parts/Utility/Fireworks/Assets/fireworksLauncherBig
[LOG 21:17:10.211] Load MU model: Squad/Parts/Utility/Fireworks/Assets/fireworksLauncherSmall
[LOG 21:17:10.211] Load MU model: Squad/Parts/Utility/flags/flagFlat/flagFlatMeshes
[LOG 21:17:10.214] Load MU model: Squad/Parts/Utility/flags/flagSize0/flagSize0Meshes
[LOG 21:17:10.215] Load MU model: Squad/Parts/Utility/flags/flagSize1/flagSize1Meshes
[LOG 21:17:10.215] Load MU model: Squad/Parts/Utility/flags/flagSize2/flagSize2Meshes
[LOG 21:17:10.217] Load MU model: Squad/Parts/Utility/flags/flagSize3/flagSize3Meshes
[LOG 21:17:10.218] Load MU model: Squad/Parts/Utility/GrapplingDevice/GrapplingArm
[LOG 21:17:10.221] Load MU model: Squad/Parts/Utility/ladderRadial/model
[LOG 21:17:10.221] Load MU model: Squad/Parts/Utility/ladderTelescopic/model
[LOG 21:17:10.222] Load MU model: Squad/Parts/Utility/ladderTelescopicBay/model
[LOG 21:17:10.223] Load MU model: Squad/Parts/Utility/landingLegLT-1/model
[LOG 21:17:10.224] Load MU model: Squad/Parts/Utility/landingLegLT-2/model
[LOG 21:17:10.224] Load MU model: Squad/Parts/Utility/landingLegLT-5/model
[WRN 21:17:10.225] WheelCollider requires an attached Rigidbody to function.
[WRN 21:17:10.225] WheelCollider requires an attached Rigidbody to function.
[LOG 21:17:10.226] Load MU model: Squad/Parts/Utility/launchClamp1/model
[LOG 21:17:10.226] Load MU model: Squad/Parts/Utility/launchEscapeSystem/LaunchEscapeSystem
[LOG 21:17:10.228] Load MU model: Squad/Parts/Utility/Lights/Assets/light_02
[LOG 21:17:10.228] Load MU model: Squad/Parts/Utility/Lights/Assets/light_03
[LOG 21:17:10.228] Load MU model: Squad/Parts/Utility/Lights/Assets/light_04
[LOG 21:17:10.229] Load MU model: Squad/Parts/Utility/Lights/Assets/light_07
[LOG 21:17:10.229] Load MU model: Squad/Parts/Utility/Lights/Assets/light_08
[LOG 21:17:10.229] Load MU model: Squad/Parts/Utility/Lights/Assets/light_12
[LOG 21:17:10.230] Load MU model: Squad/Parts/Utility/linearVernorRCS/Assets/linearRCS
[LOG 21:17:10.230] Load MU model: Squad/Parts/Utility/linearVernorRCS/Assets/vernorEngine
[LOG 21:17:10.230] Load MU model: Squad/Parts/Utility/mk2CargoBay/BayLarge
[LOG 21:17:10.231] Load MU model: Squad/Parts/Utility/mk2CargoBay/BaySmall
[LOG 21:17:10.231] Load MU model: Squad/Parts/Utility/mk2CrewCabin/model
[LOG 21:17:10.232] Load MU model: Squad/Parts/Utility/mk2DockingPort/mk2Dockingport
[LOG 21:17:10.233] Load MU model: Squad/Parts/Utility/mk3CargoBay/long
[LOG 21:17:10.234] Load MU model: Squad/Parts/Utility/mk3CargoBay/medium
[LOG 21:17:10.234] Load MU model: Squad/Parts/Utility/mk3CargoBay/ramp
[LOG 21:17:10.235] Load MU model: Squad/Parts/Utility/mk3CargoBay/short
[LOG 21:17:10.235] Load MU model: Squad/Parts/Utility/parachuteMk1/model
[LOG 21:17:10.235] Load MU model: Squad/Parts/Utility/parachuteMk12-R/model
[LOG 21:17:10.235] Load MU model: Squad/Parts/Utility/parachuteMk16-XL/model
[LOG 21:17:10.236] Load MU model: Squad/Parts/Utility/parachuteMk2-R/model
[LOG 21:17:10.236] Load MU model: Squad/Parts/Utility/parachuteMk25/model
[LOG 21:17:10.236] Load MU model: Squad/Parts/Utility/radialAttachmentPoint/model
[LOG 21:17:10.236] Load MU model: Squad/Parts/Utility/rcsBlockRV-105_v2/rcsBlock105
[LOG 21:17:10.237] Load MU model: Squad/Parts/Utility/rcsSmallLinear/Assets/RCSLinearSmall
[LOG 21:17:10.237] Load MU model: Squad/Parts/Utility/RelayAntennas/HGAntenna
[LOG 21:17:10.238] Load MU model: Squad/Parts/Utility/RelayAntennas/RA-100
[LOG 21:17:10.238] Load MU model: Squad/Parts/Utility/RelayAntennas/RA-5
[LOG 21:17:10.239] Load MU model: Squad/Parts/Utility/RelayAntennas/RA-50
[LOG 21:17:10.239] Load MU model: Squad/Parts/Utility/rockomaxAdapters/Assets/brandAdapter
[LOG 21:17:10.239] Load MU model: Squad/Parts/Utility/rockomaxAdapters/Assets/brandAdapter02
[LOG 21:17:10.239] Load MU model: Squad/Parts/Utility/ServiceBay_v2/Assets/ServiceBay_125_v2
[LOG 21:17:10.240] Load MU model: Squad/Parts/Utility/ServiceBay_v2/Assets/ServiceBay_250_v2
[LOG 21:17:10.241] Load MU model: Squad/Parts/Utility/smallClaw/smallClaw
[LOG 21:17:10.243] Load MU model: Squad/Parts/Utility/spotLightMk1/model
[LOG 21:17:10.243] Load MU model: Squad/Parts/Utility/spotLightMk1_v2/model
[LOG 21:17:10.243] Load MU model: Squad/Parts/Utility/spotLightMk2/model
[LOG 21:17:10.245] Load MU model: Squad/Parts/Utility/spotLightMk2_v2/model
[LOG 21:17:10.245] Load MU model: Squad/Parts/Utility/stackCouplers/Assets/stackBiCoupler_v2
[LOG 21:17:10.245] Load MU model: Squad/Parts/Utility/stackCouplers/Assets/stackQuadCoupler
[LOG 21:17:10.245] Load MU model: Squad/Parts/Utility/stackCouplers/Assets/stackTriCoupler_v2
[LOG 21:17:10.245] Load MU model: Squad/Parts/Wheel/LandingGear/GearExtraLarge
[WRN 21:17:10.246] WheelCollider requires an attached Rigidbody to function.
[WRN 21:17:10.246] WheelCollider requires an attached Rigidbody to function.
[LOG 21:17:10.247] Load MU model: Squad/Parts/Wheel/LandingGear/GearFixed
[WRN 21:17:10.247] WheelCollider requires an attached Rigidbody to function.
[WRN 21:17:10.247] WheelCollider requires an attached Rigidbody to function.
[LOG 21:17:10.247] Load MU model: Squad/Parts/Wheel/LandingGear/GearFree
[WRN 21:17:10.247] WheelCollider requires an attached Rigidbody to function.
[WRN 21:17:10.247] WheelCollider requires an attached Rigidbody to function.
[LOG 21:17:10.247] Load MU model: Squad/Parts/Wheel/LandingGear/GearLarge
[WRN 21:17:10.247] WheelCollider requires an attached Rigidbody to function.
[WRN 21:17:10.247] WheelCollider requires an attached Rigidbody to function.
[LOG 21:17:10.248] Load MU model: Squad/Parts/Wheel/LandingGear/GearMedium
[WRN 21:17:10.248] WheelCollider requires an attached Rigidbody to function.
[WRN 21:17:10.248] WheelCollider requires an attached Rigidbody to function.
[LOG 21:17:10.248] Load MU model: Squad/Parts/Wheel/LandingGear/GearSmall
[WRN 21:17:10.248] WheelCollider requires an attached Rigidbody to function.
[WRN 21:17:10.248] WheelCollider requires an attached Rigidbody to function.
[LOG 21:17:10.249] Load MU model: Squad/Parts/Wheel/roverWheelM1/model
[WRN 21:17:10.249] WheelCollider requires an attached Rigidbody to function.
[WRN 21:17:10.249] WheelCollider requires an attached Rigidbody to function.
[LOG 21:17:10.249] Load MU model: Squad/Parts/Wheel/roverWheelS2/model
[WRN 21:17:10.249] WheelCollider requires an attached Rigidbody to function.
[WRN 21:17:10.249] WheelCollider requires an attached Rigidbody to function.
[LOG 21:17:10.250] Load MU model: Squad/Parts/Wheel/roverWheelTR-2L/model
[WRN 21:17:10.250] WheelCollider requires an attached Rigidbody to function.
[WRN 21:17:10.250] WheelCollider requires an attached Rigidbody to function.
[LOG 21:17:10.250] Load MU model: Squad/Parts/Wheel/roverWheelXL3/model
[WRN 21:17:10.251] WheelCollider requires an attached Rigidbody to function.
[WRN 21:17:10.251] WheelCollider requires an attached Rigidbody to function.
[LOG 21:17:10.251] Load MU model: Squad/Props/AltimeterThreeHands/model
[LOG 21:17:10.252] Load MU model: Squad/Props/AtmosphereDepth/model
[LOG 21:17:10.252] Load MU model: Squad/Props/AxisIndicator/model
[LOG 21:17:10.252] Load MU model: Squad/Props/buttonsGeneric/circularButton
[LOG 21:17:10.252] Load MU model: Squad/Props/buttonsGeneric/clusterButtons
[LOG 21:17:10.252] Load MU model: Squad/Props/buttonsGeneric/clusterButtons2
[LOG 21:17:10.252] Load MU model: Squad/Props/buttonsGeneric/clusterKnob
[LOG 21:17:10.252] Load MU model: Squad/Props/buttonsGeneric/clusterKnob2
[LOG 21:17:10.252] Load MU model: Squad/Props/buttonsGeneric/clusterMixed
[LOG 21:17:10.253] Load MU model: Squad/Props/buttonsGeneric/clusterSwitches01
[LOG 21:17:10.253] Load MU model: Squad/Props/buttonsGeneric/clusterSwitches02
[LOG 21:17:10.253] Load MU model: Squad/Props/buttonsGeneric/clusterSwitches03
[LOG 21:17:10.254] Load MU model: Squad/Props/buttonsGeneric/clusterSwitches04
[LOG 21:17:10.254] Load MU model: Squad/Props/buttonsGeneric/clusterSwitches05
[LOG 21:17:10.254] Load MU model: Squad/Props/buttonsGeneric/clusterSwitches06
[LOG 21:17:10.254] Load MU model: Squad/Props/buttonsGeneric/clusterSwitches07
[LOG 21:17:10.254] Load MU model: Squad/Props/buttonsGeneric/directionalKnob
[LOG 21:17:10.254] Load MU model: Squad/Props/buttonsGeneric/directionalKnob2
[LOG 21:17:10.255] Load MU model: Squad/Props/buttonsGeneric/pullSwitch
[LOG 21:17:10.255] Load MU model: Squad/Props/buttonsGeneric/squareButton
[LOG 21:17:10.255] Load MU model: Squad/Props/buttonsGeneric/standingSwitch
[LOG 21:17:10.255] Load MU model: Squad/Props/buttonsGeneric/switch
[LOG 21:17:10.255] Load MU model: Squad/Props/buttonsGeneric/switchWithGuards
[LOG 21:17:10.255] Load MU model: Squad/Props/ButtonSquare/model
[LOG 21:17:10.255] Load MU model: Squad/Props/circularButton/model
[LOG 21:17:10.255] Load MU model: Squad/Props/Compass/model
[LOG 21:17:10.255] Load MU model: Squad/Props/directionalKnob/model
[LOG 21:17:10.256] Load MU model: Squad/Props/directionalKnob2/model
[LOG 21:17:10.256] Load MU model: Squad/Props/IndicatorPanel/model
[LOG 21:17:10.256] Load MU model: Squad/Props/IVANavBall/model
[LOG 21:17:10.256] Load MU model: Squad/Props/IVANavBallNoBase/model
[LOG 21:17:10.258] Load MU model: Squad/Props/ledPanelSpeed/model
[LOG 21:17:10.258] Load MU model: Squad/Props/Monitor/MonitorDockingMode
[LOG 21:17:10.258] Load MU model: Squad/Props/NavBall/model
[LOG 21:17:10.259] Load MU model: Squad/Props/PropsGeneric/Button_DockingMode
[LOG 21:17:10.259] Load MU model: Squad/Props/PropsGeneric/CargoBagA
[LOG 21:17:10.261] Load MU model: Squad/Props/PropsGeneric/CargoBagB
[LOG 21:17:10.261] Load MU model: Squad/Props/PropsGeneric/CargoBagC
[LOG 21:17:10.261] Load MU model: Squad/Props/PropsGeneric/Hatch_Plane
[LOG 21:17:10.261] Load MU model: Squad/Props/PropsGeneric/Hatch_Plane_Curve90
[LOG 21:17:10.261] Load MU model: Squad/Props/PropsGeneric/Hatch_Plane_Frame
[LOG 21:17:10.261] Load MU model: Squad/Props/PropsGeneric/Seat_Passenger
[LOG 21:17:10.261] Load MU model: Squad/Props/PropsGeneric/Seat_Pilot
[LOG 21:17:10.261] Load MU model: Squad/Props/PropsGeneric/Seat_Pilot_Helmet
[LOG 21:17:10.261] Load MU model: Squad/Props/PropsGeneric/SideStick
[LOG 21:17:10.261] Load MU model: Squad/Props/pullSwitch/model
[LOG 21:17:10.262] Load MU model: Squad/Props/radarAltitude/model
[LOG 21:17:10.262] Load MU model: Squad/Props/squareButton/model
[LOG 21:17:10.262] Load MU model: Squad/Props/standingSwitch/model
[LOG 21:17:10.262] Load MU model: Squad/Props/switch/model
[LOG 21:17:10.262] Load MU model: Squad/Props/switchGuard/model
[LOG 21:17:10.262] Load MU model: Squad/Props/switchWithGuards/model
[LOG 21:17:10.262] Load MU model: Squad/Props/throttle/model
[LOG 21:17:10.263] Load MU model: Squad/Props/VSI/model
[LOG 21:17:10.263] Load MU model: Squad/Spaces/crewCabinInternals/model
[LOG 21:17:10.264] Load MU model: Squad/Spaces/cupolaInternal/model
[LOG 21:17:10.265] Load MU model: Squad/Spaces/GenericSpace1/model
[LOG 21:17:10.267] Load MU model: Squad/Spaces/GenericSpace3/model
[LOG 21:17:10.269] Load MU model: Squad/Spaces/landerCabinInternals/model
[LOG 21:17:10.270] Load MU model: Squad/Spaces/landerCabinSmallInternal/model
[LOG 21:17:10.270] Load MU model: Squad/Spaces/LargeCrewedLabInternals/Large_Crewed_lab_Int
[LOG 21:17:10.272] Load MU model: Squad/Spaces/Mk1-3/model
[LOG 21:17:10.274] Load MU model: Squad/Spaces/mk1CabinInternal/mk1cabin
[LOG 21:17:10.276] Load MU model: Squad/Spaces/mk1CockpitInternal/Mk1StandardIVA
[LOG 21:17:10.278] Load MU model: Squad/Spaces/mk1InlineInternal/Mk1InlineIVA
[LOG 21:17:10.278] Load MU model: Squad/Spaces/mk1PodCockpit/model
[LOG 21:17:10.279] Load MU model: Squad/Spaces/mk1pod_IVA/mk1pod_IVA
[LOG 21:17:10.280] Load MU model: Squad/Spaces/mk2CockpitStandardInternal/model
[LOG 21:17:10.281] Load MU model: Squad/Spaces/Mk2CrewCabinInternal/MK2_CrewCab_Int
[LOG 21:17:10.282] Load MU model: Squad/Spaces/mk2InlineInternal/mk2InlineIVA
[LOG 21:17:10.284] Load MU model: Squad/Spaces/mk2LanderCanInternal/mk2LanderCanInternal
[LOG 21:17:10.285] Load MU model: Squad/Spaces/MK3CockpitInternal/MK3_Cockpit_Int
[LOG 21:17:10.285] Load MU model: Squad/Spaces/MK3_CrewCab_Int/MK3_CrewCab_Int
[LOG 21:17:10.287] Load MU model: Squad/Spaces/OverlayMasks/CupolaMask
[LOG 21:17:10.287] Load MU model: Squad/Spaces/OverlayMasks/HitchhikerBorder
[LOG 21:17:10.288] Load MU model: Squad/Spaces/OverlayMasks/HitchhikerMask
[LOG 21:17:10.288] Load MU model: Squad/Spaces/OverlayMasks/LargeLabBorder
[LOG 21:17:10.288] Load MU model: Squad/Spaces/OverlayMasks/LargeLabMask
[LOG 21:17:10.288] Load MU model: Squad/Spaces/OverlayMasks/Mk1CabinBorder
[LOG 21:17:10.288] Load MU model: Squad/Spaces/OverlayMasks/Mk1CabinMask
[LOG 21:17:10.289] Load MU model: Squad/Spaces/OverlayMasks/Mk1InlineMask
[LOG 21:17:10.289] Load MU model: Squad/Spaces/OverlayMasks/Mk1InlineMask2
[LOG 21:17:10.289] Load MU model: Squad/Spaces/OverlayMasks/Mk1StandardBorder2
[LOG 21:17:10.289] Load MU model: Squad/Spaces/OverlayMasks/Mk1StandardBorder3
[LOG 21:17:10.289] Load MU model: Squad/Spaces/OverlayMasks/Mk1StandardMask
[LOG 21:17:10.289] Load MU model: Squad/Spaces/OverlayMasks/Mk1StandardMask2
[LOG 21:17:10.289] Load MU model: Squad/Spaces/OverlayMasks/Mk1StandardMask3
[LOG 21:17:10.289] Load MU model: Squad/Spaces/OverlayMasks/Mk2CabinBorder
[LOG 21:17:10.289] Load MU model: Squad/Spaces/OverlayMasks/Mk2CabinMask
[LOG 21:17:10.289] Load MU model: Squad/Spaces/OverlayMasks/Mk2InlineBorder
[LOG 21:17:10.289] Load MU model: Squad/Spaces/OverlayMasks/Mk2InlineMask
[LOG 21:17:10.289] Load MU model: Squad/Spaces/OverlayMasks/Mk2StandardBorder
[LOG 21:17:10.289] Load MU model: Squad/Spaces/OverlayMasks/Mk2StandardMask
[LOG 21:17:10.289] Load MU model: Squad/Spaces/OverlayMasks/Mk3CabinBorder
[LOG 21:17:10.290] Load MU model: Squad/Spaces/OverlayMasks/Mk3CabinMask
[LOG 21:17:10.290] Load MU model: Squad/Spaces/OverlayMasks/Mk3CabinMask2
[LOG 21:17:10.290] Load MU model: Squad/Spaces/OverlayMasks/Mk3ShuttleBorder
[LOG 21:17:10.290] Load MU model: Squad/Spaces/OverlayMasks/Mk3ShuttleMask
[LOG 21:17:10.290] Load MU model: Squad/Spaces/OverlayMasks/Size1LanderBorder
[LOG 21:17:10.290] Load MU model: Squad/Spaces/OverlayMasks/Size1LanderMask
[LOG 21:17:10.290] Load MU model: Squad/Spaces/OverlayMasks/Size1PodBorder
[LOG 21:17:10.290] Load MU model: Squad/Spaces/OverlayMasks/Size1PodMask
[LOG 21:17:10.290] Load MU model: Squad/Spaces/OverlayMasks/Size2LanderBorder
[LOG 21:17:10.290] Load MU model: Squad/Spaces/OverlayMasks/Size2LanderMask
[LOG 21:17:10.290] Load MU model: Squad/Spaces/OverlayMasks/Size2PodBorder
[LOG 21:17:10.290] Load MU model: Squad/Spaces/OverlayMasks/Size2PodMask
[LOG 21:17:10.290] Load MU model: Squad/Spaces/Placeholder/PlaceholderIVA
[LOG 21:17:10.291] Load MU model: Squad/Spaces/PodCockpit/model
[LOG 21:17:10.293] Load MU model: SquadExpansion/MakingHistory/Parts/Aero/protectiveRocketNoseMk5A/Size_1_5_Cone
[LOG 21:17:10.293] Load MU model: SquadExpansion/MakingHistory/Parts/Coupling/Assets/EnginePlate
[LOG 21:17:10.293] Load MU model: SquadExpansion/MakingHistory/Parts/Coupling/Assets/InflatableAirlock
[LOG 21:17:10.294] Load MU model: SquadExpansion/MakingHistory/Parts/Coupling/Assets/Size1_5_Decoupler
[LOG 21:17:10.294] Load MU model: SquadExpansion/MakingHistory/Parts/Engine/Assets/KE-1
[LOG 21:17:10.297] Load MU model: SquadExpansion/MakingHistory/Parts/Engine/Assets/LV-T87
[LOG 21:17:10.298] Load MU model: SquadExpansion/MakingHistory/Parts/Engine/Assets/LV-T91
[LOG 21:17:10.299] Load MU model: SquadExpansion/MakingHistory/Parts/Engine/Assets/RE-I2
[LOG 21:17:10.302] Load MU model: SquadExpansion/MakingHistory/Parts/Engine/Assets/RE-J10
[LOG 21:17:10.302] Load MU model: SquadExpansion/MakingHistory/Parts/Engine/Assets/RK-7
[LOG 21:17:10.304] Load MU model: SquadExpansion/MakingHistory/Parts/Engine/Assets/RV-1
[LOG 21:17:10.304] Load MU model: SquadExpansion/MakingHistory/Parts/Engine/solidBoosterTHK/solidBoosterTHK
[LOG 21:17:10.304] Load MU model: SquadExpansion/MakingHistory/Parts/FuelTank/Assets/MiniMonoTank
[LOG 21:17:10.304] Load MU model: SquadExpansion/MakingHistory/Parts/FuelTank/Assets/Size1_5_Size0_Adapter_01
[LOG 21:17:10.305] Load MU model: SquadExpansion/MakingHistory/Parts/FuelTank/Assets/Size1_5_Size1_Adapter_01
[LOG 21:17:10.305] Load MU model: SquadExpansion/MakingHistory/Parts/FuelTank/Assets/Size1_5_Size1_Adapter_02
[LOG 21:17:10.305] Load MU model: SquadExpansion/MakingHistory/Parts/FuelTank/Assets/Size1_5_Size2_Adapter_01
[LOG 21:17:10.306] Load MU model: SquadExpansion/MakingHistory/Parts/FuelTank/Assets/Size1_5_Tank_01
[LOG 21:17:10.306] Load MU model: SquadExpansion/MakingHistory/Parts/FuelTank/Assets/Size1_5_Tank_02
[LOG 21:17:10.307] Load MU model: SquadExpansion/MakingHistory/Parts/FuelTank/Assets/Size1_5_Tank_03
[LOG 21:17:10.307] Load MU model: SquadExpansion/MakingHistory/Parts/FuelTank/Assets/Size1_5_Tank_04
[LOG 21:17:10.307] Load MU model: SquadExpansion/MakingHistory/Parts/FuelTank/Assets/Size1_5_Tank_05
[LOG 21:17:10.308] Load MU model: SquadExpansion/MakingHistory/Parts/FuelTank/Assets/Size3_Size4_Adapter_01
[LOG 21:17:10.308] Load MU model: SquadExpansion/MakingHistory/Parts/FuelTank/Assets/Size4_EngineAdapter_01
[LOG 21:17:10.308] Load MU model: SquadExpansion/MakingHistory/Parts/FuelTank/Assets/Size4_Tank_01
[LOG 21:17:10.309] Load MU model: SquadExpansion/MakingHistory/Parts/FuelTank/Assets/Size4_Tank_02
[LOG 21:17:10.309] Load MU model: SquadExpansion/MakingHistory/Parts/FuelTank/Assets/Size4_Tank_03
[LOG 21:17:10.309] Load MU model: SquadExpansion/MakingHistory/Parts/FuelTank/Assets/Size4_Tank_04
[LOG 21:17:10.309] Load MU model: SquadExpansion/MakingHistory/Parts/FuelTank/Assets/Size_1p5_Monoprop
[LOG 21:17:10.310] Load MU model: SquadExpansion/MakingHistory/Parts/Ground/Assets/RoverWheel
[WRN 21:17:10.310] WheelCollider requires an attached Rigidbody to function.
[WRN 21:17:10.310] WheelCollider requires an attached Rigidbody to function.
[LOG 21:17:10.310] Load MU model: SquadExpansion/MakingHistory/Parts/Payload/Assets/ServiceModule18
[LOG 21:17:10.311] Load MU model: SquadExpansion/MakingHistory/Parts/Payload/Assets/ServiceModule25
[LOG 21:17:10.313] Load MU model: SquadExpansion/MakingHistory/Parts/Payload/Assets/Size1to0ServiceModule
[LOG 21:17:10.313] Load MU model: SquadExpansion/MakingHistory/Parts/Pods/Assets/Mk2Pod
[LOG 21:17:10.314] Load MU model: SquadExpansion/MakingHistory/Parts/Pods/Assets/RoundPod
[LOG 21:17:10.314] Load MU model: SquadExpansion/MakingHistory/Parts/Pods/Assets/Size1_5_Lander
[LOG 21:17:10.315] Load MU model: SquadExpansion/MakingHistory/Parts/SharedAssets/Shroud1p5x0
[LOG 21:17:10.315] Load MU model: SquadExpansion/MakingHistory/Parts/SharedAssets/Shroud1p5x1
[LOG 21:17:10.315] Load MU model: SquadExpansion/MakingHistory/Parts/SharedAssets/Shroud1p5x2
[LOG 21:17:10.315] Load MU model: SquadExpansion/MakingHistory/Parts/SharedAssets/Shroud1p5x3
[LOG 21:17:10.315] Load MU model: SquadExpansion/MakingHistory/Parts/SharedAssets/Shroud1p5x4
[LOG 21:17:10.315] Load MU model: SquadExpansion/MakingHistory/Parts/SharedAssets/Shroud1x0
[LOG 21:17:10.315] Load MU model: SquadExpansion/MakingHistory/Parts/SharedAssets/Shroud1x1
[LOG 21:17:10.315] Load MU model: SquadExpansion/MakingHistory/Parts/SharedAssets/Shroud1x2
[LOG 21:17:10.316] Load MU model: SquadExpansion/MakingHistory/Parts/SharedAssets/Shroud1x3
[LOG 21:17:10.316] Load MU model: SquadExpansion/MakingHistory/Parts/SharedAssets/Shroud1x4
[LOG 21:17:10.316] Load MU model: SquadExpansion/MakingHistory/Parts/SharedAssets/Shroud2x0
[LOG 21:17:10.316] Load MU model: SquadExpansion/MakingHistory/Parts/SharedAssets/Shroud2x1
[LOG 21:17:10.316] Load MU model: SquadExpansion/MakingHistory/Parts/SharedAssets/Shroud2x2
[LOG 21:17:10.316] Load MU model: SquadExpansion/MakingHistory/Parts/SharedAssets/Shroud2x3
[LOG 21:17:10.316] Load MU model: SquadExpansion/MakingHistory/Parts/SharedAssets/Shroud2x4
[LOG 21:17:10.316] Load MU model: SquadExpansion/MakingHistory/Parts/SharedAssets/Shroud3x0
[LOG 21:17:10.316] Load MU model: SquadExpansion/MakingHistory/Parts/SharedAssets/Shroud3x1
[LOG 21:17:10.316] Load MU model: SquadExpansion/MakingHistory/Parts/SharedAssets/Shroud3x2
[LOG 21:17:10.316] Load MU model: SquadExpansion/MakingHistory/Parts/SharedAssets/Shroud3x3
[LOG 21:17:10.317] Load MU model: SquadExpansion/MakingHistory/Parts/SharedAssets/Shroud3x4
[LOG 21:17:10.317] Load MU model: SquadExpansion/MakingHistory/Parts/SharedAssets/Shroud4x0
[LOG 21:17:10.317] Load MU model: SquadExpansion/MakingHistory/Parts/SharedAssets/Shroud4x1
[LOG 21:17:10.317] Load MU model: SquadExpansion/MakingHistory/Parts/SharedAssets/Shroud4x2
[LOG 21:17:10.317] Load MU model: SquadExpansion/MakingHistory/Parts/SharedAssets/Shroud4x3
[LOG 21:17:10.317] Load MU model: SquadExpansion/MakingHistory/Parts/SharedAssets/Shroud4x4
[LOG 21:17:10.318] Load MU model: SquadExpansion/MakingHistory/Parts/SharedAssets/ShroudCollider0
[LOG 21:17:10.318] Load MU model: SquadExpansion/MakingHistory/Parts/SharedAssets/ShroudCollider1
[LOG 21:17:10.318] Load MU model: SquadExpansion/MakingHistory/Parts/SharedAssets/ShroudCollider1p5
[LOG 21:17:10.319] Load MU model: SquadExpansion/MakingHistory/Parts/SharedAssets/ShroudCollider2
[LOG 21:17:10.319] Load MU model: SquadExpansion/MakingHistory/Parts/SharedAssets/ShroudCollider3
[LOG 21:17:10.319] Load MU model: SquadExpansion/MakingHistory/Parts/SharedAssets/ShroudCollider4
[LOG 21:17:10.319] Load MU model: SquadExpansion/MakingHistory/Parts/Structural/Assets/EquiTriangle0
[LOG 21:17:10.319] Load MU model: SquadExpansion/MakingHistory/Parts/Structural/Assets/EquiTriangle1
[LOG 21:17:10.319] Load MU model: SquadExpansion/MakingHistory/Parts/Structural/Assets/EquiTriangle1p5
[LOG 21:17:10.319] Load MU model: SquadExpansion/MakingHistory/Parts/Structural/Assets/EquiTriangle2
[LOG 21:17:10.319] Load MU model: SquadExpansion/MakingHistory/Parts/Structural/Assets/Panel0
[LOG 21:17:10.320] Load MU model: SquadExpansion/MakingHistory/Parts/Structural/Assets/Panel1
[LOG 21:17:10.320] Load MU model: SquadExpansion/MakingHistory/Parts/Structural/Assets/Panel1p5
[LOG 21:17:10.320] Load MU model: SquadExpansion/MakingHistory/Parts/Structural/Assets/Panel2
[LOG 21:17:10.320] Load MU model: SquadExpansion/MakingHistory/Parts/Structural/Assets/Triangle0
[LOG 21:17:10.320] Load MU model: SquadExpansion/MakingHistory/Parts/Structural/Assets/Triangle1
[LOG 21:17:10.320] Load MU model: SquadExpansion/MakingHistory/Parts/Structural/Assets/Triangle1p5
[LOG 21:17:10.320] Load MU model: SquadExpansion/MakingHistory/Parts/Structural/Assets/Triangle2
[LOG 21:17:10.320] Load MU model: SquadExpansion/MakingHistory/Parts/Utility/flags/flagSize1p5/flagSize1p5Meshes
[LOG 21:17:10.321] Load MU model: SquadExpansion/MakingHistory/Parts/Utility/flags/flagSize4/flagSize4Meshes
[LOG 21:17:10.322] Load MU model: SquadExpansion/MakingHistory/Spaces/KVPods/Airlock_IVA
[LOG 21:17:10.323] Load MU model: SquadExpansion/MakingHistory/Spaces/KVPods/KV1_IVA
[LOG 21:17:10.324] Load MU model: SquadExpansion/MakingHistory/Spaces/KVPods/KV2_IVA
[LOG 21:17:10.325] Load MU model: SquadExpansion/MakingHistory/Spaces/KVPods/KV3_IVA
[LOG 21:17:10.326] Load MU model: SquadExpansion/MakingHistory/Spaces/MEM/MEM_IVA
[LOG 21:17:10.328] Load MU model: SquadExpansion/MakingHistory/Spaces/Mk2Pod/MK2POD_IVA
[LOG 21:17:10.329] Load MU model: SquadExpansion/Serenity/Parts/Aero/Assets/FanShroud_01
[LOG 21:17:10.329] Load MU model: SquadExpansion/Serenity/Parts/Aero/Assets/FanShroud_02
[LOG 21:17:10.330] Load MU model: SquadExpansion/Serenity/Parts/Aero/Assets/FanShroud_03
[LOG 21:17:10.330] Load MU model: SquadExpansion/Serenity/Parts/Aero/Assets/noseconeTiny
[LOG 21:17:10.331] Load MU model: SquadExpansion/Serenity/Parts/Aero/Assets/noseconeVS
[LOG 21:17:10.331] Load MU model: SquadExpansion/Serenity/Parts/DeployedScience/Assets/CentralStation
[LOG 21:17:10.332] Load MU model: SquadExpansion/Serenity/Parts/DeployedScience/Assets/GoExOb
[LOG 21:17:10.335] Load MU model: SquadExpansion/Serenity/Parts/DeployedScience/Assets/IonExperiment
[LOG 21:17:10.336] Load MU model: SquadExpansion/Serenity/Parts/DeployedScience/Assets/RTGCask
[LOG 21:17:10.336] Load MU model: SquadExpansion/Serenity/Parts/DeployedScience/Assets/satDish
[LOG 21:17:10.339] Load MU model: SquadExpansion/Serenity/Parts/DeployedScience/Assets/seismicSensor
[LOG 21:17:10.342] Load MU model: SquadExpansion/Serenity/Parts/DeployedScience/Assets/solarPanel
[LOG 21:17:10.343] Load MU model: SquadExpansion/Serenity/Parts/DeployedScience/Assets/WeatherStation
[LOG 21:17:10.345] Load MU model: SquadExpansion/Serenity/Parts/Propellers/Assets/largeFanBlade
[LOG 21:17:10.345] Load MU model: SquadExpansion/Serenity/Parts/Propellers/Assets/largeHeliBlade
[LOG 21:17:10.345] Load MU model: SquadExpansion/Serenity/Parts/Propellers/Assets/largePropeller
[LOG 21:17:10.346] Load MU model: SquadExpansion/Serenity/Parts/Propellers/Assets/mediumFanBlade
[LOG 21:17:10.346] Load MU model: SquadExpansion/Serenity/Parts/Propellers/Assets/mediumHeliBlade
[LOG 21:17:10.346] Load MU model: SquadExpansion/Serenity/Parts/Propellers/Assets/mediumPropeller
[LOG 21:17:10.346] Load MU model: SquadExpansion/Serenity/Parts/Propellers/Assets/smallFanBlade
[LOG 21:17:10.346] Load MU model: SquadExpansion/Serenity/Parts/Propellers/Assets/smallHeliBlade
[LOG 21:17:10.346] Load MU model: SquadExpansion/Serenity/Parts/Propellers/Assets/smallPropeller
[LOG 21:17:10.346] Load MU model: SquadExpansion/Serenity/Parts/Robotics/Assets/hinge_01
[LOG 21:17:10.347] Load MU model: SquadExpansion/Serenity/Parts/Robotics/Assets/hinge_01_s
[LOG 21:17:10.347] Load MU model: SquadExpansion/Serenity/Parts/Robotics/Assets/hinge_03
[LOG 21:17:10.347] Load MU model: SquadExpansion/Serenity/Parts/Robotics/Assets/hinge_03_s
[LOG 21:17:10.347] Load MU model: SquadExpansion/Serenity/Parts/Robotics/Assets/hinge_04
[LOG 21:17:10.348] Load MU model: SquadExpansion/Serenity/Parts/Robotics/Assets/piston_01
[LOG 21:17:10.348] Load MU model: SquadExpansion/Serenity/Parts/Robotics/Assets/piston_02
[LOG 21:17:10.348] Load MU model: SquadExpansion/Serenity/Parts/Robotics/Assets/piston_03
[LOG 21:17:10.348] Load MU model: SquadExpansion/Serenity/Parts/Robotics/Assets/piston_04
[LOG 21:17:10.348] Load MU model: SquadExpansion/Serenity/Parts/Robotics/Assets/RotorEngine_02
[LOG 21:17:10.349] Load MU model: SquadExpansion/Serenity/Parts/Robotics/Assets/RotorEngine_03
[LOG 21:17:10.350] Load MU model: SquadExpansion/Serenity/Parts/Robotics/Assets/rotor_01
[LOG 21:17:10.350] Load MU model: SquadExpansion/Serenity/Parts/Robotics/Assets/rotor_01s
[LOG 21:17:10.351] Load MU model: SquadExpansion/Serenity/Parts/Robotics/Assets/rotor_02
[LOG 21:17:10.351] Load MU model: SquadExpansion/Serenity/Parts/Robotics/Assets/rotor_02s
[LOG 21:17:10.352] Load MU model: SquadExpansion/Serenity/Parts/Robotics/Assets/rotor_03
[LOG 21:17:10.352] Load MU model: SquadExpansion/Serenity/Parts/Robotics/Assets/rotor_03s
[LOG 21:17:10.353] Load MU model: SquadExpansion/Serenity/Parts/Robotics/Assets/RotoServo_00
[LOG 21:17:10.353] Load MU model: SquadExpansion/Serenity/Parts/Robotics/Assets/RotoServo_02
[LOG 21:17:10.353] Load MU model: SquadExpansion/Serenity/Parts/Robotics/Assets/RotoServo_03
[LOG 21:17:10.354] Load MU model: SquadExpansion/Serenity/Parts/Robotics/Assets/RotoServo_04
[LOG 21:17:10.354] Load MU model: SquadExpansion/Serenity/Parts/Robotics/Controllers/controller1000
[LOG 21:17:10.354] Load MU model: SquadExpansion/Serenity/Parts/Science/RobotArmScanner/Assets/ROCArm_01
[LOG 21:17:10.355] Load MU model: SquadExpansion/Serenity/Parts/Science/RobotArmScanner/Assets/ROCArm_02
[LOG 21:17:10.356] Load MU model: SquadExpansion/Serenity/Parts/Science/RobotArmScanner/Assets/ROCArm_03
[LOG 21:17:10.359] Load MU model: SquadExpansion/Serenity/Parts/Structural/gripPads/Assets/lGripPad
[LOG 21:17:10.360] Load MU model: SquadExpansion/Serenity/Parts/Structural/gripPads/Assets/lGripStrip
[LOG 21:17:10.360] Load MU model: SquadExpansion/Serenity/Parts/Structural/gripPads/Assets/mGripPad
[LOG 21:17:10.360] Load MU model: SquadExpansion/Serenity/Parts/Structural/gripPads/Assets/sGripPad
[LOG 21:17:10.360] Load MU model: SquadExpansion/Serenity/Parts/Structural/gripPads/Assets/sGripStrip
[LOG 21:17:10.361] Loading Asset Bundle Definitions
[LOG 21:17:10.362] AssetLoader: Loading bundle definitions
[LOG 21:17:10.480] AssetLoader: Loaded bundle 'squadcore'
[LOG 21:17:10.481] AssetLoader: Loaded bundle 'squadcorefx'
[LOG 21:17:10.482] AssetLoader: Loaded mod bundle 'kspedia'
[LOG 21:17:10.482] AssetLoader: Loaded mod bundle 'kspedia_actionsets'
[LOG 21:17:10.482] AssetLoader: Loaded mod bundle 'kspedia_aircraft'
[LOG 21:17:10.483] AssetLoader: Loaded mod bundle 'kspedia_aircraftbasics'
[LOG 21:17:10.483] AssetLoader: Loaded mod bundle 'kspedia_aircraftbasicsbalance'
[LOG 21:17:10.483] AssetLoader: Loaded mod bundle 'kspedia_aircraftbasicsbalance2'
[LOG 21:17:10.484] AssetLoader: Loaded mod bundle 'kspedia_aircraftbasicscol'
[LOG 21:17:10.484] AssetLoader: Loaded mod bundle 'kspedia_aircraftbasicscontrol'
[LOG 21:17:10.484] AssetLoader: Loaded mod bundle 'kspedia_aircraftbasicscontrolsurfaces'
[LOG 21:17:10.484] AssetLoader: Loaded mod bundle 'kspedia_aircraftbasicsdrag'
[LOG 21:17:10.485] AssetLoader: Loaded mod bundle 'kspedia_aircraftbasicsengines'
[LOG 21:17:10.485] AssetLoader: Loaded mod bundle 'kspedia_aircraftbasicsforces'
[LOG 21:17:10.485] AssetLoader: Loaded mod bundle 'kspedia_aircraftbasicsintakes'
[LOG 21:17:10.485] AssetLoader: Loaded mod bundle 'kspedia_aircraftbasicslandinggear'
[LOG 21:17:10.485] AssetLoader: Loaded mod bundle 'kspedia_aircraftbasicslift'
[LOG 21:17:10.486] AssetLoader: Loaded mod bundle 'kspedia_axisgroups'
[LOG 21:17:10.486] AssetLoader: Loaded mod bundle 'kspedia_career'
[LOG 21:17:10.487] AssetLoader: Loaded mod bundle 'kspedia_careerbasicscontracts'
[LOG 21:17:10.487] AssetLoader: Loaded mod bundle 'kspedia_careerbasicscrew'
[LOG 21:17:10.487] AssetLoader: Loaded mod bundle 'kspedia_careerbasicscurrencies'
[LOG 21:17:10.487] AssetLoader: Loaded mod bundle 'kspedia_careerbasicsexperience'
[LOG 21:17:10.487] AssetLoader: Loaded mod bundle 'kspedia_careerbasicsfacilities'
[LOG 21:17:10.488] AssetLoader: Loaded mod bundle 'kspedia_careerbasicsstrategies'
[LOG 21:17:10.488] AssetLoader: Loaded mod bundle 'kspedia_careerbasicstechnology'
[LOG 21:17:10.488] AssetLoader: Loaded mod bundle 'kspedia_careerui-ac'
[LOG 21:17:10.488] AssetLoader: Loaded mod bundle 'kspedia_careerui-admin'
[LOG 21:17:10.489] AssetLoader: Loaded mod bundle 'kspedia_careerui-ksc'
[LOG 21:17:10.489] AssetLoader: Loaded mod bundle 'kspedia_careerui-mc'
[LOG 21:17:10.489] AssetLoader: Loaded mod bundle 'kspedia_careerui-sciencearchives'
[LOG 21:17:10.489] AssetLoader: Loaded mod bundle 'kspedia_careerui-techtree'
[LOG 21:17:10.490] AssetLoader: Loaded mod bundle 'kspedia_careerui-ts'
[LOG 21:17:10.490] AssetLoader: Loaded mod bundle 'kspedia_careerui'
[LOG 21:17:10.490] AssetLoader: Loaded mod bundle 'kspedia_cargoapp'
[LOG 21:17:10.490] AssetLoader: Loaded mod bundle 'kspedia_cargomode'
[LOG 21:17:10.490] AssetLoader: Loaded mod bundle 'kspedia_cargosystem-placeableparts'
[LOG 21:17:10.491] AssetLoader: Loaded mod bundle 'kspedia_cargosystem'
[LOG 21:17:10.491] AssetLoader: Loaded mod bundle 'kspedia_chute'
[LOG 21:17:10.491] AssetLoader: Loaded mod bundle 'kspedia_commnet'
[LOG 21:17:10.491] AssetLoader: Loaded mod bundle 'kspedia_commnetbasics'
[LOG 21:17:10.492] AssetLoader: Loaded mod bundle 'kspedia_commnetbuildingeffectivenetworks'
[LOG 21:17:10.492] AssetLoader: Loaded mod bundle 'kspedia_commnetcalculatingrange'
[LOG 21:17:10.492] AssetLoader: Loaded mod bundle 'kspedia_commnetcontrollevels'
[LOG 21:17:10.492] AssetLoader: Loaded mod bundle 'kspedia_commnetcontrollinks'
[LOG 21:17:10.492] AssetLoader: Loaded mod bundle 'kspedia_commnetcontrolpoints'
[LOG 21:17:10.492] AssetLoader: Loaded mod bundle 'kspedia_commnetgui'
[LOG 21:17:10.493] AssetLoader: Loaded mod bundle 'kspedia_commnetgui01'
[LOG 21:17:10.493] AssetLoader: Loaded mod bundle 'kspedia_commnetgui02'
[LOG 21:17:10.493] AssetLoader: Loaded mod bundle 'kspedia_commnetrange'
[LOG 21:17:10.493] AssetLoader: Loaded mod bundle 'kspedia_commnetrelays'
[LOG 21:17:10.493] AssetLoader: Loaded mod bundle 'kspedia_commnetsciencetransmission'
[LOG 21:17:10.493] AssetLoader: Loaded mod bundle 'kspedia_commnetsignalstrength'
[LOG 21:17:10.494] AssetLoader: Loaded mod bundle 'kspedia_commnettransmission'
[LOG 21:17:10.494] AssetLoader: Loaded mod bundle 'kspedia_constructionui-actiongroups'
[LOG 21:17:10.494] AssetLoader: Loaded mod bundle 'kspedia_constructionui-applauncher'
[LOG 21:17:10.494] AssetLoader: Loaded mod bundle 'kspedia_constructionui-crew'
[LOG 21:17:10.494] AssetLoader: Loaded mod bundle 'kspedia_constructionui-engineersreport'
[LOG 21:17:10.495] AssetLoader: Loaded mod bundle 'kspedia_constructionui-gizmos'
[LOG 21:17:10.495] AssetLoader: Loaded mod bundle 'kspedia_constructionui-infos'
[LOG 21:17:10.495] AssetLoader: Loaded mod bundle 'kspedia_constructionui-partdetails'
[LOG 21:17:10.495] AssetLoader: Loaded mod bundle 'kspedia_constructionui-parts'
[LOG 21:17:10.495] AssetLoader: Loaded mod bundle 'kspedia_constructionui-symmetry'
[LOG 21:17:10.495] AssetLoader: Loaded mod bundle 'kspedia_constructionui-vesseldetails'
[LOG 21:17:10.496] AssetLoader: Loaded mod bundle 'kspedia_constructionui'
[LOG 21:17:10.496] AssetLoader: Loaded mod bundle 'kspedia_controls-dockingmode'
[LOG 21:17:10.496] AssetLoader: Loaded mod bundle 'kspedia_controls-editor'
[LOG 21:17:10.496] AssetLoader: Loaded mod bundle 'kspedia_controls-editorgizmos'
[LOG 21:17:10.496] AssetLoader: Loaded mod bundle 'kspedia_controls-eva'
[LOG 21:17:10.497] AssetLoader: Loaded mod bundle 'kspedia_controls-flight'
[LOG 21:17:10.497] AssetLoader: Loaded mod bundle 'kspedia_controls-flightactivities'
[LOG 21:17:10.497] AssetLoader: Loaded mod bundle 'kspedia_controls-flightdirections'
[LOG 21:17:10.497] AssetLoader: Loaded mod bundle 'kspedia_controls-general'
[LOG 21:17:10.497] AssetLoader: Loaded mod bundle 'kspedia_controls-mapandtime'
[LOG 21:17:10.498] AssetLoader: Loaded mod bundle 'kspedia_controls-mouseconstruction'
[LOG 21:17:10.498] AssetLoader: Loaded mod bundle 'kspedia_controls-mouseflight'
[LOG 21:17:10.498] AssetLoader: Loaded mod bundle 'kspedia_controls-rcs'
[LOG 21:17:10.498] AssetLoader: Loaded mod bundle 'kspedia_controls'
[LOG 21:17:10.499] AssetLoader: Loaded mod bundle 'kspedia_eastereggs'
[LOG 21:17:10.499] AssetLoader: Loaded mod bundle 'kspedia_evaconstructionmode'
[LOG 21:17:10.499] AssetLoader: Loaded mod bundle 'kspedia_facilities-ac'
[LOG 21:17:10.499] AssetLoader: Loaded mod bundle 'kspedia_facilities-admin'
[LOG 21:17:10.499] AssetLoader: Loaded mod bundle 'kspedia_facilities-context'
[LOG 21:17:10.500] AssetLoader: Loaded mod bundle 'kspedia_facilities-ksc'
[LOG 21:17:10.500] AssetLoader: Loaded mod bundle 'kspedia_facilities-launchpad'
[LOG 21:17:10.500] AssetLoader: Loaded mod bundle 'kspedia_facilities-mc'
[LOG 21:17:10.500] AssetLoader: Loaded mod bundle 'kspedia_facilities-randd'
[LOG 21:17:10.500] AssetLoader: Loaded mod bundle 'kspedia_facilities-runway'
[LOG 21:17:10.501] AssetLoader: Loaded mod bundle 'kspedia_facilities-sph'
[LOG 21:17:10.501] AssetLoader: Loaded mod bundle 'kspedia_facilities-ts'
[LOG 21:17:10.501] AssetLoader: Loaded mod bundle 'kspedia_facilities-vab'
[LOG 21:17:10.501] AssetLoader: Loaded mod bundle 'kspedia_flightui-altimeter'
[LOG 21:17:10.501] AssetLoader: Loaded mod bundle 'kspedia_flightui-applauncher'
[LOG 21:17:10.501] AssetLoader: Loaded mod bundle 'kspedia_flightui-evaactivities'
[LOG 21:17:10.501] AssetLoader: Loaded mod bundle 'kspedia_flightui-maneuvermodeeditor'
[LOG 21:17:10.503] AssetLoader: Loaded mod bundle 'kspedia_flightui-maneuvermodeeditorcont'
[LOG 21:17:10.503] AssetLoader: Loaded mod bundle 'kspedia_flightui-maneuvermodeorbit'
[LOG 21:17:10.503] AssetLoader: Loaded mod bundle 'kspedia_flightui-maneuvertoolinfo'
[LOG 21:17:10.503] AssetLoader: Loaded mod bundle 'kspedia_flightui-maneuvertoolmain'
[LOG 21:17:10.503] AssetLoader: Loaded mod bundle 'kspedia_flightui-modecontrol'
[LOG 21:17:10.503] AssetLoader: Loaded mod bundle 'kspedia_flightui-navball'
[LOG 21:17:10.504] AssetLoader: Loaded mod bundle 'kspedia_flightui-partrepairs'
[LOG 21:17:10.504] AssetLoader: Loaded mod bundle 'kspedia_flightui-portraits'
[LOG 21:17:10.504] AssetLoader: Loaded mod bundle 'kspedia_flightui-staging'
[LOG 21:17:10.505] AssetLoader: Loaded mod bundle 'kspedia_flightui-timeandaction'
[LOG 21:17:10.505] AssetLoader: Loaded mod bundle 'kspedia_flightui'
[LOG 21:17:10.505] AssetLoader: Loaded mod bundle 'kspedia_heat'
[LOG 21:17:10.505] AssetLoader: Loaded mod bundle 'kspedia_heatactiveradiators'
[LOG 21:17:10.505] AssetLoader: Loaded mod bundle 'kspedia_heatengines'
[LOG 21:17:10.505] AssetLoader: Loaded mod bundle 'kspedia_heatflow'
[LOG 21:17:10.505] AssetLoader: Loaded mod bundle 'kspedia_heatpart'
[LOG 21:17:10.506] AssetLoader: Loaded mod bundle 'kspedia_heatpassiveradiators'
[LOG 21:17:10.506] AssetLoader: Loaded mod bundle 'kspedia_heatshields'
[LOG 21:17:10.506] AssetLoader: Loaded mod bundle 'kspedia_kerbnet'
[LOG 21:17:10.506] AssetLoader: Loaded mod bundle 'kspedia_kerbnetinterface'
[LOG 21:17:10.506] AssetLoader: Loaded mod bundle 'kspedia_kerbnetmodes'
[LOG 21:17:10.507] AssetLoader: Loaded mod bundle 'kspedia_kerbnetwaypoints'
[LOG 21:17:10.507] AssetLoader: Loaded mod bundle 'kspedia_locations'
[LOG 21:17:10.507] AssetLoader: Loaded mod bundle 'kspedia_manual'
[LOG 21:17:10.507] AssetLoader: Loaded mod bundle 'kspedia_mapui-alarmclockcreation'
[LOG 21:17:10.508] AssetLoader: Loaded mod bundle 'kspedia_mapui-alarmclockmain'
[LOG 21:17:10.508] AssetLoader: Loaded mod bundle 'kspedia_mapui-burnindicator'
[LOG 21:17:10.508] AssetLoader: Loaded mod bundle 'kspedia_mapui-dvtoolsflight'
[LOG 21:17:10.508] AssetLoader: Loaded mod bundle 'kspedia_mapui-dvtoolsvab'
[LOG 21:17:10.508] AssetLoader: Loaded mod bundle 'kspedia_mapui-mannodes'
[LOG 21:17:10.509] AssetLoader: Loaded mod bundle 'kspedia_mapui-orbitnodes'
[LOG 21:17:10.509] AssetLoader: Loaded mod bundle 'kspedia_mapui-orbitnodes2'
[LOG 21:17:10.509] AssetLoader: Loaded mod bundle 'kspedia_mapui'
[LOG 21:17:10.509] AssetLoader: Loaded mod bundle 'kspedia_orbitalbasics-atmosphere'
[LOG 21:17:10.509] AssetLoader: Loaded mod bundle 'kspedia_orbitalbasics-gettingbackdown'
[LOG 21:17:10.510] AssetLoader: Loaded mod bundle 'kspedia_orbitalbasics-gettingupthere'
[LOG 21:17:10.510] AssetLoader: Loaded mod bundle 'kspedia_orbitalbasics-gravityturn'
[LOG 21:17:10.510] AssetLoader: Loaded mod bundle 'kspedia_orbitalbasics-orbits'
[LOG 21:17:10.510] AssetLoader: Loaded mod bundle 'kspedia_orbitalbasics-stayingupthere'
[LOG 21:17:10.510] AssetLoader: Loaded mod bundle 'kspedia_orbitalbasics'
[LOG 21:17:10.511] AssetLoader: Loaded mod bundle 'kspedia_orbitaldefinitions-appe'
[LOG 21:17:10.511] AssetLoader: Loaded mod bundle 'kspedia_orbitaldefinitions-dirandinc'
[LOG 21:17:10.511] AssetLoader: Loaded mod bundle 'kspedia_orbitaldefinitions-directions'
[LOG 21:17:10.511] AssetLoader: Loaded mod bundle 'kspedia_orbitaldefinitions-eccentricity'
[LOG 21:17:10.511] AssetLoader: Loaded mod bundle 'kspedia_orbitaldefinitions'
[LOG 21:17:10.512] AssetLoader: Loaded mod bundle 'kspedia_orbitalmaneuvers-adjustinginclination'
[LOG 21:17:10.512] AssetLoader: Loaded mod bundle 'kspedia_orbitalmaneuvers-deltav'
[LOG 21:17:10.512] AssetLoader: Loaded mod bundle 'kspedia_orbitalmaneuvers-efficiency'
[LOG 21:17:10.512] AssetLoader: Loaded mod bundle 'kspedia_orbitalmaneuvers-hohmanntransfer'
[LOG 21:17:10.512] AssetLoader: Loaded mod bundle 'kspedia_orbitalmaneuvers-hohmanntransfer2'
[LOG 21:17:10.513] AssetLoader: Loaded mod bundle 'kspedia_orbitalmaneuvers-orbittypes'
[LOG 21:17:10.513] AssetLoader: Loaded mod bundle 'kspedia_orbitalmaneuvers-radandantirad'
[LOG 21:17:10.513] AssetLoader: Loaded mod bundle 'kspedia_orbitalmaneuvers-shapingup'
[LOG 21:17:10.513] AssetLoader: Loaded mod bundle 'kspedia_orbitalmaneuvers'
[LOG 21:17:10.513] AssetLoader: Loaded mod bundle 'kspedia_planets-dres'
[LOG 21:17:10.514] AssetLoader: Loaded mod bundle 'kspedia_planets-duna'
[LOG 21:17:10.514] AssetLoader: Loaded mod bundle 'kspedia_planets-eeloo'
[LOG 21:17:10.514] AssetLoader: Loaded mod bundle 'kspedia_planets-eve'
[LOG 21:17:10.514] AssetLoader: Loaded mod bundle 'kspedia_planets-jool'
[LOG 21:17:10.514] AssetLoader: Loaded mod bundle 'kspedia_planets-kerbin'
[LOG 21:17:10.514] AssetLoader: Loaded mod bundle 'kspedia_planets-moho'
[LOG 21:17:10.515] AssetLoader: Loaded mod bundle 'kspedia_planets-sun'
[LOG 21:17:10.515] AssetLoader: Loaded mod bundle 'kspedia_planets-system'
[LOG 21:17:10.515] AssetLoader: Loaded mod bundle 'kspedia_resources-asteroidmining'
[LOG 21:17:10.515] AssetLoader: Loaded mod bundle 'kspedia_resources-conversionmanagement'
[LOG 21:17:10.515] AssetLoader: Loaded mod bundle 'kspedia_resources-drilling'
[LOG 21:17:10.516] AssetLoader: Loaded mod bundle 'kspedia_resources-findingit'
[LOG 21:17:10.516] AssetLoader: Loaded mod bundle 'kspedia_resources-findingit2'
[LOG 21:17:10.517] AssetLoader: Loaded mod bundle 'kspedia_resources-storageandconversion'
[LOG 21:17:10.517] AssetLoader: Loaded mod bundle 'kspedia_resources'
[LOG 21:17:10.517] AssetLoader: Loaded mod bundle 'kspedia_rocketry'
[LOG 21:17:10.517] AssetLoader: Loaded mod bundle 'kspedia_rocketryadvanced-fairings'
[LOG 21:17:10.517] AssetLoader: Loaded mod bundle 'kspedia_rocketryadvanced-girders'
[LOG 21:17:10.518] AssetLoader: Loaded mod bundle 'kspedia_rocketryadvanced'
[LOG 21:17:10.518] AssetLoader: Loaded mod bundle 'kspedia_rocketrybasics'
[LOG 21:17:10.518] AssetLoader: Loaded mod bundle 'kspedia_rocketrybasicsaero'
[LOG 21:17:10.518] AssetLoader: Loaded mod bundle 'kspedia_rocketrybasicscentered'
[LOG 21:17:10.519] AssetLoader: Loaded mod bundle 'kspedia_rocketrybasicschutes'
[LOG 21:17:10.519] AssetLoader: Loaded mod bundle 'kspedia_rocketrybasicscontrol'
[LOG 21:17:10.519] AssetLoader: Loaded mod bundle 'kspedia_rocketrybasicsecrecharging'
[LOG 21:17:10.519] AssetLoader: Loaded mod bundle 'kspedia_rocketrybasicsengines'
[LOG 21:17:10.519] AssetLoader: Loaded mod bundle 'kspedia_rocketrybasicsforces'
[LOG 21:17:10.519] AssetLoader: Loaded mod bundle 'kspedia_rocketrybasicshatchesandladders'
[LOG 21:17:10.519] AssetLoader: Loaded mod bundle 'kspedia_rocketrybasicshibernation'
[LOG 21:17:10.520] AssetLoader: Loaded mod bundle 'kspedia_rocketrybasicsresources'
[LOG 21:17:10.520] AssetLoader: Loaded mod bundle 'kspedia_rocketrybasicsservicecontainers'
[LOG 21:17:10.520] AssetLoader: Loaded mod bundle 'kspedia_rocketrybasicsstability'
[LOG 21:17:10.521] AssetLoader: Loaded mod bundle 'kspedia_rocketrybasicsstabilityassist'
[LOG 21:17:10.521] AssetLoader: Loaded mod bundle 'kspedia_rocketrybasicsstaging'
[LOG 21:17:10.521] AssetLoader: Loaded mod bundle 'kspedia_rocketrybasicssymmetry'
[LOG 21:17:10.521] AssetLoader: Loaded mod bundle 'kspedia_science'
[LOG 21:17:10.521] AssetLoader: Loaded mod bundle 'kspedia_sciencedata'
[LOG 21:17:10.522] AssetLoader: Loaded mod bundle 'kspedia_scienceexperiments'
[LOG 21:17:10.522] AssetLoader: Loaded mod bundle 'kspedia_sciencelab'
[LOG 21:17:10.522] AssetLoader: Loaded mod bundle 'kspedia_sciencetransmitted'
[LOG 21:17:10.522] AssetLoader: Loaded mod bundle 'kspedia_spacetravel'
[LOG 21:17:10.523] AssetLoader: Loaded mod bundle 'kspedia_variantswitcher'
[LOG 21:17:10.523] AssetLoader: Loaded mod bundle 'kspfonts'
[LOG 21:17:10.655] AssetLoader: Loaded bundle 'squadcore'
[LOG 21:17:10.655] AssetLoader: Loaded bundle 'squadcorefx'
[LOG 21:17:10.655] AssetLoader: Loaded mod bundle 'kspedia_builder'
[LOG 21:17:10.656] AssetLoader: Loaded mod bundle 'kspedia_buildertoolbar'
[LOG 21:17:10.656] AssetLoader: Loaded mod bundle 'kspedia_canvas'
[LOG 21:17:10.656] AssetLoader: Loaded mod bundle 'kspedia_exportingvalidation'
[LOG 21:17:10.657] AssetLoader: Loaded mod bundle 'kspedia_flight'
[LOG 21:17:10.657] AssetLoader: Loaded mod bundle 'kspedia_flightapp'
[LOG 21:17:10.658] AssetLoader: Loaded mod bundle 'kspedia_gap'
[LOG 21:17:10.658] AssetLoader: Loaded mod bundle 'kspedia_gaptools'
[LOG 21:17:10.658] AssetLoader: Loaded mod bundle 'kspedia_makinghistory'
[LOG 21:17:10.658] AssetLoader: Loaded mod bundle 'kspedia_missionbriefing'
[LOG 21:17:10.659] AssetLoader: Loaded mod bundle 'kspedia_nodedocking'
[LOG 21:17:10.659] AssetLoader: Loaded mod bundle 'kspedia_nodesconnectors'
[LOG 21:17:10.659] AssetLoader: Loaded mod bundle 'kspedia_sap'
[LOG 21:17:10.659] AssetLoader: Loaded mod bundle 'kspedia_sidebar'
[LOG 21:17:10.659] AssetLoader: Loaded mod bundle 'kspedia_testingcheckpoints'
[LOG 21:17:10.660] AssetLoader: Loaded bundle 'makinghistory'
[LOG 21:17:10.660] AssetLoader: Loaded mod bundle 'kspedia_bladecyclic-collective-behaviour'
[LOG 21:17:10.660] AssetLoader: Loaded mod bundle 'kspedia_bladecyclic-collective-controls'
[LOG 21:17:10.660] AssetLoader: Loaded mod bundle 'kspedia_deployedscience-experiments'
[LOG 21:17:10.661] AssetLoader: Loaded mod bundle 'kspedia_deployedscience'
[LOG 21:17:10.661] AssetLoader: Loaded mod bundle 'kspedia_grippads'
[LOG 21:17:10.661] AssetLoader: Loaded mod bundle 'kspedia_layindtracks'
[LOG 21:17:10.661] AssetLoader: Loaded mod bundle 'kspedia_propellers'
[LOG 21:17:10.662] AssetLoader: Loaded mod bundle 'kspedia_propellersaerodynamics'
[LOG 21:17:10.662] AssetLoader: Loaded mod bundle 'kspedia_roboticcontroller'
[LOG 21:17:10.662] AssetLoader: Loaded mod bundle 'kspedia_roboticparts'
[LOG 21:17:10.662] AssetLoader: Loaded mod bundle 'kspedia_surface features-overview'
[LOG 21:17:10.663] AssetLoader: Loaded mod bundle 'kspedia_surface features-roverarmdetails'
[LOG 21:17:10.663] AssetLoader: Loaded mod bundle 'kspedia_trackeditor'
[LOG 21:17:10.664] AssetLoader: Loaded mod bundle 'kspedia_trackeditortoolbar'
[LOG 21:17:10.664] AssetLoader: Loaded mod bundle 'serenity'
[LOG 21:17:10.665] AssetLoader: Finished loading. 226 bundle definitions loaded.
[LOG 21:17:10.665] Compiling Configs:
[LOG 21:17:10.665] Config(PHYSICSGLOBALS) /Physics/PHYSICSGLOBALS
[LOG 21:17:10.665] Config(KSP_COMMUNITY_FIXES) KSPCommunityFixes/Settings/KSP_COMMUNITY_FIXES
[LOG 21:17:10.665] Config(Localization) KSPCommunityFixes/Localization/en-us/Localization
[LOG 21:17:10.665] Config(Localization) KSPCommunityFixes/Localization/fr-fr/Localization
[LOG 21:17:10.665] Config(Localization) KSPCommunityFixes/Localization/ru/Localization
[LOG 21:17:10.665] Config(Localization) KSPCommunityFixes/Localization/zh-cn/Localization
[LOG 21:17:10.665] Config(@PART[*]:HAS[@MODULE[ModuleDockingNodeFixed]]:NEEDS[FixDockingNodes]:FINAL) KSPCommunityFixes/MMPatches/ModSupport/FixDockingNodes/@PART[*]:HAS[@MODULE[ModuleDockingNodeFixed]]:NEEDS[FixDockingNodes]:FINAL
[LOG 21:17:10.665] Config(@PART[*]:HAS[@MODULE[Refunding]]:LAST[999_KSP-Recall]) KSPCommunityFixes/MMPatches/ModSupport/KSPRecall/@PART[*]:HAS[@MODULE[Refunding]]:LAST[999_KSP-Recall]
[LOG 21:17:10.665] Config(@PART[*]:HAS[#hasRefundingOnRecovery[?rue]]:LAST[999_KSP-Recall]) KSPCommunityFixes/MMPatches/ModSupport/KSPRecall/@PART[*]:HAS[#hasRefundingOnRecovery[?rue]]:LAST[999_KSP-Recall]
[LOG 21:17:10.665] Config(@PART[*]:HAS[#hasRefundingOnRecovery]:LAST[999_KSP-Recall]) KSPCommunityFixes/MMPatches/ModSupport/KSPRecall/@PART[*]:HAS[#hasRefundingOnRecovery]:LAST[999_KSP-Recall]
[LOG 21:17:10.665] Config(@KSP-Recall:LAST[999_KSP-Recall]) KSPCommunityFixes/MMPatches/ModSupport/KSPRecall/@KSP-Recall:LAST[999_KSP-Recall]
[LOG 21:17:10.665] Config(@KSP-Recall:HAS[#hasRefundingOnRecovery[?rue]]:LAST[999_KSP-Recall]) KSPCommunityFixes/MMPatches/ModSupport/KSPRecall/@KSP-Recall:HAS[#hasRefundingOnRecovery[?rue]]:LAST[999_KSP-Recall]
[LOG 21:17:10.665] Config(@KSP-Recall:HAS[#hasRefundingOnRecovery]:LAST[999_KSP-Recall]) KSPCommunityFixes/MMPatches/ModSupport/KSPRecall/@KSP-Recall:HAS[#hasRefundingOnRecovery]:LAST[999_KSP-Recall]
[LOG 21:17:10.665] Config(@KSP_COMMUNITY_FIXES:NEEDS[AttachedOnEditor]) KSPCommunityFixes/MMPatches/ModSupport/KSPRecall/@KSP_COMMUNITY_FIXES:NEEDS[AttachedOnEditor]
[LOG 21:17:10.665] Config(@KSP_COMMUNITY_FIXES:NEEDS[UniversalStorage2]) KSPCommunityFixes/MMPatches/ModSupport/UniversalStorage/@KSP_COMMUNITY_FIXES:NEEDS[UniversalStorage2]
[LOG 21:17:10.665] Config(@PART[telescopicLadderBay]:FIRST) KSPCommunityFixes/MMPatches/StockTweaks/LadderToggleableLight/@PART[telescopicLadderBay]:FIRST
[LOG 21:17:10.665] Config(@PART[telescopicLadderBay]:HAS[#LadderToggleableLight[?rue]]:FIRST) KSPCommunityFixes/MMPatches/StockTweaks/LadderToggleableLight/@PART[telescopicLadderBay]:HAS[#LadderToggleableLight[?rue]]:FIRST
[LOG 21:17:10.666] Config(@PART[telescopicLadderBay]:HAS[#LadderToggleableLight]:FIRST) KSPCommunityFixes/MMPatches/StockTweaks/LadderToggleableLight/@PART[telescopicLadderBay]:HAS[#LadderToggleableLight]:FIRST
[LOG 21:17:10.666] Config(@PART[GearSmall]:FIRST) KSPCommunityFixes/MMPatches/StockTweaks/LandingGearLights/@PART[GearSmall]:FIRST
[LOG 21:17:10.666] Config(@PART[SmallGearBay]:FIRST) KSPCommunityFixes/MMPatches/StockTweaks/LandingGearLights/@PART[SmallGearBay]:FIRST
[LOG 21:17:10.666] Config(@PART[sasModule]:FOR[KSPCommunityFixes]) KSPCommunityFixes/MMPatches/StockTweaks/ManufacturerFixes/@PART[sasModule]:FOR[KSPCommunityFixes]
[LOG 21:17:10.666] Config(@PART[xenonTankRadial]:FOR[KSPCommunityFixes]) KSPCommunityFixes/MMPatches/StockTweaks/ManufacturerFixes/@PART[xenonTankRadial]:FOR[KSPCommunityFixes]
[LOG 21:17:10.666] Config(@PART[winglet|fireworksLauncherSmall|fireworksLauncherBig]:FOR[KSPCommunityFixes]) KSPCommunityFixes/MMPatches/StockTweaks/ManufacturerFixes/@PART[winglet|fireworksLauncherSmall|fireworksLauncherBig]:FOR[KSPCommunityFixes]
[LOG 21:17:10.666] Config(@PART[solidBooster_sm_v2|solidBooster_v2]:FOR[KSPCommunityFixes]) KSPCommunityFixes/MMPatches/StockTweaks/ManufacturerFixes/@PART[solidBooster_sm_v2|solidBooster_v2]:FOR[KSPCommunityFixes]
[LOG 21:17:10.666] Config(@PART[ServiceBay_125_v2|ServiceBay_250_v2]:FOR[KSPCommunityFixes]) KSPCommunityFixes/MMPatches/StockTweaks/ManufacturerFixes/@PART[ServiceBay_125_v2|ServiceBay_250_v2]:FOR[KSPCommunityFixes]
[LOG 21:17:10.666] Config(@PART[externalTankCapsule]:FOR[KSPCommunityFixes]) KSPCommunityFixes/MMPatches/StockTweaks/ManufacturerFixes/@PART[externalTankCapsule]:FOR[KSPCommunityFixes]
[LOG 21:17:10.666] Config(@PART[RCSFuelTank|rcsTankMini|RCSTank1-2]:FOR[KSPCommunityFixes]) KSPCommunityFixes/MMPatches/StockTweaks/ManufacturerFixes/@PART[RCSFuelTank|rcsTankMini|RCSTank1-2]:FOR[KSPCommunityFixes]
[LOG 21:17:10.666] Config(@PART[landerCabinSmall]:FOR[KSPCommunityFixes]) KSPCommunityFixes/MMPatches/StockTweaks/ManufacturerFixes/@PART[landerCabinSmall]:FOR[KSPCommunityFixes]
[LOG 21:17:10.666] Config(@PART[dockingPortLateral]:FOR[KSPCommunityFixes]) KSPCommunityFixes/MMPatches/StockTweaks/ManufacturerFixes/@PART[dockingPortLateral]:FOR[KSPCommunityFixes]
[LOG 21:17:10.666] Config(@PART[EnginePlate4]:FOR[KSPCommunityFixes]:NEEDS[SquadExpansion/MakingHistory]) KSPCommunityFixes/MMPatches/StockTweaks/ManufacturerFixes/@PART[EnginePlate4]:FOR[KSPCommunityFixes]:NEEDS[SquadExpansion/MakingHistory]
[LOG 21:17:10.666] Config(@PART[Mk2Pod]:FOR[KSPCommunityFixes]:NEEDS[SquadExpansion/MakingHistory]) KSPCommunityFixes/MMPatches/StockTweaks/ManufacturerFixes/@PART[Mk2Pod]:FOR[KSPCommunityFixes]:NEEDS[SquadExpansion/MakingHistory]
[LOG 21:17:10.666] Config(@PART[evaChute|parachuteSingle|parachuteRadial|radialDrogue|parachuteLarge|parachuteDrogue]:FOR[KSPCommunityFixes]) KSPCommunityFixes/MMPatches/StockTweaks/ManufacturerFixes/@PART[evaChute|parachuteSingle|parachuteRadial|radialDrogue|parachuteLarge|parachuteDrogue]:FOR[KSPCommunityFixes]
[LOG 21:17:10.666] Config(@PART[stackPoint1|dockingPort1|dockingPort2|dockingPort3|dockingPortLarge]:FOR[KSPCommunityFixes]) KSPCommunityFixes/MMPatches/StockTweaks/ManufacturerFixes/@PART[stackPoint1|dockingPort1|dockingPort2|dockingPort3|dockingPortLarge]:FOR[KSPCommunityFixes]
[LOG 21:17:10.666] Config(AGENT) KSPCommunityFixes/MMPatches/StockTweaks/ManufacturerFixes/Clamp-O-Tron
[LOG 21:17:10.666] Config(AGENT) KSPCommunityFixes/MMPatches/StockTweaks/ManufacturerFixes/FreeFall Parachutes
[LOG 21:17:10.666] Config(AGENT) KSPCommunityFixes/MMPatches/StockTweaks/ManufacturerFixes/LightYear Tire Company
[LOG 21:17:10.666] Config(AGENT) KSPCommunityFixes/MMPatches/StockTweaks/ManufacturerFixes/Stratus Corporation
[LOG 21:17:10.666] Config(Localization) KSPCommunityFixes/MMPatches/StockTweaks/ManufacturerFixes/Localization
[LOG 21:17:10.666] Config(AGENT) Squad/Agencies/Agents/C7 Aerospace Division
[LOG 21:17:10.666] Config(AGENT) Squad/Agencies/Agents/Dinkelstein Kerman's Construction Emporium
[LOG 21:17:10.666] Config(AGENT) Squad/Agencies/Agents/Experimental Engineering Group
[LOG 21:17:10.666] Config(AGENT) Squad/Agencies/Agents/FLOOYD Dynamics Research Labs
[LOG 21:17:10.666] Config(AGENT) Squad/Agencies/Agents/Goliath National Products
[LOG 21:17:10.666] Config(AGENT) Squad/Agencies/Agents/Integrated Integrals
[LOG 21:17:10.666] Config(AGENT) Squad/Agencies/Agents/Ionic Symphonic Protonic Electronics
[LOG 21:17:10.666] Config(AGENT) Squad/Agencies/Agents/Jebediah Kerman's Junkyard and Spacecraft Parts Co
[LOG 21:17:10.666] Config(AGENT) Squad/Agencies/Agents/Kerbal Motion LLC
[LOG 21:17:10.666] Config(AGENT) Squad/Agencies/Agents/Kerbin World-Firsts Record-Keeping Society
[LOG 21:17:10.666] Config(AGENT) Squad/Agencies/Agents/Kerbodyne
[LOG 21:17:10.666] Config(AGENT) Squad/Agencies/Agents/Kerlington Model Rockets and Paper Products Inc
[LOG 21:17:10.666] Config(AGENT) Squad/Agencies/Agents/Maxo Construction Toys
[LOG 21:17:10.666] Config(AGENT) Squad/Agencies/Agents/Moving Parts Experts Group
[LOG 21:17:10.666] Config(AGENT) Squad/Agencies/Agents/O.M.B. Demolition Enterprises
[LOG 21:17:10.666] Config(AGENT) Squad/Agencies/Agents/Periapsis Rocket Supplies Co
[LOG 21:17:10.666] Config(AGENT) Squad/Agencies/Agents/Probodobodyne Inc
[LOG 21:17:10.666] Config(AGENT) Squad/Agencies/Agents/Research & Development Department
[LOG 21:17:10.666] Config(AGENT) Squad/Agencies/Agents/Reaction Systems Ltd
[LOG 21:17:10.666] Config(AGENT) Squad/Agencies/Agents/Rockomax Conglomerate
[LOG 21:17:10.666] Config(AGENT) Squad/Agencies/Agents/Rokea Inc
[LOG 21:17:10.666] Config(AGENT) Squad/Agencies/Agents/Sean's Cannery
[LOG 21:17:10.666] Config(AGENT) Squad/Agencies/Agents/STEADLER Engineering Corps
[LOG 21:17:10.667] Config(AGENT) Squad/Agencies/Agents/StrutCo
[LOG 21:17:10.667] Config(AGENT) Squad/Agencies/Agents/Vac-Co Advanced Suction Systems
[LOG 21:17:10.667] Config(AGENT) Squad/Agencies/Agents/WinterOwl Aircraft Emporium
[LOG 21:17:10.667] Config(AGENT) Squad/Agencies/Agents/Zaltonic Electronics
[LOG 21:17:10.667] Config(CONTRACT_CONSTRUCTION_PARTS) Squad/Contracts/constructionContractParts/CONTRACT_CONSTRUCTION_PARTS
[LOG 21:17:10.667] Config(Contracts) Squad/Contracts/Contracts/Contracts
[LOG 21:17:10.667] Config(CONTRACTCRAFT) Squad/Contracts/PrebuiltCraft/prebuiltData/CONTRACTCRAFT
[LOG 21:17:10.667] Config(CONTRACTCRAFT) Squad/Contracts/PrebuiltCraft/OrbitalConstructionContract/orbitalConstructionContractCraft/CONTRACTCRAFT
[LOG 21:17:10.667] Config(CONTRACTCRAFT) Squad/Contracts/PrebuiltCraft/RepairContract/repairContractCraft/CONTRACTCRAFT
[LOG 21:17:10.667] Config(CONTRACTCRAFT) Squad/Contracts/PrebuiltCraft/RoverContract/roverContractCraft/CONTRACTCRAFT
[LOG 21:17:10.667] Config(KEYBOARD_LAYOUT) Squad/Controls/Azerty/#autoLOC_6001233
[LOG 21:17:10.667] Config(PITCH_DOWN) Squad/Controls/Azerty/PITCH_DOWN
[LOG 21:17:10.667] Config(PITCH_UP) Squad/Controls/Azerty/PITCH_UP
[LOG 21:17:10.667] Config(YAW_LEFT) Squad/Controls/Azerty/YAW_LEFT
[LOG 21:17:10.667] Config(YAW_RIGHT) Squad/Controls/Azerty/YAW_RIGHT
[LOG 21:17:10.667] Config(ROLL_LEFT) Squad/Controls/Azerty/ROLL_LEFT
[LOG 21:17:10.667] Config(ROLL_RIGHT) Squad/Controls/Azerty/ROLL_RIGHT
[LOG 21:17:10.667] Config(THROTTLE_UP) Squad/Controls/Azerty/THROTTLE_UP
[LOG 21:17:10.667] Config(THROTTLE_DOWN) Squad/Controls/Azerty/THROTTLE_DOWN
[LOG 21:17:10.667] Config(SAS_HOLD) Squad/Controls/Azerty/SAS_HOLD
[LOG 21:17:10.667] Config(SAS_TOGGLE) Squad/Controls/Azerty/SAS_TOGGLE
[LOG 21:17:10.667] Config(LAUNCH_STAGES) Squad/Controls/Azerty/LAUNCH_STAGES
[LOG 21:17:10.667] Config(Docking_toggleRotLin) Squad/Controls/Azerty/Docking_toggleRotLin
[LOG 21:17:10.667] Config(CAMERA_MODE) Squad/Controls/Azerty/CAMERA_MODE
[LOG 21:17:10.667] Config(CAMERA_NEXT) Squad/Controls/Azerty/CAMERA_NEXT
[LOG 21:17:10.667] Config(PAUSE) Squad/Controls/Azerty/PAUSE
[LOG 21:17:10.667] Config(PRECISION_CTRL) Squad/Controls/Azerty/PRECISION_CTRL
[LOG 21:17:10.667] Config(ZOOM_IN) Squad/Controls/Azerty/ZOOM_IN
[LOG 21:17:10.667] Config(ZOOM_OUT) Squad/Controls/Azerty/ZOOM_OUT
[LOG 21:17:10.667] Config(SCROLL_VIEW_UP) Squad/Controls/Azerty/SCROLL_VIEW_UP
[LOG 21:17:10.667] Config(SCROLL_VIEW_DOWN) Squad/Controls/Azerty/SCROLL_VIEW_DOWN
[LOG 21:17:10.667] Config(SCROLL_ICONS_UP) Squad/Controls/Azerty/SCROLL_ICONS_UP
[LOG 21:17:10.667] Config(SCROLL_ICONS_DOWN) Squad/Controls/Azerty/SCROLL_ICONS_DOWN
[LOG 21:17:10.667] Config(CAMERA_ORBIT_UP) Squad/Controls/Azerty/CAMERA_ORBIT_UP
[LOG 21:17:10.667] Config(CAMERA_ORBIT_DOWN) Squad/Controls/Azerty/CAMERA_ORBIT_DOWN
[LOG 21:17:10.667] Config(CAMERA_ORBIT_LEFT) Squad/Controls/Azerty/CAMERA_ORBIT_LEFT
[LOG 21:17:10.667] Config(CAMERA_ORBIT_RIGHT) Squad/Controls/Azerty/CAMERA_ORBIT_RIGHT
[LOG 21:17:10.667] Config(CAMERA_RESET) Squad/Controls/Azerty/CAMERA_RESET
[LOG 21:17:10.667] Config(CAMERA_MOUSE_TOGGLE) Squad/Controls/Azerty/CAMERA_MOUSE_TOGGLE
[LOG 21:17:10.667] Config(TIME_WARP_INCREASE) Squad/Controls/Azerty/TIME_WARP_INCREASE
[LOG 21:17:10.667] Config(TIME_WARP_DECREASE) Squad/Controls/Azerty/TIME_WARP_DECREASE
[LOG 21:17:10.667] Config(TIME_WARP_STOP) Squad/Controls/Azerty/TIME_WARP_STOP
[LOG 21:17:10.667] Config(MAP_VIEW_TOGGLE) Squad/Controls/Azerty/MAP_VIEW_TOGGLE
[LOG 21:17:10.668] Config(NAVBALL_TOGGLE) Squad/Controls/Azerty/NAVBALL_TOGGLE
[LOG 21:17:10.668] Config(UIMODE_STAGING) Squad/Controls/Azerty/UIMODE_STAGING
[LOG 21:17:10.668] Config(UIMODE_DOCKING) Squad/Controls/Azerty/UIMODE_DOCKING
[LOG 21:17:10.668] Config(TRANSLATE_DOWN) Squad/Controls/Azerty/TRANSLATE_DOWN
[LOG 21:17:10.668] Config(TRANSLATE_UP) Squad/Controls/Azerty/TRANSLATE_UP
[LOG 21:17:10.668] Config(TRANSLATE_LEFT) Squad/Controls/Azerty/TRANSLATE_LEFT
[LOG 21:17:10.668] Config(TRANSLATE_RIGHT) Squad/Controls/Azerty/TRANSLATE_RIGHT
[LOG 21:17:10.668] Config(TRANSLATE_FWD) Squad/Controls/Azerty/TRANSLATE_FWD
[LOG 21:17:10.668] Config(TRANSLATE_BACK) Squad/Controls/Azerty/TRANSLATE_BACK
[LOG 21:17:10.668] Config(RCS_TOGGLE) Squad/Controls/Azerty/RCS_TOGGLE
[LOG 21:17:10.668] Config(FOCUS_NEXT_VESSEL) Squad/Controls/Azerty/FOCUS_NEXT_VESSEL
[LOG 21:17:10.668] Config(FOCUS_PREV_VESSEL) Squad/Controls/Azerty/FOCUS_PREV_VESSEL
[LOG 21:17:10.668] Config(TOGGLE_UI) Squad/Controls/Azerty/TOGGLE_UI
[LOG 21:17:10.668] Config(TOGGLE_STATUS_SCREEN) Squad/Controls/Azerty/TOGGLE_STATUS_SCREEN
[LOG 21:17:10.668] Config(TAKE_SCREENSHOT) Squad/Controls/Azerty/TAKE_SCREENSHOT
[LOG 21:17:10.668] Config(TOGGLE_LABELS) Squad/Controls/Azerty/TOGGLE_LABELS
[LOG 21:17:10.668] Config(TOGGLE_TEMP_GAUGES) Squad/Controls/Azerty/TOGGLE_TEMP_GAUGES
[LOG 21:17:10.668] Config(TOGGLE_TEMP_OVERLAY) Squad/Controls/Azerty/TOGGLE_TEMP_OVERLAY
[LOG 21:17:10.668] Config(TOGGLE_FLIGHT_FORCES) Squad/Controls/Azerty/TOGGLE_FLIGHT_FORCES
[LOG 21:17:10.668] Config(QUICKSAVE) Squad/Controls/Azerty/QUICKSAVE
[LOG 21:17:10.668] Config(QUICKLOAD) Squad/Controls/Azerty/QUICKLOAD
[LOG 21:17:10.668] Config(THROTTLE_CUTOFF) Squad/Controls/Azerty/THROTTLE_CUTOFF
[LOG 21:17:10.668] Config(THROTTLE_FULL) Squad/Controls/Azerty/THROTTLE_FULL
[LOG 21:17:10.668] Config(LANDING_GEAR) Squad/Controls/Azerty/LANDING_GEAR
[LOG 21:17:10.668] Config(HEADLIGHT_TOGGLE) Squad/Controls/Azerty/HEADLIGHT_TOGGLE
[LOG 21:17:10.668] Config(BRAKES) Squad/Controls/Azerty/BRAKES
[LOG 21:17:10.668] Config(TOGGLE_SPACENAV_FLIGHT_CONTROL) Squad/Controls/Azerty/TOGGLE_SPACENAV_FLIGHT_CONTROL
[LOG 21:17:10.668] Config(TOGGLE_SPACENAV_ROLL_LOCK) Squad/Controls/Azerty/TOGGLE_SPACENAV_ROLL_LOCK
[LOG 21:17:10.668] Config(WHEEL_STEER_LEFT) Squad/Controls/Azerty/WHEEL_STEER_LEFT
[LOG 21:17:10.668] Config(WHEEL_STEER_RIGHT) Squad/Controls/Azerty/WHEEL_STEER_RIGHT
[LOG 21:17:10.668] Config(WHEEL_THROTTLE_DOWN) Squad/Controls/Azerty/WHEEL_THROTTLE_DOWN
[LOG 21:17:10.668] Config(WHEEL_THROTTLE_UP) Squad/Controls/Azerty/WHEEL_THROTTLE_UP
[LOG 21:17:10.668] Config(EVA_forward) Squad/Controls/Azerty/EVA_forward
[LOG 21:17:10.668] Config(EVA_back) Squad/Controls/Azerty/EVA_back
[LOG 21:17:10.668] Config(EVA_left) Squad/Controls/Azerty/EVA_left
[LOG 21:17:10.668] Config(EVA_right) Squad/Controls/Azerty/EVA_right
[LOG 21:17:10.668] Config(EVA_yaw_left) Squad/Controls/Azerty/EVA_yaw_left
[LOG 21:17:10.668] Config(EVA_yaw_right) Squad/Controls/Azerty/EVA_yaw_right
[LOG 21:17:10.668] Config(EVA_Pack_forward) Squad/Controls/Azerty/EVA_Pack_forward
[LOG 21:17:10.668] Config(EVA_Pack_back) Squad/Controls/Azerty/EVA_Pack_back
[LOG 21:17:10.668] Config(EVA_Pack_left) Squad/Controls/Azerty/EVA_Pack_left
[LOG 21:17:10.668] Config(EVA_Pack_right) Squad/Controls/Azerty/EVA_Pack_right
[LOG 21:17:10.668] Config(EVA_Pack_up) Squad/Controls/Azerty/EVA_Pack_up
[LOG 21:17:10.668] Config(EVA_Pack_down) Squad/Controls/Azerty/EVA_Pack_down
[LOG 21:17:10.668] Config(EVA_Jump) Squad/Controls/Azerty/EVA_Jump
[LOG 21:17:10.668] Config(EVA_Run) Squad/Controls/Azerty/EVA_Run
[LOG 21:17:10.668] Config(EVA_ToggleMovementMode) Squad/Controls/Azerty/EVA_ToggleMovementMode
[LOG 21:17:10.668] Config(EVA_TogglePack) Squad/Controls/Azerty/EVA_TogglePack
[LOG 21:17:10.668] Config(EVA_Use) Squad/Controls/Azerty/EVA_Use
[LOG 21:17:10.669] Config(EVA_Board) Squad/Controls/Azerty/EVA_Board
[LOG 21:17:10.669] Config(EVA_Orient) Squad/Controls/Azerty/EVA_Orient
[LOG 21:17:10.669] Config(EVA_Lights) Squad/Controls/Azerty/EVA_Lights
[LOG 21:17:10.669] Config(EVA_ChuteDeploy) Squad/Controls/Azerty/EVA_ChuteDeploy
[LOG 21:17:10.669] Config(Editor_pitchUp) Squad/Controls/Azerty/Editor_pitchUp
[LOG 21:17:10.669] Config(Editor_pitchDown) Squad/Controls/Azerty/Editor_pitchDown
[LOG 21:17:10.669] Config(Editor_yawLeft) Squad/Controls/Azerty/Editor_yawLeft
[LOG 21:17:10.669] Config(Editor_yawRight) Squad/Controls/Azerty/Editor_yawRight
[LOG 21:17:10.669] Config(Editor_rollLeft) Squad/Controls/Azerty/Editor_rollLeft
[LOG 21:17:10.669] Config(Editor_rollRight) Squad/Controls/Azerty/Editor_rollRight
[LOG 21:17:10.669] Config(Editor_resetRotation) Squad/Controls/Azerty/Editor_resetRotation
[LOG 21:17:10.669] Config(Editor_modePlace) Squad/Controls/Azerty/Editor_modePlace
[LOG 21:17:10.669] Config(Editor_modeOffset) Squad/Controls/Azerty/Editor_modeOffset
[LOG 21:17:10.669] Config(Editor_modeRotate) Squad/Controls/Azerty/Editor_modeRotate
[LOG 21:17:10.669] Config(Editor_modeRoot) Squad/Controls/Azerty/Editor_modeRoot
[LOG 21:17:10.669] Config(Editor_coordSystem) Squad/Controls/Azerty/Editor_coordSystem
[LOG 21:17:10.669] Config(Editor_toggleSymMethod) Squad/Controls/Azerty/Editor_toggleSymMethod
[LOG 21:17:10.669] Config(Editor_toggleSymMode) Squad/Controls/Azerty/Editor_toggleSymMode
[LOG 21:17:10.669] Config(Editor_toggleAngleSnap) Squad/Controls/Azerty/Editor_toggleAngleSnap
[LOG 21:17:10.669] Config(Editor_fineTweak) Squad/Controls/Azerty/Editor_fineTweak
[LOG 21:17:10.669] Config(Editor_partSearch) Squad/Controls/Azerty/Editor_partSearch
[LOG 21:17:10.669] Config(Editor_zoomScrollModifier) Squad/Controls/Azerty/Editor_zoomScrollModifier
[LOG 21:17:10.669] Config(MODIFIER_KEY) Squad/Controls/Azerty/MODIFIER_KEY
[LOG 21:17:10.669] Config(AbortActionGroup) Squad/Controls/Azerty/AbortActionGroup
[LOG 21:17:10.669] Config(CustomActionGroup1) Squad/Controls/Azerty/CustomActionGroup1
[LOG 21:17:10.669] Config(CustomActionGroup2) Squad/Controls/Azerty/CustomActionGroup2
[LOG 21:17:10.669] Config(CustomActionGroup3) Squad/Controls/Azerty/CustomActionGroup3
[LOG 21:17:10.669] Config(CustomActionGroup4) Squad/Controls/Azerty/CustomActionGroup4
[LOG 21:17:10.669] Config(CustomActionGroup5) Squad/Controls/Azerty/CustomActionGroup5
[LOG 21:17:10.669] Config(CustomActionGroup6) Squad/Controls/Azerty/CustomActionGroup6
[LOG 21:17:10.669] Config(CustomActionGroup7) Squad/Controls/Azerty/CustomActionGroup7
[LOG 21:17:10.669] Config(CustomActionGroup8) Squad/Controls/Azerty/CustomActionGroup8
[LOG 21:17:10.669] Config(CustomActionGroup9) Squad/Controls/Azerty/CustomActionGroup9
[LOG 21:17:10.669] Config(CustomActionGroup10) Squad/Controls/Azerty/CustomActionGroup10
[LOG 21:17:10.669] Config(KEY_MAP) Squad/Controls/Azerty/KEY_MAP
[LOG 21:17:10.669] Config(KEYBOARD_LAYOUT) Squad/Controls/Dvorak/#autoLOC_6001234
[LOG 21:17:10.669] Config(PITCH_DOWN) Squad/Controls/Dvorak/PITCH_DOWN
[LOG 21:17:10.669] Config(PITCH_UP) Squad/Controls/Dvorak/PITCH_UP
[LOG 21:17:10.669] Config(YAW_LEFT) Squad/Controls/Dvorak/YAW_LEFT
[LOG 21:17:10.669] Config(YAW_RIGHT) Squad/Controls/Dvorak/YAW_RIGHT
[LOG 21:17:10.669] Config(ROLL_LEFT) Squad/Controls/Dvorak/ROLL_LEFT
[LOG 21:17:10.669] Config(ROLL_RIGHT) Squad/Controls/Dvorak/ROLL_RIGHT
[LOG 21:17:10.669] Config(THROTTLE_UP) Squad/Controls/Dvorak/THROTTLE_UP
[LOG 21:17:10.669] Config(THROTTLE_DOWN) Squad/Controls/Dvorak/THROTTLE_DOWN
[LOG 21:17:10.670] Config(SAS_HOLD) Squad/Controls/Dvorak/SAS_HOLD
[LOG 21:17:10.670] Config(SAS_TOGGLE) Squad/Controls/Dvorak/SAS_TOGGLE
[LOG 21:17:10.670] Config(LAUNCH_STAGES) Squad/Controls/Dvorak/LAUNCH_STAGES
[LOG 21:17:10.670] Config(Docking_toggleRotLin) Squad/Controls/Dvorak/Docking_toggleRotLin
[LOG 21:17:10.670] Config(CAMERA_MODE) Squad/Controls/Dvorak/CAMERA_MODE
[LOG 21:17:10.670] Config(CAMERA_NEXT) Squad/Controls/Dvorak/CAMERA_NEXT
[LOG 21:17:10.670] Config(PAUSE) Squad/Controls/Dvorak/PAUSE
[LOG 21:17:10.670] Config(PRECISION_CTRL) Squad/Controls/Dvorak/PRECISION_CTRL
[LOG 21:17:10.670] Config(ZOOM_IN) Squad/Controls/Dvorak/ZOOM_IN
[LOG 21:17:10.670] Config(ZOOM_OUT) Squad/Controls/Dvorak/ZOOM_OUT
[LOG 21:17:10.670] Config(SCROLL_VIEW_UP) Squad/Controls/Dvorak/SCROLL_VIEW_UP
[LOG 21:17:10.670] Config(SCROLL_VIEW_DOWN) Squad/Controls/Dvorak/SCROLL_VIEW_DOWN
[LOG 21:17:10.670] Config(SCROLL_ICONS_UP) Squad/Controls/Dvorak/SCROLL_ICONS_UP
[LOG 21:17:10.670] Config(SCROLL_ICONS_DOWN) Squad/Controls/Dvorak/SCROLL_ICONS_DOWN
[LOG 21:17:10.670] Config(CAMERA_ORBIT_UP) Squad/Controls/Dvorak/CAMERA_ORBIT_UP
[LOG 21:17:10.670] Config(CAMERA_ORBIT_DOWN) Squad/Controls/Dvorak/CAMERA_ORBIT_DOWN
[LOG 21:17:10.670] Config(CAMERA_ORBIT_LEFT) Squad/Controls/Dvorak/CAMERA_ORBIT_LEFT
[LOG 21:17:10.670] Config(CAMERA_ORBIT_RIGHT) Squad/Controls/Dvorak/CAMERA_ORBIT_RIGHT
[LOG 21:17:10.670] Config(CAMERA_RESET) Squad/Controls/Dvorak/CAMERA_RESET
[LOG 21:17:10.670] Config(CAMERA_MOUSE_TOGGLE) Squad/Controls/Dvorak/CAMERA_MOUSE_TOGGLE
[LOG 21:17:10.670] Config(TIME_WARP_INCREASE) Squad/Controls/Dvorak/TIME_WARP_INCREASE
[LOG 21:17:10.670] Config(TIME_WARP_DECREASE) Squad/Controls/Dvorak/TIME_WARP_DECREASE
[LOG 21:17:10.670] Config(TIME_WARP_STOP) Squad/Controls/Dvorak/TIME_WARP_STOP
[LOG 21:17:10.670] Config(MAP_VIEW_TOGGLE) Squad/Controls/Dvorak/MAP_VIEW_TOGGLE
[LOG 21:17:10.670] Config(NAVBALL_TOGGLE) Squad/Controls/Dvorak/NAVBALL_TOGGLE
[LOG 21:17:10.670] Config(UIMODE_STAGING) Squad/Controls/Dvorak/UIMODE_STAGING
[LOG 21:17:10.670] Config(UIMODE_DOCKING) Squad/Controls/Dvorak/UIMODE_DOCKING
[LOG 21:17:10.670] Config(TRANSLATE_DOWN) Squad/Controls/Dvorak/TRANSLATE_DOWN
[LOG 21:17:10.670] Config(TRANSLATE_UP) Squad/Controls/Dvorak/TRANSLATE_UP
[LOG 21:17:10.670] Config(TRANSLATE_LEFT) Squad/Controls/Dvorak/TRANSLATE_LEFT
[LOG 21:17:10.670] Config(TRANSLATE_RIGHT) Squad/Controls/Dvorak/TRANSLATE_RIGHT
[LOG 21:17:10.670] Config(TRANSLATE_FWD) Squad/Controls/Dvorak/TRANSLATE_FWD
[LOG 21:17:10.670] Config(TRANSLATE_BACK) Squad/Controls/Dvorak/TRANSLATE_BACK
[LOG 21:17:10.670] Config(RCS_TOGGLE) Squad/Controls/Dvorak/RCS_TOGGLE
[LOG 21:17:10.670] Config(FOCUS_NEXT_VESSEL) Squad/Controls/Dvorak/FOCUS_NEXT_VESSEL
[LOG 21:17:10.670] Config(FOCUS_PREV_VESSEL) Squad/Controls/Dvorak/FOCUS_PREV_VESSEL
[LOG 21:17:10.670] Config(TOGGLE_UI) Squad/Controls/Dvorak/TOGGLE_UI
[LOG 21:17:10.670] Config(TOGGLE_STATUS_SCREEN) Squad/Controls/Dvorak/TOGGLE_STATUS_SCREEN
[LOG 21:17:10.670] Config(TAKE_SCREENSHOT) Squad/Controls/Dvorak/TAKE_SCREENSHOT
[LOG 21:17:10.670] Config(TOGGLE_LABELS) Squad/Controls/Dvorak/TOGGLE_LABELS
[LOG 21:17:10.670] Config(TOGGLE_TEMP_GAUGES) Squad/Controls/Dvorak/TOGGLE_TEMP_GAUGES
[LOG 21:17:10.670] Config(TOGGLE_TEMP_OVERLAY) Squad/Controls/Dvorak/TOGGLE_TEMP_OVERLAY
[LOG 21:17:10.670] Config(TOGGLE_FLIGHT_FORCES) Squad/Controls/Dvorak/TOGGLE_FLIGHT_FORCES
[LOG 21:17:10.670] Config(QUICKSAVE) Squad/Controls/Dvorak/QUICKSAVE
[LOG 21:17:10.670] Config(QUICKLOAD) Squad/Controls/Dvorak/QUICKLOAD
[LOG 21:17:10.670] Config(THROTTLE_CUTOFF) Squad/Controls/Dvorak/THROTTLE_CUTOFF
[LOG 21:17:10.670] Config(THROTTLE_FULL) Squad/Controls/Dvorak/THROTTLE_FULL
[LOG 21:17:10.671] Config(LANDING_GEAR) Squad/Controls/Dvorak/LANDING_GEAR
[LOG 21:17:10.671] Config(HEADLIGHT_TOGGLE) Squad/Controls/Dvorak/HEADLIGHT_TOGGLE
[LOG 21:17:10.671] Config(BRAKES) Squad/Controls/Dvorak/BRAKES
[LOG 21:17:10.671] Config(TOGGLE_SPACENAV_FLIGHT_CONTROL) Squad/Controls/Dvorak/TOGGLE_SPACENAV_FLIGHT_CONTROL
[LOG 21:17:10.671] Config(TOGGLE_SPACENAV_ROLL_LOCK) Squad/Controls/Dvorak/TOGGLE_SPACENAV_ROLL_LOCK
[LOG 21:17:10.671] Config(WHEEL_STEER_LEFT) Squad/Controls/Dvorak/WHEEL_STEER_LEFT
[LOG 21:17:10.671] Config(WHEEL_STEER_RIGHT) Squad/Controls/Dvorak/WHEEL_STEER_RIGHT
[LOG 21:17:10.671] Config(WHEEL_THROTTLE_DOWN) Squad/Controls/Dvorak/WHEEL_THROTTLE_DOWN
[LOG 21:17:10.671] Config(WHEEL_THROTTLE_UP) Squad/Controls/Dvorak/WHEEL_THROTTLE_UP
[LOG 21:17:10.671] Config(EVA_forward) Squad/Controls/Dvorak/EVA_forward
[LOG 21:17:10.671] Config(EVA_back) Squad/Controls/Dvorak/EVA_back
[LOG 21:17:10.671] Config(EVA_left) Squad/Controls/Dvorak/EVA_left
[LOG 21:17:10.671] Config(EVA_right) Squad/Controls/Dvorak/EVA_right
[LOG 21:17:10.671] Config(EVA_yaw_left) Squad/Controls/Dvorak/EVA_yaw_left
[LOG 21:17:10.671] Config(EVA_yaw_right) Squad/Controls/Dvorak/EVA_yaw_right
[LOG 21:17:10.671] Config(EVA_Pack_forward) Squad/Controls/Dvorak/EVA_Pack_forward
[LOG 21:17:10.671] Config(EVA_Pack_back) Squad/Controls/Dvorak/EVA_Pack_back
[LOG 21:17:10.671] Config(EVA_Pack_left) Squad/Controls/Dvorak/EVA_Pack_left
[LOG 21:17:10.671] Config(EVA_Pack_right) Squad/Controls/Dvorak/EVA_Pack_right
[LOG 21:17:10.671] Config(EVA_Pack_up) Squad/Controls/Dvorak/EVA_Pack_up
[LOG 21:17:10.671] Config(EVA_Pack_down) Squad/Controls/Dvorak/EVA_Pack_down
[LOG 21:17:10.671] Config(EVA_Jump) Squad/Controls/Dvorak/EVA_Jump
[LOG 21:17:10.671] Config(EVA_Run) Squad/Controls/Dvorak/EVA_Run
[LOG 21:17:10.671] Config(EVA_ToggleMovementMode) Squad/Controls/Dvorak/EVA_ToggleMovementMode
[LOG 21:17:10.671] Config(EVA_TogglePack) Squad/Controls/Dvorak/EVA_TogglePack
[LOG 21:17:10.671] Config(EVA_Use) Squad/Controls/Dvorak/EVA_Use
[LOG 21:17:10.671] Config(EVA_Board) Squad/Controls/Dvorak/EVA_Board
[LOG 21:17:10.671] Config(EVA_Orient) Squad/Controls/Dvorak/EVA_Orient
[LOG 21:17:10.671] Config(EVA_Lights) Squad/Controls/Dvorak/EVA_Lights
[LOG 21:17:10.671] Config(EVA_ChuteDeploy) Squad/Controls/Dvorak/EVA_ChuteDeploy
[LOG 21:17:10.671] Config(Editor_pitchUp) Squad/Controls/Dvorak/Editor_pitchUp
[LOG 21:17:10.671] Config(Editor_pitchDown) Squad/Controls/Dvorak/Editor_pitchDown
[LOG 21:17:10.671] Config(Editor_yawLeft) Squad/Controls/Dvorak/Editor_yawLeft
[LOG 21:17:10.671] Config(Editor_yawRight) Squad/Controls/Dvorak/Editor_yawRight
[LOG 21:17:10.671] Config(Editor_rollLeft) Squad/Controls/Dvorak/Editor_rollLeft
[LOG 21:17:10.671] Config(Editor_rollRight) Squad/Controls/Dvorak/Editor_rollRight
[LOG 21:17:10.671] Config(Editor_resetRotation) Squad/Controls/Dvorak/Editor_resetRotation
[LOG 21:17:10.671] Config(Editor_modePlace) Squad/Controls/Dvorak/Editor_modePlace
[LOG 21:17:10.671] Config(Editor_modeOffset) Squad/Controls/Dvorak/Editor_modeOffset
[LOG 21:17:10.671] Config(Editor_modeRotate) Squad/Controls/Dvorak/Editor_modeRotate
[LOG 21:17:10.671] Config(Editor_modeRoot) Squad/Controls/Dvorak/Editor_modeRoot
[LOG 21:17:10.671] Config(Editor_coordSystem) Squad/Controls/Dvorak/Editor_coordSystem
[LOG 21:17:10.671] Config(Editor_toggleSymMethod) Squad/Controls/Dvorak/Editor_toggleSymMethod
[LOG 21:17:10.671] Config(Editor_toggleSymMode) Squad/Controls/Dvorak/Editor_toggleSymMode
[LOG 21:17:10.672] Config(Editor_toggleAngleSnap) Squad/Controls/Dvorak/Editor_toggleAngleSnap
[LOG 21:17:10.672] Config(Editor_fineTweak) Squad/Controls/Dvorak/Editor_fineTweak
[LOG 21:17:10.672] Config(Editor_partSearch) Squad/Controls/Dvorak/Editor_partSearch
[LOG 21:17:10.672] Config(Editor_zoomScrollModifier) Squad/Controls/Dvorak/Editor_zoomScrollModifier
[LOG 21:17:10.672] Config(MODIFIER_KEY) Squad/Controls/Dvorak/MODIFIER_KEY
[LOG 21:17:10.672] Config(AbortActionGroup) Squad/Controls/Dvorak/AbortActionGroup
[LOG 21:17:10.672] Config(CustomActionGroup1) Squad/Controls/Dvorak/CustomActionGroup1
[LOG 21:17:10.672] Config(CustomActionGroup2) Squad/Controls/Dvorak/CustomActionGroup2
[LOG 21:17:10.672] Config(CustomActionGroup3) Squad/Controls/Dvorak/CustomActionGroup3
[LOG 21:17:10.672] Config(CustomActionGroup4) Squad/Controls/Dvorak/CustomActionGroup4
[LOG 21:17:10.672] Config(CustomActionGroup5) Squad/Controls/Dvorak/CustomActionGroup5
[LOG 21:17:10.672] Config(CustomActionGroup6) Squad/Controls/Dvorak/CustomActionGroup6
[LOG 21:17:10.672] Config(CustomActionGroup7) Squad/Controls/Dvorak/CustomActionGroup7
[LOG 21:17:10.672] Config(CustomActionGroup8) Squad/Controls/Dvorak/CustomActionGroup8
[LOG 21:17:10.672] Config(CustomActionGroup9) Squad/Controls/Dvorak/CustomActionGroup9
[LOG 21:17:10.672] Config(CustomActionGroup10) Squad/Controls/Dvorak/CustomActionGroup10
[LOG 21:17:10.672] Config(KEY_MAP) Squad/Controls/Dvorak/KEY_MAP
[LOG 21:17:10.672] Config(KEYBOARD_LAYOUT) Squad/Controls/Qwerty/#autoLOC_6001227
[LOG 21:17:10.672] Config(PITCH_DOWN) Squad/Controls/Qwerty/PITCH_DOWN
[LOG 21:17:10.672] Config(PITCH_UP) Squad/Controls/Qwerty/PITCH_UP
[LOG 21:17:10.672] Config(YAW_LEFT) Squad/Controls/Qwerty/YAW_LEFT
[LOG 21:17:10.672] Config(YAW_RIGHT) Squad/Controls/Qwerty/YAW_RIGHT
[LOG 21:17:10.672] Config(ROLL_LEFT) Squad/Controls/Qwerty/ROLL_LEFT
[LOG 21:17:10.672] Config(ROLL_RIGHT) Squad/Controls/Qwerty/ROLL_RIGHT
[LOG 21:17:10.672] Config(THROTTLE_UP) Squad/Controls/Qwerty/THROTTLE_UP
[LOG 21:17:10.672] Config(THROTTLE_DOWN) Squad/Controls/Qwerty/THROTTLE_DOWN
[LOG 21:17:10.672] Config(SAS_HOLD) Squad/Controls/Qwerty/SAS_HOLD
[LOG 21:17:10.672] Config(SAS_TOGGLE) Squad/Controls/Qwerty/SAS_TOGGLE
[LOG 21:17:10.672] Config(LAUNCH_STAGES) Squad/Controls/Qwerty/LAUNCH_STAGES
[LOG 21:17:10.672] Config(Docking_toggleRotLin) Squad/Controls/Qwerty/Docking_toggleRotLin
[LOG 21:17:10.672] Config(CAMERA_MODE) Squad/Controls/Qwerty/CAMERA_MODE
[LOG 21:17:10.672] Config(CAMERA_NEXT) Squad/Controls/Qwerty/CAMERA_NEXT
[LOG 21:17:10.672] Config(PAUSE) Squad/Controls/Qwerty/PAUSE
[LOG 21:17:10.672] Config(PRECISION_CTRL) Squad/Controls/Qwerty/PRECISION_CTRL
[LOG 21:17:10.672] Config(ZOOM_IN) Squad/Controls/Qwerty/ZOOM_IN
[LOG 21:17:10.672] Config(ZOOM_OUT) Squad/Controls/Qwerty/ZOOM_OUT
[LOG 21:17:10.672] Config(SCROLL_VIEW_UP) Squad/Controls/Qwerty/SCROLL_VIEW_UP
[LOG 21:17:10.672] Config(SCROLL_VIEW_DOWN) Squad/Controls/Qwerty/SCROLL_VIEW_DOWN
[LOG 21:17:10.672] Config(SCROLL_ICONS_UP) Squad/Controls/Qwerty/SCROLL_ICONS_UP
[LOG 21:17:10.672] Config(SCROLL_ICONS_DOWN) Squad/Controls/Qwerty/SCROLL_ICONS_DOWN
[LOG 21:17:10.672] Config(CAMERA_ORBIT_UP) Squad/Controls/Qwerty/CAMERA_ORBIT_UP
[LOG 21:17:10.672] Config(CAMERA_ORBIT_DOWN) Squad/Controls/Qwerty/CAMERA_ORBIT_DOWN
[LOG 21:17:10.672] Config(CAMERA_ORBIT_LEFT) Squad/Controls/Qwerty/CAMERA_ORBIT_LEFT
[LOG 21:17:10.672] Config(CAMERA_ORBIT_RIGHT) Squad/Controls/Qwerty/CAMERA_ORBIT_RIGHT
[LOG 21:17:10.672] Config(CAMERA_RESET) Squad/Controls/Qwerty/CAMERA_RESET
[LOG 21:17:10.673] Config(CAMERA_MOUSE_TOGGLE) Squad/Controls/Qwerty/CAMERA_MOUSE_TOGGLE
[LOG 21:17:10.673] Config(TIME_WARP_INCREASE) Squad/Controls/Qwerty/TIME_WARP_INCREASE
[LOG 21:17:10.673] Config(TIME_WARP_DECREASE) Squad/Controls/Qwerty/TIME_WARP_DECREASE
[LOG 21:17:10.673] Config(TIME_WARP_STOP) Squad/Controls/Qwerty/TIME_WARP_STOP
[LOG 21:17:10.673] Config(MAP_VIEW_TOGGLE) Squad/Controls/Qwerty/MAP_VIEW_TOGGLE
[LOG 21:17:10.673] Config(NAVBALL_TOGGLE) Squad/Controls/Qwerty/NAVBALL_TOGGLE
[LOG 21:17:10.673] Config(UIMODE_STAGING) Squad/Controls/Qwerty/UIMODE_STAGING
[LOG 21:17:10.673] Config(UIMODE_DOCKING) Squad/Controls/Qwerty/UIMODE_DOCKING
[LOG 21:17:10.673] Config(TRANSLATE_DOWN) Squad/Controls/Qwerty/TRANSLATE_DOWN
[LOG 21:17:10.673] Config(TRANSLATE_UP) Squad/Controls/Qwerty/TRANSLATE_UP
[LOG 21:17:10.673] Config(TRANSLATE_LEFT) Squad/Controls/Qwerty/TRANSLATE_LEFT
[LOG 21:17:10.673] Config(TRANSLATE_RIGHT) Squad/Controls/Qwerty/TRANSLATE_RIGHT
[LOG 21:17:10.673] Config(TRANSLATE_FWD) Squad/Controls/Qwerty/TRANSLATE_FWD
[LOG 21:17:10.673] Config(TRANSLATE_BACK) Squad/Controls/Qwerty/TRANSLATE_BACK
[LOG 21:17:10.673] Config(RCS_TOGGLE) Squad/Controls/Qwerty/RCS_TOGGLE
[LOG 21:17:10.673] Config(FOCUS_NEXT_VESSEL) Squad/Controls/Qwerty/FOCUS_NEXT_VESSEL
[LOG 21:17:10.673] Config(FOCUS_PREV_VESSEL) Squad/Controls/Qwerty/FOCUS_PREV_VESSEL
[LOG 21:17:10.673] Config(TOGGLE_UI) Squad/Controls/Qwerty/TOGGLE_UI
[LOG 21:17:10.673] Config(TOGGLE_STATUS_SCREEN) Squad/Controls/Qwerty/TOGGLE_STATUS_SCREEN
[LOG 21:17:10.673] Config(TAKE_SCREENSHOT) Squad/Controls/Qwerty/TAKE_SCREENSHOT
[LOG 21:17:10.673] Config(TOGGLE_LABELS) Squad/Controls/Qwerty/TOGGLE_LABELS
[LOG 21:17:10.673] Config(TOGGLE_TEMP_GAUGES) Squad/Controls/Qwerty/TOGGLE_TEMP_GAUGES
[LOG 21:17:10.673] Config(TOGGLE_TEMP_OVERLAY) Squad/Controls/Qwerty/TOGGLE_TEMP_OVERLAY
[LOG 21:17:10.673] Config(TOGGLE_FLIGHT_FORCES) Squad/Controls/Qwerty/TOGGLE_FLIGHT_FORCES
[LOG 21:17:10.673] Config(QUICKSAVE) Squad/Controls/Qwerty/QUICKSAVE
[LOG 21:17:10.673] Config(QUICKLOAD) Squad/Controls/Qwerty/QUICKLOAD
[LOG 21:17:10.673] Config(THROTTLE_CUTOFF) Squad/Controls/Qwerty/THROTTLE_CUTOFF
[LOG 21:17:10.673] Config(THROTTLE_FULL) Squad/Controls/Qwerty/THROTTLE_FULL
[LOG 21:17:10.673] Config(LANDING_GEAR) Squad/Controls/Qwerty/LANDING_GEAR
[LOG 21:17:10.673] Config(HEADLIGHT_TOGGLE) Squad/Controls/Qwerty/HEADLIGHT_TOGGLE
[LOG 21:17:10.673] Config(BRAKES) Squad/Controls/Qwerty/BRAKES
[LOG 21:17:10.673] Config(TOGGLE_SPACENAV_FLIGHT_CONTROL) Squad/Controls/Qwerty/TOGGLE_SPACENAV_FLIGHT_CONTROL
[LOG 21:17:10.673] Config(TOGGLE_SPACENAV_ROLL_LOCK) Squad/Controls/Qwerty/TOGGLE_SPACENAV_ROLL_LOCK
[LOG 21:17:10.673] Config(WHEEL_STEER_LEFT) Squad/Controls/Qwerty/WHEEL_STEER_LEFT
[LOG 21:17:10.673] Config(WHEEL_STEER_RIGHT) Squad/Controls/Qwerty/WHEEL_STEER_RIGHT
[LOG 21:17:10.673] Config(WHEEL_THROTTLE_DOWN) Squad/Controls/Qwerty/WHEEL_THROTTLE_DOWN
[LOG 21:17:10.673] Config(WHEEL_THROTTLE_UP) Squad/Controls/Qwerty/WHEEL_THROTTLE_UP
[LOG 21:17:10.673] Config(EVA_forward) Squad/Controls/Qwerty/EVA_forward
[LOG 21:17:10.673] Config(EVA_back) Squad/Controls/Qwerty/EVA_back
[LOG 21:17:10.673] Config(EVA_left) Squad/Controls/Qwerty/EVA_left
[LOG 21:17:10.673] Config(EVA_right) Squad/Controls/Qwerty/EVA_right
[LOG 21:17:10.673] Config(EVA_yaw_left) Squad/Controls/Qwerty/EVA_yaw_left
[LOG 21:17:10.673] Config(EVA_yaw_right) Squad/Controls/Qwerty/EVA_yaw_right
[LOG 21:17:10.673] Config(EVA_Pack_forward) Squad/Controls/Qwerty/EVA_Pack_forward
[LOG 21:17:10.674] Config(EVA_Pack_back) Squad/Controls/Qwerty/EVA_Pack_back
[LOG 21:17:10.674] Config(EVA_Pack_left) Squad/Controls/Qwerty/EVA_Pack_left
[LOG 21:17:10.674] Config(EVA_Pack_right) Squad/Controls/Qwerty/EVA_Pack_right
[LOG 21:17:10.674] Config(EVA_Pack_up) Squad/Controls/Qwerty/EVA_Pack_up
[LOG 21:17:10.674] Config(EVA_Pack_down) Squad/Controls/Qwerty/EVA_Pack_down
[LOG 21:17:10.674] Config(EVA_Jump) Squad/Controls/Qwerty/EVA_Jump
[LOG 21:17:10.674] Config(EVA_Run) Squad/Controls/Qwerty/EVA_Run
[LOG 21:17:10.674] Config(EVA_ToggleMovementMode) Squad/Controls/Qwerty/EVA_ToggleMovementMode
[LOG 21:17:10.674] Config(EVA_TogglePack) Squad/Controls/Qwerty/EVA_TogglePack
[LOG 21:17:10.674] Config(EVA_Use) Squad/Controls/Qwerty/EVA_Use
[LOG 21:17:10.674] Config(EVA_Board) Squad/Controls/Qwerty/EVA_Board
[LOG 21:17:10.674] Config(EVA_Orient) Squad/Controls/Qwerty/EVA_Orient
[LOG 21:17:10.674] Config(EVA_Lights) Squad/Controls/Qwerty/EVA_Lights
[LOG 21:17:10.674] Config(EVA_ChuteDeploy) Squad/Controls/Qwerty/EVA_ChuteDeploy
[LOG 21:17:10.674] Config(Editor_pitchUp) Squad/Controls/Qwerty/Editor_pitchUp
[LOG 21:17:10.674] Config(Editor_pitchDown) Squad/Controls/Qwerty/Editor_pitchDown
[LOG 21:17:10.674] Config(Editor_yawLeft) Squad/Controls/Qwerty/Editor_yawLeft
[LOG 21:17:10.674] Config(Editor_yawRight) Squad/Controls/Qwerty/Editor_yawRight
[LOG 21:17:10.674] Config(Editor_rollLeft) Squad/Controls/Qwerty/Editor_rollLeft
[LOG 21:17:10.674] Config(Editor_rollRight) Squad/Controls/Qwerty/Editor_rollRight
[LOG 21:17:10.674] Config(Editor_resetRotation) Squad/Controls/Qwerty/Editor_resetRotation
[LOG 21:17:10.674] Config(Editor_modePlace) Squad/Controls/Qwerty/Editor_modePlace
[LOG 21:17:10.674] Config(Editor_modeOffset) Squad/Controls/Qwerty/Editor_modeOffset
[LOG 21:17:10.674] Config(Editor_modeRotate) Squad/Controls/Qwerty/Editor_modeRotate
[LOG 21:17:10.674] Config(Editor_modeRoot) Squad/Controls/Qwerty/Editor_modeRoot
[LOG 21:17:10.674] Config(Editor_coordSystem) Squad/Controls/Qwerty/Editor_coordSystem
[LOG 21:17:10.675] Config(Editor_toggleSymMethod) Squad/Controls/Qwerty/Editor_toggleSymMethod
[LOG 21:17:10.675] Config(Editor_toggleSymMode) Squad/Controls/Qwerty/Editor_toggleSymMode
[LOG 21:17:10.675] Config(Editor_toggleAngleSnap) Squad/Controls/Qwerty/Editor_toggleAngleSnap
[LOG 21:17:10.675] Config(Editor_fineTweak) Squad/Controls/Qwerty/Editor_fineTweak
[LOG 21:17:10.675] Config(Editor_partSearch) Squad/Controls/Qwerty/Editor_partSearch
[LOG 21:17:10.675] Config(Editor_zoomScrollModifier) Squad/Controls/Qwerty/Editor_zoomScrollModifier
[LOG 21:17:10.675] Config(MODIFIER_KEY) Squad/Controls/Qwerty/MODIFIER_KEY
[LOG 21:17:10.675] Config(AbortActionGroup) Squad/Controls/Qwerty/AbortActionGroup
[LOG 21:17:10.675] Config(CustomActionGroup1) Squad/Controls/Qwerty/CustomActionGroup1
[LOG 21:17:10.675] Config(CustomActionGroup2) Squad/Controls/Qwerty/CustomActionGroup2
[LOG 21:17:10.675] Config(CustomActionGroup3) Squad/Controls/Qwerty/CustomActionGroup3
[LOG 21:17:10.675] Config(CustomActionGroup4) Squad/Controls/Qwerty/CustomActionGroup4
[LOG 21:17:10.675] Config(CustomActionGroup5) Squad/Controls/Qwerty/CustomActionGroup5
[LOG 21:17:10.675] Config(CustomActionGroup6) Squad/Controls/Qwerty/CustomActionGroup6
[LOG 21:17:10.675] Config(CustomActionGroup7) Squad/Controls/Qwerty/CustomActionGroup7
[LOG 21:17:10.675] Config(CustomActionGroup8) Squad/Controls/Qwerty/CustomActionGroup8
[LOG 21:17:10.675] Config(CustomActionGroup9) Squad/Controls/Qwerty/CustomActionGroup9
[LOG 21:17:10.675] Config(CustomActionGroup10) Squad/Controls/Qwerty/CustomActionGroup10
[LOG 21:17:10.675] Config(KEY_MAP) Squad/Controls/Qwerty/KEY_MAP
[LOG 21:17:10.675] Config(KEYBOARD_LAYOUT) Squad/Controls/Qwerty_en-GB/#autoLOC_6001228
[LOG 21:17:10.675] Config(KEY_MAP) Squad/Controls/Qwerty_en-GB/KEY_MAP
[LOG 21:17:10.675] Config(KEYBOARD_LAYOUT) Squad/Controls/Qwerty_es-LA/#autoLOC_6001229
[LOG 21:17:10.675] Config(CAMERA_MOUSE_TOGGLE) Squad/Controls/Qwerty_es-LA/CAMERA_MOUSE_TOGGLE
[LOG 21:17:10.675] Config(TIME_WARP_STOP) Squad/Controls/Qwerty_es-LA/TIME_WARP_STOP
[LOG 21:17:10.675] Config(FOCUS_NEXT_VESSEL) Squad/Controls/Qwerty_es-LA/FOCUS_NEXT_VESSEL
[LOG 21:17:10.675] Config(FOCUS_PREV_VESSEL) Squad/Controls/Qwerty_es-LA/FOCUS_PREV_VESSEL
[LOG 21:17:10.675] Config(CAMERA_RESET) Squad/Controls/Qwerty_es-LA/CAMERA_RESET
[LOG 21:17:10.675] Config(Editor_partSearch) Squad/Controls/Qwerty_es-LA/Editor_partSearch
[LOG 21:17:10.675] Config(KEY_MAP) Squad/Controls/Qwerty_es-LA/KEY_MAP
[LOG 21:17:10.675] Config(KEYBOARD_LAYOUT) Squad/Controls/Qwerty_it-IT/#autoLOC_6001230
[LOG 21:17:10.675] Config(FOCUS_NEXT_VESSEL) Squad/Controls/Qwerty_it-IT/FOCUS_NEXT_VESSEL
[LOG 21:17:10.675] Config(FOCUS_PREV_VESSEL) Squad/Controls/Qwerty_it-IT/FOCUS_PREV_VESSEL
[LOG 21:17:10.675] Config(CAMERA_MOUSE_TOGGLE) Squad/Controls/Qwerty_it-IT/CAMERA_MOUSE_TOGGLE
[LOG 21:17:10.676] Config(TIME_WARP_STOP) Squad/Controls/Qwerty_it-IT/TIME_WARP_STOP
[LOG 21:17:10.676] Config(CAMERA_RESET) Squad/Controls/Qwerty_it-IT/CAMERA_RESET
[LOG 21:17:10.676] Config(Editor_partSearch) Squad/Controls/Qwerty_it-IT/Editor_partSearch
[LOG 21:17:10.676] Config(KEY_MAP) Squad/Controls/Qwerty_it-IT/KEY_MAP
[LOG 21:17:10.676] Config(KEYBOARD_LAYOUT) Squad/Controls/Qwerty_ja-JP/#autoLOC_6001231
[LOG 21:17:10.676] Config(FOCUS_NEXT_VESSEL) Squad/Controls/Qwerty_ja-JP/FOCUS_NEXT_VESSEL
[LOG 21:17:10.676] Config(FOCUS_PREV_VESSEL) Squad/Controls/Qwerty_ja-JP/FOCUS_PREV_VESSEL
[LOG 21:17:10.676] Config(PRECISION_CTRL) Squad/Controls/Qwerty_ja-JP/PRECISION_CTRL
[LOG 21:17:10.676] Config(CAMERA_MOUSE_TOGGLE) Squad/Controls/Qwerty_ja-JP/CAMERA_MOUSE_TOGGLE
[LOG 21:17:10.676] Config(Editor_partSearch) Squad/Controls/Qwerty_ja-JP/Editor_partSearch
[LOG 21:17:10.676] Config(CAMERA_RESET) Squad/Controls/Qwerty_ja-JP/CAMERA_RESET
[LOG 21:17:10.676] Config(KEY_MAP) Squad/Controls/Qwerty_ja-JP/KEY_MAP
[LOG 21:17:10.676] Config(KEYBOARD_LAYOUT) Squad/Controls/Qwerty_pt-PT/#autoLOC_6001230
[LOG 21:17:10.676] Config(FOCUS_NEXT_VESSEL) Squad/Controls/Qwerty_pt-PT/FOCUS_NEXT_VESSEL
[LOG 21:17:10.676] Config(FOCUS_PREV_VESSEL) Squad/Controls/Qwerty_pt-PT/FOCUS_PREV_VESSEL
[LOG 21:17:10.676] Config(CAMERA_MOUSE_TOGGLE) Squad/Controls/Qwerty_pt-PT/CAMERA_MOUSE_TOGGLE
[LOG 21:17:10.676] Config(TIME_WARP_STOP) Squad/Controls/Qwerty_pt-PT/TIME_WARP_STOP
[LOG 21:17:10.677] Config(CAMERA_RESET) Squad/Controls/Qwerty_pt-PT/CAMERA_RESET
[LOG 21:17:10.677] Config(Editor_partSearch) Squad/Controls/Qwerty_pt-PT/Editor_partSearch
[LOG 21:17:10.677] Config(KEY_MAP) Squad/Controls/Qwerty_pt-PT/KEY_MAP
[LOG 21:17:10.677] Config(KEYBOARD_LAYOUT) Squad/Controls/Qwertz/#autoLOC_6001232
[LOG 21:17:10.677] Config(PITCH_DOWN) Squad/Controls/Qwertz/PITCH_DOWN
[LOG 21:17:10.677] Config(PITCH_UP) Squad/Controls/Qwertz/PITCH_UP
[LOG 21:17:10.677] Config(YAW_LEFT) Squad/Controls/Qwertz/YAW_LEFT
[LOG 21:17:10.677] Config(YAW_RIGHT) Squad/Controls/Qwertz/YAW_RIGHT
[LOG 21:17:10.677] Config(ROLL_LEFT) Squad/Controls/Qwertz/ROLL_LEFT
[LOG 21:17:10.677] Config(ROLL_RIGHT) Squad/Controls/Qwertz/ROLL_RIGHT
[LOG 21:17:10.677] Config(THROTTLE_UP) Squad/Controls/Qwertz/THROTTLE_UP
[LOG 21:17:10.677] Config(THROTTLE_DOWN) Squad/Controls/Qwertz/THROTTLE_DOWN
[LOG 21:17:10.677] Config(SAS_HOLD) Squad/Controls/Qwertz/SAS_HOLD
[LOG 21:17:10.677] Config(SAS_TOGGLE) Squad/Controls/Qwertz/SAS_TOGGLE
[LOG 21:17:10.677] Config(LAUNCH_STAGES) Squad/Controls/Qwertz/LAUNCH_STAGES
[LOG 21:17:10.677] Config(Docking_toggleRotLin) Squad/Controls/Qwertz/Docking_toggleRotLin
[LOG 21:17:10.677] Config(CAMERA_MODE) Squad/Controls/Qwertz/CAMERA_MODE
[LOG 21:17:10.677] Config(CAMERA_NEXT) Squad/Controls/Qwertz/CAMERA_NEXT
[LOG 21:17:10.677] Config(PAUSE) Squad/Controls/Qwertz/PAUSE
[LOG 21:17:10.677] Config(PRECISION_CTRL) Squad/Controls/Qwertz/PRECISION_CTRL
[LOG 21:17:10.677] Config(ZOOM_IN) Squad/Controls/Qwertz/ZOOM_IN
[LOG 21:17:10.677] Config(ZOOM_OUT) Squad/Controls/Qwertz/ZOOM_OUT
[LOG 21:17:10.677] Config(SCROLL_VIEW_UP) Squad/Controls/Qwertz/SCROLL_VIEW_UP
[LOG 21:17:10.677] Config(SCROLL_VIEW_DOWN) Squad/Controls/Qwertz/SCROLL_VIEW_DOWN
[LOG 21:17:10.677] Config(SCROLL_ICONS_UP) Squad/Controls/Qwertz/SCROLL_ICONS_UP
[LOG 21:17:10.677] Config(SCROLL_ICONS_DOWN) Squad/Controls/Qwertz/SCROLL_ICONS_DOWN
[LOG 21:17:10.677] Config(CAMERA_ORBIT_UP) Squad/Controls/Qwertz/CAMERA_ORBIT_UP
[LOG 21:17:10.677] Config(CAMERA_ORBIT_DOWN) Squad/Controls/Qwertz/CAMERA_ORBIT_DOWN
[LOG 21:17:10.677] Config(CAMERA_ORBIT_LEFT) Squad/Controls/Qwertz/CAMERA_ORBIT_LEFT
[LOG 21:17:10.677] Config(CAMERA_ORBIT_RIGHT) Squad/Controls/Qwertz/CAMERA_ORBIT_RIGHT
[LOG 21:17:10.677] Config(CAMERA_RESET) Squad/Controls/Qwertz/CAMERA_RESET
[LOG 21:17:10.677] Config(CAMERA_MOUSE_TOGGLE) Squad/Controls/Qwertz/CAMERA_MOUSE_TOGGLE
[LOG 21:17:10.677] Config(TIME_WARP_INCREASE) Squad/Controls/Qwertz/TIME_WARP_INCREASE
[LOG 21:17:10.677] Config(TIME_WARP_DECREASE) Squad/Controls/Qwertz/TIME_WARP_DECREASE
[LOG 21:17:10.677] Config(TIME_WARP_STOP) Squad/Controls/Qwertz/TIME_WARP_STOP
[LOG 21:17:10.678] Config(MAP_VIEW_TOGGLE) Squad/Controls/Qwertz/MAP_VIEW_TOGGLE
[LOG 21:17:10.678] Config(NAVBALL_TOGGLE) Squad/Controls/Qwertz/NAVBALL_TOGGLE
[LOG 21:17:10.678] Config(UIMODE_STAGING) Squad/Controls/Qwertz/UIMODE_STAGING
[LOG 21:17:10.678] Config(UIMODE_DOCKING) Squad/Controls/Qwertz/UIMODE_DOCKING
[LOG 21:17:10.678] Config(TRANSLATE_DOWN) Squad/Controls/Qwertz/TRANSLATE_DOWN
[LOG 21:17:10.678] Config(TRANSLATE_UP) Squad/Controls/Qwertz/TRANSLATE_UP
[LOG 21:17:10.678] Config(TRANSLATE_LEFT) Squad/Controls/Qwertz/TRANSLATE_LEFT
[LOG 21:17:10.678] Config(TRANSLATE_RIGHT) Squad/Controls/Qwertz/TRANSLATE_RIGHT
[LOG 21:17:10.678] Config(TRANSLATE_FWD) Squad/Controls/Qwertz/TRANSLATE_FWD
[LOG 21:17:10.678] Config(TRANSLATE_BACK) Squad/Controls/Qwertz/TRANSLATE_BACK
[LOG 21:17:10.678] Config(RCS_TOGGLE) Squad/Controls/Qwertz/RCS_TOGGLE
[LOG 21:17:10.678] Config(FOCUS_NEXT_VESSEL) Squad/Controls/Qwertz/FOCUS_NEXT_VESSEL
[LOG 21:17:10.678] Config(FOCUS_PREV_VESSEL) Squad/Controls/Qwertz/FOCUS_PREV_VESSEL
[LOG 21:17:10.678] Config(TOGGLE_UI) Squad/Controls/Qwertz/TOGGLE_UI
[LOG 21:17:10.678] Config(TOGGLE_STATUS_SCREEN) Squad/Controls/Qwertz/TOGGLE_STATUS_SCREEN
[LOG 21:17:10.678] Config(TAKE_SCREENSHOT) Squad/Controls/Qwertz/TAKE_SCREENSHOT
[LOG 21:17:10.678] Config(TOGGLE_LABELS) Squad/Controls/Qwertz/TOGGLE_LABELS
[LOG 21:17:10.678] Config(TOGGLE_TEMP_GAUGES) Squad/Controls/Qwertz/TOGGLE_TEMP_GAUGES
[LOG 21:17:10.678] Config(TOGGLE_TEMP_OVERLAY) Squad/Controls/Qwertz/TOGGLE_TEMP_OVERLAY
[LOG 21:17:10.678] Config(TOGGLE_FLIGHT_FORCES) Squad/Controls/Qwertz/TOGGLE_FLIGHT_FORCES
[LOG 21:17:10.678] Config(QUICKSAVE) Squad/Controls/Qwertz/QUICKSAVE
[LOG 21:17:10.678] Config(QUICKLOAD) Squad/Controls/Qwertz/QUICKLOAD
[LOG 21:17:10.678] Config(THROTTLE_CUTOFF) Squad/Controls/Qwertz/THROTTLE_CUTOFF
[LOG 21:17:10.678] Config(THROTTLE_FULL) Squad/Controls/Qwertz/THROTTLE_FULL
[LOG 21:17:10.678] Config(LANDING_GEAR) Squad/Controls/Qwertz/LANDING_GEAR
[LOG 21:17:10.678] Config(HEADLIGHT_TOGGLE) Squad/Controls/Qwertz/HEADLIGHT_TOGGLE
[LOG 21:17:10.678] Config(BRAKES) Squad/Controls/Qwertz/BRAKES
[LOG 21:17:10.678] Config(TOGGLE_SPACENAV_FLIGHT_CONTROL) Squad/Controls/Qwertz/TOGGLE_SPACENAV_FLIGHT_CONTROL
[LOG 21:17:10.678] Config(TOGGLE_SPACENAV_ROLL_LOCK) Squad/Controls/Qwertz/TOGGLE_SPACENAV_ROLL_LOCK
[LOG 21:17:10.678] Config(WHEEL_STEER_LEFT) Squad/Controls/Qwertz/WHEEL_STEER_LEFT
[LOG 21:17:10.678] Config(WHEEL_STEER_RIGHT) Squad/Controls/Qwertz/WHEEL_STEER_RIGHT
[LOG 21:17:10.678] Config(WHEEL_THROTTLE_DOWN) Squad/Controls/Qwertz/WHEEL_THROTTLE_DOWN
[LOG 21:17:10.678] Config(WHEEL_THROTTLE_UP) Squad/Controls/Qwertz/WHEEL_THROTTLE_UP
[LOG 21:17:10.678] Config(EVA_forward) Squad/Controls/Qwertz/EVA_forward
[LOG 21:17:10.679] Config(EVA_back) Squad/Controls/Qwertz/EVA_back
[LOG 21:17:10.679] Config(EVA_left) Squad/Controls/Qwertz/EVA_left
[LOG 21:17:10.679] Config(EVA_right) Squad/Controls/Qwertz/EVA_right
[LOG 21:17:10.679] Config(EVA_yaw_left) Squad/Controls/Qwertz/EVA_yaw_left
[LOG 21:17:10.679] Config(EVA_yaw_right) Squad/Controls/Qwertz/EVA_yaw_right
[LOG 21:17:10.679] Config(EVA_Pack_forward) Squad/Controls/Qwertz/EVA_Pack_forward
[LOG 21:17:10.679] Config(EVA_Pack_back) Squad/Controls/Qwertz/EVA_Pack_back
[LOG 21:17:10.679] Config(EVA_Pack_left) Squad/Controls/Qwertz/EVA_Pack_left
[LOG 21:17:10.679] Config(EVA_Pack_right) Squad/Controls/Qwertz/EVA_Pack_right
[LOG 21:17:10.679] Config(EVA_Pack_up) Squad/Controls/Qwertz/EVA_Pack_up
[LOG 21:17:10.679] Config(EVA_Pack_down) Squad/Controls/Qwertz/EVA_Pack_down
[LOG 21:17:10.679] Config(EVA_Jump) Squad/Controls/Qwertz/EVA_Jump
[LOG 21:17:10.679] Config(EVA_Run) Squad/Controls/Qwertz/EVA_Run
[LOG 21:17:10.679] Config(EVA_ToggleMovementMode) Squad/Controls/Qwertz/EVA_ToggleMovementMode
[LOG 21:17:10.679] Config(EVA_TogglePack) Squad/Controls/Qwertz/EVA_TogglePack
[LOG 21:17:10.679] Config(EVA_Use) Squad/Controls/Qwertz/EVA_Use
[LOG 21:17:10.679] Config(EVA_Board) Squad/Controls/Qwertz/EVA_Board
[LOG 21:17:10.679] Config(EVA_Orient) Squad/Controls/Qwertz/EVA_Orient
[LOG 21:17:10.679] Config(EVA_Lights) Squad/Controls/Qwertz/EVA_Lights
[LOG 21:17:10.679] Config(Editor_pitchUp) Squad/Controls/Qwertz/Editor_pitchUp
[LOG 21:17:10.679] Config(Editor_pitchDown) Squad/Controls/Qwertz/Editor_pitchDown
[LOG 21:17:10.679] Config(Editor_yawLeft) Squad/Controls/Qwertz/Editor_yawLeft
[LOG 21:17:10.679] Config(Editor_yawRight) Squad/Controls/Qwertz/Editor_yawRight
[LOG 21:17:10.679] Config(Editor_rollLeft) Squad/Controls/Qwertz/Editor_rollLeft
[LOG 21:17:10.679] Config(Editor_rollRight) Squad/Controls/Qwertz/Editor_rollRight
[LOG 21:17:10.679] Config(Editor_resetRotation) Squad/Controls/Qwertz/Editor_resetRotation
[LOG 21:17:10.679] Config(Editor_modePlace) Squad/Controls/Qwertz/Editor_modePlace
[LOG 21:17:10.679] Config(Editor_modeOffset) Squad/Controls/Qwertz/Editor_modeOffset
[LOG 21:17:10.679] Config(Editor_modeRotate) Squad/Controls/Qwertz/Editor_modeRotate
[LOG 21:17:10.679] Config(Editor_modeRoot) Squad/Controls/Qwertz/Editor_modeRoot
[LOG 21:17:10.679] Config(Editor_coordSystem) Squad/Controls/Qwertz/Editor_coordSystem
[LOG 21:17:10.679] Config(Editor_toggleSymMethod) Squad/Controls/Qwertz/Editor_toggleSymMethod
[LOG 21:17:10.679] Config(Editor_toggleSymMode) Squad/Controls/Qwertz/Editor_toggleSymMode
[LOG 21:17:10.679] Config(Editor_toggleAngleSnap) Squad/Controls/Qwertz/Editor_toggleAngleSnap
[LOG 21:17:10.679] Config(Editor_fineTweak) Squad/Controls/Qwertz/Editor_fineTweak
[LOG 21:17:10.679] Config(Editor_partSearch) Squad/Controls/Qwertz/Editor_partSearch
[LOG 21:17:10.679] Config(Editor_zoomScrollModifier) Squad/Controls/Qwertz/Editor_zoomScrollModifier
[LOG 21:17:10.679] Config(MODIFIER_KEY) Squad/Controls/Qwertz/MODIFIER_KEY
[LOG 21:17:10.679] Config(AbortActionGroup) Squad/Controls/Qwertz/AbortActionGroup
[LOG 21:17:10.679] Config(CustomActionGroup1) Squad/Controls/Qwertz/CustomActionGroup1
[LOG 21:17:10.679] Config(CustomActionGroup2) Squad/Controls/Qwertz/CustomActionGroup2
[LOG 21:17:10.679] Config(CustomActionGroup3) Squad/Controls/Qwertz/CustomActionGroup3
[LOG 21:17:10.679] Config(CustomActionGroup4) Squad/Controls/Qwertz/CustomActionGroup4
[LOG 21:17:10.679] Config(CustomActionGroup5) Squad/Controls/Qwertz/CustomActionGroup5
[LOG 21:17:10.680] Config(CustomActionGroup6) Squad/Controls/Qwertz/CustomActionGroup6
[LOG 21:17:10.680] Config(CustomActionGroup7) Squad/Controls/Qwertz/CustomActionGroup7
[LOG 21:17:10.680] Config(CustomActionGroup8) Squad/Controls/Qwertz/CustomActionGroup8
[LOG 21:17:10.680] Config(CustomActionGroup9) Squad/Controls/Qwertz/CustomActionGroup9
[LOG 21:17:10.680] Config(CustomActionGroup10) Squad/Controls/Qwertz/CustomActionGroup10
[LOG 21:17:10.680] Config(KEY_MAP) Squad/Controls/Qwertz/KEY_MAP
[LOG 21:17:10.680] Config(EXPERIENCE_TRAIT) Squad/Experience/Traits/Pilot
[LOG 21:17:10.680] Config(EXPERIENCE_TRAIT) Squad/Experience/Traits/Engineer
[LOG 21:17:10.680] Config(EXPERIENCE_TRAIT) Squad/Experience/Traits/Scientist
[LOG 21:17:10.680] Config(EXPERIENCE_TRAIT) Squad/Experience/Traits/Tourist
[LOG 21:17:10.680] Config(Localization) Squad/Localization/dictionary/Localization
[LOG 21:17:10.680] Config(MISSIONPACK) Squad/Missions/MissionPacks/squad_ESA
[LOG 21:17:10.680] Config(VARIANTTHEME) Squad/Parts/VariantThemes/White
[LOG 21:17:10.680] Config(VARIANTTHEME) Squad/Parts/VariantThemes/BlackAndWhite
[LOG 21:17:10.680] Config(VARIANTTHEME) Squad/Parts/VariantThemes/GrayAndOrange
[LOG 21:17:10.680] Config(VARIANTTHEME) Squad/Parts/VariantThemes/Dark
[LOG 21:17:10.680] Config(VARIANTTHEME) Squad/Parts/VariantThemes/Gray
[LOG 21:17:10.680] Config(VARIANTTHEME) Squad/Parts/VariantThemes/Orange
[LOG 21:17:10.680] Config(VARIANTTHEME) Squad/Parts/VariantThemes/Gold
[LOG 21:17:10.680] Config(VARIANTTHEME) Squad/Parts/VariantThemes/Bare
[LOG 21:17:10.680] Config(VARIANTTHEME) Squad/Parts/VariantThemes/Shroud
[LOG 21:17:10.680] Config(VARIANTTHEME) Squad/Parts/VariantThemes/GrayAndWhite
[LOG 21:17:10.680] Config(VARIANTTHEME) Squad/Parts/VariantThemes/YellowAndWhite
[LOG 21:17:10.680] Config(VARIANTTHEME) Squad/Parts/VariantThemes/Silver
[LOG 21:17:10.680] Config(VARIANTTHEME) Squad/Parts/VariantThemes/Gray with Stripes
[LOG 21:17:10.680] Config(PART) Squad/Parts/Aero/aerodynamicNoseCone/aerodynamicNoseCone/noseCone
[LOG 21:17:10.680] Config(PART) Squad/Parts/Aero/airbrake/Airbrake/airbrake1
[LOG 21:17:10.680] Config(PART) Squad/Parts/Aero/airIntakeRadialXM-G50/airIntakeRadialXM-G50/airScoop
[LOG 21:17:10.680] Config(PART) Squad/Parts/Aero/airlinerWings/ControlSurface/airlinerCtrlSrf
[LOG 21:17:10.680] Config(PART) Squad/Parts/Aero/airlinerWings/MainWing/airlinerMainWing
[LOG 21:17:10.680] Config(PART) Squad/Parts/Aero/airlinerWings/TailFin/airlinerTailFin
[LOG 21:17:10.680] Config(PART) Squad/Parts/Aero/airplaneFins/advancedCanard/AdvancedCanard
[LOG 21:17:10.680] Config(PART) Squad/Parts/Aero/airplaneFins/standardCanard/CanardController
[LOG 21:17:10.680] Config(PART) Squad/Parts/Aero/airplaneFins/sweptWing/sweptWing
[LOG 21:17:10.680] Config(PART) Squad/Parts/Aero/airplaneFins/tailfin/tailfin
[LOG 21:17:10.680] Config(PART) Squad/Parts/Aero/basicFin/basicFin/basicFin
[LOG 21:17:10.680] Config(PART) Squad/Parts/Aero/circularIntake/circularIntake/CircularIntake
[LOG 21:17:10.680] Config(PART) Squad/Parts/Aero/circularIntake/intakeShockCone/shockConeIntake
[LOG 21:17:10.681] Config(PART) Squad/Parts/Aero/cones/avionicsNoseCone/avionicsNoseCone
[LOG 21:17:10.681] Config(PART) Squad/Parts/Aero/cones/ConeA/pointyNoseConeA
[LOG 21:17:10.681] Config(PART) Squad/Parts/Aero/cones/ConeB/pointyNoseConeB
[LOG 21:17:10.681] Config(PART) Squad/Parts/Aero/cones/noseConeAdapter/noseConeAdapter
[LOG 21:17:10.681] Config(PART) Squad/Parts/Aero/cones/protectiveRocketNoseMk7_v2/rocketNoseCone_v2
[LOG 21:17:10.681] Config(PART) Squad/Parts/Aero/cones/protectiveRocketNoseMk7_v3/rocketNoseCone_v3
[LOG 21:17:10.681] Config(PART) Squad/Parts/Aero/cones/rocketNoseCone_size3/rocketNoseConeSize3
[LOG 21:17:10.681] Config(PART) Squad/Parts/Aero/cones/smallNoseCone/standardNoseCone
[LOG 21:17:10.681] Config(PART) Squad/Parts/Aero/cones/tailConnectorA/airplaneTail
[LOG 21:17:10.681] Config(PART) Squad/Parts/Aero/cones/tailConnectorB/airplaneTailB
[LOG 21:17:10.681] Config(PART) Squad/Parts/Aero/fairings/fairingSize1/fairingSize1
[LOG 21:17:10.681] Config(PART) Squad/Parts/Aero/fairings/fairingSize2/fairingSize2
[LOG 21:17:10.681] Config(PART) Squad/Parts/Aero/fairings/fairingSize3/fairingSize3
[LOG 21:17:10.681] Config(PART) Squad/Parts/Aero/HeatShield/HeatShield0/HeatShield0
[LOG 21:17:10.681] Config(PART) Squad/Parts/Aero/HeatShield/HeatShield1/HeatShield1
[LOG 21:17:10.681] Config(PART) Squad/Parts/Aero/HeatShield/HeatShield2/HeatShield2
[LOG 21:17:10.681] Config(PART) Squad/Parts/Aero/HeatShield/HeatShield3/HeatShield3
[LOG 21:17:10.681] Config(PART) Squad/Parts/Aero/InflatableHeatShield/HeatShield/InflatableHeatShield
[LOG 21:17:10.681] Config(PART) Squad/Parts/Aero/intakeRadialLong/intakeRadialLong/IntakeRadialLong
[LOG 21:17:10.681] Config(PART) Squad/Parts/Aero/miniIntake/SmallIntake/miniIntake
[LOG 21:17:10.681] Config(PART) Squad/Parts/Aero/ramAirIntake/ramAirIntake/ramAirIntake
[LOG 21:17:10.681] Config(PART) Squad/Parts/Aero/shuttleWings/delta/wingShuttleDelta
[LOG 21:17:10.681] Config(PART) Squad/Parts/Aero/shuttleWings/elevon1/wingShuttleElevon1
[LOG 21:17:10.681] Config(PART) Squad/Parts/Aero/shuttleWings/elevon2/wingShuttleElevon2
[LOG 21:17:10.681] Config(PART) Squad/Parts/Aero/shuttleWings/rudder/wingShuttleRudder
[LOG 21:17:10.681] Config(PART) Squad/Parts/Aero/shuttleWings/strake/wingShuttleStrake
[LOG 21:17:10.681] Config(PART) Squad/Parts/Aero/wingletAV-R8/wingletAV-R8/R8winglet
[LOG 21:17:10.681] Config(PART) Squad/Parts/Aero/wingletAV-T1/wingletAV-T1/winglet
[LOG 21:17:10.681] Config(PART) Squad/Parts/Aero/wingletDeltaDeluxe/wingletDeltaDeluxe/winglet3
[LOG 21:17:10.681] Config(PART) Squad/Parts/Aero/wings/connector1/wingConnector
[LOG 21:17:10.681] Config(PART) Squad/Parts/Aero/wings/connector2/wingConnector2
[LOG 21:17:10.681] Config(PART) Squad/Parts/Aero/wings/connector3/wingConnector3
[LOG 21:17:10.681] Config(PART) Squad/Parts/Aero/wings/connector4/wingConnector4
[LOG 21:17:10.681] Config(PART) Squad/Parts/Aero/wings/connector5/wingConnector5
[LOG 21:17:10.681] Config(PART) Squad/Parts/Aero/wings/delta/deltaWing
[LOG 21:17:10.681] Config(PART) Squad/Parts/Aero/wings/delta_small/delta_small
[LOG 21:17:10.681] Config(PART) Squad/Parts/Aero/wings/elevon1/StandardCtrlSrf
[LOG 21:17:10.681] Config(PART) Squad/Parts/Aero/wings/elevon2/elevon2
[LOG 21:17:10.682] Config(PART) Squad/Parts/Aero/wings/elevon3/elevon3
[LOG 21:17:10.682] Config(PART) Squad/Parts/Aero/wings/elevon4/smallCtrlSrf
[LOG 21:17:10.682] Config(PART) Squad/Parts/Aero/wings/elevon5/elevon5
[LOG 21:17:10.682] Config(PART) Squad/Parts/Aero/wings/strake/wingStrake
[LOG 21:17:10.682] Config(PART) Squad/Parts/Aero/wings/structural1/structuralWing
[LOG 21:17:10.682] Config(PART) Squad/Parts/Aero/wings/structural2/structuralWing2
[LOG 21:17:10.682] Config(PART) Squad/Parts/Aero/wings/structural3/structuralWing3
[LOG 21:17:10.682] Config(PART) Squad/Parts/Aero/wings/structural4/structuralWing4
[LOG 21:17:10.682] Config(PART) Squad/Parts/Aero/wings/swept1/sweptWing1
[LOG 21:17:10.682] Config(PART) Squad/Parts/Aero/wings/swept2/sweptWing2
[LOG 21:17:10.682] Config(PART) Squad/Parts/Cargo/CargoContainers/cargoContainer/cargoContainer
[LOG 21:17:10.682] Config(PART) Squad/Parts/Cargo/CargoContainers/smallCargoContainer/smallCargoContainer
[LOG 21:17:10.682] Config(PART) Squad/Parts/Cargo/Cylinder/Cylinder/evaCylinder
[LOG 21:17:10.682] Config(PART) Squad/Parts/Cargo/GroundAnchor/groundAnchor/groundAnchor
[LOG 21:17:10.682] Config(PART) Squad/Parts/Cargo/Jetpack/Jetpack/evaJetpack
[LOG 21:17:10.682] Config(PART) Squad/Parts/Cargo/Parachute/Parachute/evaChute
[LOG 21:17:10.682] Config(PART) Squad/Parts/Cargo/RepairKit/RepairKit/evaRepairKit
[LOG 21:17:10.682] Config(PART) Squad/Parts/Cargo/ScienceKit/evaScienceKit/evaScienceKit
[LOG 21:17:10.682] Config(PART) Squad/Parts/Cargo/StorageUnits/CargoStorageUnit/CargoStorageUnit
[LOG 21:17:10.682] Config(PART) Squad/Parts/Cargo/StorageUnits/ConformalStorageUnit/ConformalStorageUnit
[LOG 21:17:10.682] Config(PART) Squad/Parts/Command/advancedSasModuleLarge/advSasModuleLarge/asasmodule1-2
[LOG 21:17:10.682] Config(PART) Squad/Parts/Command/cupola/cupola/cupola
[LOG 21:17:10.682] Config(PART) Squad/Parts/Command/externalCommandSeat/externalCommandSeat/seatExternalCmd
[LOG 21:17:10.682] Config(PART) Squad/Parts/Command/hitchhikerStorageContainer/hitchikerStorageContainer/crewCabin
[LOG 21:17:10.682] Config(PART) Squad/Parts/Command/inlineAdvancedStabilizer/inlineAdvancedStabilizer/advSasModule
[LOG 21:17:10.682] Config(PART) Squad/Parts/Command/inlineReactionWheel/inlineReactionWheel/sasModule
[LOG 21:17:10.682] Config(PART) Squad/Parts/Command/Mk1-3Pod/mk1-3/mk1-3pod
[LOG 21:17:10.682] Config(PART) Squad/Parts/Command/mk1Cockpits/mk1Cockpit/Mark1Cockpit
[LOG 21:17:10.682] Config(PART) Squad/Parts/Command/mk1Cockpits/mk1CrewCabin/MK1CrewCabin
[LOG 21:17:10.682] Config(PART) Squad/Parts/Command/mk1Cockpits/mk1InlineCockpit/Mark2Cockpit
[LOG 21:17:10.682] Config(PART) Squad/Parts/Command/mk1LanderCan/mk1LanderCan/landerCabinSmall
[LOG 21:17:10.682] Config(PART) Squad/Parts/Command/mk1pod_v2/mk1Pod_v2/mk1pod_v2
[LOG 21:17:10.682] Config(PART) Squad/Parts/Command/mk2CockpitInline/mk2CockpitInline/mk2Cockpit_Inline
[LOG 21:17:10.682] Config(PART) Squad/Parts/Command/mk2CockpitStandard/mk2CockpitStandard/mk2Cockpit_Standard
[LOG 21:17:10.682] Config(PART) Squad/Parts/Command/mk2DroneCore/mk2Dronecore/mk2DroneCore
[LOG 21:17:10.682] Config(PART) Squad/Parts/Command/mk2LanderCan/mk2LanderCan/mk2LanderCabin
[LOG 21:17:10.682] Config(PART) Squad/Parts/Command/mk2LanderCan_v2/mk2LanderCan_v2/mk2LanderCabin_v2
[LOG 21:17:10.682] Config(PART) Squad/Parts/Command/mk3CockpitShuttle/mk3CockpitShuttle/mk3Cockpit_Shuttle
[LOG 21:17:10.683] Config(PART) Squad/Parts/Command/MpoProbe/MpoProbe/MpoProbe
[LOG 21:17:10.683] Config(PART) Squad/Parts/Command/MtmStage/MTM_Stage/MtmStage
[LOG 21:17:10.683] Config(PART) Squad/Parts/Command/probeCoreCube/probeCoreCube/probeCoreCube
[LOG 21:17:10.683] Config(PART) Squad/Parts/Command/probeCoreHex/probeCoreHex/probeCoreHex
[LOG 21:17:10.683] Config(PART) Squad/Parts/Command/probeCoreHex_v2/probeCoreHex_v2/probeCoreHex_v2
[LOG 21:17:10.683] Config(PART) Squad/Parts/Command/probeCoreOcto2_v2/probeCoreOcto2_v2/probeCoreOcto2_v2
[LOG 21:17:10.683] Config(PART) Squad/Parts/Command/probeCoreOcto_v2/probeCoreOcto_v2/probeCoreOcto_v2
[LOG 21:17:10.683] Config(PART) Squad/Parts/Command/probeRoverBody/probeRoverBody/roverBody
[LOG 21:17:10.683] Config(PART) Squad/Parts/Command/probeRoverBody_v2/probeRoverBody_v2/roverBody_v2
[LOG 21:17:10.683] Config(PART) Squad/Parts/Command/probeStackLarge/probeStackLarge/probeStackLarge
[LOG 21:17:10.683] Config(PART) Squad/Parts/Command/probeStackSmall/probeStackSmall/probeStackSmall
[LOG 21:17:10.683] Config(PART) Squad/Parts/Command/probeStackSphere_v2/probeStackSphere_v2/probeCoreSphere_v2
[LOG 21:17:10.683] Config(PART) Squad/Parts/CompoundParts/FuelLine/fuelLine/fuelLine
[LOG 21:17:10.683] Config(PART) Squad/Parts/CompoundParts/strutConnector/strutConnector/strutConnector
[LOG 21:17:10.683] Config(PART) Squad/Parts/Coupling/Decoupler_0/Decoupler_0
[LOG 21:17:10.683] Config(PART) Squad/Parts/Coupling/Decoupler_1/Decoupler_1
[LOG 21:17:10.683] Config(PART) Squad/Parts/Coupling/Decoupler_2/Decoupler_2
[LOG 21:17:10.683] Config(PART) Squad/Parts/Coupling/Decoupler_3/Decoupler_3
[LOG 21:17:10.683] Config(PART) Squad/Parts/Coupling/Separator_0/Separator_0
[LOG 21:17:10.683] Config(PART) Squad/Parts/Coupling/Separator_1/Separator_1
[LOG 21:17:10.683] Config(PART) Squad/Parts/Coupling/Separator_2/Separator_2
[LOG 21:17:10.683] Config(PART) Squad/Parts/Coupling/Separator_3/Separator_3
[LOG 21:17:10.683] Config(PART) Squad/Parts/Electrical/10CSolarPanels/OX-10C/solarPanelOX10C
[LOG 21:17:10.683] Config(PART) Squad/Parts/Electrical/10CSolarPanels/SP-10C/solarPanelSP10C
[LOG 21:17:10.683] Config(PART) Squad/Parts/Electrical/10LSolarPanels/OX-10L/solarPanelOX10L
[LOG 21:17:10.683] Config(PART) Squad/Parts/Electrical/10LSolarPanels/SP-10L/solarPanelSP10L
[LOG 21:17:10.683] Config(PART) Squad/Parts/Electrical/1x6ShroudSolarPanels/1x6ShroudSolarPanels/solarPanels2
[LOG 21:17:10.683] Config(PART) Squad/Parts/Electrical/1x6SolarPanels/1x6SolarPanels/solarPanels4
[LOG 21:17:10.683] Config(PART) Squad/Parts/Electrical/3x2ShroudSolarPanels/3x2ShroudSolarPanels/solarPanels1
[LOG 21:17:10.683] Config(PART) Squad/Parts/Electrical/3x2SolarPanels/3x2SolarPanels/solarPanels3
[LOG 21:17:10.683] Config(PART) Squad/Parts/Electrical/gigantorXlSolarArray/gigantorXlSolarArray/largeSolarPanel
[LOG 21:17:10.683] Config(PART) Squad/Parts/Electrical/radialFlatSolarPanel/radialFlatSolarPanel/solarPanels5
[LOG 21:17:10.683] Config(PART) Squad/Parts/Electrical/RTG/RTG/rtg
[LOG 21:17:10.683] Config(PART) Squad/Parts/Electrical/z-100Battery/z-100Battery/batteryPack
[LOG 21:17:10.683] Config(PART) Squad/Parts/Electrical/z-1kBattery/z-1kBattery/batteryBank
[LOG 21:17:10.683] Config(PART) Squad/Parts/Electrical/z-200Battery/z-200Battery/batteryBankMini
[LOG 21:17:10.683] Config(PART) Squad/Parts/Electrical/z-400Battery/z-400Battery/ksp_r_largeBatteryPack
[LOG 21:17:10.683] Config(PART) Squad/Parts/Electrical/z-4kBattery/z-4kBattery/batteryBankLarge
[LOG 21:17:10.683] Config(PART) Squad/Parts/Engine/ionEngine/ionEngine/ionEngine
[LOG 21:17:10.683] Config(PART) Squad/Parts/Engine/jetEngines/jetEngineAfterburning/turboJet
[LOG 21:17:10.684] Config(PART) Squad/Parts/Engine/jetEngines/jetEngineBasic/JetEngine
[LOG 21:17:10.684] Config(PART) Squad/Parts/Engine/jetEngines/jetEngineBig/turboFanSize2
[LOG 21:17:10.684] Config(PART) Squad/Parts/Engine/jetEngines/jetEngineTurbo/turboFanEngine
[LOG 21:17:10.684] Config(PART) Squad/Parts/Engine/liquidEngine24-77/liquidEngine24-77/smallRadialEngine
[LOG 21:17:10.684] Config(PART) Squad/Parts/Engine/liquidEngine24-77_v2/liquidEngine24-77_v2/smallRadialEngine_v2
[LOG 21:17:10.684] Config(PART) Squad/Parts/Engine/liquidEngine48-7S_v2/liquidEngine48-7S_v2/liquidEngineMini_v2
[LOG 21:17:10.684] Config(PART) Squad/Parts/Engine/liquidEngineAerospike/liquidEngineAerospike/toroidalAerospike
[LOG 21:17:10.684] Config(PART) Squad/Parts/Engine/liquidEngineLV-1_v2/liquidEngineLV-1R _v2/radialEngineMini_v2
[LOG 21:17:10.684] Config(PART) Squad/Parts/Engine/liquidEngineLV-1_v2/liquidEngineLV-1_v2/microEngine_v2
[LOG 21:17:10.684] Config(PART) Squad/Parts/Engine/liquidEngineLV-909_v2/liquidEngineLV-909_v2/liquidEngine3_v2
[LOG 21:17:10.684] Config(PART) Squad/Parts/Engine/liquidEngineLV-N/liquidEngineLV-N/nuclearEngine
[LOG 21:17:10.684] Config(PART) Squad/Parts/Engine/liquidEngineLV-T30/liquidEngineLV-T30/liquidEngine
[LOG 21:17:10.684] Config(PART) Squad/Parts/Engine/liquidEngineLV-T30_v2/liquidEngineLV-T30_v2/liquidEngine_v2
[LOG 21:17:10.684] Config(PART) Squad/Parts/Engine/liquidEngineLV-T45/liquidEngineLV-T45/liquidEngine2
[LOG 21:17:10.684] Config(PART) Squad/Parts/Engine/liquidEngineLV-T45_v2/liquidEngineLV-T45_v2/liquidEngine2_v2
[LOG 21:17:10.684] Config(PART) Squad/Parts/Engine/liquidEngineMainsail_v2/liquidEngineMainsail_v2/liquidEngineMainsail_v2
[LOG 21:17:10.684] Config(PART) Squad/Parts/Engine/liquidEngineMk55/liquidEngineMk55/radialLiquidEngine1-2
[LOG 21:17:10.684] Config(PART) Squad/Parts/Engine/liquidEnginePoodle_v2/liquidEnginePoodle_v2/liquidEngine2-2_v2
[LOG 21:17:10.684] Config(PART) Squad/Parts/Engine/liquidEngineSkipper_v2/skipperLiquidEngine_v2/engineLargeSkipper_v2
[LOG 21:17:10.684] Config(PART) Squad/Parts/Engine/liquidEngineSSME/SSME/SSME
[LOG 21:17:10.684] Config(PART) Squad/Parts/Engine/MassiveSRB/part/MassiveBooster
[LOG 21:17:10.684] Config(PART) Squad/Parts/Engine/miniJet/SmallJetEngine/miniJetEngine
[LOG 21:17:10.684] Config(PART) Squad/Parts/Engine/OMSEngine/omsEngine/omsEngine
[LOG 21:17:10.684] Config(PART) Squad/Parts/Engine/rapierEngine/rapierEngine/RAPIER
[LOG 21:17:10.684] Config(PART) Squad/Parts/Engine/Size1_SRBs/solidBoosterRT-10_v2/solidBooster_v2
[LOG 21:17:10.684] Config(PART) Squad/Parts/Engine/Size1_SRBs/solidBoosterRT-5_v2/solidBooster_sm_v2
[LOG 21:17:10.684] Config(PART) Squad/Parts/Engine/Size2LFB/part/Size2LFB
[LOG 21:17:10.684] Config(PART) Squad/Parts/Engine/Size2LFB_v2/part/Size2LFB_v2
[LOG 21:17:10.684] Config(PART) Squad/Parts/Engine/Size3AdvancedEngine/part/Size3AdvancedEngine
[LOG 21:17:10.684] Config(PART) Squad/Parts/Engine/Size3EngineCluster/part/Size3EngineCluster
[LOG 21:17:10.684] Config(PART) Squad/Parts/Engine/solidBoosterBACC/solidBoosterBACC/solidBooster1-1
[LOG 21:17:10.684] Config(PART) Squad/Parts/Engine/solidBoosterS2-17/solidBoosterS2-17/Thoroughbred
[LOG 21:17:10.684] Config(PART) Squad/Parts/Engine/solidBoosterS2-33/solidBoosterS2-33/Clydesdale
[LOG 21:17:10.684] Config(PART) Squad/Parts/Engine/solidBoosterSep/solidBoosterSep/sepMotor1
[LOG 21:17:10.685] Config(PART) Squad/Parts/Engine/SolidBoostersF/SolidBoosterF3S0/Shrimp
[LOG 21:17:10.685] Config(PART) Squad/Parts/Engine/SolidBoostersF/SolidBoosterFM1/Mite
[LOG 21:17:10.685] Config(PART) Squad/Parts/FuelTank/adapterTanks/Mk3-Mk2/adapterMk3-Mk2
[LOG 21:17:10.685] Config(PART) Squad/Parts/FuelTank/adapterTanks/Mk3-ShuttleAdapter/adapterEngines
[LOG 21:17:10.685] Config(PART) Squad/Parts/FuelTank/adapterTanks/Mk3-Size2/adapterMk3-Size2
[LOG 21:17:10.685] Config(PART) Squad/Parts/FuelTank/adapterTanks/Mk3-Size2Slant/adapterMk3-Size2Slant
[LOG 21:17:10.685] Config(PART) Squad/Parts/FuelTank/adapterTanks/Size2-Mk2/adapterSize2-Mk2
[LOG 21:17:10.685] Config(PART) Squad/Parts/FuelTank/adapterTanks/Size2-Size1/adapterSize2-Size1
[LOG 21:17:10.685] Config(PART) Squad/Parts/FuelTank/adapterTanks/Size2-Size1Slant/adapterSize2-Size1Slant
[LOG 21:17:10.685] Config(PART) Squad/Parts/FuelTank/adapterTanks/Size3-Mk3/adapterSize3-Mk3
[LOG 21:17:10.685] Config(PART) Squad/Parts/FuelTank/drainTankFTE-1/ReleaseValve/ReleaseValve
[LOG 21:17:10.685] Config(PART) Squad/Parts/FuelTank/FoilTanks/RadialTank_Capsule/externalTankCapsule
[LOG 21:17:10.685] Config(PART) Squad/Parts/FuelTank/FoilTanks/RadialTank_Round/externalTankRound
[LOG 21:17:10.685] Config(PART) Squad/Parts/FuelTank/FoilTanks/ToroidTank/externalTankToroid
[LOG 21:17:10.685] Config(PART) Squad/Parts/FuelTank/fuelTankOscarB/fuelTankOscarB/miniFuelTank
[LOG 21:17:10.685] Config(PART) Squad/Parts/FuelTank/miniFuselage/miniFuselage/miniFuselage
[LOG 21:17:10.685] Config(PART) Squad/Parts/FuelTank/mk2Adapters/bicoupler/mk2_1m_Bicoupler
[LOG 21:17:10.685] Config(PART) Squad/Parts/FuelTank/mk2Adapters/long/mk2_1m_AdapterLong
[LOG 21:17:10.685] Config(PART) Squad/Parts/FuelTank/mk2Adapters/standard/mk2SpacePlaneAdapter
[LOG 21:17:10.685] Config(PART) Squad/Parts/FuelTank/mk2FuselageLong/LFO_long/mk2FuselageLongLFO
[LOG 21:17:10.685] Config(PART) Squad/Parts/FuelTank/mk2FuselageLong/L_long/mk2Fuselage
[LOG 21:17:10.685] Config(PART) Squad/Parts/FuelTank/mk2FuselageShort/LFO_short/mk2FuselageShortLFO
[LOG 21:17:10.685] Config(PART) Squad/Parts/FuelTank/mk2FuselageShort/L_short/mk2FuselageShortLiquid
[LOG 21:17:10.685] Config(PART) Squad/Parts/FuelTank/mk2FuselageShort/Mono_short/mk2FuselageShortMono
[LOG 21:17:10.685] Config(PART) Squad/Parts/FuelTank/mk3Fuselage/CREW/mk3CrewCabin
[LOG 21:17:10.685] Config(PART) Squad/Parts/FuelTank/mk3Fuselage/LFO_100/mk3FuselageLFO_100
[LOG 21:17:10.685] Config(PART) Squad/Parts/FuelTank/mk3Fuselage/LFO_25/mk3FuselageLFO_25
[LOG 21:17:10.685] Config(PART) Squad/Parts/FuelTank/mk3Fuselage/LFO_50/mk3FuselageLFO_50
[LOG 21:17:10.685] Config(PART) Squad/Parts/FuelTank/mk3Fuselage/LF_100/mk3FuselageLF_100
[LOG 21:17:10.685] Config(PART) Squad/Parts/FuelTank/mk3Fuselage/LF_25/mk3FuselageLF_25
[LOG 21:17:10.685] Config(PART) Squad/Parts/FuelTank/mk3Fuselage/LF_50/mk3FuselageLF_50
[LOG 21:17:10.685] Config(PART) Squad/Parts/FuelTank/mk3Fuselage/MONO/mk3FuselageMONO
[LOG 21:17:10.685] Config(PART) Squad/Parts/FuelTank/RCSFuelTankR1/RCSFuelTankR1/RCSTank1-2
[LOG 21:17:10.685] Config(PART) Squad/Parts/FuelTank/RCSFuelTankR10/RCSFuelTankR10/rcsTankMini
[LOG 21:17:10.685] Config(PART) Squad/Parts/FuelTank/RCSFuelTankR25/RCSFuelTankR25/RCSFuelTank
[LOG 21:17:10.685] Config(PART) Squad/Parts/FuelTank/RCSTankRadial/radialRCSTank/radialRCSTank
[LOG 21:17:10.685] Config(PART) Squad/Parts/FuelTank/RCStankRadialLong/RCSTankRadialLong/rcsTankRadialLong
[LOG 21:17:10.685] Config(PART) Squad/Parts/FuelTank/RockomaxTanks/Rockomax16/Rockomax16_BW
[LOG 21:17:10.685] Config(PART) Squad/Parts/FuelTank/RockomaxTanks/Rockomax32/Rockomax32_BW
[LOG 21:17:10.685] Config(PART) Squad/Parts/FuelTank/RockomaxTanks/Rockomax64/Rockomax64_BW
[LOG 21:17:10.685] Config(PART) Squad/Parts/FuelTank/RockomaxTanks/Rockomax8/Rockomax8BW
[LOG 21:17:10.685] Config(PART) Squad/Parts/FuelTank/Size1_Tanks/fuelTankT100/fuelTankSmallFlat
[LOG 21:17:10.686] Config(PART) Squad/Parts/FuelTank/Size1_Tanks/fuelTankT200/fuelTankSmall
[LOG 21:17:10.686] Config(PART) Squad/Parts/FuelTank/Size1_Tanks/fuelTankT400/fuelTank
[LOG 21:17:10.686] Config(PART) Squad/Parts/FuelTank/Size1_Tanks/fuelTankT800/fuelTank_long
[LOG 21:17:10.686] Config(PART) Squad/Parts/FuelTank/Size3Tanks/large/Size3LargeTank
[LOG 21:17:10.686] Config(PART) Squad/Parts/FuelTank/Size3Tanks/medium/Size3MediumTank
[LOG 21:17:10.686] Config(PART) Squad/Parts/FuelTank/Size3Tanks/small/Size3SmallTank
[LOG 21:17:10.686] Config(PART) Squad/Parts/FuelTank/xenonTank/xenonTank/xenonTank
[LOG 21:17:10.686] Config(PART) Squad/Parts/FuelTank/xenonTankLarge/xenonTankLarge/xenonTankLarge
[LOG 21:17:10.686] Config(PART) Squad/Parts/FuelTank/xenonTankRadial/xenonTankRadial/xenonTankRadial
[LOG 21:17:10.686] Config(PART) Squad/Parts/Misc/AsteroidDay/CamSat/InfraredTelescope
[LOG 21:17:10.686] Config(PART) Squad/Parts/Misc/AsteroidDay/HECS2/HECS2_ProbeCore
[LOG 21:17:10.686] Config(PART) Squad/Parts/Misc/AsteroidDay/HighGainAntenna/HighGainAntenna
[LOG 21:17:10.686] Config(PART) Squad/Parts/Misc/AsteroidDay/LgRadialSolar/LgRadialSolarPanel
[LOG 21:17:10.686] Config(PART) Squad/Parts/Misc/PotatoComet/part/PotatoComet
[LOG 21:17:10.686] Config(PART) Squad/Parts/Misc/PotatoRoid/part/PotatoRoid
[LOG 21:17:10.686] Config(PART) Squad/Parts/Prebuilt/flag/flag
[LOG 21:17:10.686] Config(PART) Squad/Parts/Prebuilt/kerbalEVA/kerbalEVA
[LOG 21:17:10.686] Config(PART) Squad/Parts/Prebuilt/kerbalEVAfemale/kerbalEVAfemale
[LOG 21:17:10.686] Config(PART) Squad/Parts/Prebuilt/kerbalEVASlimSuit/kerbalEVASlimSuit
[LOG 21:17:10.686] Config(PART) Squad/Parts/Prebuilt/kerbalEVASlimSuitFemale/kerbalEVASlimSuitFemale
[LOG 21:17:10.686] Config(PART) Squad/Parts/Resources/FuelCell/FuelCell/FuelCell
[LOG 21:17:10.686] Config(PART) Squad/Parts/Resources/FuelCell/FuelCellArray/FuelCellArray
[LOG 21:17:10.686] Config(PART) Squad/Parts/Resources/ISRU/ISRU/ISRU
[LOG 21:17:10.686] Config(PART) Squad/Parts/Resources/LargeTank/LargeTank/LargeTank
[LOG 21:17:10.686] Config(PART) Squad/Parts/Resources/MiniDrill/MiniDrill/MiniDrill
[LOG 21:17:10.686] Config(PART) Squad/Parts/Resources/MiniISRU/MiniISRU/MiniISRU
[LOG 21:17:10.686] Config(PART) Squad/Parts/Resources/OrbitalScanner/OrbitalScanner/OrbitalScanner
[LOG 21:17:10.686] Config(PART) Squad/Parts/Resources/RadialDrill/RadialDrill/RadialDrill
[LOG 21:17:10.686] Config(PART) Squad/Parts/Resources/RadialTank/RadialTank/RadialOreTank
[LOG 21:17:10.686] Config(PART) Squad/Parts/Resources/SmallTank/SmallTank/SmallTank
[LOG 21:17:10.686] Config(PART) Squad/Parts/Resources/SurfaceScanner/SurfaceScanner/SurfaceScanner
[LOG 21:17:10.686] Config(PART) Squad/Parts/Resources/SurveyScanner/SurveyScanner/SurveyScanner
[LOG 21:17:10.686] Config(PART) Squad/Parts/Science/AtmosphereSensor/sensorAtmosphere/sensorAtmosphere
[LOG 21:17:10.686] Config(PART) Squad/Parts/Science/GooExperiment/gooExperiment/GooExperiment
[LOG 21:17:10.686] Config(PART) Squad/Parts/Science/LargeCrewedLab/largeCrewedLab/Large_Crewed_Lab
[LOG 21:17:10.686] Config(PART) Squad/Parts/Science/Magnetometer/Magnetometer/Magnetometer
[LOG 21:17:10.686] Config(PART) Squad/Parts/Science/MaterialBay/materialBay/science_module
[LOG 21:17:10.686] Config(PART) Squad/Parts/Science/ScienceBox/ScienceBox/ScienceBox
[LOG 21:17:10.686] Config(PART) Squad/Parts/Science/sensorAccelerometer/sensorAccelerometer/sensorAccelerometer
[LOG 21:17:10.686] Config(PART) Squad/Parts/Science/sensorBarometer/sensorBarometer/sensorBarometer
[LOG 21:17:10.686] Config(PART) Squad/Parts/Science/sensorGravimeter/sensorGravimeter/sensorGravimeter
[LOG 21:17:10.686] Config(PART) Squad/Parts/Science/sensorThermometer/sensorThermometer/sensorThermometer
[LOG 21:17:10.686] Config(PART) Squad/Parts/Structural/FLAdapters/adapterSmallMiniShort/adapterSmallMiniShort
[LOG 21:17:10.686] Config(PART) Squad/Parts/Structural/FLAdapters/adapterSmallMiniTall/adapterSmallMiniTall
[LOG 21:17:10.686] Config(PART) Squad/Parts/Structural/mk1Parts/engineBodyRadial/radialEngineBody
[LOG 21:17:10.686] Config(PART) Squad/Parts/Structural/mk1Parts/engineNacelle/nacelleBody
[LOG 21:17:10.686] Config(PART) Squad/Parts/Structural/mk1Parts/mk1Fuselage/MK1Fuselage
[LOG 21:17:10.686] Config(PART) Squad/Parts/Structural/mk1Parts/mk1FuselageIntake/MK1IntakeFuselage
[LOG 21:17:10.686] Config(PART) Squad/Parts/Structural/mk1Parts/mk1Structural/Mk1FuselageStructural
[LOG 21:17:10.686] Config(PART) Squad/Parts/Structural/Size3To2Adapter_v2/Size2to3_v2/Size3To2Adapter_v2
[LOG 21:17:10.686] Config(PART) Squad/Parts/Structural/stackAdapters/adapterLargeSmallBi/adapterLargeSmallBi
[LOG 21:17:10.686] Config(PART) Squad/Parts/Structural/stackAdapters/adapterLargeSmallQuad/adapterLargeSmallQuad
[LOG 21:17:10.686] Config(PART) Squad/Parts/Structural/stackAdapters/adapterLargeSmallTri/adapterLargeSmallTri
[LOG 21:17:10.686] Config(PART) Squad/Parts/Structural/stationHub/stationHub/stationHub
[LOG 21:17:10.686] Config(PART) Squad/Parts/Structural/structuralIBeam200/structuralIBeam200/structuralIBeam2
[LOG 21:17:10.686] Config(PART) Squad/Parts/Structural/structuralIBeam200Pocket/structuralIBeam200Pocket/structuralIBeam3
[LOG 21:17:10.686] Config(PART) Squad/Parts/Structural/structuralIBeam650/structuralIBeam650/structuralIBeam1
[LOG 21:17:10.686] Config(PART) Squad/Parts/Structural/structuralMicronode/structuralMicronode/structuralMiniNode
[LOG 21:17:10.686] Config(PART) Squad/Parts/Structural/structuralPanel1x1/structuralPanel1x1/structuralPanel1
[LOG 21:17:10.686] Config(PART) Squad/Parts/Structural/structuralPanel2x2/structuralPanel2x2/structuralPanel2
[LOG 21:17:10.686] Config(PART) Squad/Parts/Structural/structuralPylons/smallHardpoint/smallHardpoint
[LOG 21:17:10.686] Config(PART) Squad/Parts/Structural/structuralPylons/structuralPylon/structuralPylon
[LOG 21:17:10.686] Config(PART) Squad/Parts/Structural/strutCubicOcto/strutCubicOcto/strutCube
[LOG 21:17:10.687] Config(PART) Squad/Parts/Structural/strutOcto/strutOcto/strutOcto
[LOG 21:17:10.687] Config(PART) Squad/Parts/Structural/trussGirderAdapter/trussGirderAdapter/trussAdapter
[LOG 21:17:10.687] Config(PART) Squad/Parts/Structural/trussGirderL/trussGirderL/trussPiece1x
[LOG 21:17:10.687] Config(PART) Squad/Parts/Structural/trussGirderXL/trussGirderXL/trussPiece3x
[LOG 21:17:10.687] Config(PART) Squad/Parts/Thermal/FoldingRadiators/foldingRadLarge/foldingRadLarge
[LOG 21:17:10.687] Config(PART) Squad/Parts/Thermal/FoldingRadiators/foldingRadMed/foldingRadMed
[LOG 21:17:10.687] Config(PART) Squad/Parts/Thermal/FoldingRadiators/foldingRadSmall/foldingRadSmall
[LOG 21:17:10.687] Config(PART) Squad/Parts/Thermal/RadiatorPanels/radPanelEdge/radPanelEdge
[LOG 21:17:10.687] Config(PART) Squad/Parts/Thermal/RadiatorPanels/radPanelLg/radPanelLg
[LOG 21:17:10.687] Config(PART) Squad/Parts/Thermal/RadiatorPanels/radPanelSm/radPanelSm
[LOG 21:17:10.687] Config(PART) Squad/Parts/Utility/commDish88-88/commDish88-88/commDish
[LOG 21:17:10.687] Config(PART) Squad/Parts/Utility/commsAntennaDTS-M1/commsAntennaDTS-M1/mediumDishAntenna
[LOG 21:17:10.687] Config(PART) Squad/Parts/Utility/commsDish16/commsAntenna16/longAntenna
[LOG 21:17:10.687] Config(PART) Squad/Parts/Utility/decouplerRadialHDM/decouplerRadialHDM/radialDecoupler1-2
[LOG 21:17:10.687] Config(PART) Squad/Parts/Utility/decouplerRadialTT-38K/decouplerRadialTT-38K/radialDecoupler
[LOG 21:17:10.687] Config(PART) Squad/Parts/Utility/decouplerRadialTT-70/decouplerRadialTT-70/radialDecoupler2
[LOG 21:17:10.687] Config(PART) Squad/Parts/Utility/DirectAntennas/C16S/SurfAntenna
[LOG 21:17:10.687] Config(PART) Squad/Parts/Utility/DirectAntennas/HG-5/HighGainAntenna5
[LOG 21:17:10.687] Config(PART) Squad/Parts/Utility/DirectAntennas/HG-5_v2/HighGainAntenna5_v2
[LOG 21:17:10.687] Config(PART) Squad/Parts/Utility/dockingPort/dockingPort/dockingPort2
[LOG 21:17:10.687] Config(PART) Squad/Parts/Utility/dockingPortInline/dockingPortInline/dockingPortLateral
[LOG 21:17:10.688] Config(PART) Squad/Parts/Utility/dockingPortJr/dockingPortJr/dockingPort3
[LOG 21:17:10.688] Config(PART) Squad/Parts/Utility/dockingPortShielded/dockingPortShielded/dockingPort1
[LOG 21:17:10.688] Config(PART) Squad/Parts/Utility/dockingPortSr/dockingPortSr/dockingPortLarge
[LOG 21:17:10.688] Config(PART) Squad/Parts/Utility/Fireworks/fireworksLauncherBig/fireworksLauncherBig
[LOG 21:17:10.688] Config(PART) Squad/Parts/Utility/Fireworks/fireworksLauncherSmall/fireworksLauncherSmall
[LOG 21:17:10.688] Config(PART) Squad/Parts/Utility/flags/flagFlat/flagFlat/flagPartFlat
[LOG 21:17:10.688] Config(PART) Squad/Parts/Utility/flags/flagSize0/flagSize0/flagPartSize0
[LOG 21:17:10.688] Config(PART) Squad/Parts/Utility/flags/flagSize1/flagSize1/flagPartSize1
[LOG 21:17:10.688] Config(PART) Squad/Parts/Utility/flags/flagSize2/flagSize2/flagPartSize2
[LOG 21:17:10.688] Config(PART) Squad/Parts/Utility/flags/flagSize3/flagSize3/flagPartSize3
[LOG 21:17:10.688] Config(PART) Squad/Parts/Utility/GrapplingDevice/part/GrapplingDevice
[LOG 21:17:10.688] Config(PART) Squad/Parts/Utility/ladderRadial/ladderRadial/ladder1
[LOG 21:17:10.688] Config(PART) Squad/Parts/Utility/ladderTelescopic/ladderTelescopic/telescopicLadder
[LOG 21:17:10.688] Config(PART) Squad/Parts/Utility/ladderTelescopicBay/ladderTelescopicBay/telescopicLadderBay
[LOG 21:17:10.688] Config(PART) Squad/Parts/Utility/landingLegLT-1/landingLegLT-1/landingLeg1
[LOG 21:17:10.688] Config(PART) Squad/Parts/Utility/landingLegLT-2/landingLegLT-2/landingLeg1-2
[LOG 21:17:10.688] Config(PART) Squad/Parts/Utility/landingLegLT-5/landingLegLT-5/miniLandingLeg
[LOG 21:17:10.688] Config(PART) Squad/Parts/Utility/launchClamp1/launchClamp1/launchClamp1
[LOG 21:17:10.688] Config(PART) Squad/Parts/Utility/launchEscapeSystem/part/LaunchEscapeSystem
[LOG 21:17:10.688] Config(PART) Squad/Parts/Utility/Lights/domeLight1/domeLight1
[LOG 21:17:10.688] Config(PART) Squad/Parts/Utility/Lights/groundLight1/groundLight1
[LOG 21:17:10.688] Config(PART) Squad/Parts/Utility/Lights/groundLight2/groundLight2
[LOG 21:17:10.688] Config(PART) Squad/Parts/Utility/Lights/navLight1/navLight1
[LOG 21:17:10.688] Config(PART) Squad/Parts/Utility/Lights/spotLight1/spotLight3
[LOG 21:17:10.688] Config(PART) Squad/Parts/Utility/Lights/stripLight1/stripLight1
[LOG 21:17:10.688] Config(PART) Squad/Parts/Utility/linearVernorRCS/linearRCS/linearRcs
[LOG 21:17:10.688] Config(PART) Squad/Parts/Utility/linearVernorRCS/vernorEngine/vernierEngine
[LOG 21:17:10.688] Config(PART) Squad/Parts/Utility/mk2CargoBay/BayL/mk2CargoBayL
[LOG 21:17:10.688] Config(PART) Squad/Parts/Utility/mk2CargoBay/BayS/mk2CargoBayS
[LOG 21:17:10.688] Config(PART) Squad/Parts/Utility/mk2CrewCabin/mk2CrewCabin/mk2CrewCabin
[LOG 21:17:10.688] Config(PART) Squad/Parts/Utility/mk2DockingPort/mk2DockingPort/mk2DockingPort
[LOG 21:17:10.688] Config(PART) Squad/Parts/Utility/mk3CargoBay/long/mk3CargoBayL
[LOG 21:17:10.688] Config(PART) Squad/Parts/Utility/mk3CargoBay/medium/mk3CargoBayM
[LOG 21:17:10.688] Config(PART) Squad/Parts/Utility/mk3CargoBay/ramp/mk3CargoRamp
[LOG 21:17:10.688] Config(PART) Squad/Parts/Utility/mk3CargoBay/short/mk3CargoBayS
[LOG 21:17:10.688] Config(PART) Squad/Parts/Utility/parachuteMk1/parachuteMk1/parachuteSingle
[LOG 21:17:10.688] Config(PART) Squad/Parts/Utility/parachuteMk12-R/parachuteMk12-R/radialDrogue
[LOG 21:17:10.688] Config(PART) Squad/Parts/Utility/parachuteMk16-XL/parachuteMk16-XL/parachuteLarge
[LOG 21:17:10.688] Config(PART) Squad/Parts/Utility/parachuteMk2-R/parachuteMk2-R/parachuteRadial
[LOG 21:17:10.689] Config(PART) Squad/Parts/Utility/parachuteMk25/parachuteMk25/parachuteDrogue
[LOG 21:17:10.689] Config(PART) Squad/Parts/Utility/radialAttachmentPoint/radialAttachmentPoint/stackPoint1
[LOG 21:17:10.689] Config(PART) Squad/Parts/Utility/rcsBlockRV-105_v2/rcsBlockRV-105/RCSBlock_v2
[LOG 21:17:10.689] Config(PART) Squad/Parts/Utility/rcsBlockRV-105_v2/RCSblock_01_small/RCSblock_01_small
[LOG 21:17:10.689] Config(PART) Squad/Parts/Utility/rcsSmallLinear/RCSLinearSmall/RCSLinearSmall
[LOG 21:17:10.689] Config(PART) Squad/Parts/Utility/RelayAntennas/RA-100/RelayAntenna100
[LOG 21:17:10.689] Config(PART) Squad/Parts/Utility/RelayAntennas/RA-5/RelayAntenna5
[LOG 21:17:10.689] Config(PART) Squad/Parts/Utility/RelayAntennas/RA-50/RelayAntenna50
[LOG 21:17:10.689] Config(PART) Squad/Parts/Utility/rockomaxAdapters/largeAdapter/largeAdapter
[LOG 21:17:10.689] Config(PART) Squad/Parts/Utility/rockomaxAdapters/largeAdapterShort/largeAdapter2
[LOG 21:17:10.689] Config(PART) Squad/Parts/Utility/ServiceBay_v2/ServiceBay_125_v2/ServiceBay_125_v2
[LOG 21:17:10.689] Config(PART) Squad/Parts/Utility/ServiceBay_v2/ServiceBay_250_v2/ServiceBay_250_v2
[LOG 21:17:10.689] Config(PART) Squad/Parts/Utility/smallClaw/smallClaw/smallClaw
[LOG 21:17:10.689] Config(PART) Squad/Parts/Utility/spotLightMk1/spotLightMk1/spotLight1
[LOG 21:17:10.689] Config(PART) Squad/Parts/Utility/spotLightMk1_v2/spotLightMk1_v2/spotLight1_v2
[LOG 21:17:10.689] Config(PART) Squad/Parts/Utility/spotLightMk2/spotLightMk2/spotLight2
[LOG 21:17:10.689] Config(PART) Squad/Parts/Utility/spotLightMk2_v2/spotLightMk2_v2/spotLight2_v2
[LOG 21:17:10.689] Config(PART) Squad/Parts/Utility/stackCouplers/stackBiCoupler_v2/stackBiCoupler_v2
[LOG 21:17:10.689] Config(PART) Squad/Parts/Utility/stackCouplers/stackQuadCoupler/stackQuadCoupler
[LOG 21:17:10.689] Config(PART) Squad/Parts/Utility/stackCouplers/stackTriCoupler_v2/stackTriCoupler_v2
[LOG 21:17:10.689] Config(PART) Squad/Parts/Wheel/LandingGear/GearExtraLarge/GearLarge
[LOG 21:17:10.689] Config(PART) Squad/Parts/Wheel/LandingGear/GearFixed/GearFixed
[LOG 21:17:10.689] Config(PART) Squad/Parts/Wheel/LandingGear/GearFree/GearFree
[LOG 21:17:10.689] Config(PART) Squad/Parts/Wheel/LandingGear/GearLarge/GearMedium
[LOG 21:17:10.689] Config(PART) Squad/Parts/Wheel/LandingGear/GearMedium/GearSmall
[LOG 21:17:10.689] Config(PART) Squad/Parts/Wheel/LandingGear/GearSmall/SmallGearBay
[LOG 21:17:10.689] Config(PART) Squad/Parts/Wheel/roverWheelM1/roverWheelM1/roverWheel1
[LOG 21:17:10.689] Config(PART) Squad/Parts/Wheel/roverWheelS2/roverWheelS2/roverWheel2
[LOG 21:17:10.689] Config(PART) Squad/Parts/Wheel/roverWheelTR-2L/roverWheelTR-2L/wheelMed
[LOG 21:17:10.689] Config(PART) Squad/Parts/Wheel/roverWheelXL3/roverWheelXL3/roverWheel3
[LOG 21:17:10.689] Config(PROP) Squad/Props/AltimeterThreeHands/prop/AltimeterThreeHands
[LOG 21:17:10.689] Config(PROP) Squad/Props/AtmosphereDepth/prop/AtmosphereDepth
[LOG 21:17:10.689] Config(PROP) Squad/Props/AxisIndicator/pitchConfig/AxisIndicatorPitch
[LOG 21:17:10.689] Config(PROP) Squad/Props/AxisIndicator/rollConfig/AxisIndicatorRoll
[LOG 21:17:10.689] Config(PROP) Squad/Props/AxisIndicator/yawConfig/AxisIndicatorYaw
[LOG 21:17:10.689] Config(PROP) Squad/Props/buttonsGeneric/circularButton/genericCircularButton
[LOG 21:17:10.689] Config(PROP) Squad/Props/buttonsGeneric/clusterButtons/genericClusterButtons
[LOG 21:17:10.689] Config(PROP) Squad/Props/buttonsGeneric/clusterButtons2/genericClusterButtons2
[LOG 21:17:10.689] Config(PROP) Squad/Props/buttonsGeneric/clusterKnob/genericClusterKnobs
[LOG 21:17:10.689] Config(PROP) Squad/Props/buttonsGeneric/clusterKnob2/genericClusterKnobs2
[LOG 21:17:10.689] Config(PROP) Squad/Props/buttonsGeneric/clusterMixed/genericClusterMixed
[LOG 21:17:10.689] Config(PROP) Squad/Props/buttonsGeneric/clusterSwitches01/genericClusterSwitches01
[LOG 21:17:10.690] Config(PROP) Squad/Props/buttonsGeneric/clusterSwitches02/genericClusterSwitches02
[LOG 21:17:10.690] Config(PROP) Squad/Props/buttonsGeneric/clusterSwitches03/genericClusterSwitches03
[LOG 21:17:10.690] Config(PROP) Squad/Props/buttonsGeneric/clusterSwitches04/genericClusterSwitches04
[LOG 21:17:10.690] Config(PROP) Squad/Props/buttonsGeneric/clusterSwitches05/genericClusterSwitches05
[LOG 21:17:10.690] Config(PROP) Squad/Props/buttonsGeneric/clusterSwitches06/genericClusterSwitches06
[LOG 21:17:10.690] Config(PROP) Squad/Props/buttonsGeneric/clusterSwitches07/genericClusterSwitches07
[LOG 21:17:10.690] Config(PROP) Squad/Props/buttonsGeneric/directionalKnob/genericDirectionalKnob
[LOG 21:17:10.690] Config(PROP) Squad/Props/buttonsGeneric/directionalKnob2/genericDirectionalKnob2
[LOG 21:17:10.690] Config(PROP) Squad/Props/buttonsGeneric/pullSwitch/genericPullSwitch
[LOG 21:17:10.690] Config(PROP) Squad/Props/buttonsGeneric/squareButton/genericSquareButton
[LOG 21:17:10.690] Config(PROP) Squad/Props/buttonsGeneric/standingSwitch/genericStandingSwitch
[LOG 21:17:10.690] Config(PROP) Squad/Props/buttonsGeneric/switch/genericSwitch
[LOG 21:17:10.690] Config(PROP) Squad/Props/buttonsGeneric/switchWithGuards/genericSwitchWithGuards
[LOG 21:17:10.690] Config(PROP) Squad/Props/ButtonSquare/prop/ButtonSquare
[LOG 21:17:10.690] Config(PROP) Squad/Props/circularButton/prop/circularButton
[LOG 21:17:10.690] Config(PROP) Squad/Props/Compass/prop/Compass
[LOG 21:17:10.690] Config(PROP) Squad/Props/directionalKnob/prop/directionalKnob
[LOG 21:17:10.690] Config(PROP) Squad/Props/directionalKnob2/prop/directionalKnob2
[LOG 21:17:10.690] Config(PROP) Squad/Props/IndicatorPanel/prop/IndicatorPanel
[LOG 21:17:10.690] Config(PROP) Squad/Props/IVANavBall/prop/NavBall
[LOG 21:17:10.690] Config(PROP) Squad/Props/IVANavBallNoBase/prop/NavBallNoBase
[LOG 21:17:10.690] Config(PROP) Squad/Props/ledPanelSpeed/prop/ledPanelSpeed
[LOG 21:17:10.690] Config(PROP) Squad/Props/Monitor/DockingMode/MonitorDockingMode
[LOG 21:17:10.690] Config(PROP) Squad/Props/NavBall/prop/NavBall
[LOG 21:17:10.690] Config(PROP) Squad/Props/PropsGeneric/Button_DockingMode/Button_DockingMode
[LOG 21:17:10.690] Config(PROP) Squad/Props/PropsGeneric/CargoBagA/CargoBagA
[LOG 21:17:10.690] Config(PROP) Squad/Props/PropsGeneric/CargoBagB/CargoBagB
[LOG 21:17:10.690] Config(PROP) Squad/Props/PropsGeneric/CargoBagC/CargoBagC
[LOG 21:17:10.690] Config(PROP) Squad/Props/PropsGeneric/Hatch_Plane/Hatch_Plane
[LOG 21:17:10.691] Config(PROP) Squad/Props/PropsGeneric/Hatch_Plane_Curve90/Hatch_Plane_Curve90
[LOG 21:17:10.691] Config(PROP) Squad/Props/PropsGeneric/Hatch_Plane_Frame/Hatch_Plane_Frame
[LOG 21:17:10.691] Config(PROP) Squad/Props/PropsGeneric/Seat_Passenger/Seat_Passenger
[LOG 21:17:10.691] Config(PROP) Squad/Props/PropsGeneric/Seat_Pilot/Seat_Pilot
[LOG 21:17:10.691] Config(PROP) Squad/Props/PropsGeneric/Seat_Pilot_Helmet/Seat_Pilot_Helmet
[LOG 21:17:10.691] Config(PROP) Squad/Props/PropsGeneric/SideStick/SideStick
[LOG 21:17:10.691] Config(PROP) Squad/Props/pullSwitch/prop/pullSwitch
[LOG 21:17:10.691] Config(PROP) Squad/Props/radarAltitude/prop/RadarAltimeter
[LOG 21:17:10.691] Config(PROP) Squad/Props/squareButton/prop/squareButton
[LOG 21:17:10.691] Config(PROP) Squad/Props/standingSwitch/prop/standingSwitch
[LOG 21:17:10.691] Config(PROP) Squad/Props/switch/prop/switch
[LOG 21:17:10.691] Config(PROP) Squad/Props/switchGuard/prop/switchGuard
[LOG 21:17:10.691] Config(PROP) Squad/Props/switchWithGuards/prop/switchWithGuards
[LOG 21:17:10.691] Config(PROP) Squad/Props/throttle/prop/throttle
[LOG 21:17:10.691] Config(PROP) Squad/Props/VSI/prop/VSI
[LOG 21:17:10.691] Config(SPACEOBJECTS_LIMITS) Squad/Resources/CometDefs/SPACEOBJECTS_LIMITS
[LOG 21:17:10.691] Config(COMET_MANAGER) Squad/Resources/CometDefs/COMET_MANAGER
[LOG 21:17:10.691] Config(COMET_ORBIT_TYPE) Squad/Resources/CometDefs/short
[LOG 21:17:10.691] Config(COMET_ORBIT_TYPE) Squad/Resources/CometDefs/intermediate
[LOG 21:17:10.691] Config(COMET_ORBIT_TYPE) Squad/Resources/CometDefs/long
[LOG 21:17:10.691] Config(COMET_ORBIT_TYPE) Squad/Resources/CometDefs/interstellar
[LOG 21:17:10.691] Config(FIREWORKFX_DEFINITION) Squad/Resources/FireworkFXDefinitions/classicTrail
[LOG 21:17:10.691] Config(FIREWORKFX_DEFINITION) Squad/Resources/FireworkFXDefinitions/whirlyTrail
[LOG 21:17:10.691] Config(FIREWORKFX_DEFINITION) Squad/Resources/FireworkFXDefinitions/strobeTrail
[LOG 21:17:10.691] Config(FIREWORKFX_DEFINITION) Squad/Resources/FireworkFXDefinitions/bareTrail
[LOG 21:17:10.691] Config(FIREWORKFX_DEFINITION) Squad/Resources/FireworkFXDefinitions/classicBurst
[LOG 21:17:10.691] Config(FIREWORKFX_DEFINITION) Squad/Resources/FireworkFXDefinitions/chrysBurst
[LOG 21:17:10.691] Config(FIREWORKFX_DEFINITION) Squad/Resources/FireworkFXDefinitions/palmBurst
[LOG 21:17:10.691] Config(FIREWORKFX_DEFINITION) Squad/Resources/FireworkFXDefinitions/ringBurst
[LOG 21:17:10.691] Config(FIREWORKFX_DEFINITION) Squad/Resources/FireworkFXDefinitions/crosetteBurst
[LOG 21:17:10.692] Config(FIREWORKFX_DEFINITION) Squad/Resources/FireworkFXDefinitions/willowBurst
[LOG 21:17:10.692] Config(FIREWORKFX_DEFINITION) Squad/Resources/FireworkFXDefinitions/crackeBurst
[LOG 21:17:10.692] Config(FIREWORKFX_DEFINITION) Squad/Resources/FireworkFXDefinitions/palmCrackleBurst
[LOG 21:17:10.692] Config(FIREWORKFX_DEFINITION) Squad/Resources/FireworkFXDefinitions/dragonBurst
[LOG 21:17:10.692] Config(GLOBAL_RESOURCE) Squad/Resources/Ore/GLOBAL_RESOURCE
[LOG 21:17:10.692] Config(PLANETARY_RESOURCE) Squad/Resources/Ore/PLANETARY_RESOURCE
[LOG 21:17:10.692] Config(PLANETARY_RESOURCE) Squad/Resources/Ore/PLANETARY_RESOURCE
[LOG 21:17:10.692] Config(RESOURCE_OVERLAY_CONFIGURATION_SOLID) Squad/Resources/Overlay/RESOURCE_OVERLAY_CONFIGURATION_SOLID
[LOG 21:17:10.692] Config(RESOURCE_OVERLAY_CONFIGURATION_LINES) Squad/Resources/Overlay/RESOURCE_OVERLAY_CONFIGURATION_LINES
[LOG 21:17:10.692] Config(RESOURCE_OVERLAY_CONFIGURATION_DOTS) Squad/Resources/Overlay/RESOURCE_OVERLAY_CONFIGURATION_DOTS
[LOG 21:17:10.692] Config(RESOURCE_CONFIGURATION) Squad/Resources/ResourceDefaults/RESOURCE_CONFIGURATION
[LOG 21:17:10.692] Config(RESOURCE_DEFINITION) Squad/Resources/ResourcesGeneric/LiquidFuel
[LOG 21:17:10.692] Config(RESOURCE_DEFINITION) Squad/Resources/ResourcesGeneric/Oxidizer
[LOG 21:17:10.692] Config(RESOURCE_DEFINITION) Squad/Resources/ResourcesGeneric/SolidFuel
[LOG 21:17:10.692] Config(RESOURCE_DEFINITION) Squad/Resources/ResourcesGeneric/MonoPropellant
[LOG 21:17:10.692] Config(RESOURCE_DEFINITION) Squad/Resources/ResourcesGeneric/XenonGas
[LOG 21:17:10.692] Config(RESOURCE_DEFINITION) Squad/Resources/ResourcesGeneric/ElectricCharge
[LOG 21:17:10.692] Config(RESOURCE_DEFINITION) Squad/Resources/ResourcesGeneric/IntakeAir
[LOG 21:17:10.692] Config(RESOURCE_DEFINITION) Squad/Resources/ResourcesGeneric/EVA Propellant
[LOG 21:17:10.692] Config(RESOURCE_DEFINITION) Squad/Resources/ResourcesGeneric/Ore
[LOG 21:17:10.692] Config(RESOURCE_DEFINITION) Squad/Resources/ResourcesGeneric/Ablator
[LOG 21:17:10.692] Config(EXPERIMENT_DEFINITION) Squad/Resources/ScienceDefs/EXPERIMENT_DEFINITION
[LOG 21:17:10.692] Config(EXPERIMENT_DEFINITION) Squad/Resources/ScienceDefs/EXPERIMENT_DEFINITION
[LOG 21:17:10.692] Config(EXPERIMENT_DEFINITION) Squad/Resources/ScienceDefs/EXPERIMENT_DEFINITION
[LOG 21:17:10.692] Config(EXPERIMENT_DEFINITION) Squad/Resources/ScienceDefs/EXPERIMENT_DEFINITION
[LOG 21:17:10.692] Config(EXPERIMENT_DEFINITION) Squad/Resources/ScienceDefs/EXPERIMENT_DEFINITION
[LOG 21:17:10.692] Config(EXPERIMENT_DEFINITION) Squad/Resources/ScienceDefs/EXPERIMENT_DEFINITION
[LOG 21:17:10.692] Config(EXPERIMENT_DEFINITION) Squad/Resources/ScienceDefs/EXPERIMENT_DEFINITION
[LOG 21:17:10.692] Config(EXPERIMENT_DEFINITION) Squad/Resources/ScienceDefs/EXPERIMENT_DEFINITION
[LOG 21:17:10.692] Config(EXPERIMENT_DEFINITION) Squad/Resources/ScienceDefs/EXPERIMENT_DEFINITION
[LOG 21:17:10.692] Config(EXPERIMENT_DEFINITION) Squad/Resources/ScienceDefs/EXPERIMENT_DEFINITION
[LOG 21:17:10.692] Config(EXPERIMENT_DEFINITION) Squad/Resources/ScienceDefs/EXPERIMENT_DEFINITION
[LOG 21:17:10.692] Config(EXPERIMENT_DEFINITION) Squad/Resources/ScienceDefs/EXPERIMENT_DEFINITION
[LOG 21:17:10.692] Config(EXPERIMENT_DEFINITION) Squad/Resources/ScienceDefs/EXPERIMENT_DEFINITION
[LOG 21:17:10.692] Config(EXPERIMENT_DEFINITION) Squad/Resources/ScienceDefs/EXPERIMENT_DEFINITION
[LOG 21:17:10.693] Config(EXPERIMENT_DEFINITION) Squad/Resources/ScienceDefs/EXPERIMENT_DEFINITION
[LOG 21:17:10.693] Config(EXPERIMENT_DEFINITION) Squad/Resources/ScienceDefs/EXPERIMENT_DEFINITION
[LOG 21:17:10.693] Config(EXPERIMENT_DEFINITION) Squad/Resources/ScienceDefs/EXPERIMENT_DEFINITION
[LOG 21:17:10.693] Config(EXPERIMENT_DEFINITION) Squad/Resources/ScienceDefs/EXPERIMENT_DEFINITION
[LOG 21:17:10.693] Config(STORY_DEF) Squad/Resources/StoryDefs/STORY_DEF
[LOG 21:17:10.693] Config(TechTree) Squad/Resources/TechTree/TechTree
[LOG 21:17:10.693] Config(INTERNAL) Squad/Spaces/crewCabinInternals/internal/crewCabinInternals
[LOG 21:17:10.693] Config(INTERNAL) Squad/Spaces/cupolaInternal/internal/cupolaInternal
[LOG 21:17:10.693] Config(INTERNAL) Squad/Spaces/GenericSpace1/internal/GenericSpace1
[LOG 21:17:10.693] Config(INTERNAL) Squad/Spaces/GenericSpace3/internal/GenericSpace3
[LOG 21:17:10.693] Config(INTERNAL) Squad/Spaces/landerCabinInternals/internal/landerCabinInternals
[LOG 21:17:10.693] Config(INTERNAL) Squad/Spaces/landerCabinSmallInternal/internal/landerCabinSmallInternal
[LOG 21:17:10.693] Config(INTERNAL) Squad/Spaces/LargeCrewedLabInternals/internal/Mobile_Processing_Lab_Int
[LOG 21:17:10.693] Config(INTERNAL) Squad/Spaces/Mk1-3/internal/Mk1-3
[LOG 21:17:10.693] Config(INTERNAL) Squad/Spaces/mk1CabinInternal/internal/mk1CabinInternal
[LOG 21:17:10.693] Config(INTERNAL) Squad/Spaces/mk1CockpitInternal/internal/mk1CockpitInternal
[LOG 21:17:10.693] Config(INTERNAL) Squad/Spaces/mk1InlineInternal/internal/mk1InlineInternal
[LOG 21:17:10.693] Config(INTERNAL) Squad/Spaces/mk1PodCockpit/internal/mk1PodCockpit
[LOG 21:17:10.693] Config(INTERNAL) Squad/Spaces/mk1pod_IVA/mk1pod_Internal/mk1pod_IVA
[LOG 21:17:10.693] Config(INTERNAL) Squad/Spaces/mk2CockpitStandardInternal/internal/mk2CockpitStandardInternals
[LOG 21:17:10.693] Config(INTERNAL) Squad/Spaces/Mk2CrewCabinInternal/internal_MK2_CrewCab/MK2_CrewCab_Int
[LOG 21:17:10.693] Config(INTERNAL) Squad/Spaces/mk2InlineInternal/internal/mk2InlineInternal
[LOG 21:17:10.693] Config(INTERNAL) Squad/Spaces/mk2LanderCanInternal/internal/mk2LanderCanInternal
[LOG 21:17:10.693] Config(INTERNAL) Squad/Spaces/MK3CockpitInternal/internal_MK3/MK3_Cockpit_Int
[LOG 21:17:10.693] Config(INTERNAL) Squad/Spaces/MK3_CrewCab_Int/internal_MK3_CrewCab/MK3_CrewCab_Int
[LOG 21:17:10.693] Config(INTERNAL) Squad/Spaces/Placeholder/internal/Placeholder
[LOG 21:17:10.693] Config(INTERNAL) Squad/Spaces/PodCockpit/internal/PodCockpit
[LOG 21:17:10.694] Config(STRATEGY_DEPARTMENT) Squad/Strategies/Departments/Finances
[LOG 21:17:10.694] Config(STRATEGY_DEPARTMENT) Squad/Strategies/Departments/Science
[LOG 21:17:10.694] Config(STRATEGY_DEPARTMENT) Squad/Strategies/Departments/Public Relations
[LOG 21:17:10.694] Config(STRATEGY_DEPARTMENT) Squad/Strategies/Departments/Operations
[LOG 21:17:10.694] Config(STRATEGY) Squad/Strategies/Strategies/AppreciationCampaignCfg
[LOG 21:17:10.694] Config(STRATEGY) Squad/Strategies/Strategies/FundraisingCampaignCfg
[LOG 21:17:10.694] Config(STRATEGY) Squad/Strategies/Strategies/OpenSourceTechProgramCfg
[LOG 21:17:10.694] Config(STRATEGY) Squad/Strategies/Strategies/UnpaidResearchProgramCfg
[LOG 21:17:10.694] Config(STRATEGY) Squad/Strategies/Strategies/OutsourcedResearchCfg
[LOG 21:17:10.694] Config(STRATEGY) Squad/Strategies/Strategies/PatentsLicensingCfg
[LOG 21:17:10.694] Config(STRATEGY) Squad/Strategies/Strategies/AgressiveNegotiations
[LOG 21:17:10.694] Config(STRATEGY) Squad/Strategies/Strategies/RecoveryTransponders
[LOG 21:17:10.694] Config(STRATEGY) Squad/Strategies/Strategies/BailoutGrant
[LOG 21:17:10.694] Config(STRATEGY) Squad/Strategies/Strategies/researchIPsellout
[LOG 21:17:10.694] Config(STRATEGY) Squad/Strategies/Strategies/LeadershipInitiative
[LOG 21:17:10.694] Config(TUTORIAL) Squad/Tutorials/FlightSuborbital/FlightSuborbital
[LOG 21:17:10.694] Config(TUTORIAL) Squad/Tutorials/FromMun/FromMun
[LOG 21:17:10.694] Config(TUTORIAL) Squad/Tutorials/GoForOrbit/GoForOrbit
[LOG 21:17:10.694] Config(MISSIONPACK) SquadExpansion/MakingHistory/Missions/MissionPacks/squad_MakingHistory
[LOG 21:17:10.694] Config(MISSIONPACK) SquadExpansion/MakingHistory/Missions/MissionPacks/squad_MakingHistory_Other
[LOG 21:17:10.694] Config(MISSIONPACK) SquadExpansion/MakingHistory/Missions/MissionPacks/squad_MakingHistory_Tutorial
[LOG 21:17:10.694] Config(MEBASICNODE) SquadExpansion/MakingHistory/Nodes/AccuracyLogic/TestAccuracyLogic
[LOG 21:17:10.694] Config(MEBASICNODE) SquadExpansion/MakingHistory/Nodes/ActionChancePartResourceLevels/ActionPartResourceAmount
[LOG 21:17:10.694] Config(MEBASICNODE) SquadExpansion/MakingHistory/Nodes/ActionExplode/ActionVesselExplode
[LOG 21:17:10.694] Config(MEBASICNODE) SquadExpansion/MakingHistory/Nodes/ActionMissionScore/MissionScore
[LOG 21:17:10.694] Config(MEBASICNODE) SquadExpansion/MakingHistory/Nodes/ActionModifierFunds/ModifyFunds
[LOG 21:17:10.694] Config(MEBASICNODE) SquadExpansion/MakingHistory/Nodes/ActionModifierScore/MissionScore
[LOG 21:17:10.694] Config(MEBASICNODE) SquadExpansion/MakingHistory/Nodes/ActionPartExplode/ActionPartExplode
[LOG 21:17:10.694] Config(MEBASICNODE) SquadExpansion/MakingHistory/Nodes/ActionPartResourceDrain/ActionPartResourceDrain
[LOG 21:17:10.694] Config(MEBASICNODE) SquadExpansion/MakingHistory/Nodes/ActionVesselActionGroup/ActionVesselActionGroup
[LOG 21:17:10.695] Config(MEBASICNODE) SquadExpansion/MakingHistory/Nodes/ActionVesselStage/ActionVesselStage
[LOG 21:17:10.695] Config(MEBASICNODE) SquadExpansion/MakingHistory/Nodes/CreateAsteroid/CreateAsteroid
[LOG 21:17:10.695] Config(MEBASICNODE) SquadExpansion/MakingHistory/Nodes/CreateComet/CreateComet
[LOG 21:17:10.695] Config(MEBASICNODE) SquadExpansion/MakingHistory/Nodes/CreateFlag/CreateFlag
[LOG 21:17:10.695] Config(MEBASICNODE) SquadExpansion/MakingHistory/Nodes/CreateLaunchSite/CreateLaunchSite
[LOG 21:17:10.695] Config(MEBASICNODE) SquadExpansion/MakingHistory/Nodes/CreateVessel/CreateVessel
[LOG 21:17:10.695] Config(MEBASICNODE) SquadExpansion/MakingHistory/Nodes/CrewAssignment/TestCrewAssignment
[LOG 21:17:10.695] Config(MEBASICNODE) SquadExpansion/MakingHistory/Nodes/Destroyed/Crashed
[LOG 21:17:10.695] Config(MEBASICNODE) SquadExpansion/MakingHistory/Nodes/DialogMessage/DialogMessage
[LOG 21:17:10.695] Config(MEBASICNODE) SquadExpansion/MakingHistory/Nodes/Distance/Distance
[LOG 21:17:10.695] Config(MEBASICNODE) SquadExpansion/MakingHistory/Nodes/EmptyFalse/EmptyFalse
[LOG 21:17:10.695] Config(MEBASICNODE) SquadExpansion/MakingHistory/Nodes/EmptyTrue/EmptyTrue
[LOG 21:17:10.695] Config(MEBASICNODE) SquadExpansion/MakingHistory/Nodes/EscapeSOI/SOILeft
[LOG 21:17:10.695] Config(MEBASICNODE) SquadExpansion/MakingHistory/Nodes/EVA/EVA
[LOG 21:17:10.695] Config(MEBASICNODE) SquadExpansion/MakingHistory/Nodes/Flying/Flying
[LOG 21:17:10.695] Config(MEBASICNODE) SquadExpansion/MakingHistory/Nodes/FundsRecovery/FundsRecovery
[LOG 21:17:10.695] Config(MEBASICNODE) SquadExpansion/MakingHistory/Nodes/KerbalBoarded/TestKerbalBoarded
[LOG 21:17:10.695] Config(MEBASICNODE) SquadExpansion/MakingHistory/Nodes/KerbalKilled/EVA
[LOG 21:17:10.695] Config(MEBASICNODE) SquadExpansion/MakingHistory/Nodes/KerbalRecovery/KerbalRecovery
[LOG 21:17:10.695] Config(MEBASICNODE) SquadExpansion/MakingHistory/Nodes/KerbalRescue/KerbalRescue
[LOG 21:17:10.695] Config(MEBASICNODE) SquadExpansion/MakingHistory/Nodes/Landed/Landed
[LOG 21:17:10.695] Config(MEBASICNODE) SquadExpansion/MakingHistory/Nodes/Message/Message
[LOG 21:17:10.695] Config(MEBASICNODE) SquadExpansion/MakingHistory/Nodes/MissionFunds/MissionFunds
[LOG 21:17:10.695] Config(MEBASICNODE) SquadExpansion/MakingHistory/Nodes/MissionScore/MissionScore
[LOG 21:17:10.695] Config(MEBASICNODE) SquadExpansion/MakingHistory/Nodes/Orbit/Orbit
[LOG 21:17:10.695] Config(MEBASICNODE) SquadExpansion/MakingHistory/Nodes/OrbitParams/OrbitParams
[LOG 21:17:10.695] Config(MEBASICNODE) SquadExpansion/MakingHistory/Nodes/PartDocking/TestPartDocking
[LOG 21:17:10.695] Config(MEBASICNODE) SquadExpansion/MakingHistory/Nodes/PartFailure/PartFailure
[LOG 21:17:10.695] Config(MEBASICNODE) SquadExpansion/MakingHistory/Nodes/PartGrapple/TestGrapple
[LOG 21:17:10.695] Config(MEBASICNODE) SquadExpansion/MakingHistory/Nodes/PartRepair/PartRepair
[LOG 21:17:10.695] Config(MEBASICNODE) SquadExpansion/MakingHistory/Nodes/PlaceKerbal/CreateKerbal
[LOG 21:17:10.695] Config(MEBASICNODE) SquadExpansion/MakingHistory/Nodes/PlantFlag/PlantFlag
[LOG 21:17:10.695] Config(MEBASICNODE) SquadExpansion/MakingHistory/Nodes/ReachSOI/ReachSOI
[LOG 21:17:10.695] Config(MEBASICNODE) SquadExpansion/MakingHistory/Nodes/Resource/ResourceAmount
[LOG 21:17:10.695] Config(MEBASICNODE) SquadExpansion/MakingHistory/Nodes/ResourceRecovery/TestResourcesRecovery
[LOG 21:17:10.695] Config(MEBASICNODE) SquadExpansion/MakingHistory/Nodes/ScienceExperiment/ScienceExperiment
[LOG 21:17:10.695] Config(MEBASICNODE) SquadExpansion/MakingHistory/Nodes/SetCamera/SetCamera
[LOG 21:17:10.695] Config(MEBASICNODE) SquadExpansion/MakingHistory/Nodes/SplashDown/SplashDown
[LOG 21:17:10.695] Config(MEBASICNODE) SquadExpansion/MakingHistory/Nodes/StageActivated/TestVesselStageActivated
[LOG 21:17:10.695] Config(MEBASICNODE) SquadExpansion/MakingHistory/Nodes/TakeKerbal/TestTakeKerbal
[LOG 21:17:10.695] Config(MEBASICNODE) SquadExpansion/MakingHistory/Nodes/TestFlyThrough/TestFlyThrough
[LOG 21:17:10.695] Config(MEBASICNODE) SquadExpansion/MakingHistory/Nodes/TestGoTo/TestGoTo
[LOG 21:17:10.695] Config(MEBASICNODE) SquadExpansion/MakingHistory/Nodes/TimeMET/TimeMET
[LOG 21:17:10.695] Config(MEBASICNODE) SquadExpansion/MakingHistory/Nodes/TimeOfMission/TimeOfMission
[LOG 21:17:10.695] Config(MEBASICNODE) SquadExpansion/MakingHistory/Nodes/TimeSinceNode/TestTimeSinceNode
[LOG 21:17:10.695] Config(MEBASICNODE) SquadExpansion/MakingHistory/Nodes/VesselActiveCount/TestVesselActiveCount
[LOG 21:17:10.695] Config(MEBASICNODE) SquadExpansion/MakingHistory/Nodes/VesselAltitudeGoal/VesselAltitudeGoal
[LOG 21:17:10.696] Config(MEBASICNODE) SquadExpansion/MakingHistory/Nodes/VesselCrewCount/VeselCrewCount
[LOG 21:17:10.696] Config(MEBASICNODE) SquadExpansion/MakingHistory/Nodes/VesselMassLogic/VesselMass
[LOG 21:17:10.696] Config(MEBASICNODE) SquadExpansion/MakingHistory/Nodes/VesselPartCount/PartCount
[LOG 21:17:10.696] Config(MEBASICNODE) SquadExpansion/MakingHistory/Nodes/VesselRecovery/TestVesselRecovery
[LOG 21:17:10.696] Config(MEBASICNODE) SquadExpansion/MakingHistory/Nodes/VesselStage/TestVesselStage
[LOG 21:17:10.696] Config(MEBASICNODE) SquadExpansion/MakingHistory/Nodes/VesselVelocity/VesselVelocity
[LOG 21:17:10.696] Config(PART) SquadExpansion/MakingHistory/Parts/Aero/protectiveRocketNoseMk16/rocketNoseCone_size4/rocketNoseConeSize4
[LOG 21:17:10.696] Config(PART) SquadExpansion/MakingHistory/Parts/Aero/protectiveRocketNoseMk5A/Size_1_5_Cone/Size_1_5_Cone
[LOG 21:17:10.696] Config(PART) SquadExpansion/MakingHistory/Parts/Coupling/Decoupler_1p5/Decoupler_1p5
[LOG 21:17:10.696] Config(PART) SquadExpansion/MakingHistory/Parts/Coupling/Decoupler_4/Decoupler_4
[LOG 21:17:10.696] Config(PART) SquadExpansion/MakingHistory/Parts/Coupling/EnginePlate_1p5/EnginePlate1p5
[LOG 21:17:10.696] Config(PART) SquadExpansion/MakingHistory/Parts/Coupling/EnginePlate_2/EnginePlate2
[LOG 21:17:10.696] Config(PART) SquadExpansion/MakingHistory/Parts/Coupling/EnginePlate_3/EnginePlate3
[LOG 21:17:10.696] Config(PART) SquadExpansion/MakingHistory/Parts/Coupling/EnginePlate_4/EnginePlate4
[LOG 21:17:10.696] Config(PART) SquadExpansion/MakingHistory/Parts/Coupling/EnginePlate_5/EnginePlate5
[LOG 21:17:10.696] Config(PART) SquadExpansion/MakingHistory/Parts/Coupling/InflatableAirlock/InflatableAirlock
[LOG 21:17:10.696] Config(PART) SquadExpansion/MakingHistory/Parts/Coupling/Separator_1p5/Separator_1p5
[LOG 21:17:10.696] Config(PART) SquadExpansion/MakingHistory/Parts/Coupling/Separator_4/Separator_4
[LOG 21:17:10.696] Config(PART) SquadExpansion/MakingHistory/Parts/Coupling/Size1p5_Strut_Decoupler/Size1p5_Strut_Decoupler
[LOG 21:17:10.696] Config(PART) SquadExpansion/MakingHistory/Parts/Engine/LiquidEngineKE-1/LiquidEngineKE-1
[LOG 21:17:10.696] Config(PART) SquadExpansion/MakingHistory/Parts/Engine/LiquidEngineLV-T91/LiquidEngineLV-T91
[LOG 21:17:10.696] Config(PART) SquadExpansion/MakingHistory/Parts/Engine/LiquidEngineLV-TX87/LiquidEngineLV-TX87
[LOG 21:17:10.696] Config(PART) SquadExpansion/MakingHistory/Parts/Engine/LiquidEngineRE-I2/LiquidEngineRE-I2
[LOG 21:17:10.696] Config(PART) SquadExpansion/MakingHistory/Parts/Engine/LiquidEngineRE-J10/LiquidEngineRE-J10
[LOG 21:17:10.696] Config(PART) SquadExpansion/MakingHistory/Parts/Engine/LiquidEngineRK-7/LiquidEngineRK-7
[LOG 21:17:10.696] Config(PART) SquadExpansion/MakingHistory/Parts/Engine/LiquidEngineRV-1/LiquidEngineRV-1
[LOG 21:17:10.696] Config(PART) SquadExpansion/MakingHistory/Parts/Engine/solidBoosterTHK/solidBoosterTHK/Pollux
[LOG 21:17:10.696] Config(PART) SquadExpansion/MakingHistory/Parts/FuelTank/MonoPropMini/monopropMiniSphere
[LOG 21:17:10.696] Config(PART) SquadExpansion/MakingHistory/Parts/FuelTank/Size1p5_Monoprop/Size1p5_Monoprop
[LOG 21:17:10.697] Config(PART) SquadExpansion/MakingHistory/Parts/FuelTank/Size1p5_Size0_Adapter_01/Size1p5_Size0_Adapter_01
[LOG 21:17:10.697] Config(PART) SquadExpansion/MakingHistory/Parts/FuelTank/Size1p5_Size1_Adapter_01/Size1p5_Size1_Adapter_01
[LOG 21:17:10.697] Config(PART) SquadExpansion/MakingHistory/Parts/FuelTank/Size1p5_Size1_Adapter_02/Size1p5_Size1_Adapter_02
[LOG 21:17:10.697] Config(PART) SquadExpansion/MakingHistory/Parts/FuelTank/Size1p5_Size2_Adapter_01/Size1p5_Size2_Adapter_01
[LOG 21:17:10.697] Config(PART) SquadExpansion/MakingHistory/Parts/FuelTank/Size1p5_Tank_01/Size1p5_Tank_01
[LOG 21:17:10.697] Config(PART) SquadExpansion/MakingHistory/Parts/FuelTank/Size1p5_Tank_02/Size1p5_Tank_02
[LOG 21:17:10.697] Config(PART) SquadExpansion/MakingHistory/Parts/FuelTank/Size1p5_Tank_03/Size1p5_Tank_03
[LOG 21:17:10.697] Config(PART) SquadExpansion/MakingHistory/Parts/FuelTank/Size1p5_Tank_04/Size1p5_Tank_04
[LOG 21:17:10.697] Config(PART) SquadExpansion/MakingHistory/Parts/FuelTank/Size1p5_Tank_05/Size1p5_Tank_05
[LOG 21:17:10.697] Config(PART) SquadExpansion/MakingHistory/Parts/FuelTank/Size3_Size4_Adapter_01/Size3_Size4_Adapter_01
[LOG 21:17:10.697] Config(PART) SquadExpansion/MakingHistory/Parts/FuelTank/Size4_EngineAdapter_01/Size4_EngineAdapter_01
[LOG 21:17:10.697] Config(PART) SquadExpansion/MakingHistory/Parts/FuelTank/Size4_Tank_01/Size4_Tank_01
[LOG 21:17:10.697] Config(PART) SquadExpansion/MakingHistory/Parts/FuelTank/Size4_Tank_02/Size4_Tank_02
[LOG 21:17:10.697] Config(PART) SquadExpansion/MakingHistory/Parts/FuelTank/Size4_Tank_03/Size4_Tank_03
[LOG 21:17:10.697] Config(PART) SquadExpansion/MakingHistory/Parts/FuelTank/Size4_Tank_04/Size4_Tank_04
[LOG 21:17:10.697] Config(PART) SquadExpansion/MakingHistory/Parts/Ground/RoverWheel/roverWheelM1-F
[LOG 21:17:10.697] Config(PART) SquadExpansion/MakingHistory/Parts/Payload/fairingSize1p5/fairingSize1p5
[LOG 21:17:10.697] Config(PART) SquadExpansion/MakingHistory/Parts/Payload/fairingSize4/fairingSize4
[LOG 21:17:10.697] Config(PART) SquadExpansion/MakingHistory/Parts/Payload/Size1to0ServiceModule/Size1to0ServiceModule
[LOG 21:17:10.697] Config(PART) SquadExpansion/MakingHistory/Parts/Payload/SM18/ServiceModule18
[LOG 21:17:10.697] Config(PART) SquadExpansion/MakingHistory/Parts/Payload/SM25/ServiceModule25
[LOG 21:17:10.697] Config(PART) SquadExpansion/MakingHistory/Parts/Pods/KV1Pod/kv1Pod
[LOG 21:17:10.697] Config(PART) SquadExpansion/MakingHistory/Parts/Pods/KV2Pod/kv2Pod
[LOG 21:17:10.697] Config(PART) SquadExpansion/MakingHistory/Parts/Pods/KV3Pod/kv3Pod
[LOG 21:17:10.697] Config(PART) SquadExpansion/MakingHistory/Parts/Pods/Mk2Pod/Mk2Pod
[LOG 21:17:10.697] Config(PART) SquadExpansion/MakingHistory/Parts/Pods/Size1_5_Lander/MEMLander
[LOG 21:17:10.697] Config(PART) SquadExpansion/MakingHistory/Parts/Prebuilt/kerbalEVAfemaleVintage/kerbalEVAfemaleVintage
[LOG 21:17:10.697] Config(PART) SquadExpansion/MakingHistory/Parts/Prebuilt/kerbalEVAVintage/kerbalEVAVintage
[LOG 21:17:10.697] Config(PART) SquadExpansion/MakingHistory/Parts/Structural/EquiTriangle0/EquiTriangle0
[LOG 21:17:10.697] Config(PART) SquadExpansion/MakingHistory/Parts/Structural/EquiTriangle1/EquiTriangle1
[LOG 21:17:10.697] Config(PART) SquadExpansion/MakingHistory/Parts/Structural/EquiTriangle1p5/EquiTriangle1p5
[LOG 21:17:10.698] Config(PART) SquadExpansion/MakingHistory/Parts/Structural/EquiTriangle2/EquiTriangle2
[LOG 21:17:10.698] Config(PART) SquadExpansion/MakingHistory/Parts/Structural/Panel0/Panel0
[LOG 21:17:10.698] Config(PART) SquadExpansion/MakingHistory/Parts/Structural/Panel1/Panel1
[LOG 21:17:10.698] Config(PART) SquadExpansion/MakingHistory/Parts/Structural/Panel1p5/Panel1p5
[LOG 21:17:10.698] Config(PART) SquadExpansion/MakingHistory/Parts/Structural/Panel2/Panel2
[LOG 21:17:10.698] Config(PART) SquadExpansion/MakingHistory/Parts/Structural/Triangle0/Triangle0
[LOG 21:17:10.698] Config(PART) SquadExpansion/MakingHistory/Parts/Structural/Triangle1/Triangle1
[LOG 21:17:10.698] Config(PART) SquadExpansion/MakingHistory/Parts/Structural/Triangle1p5/Triangle1p5
[LOG 21:17:10.698] Config(PART) SquadExpansion/MakingHistory/Parts/Structural/Triangle2/Triangle2
[LOG 21:17:10.698] Config(PART) SquadExpansion/MakingHistory/Parts/Structural/Tube1/Tube1
[LOG 21:17:10.698] Config(PART) SquadExpansion/MakingHistory/Parts/Structural/Tube1p5/Tube1p5
[LOG 21:17:10.698] Config(PART) SquadExpansion/MakingHistory/Parts/Structural/Tube2/Tube2
[LOG 21:17:10.698] Config(PART) SquadExpansion/MakingHistory/Parts/Structural/Tube3/Tube3
[LOG 21:17:10.698] Config(PART) SquadExpansion/MakingHistory/Parts/Structural/Tube4/Tube4
[LOG 21:17:10.698] Config(PART) SquadExpansion/MakingHistory/Parts/Thermal/HeatShield1p5/HeatShield1p5
[LOG 21:17:10.698] Config(PART) SquadExpansion/MakingHistory/Parts/Utility/flags/flagSize1p5/flagSize1p5/flagPartSize1p5
[LOG 21:17:10.698] Config(PART) SquadExpansion/MakingHistory/Parts/Utility/flags/flagSize4/flagSize4/flagPartSize4
[LOG 21:17:10.698] Config(INTERNAL) SquadExpansion/MakingHistory/Spaces/KVPods/Airlock_Internal/Airlock_IVA
[LOG 21:17:10.698] Config(INTERNAL) SquadExpansion/MakingHistory/Spaces/KVPods/KV1_Internal/KV1_IVA
[LOG 21:17:10.698] Config(INTERNAL) SquadExpansion/MakingHistory/Spaces/KVPods/KV2_Internal/KV2_IVA
[LOG 21:17:10.698] Config(INTERNAL) SquadExpansion/MakingHistory/Spaces/KVPods/KV3_Internal/KV3_IVA
[LOG 21:17:10.698] Config(INTERNAL) SquadExpansion/MakingHistory/Spaces/MEM/MEM_IVA/MEM_IVA
[LOG 21:17:10.698] Config(INTERNAL) SquadExpansion/MakingHistory/Spaces/Mk2Pod/Mk2Pod_Internal/MK2POD_IVA
[LOG 21:17:10.698] Config(Contracts) SquadExpansion/Serenity/Contracts/contracts/Contracts
[LOG 21:17:10.698] Config(EXPERIENCE_TRAIT) SquadExpansion/Serenity/Experience/Traits/Engineer
[LOG 21:17:10.698] Config(EXPERIENCE_TRAIT) SquadExpansion/Serenity/Experience/Traits/Scientist
[LOG 21:17:10.698] Config(Localization) SquadExpansion/Serenity/Localization/dictionary/Localization
[LOG 21:17:10.698] Config(PART) SquadExpansion/Serenity/Parts/Aero/FanShroud_01/FanShroud_01
[LOG 21:17:10.698] Config(PART) SquadExpansion/Serenity/Parts/Aero/FanShroud_02/FanShroud_02
[LOG 21:17:10.698] Config(PART) SquadExpansion/Serenity/Parts/Aero/FanShroud_03/FanShroud_03
[LOG 21:17:10.699] Config(PART) SquadExpansion/Serenity/Parts/Aero/noseconeTiny/noseconeTiny
[LOG 21:17:10.699] Config(PART) SquadExpansion/Serenity/Parts/Aero/noseconeVS/noseconeVS
[LOG 21:17:10.699] Config(PART) SquadExpansion/Serenity/Parts/DeployedScience/centralStation/DeployedCentralStation
[LOG 21:17:10.699] Config(PART) SquadExpansion/Serenity/Parts/DeployedScience/gooObservation/DeployedGoExOb
[LOG 21:17:10.699] Config(PART) SquadExpansion/Serenity/Parts/DeployedScience/ionCollector/DeployedIONExp
[LOG 21:17:10.699] Config(PART) SquadExpansion/Serenity/Parts/DeployedScience/rtg/DeployedRTG
[LOG 21:17:10.699] Config(PART) SquadExpansion/Serenity/Parts/DeployedScience/satDish/DeployedSatDish
[LOG 21:17:10.699] Config(PART) SquadExpansion/Serenity/Parts/DeployedScience/seismicSensor/DeployedSeismicSensor
[LOG 21:17:10.699] Config(PART) SquadExpansion/Serenity/Parts/DeployedScience/solarPanel/DeployedSolarPanel
[LOG 21:17:10.699] Config(PART) SquadExpansion/Serenity/Parts/DeployedScience/weatherStation/DeployedWeatherStn
[LOG 21:17:10.699] Config(PART) SquadExpansion/Serenity/Parts/Prebuilt/kerbalEVA/kerbalEVA
[LOG 21:17:10.699] Config(PART) SquadExpansion/Serenity/Parts/Prebuilt/kerbalEVAfemale/kerbalEVAfemale
[LOG 21:17:10.699] Config(PART) SquadExpansion/Serenity/Parts/Prebuilt/kerbalEVAfemaleFuture/kerbalEVAfemaleFuture
[LOG 21:17:10.699] Config(PART) SquadExpansion/Serenity/Parts/Prebuilt/kerbalEVAfemaleVintage/kerbalEVAfemaleVintage
[LOG 21:17:10.699] Config(PART) SquadExpansion/Serenity/Parts/Prebuilt/kerbalEVAFuture/kerbalEVAFuture
[LOG 21:17:10.699] Config(PART) SquadExpansion/Serenity/Parts/Prebuilt/kerbalEVASlimSuit/kerbalEVASlimSuit
[LOG 21:17:10.699] Config(PART) SquadExpansion/Serenity/Parts/Prebuilt/kerbalEVASlimSuitFemale/kerbalEVASlimSuitFemale
[LOG 21:17:10.699] Config(PART) SquadExpansion/Serenity/Parts/Prebuilt/kerbalEVAVintage/kerbalEVAVintage
[LOG 21:17:10.699] Config(PART) SquadExpansion/Serenity/Parts/Propellers/largeFanBlade/largeFanBlade
[LOG 21:17:10.699] Config(PART) SquadExpansion/Serenity/Parts/Propellers/largeHeliBlade/largeHeliBlade
[LOG 21:17:10.699] Config(PART) SquadExpansion/Serenity/Parts/Propellers/largePropeller/largePropeller
[LOG 21:17:10.699] Config(PART) SquadExpansion/Serenity/Parts/Propellers/mediumFanBlade/mediumFanBlade
[LOG 21:17:10.699] Config(PART) SquadExpansion/Serenity/Parts/Propellers/mediumHeliBlade/mediumHeliBlade
[LOG 21:17:10.699] Config(PART) SquadExpansion/Serenity/Parts/Propellers/mediumPropeller/mediumPropeller
[LOG 21:17:10.699] Config(PART) SquadExpansion/Serenity/Parts/Propellers/smallFanBlade/smallFanBlade
[LOG 21:17:10.699] Config(PART) SquadExpansion/Serenity/Parts/Propellers/smallHeliBlade/smallHeliBlade
[LOG 21:17:10.699] Config(PART) SquadExpansion/Serenity/Parts/Propellers/smallPropeller/smallPropeller
[LOG 21:17:10.699] Config(PART) SquadExpansion/Serenity/Parts/Robotics/hinge_01/hinge_01
[LOG 21:17:10.699] Config(PART) SquadExpansion/Serenity/Parts/Robotics/hinge_01_s/hinge_01_s
[LOG 21:17:10.699] Config(PART) SquadExpansion/Serenity/Parts/Robotics/hinge_03/hinge_03
[LOG 21:17:10.699] Config(PART) SquadExpansion/Serenity/Parts/Robotics/hinge_03_s/hinge_03_s
[LOG 21:17:10.699] Config(PART) SquadExpansion/Serenity/Parts/Robotics/hinge_04/hinge_04
[LOG 21:17:10.699] Config(PART) SquadExpansion/Serenity/Parts/Robotics/piston_01/piston_01
[LOG 21:17:10.700] Config(PART) SquadExpansion/Serenity/Parts/Robotics/piston_02/piston_02
[LOG 21:17:10.700] Config(PART) SquadExpansion/Serenity/Parts/Robotics/piston_03/piston_03
[LOG 21:17:10.700] Config(PART) SquadExpansion/Serenity/Parts/Robotics/piston_04/piston_04
[LOG 21:17:10.700] Config(PART) SquadExpansion/Serenity/Parts/Robotics/RotorEngine_02/RotorEngine_02
[LOG 21:17:10.700] Config(PART) SquadExpansion/Serenity/Parts/Robotics/RotorEngine_03/RotorEngine_03
[LOG 21:17:10.700] Config(PART) SquadExpansion/Serenity/Parts/Robotics/rotor_01/rotor_01
[LOG 21:17:10.700] Config(PART) SquadExpansion/Serenity/Parts/Robotics/rotor_01s/rotor_01s
[LOG 21:17:10.700] Config(PART) SquadExpansion/Serenity/Parts/Robotics/rotor_02/rotor_02
[LOG 21:17:10.700] Config(PART) SquadExpansion/Serenity/Parts/Robotics/rotor_02s/rotor_02s
[LOG 21:17:10.700] Config(PART) SquadExpansion/Serenity/Parts/Robotics/rotor_03/rotor_03
[LOG 21:17:10.700] Config(PART) SquadExpansion/Serenity/Parts/Robotics/rotor_03s/rotor_03s
[LOG 21:17:10.700] Config(PART) SquadExpansion/Serenity/Parts/Robotics/rotoServo_00/rotoServo_00
[LOG 21:17:10.700] Config(PART) SquadExpansion/Serenity/Parts/Robotics/rotoServo_02/rotoServo_02
[LOG 21:17:10.700] Config(PART) SquadExpansion/Serenity/Parts/Robotics/rotoServo_03/rotoServo_03
[LOG 21:17:10.700] Config(PART) SquadExpansion/Serenity/Parts/Robotics/rotoServo_04/rotoServo_04
[LOG 21:17:10.700] Config(PART) SquadExpansion/Serenity/Parts/Robotics/Controllers/KAL1000/controller1000
[LOG 21:17:10.700] Config(PART) SquadExpansion/Serenity/Parts/Science/RobotArmScanner/RobotArmScanner_S1/RobotArmScanner_S1
[LOG 21:17:10.700] Config(PART) SquadExpansion/Serenity/Parts/Science/RobotArmScanner/RobotArmScanner_S2/RobotArmScanner_S2
[LOG 21:17:10.700] Config(PART) SquadExpansion/Serenity/Parts/Science/RobotArmScanner/RobotArmScanner_S3/RobotArmScanner_S3
[LOG 21:17:10.700] Config(PART) SquadExpansion/Serenity/Parts/Structural/gripPads/lGripPad/lGripPad
[LOG 21:17:10.700] Config(PART) SquadExpansion/Serenity/Parts/Structural/gripPads/lGripStrip/lGripStrip
[LOG 21:17:10.700] Config(PART) SquadExpansion/Serenity/Parts/Structural/gripPads/mGripPad/mGripPad
[LOG 21:17:10.700] Config(PART) SquadExpansion/Serenity/Parts/Structural/gripPads/sGripPad/sGripPad
[LOG 21:17:10.700] Config(PART) SquadExpansion/Serenity/Parts/Structural/gripPads/sGripStrip/sGripStrip
[LOG 21:17:10.700] Config(DEPLOYEDSCIENCE) SquadExpansion/Serenity/Resources/DeployedScience/DEPLOYEDSCIENCE
[LOG 21:17:10.700] Config(PHYSICMATERIAL_DEFINITION) SquadExpansion/Serenity/Resources/PhysicsMaterials/MediumGrip
[LOG 21:17:10.700] Config(PHYSICMATERIAL_DEFINITION) SquadExpansion/Serenity/Resources/PhysicsMaterials/HighGrip
[LOG 21:17:10.700] Config(PHYSICMATERIAL_DEFINITION) SquadExpansion/Serenity/Resources/PhysicsMaterials/ExtremeGrip
[LOG 21:17:10.700] Config(PHYSICMATERIAL_DEFINITION) SquadExpansion/Serenity/Resources/PhysicsMaterials/LowGrip
[LOG 21:17:10.700] Config(PHYSICMATERIAL_DEFINITION) SquadExpansion/Serenity/Resources/PhysicsMaterials/Default
[LOG 21:17:10.700] Config(ROC_DEFINITION) SquadExpansion/Serenity/Resources/rocsdef/ROC_DEFINITION
[LOG 21:17:10.700] Config(ROC_DEFINITION) SquadExpansion/Serenity/Resources/rocsdef/ROC_DEFINITION
[LOG 21:17:10.701] Config(ROC_DEFINITION) SquadExpansion/Serenity/Resources/rocsdef/ROC_DEFINITION
[LOG 21:17:10.701] Config(ROC_DEFINITION) SquadExpansion/Serenity/Resources/rocsdef/ROC_DEFINITION
[LOG 21:17:10.701] Config(ROC_DEFINITION) SquadExpansion/Serenity/Resources/rocsdef/ROC_DEFINITION
[LOG 21:17:10.701] Config(ROC_DEFINITION) SquadExpansion/Serenity/Resources/rocsdef/ROC_DEFINITION
[LOG 21:17:10.701] Config(ROC_DEFINITION) SquadExpansion/Serenity/Resources/rocsdef/ROC_DEFINITION
[LOG 21:17:10.701] Config(ROC_DEFINITION) SquadExpansion/Serenity/Resources/rocsdef/ROC_DEFINITION
[LOG 21:17:10.701] Config(ROC_DEFINITION) SquadExpansion/Serenity/Resources/rocsdef/ROC_DEFINITION
[LOG 21:17:10.701] Config(ROC_DEFINITION) SquadExpansion/Serenity/Resources/rocsdef/ROC_DEFINITION
[LOG 21:17:10.701] Config(ROC_DEFINITION) SquadExpansion/Serenity/Resources/rocsdef/ROC_DEFINITION
[LOG 21:17:10.701] Config(ROC_DEFINITION) SquadExpansion/Serenity/Resources/rocsdef/ROC_DEFINITION
[LOG 21:17:10.701] Config(ROC_DEFINITION) SquadExpansion/Serenity/Resources/rocsdef/ROC_DEFINITION
[LOG 21:17:10.701] Config(ROC_DEFINITION) SquadExpansion/Serenity/Resources/rocsdef/ROC_DEFINITION
[LOG 21:17:10.701] Config(ROC_DEFINITION) SquadExpansion/Serenity/Resources/rocsdef/ROC_DEFINITION
[LOG 21:17:10.701] Config(ROC_DEFINITION) SquadExpansion/Serenity/Resources/rocsdef/ROC_DEFINITION
[LOG 21:17:10.701] Config(ROC_DEFINITION) SquadExpansion/Serenity/Resources/rocsdef/ROC_DEFINITION
[LOG 21:17:10.701] Config(ROC_DEFINITION) SquadExpansion/Serenity/Resources/rocsdef/ROC_DEFINITION
[LOG 21:17:10.701] Config(ROC_DEFINITION) SquadExpansion/Serenity/Resources/rocsdef/ROC_DEFINITION
[LOG 21:17:10.701] Config(ROC_DEFINITION) SquadExpansion/Serenity/Resources/rocsdef/ROC_DEFINITION
[LOG 21:17:10.701] Config(ROC_DEFINITION) SquadExpansion/Serenity/Resources/rocsdef/ROC_DEFINITION
[LOG 21:17:10.701] Config(ROC_DEFINITION) SquadExpansion/Serenity/Resources/rocsdef/ROC_DEFINITION
[LOG 21:17:10.701] Config(ROC_DEFINITION) SquadExpansion/Serenity/Resources/rocsdef/ROC_DEFINITION
[LOG 21:17:10.701] Config(ROC_DEFINITION) SquadExpansion/Serenity/Resources/rocsdef/ROC_DEFINITION
[LOG 21:17:10.701] Config(ROC_DEFINITION) SquadExpansion/Serenity/Resources/rocsdef/ROC_DEFINITION
[LOG 21:17:10.701] Config(ROC_DEFINITION) SquadExpansion/Serenity/Resources/rocsdef/ROC_DEFINITION
[LOG 21:17:10.701] Config(ROC_DEFINITION) SquadExpansion/Serenity/Resources/rocsdef/ROC_DEFINITION
[LOG 21:17:10.701] Config(ROC_DEFINITION) SquadExpansion/Serenity/Resources/rocsdef/ROC_DEFINITION
[LOG 21:17:10.701] Config(ROC_DEFINITION) SquadExpansion/Serenity/Resources/rocsdef/ROC_DEFINITION
[LOG 21:17:10.701] Config(ROC_DEFINITION) SquadExpansion/Serenity/Resources/rocsdef/ROC_DEFINITION
[LOG 21:17:10.701] Config(ROC_DEFINITION) SquadExpansion/Serenity/Resources/rocsdef/ROC_DEFINITION
[LOG 21:17:10.701] Config(ROC_DEFINITION) SquadExpansion/Serenity/Resources/rocsdef/ROC_DEFINITION
[LOG 21:17:10.701] Config(ROC_DEFINITION) SquadExpansion/Serenity/Resources/rocsdef/ROC_DEFINITION
[LOG 21:17:10.701] Config(ROC_DEFINITION) SquadExpansion/Serenity/Resources/rocsdef/ROC_DEFINITION
[LOG 21:17:10.701] Config(EXPERIMENT_DEFINITION) SquadExpansion/Serenity/Resources/ScienceDefs/EXPERIMENT_DEFINITION
[LOG 21:17:10.701] Config(EXPERIMENT_DEFINITION) SquadExpansion/Serenity/Resources/ScienceDefs/EXPERIMENT_DEFINITION
[LOG 21:17:10.701] Config(EXPERIMENT_DEFINITION) SquadExpansion/Serenity/Resources/ScienceDefs/EXPERIMENT_DEFINITION
[LOG 21:17:10.701] Config(EXPERIMENT_DEFINITION) SquadExpansion/Serenity/Resources/ScienceDefs/EXPERIMENT_DEFINITION
[LOG 21:17:10.701] Config(EXPERIMENT_DEFINITION) SquadExpansion/Serenity/Resources/ScienceDefs/EXPERIMENT_DEFINITION
[LOG 21:17:10.701] Config(EXPERIMENT_DEFINITION) SquadExpansion/Serenity/Resources/ScienceDefs/EXPERIMENT_DEFINITION
[LOG 21:17:10.701] Config(EXPERIMENT_DEFINITION) SquadExpansion/Serenity/Resources/ScienceDefs/EXPERIMENT_DEFINITION
[LOG 21:17:10.701] Config(EXPERIMENT_DEFINITION) SquadExpansion/Serenity/Resources/ScienceDefs/EXPERIMENT_DEFINITION
[LOG 21:17:10.701] Config(EXPERIMENT_DEFINITION) SquadExpansion/Serenity/Resources/ScienceDefs/EXPERIMENT_DEFINITION
[LOG 21:17:10.701] Config(EXPERIMENT_DEFINITION) SquadExpansion/Serenity/Resources/ScienceDefs/EXPERIMENT_DEFINITION
[LOG 21:17:10.701] Config(EXPERIMENT_DEFINITION) SquadExpansion/Serenity/Resources/ScienceDefs/EXPERIMENT_DEFINITION
[LOG 21:17:10.701] Config(EXPERIMENT_DEFINITION) SquadExpansion/Serenity/Resources/ScienceDefs/EXPERIMENT_DEFINITION
[LOG 21:17:10.701] Config(EXPERIMENT_DEFINITION) SquadExpansion/Serenity/Resources/ScienceDefs/EXPERIMENT_DEFINITION
[LOG 21:17:10.701] Config(EXPERIMENT_DEFINITION) SquadExpansion/Serenity/Resources/ScienceDefs/EXPERIMENT_DEFINITION
[LOG 21:17:10.701] Config(EXPERIMENT_DEFINITION) SquadExpansion/Serenity/Resources/ScienceDefs/EXPERIMENT_DEFINITION
[LOG 21:17:10.701] Config(EXPERIMENT_DEFINITION) SquadExpansion/Serenity/Resources/ScienceDefs/EXPERIMENT_DEFINITION
[LOG 21:17:10.701] Config(EXPERIMENT_DEFINITION) SquadExpansion/Serenity/Resources/ScienceDefs/EXPERIMENT_DEFINITION
[LOG 21:17:10.701] Config(EXPERIMENT_DEFINITION) SquadExpansion/Serenity/Resources/ScienceDefs/EXPERIMENT_DEFINITION
[LOG 21:17:10.701] Config(EXPERIMENT_DEFINITION) SquadExpansion/Serenity/Resources/ScienceDefs/EXPERIMENT_DEFINITION
[LOG 21:17:10.701] Config(EXPERIMENT_DEFINITION) SquadExpansion/Serenity/Resources/ScienceDefs/EXPERIMENT_DEFINITION
[LOG 21:17:10.703] Config(EXPERIMENT_DEFINITION) SquadExpansion/Serenity/Resources/ScienceDefs/EXPERIMENT_DEFINITION
[LOG 21:17:10.703] Config(EXPERIMENT_DEFINITION) SquadExpansion/Serenity/Resources/ScienceDefs/EXPERIMENT_DEFINITION
[LOG 21:17:10.703] Config(EXPERIMENT_DEFINITION) SquadExpansion/Serenity/Resources/ScienceDefs/EXPERIMENT_DEFINITION
[LOG 21:17:10.703] Config(EXPERIMENT_DEFINITION) SquadExpansion/Serenity/Resources/ScienceDefs/EXPERIMENT_DEFINITION
[LOG 21:17:10.703] Config(EXPERIMENT_DEFINITION) SquadExpansion/Serenity/Resources/ScienceDefs/EXPERIMENT_DEFINITION
[LOG 21:17:10.703] Config(EXPERIMENT_DEFINITION) SquadExpansion/Serenity/Resources/ScienceDefs/EXPERIMENT_DEFINITION
[LOG 21:17:10.703] Config(EXPERIMENT_DEFINITION) SquadExpansion/Serenity/Resources/ScienceDefs/EXPERIMENT_DEFINITION
[LOG 21:17:10.703] Config(EXPERIMENT_DEFINITION) SquadExpansion/Serenity/Resources/ScienceDefs/EXPERIMENT_DEFINITION
[LOG 21:17:10.703] Config(EXPERIMENT_DEFINITION) SquadExpansion/Serenity/Resources/ScienceDefs/EXPERIMENT_DEFINITION
[LOG 21:17:10.703] Config(EXPERIMENT_DEFINITION) SquadExpansion/Serenity/Resources/ScienceDefs/EXPERIMENT_DEFINITION
[LOG 21:17:10.703] Config(EXPERIMENT_DEFINITION) SquadExpansion/Serenity/Resources/ScienceDefs/EXPERIMENT_DEFINITION
[LOG 21:17:10.703] Config(EXPERIMENT_DEFINITION) SquadExpansion/Serenity/Resources/ScienceDefs/EXPERIMENT_DEFINITION
[LOG 21:17:10.703] Config(EXPERIMENT_DEFINITION) SquadExpansion/Serenity/Resources/ScienceDefs/EXPERIMENT_DEFINITION
[LOG 21:17:10.703] Config(EXPERIMENT_DEFINITION) SquadExpansion/Serenity/Resources/ScienceDefs/EXPERIMENT_DEFINITION
[LOG 21:17:10.703] Config(EXPERIMENT_DEFINITION) SquadExpansion/Serenity/Resources/ScienceDefs/EXPERIMENT_DEFINITION
[LOG 21:17:10.703] Config(EXPERIMENT_DEFINITION) SquadExpansion/Serenity/Resources/ScienceDefs/EXPERIMENT_DEFINITION
[LOG 21:17:10.703] Config(EXPERIMENT_DEFINITION) SquadExpansion/Serenity/Resources/ScienceDefs/EXPERIMENT_DEFINITION
[LOG 21:17:10.703] Config(EXPERIMENT_DEFINITION) SquadExpansion/Serenity/Resources/ScienceDefs/EXPERIMENT_DEFINITION
[LOG 21:17:10.703] Config(STORY_DEF) SquadExpansion/Serenity/Resources/StoryDefs/STORY_DEF
[LOG 21:17:10.703] Compiling Configs Completed.
[LOG 21:17:10.706] Resource LiquidFuel added to database
[LOG 21:17:10.706] Resource Oxidizer added to database
[LOG 21:17:10.706] Resource SolidFuel added to database
[LOG 21:17:10.706] Resource MonoPropellant added to database
[LOG 21:17:10.706] Resource XenonGas added to database
[LOG 21:17:10.706] Resource ElectricCharge added to database
[LOG 21:17:10.706] Resource IntakeAir added to database
[LOG 21:17:10.706] Resource EVA Propellant added to database
[LOG 21:17:10.707] Resource Ore added to database
[LOG 21:17:10.707] Resource Ablator added to database
[LOG 21:17:10.708] Resource MediumGrip added to database
[LOG 21:17:10.708] Resource HighGrip added to database
[LOG 21:17:10.709] Resource ExtremeGrip added to database
[LOG 21:17:10.709] Resource LowGrip added to database
[LOG 21:17:10.709] Resource Default added to database
[LOG 21:17:10.709] CodeAssetLoader: Compiling all code assets
[LOG 21:17:10.713] ExperienceSystemConfig: Added Effect 'DeployedSciencePowerSkill' to Trait 'Ingénieur'
[LOG 21:17:10.713] ExperienceSystemConfig: Added Effect 'DeployedScienceExpSkill' to Trait 'Scientifique'
[LOG 21:17:10.718] ConfigNode[]
[LOG 21:17:10.718] GameDatabase: Assets loaded in 5.814s
[LOG 21:17:10.720] [ModuleManager] Waited 0.000s for patching to finish
[LOG 21:17:10.720] [ModuleManager] Applying patched game database
[LOG 21:17:10.722] [ModuleManager] Dumping ModuleManager log to main log
[LOG 21:17:10.723] [ModuleManager] 
#### BEGIN MODULEMANAGER LOG ####


[LOG 21:17:06.213] Log started at 2026-10-03 21:17:06.213
[LOG 21:17:08.255] Checking Cache
[LOG 21:17:08.490] SHA generated in 0.233s
[LOG 21:17:08.490]       SHA = 53-CC-51-67-FB-35-AA-56-B9-3C-73-E0-EA-E3-3F-DF-2A-5B-09-8E-F3-B1-F7-D3-9F-30-57-0C-0D-91-69-81
[LOG 21:17:08.499] Cache SHA = BE-71-4B-88-1F-0A-C1-31-9F-6B-CE-13-1E-F8-70-D5-4B-A9-38-E1-7B-58-D3-84-CE-7F-B2-61-F1-55-99-A6
[LOG 21:17:08.499] useCache = False
[LOG 21:17:08.500] Pre patch init
[LOG 21:17:08.625] compiling list of loaded mods...
Mod DLLs found:
  Name                                    Assembly Version         Assembly File Version    KSPAssembly Version      SHA256

  Assembly-CSharp                         0.0.0.0                  0.0.0.0                  1.12                     d9e42483f25ee80a9c11d6c1c0a0d29b4ec78c1e08d76c971b71580c9cce51e4
  ModuleManager                           4.2.3.0                  4.2.3.0                  2.5                      95847827ab293b9e82a19b7efb97ffea3e98cc03b181862536ac8eb572e30d7d
  0Harmony                                2.2.1.0                  2.2.1.0                                           19ce60ac3280f72ec1751d36a40cb7e2fece2934df8345969dc7feb83bd633e4
  HarmonyInstallChecker                   2.2.1.0                  2.2.1.0                  1.0                      f11e659e91a52c21c5bda78e52b82a7bdc246bcab6a999733af3c69a11a9dc0e
  0_MultipleModuleInPartAPI               1.0.0.0                  1.0.0.0                  1.0                      df4a22fb0535de7fa154ca234b50dd7c2fc6be879e4a877d9bad1f87bafafcbf
  KSPCommunityFixes                       1.41.0.0                 1.41.1.0                 1.41                     e08ebbec7ab34f4f7ff56d6e900051bb0d259a4bc092881d7db3ca2f9f2e9a11
  KSPDiagFloatingOrigin                   1.0.9772.27899           1.0.9772.27899                                    d65227613665a07aab942b2d115dd856415bc803096650d5c179d182d12c87e1
  KSPDiagTerrainHeight                    1.0.9772.27897           1.0.9772.27897                                    934a0a09c735f5863e2e5f81308ebcece9d113e1db09c2466508ee46808acaa6
  KSPMCPServer                            0.0.0.0                  0.0.0.0                                           14428367a505bad8e65b36fc087c692eec15734584598d69a0c75f25bdfaef8d
  KSPSteamCtrlr                           0.0.1.35                 0.0.1.35                                          1675fa4fcb61d014eb1babe7eed703e7f76a1008537ee57ca7cec65cd9ff94ac
Non-DLL mods added (:FOR[xxx]):
Mods by directory (sub directories of GameData):
  000_Harmony
  Squad
  SquadExpansion
Mods added by assemblies:

[LOG 21:17:08.626] Loading Physics.cfg
[LOG 21:17:08.628] Extracting patches
[LOG 21:17:08.635] Deleting root node in file KSPCommunityFixes/MMPatches/ModSupport/FixDockingNodes node: @PART[*]:HAS[@MODULE[ModuleDockingNodeFixed]]:NEEDS[FixDockingNodes]:FINAL as it can't satisfy its NEEDS
[LOG 21:17:08.637] Deleting root node in file KSPCommunityFixes/MMPatches/ModSupport/KSPRecall node: @KSP_COMMUNITY_FIXES:NEEDS[AttachedOnEditor] as it can't satisfy its NEEDS
[LOG 21:17:08.637] Deleting root node in file KSPCommunityFixes/MMPatches/ModSupport/UniversalStorage node: @KSP_COMMUNITY_FIXES:NEEDS[UniversalStorage2] as it can't satisfy its NEEDS
[LOG 21:17:08.688] Applying patches
[LOG 21:17:08.690] :INSERT (initial) pass
[LOG 21:17:08.723] :FIRST pass
[LOG 21:17:08.725] Applying update KSPCommunityFixes/MMPatches/StockTweaks/LadderToggleableLight/@PART[telescopicLadderBay]:FIRST to Squad/Parts/Utility/ladderTelescopicBay/ladderTelescopicBay.cfg/PART[telescopicLadderBay]
[LOG 21:17:08.731] Applying update KSPCommunityFixes/MMPatches/StockTweaks/LadderToggleableLight/@PART[telescopicLadderBay]:HAS[#LadderToggleableLight[?rue]]:FIRST to Squad/Parts/Utility/ladderTelescopicBay/ladderTelescopicBay.cfg/PART[telescopicLadderBay]
[LOG 21:17:08.732] Applying update KSPCommunityFixes/MMPatches/StockTweaks/LadderToggleableLight/@PART[telescopicLadderBay]:HAS[#LadderToggleableLight]:FIRST to Squad/Parts/Utility/ladderTelescopicBay/ladderTelescopicBay.cfg/PART[telescopicLadderBay]
[LOG 21:17:08.733] Applying update KSPCommunityFixes/MMPatches/StockTweaks/LandingGearLights/@PART[GearSmall]:FIRST to Squad/Parts/Wheel/LandingGear/GearMedium.cfg/PART[GearSmall]
[LOG 21:17:08.734] Applying update KSPCommunityFixes/MMPatches/StockTweaks/LandingGearLights/@PART[SmallGearBay]:FIRST to Squad/Parts/Wheel/LandingGear/GearSmall.cfg/PART[SmallGearBay]
[LOG 21:17:08.735] :LEGACY (default) pass
[LOG 21:17:08.736] :BEFORE[0_MULTIPLEMODULEINPARTAPI] pass
[LOG 21:17:08.736] :FOR[0_MULTIPLEMODULEINPARTAPI] pass
[LOG 21:17:08.736] :AFTER[0_MULTIPLEMODULEINPARTAPI] pass
[LOG 21:17:08.736] :BEFORE[000_HARMONY] pass
[LOG 21:17:08.736] :FOR[000_HARMONY] pass
[LOG 21:17:08.736] :AFTER[000_HARMONY] pass
[LOG 21:17:08.736] :BEFORE[0HARMONY] pass
[LOG 21:17:08.736] :FOR[0HARMONY] pass
[LOG 21:17:08.736] :AFTER[0HARMONY] pass
[LOG 21:17:08.736] :BEFORE[ASSEMBLY-CSHARP] pass
[LOG 21:17:08.736] :FOR[ASSEMBLY-CSHARP] pass
[LOG 21:17:08.736] :AFTER[ASSEMBLY-CSHARP] pass
[LOG 21:17:08.736] :BEFORE[HARMONYINSTALLCHECKER] pass
[LOG 21:17:08.736] :FOR[HARMONYINSTALLCHECKER] pass
[LOG 21:17:08.736] :AFTER[HARMONYINSTALLCHECKER] pass
[LOG 21:17:08.736] :BEFORE[KSPCOMMUNITYFIXES] pass
[LOG 21:17:08.736] :FOR[KSPCOMMUNITYFIXES] pass
[LOG 21:17:08.736] Applying update KSPCommunityFixes/MMPatches/StockTweaks/ManufacturerFixes/@PART[sasModule]:FOR[KSPCommunityFixes] to Squad/Parts/Command/inlineReactionWheel/inlineReactionWheel.cfg/PART[sasModule]
[LOG 21:17:08.737] Applying update KSPCommunityFixes/MMPatches/StockTweaks/ManufacturerFixes/@PART[xenonTankRadial]:FOR[KSPCommunityFixes] to Squad/Parts/FuelTank/xenonTankRadial/xenonTankRadial.cfg/PART[xenonTankRadial]
[LOG 21:17:08.737] Applying update KSPCommunityFixes/MMPatches/StockTweaks/ManufacturerFixes/@PART[winglet|fireworksLauncherSmall|fireworksLauncherBig]:FOR[KSPCommunityFixes] to Squad/Parts/Aero/wingletAV-T1/wingletAV-T1.cfg/PART[winglet]
[LOG 21:17:08.737] Applying update KSPCommunityFixes/MMPatches/StockTweaks/ManufacturerFixes/@PART[winglet|fireworksLauncherSmall|fireworksLauncherBig]:FOR[KSPCommunityFixes] to Squad/Parts/Utility/Fireworks/fireworksLauncherBig.cfg/PART[fireworksLauncherBig]
[LOG 21:17:08.737] Applying update KSPCommunityFixes/MMPatches/StockTweaks/ManufacturerFixes/@PART[winglet|fireworksLauncherSmall|fireworksLauncherBig]:FOR[KSPCommunityFixes] to Squad/Parts/Utility/Fireworks/fireworksLauncherSmall.cfg/PART[fireworksLauncherSmall]
[LOG 21:17:08.738] Applying update KSPCommunityFixes/MMPatches/StockTweaks/ManufacturerFixes/@PART[solidBooster_sm_v2|solidBooster_v2]:FOR[KSPCommunityFixes] to Squad/Parts/Engine/Size1_SRBs/solidBoosterRT-10_v2.cfg/PART[solidBooster_v2]
[LOG 21:17:08.738] Applying update KSPCommunityFixes/MMPatches/StockTweaks/ManufacturerFixes/@PART[solidBooster_sm_v2|solidBooster_v2]:FOR[KSPCommunityFixes] to Squad/Parts/Engine/Size1_SRBs/solidBoosterRT-5_v2.cfg/PART[solidBooster_sm_v2]
[LOG 21:17:08.738] Applying update KSPCommunityFixes/MMPatches/StockTweaks/ManufacturerFixes/@PART[ServiceBay_125_v2|ServiceBay_250_v2]:FOR[KSPCommunityFixes] to Squad/Parts/Utility/ServiceBay_v2/ServiceBay_125_v2.cfg/PART[ServiceBay_125_v2]
[LOG 21:17:08.738] Applying update KSPCommunityFixes/MMPatches/StockTweaks/ManufacturerFixes/@PART[ServiceBay_125_v2|ServiceBay_250_v2]:FOR[KSPCommunityFixes] to Squad/Parts/Utility/ServiceBay_v2/ServiceBay_250_v2.cfg/PART[ServiceBay_250_v2]
[LOG 21:17:08.742] Applying update KSPCommunityFixes/MMPatches/StockTweaks/ManufacturerFixes/@PART[externalTankCapsule]:FOR[KSPCommunityFixes] to Squad/Parts/FuelTank/FoilTanks/RadialTank_Capsule.cfg/PART[externalTankCapsule]
[LOG 21:17:08.742] Applying update KSPCommunityFixes/MMPatches/StockTweaks/ManufacturerFixes/@PART[RCSFuelTank|rcsTankMini|RCSTank1-2]:FOR[KSPCommunityFixes] to Squad/Parts/FuelTank/RCSFuelTankR1/RCSFuelTankR1.cfg/PART[RCSTank1-2]
[LOG 21:17:08.742] Applying update KSPCommunityFixes/MMPatches/StockTweaks/ManufacturerFixes/@PART[RCSFuelTank|rcsTankMini|RCSTank1-2]:FOR[KSPCommunityFixes] to Squad/Parts/FuelTank/RCSFuelTankR10/RCSFuelTankR10.cfg/PART[rcsTankMini]
[LOG 21:17:08.742] Applying update KSPCommunityFixes/MMPatches/StockTweaks/ManufacturerFixes/@PART[RCSFuelTank|rcsTankMini|RCSTank1-2]:FOR[KSPCommunityFixes] to Squad/Parts/FuelTank/RCSFuelTankR25/RCSFuelTankR25.cfg/PART[RCSFuelTank]
[LOG 21:17:08.743] Applying update KSPCommunityFixes/MMPatches/StockTweaks/ManufacturerFixes/@PART[landerCabinSmall]:FOR[KSPCommunityFixes] to Squad/Parts/Command/mk1LanderCan/mk1LanderCan.cfg/PART[landerCabinSmall]
[LOG 21:17:08.743] Applying update KSPCommunityFixes/MMPatches/StockTweaks/ManufacturerFixes/@PART[dockingPortLateral]:FOR[KSPCommunityFixes] to Squad/Parts/Utility/dockingPortInline/dockingPortInline.cfg/PART[dockingPortLateral]
[LOG 21:17:08.743] Applying update KSPCommunityFixes/MMPatches/StockTweaks/ManufacturerFixes/@PART[EnginePlate4]:FOR[KSPCommunityFixes]:NEEDS[SquadExpansion/MakingHistory] to SquadExpansion/MakingHistory/Parts/Coupling/EnginePlate_4.cfg/PART[EnginePlate4]
[LOG 21:17:08.744] Applying update KSPCommunityFixes/MMPatches/StockTweaks/ManufacturerFixes/@PART[Mk2Pod]:FOR[KSPCommunityFixes]:NEEDS[SquadExpansion/MakingHistory] to SquadExpansion/MakingHistory/Parts/Pods/Mk2Pod.cfg/PART[Mk2Pod]
[LOG 21:17:08.745] Applying update KSPCommunityFixes/MMPatches/StockTweaks/ManufacturerFixes/@PART[evaChute|parachuteSingle|parachuteRadial|radialDrogue|parachuteLarge|parachuteDrogue]:FOR[KSPCommunityFixes] to Squad/Parts/Cargo/Parachute/Parachute.cfg/PART[evaChute]
[LOG 21:17:08.745] Applying update KSPCommunityFixes/MMPatches/StockTweaks/ManufacturerFixes/@PART[evaChute|parachuteSingle|parachuteRadial|radialDrogue|parachuteLarge|parachuteDrogue]:FOR[KSPCommunityFixes] to Squad/Parts/Utility/parachuteMk1/parachuteMk1.cfg/PART[parachuteSingle]
[LOG 21:17:08.745] Applying update KSPCommunityFixes/MMPatches/StockTweaks/ManufacturerFixes/@PART[evaChute|parachuteSingle|parachuteRadial|radialDrogue|parachuteLarge|parachuteDrogue]:FOR[KSPCommunityFixes] to Squad/Parts/Utility/parachuteMk12-R/parachuteMk12-R.cfg/PART[radialDrogue]
[LOG 21:17:08.745] Applying update KSPCommunityFixes/MMPatches/StockTweaks/ManufacturerFixes/@PART[evaChute|parachuteSingle|parachuteRadial|radialDrogue|parachuteLarge|parachuteDrogue]:FOR[KSPCommunityFixes] to Squad/Parts/Utility/parachuteMk16-XL/parachuteMk16-XL.cfg/PART[parachuteLarge]
[LOG 21:17:08.745] Applying update KSPCommunityFixes/MMPatches/StockTweaks/ManufacturerFixes/@PART[evaChute|parachuteSingle|parachuteRadial|radialDrogue|parachuteLarge|parachuteDrogue]:FOR[KSPCommunityFixes] to Squad/Parts/Utility/parachuteMk2-R/parachuteMk2-R.cfg/PART[parachuteRadial]
[LOG 21:17:08.745] Applying update KSPCommunityFixes/MMPatches/StockTweaks/ManufacturerFixes/@PART[evaChute|parachuteSingle|parachuteRadial|radialDrogue|parachuteLarge|parachuteDrogue]:FOR[KSPCommunityFixes] to Squad/Parts/Utility/parachuteMk25/parachuteMk25.cfg/PART[parachuteDrogue]
[LOG 21:17:08.752] Applying update KSPCommunityFixes/MMPatches/StockTweaks/ManufacturerFixes/@PART[stackPoint1|dockingPort1|dockingPort2|dockingPort3|dockingPortLarge]:FOR[KSPCommunityFixes] to Squad/Parts/Utility/dockingPort/dockingPort.cfg/PART[dockingPort2]
[LOG 21:17:08.752] Applying update KSPCommunityFixes/MMPatches/StockTweaks/ManufacturerFixes/@PART[stackPoint1|dockingPort1|dockingPort2|dockingPort3|dockingPortLarge]:FOR[KSPCommunityFixes] to Squad/Parts/Utility/dockingPortJr/dockingPortJr.cfg/PART[dockingPort3]
[LOG 21:17:08.752] Applying update KSPCommunityFixes/MMPatches/StockTweaks/ManufacturerFixes/@PART[stackPoint1|dockingPort1|dockingPort2|dockingPort3|dockingPortLarge]:FOR[KSPCommunityFixes] to Squad/Parts/Utility/dockingPortShielded/dockingPortShielded.cfg/PART[dockingPort1]
[LOG 21:17:08.752] Applying update KSPCommunityFixes/MMPatches/StockTweaks/ManufacturerFixes/@PART[stackPoint1|dockingPort1|dockingPort2|dockingPort3|dockingPortLarge]:FOR[KSPCommunityFixes] to Squad/Parts/Utility/dockingPortSr/dockingPortSr.cfg/PART[dockingPortLarge]
[LOG 21:17:08.752] Applying update KSPCommunityFixes/MMPatches/StockTweaks/ManufacturerFixes/@PART[stackPoint1|dockingPort1|dockingPort2|dockingPort3|dockingPortLarge]:FOR[KSPCommunityFixes] to Squad/Parts/Utility/radialAttachmentPoint/radialAttachmentPoint.cfg/PART[stackPoint1]
[LOG 21:17:08.752] :AFTER[KSPCOMMUNITYFIXES] pass
[LOG 21:17:08.752] :BEFORE[KSPDIAGFLOATINGORIGIN] pass
[LOG 21:17:08.752] :FOR[KSPDIAGFLOATINGORIGIN] pass
[LOG 21:17:08.752] :AFTER[KSPDIAGFLOATINGORIGIN] pass
[LOG 21:17:08.752] :BEFORE[KSPDIAGTERRAINHEIGHT] pass
[LOG 21:17:08.752] :FOR[KSPDIAGTERRAINHEIGHT] pass
[LOG 21:17:08.752] :AFTER[KSPDIAGTERRAINHEIGHT] pass
[LOG 21:17:08.752] :BEFORE[KSPMCPSERVER] pass
[LOG 21:17:08.752] :FOR[KSPMCPSERVER] pass
[LOG 21:17:08.752] :AFTER[KSPMCPSERVER] pass
[LOG 21:17:08.752] :BEFORE[KSPSTEAMCTRLR] pass
[LOG 21:17:08.752] :FOR[KSPSTEAMCTRLR] pass
[LOG 21:17:08.752] :AFTER[KSPSTEAMCTRLR] pass
[LOG 21:17:08.752] :BEFORE[MODULEMANAGER] pass
[LOG 21:17:08.752] :FOR[MODULEMANAGER] pass
[LOG 21:17:08.752] :AFTER[MODULEMANAGER] pass
[LOG 21:17:08.752] :BEFORE[SQUAD] pass
[LOG 21:17:08.752] :FOR[SQUAD] pass
[LOG 21:17:08.752] :AFTER[SQUAD] pass
[LOG 21:17:08.752] :BEFORE[SQUADEXPANSION] pass
[LOG 21:17:08.752] :FOR[SQUADEXPANSION] pass
[LOG 21:17:08.752] :AFTER[SQUADEXPANSION] pass
[LOG 21:17:08.753] :LAST[999_KSP-RECALL] pass
[LOG 21:17:08.762] :FINAL pass
[LOG 21:17:08.762] Done patching
[LOG 21:17:08.763] Saving Cache
[LOG 21:17:08.815] Saving cache
[LOG 21:17:09.229] ModuleManager: 33 patches applied

[LOG 21:17:09.229] Ran in 0.975s
[LOG 21:17:09.256] Done!



#### END MODULEMANAGER LOG ####
[LOG 21:17:10.725] [ModuleManager] Running tests...
[LOG 21:17:10.725] [ModuleManager] tests complete.
[LOG 21:17:10.726] [ModuleManager] Reloading resources definitions
[LOG 21:17:10.727] Resource LiquidFuel added to database
[LOG 21:17:10.727] Resource Oxidizer added to database
[LOG 21:17:10.727] Resource SolidFuel added to database
[LOG 21:17:10.727] Resource MonoPropellant added to database
[LOG 21:17:10.727] Resource XenonGas added to database
[LOG 21:17:10.727] Resource ElectricCharge added to database
[LOG 21:17:10.727] Resource IntakeAir added to database
[LOG 21:17:10.727] Resource EVA Propellant added to database
[LOG 21:17:10.727] Resource Ore added to database
[LOG 21:17:10.727] Resource Ablator added to database
[LOG 21:17:10.727] [ModuleManager] Reloading Trait configs
[LOG 21:17:10.728] ExperienceSystemConfig: Added Effect 'DeployedSciencePowerSkill' to Trait 'Ingénieur'
[LOG 21:17:10.728] ExperienceSystemConfig: Added Effect 'DeployedScienceExpSkill' to Trait 'Scientifique'
[LOG 21:17:10.728] [ModuleManager] Reloading Part Upgrades
[LOG 21:17:10.728] [ModuleManager] Setting modded physics as the active one
[LOG 21:17:10.733] PhysicsGlobals: Loading database
[LOG 21:17:10.734] [ModuleManager] Running post patch callbacks
[LOG 21:17:10.745] [KSPCommunityFixes] Patch AutoStrutDrift applied.
[LOG 21:17:10.748] [KSPCommunityFixes] Patch EditorAnimatedPartsShipModified applied.
[LOG 21:17:10.762] [KSPCommunityFixes] Patch DragCubeLoadException applied.
[LOG 21:17:10.767] [KSPCommunityFixes] Patch DoubleCurvePreserveTangents applied.
[LOG 21:17:10.805] [KSPCommunityFixes] Patch DockingPortRotationDriftAndFixes applied.
[LOG 21:17:10.840] [KSPCommunityFixes] Patch DockingPortConserveMomentum applied.
[LOG 21:17:10.845] [KSPCommunityFixes] Patch DebugConsoleDontStealInput applied.
[LOG 21:17:10.848] [KSPCommunityFixes] Patch CorrectDragForFlags applied.
[LOG 21:17:10.850] [KSPCommunityFixes] Patch CometMiningNotRemovingMass applied.
[LOG 21:17:10.854] [KSPCommunityFixes] Patch ChutePhantomSymmetry applied.
[LOG 21:17:10.856] [KSPCommunityFixes] Patch CometSpawnerUniqueFlightId applied.
[LOG 21:17:10.857] [KSPCommunityFixes] Patch AsteroidSpawnerUniqueFlightId applied.
[LOG 21:17:10.858] [KSPCommunityFixes] Patch AsteroidInfiniteMining applied.
[LOG 21:17:10.882] [KSPCommunityFixes] Patch PersistentIConfigNode applied.
[LOG 21:17:10.882] [KSPCommunityFixes] Patch OnSymmetryFieldChanged not applied (not enabled in Settings.cfg)
[LOG 21:17:10.882] [KSPCommunityFixes] Patch ModUpgradePipeline not applied (not enabled in Settings.cfg)
[LOG 21:17:10.882] [KSPCommunityFixes] Patch KSPFieldEnumDesc not applied (not enabled in Settings.cfg)
[LOG 21:17:10.883] [KSPCommunityFixes] Patch EventProfilerMarkers not applied (not enabled in Settings.cfg)
[LOG 21:17:10.884] [KSPCommunityFixes] Patch DockingPortLockedEvents not applied (not enabled in Settings.cfg)
[LOG 21:17:10.885] [KSPCommunityFixes] Patch DepartmentHeadImage applied.
[LOG 21:17:10.894] [KSPCommunityFixes] Patch BaseFieldListUseFieldHost applied.
[LOG 21:17:10.915] [KSPCommunityFixes] Patch ResourceConverterPerf applied.
[LOG 21:17:10.921] [KSPCommunityFixes] Patch ProgressTrackingSpeedBoost applied.
[LOG 21:17:10.924] [KSPCommunityFixes] Patch PQSUpdateNoMemoryAlloc applied.
[LOG 21:17:10.924] [KSPCommunityFixes] Patch PQSOnlyStartOnce not applied (not enabled in Settings.cfg)
[LOG 21:17:10.934] [KSPCommunityFixes] Patch PQSCoroutineLeak applied.
[LOG 21:17:10.960] [KSPCommunityFixes] Patch PartSystemsFastUpdate applied.
[LOG 21:17:10.982] [KSPCommunityFixes] Patch PartParsingPerf applied.
[LOG 21:17:10.985] [KSPCommunityFixes] Patch EnginePlateAirstreamShieldedTopPart applied.
[LOG 21:17:10.993] [KSPCommunityFixes] Patch EVAConstructionMass applied.
[LOG 21:17:11.003] [KSPCommunityFixes] Patch EVAConstructionUninitializedInventory applied.
[LOG 21:17:11.010] [KSPCommunityFixes] Patch EVAKerbalRecovery applied.
[LOG 21:17:11.016] [KSPCommunityFixes] Patch TimeWarpOrbitShift applied.
[LOG 21:17:11.018] [KSPCommunityFixes] Patch TimeWarpBodyCollision applied.
[LOG 21:17:11.032] [KSPCommunityFixes] Patch ThumbnailSpotlight applied.
[LOG 21:17:11.043] [KSPCommunityFixes] Patch SymmetryReferenceOnDelete applied.
[LOG 21:17:11.043] [KSPCommunityFixes] Patch StrategyDuration not applied (not enabled in Settings.cfg)
[LOG 21:17:11.045] [KSPCommunityFixes] Patch StockAlarmDescPreserveLineBreak applied.
[LOG 21:17:11.067] [KSPCommunityFixes] Patch StickySplashedFixer applied.
[LOG 21:17:11.073] [KSPCommunityFixes] Patch ScatterDistribution applied.
[LOG 21:17:11.094] [KSPCommunityFixes] Patch RoboticsDrift applied.
[LOG 21:17:11.097] [KSPCommunityFixes] Patch RestoreMaxPhysicsDT applied.
[LOG 21:17:11.111] [KSPCommunityFixes] Patch RespawnDeadKerbals applied.
[LOG 21:17:11.114] [KSPCommunityFixes] Patch RescaledRoboticParts applied.
[LOG 21:17:11.117] [KSPCommunityFixes] Patch ReRootPreserveSurfaceAttach applied.
[LOG 21:17:11.133] [KSPCommunityFixes] Patch OptimizedModuleRaycasts applied.
[LOG 21:17:11.140] GetSubclassesOfParentClass: Found 1 types with ModuleInventoryPart parent in 10 assemblies.
[LOG 21:17:11.144] [KSPCommunityFixes] Patch RefundingOnRecovery applied.
[LOG 21:17:11.144] [KSPCommunityFixes] Patch PatchedConicEncounterFlickering applied.
[LOG 21:17:11.153] [KSPCommunityFixes] Patch PartListTooltipIconSpin applied.
[LOG 21:17:11.157] [KSPCommunityFixes] Patch PackedPartsRotation applied.
[LOG 21:17:11.167] [KSPCommunityFixes] Patch ModulePartVariantsNodePersistence applied.
[LOG 21:17:11.170] [KSPCommunityFixes] Patch ModuleAnimateGenericCrewModSpawnIVA applied.
[LOG 21:17:11.171] [KSPCommunityFixes] Patch ModuleActiveRadiatorNoParentException applied.
[LOG 21:17:11.175] [KSPCommunityFixes] Patch MapTargetBodyWithEncounter applied.
[LOG 21:17:11.179] [KSPCommunityFixes] Patch LostSoundAfterSceneSwitch applied.
[LOG 21:17:11.184] [KSPCommunityFixes] Patch LadderToggleableLight applied.
[LOG 21:17:11.195] [KSPCommunityFixes] Patch InventoryPartMass applied.
[LOG 21:17:11.201] [KSPCommunityFixes] Patch HarvesterECConsumption applied.
[LOG 21:17:11.202] [KSPCommunityFixes] Patch FixGetUnivseralTime applied.
[LOG 21:17:11.211] [KSPCommunityFixes] Patch ExtendedDeployableParts applied.
[LOG 21:17:11.213] [KSPCommunityFixes] Patch PropellantFlowDescription applied.
[LOG 21:17:11.234] [KSPCommunityFixes] Patch OptimisedVectorLines applied.
[LOG 21:17:11.244] [KSPCommunityFixes] Patch ModuleDockingNodeFindOtherNodesFaster applied.
[LOG 21:17:11.249] [KSPCommunityFixes] Patch ModuleColorChangerOptimization applied.
[LOG 21:17:11.259] [KSPCommunityFixes] Patch AutoSavedCraftNameAtLaunch applied.
[LOG 21:17:11.278] [KSPCommunityFixes] Patch PAWCollapsedInventories applied.
[LOG 21:17:11.282] [KSPCommunityFixes] Patch UIFloatEditNumericInput applied.
[LOG 21:17:11.302] [KSPCommunityFixes] Patch PAWStockGroups applied.
[LOG 21:17:11.310] [KSPCommunityFixes] Patch AltimeterHorizontalPosition applied.
[LOG 21:17:11.320] [KSPCommunityFixes] Patch SceneLoadSpeedBoost applied.
[LOG 21:17:11.351] [KSPCommunityFixes] Patch OnDemandPartBuoyancy applied.
[LOG 21:17:11.352] [KSPCommunityFixes] Patch ForceSyncSceneSwitch applied.
[LOG 21:17:11.352] [KSPCommunityFixes] Patch FewerSaves not applied (not enabled in Settings.cfg)
[LOG 21:17:11.353] [KSPCommunityFixes] Patch WheelInertiaLimit applied.
[LOG 21:17:11.353] [KSPCommunityFixes] Patch StockAlarmCustomFormatterDate isn't applicable to this KSP version.
[LOG 21:17:11.360] [KSPCommunityFixes] Patch ROCValidationOOR applied.
[LOG 21:17:11.363] [KSPCommunityFixes] Patch ZeroCostTechNodes applied.
[LOG 21:17:11.364] [KSPCommunityFixes] Patch ReactionWheelsPotentialTorque applied.
[LOG 21:17:11.369] [KSPCommunityFixes] Patch PAWGroupMemory applied.
[LOG 21:17:11.409] [KSPCommunityFixes] Patch PartStartStability applied.
[LOG 21:17:11.415] [KSPCommunityFixes] Patch PartBoundsIgnoreDisabledTransforms applied.
[LOG 21:17:11.463] [KSPCommunityFixes] Patch ModuleIndexingMismatch applied.
[LOG 21:17:11.469] [KSPCommunityFixes] Patch MapSOCorrectWrapping applied.
[LOG 21:17:11.469] [KSPCommunityFixes] Patch KerbalTooltipMaxSustainedG applied.
[LOG 21:17:11.472] [KSPCommunityFixes] Patch KerbalInventoryPersistence applied.
[LOG 21:17:11.472] [KSPCommunityFixes] Patch FlightSceneLoadKraken not applied (not enabled in Settings.cfg)
[LOG 21:17:11.476] [KSPCommunityFixes] Patch FIUpdateRadiation applied.
[LOG 21:17:11.478] [KSPCommunityFixes] Patch FastAndFixedEnumExtensions applied.
[LOG 21:17:11.510] [KSPCommunityFixes] Patch DeltaVHideWhenDisabled applied.
[LOG 21:17:11.514] [KSPCommunityFixes] Patch BlockMapViewPartClick applied.
[LOG 21:17:11.517] [KSPCommunityFixes] Patch PAWItemsOrder applied.
[LOG 21:17:11.563] [KSPCommunityFixes] Patch BetterEditorUndoRedo applied.
[LOG 21:17:11.572] [KSPCommunityFixes] Patch AutostrutActions applied.
[LOG 21:17:11.573] [KSPCommunityFixes] Patch DisableNewGameIntro not applied (not enabled in Settings.cfg)
[LOG 21:17:11.606] [KSPCommunityFixes] Patch MinorPerfTweaks applied.
[LOG 21:17:11.687] [KSPCommunityFixes] Patch MemoryLeaks applied.
[LOG 21:17:11.693] [KSPCommunityFixes] Patch LowerMinPhysicsDTPerFrame applied.
[LOG 21:17:11.697] [KSPCommunityFixes] Patch LocalizerPerf applied.
[LOG 21:17:11.699] [KSPCommunityFixes] Patch IMGUIOptimization applied.
[LOG 21:17:11.713] [KSPCommunityFixes] Patch FloatingOriginPerf applied.
[LOG 21:17:11.757] [KSPCommunityFixes] Patch FlightIntegratorPerf applied.
[LOG 21:17:11.760] [KSPCommunityFixes] Patch FasterPartFindTransform applied.
[LOG 21:17:11.773] [KSPCommunityFixes] Patch FasterEditorPartList applied.
[LOG 21:17:11.775] [KSPCommunityFixes] Patch ExpansionBundlePreload applied.
[LOG 21:17:11.786] [KSPCommunityFixes] Patch DragCubeGeneration applied.
[LOG 21:17:11.790] [KSPCommunityFixes] Patch DisableMapUpdateInFlight applied.
[LOG 21:17:11.791] [KSPCommunityFixes] Patch DisableHiddenPortraits applied.
[LOG 21:17:11.792] [KSPCommunityFixes] Patch DisableManeuverTool applied.
[LOG 21:17:11.810] [KSPCommunityFixes] Patch CraftBrowserOptimisations applied.
[LOG 21:17:11.812] [KSPCommunityFixes] Patch CommNetThrottling applied.
[LOG 21:17:11.817] [KSPCommunityFixes] Patch FairingMouseOverPersistence applied.
[LOG 21:17:11.834] [KSPCommunityFixes] Patch OptionalMakingHistoryDLCFeatures applied.
[LOG 21:17:11.840] [KSPCommunityFixes] Patch ResourceLockActions applied.
[LOG 21:17:11.847] [KSPCommunityFixes] Patch ShowContractFinishDates applied.
[LOG 21:17:11.857] [KSPCommunityFixes] Patch TargetParentBody applied.
[LOG 21:17:11.879] [KSPCommunityFixes] Patch ToolbarShowHide applied.
[LOG 21:17:11.880] [KSPCommunityFixes] Patch ContractProgressEnumCache applied.
[LOG 21:17:11.888] [KSPCommunityFixes] Patch ActiveRadiatorPerf applied.
[LOG 21:17:11.892] [KSPCommunityFixes] Patch CargoBayPerf applied.
[LOG 21:17:11.900] [KSPCommunityFixes] Patch CollisionEnhancerFastUpdate applied.
[LOG 21:17:11.904] [KSPCommunityFixes] Patch CollisionManagerFastUpdate applied.
[LOG 21:17:11.908] [KSPCommunityFixes] Patch AsteroidAndCometDrillCache applied.
[LOG 21:17:11.918] [KSPCommunityFixes] Patch TweakableWheelsAutostrut applied.
[LOG 21:17:11.940] [KSPCommunityFixes] Patch PatchSettings applied.
[LOG 21:17:11.974] [KSPCommunityFixes] Patch UpgradeBugs applied.
[LOG 21:17:11.975] [KSPCommunityFixes] Patch PartTooltipUpgradesApplyToSubstituteParts not applied (not enabled in Settings.cfg)
[LOG 21:17:12.033] [ModuleManager] Calling ConfigNodePerf.ModuleManagerPostLoad()
[LOG 21:17:12.035] [ModuleManager] Post patch ran in 1.315s
[LOG 21:17:12.056] PartLoader: Creating part database
[LOG 21:17:12.056] PartLoader: Compiling Part 'Squad/Parts/Aero/aerodynamicNoseCone/aerodynamicNoseCone/noseCone'
[LOG 21:17:12.074] EffectList: Created 15 effect types
[LOG 21:17:12.149] PartLoader: Part 'Squad/Parts/Aero/aerodynamicNoseCone/aerodynamicNoseCone/noseCone' has no database record. Creating.
[LOG 21:17:12.150] [DragCubeSystem]: Drag cubes not found or cannot be read for part Part. Generating New drag cubes.
[LOG 21:17:12.150] [KSPCF/DragCubeGeneration] Creating drag cubes for part 'noseCone'
[LOG 21:17:12.183] PartLoader: Compiling Part 'Squad/Parts/Aero/airbrake/Airbrake/airbrake1'
[LOG 21:17:12.200] PartLoader: Part 'Squad/Parts/Aero/airbrake/Airbrake/airbrake1' has no database record. Creating.
[LOG 21:17:12.200] [DragCubeSystem]: Drag cubes not found or cannot be read for part Part. Generating New drag cubes.
[LOG 21:17:12.200] [KSPCF/DragCubeGeneration] Creating drag cubes for part 'airbrake1'
[LOG 21:17:12.248] PartLoader: Compiling Part 'Squad/Parts/Aero/airIntakeRadialXM-G50/airIntakeRadialXM-G50/airScoop'
[LOG 21:17:12.261] PartLoader: Part 'Squad/Parts/Aero/airIntakeRadialXM-G50/airIntakeRadialXM-G50/airScoop' has no database record. Creating.
[LOG 21:17:12.261] [DragCubeSystem]: Drag cubes not found or cannot be read for part Part. Generating New drag cubes.
[LOG 21:17:12.261] [KSPCF/DragCubeGeneration] Creating drag cubes for part 'airScoop'
[LOG 21:17:12.275] PartLoader: Compiling Part 'Squad/Parts/Aero/airlinerWings/ControlSurface/airlinerCtrlSrf'
[LOG 21:17:12.287] PartLoader: Part 'Squad/Parts/Aero/airlinerWings/ControlSurface/airlinerCtrlSrf' has no database record. Creating.
[LOG 21:17:12.287] [DragCubeSystem]: Drag cubes not found or cannot be read for part Part. Generating New drag cubes.
[LOG 21:17:12.287] [KSPCF/DragCubeGeneration] Creating drag cubes for part 'airlinerCtrlSrf'
[LOG 21:17:12.317] PartLoader: Compiling Part 'Squad/Parts/Aero/airlinerWings/MainWing/airlinerMainWing'
[LOG 21:17:12.321] PartLoader: Part 'Squad/Parts/Aero/airlinerWings/MainWing/airlinerMainWing' has no database record. Creating.
[LOG 21:17:12.321] [DragCubeSystem]: Drag cubes not found or cannot be read for part Part. Generating New drag cubes.
[LOG 21:17:12.321] [KSPCF/DragCubeGeneration] Creating drag cubes for part 'airlinerMainWing'
[LOG 21:17:12.330] PartLoader: Compiling Part 'Squad/Parts/Aero/airlinerWings/TailFin/airlinerTailFin'
[LOG 21:17:12.335] PartLoader: Part 'Squad/Parts/Aero/airlinerWings/TailFin/airlinerTailFin' has no database record. Creating.
[LOG 21:17:12.335] [DragCubeSystem]: Drag cubes not found or cannot be read for part Part. Generating New drag cubes.
[LOG 21:17:12.335] [KSPCF/DragCubeGeneration] Creating drag cubes for part 'airlinerTailFin'
[LOG 21:17:12.367] PartLoader: Compiling Part 'Squad/Parts/Aero/airplaneFins/advancedCanard/AdvancedCanard'
[LOG 21:17:12.371] PartLoader: Part 'Squad/Parts/Aero/airplaneFins/advancedCanard/AdvancedCanard' has no database record. Creating.
[LOG 21:17:12.371] [DragCubeSystem]: Drag cubes not found or cannot be read for part Part. Generating New drag cubes.
[LOG 21:17:12.371] [KSPCF/DragCubeGeneration] Creating drag cubes for part 'AdvancedCanard'
[LOG 21:17:12.412] PartLoader: Compiling Part 'Squad/Parts/Aero/airplaneFins/standardCanard/CanardController'
[LOG 21:17:12.415] PartLoader: Part 'Squad/Parts/Aero/airplaneFins/standardCanard/CanardController' has no database record. Creating.
[LOG 21:17:12.415] [DragCubeSystem]: Drag cubes not found or cannot be read for part Part. Generating New drag cubes.
[LOG 21:17:12.415] [KSPCF/DragCubeGeneration] Creating drag cubes for part 'CanardController'
[LOG 21:17:12.442] PartLoader: Compiling Part 'Squad/Parts/Aero/airplaneFins/sweptWing/sweptWing'
[LOG 21:17:12.445] PartLoader: Part 'Squad/Parts/Aero/airplaneFins/sweptWing/sweptWing' has no database record. Creating.
[LOG 21:17:12.445] [DragCubeSystem]: Drag cubes not found or cannot be read for part Part. Generating New drag cubes.
[LOG 21:17:12.445] [KSPCF/DragCubeGeneration] Creating drag cubes for part 'sweptWing'
[LOG 21:17:12.452] PartLoader: Compiling Part 'Squad/Parts/Aero/airplaneFins/tailfin/tailfin'
[LOG 21:17:12.455] PartLoader: Part 'Squad/Parts/Aero/airplaneFins/tailfin/tailfin' has no database record. Creating.
[LOG 21:17:12.455] [DragCubeSystem]: Drag cubes not found or cannot be read for part Part. Generating New drag cubes.
[LOG 21:17:12.455] [KSPCF/DragCubeGeneration] Creating drag cubes for part 'tailfin'
[LOG 21:17:12.481] PartLoader: Compiling Part 'Squad/Parts/Aero/basicFin/basicFin/basicFin'
[LOG 21:17:12.484] PartLoader: Part 'Squad/Parts/Aero/basicFin/basicFin/basicFin' has no database record. Creating.
[LOG 21:17:12.484] [DragCubeSystem]: Drag cubes not found or cannot be read for part Part. Generating New drag cubes.
[LOG 21:17:12.484] [KSPCF/DragCubeGeneration] Creating drag cubes for part 'basicFin'
[LOG 21:17:12.491] PartLoader: Compiling Part 'Squad/Parts/Aero/circularIntake/circularIntake/CircularIntake'
[LOG 21:17:12.497] PartLoader: Part 'Squad/Parts/Aero/circularIntake/circularIntake/CircularIntake' has no database record. Creating.
[LOG 21:17:12.497] PartLoader: Compiling Part 'Squad/Parts/Aero/circularIntake/intakeShockCone/shockConeIntake'
[LOG 21:17:12.500] PartLoader: Part 'Squad/Parts/Aero/circularIntake/intakeShockCone/shockConeIntake' has no database record. Creating.
[LOG 21:17:12.501] PartLoader: Compiling Part 'Squad/Parts/Aero/cones/avionicsNoseCone/avionicsNoseCone'
[LOG 21:17:12.512] PartLoader: Part 'Squad/Parts/Aero/cones/avionicsNoseCone/avionicsNoseCone' has no database record. Creating.
[LOG 21:17:12.512] [DragCubeSystem]: Drag cubes not found or cannot be read for part Part. Generating New drag cubes.
[LOG 21:17:12.512] [KSPCF/DragCubeGeneration] Creating drag cubes for part 'avionicsNoseCone'
[LOG 21:17:12.522] PartLoader: Compiling Part 'Squad/Parts/Aero/cones/ConeA/pointyNoseConeA'
[LOG 21:17:12.525] PartLoader: Part 'Squad/Parts/Aero/cones/ConeA/pointyNoseConeA' has no database record. Creating.
[LOG 21:17:12.525] [DragCubeSystem]: Drag cubes not found or cannot be read for part Part. Generating New drag cubes.
[LOG 21:17:12.525] [KSPCF/DragCubeGeneration] Creating drag cubes for part 'pointyNoseConeA'
[LOG 21:17:12.532] PartLoader: Compiling Part 'Squad/Parts/Aero/cones/ConeB/pointyNoseConeB'
[LOG 21:17:12.534] PartLoader: Part 'Squad/Parts/Aero/cones/ConeB/pointyNoseConeB' has no database record. Creating.
[LOG 21:17:12.534] [DragCubeSystem]: Drag cubes not found or cannot be read for part Part. Generating New drag cubes.
[LOG 21:17:12.534] [KSPCF/DragCubeGeneration] Creating drag cubes for part 'pointyNoseConeB'
[LOG 21:17:12.541] PartLoader: Compiling Part 'Squad/Parts/Aero/cones/noseConeAdapter/noseConeAdapter'
[LOG 21:17:12.545] PartLoader: Part 'Squad/Parts/Aero/cones/noseConeAdapter/noseConeAdapter' has no database record. Creating.
[LOG 21:17:12.545] [DragCubeSystem]: Drag cubes not found or cannot be read for part Part. Generating New drag cubes.
[LOG 21:17:12.545] [KSPCF/DragCubeGeneration] Creating drag cubes for part 'noseConeAdapter'
[LOG 21:17:12.554] PartLoader: Compiling Part 'Squad/Parts/Aero/cones/protectiveRocketNoseMk7_v2/rocketNoseCone_v2'
[LOG 21:17:12.557] PartLoader: Part 'Squad/Parts/Aero/cones/protectiveRocketNoseMk7_v2/rocketNoseCone_v2' has no database record. Creating.
[LOG 21:17:12.557] [DragCubeSystem]: Drag cubes not found or cannot be read for part Part. Generating New drag cubes.
[LOG 21:17:12.557] [KSPCF/DragCubeGeneration] Creating drag cubes for part 'rocketNoseCone.v2'
[LOG 21:17:12.563] PartLoader: Compiling Part 'Squad/Parts/Aero/cones/protectiveRocketNoseMk7_v3/rocketNoseCone_v3'
[LOG 21:17:12.568] PartLoader: Part 'Squad/Parts/Aero/cones/protectiveRocketNoseMk7_v3/rocketNoseCone_v3' has no database record. Creating.
[LOG 21:17:12.568] [DragCubeSystem]: Drag cubes not found or cannot be read for part Part. Generating New drag cubes.
[LOG 21:17:12.568] [KSPCF/DragCubeGeneration] Creating drag cubes for part 'rocketNoseCone.v3'
[LOG 21:17:12.575] PartLoader: Compiling Part 'Squad/Parts/Aero/cones/rocketNoseCone_size3/rocketNoseConeSize3'
[LOG 21:17:12.580] PartLoader: Part 'Squad/Parts/Aero/cones/rocketNoseCone_size3/rocketNoseConeSize3' has no database record. Creating.
[LOG 21:17:12.580] [DragCubeSystem]: Drag cubes not found or cannot be read for part Part. Generating New drag cubes.
[LOG 21:17:12.580] [KSPCF/DragCubeGeneration] Creating drag cubes for part 'rocketNoseConeSize3'
[LOG 21:17:12.587] PartLoader: Compiling Part 'Squad/Parts/Aero/cones/smallNoseCone/standardNoseCone'
[LOG 21:17:12.590] PartLoader: Part 'Squad/Parts/Aero/cones/smallNoseCone/standardNoseCone' has no database record. Creating.
[LOG 21:17:12.590] [DragCubeSystem]: Drag cubes not found or cannot be read for part Part. Generating New drag cubes.
[LOG 21:17:12.590] [KSPCF/DragCubeGeneration] Creating drag cubes for part 'standardNoseCone'
[LOG 21:17:12.596] PartLoader: Compiling Part 'Squad/Parts/Aero/cones/tailConnectorA/airplaneTail'
[LOG 21:17:12.598] PartLoader: Part 'Squad/Parts/Aero/cones/tailConnectorA/airplaneTail' has no database record. Creating.
[LOG 21:17:12.598] [DragCubeSystem]: Drag cubes not found or cannot be read for part Part. Generating New drag cubes.
[LOG 21:17:12.598] [KSPCF/DragCubeGeneration] Creating drag cubes for part 'airplaneTail'
[LOG 21:17:12.604] PartLoader: Compiling Part 'Squad/Parts/Aero/cones/tailConnectorB/airplaneTailB'
[LOG 21:17:12.606] PartLoader: Part 'Squad/Parts/Aero/cones/tailConnectorB/airplaneTailB' has no database record. Creating.
[LOG 21:17:12.606] [DragCubeSystem]: Drag cubes not found or cannot be read for part Part. Generating New drag cubes.
[LOG 21:17:12.606] [KSPCF/DragCubeGeneration] Creating drag cubes for part 'airplaneTailB'
[LOG 21:17:12.611] PartLoader: Compiling Part 'Squad/Parts/Aero/fairings/fairingSize1/fairingSize1'
[LOG 21:17:12.633] PartLoader: Part 'Squad/Parts/Aero/fairings/fairingSize1/fairingSize1' has no database record. Creating.
[LOG 21:17:12.633] [DragCubeSystem]: Drag cubes not found or cannot be read for part Part. Generating New drag cubes.
[LOG 21:17:12.633] [KSPCF/DragCubeGeneration] Creating drag cubes for part 'fairingSize1'
[LOG 21:17:12.643] PartLoader: Compiling Part 'Squad/Parts/Aero/fairings/fairingSize2/fairingSize2'
[LOG 21:17:12.651] PartLoader: Part 'Squad/Parts/Aero/fairings/fairingSize2/fairingSize2' has no database record. Creating.
[LOG 21:17:12.651] [DragCubeSystem]: Drag cubes not found or cannot be read for part Part. Generating New drag cubes.
[LOG 21:17:12.652] [KSPCF/DragCubeGeneration] Creating drag cubes for part 'fairingSize2'
[LOG 21:17:12.659] PartLoader: Compiling Part 'Squad/Parts/Aero/fairings/fairingSize3/fairingSize3'
[LOG 21:17:12.665] PartLoader: Part 'Squad/Parts/Aero/fairings/fairingSize3/fairingSize3' has no database record. Creating.
[LOG 21:17:12.665] [DragCubeSystem]: Drag cubes not found or cannot be read for part Part. Generating New drag cubes.
[LOG 21:17:12.665] [KSPCF/DragCubeGeneration] Creating drag cubes for part 'fairingSize3'
[LOG 21:17:12.673] PartLoader: Compiling Part 'Squad/Parts/Aero/HeatShield/HeatShield0/HeatShield0'
[LOG 21:17:12.683] PartLoader: Part 'Squad/Parts/Aero/HeatShield/HeatShield0/HeatShield0' has no database record. Creating.
[LOG 21:17:12.683] [DragCubeSystem]: Drag cubes not found or cannot be read for part Part. Generating New drag cubes.
[LOG 21:17:12.683] [KSPCF/DragCubeGeneration] Creating drag cubes for part 'HeatShield0'
[LOG 21:17:12.694] PartLoader: Compiling Part 'Squad/Parts/Aero/HeatShield/HeatShield1/HeatShield1'
[LOG 21:17:12.700] PartLoader: Part 'Squad/Parts/Aero/HeatShield/HeatShield1/HeatShield1' has no database record. Creating.
[LOG 21:17:12.700] [DragCubeSystem]: Drag cubes not found or cannot be read for part Part. Generating New drag cubes.
[LOG 21:17:12.700] [KSPCF/DragCubeGeneration] Creating drag cubes for part 'HeatShield1'
[LOG 21:17:12.723] PartLoader: Compiling Part 'Squad/Parts/Aero/HeatShield/HeatShield2/HeatShield2'
[LOG 21:17:12.727] PartLoader: Part 'Squad/Parts/Aero/HeatShield/HeatShield2/HeatShield2' has no database record. Creating.
[LOG 21:17:12.727] [DragCubeSystem]: Drag cubes not found or cannot be read for part Part. Generating New drag cubes.
[LOG 21:17:12.727] [KSPCF/DragCubeGeneration] Creating drag cubes for part 'HeatShield2'
[LOG 21:17:12.761] PartLoader: Compiling Part 'Squad/Parts/Aero/HeatShield/HeatShield3/HeatShield3'
[LOG 21:17:12.765] PartLoader: Part 'Squad/Parts/Aero/HeatShield/HeatShield3/HeatShield3' has no database record. Creating.
[LOG 21:17:12.765] [DragCubeSystem]: Drag cubes not found or cannot be read for part Part. Generating New drag cubes.
[LOG 21:17:12.765] [KSPCF/DragCubeGeneration] Creating drag cubes for part 'HeatShield3'
[LOG 21:17:12.784] PartLoader: Compiling Part 'Squad/Parts/Aero/InflatableHeatShield/HeatShield/InflatableHeatShield'
[LOG 21:17:12.790] PartLoader: Part 'Squad/Parts/Aero/InflatableHeatShield/HeatShield/InflatableHeatShield' has no database record. Creating.
[LOG 21:17:12.790] [DragCubeSystem]: Drag cubes not found or cannot be read for part Part. Generating New drag cubes.
[LOG 21:17:12.790] [KSPCF/DragCubeGeneration] Creating drag cubes for part 'InflatableHeatShield'
[LOG 21:17:12.823] PartLoader: Compiling Part 'Squad/Parts/Aero/intakeRadialLong/intakeRadialLong/IntakeRadialLong'
[LOG 21:17:12.825] PartLoader: Part 'Squad/Parts/Aero/intakeRadialLong/intakeRadialLong/IntakeRadialLong' has no database record. Creating.
[LOG 21:17:12.825] [DragCubeSystem]: Drag cubes not found or cannot be read for part Part. Generating New drag cubes.
[LOG 21:17:12.825] [KSPCF/DragCubeGeneration] Creating drag cubes for part 'IntakeRadialLong'
[LOG 21:17:12.832] PartLoader: Compiling Part 'Squad/Parts/Aero/miniIntake/SmallIntake/miniIntake'
[LOG 21:17:12.834] PartLoader: Part 'Squad/Parts/Aero/miniIntake/SmallIntake/miniIntake' has no database record. Creating.
[LOG 21:17:12.834] PartLoader: Compiling Part 'Squad/Parts/Aero/ramAirIntake/ramAirIntake/ramAirIntake'
[LOG 21:17:12.836] PartLoader: Part 'Squad/Parts/Aero/ramAirIntake/ramAirIntake/ramAirIntake' has no database record. Creating.
[LOG 21:17:12.837] PartLoader: Compiling Part 'Squad/Parts/Aero/shuttleWings/delta/wingShuttleDelta'
[LOG 21:17:12.838] PartLoader: Part 'Squad/Parts/Aero/shuttleWings/delta/wingShuttleDelta' has no database record. Creating.
[LOG 21:17:12.839] [DragCubeSystem]: Drag cubes not found or cannot be read for part Part. Generating New drag cubes.
[LOG 21:17:12.839] [KSPCF/DragCubeGeneration] Creating drag cubes for part 'wingShuttleDelta'
[LOG 21:17:12.844] PartLoader: Compiling Part 'Squad/Parts/Aero/shuttleWings/elevon1/wingShuttleElevon1'
[LOG 21:17:12.847] PartLoader: Part 'Squad/Parts/Aero/shuttleWings/elevon1/wingShuttleElevon1' has no database record. Creating.
[LOG 21:17:12.847] [DragCubeSystem]: Drag cubes not found or cannot be read for part Part. Generating New drag cubes.
[LOG 21:17:12.847] [KSPCF/DragCubeGeneration] Creating drag cubes for part 'wingShuttleElevon1'
[LOG 21:17:12.866] PartLoader: Compiling Part 'Squad/Parts/Aero/shuttleWings/elevon2/wingShuttleElevon2'
[LOG 21:17:12.869] PartLoader: Part 'Squad/Parts/Aero/shuttleWings/elevon2/wingShuttleElevon2' has no database record. Creating.
[LOG 21:17:12.869] [DragCubeSystem]: Drag cubes not found or cannot be read for part Part. Generating New drag cubes.
[LOG 21:17:12.869] [KSPCF/DragCubeGeneration] Creating drag cubes for part 'wingShuttleElevon2'
[LOG 21:17:12.889] PartLoader: Compiling Part 'Squad/Parts/Aero/shuttleWings/rudder/wingShuttleRudder'
[LOG 21:17:12.892] PartLoader: Part 'Squad/Parts/Aero/shuttleWings/rudder/wingShuttleRudder' has no database record. Creating.
[LOG 21:17:12.892] [DragCubeSystem]: Drag cubes not found or cannot be read for part Part. Generating New drag cubes.
[LOG 21:17:12.892] [KSPCF/DragCubeGeneration] Creating drag cubes for part 'wingShuttleRudder'
[LOG 21:17:12.912] PartLoader: Compiling Part 'Squad/Parts/Aero/shuttleWings/strake/wingShuttleStrake'
[LOG 21:17:12.914] PartLoader: Part 'Squad/Parts/Aero/shuttleWings/strake/wingShuttleStrake' has no database record. Creating.
[LOG 21:17:12.914] [DragCubeSystem]: Drag cubes not found or cannot be read for part Part. Generating New drag cubes.
[LOG 21:17:12.914] [KSPCF/DragCubeGeneration] Creating drag cubes for part 'wingShuttleStrake'
[LOG 21:17:12.919] PartLoader: Compiling Part 'Squad/Parts/Aero/wingletAV-R8/wingletAV-R8/R8winglet'
[LOG 21:17:12.921] PartLoader: Part 'Squad/Parts/Aero/wingletAV-R8/wingletAV-R8/R8winglet' has no database record. Creating.
[LOG 21:17:12.921] [DragCubeSystem]: Drag cubes not found or cannot be read for part Part. Generating New drag cubes.
[LOG 21:17:12.921] [KSPCF/DragCubeGeneration] Creating drag cubes for part 'R8winglet'
[LOG 21:17:12.942] PartLoader: Compiling Part 'Squad/Parts/Aero/wingletAV-T1/wingletAV-T1/winglet'
[LOG 21:17:12.944] PartLoader: Part 'Squad/Parts/Aero/wingletAV-T1/wingletAV-T1/winglet' has no database record. Creating.
[LOG 21:17:12.944] [DragCubeSystem]: Drag cubes not found or cannot be read for part Part. Generating New drag cubes.
[LOG 21:17:12.945] [KSPCF/DragCubeGeneration] Creating drag cubes for part 'winglet'
[LOG 21:17:12.949] PartLoader: Compiling Part 'Squad/Parts/Aero/wingletDeltaDeluxe/wingletDeltaDeluxe/winglet3'
[LOG 21:17:12.952] PartLoader: Part 'Squad/Parts/Aero/wingletDeltaDeluxe/wingletDeltaDeluxe/winglet3' has no database record. Creating.
[LOG 21:17:12.952] [DragCubeSystem]: Drag cubes not found or cannot be read for part Part. Generating New drag cubes.
[LOG 21:17:12.952] [KSPCF/DragCubeGeneration] Creating drag cubes for part 'winglet3'
[LOG 21:17:12.971] PartLoader: Compiling Part 'Squad/Parts/Aero/wings/connector1/wingConnector'
[LOG 21:17:12.974] PartLoader: Part 'Squad/Parts/Aero/wings/connector1/wingConnector' has no database record. Creating.
[LOG 21:17:12.974] [DragCubeSystem]: Drag cubes not found or cannot be read for part Part. Generating New drag cubes.
[LOG 21:17:12.974] [KSPCF/DragCubeGeneration] Creating drag cubes for part 'wingConnector'
[LOG 21:17:12.978] PartLoader: Compiling Part 'Squad/Parts/Aero/wings/connector2/wingConnector2'
[LOG 21:17:12.980] PartLoader: Part 'Squad/Parts/Aero/wings/connector2/wingConnector2' has no database record. Creating.
[LOG 21:17:12.980] [DragCubeSystem]: Drag cubes not found or cannot be read for part Part. Generating New drag cubes.
[LOG 21:17:12.980] [KSPCF/DragCubeGeneration] Creating drag cubes for part 'wingConnector2'
[LOG 21:17:12.985] PartLoader: Compiling Part 'Squad/Parts/Aero/wings/connector3/wingConnector3'
[LOG 21:17:12.987] PartLoader: Part 'Squad/Parts/Aero/wings/connector3/wingConnector3' has no database record. Creating.
[LOG 21:17:12.987] [DragCubeSystem]: Drag cubes not found or cannot be read for part Part. Generating New drag cubes.
[LOG 21:17:12.987] [KSPCF/DragCubeGeneration] Creating drag cubes for part 'wingConnector3'
[LOG 21:17:12.992] PartLoader: Compiling Part 'Squad/Parts/Aero/wings/connector4/wingConnector4'
[LOG 21:17:12.993] PartLoader: Part 'Squad/Parts/Aero/wings/connector4/wingConnector4' has no database record. Creating.
[LOG 21:17:12.993] [DragCubeSystem]: Drag cubes not found or cannot be read for part Part. Generating New drag cubes.
[LOG 21:17:12.993] [KSPCF/DragCubeGeneration] Creating drag cubes for part 'wingConnector4'
[LOG 21:17:12.997] PartLoader: Compiling Part 'Squad/Parts/Aero/wings/connector5/wingConnector5'
[LOG 21:17:13.000] PartLoader: Part 'Squad/Parts/Aero/wings/connector5/wingConnector5' has no database record. Creating.
[LOG 21:17:13.000] [DragCubeSystem]: Drag cubes not found or cannot be read for part Part. Generating New drag cubes.
[LOG 21:17:13.000] [KSPCF/DragCubeGeneration] Creating drag cubes for part 'wingConnector5'
[LOG 21:17:13.006] PartLoader: Compiling Part 'Squad/Parts/Aero/wings/delta/deltaWing'
[LOG 21:17:13.008] PartLoader: Part 'Squad/Parts/Aero/wings/delta/deltaWing' has no database record. Creating.
[LOG 21:17:13.008] [DragCubeSystem]: Drag cubes not found or cannot be read for part Part. Generating New drag cubes.
[LOG 21:17:13.008] [KSPCF/DragCubeGeneration] Creating drag cubes for part 'deltaWing'
[LOG 21:17:13.013] PartLoader: Compiling Part 'Squad/Parts/Aero/wings/delta_small/delta_small'
[LOG 21:17:13.015] PartLoader: Part 'Squad/Parts/Aero/wings/delta_small/delta_small' has no database record. Creating.
[LOG 21:17:13.015] [DragCubeSystem]: Drag cubes not found or cannot be read for part Part. Generating New drag cubes.
[LOG 21:17:13.015] [KSPCF/DragCubeGeneration] Creating drag cubes for part 'delta.small'
[LOG 21:17:13.021] PartLoader: Compiling Part 'Squad/Parts/Aero/wings/elevon1/StandardCtrlSrf'
[LOG 21:17:13.024] PartLoader: Part 'Squad/Parts/Aero/wings/elevon1/StandardCtrlSrf' has no database record. Creating.
[LOG 21:17:13.024] [DragCubeSystem]: Drag cubes not found or cannot be read for part Part. Generating New drag cubes.
[LOG 21:17:13.024] [KSPCF/DragCubeGeneration] Creating drag cubes for part 'StandardCtrlSrf'
[LOG 21:17:13.047] PartLoader: Compiling Part 'Squad/Parts/Aero/wings/elevon2/elevon2'
[LOG 21:17:13.049] PartLoader: Part 'Squad/Parts/Aero/wings/elevon2/elevon2' has no database record. Creating.
[LOG 21:17:13.049] [DragCubeSystem]: Drag cubes not found or cannot be read for part Part. Generating New drag cubes.
[LOG 21:17:13.049] [KSPCF/DragCubeGeneration] Creating drag cubes for part 'elevon2'
[LOG 21:17:13.072] PartLoader: Compiling Part 'Squad/Parts/Aero/wings/elevon3/elevon3'
[LOG 21:17:13.075] PartLoader: Part 'Squad/Parts/Aero/wings/elevon3/elevon3' has no database record. Creating.
[LOG 21:17:13.075] [DragCubeSystem]: Drag cubes not found or cannot be read for part Part. Generating New drag cubes.
[LOG 21:17:13.075] [KSPCF/DragCubeGeneration] Creating drag cubes for part 'elevon3'
[LOG 21:17:13.099] PartLoader: Compiling Part 'Squad/Parts/Aero/wings/elevon4/smallCtrlSrf'
[LOG 21:17:13.102] PartLoader: Part 'Squad/Parts/Aero/wings/elevon4/smallCtrlSrf' has no database record. Creating.
[LOG 21:17:13.102] [DragCubeSystem]: Drag cubes not found or cannot be read for part Part. Generating New drag cubes.
[LOG 21:17:13.102] [KSPCF/DragCubeGeneration] Creating drag cubes for part 'smallCtrlSrf'
[LOG 21:17:13.123] PartLoader: Compiling Part 'Squad/Parts/Aero/wings/elevon5/elevon5'
[LOG 21:17:13.125] PartLoader: Part 'Squad/Parts/Aero/wings/elevon5/elevon5' has no database record. Creating.
[LOG 21:17:13.125] [DragCubeSystem]: Drag cubes not found or cannot be read for part Part. Generating New drag cubes.
[LOG 21:17:13.125] [KSPCF/DragCubeGeneration] Creating drag cubes for part 'elevon5'
[LOG 21:17:13.146] PartLoader: Compiling Part 'Squad/Parts/Aero/wings/strake/wingStrake'
[LOG 21:17:13.149] PartLoader: Part 'Squad/Parts/Aero/wings/strake/wingStrake' has no database record. Creating.
[LOG 21:17:13.149] [DragCubeSystem]: Drag cubes not found or cannot be read for part Part. Generating New drag cubes.
[LOG 21:17:13.149] [KSPCF/DragCubeGeneration] Creating drag cubes for part 'wingStrake'
[LOG 21:17:13.153] PartLoader: Compiling Part 'Squad/Parts/Aero/wings/structural1/structuralWing'
[LOG 21:17:13.155] PartLoader: Part 'Squad/Parts/Aero/wings/structural1/structuralWing' has no database record. Creating.
[LOG 21:17:13.155] [DragCubeSystem]: Drag cubes not found or cannot be read for part Part. Generating New drag cubes.
[LOG 21:17:13.155] [KSPCF/DragCubeGeneration] Creating drag cubes for part 'structuralWing'
[LOG 21:17:13.160] PartLoader: Compiling Part 'Squad/Parts/Aero/wings/structural2/structuralWing2'
[LOG 21:17:13.161] PartLoader: Part 'Squad/Parts/Aero/wings/structural2/structuralWing2' has no database record. Creating.
[LOG 21:17:13.162] [DragCubeSystem]: Drag cubes not found or cannot be read for part Part. Generating New drag cubes.
[LOG 21:17:13.162] [KSPCF/DragCubeGeneration] Creating drag cubes for part 'structuralWing2'
[LOG 21:17:13.165] PartLoader: Compiling Part 'Squad/Parts/Aero/wings/structural3/structuralWing3'
[LOG 21:17:13.167] PartLoader: Part 'Squad/Parts/Aero/wings/structural3/structuralWing3' has no database record. Creating.
[LOG 21:17:13.167] [DragCubeSystem]: Drag cubes not found or cannot be read for part Part. Generating New drag cubes.
[LOG 21:17:13.167] [KSPCF/DragCubeGeneration] Creating drag cubes for part 'structuralWing3'
[LOG 21:17:13.172] PartLoader: Compiling Part 'Squad/Parts/Aero/wings/structural4/structuralWing4'
[LOG 21:17:13.175] PartLoader: Part 'Squad/Parts/Aero/wings/structural4/structuralWing4' has no database record. Creating.
[LOG 21:17:13.175] [DragCubeSystem]: Drag cubes not found or cannot be read for part Part. Generating New drag cubes.
[LOG 21:17:13.175] [KSPCF/DragCubeGeneration] Creating drag cubes for part 'structuralWing4'
[LOG 21:17:13.180] PartLoader: Compiling Part 'Squad/Parts/Aero/wings/swept1/sweptWing1'
[LOG 21:17:13.183] PartLoader: Part 'Squad/Parts/Aero/wings/swept1/sweptWing1' has no database record. Creating.
[LOG 21:17:13.183] [DragCubeSystem]: Drag cubes not found or cannot be read for part Part. Generating New drag cubes.
[LOG 21:17:13.183] [KSPCF/DragCubeGeneration] Creating drag cubes for part 'sweptWing1'
[LOG 21:17:13.188] PartLoader: Compiling Part 'Squad/Parts/Aero/wings/swept2/sweptWing2'
[LOG 21:17:13.190] PartLoader: Part 'Squad/Parts/Aero/wings/swept2/sweptWing2' has no database record. Creating.
[LOG 21:17:13.190] [DragCubeSystem]: Drag cubes not found or cannot be read for part Part. Generating New drag cubes.
[LOG 21:17:13.190] [KSPCF/DragCubeGeneration] Creating drag cubes for part 'sweptWing2'
[LOG 21:17:13.195] PartLoader: Compiling Part 'Squad/Parts/Cargo/CargoContainers/cargoContainer/cargoContainer'
[WRN 21:17:13.196] [Part]: Cannot have ModuleCargoPart and ModuleInventoryPart on same Part [cargoContainer'. Removed ModuleCargoPart
[LOG 21:17:13.202] PartLoader: Part 'Squad/Parts/Cargo/CargoContainers/cargoContainer/cargoContainer' has no database record. Creating.
[LOG 21:17:13.202] [DragCubeSystem]: Drag cubes not found or cannot be read for part Part. Generating New drag cubes.
[LOG 21:17:13.202] [KSPCF/DragCubeGeneration] Creating drag cubes for part 'cargoContainer'
[LOG 21:17:13.209] PartLoader: Compiling Part 'Squad/Parts/Cargo/CargoContainers/smallCargoContainer/smallCargoContainer'
[WRN 21:17:13.211] [Part]: Cannot have ModuleCargoPart and ModuleInventoryPart on same Part [smallCargoContainer'. Removed ModuleCargoPart
[LOG 21:17:13.212] PartLoader: Part 'Squad/Parts/Cargo/CargoContainers/smallCargoContainer/smallCargoContainer' has no database record. Creating.
[LOG 21:17:13.212] [DragCubeSystem]: Drag cubes not found or cannot be read for part Part. Generating New drag cubes.
[LOG 21:17:13.212] [KSPCF/DragCubeGeneration] Creating drag cubes for part 'smallCargoContainer'
[LOG 21:17:13.217] PartLoader: Compiling Part 'Squad/Parts/Cargo/Cylinder/Cylinder/evaCylinder'
[LOG 21:17:13.219] PartLoader: Part 'Squad/Parts/Cargo/Cylinder/Cylinder/evaCylinder' has no database record. Creating.
[LOG 21:17:13.219] [DragCubeSystem]: Drag cubes not found or cannot be read for part Part. Generating New drag cubes.
[LOG 21:17:13.219] [KSPCF/DragCubeGeneration] Creating drag cubes for part 'evaCylinder'
[LOG 21:17:13.224] PartLoader: Compiling Part 'Squad/Parts/Cargo/GroundAnchor/groundAnchor/groundAnchor'
[LOG 21:17:13.236] PartLoader: Part 'Squad/Parts/Cargo/GroundAnchor/groundAnchor/groundAnchor' has no database record. Creating.
[LOG 21:17:13.236] [DragCubeSystem]: Drag cubes not found or cannot be read for part Part. Generating New drag cubes.
[LOG 21:17:13.236] [KSPCF/DragCubeGeneration] Creating drag cubes for part 'groundAnchor'
[LOG 21:17:13.253] PartLoader: Compiling Part 'Squad/Parts/Cargo/Jetpack/Jetpack/evaJetpack'
[LOG 21:17:13.255] PartLoader: Part 'Squad/Parts/Cargo/Jetpack/Jetpack/evaJetpack' has no database record. Creating.
[LOG 21:17:13.255] [DragCubeSystem]: Drag cubes not found or cannot be read for part Part. Generating New drag cubes.
[LOG 21:17:13.255] [KSPCF/DragCubeGeneration] Creating drag cubes for part 'evaJetpack'
[LOG 21:17:13.261] PartLoader: Compiling Part 'Squad/Parts/Cargo/Parachute/Parachute/evaChute'
[LOG 21:17:13.262] PartLoader: Part 'Squad/Parts/Cargo/Parachute/Parachute/evaChute' has no database record. Creating.
[LOG 21:17:13.262] [DragCubeSystem]: Drag cubes not found or cannot be read for part Part. Generating New drag cubes.
[LOG 21:17:13.262] [KSPCF/DragCubeGeneration] Creating drag cubes for part 'evaChute'
[LOG 21:17:13.266] PartLoader: Compiling Part 'Squad/Parts/Cargo/RepairKit/RepairKit/evaRepairKit'
[LOG 21:17:13.268] PartLoader: Part 'Squad/Parts/Cargo/RepairKit/RepairKit/evaRepairKit' has no database record. Creating.
[LOG 21:17:13.268] [DragCubeSystem]: Drag cubes not found or cannot be read for part Part. Generating New drag cubes.
[LOG 21:17:13.268] [KSPCF/DragCubeGeneration] Creating drag cubes for part 'evaRepairKit'
[LOG 21:17:13.274] PartLoader: Compiling Part 'Squad/Parts/Cargo/ScienceKit/evaScienceKit/evaScienceKit'
[LOG 21:17:13.275] PartLoader: Part 'Squad/Parts/Cargo/ScienceKit/evaScienceKit/evaScienceKit' has no database record. Creating.
[LOG 21:17:13.275] [DragCubeSystem]: Drag cubes not found or cannot be read for part Part. Generating New drag cubes.
[LOG 21:17:13.275] [KSPCF/DragCubeGeneration] Creating drag cubes for part 'evaScienceKit'
[LOG 21:17:13.283] PartLoader: Compiling Part 'Squad/Parts/Cargo/StorageUnits/CargoStorageUnit/CargoStorageUnit'
[WRN 21:17:13.287] [Part]: Cannot have ModuleCargoPart and ModuleInventoryPart on same Part [CargoStorageUnit'. Removed ModuleCargoPart
[LOG 21:17:13.287] PartLoader: Part 'Squad/Parts/Cargo/StorageUnits/CargoStorageUnit/CargoStorageUnit' has no database record. Creating.
[LOG 21:17:13.287] [DragCubeSystem]: Drag cubes not found or cannot be read for part Part. Generating New drag cubes.
[LOG 21:17:13.287] [KSPCF/DragCubeGeneration] Creating drag cubes for part 'CargoStorageUnit'
[LOG 21:17:13.293] PartLoader: Compiling Part 'Squad/Parts/Cargo/StorageUnits/ConformalStorageUnit/ConformalStorageUnit'
[WRN 21:17:13.295] [Part]: Cannot have ModuleCargoPart and ModuleInventoryPart on same Part [ConformalStorageUnit'. Removed ModuleCargoPart
[LOG 21:17:13.295] PartLoader: Part 'Squad/Parts/Cargo/StorageUnits/ConformalStorageUnit/ConformalStorageUnit' has no database record. Creating.
[LOG 21:17:13.295] [DragCubeSystem]: Drag cubes not found or cannot be read for part Part. Generating New drag cubes.
[LOG 21:17:13.295] [KSPCF/DragCubeGeneration] Creating drag cubes for part 'ConformalStorageUnit'
[LOG 21:17:13.301] PartLoader: Compiling Part 'Squad/Parts/Command/advancedSasModuleLarge/advSasModuleLarge/asasmodule1-2'
[LOG 21:17:13.305] PartLoader: Part 'Squad/Parts/Command/advancedSasModuleLarge/advSasModuleLarge/asasmodule1-2' has no database record. Creating.
[LOG 21:17:13.306] PartLoader: Compiling Part 'Squad/Parts/Command/cupola/cupola/cupola'
[LOG 21:17:13.323] PartLoader: Part 'Squad/Parts/Command/cupola/cupola/cupola' has no database record. Creating.
[LOG 21:17:13.323] [DragCubeSystem]: Drag cubes not found or cannot be read for part Part. Generating New drag cubes.
[LOG 21:17:13.323] [KSPCF/DragCubeGeneration] Creating drag cubes for part 'cupola'
[LOG 21:17:13.333] PartLoader: Compiling Part 'Squad/Parts/Command/externalCommandSeat/externalCommandSeat/seatExternalCmd'
[LOG 21:17:13.337] PartLoader: Part 'Squad/Parts/Command/externalCommandSeat/externalCommandSeat/seatExternalCmd' has no database record. Creating.
[LOG 21:17:13.337] [DragCubeSystem]: Drag cubes not found or cannot be read for part Part. Generating New drag cubes.
[LOG 21:17:13.337] [KSPCF/DragCubeGeneration] Creating drag cubes for part 'seatExternalCmd'
[LOG 21:17:13.343] PartLoader: Compiling Part 'Squad/Parts/Command/hitchhikerStorageContainer/hitchikerStorageContainer/crewCabin'
[LOG 21:17:13.347] PartLoader: Part 'Squad/Parts/Command/hitchhikerStorageContainer/hitchikerStorageContainer/crewCabin' has no database record. Creating.
[LOG 21:17:13.347] [DragCubeSystem]: Drag cubes not found or cannot be read for part Part. Generating New drag cubes.
[LOG 21:17:13.347] [KSPCF/DragCubeGeneration] Creating drag cubes for part 'crewCabin'
[LOG 21:17:13.353] PartLoader: Compiling Part 'Squad/Parts/Command/inlineAdvancedStabilizer/inlineAdvancedStabilizer/advSasModule'
[LOG 21:17:13.355] PartLoader: Part 'Squad/Parts/Command/inlineAdvancedStabilizer/inlineAdvancedStabilizer/advSasModule' has no database record. Creating.
[LOG 21:17:13.355] [DragCubeSystem]: Drag cubes not found or cannot be read for part Part. Generating New drag cubes.
[LOG 21:17:13.355] [KSPCF/DragCubeGeneration] Creating drag cubes for part 'advSasModule'
[LOG 21:17:13.365] PartLoader: Compiling Part 'Squad/Parts/Command/inlineReactionWheel/inlineReactionWheel/sasModule'
[LOG 21:17:13.367] PartLoader: Part 'Squad/Parts/Command/inlineReactionWheel/inlineReactionWheel/sasModule' has no database record. Creating.
[LOG 21:17:13.367] [DragCubeSystem]: Drag cubes not found or cannot be read for part Part. Generating New drag cubes.
[LOG 21:17:13.367] [KSPCF/DragCubeGeneration] Creating drag cubes for part 'sasModule'
[LOG 21:17:13.373] PartLoader: Compiling Part 'Squad/Parts/Command/Mk1-3Pod/mk1-3/mk1-3pod'
[LOG 21:17:13.388] PartLoader: Part 'Squad/Parts/Command/Mk1-3Pod/mk1-3/mk1-3pod' has no database record. Creating.
[LOG 21:17:13.388] [DragCubeSystem]: Drag cubes not found or cannot be read for part Part. Generating New drag cubes.
[LOG 21:17:13.388] [KSPCF/DragCubeGeneration] Creating drag cubes for part 'mk1-3pod'
[LOG 21:17:13.395] PartLoader: Compiling Part 'Squad/Parts/Command/mk1Cockpits/mk1Cockpit/Mark1Cockpit'
[WRN 21:17:13.397] [Part]: Cannot have ModuleCargoPart and ModuleInventoryPart on same Part [Mark1Cockpit'. Removed ModuleCargoPart
[LOG 21:17:13.400] PartLoader: Part 'Squad/Parts/Command/mk1Cockpits/mk1Cockpit/Mark1Cockpit' has no database record. Creating.
[LOG 21:17:13.400] [DragCubeSystem]: Drag cubes not found or cannot be read for part Part. Generating New drag cubes.
[LOG 21:17:13.400] [KSPCF/DragCubeGeneration] Creating drag cubes for part 'Mark1Cockpit'
[LOG 21:17:13.410] PartLoader: Compiling Part 'Squad/Parts/Command/mk1Cockpits/mk1CrewCabin/MK1CrewCabin'
[WRN 21:17:13.412] [Part]: Cannot have ModuleCargoPart and ModuleInventoryPart on same Part [MK1CrewCabin'. Removed ModuleCargoPart
[LOG 21:17:13.414] PartLoader: Part 'Squad/Parts/Command/mk1Cockpits/mk1CrewCabin/MK1CrewCabin' has no database record. Creating.
[LOG 21:17:13.414] [DragCubeSystem]: Drag cubes not found or cannot be read for part Part. Generating New drag cubes.
[LOG 21:17:13.414] [KSPCF/DragCubeGeneration] Creating drag cubes for part 'MK1CrewCabin'
[LOG 21:17:13.421] PartLoader: Compiling Part 'Squad/Parts/Command/mk1Cockpits/mk1InlineCockpit/Mark2Cockpit'
[WRN 21:17:13.423] [Part]: Cannot have ModuleCargoPart and ModuleInventoryPart on same Part [Mark2Cockpit'. Removed ModuleCargoPart
[LOG 21:17:13.425] PartLoader: Part 'Squad/Parts/Command/mk1Cockpits/mk1InlineCockpit/Mark2Cockpit' has no database record. Creating.
[LOG 21:17:13.425] [DragCubeSystem]: Drag cubes not found or cannot be read for part Part. Generating New drag cubes.
[LOG 21:17:13.425] [KSPCF/DragCubeGeneration] Creating drag cubes for part 'Mark2Cockpit'
[LOG 21:17:13.432] PartLoader: Compiling Part 'Squad/Parts/Command/mk1LanderCan/mk1LanderCan/landerCabinSmall'
[WRN 21:17:13.435] [Part]: Cannot have ModuleCargoPart and ModuleInventoryPart on same Part [landerCabinSmall'. Removed ModuleCargoPart
[LOG 21:17:13.440] PartLoader: Part 'Squad/Parts/Command/mk1LanderCan/mk1LanderCan/landerCabinSmall' has no database record. Creating.
[LOG 21:17:13.440] [DragCubeSystem]: Drag cubes not found or cannot be read for part Part. Generating New drag cubes.
[LOG 21:17:13.440] [KSPCF/DragCubeGeneration] Creating drag cubes for part 'landerCabinSmall'
[LOG 21:17:13.449] PartLoader: Compiling Part 'Squad/Parts/Command/mk1pod_v2/mk1Pod_v2/mk1pod_v2'
[WRN 21:17:13.453] [Part]: Cannot have ModuleCargoPart and ModuleInventoryPart on same Part [mk1pod.v2'. Removed ModuleCargoPart
[LOG 21:17:13.457] PartLoader: Part 'Squad/Parts/Command/mk1pod_v2/mk1Pod_v2/mk1pod_v2' has no database record. Creating.
[LOG 21:17:13.457] [DragCubeSystem]: Drag cubes not found or cannot be read for part Part. Generating New drag cubes.
[LOG 21:17:13.457] [KSPCF/DragCubeGeneration] Creating drag cubes for part 'mk1pod.v2'
[LOG 21:17:13.465] PartLoader: Compiling Part 'Squad/Parts/Command/mk2CockpitInline/mk2CockpitInline/mk2Cockpit_Inline'
[WRN 21:17:13.469] [Part]: Cannot have ModuleCargoPart and ModuleInventoryPart on same Part [mk2Cockpit.Inline'. Removed ModuleCargoPart
[LOG 21:17:13.477] PartLoader: Part 'Squad/Parts/Command/mk2CockpitInline/mk2CockpitInline/mk2Cockpit_Inline' has no database record. Creating.
[LOG 21:17:13.477] [DragCubeSystem]: Drag cubes not found or cannot be read for part Part. Generating New drag cubes.
[LOG 21:17:13.477] [KSPCF/DragCubeGeneration] Creating drag cubes for part 'mk2Cockpit.Inline'
[LOG 21:17:13.487] PartLoader: Compiling Part 'Squad/Parts/Command/mk2CockpitStandard/mk2CockpitStandard/mk2Cockpit_Standard'
[WRN 21:17:13.491] [Part]: Cannot have ModuleCargoPart and ModuleInventoryPart on same Part [mk2Cockpit.Standard'. Removed ModuleCargoPart
[LOG 21:17:13.495] PartLoader: Part 'Squad/Parts/Command/mk2CockpitStandard/mk2CockpitStandard/mk2Cockpit_Standard' has no database record. Creating.
[LOG 21:17:13.495] [DragCubeSystem]: Drag cubes not found or cannot be read for part Part. Generating New drag cubes.
[LOG 21:17:13.495] [KSPCF/DragCubeGeneration] Creating drag cubes for part 'mk2Cockpit.Standard'
[LOG 21:17:13.502] PartLoader: Compiling Part 'Squad/Parts/Command/mk2DroneCore/mk2Dronecore/mk2DroneCore'
[LOG 21:17:13.507] PartLoader: Part 'Squad/Parts/Command/mk2DroneCore/mk2Dronecore/mk2DroneCore' has no database record. Creating.
[LOG 21:17:13.508] PartLoader: Compiling Part 'Squad/Parts/Command/mk2LanderCan/mk2LanderCan/mk2LanderCabin'
[WRN 21:17:13.511] [Part]: Cannot have ModuleCargoPart and ModuleInventoryPart on same Part [mk2LanderCabin'. Removed ModuleCargoPart
[LOG 21:17:13.521] PartLoader: Part 'Squad/Parts/Command/mk2LanderCan/mk2LanderCan/mk2LanderCabin' has no database record. Creating.
[LOG 21:17:13.521] [DragCubeSystem]: Drag cubes not found or cannot be read for part Part. Generating New drag cubes.
[LOG 21:17:13.521] [KSPCF/DragCubeGeneration] Creating drag cubes for part 'mk2LanderCabin'
[LOG 21:17:13.530] PartLoader: Compiling Part 'Squad/Parts/Command/mk2LanderCan_v2/mk2LanderCan_v2/mk2LanderCabin_v2'
[WRN 21:17:13.533] [Part]: Cannot have ModuleCargoPart and ModuleInventoryPart on same Part [mk2LanderCabin.v2'. Removed ModuleCargoPart
[LOG 21:17:13.535] PartLoader: Part 'Squad/Parts/Command/mk2LanderCan_v2/mk2LanderCan_v2/mk2LanderCabin_v2' has no database record. Creating.
[LOG 21:17:13.535] [DragCubeSystem]: Drag cubes not found or cannot be read for part Part. Generating New drag cubes.
[LOG 21:17:13.535] [KSPCF/DragCubeGeneration] Creating drag cubes for part 'mk2LanderCabin.v2'
[LOG 21:17:13.543] PartLoader: Compiling Part 'Squad/Parts/Command/mk3CockpitShuttle/mk3CockpitShuttle/mk3Cockpit_Shuttle'
[LOG 21:17:13.548] PartLoader: Part 'Squad/Parts/Command/mk3CockpitShuttle/mk3CockpitShuttle/mk3Cockpit_Shuttle' has no database record. Creating.
[LOG 21:17:13.548] [DragCubeSystem]: Drag cubes not found or cannot be read for part Part. Generating New drag cubes.
[LOG 21:17:13.548] [KSPCF/DragCubeGeneration] Creating drag cubes for part 'mk3Cockpit.Shuttle'
[LOG 21:17:13.556] PartLoader: Compiling Part 'Squad/Parts/Command/MpoProbe/MpoProbe/MpoProbe'
[LOG 21:17:13.560] PartLoader: Part 'Squad/Parts/Command/MpoProbe/MpoProbe/MpoProbe' has no database record. Creating.
[LOG 21:17:13.560] [DragCubeSystem]: Drag cubes not found or cannot be read for part Part. Generating New drag cubes.
[LOG 21:17:13.560] [KSPCF/DragCubeGeneration] Creating drag cubes for part 'MpoProbe'
[LOG 21:17:13.566] PartLoader: Compiling Part 'Squad/Parts/Command/MtmStage/MTM_Stage/MtmStage'
[LOG 21:17:13.570] PartLoader: Part 'Squad/Parts/Command/MtmStage/MTM_Stage/MtmStage' has no database record. Creating.
[LOG 21:17:13.570] [DragCubeSystem]: Drag cubes not found or cannot be read for part Part. Generating New drag cubes.
[LOG 21:17:13.570] [KSPCF/DragCubeGeneration] Creating drag cubes for part 'MtmStage'
[LOG 21:17:13.578] PartLoader: Compiling Part 'Squad/Parts/Command/probeCoreCube/probeCoreCube/probeCoreCube'
[LOG 21:17:13.582] PartLoader: Part 'Squad/Parts/Command/probeCoreCube/probeCoreCube/probeCoreCube' has no database record. Creating.
[LOG 21:17:13.583] PartLoader: Compiling Part 'Squad/Parts/Command/probeCoreHex/probeCoreHex/probeCoreHex'
[LOG 21:17:13.587] PartLoader: Part 'Squad/Parts/Command/probeCoreHex/probeCoreHex/probeCoreHex' has no database record. Creating.
[LOG 21:17:13.587] [DragCubeSystem]: Drag cubes not found or cannot be read for part Part. Generating New drag cubes.
[LOG 21:17:13.587] [KSPCF/DragCubeGeneration] Creating drag cubes for part 'probeCoreHex'
[LOG 21:17:13.595] PartLoader: Compiling Part 'Squad/Parts/Command/probeCoreHex_v2/probeCoreHex_v2/probeCoreHex_v2'
[LOG 21:17:13.601] PartLoader: Part 'Squad/Parts/Command/probeCoreHex_v2/probeCoreHex_v2/probeCoreHex_v2' has no database record. Creating.
[LOG 21:17:13.601] [DragCubeSystem]: Drag cubes not found or cannot be read for part Part. Generating New drag cubes.
[LOG 21:17:13.601] [KSPCF/DragCubeGeneration] Creating drag cubes for part 'probeCoreHex.v2'
[LOG 21:17:13.609] PartLoader: Compiling Part 'Squad/Parts/Command/probeCoreOcto2_v2/probeCoreOcto2_v2/probeCoreOcto2_v2'
[LOG 21:17:13.613] PartLoader: Part 'Squad/Parts/Command/probeCoreOcto2_v2/probeCoreOcto2_v2/probeCoreOcto2_v2' has no database record. Creating.
[LOG 21:17:13.613] [DragCubeSystem]: Drag cubes not found or cannot be read for part Part. Generating New drag cubes.
[LOG 21:17:13.613] [KSPCF/DragCubeGeneration] Creating drag cubes for part 'probeCoreOcto2.v2'
[LOG 21:17:13.619] PartLoader: Compiling Part 'Squad/Parts/Command/probeCoreOcto_v2/probeCoreOcto_v2/probeCoreOcto_v2'
[LOG 21:17:13.623] PartLoader: Part 'Squad/Parts/Command/probeCoreOcto_v2/probeCoreOcto_v2/probeCoreOcto_v2' has no database record. Creating.
[LOG 21:17:13.624] [DragCubeSystem]: Drag cubes not found or cannot be read for part Part. Generating New drag cubes.
[LOG 21:17:13.624] [KSPCF/DragCubeGeneration] Creating drag cubes for part 'probeCoreOcto.v2'
[LOG 21:17:13.632] PartLoader: Compiling Part 'Squad/Parts/Command/probeRoverBody/probeRoverBody/roverBody'
[LOG 21:17:13.635] PartLoader: Part 'Squad/Parts/Command/probeRoverBody/probeRoverBody/roverBody' has no database record. Creating.
[LOG 21:17:13.635] [DragCubeSystem]: Drag cubes not found or cannot be read for part Part. Generating New drag cubes.
[LOG 21:17:13.635] [KSPCF/DragCubeGeneration] Creating drag cubes for part 'roverBody'
[LOG 21:17:13.642] PartLoader: Compiling Part 'Squad/Parts/Command/probeRoverBody_v2/probeRoverBody_v2/roverBody_v2'
[LOG 21:17:13.646] PartLoader: Part 'Squad/Parts/Command/probeRoverBody_v2/probeRoverBody_v2/roverBody_v2' has no database record. Creating.
[LOG 21:17:13.646] [DragCubeSystem]: Drag cubes not found or cannot be read for part Part. Generating New drag cubes.
[LOG 21:17:13.646] [KSPCF/DragCubeGeneration] Creating drag cubes for part 'roverBody.v2'
[LOG 21:17:13.671] PartLoader: Compiling Part 'Squad/Parts/Command/probeStackLarge/probeStackLarge/probeStackLarge'
[LOG 21:17:13.676] PartLoader: Part 'Squad/Parts/Command/probeStackLarge/probeStackLarge/probeStackLarge' has no database record. Creating.
[LOG 21:17:13.676] [DragCubeSystem]: Drag cubes not found or cannot be read for part Part. Generating New drag cubes.
[LOG 21:17:13.676] [KSPCF/DragCubeGeneration] Creating drag cubes for part 'probeStackLarge'
[LOG 21:17:13.681] PartLoader: Compiling Part 'Squad/Parts/Command/probeStackSmall/probeStackSmall/probeStackSmall'
[LOG 21:17:13.685] PartLoader: Part 'Squad/Parts/Command/probeStackSmall/probeStackSmall/probeStackSmall' has no database record. Creating.
[LOG 21:17:13.685] [DragCubeSystem]: Drag cubes not found or cannot be read for part Part. Generating New drag cubes.
[LOG 21:17:13.685] [KSPCF/DragCubeGeneration] Creating drag cubes for part 'probeStackSmall'
[LOG 21:17:13.693] PartLoader: Compiling Part 'Squad/Parts/Command/probeStackSphere_v2/probeStackSphere_v2/probeCoreSphere_v2'
[LOG 21:17:13.696] PartLoader: Part 'Squad/Parts/Command/probeStackSphere_v2/probeStackSphere_v2/probeCoreSphere_v2' has no database record. Creating.
[LOG 21:17:13.696] PartLoader: Compiling Part 'Squad/Parts/CompoundParts/FuelLine/fuelLine/fuelLine'
[LOG 21:17:13.710] PartLoader: Part 'Squad/Parts/CompoundParts/FuelLine/fuelLine/fuelLine' has no database record. Creating.
[LOG 21:17:13.710] [DragCubeSystem]: Drag cubes not found or cannot be read for part CompoundPart. Generating New drag cubes.
[LOG 21:17:13.710] [KSPCF/DragCubeGeneration] Creating drag cubes for part 'fuelLine'
[LOG 21:17:13.721] PartLoader: Compiling Part 'Squad/Parts/CompoundParts/strutConnector/strutConnector/strutConnector'
[LOG 21:17:13.726] PartLoader: Part 'Squad/Parts/CompoundParts/strutConnector/strutConnector/strutConnector' has no database record. Creating.
[LOG 21:17:13.726] [DragCubeSystem]: Drag cubes not found or cannot be read for part CompoundPart. Generating New drag cubes.
[LOG 21:17:13.727] [KSPCF/DragCubeGeneration] Creating drag cubes for part 'strutConnector'
[LOG 21:17:13.734] PartLoader: Compiling Part 'Squad/Parts/Coupling/Decoupler_0/Decoupler_0'
[LOG 21:17:13.739] PartLoader: Part 'Squad/Parts/Coupling/Decoupler_0/Decoupler_0' has no database record. Creating.
[LOG 21:17:13.740] PartLoader: Compiling Part 'Squad/Parts/Coupling/Decoupler_1/Decoupler_1'
[LOG 21:17:13.744] PartLoader: Part 'Squad/Parts/Coupling/Decoupler_1/Decoupler_1' has no database record. Creating.
[LOG 21:17:13.744] PartLoader: Compiling Part 'Squad/Parts/Coupling/Decoupler_2/Decoupler_2'
[LOG 21:17:13.748] PartLoader: Part 'Squad/Parts/Coupling/Decoupler_2/Decoupler_2' has no database record. Creating.
[LOG 21:17:13.748] PartLoader: Compiling Part 'Squad/Parts/Coupling/Decoupler_3/Decoupler_3'
[LOG 21:17:13.751] PartLoader: Part 'Squad/Parts/Coupling/Decoupler_3/Decoupler_3' has no database record. Creating.
[LOG 21:17:13.751] PartLoader: Compiling Part 'Squad/Parts/Coupling/Separator_0/Separator_0'
[LOG 21:17:13.754] PartLoader: Part 'Squad/Parts/Coupling/Separator_0/Separator_0' has no database record. Creating.
[LOG 21:17:13.755] PartLoader: Compiling Part 'Squad/Parts/Coupling/Separator_1/Separator_1'
[LOG 21:17:13.758] PartLoader: Part 'Squad/Parts/Coupling/Separator_1/Separator_1' has no database record. Creating.
[LOG 21:17:13.758] PartLoader: Compiling Part 'Squad/Parts/Coupling/Separator_2/Separator_2'
[LOG 21:17:13.762] PartLoader: Part 'Squad/Parts/Coupling/Separator_2/Separator_2' has no database record. Creating.
[LOG 21:17:13.762] PartLoader: Compiling Part 'Squad/Parts/Coupling/Separator_3/Separator_3'
[LOG 21:17:13.765] PartLoader: Part 'Squad/Parts/Coupling/Separator_3/Separator_3' has no database record. Creating.
[LOG 21:17:13.765] PartLoader: Compiling Part 'Squad/Parts/Electrical/10CSolarPanels/OX-10C/solarPanelOX10C'
[LOG 21:17:13.771] PartLoader: Part 'Squad/Parts/Electrical/10CSolarPanels/OX-10C/solarPanelOX10C' has no database record. Creating.
[LOG 21:17:13.771] [DragCubeSystem]: Drag cubes not found or cannot be read for part Part. Generating New drag cubes.
[LOG 21:17:13.771] [KSPCF/DragCubeGeneration] Creating drag cubes for part 'solarPanelOX10C'
[LOG 21:17:13.799] PartLoader: Compiling Part 'Squad/Parts/Electrical/10CSolarPanels/SP-10C/solarPanelSP10C'
[LOG 21:17:13.802] PartLoader: Part 'Squad/Parts/Electrical/10CSolarPanels/SP-10C/solarPanelSP10C' has no database record. Creating.
[LOG 21:17:13.802] [DragCubeSystem]: Drag cubes not found or cannot be read for part Part. Generating New drag cubes.
[LOG 21:17:13.802] [KSPCF/DragCubeGeneration] Creating drag cubes for part 'solarPanelSP10C'
[LOG 21:17:13.827] PartLoader: Compiling Part 'Squad/Parts/Electrical/10LSolarPanels/OX-10L/solarPanelOX10L'
[LOG 21:17:13.832] PartLoader: Part 'Squad/Parts/Electrical/10LSolarPanels/OX-10L/solarPanelOX10L' has no database record. Creating.
[LOG 21:17:13.832] [DragCubeSystem]: Drag cubes not found or cannot be read for part Part. Generating New drag cubes.
[LOG 21:17:13.832] [KSPCF/DragCubeGeneration] Creating drag cubes for part 'solarPanelOX10L'
[LOG 21:17:13.878] PartLoader: Compiling Part 'Squad/Parts/Electrical/10LSolarPanels/SP-10L/solarPanelSP10L'
[LOG 21:17:13.881] PartLoader: Part 'Squad/Parts/Electrical/10LSolarPanels/SP-10L/solarPanelSP10L' has no database record. Creating.
[LOG 21:17:13.882] [DragCubeSystem]: Drag cubes not found or cannot be read for part Part. Generating New drag cubes.
[LOG 21:17:13.882] [KSPCF/DragCubeGeneration] Creating drag cubes for part 'solarPanelSP10L'
[LOG 21:17:13.903] PartLoader: Compiling Part 'Squad/Parts/Electrical/1x6ShroudSolarPanels/1x6ShroudSolarPanels/solarPanels2'
[LOG 21:17:13.905] PartLoader: Part 'Squad/Parts/Electrical/1x6ShroudSolarPanels/1x6ShroudSolarPanels/solarPanels2' has no database record. Creating.
[LOG 21:17:13.905] [DragCubeSystem]: Drag cubes not found or cannot be read for part Part. Generating New drag cubes.
[LOG 21:17:13.905] [KSPCF/DragCubeGeneration] Creating drag cubes for part 'solarPanels2'
[LOG 21:17:13.928] PartLoader: Compiling Part 'Squad/Parts/Electrical/1x6SolarPanels/1x6SolarPanels/solarPanels4'
[LOG 21:17:13.931] PartLoader: Part 'Squad/Parts/Electrical/1x6SolarPanels/1x6SolarPanels/solarPanels4' has no database record. Creating.
[LOG 21:17:13.931] [DragCubeSystem]: Drag cubes not found or cannot be read for part Part. Generating New drag cubes.
[LOG 21:17:13.931] [KSPCF/DragCubeGeneration] Creating drag cubes for part 'solarPanels4'
[LOG 21:17:13.953] PartLoader: Compiling Part 'Squad/Parts/Electrical/3x2ShroudSolarPanels/3x2ShroudSolarPanels/solarPanels1'
[LOG 21:17:13.955] PartLoader: Part 'Squad/Parts/Electrical/3x2ShroudSolarPanels/3x2ShroudSolarPanels/solarPanels1' has no database record. Creating.
[LOG 21:17:13.955] [DragCubeSystem]: Drag cubes not found or cannot be read for part Part. Generating New drag cubes.
[LOG 21:17:13.955] [KSPCF/DragCubeGeneration] Creating drag cubes for part 'solarPanels1'
[LOG 21:17:13.978] PartLoader: Compiling Part 'Squad/Parts/Electrical/3x2SolarPanels/3x2SolarPanels/solarPanels3'
[LOG 21:17:13.982] PartLoader: Part 'Squad/Parts/Electrical/3x2SolarPanels/3x2SolarPanels/solarPanels3' has no database record. Creating.
[LOG 21:17:13.982] [DragCubeSystem]: Drag cubes not found or cannot be read for part Part. Generating New drag cubes.
[LOG 21:17:13.982] [KSPCF/DragCubeGeneration] Creating drag cubes for part 'solarPanels3'
[LOG 21:17:14.006] PartLoader: Compiling Part 'Squad/Parts/Electrical/gigantorXlSolarArray/gigantorXlSolarArray/largeSolarPanel'
[LOG 21:17:14.010] PartLoader: Part 'Squad/Parts/Electrical/gigantorXlSolarArray/gigantorXlSolarArray/largeSolarPanel' has no database record. Creating.
[LOG 21:17:14.010] [DragCubeSystem]: Drag cubes not found or cannot be read for part Part. Generating New drag cubes.
[LOG 21:17:14.010] [KSPCF/DragCubeGeneration] Creating drag cubes for part 'largeSolarPanel'
[LOG 21:17:14.032] PartLoader: Compiling Part 'Squad/Parts/Electrical/radialFlatSolarPanel/radialFlatSolarPanel/solarPanels5'
[LOG 21:17:14.034] PartLoader: Part 'Squad/Parts/Electrical/radialFlatSolarPanel/radialFlatSolarPanel/solarPanels5' has no database record. Creating.
[LOG 21:17:14.035] [DragCubeSystem]: Drag cubes not found or cannot be read for part Part. Generating New drag cubes.
[LOG 21:17:14.035] [KSPCF/DragCubeGeneration] Creating drag cubes for part 'solarPanels5'
[LOG 21:17:14.043] PartLoader: Compiling Part 'Squad/Parts/Electrical/RTG/RTG/rtg'
[LOG 21:17:14.050] PartLoader: Part 'Squad/Parts/Electrical/RTG/RTG/rtg' has no database record. Creating.
[LOG 21:17:14.050] [DragCubeSystem]: Drag cubes not found or cannot be read for part Part. Generating New drag cubes.
[LOG 21:17:14.050] [KSPCF/DragCubeGeneration] Creating drag cubes for part 'rtg'
[LOG 21:17:14.058] PartLoader: Compiling Part 'Squad/Parts/Electrical/z-100Battery/z-100Battery/batteryPack'
[LOG 21:17:14.061] PartLoader: Part 'Squad/Parts/Electrical/z-100Battery/z-100Battery/batteryPack' has no database record. Creating.
[LOG 21:17:14.061] [DragCubeSystem]: Drag cubes not found or cannot be read for part Part. Generating New drag cubes.
[LOG 21:17:14.061] [KSPCF/DragCubeGeneration] Creating drag cubes for part 'batteryPack'
[LOG 21:17:14.066] PartLoader: Compiling Part 'Squad/Parts/Electrical/z-1kBattery/z-1kBattery/batteryBank'
[LOG 21:17:14.067] PartLoader: Part 'Squad/Parts/Electrical/z-1kBattery/z-1kBattery/batteryBank' has no database record. Creating.
[LOG 21:17:14.067] [DragCubeSystem]: Drag cubes not found or cannot be read for part Part. Generating New drag cubes.
[LOG 21:17:14.067] [KSPCF/DragCubeGeneration] Creating drag cubes for part 'batteryBank'
[LOG 21:17:14.074] PartLoader: Compiling Part 'Squad/Parts/Electrical/z-200Battery/z-200Battery/batteryBankMini'
[LOG 21:17:14.075] PartLoader: Part 'Squad/Parts/Electrical/z-200Battery/z-200Battery/batteryBankMini' has no database record. Creating.
[LOG 21:17:14.075] [DragCubeSystem]: Drag cubes not found or cannot be read for part Part. Generating New drag cubes.
[LOG 21:17:14.075] [KSPCF/DragCubeGeneration] Creating drag cubes for part 'batteryBankMini'
[LOG 21:17:14.082] PartLoader: Compiling Part 'Squad/Parts/Electrical/z-400Battery/z-400Battery/ksp_r_largeBatteryPack'
[LOG 21:17:14.083] PartLoader: Part 'Squad/Parts/Electrical/z-400Battery/z-400Battery/ksp_r_largeBatteryPack' has no database record. Creating.
[LOG 21:17:14.083] [DragCubeSystem]: Drag cubes not found or cannot be read for part Part. Generating New drag cubes.
[LOG 21:17:14.083] [KSPCF/DragCubeGeneration] Creating drag cubes for part 'ksp.r.largeBatteryPack'
[LOG 21:17:14.088] PartLoader: Compiling Part 'Squad/Parts/Electrical/z-4kBattery/z-4kBattery/batteryBankLarge'
[LOG 21:17:14.090] PartLoader: Part 'Squad/Parts/Electrical/z-4kBattery/z-4kBattery/batteryBankLarge' has no database record. Creating.
[LOG 21:17:14.091] [DragCubeSystem]: Drag cubes not found or cannot be read for part Part. Generating New drag cubes.
[LOG 21:17:14.091] [KSPCF/DragCubeGeneration] Creating drag cubes for part 'batteryBankLarge'
[LOG 21:17:14.096] PartLoader: Compiling Part 'Squad/Parts/Engine/ionEngine/ionEngine/ionEngine'
[LOG 21:17:14.105] PartLoader: Part 'Squad/Parts/Engine/ionEngine/ionEngine/ionEngine' has no database record. Creating.
[LOG 21:17:14.105] [DragCubeSystem]: Drag cubes not found or cannot be read for part Part. Generating New drag cubes.
[LOG 21:17:14.105] [KSPCF/DragCubeGeneration] Creating drag cubes for part 'ionEngine'
[LOG 21:17:14.118] PartLoader: Compiling Part 'Squad/Parts/Engine/jetEngines/jetEngineAfterburning/turboJet'
[LOG 21:17:14.140] PartLoader: Part 'Squad/Parts/Engine/jetEngines/jetEngineAfterburning/turboJet' has no database record. Creating.
[LOG 21:17:14.140] [DragCubeSystem]: Drag cubes not found or cannot be read for part Part. Generating New drag cubes.
[LOG 21:17:14.140] [KSPCF/DragCubeGeneration] Creating drag cubes for part 'turboJet'
[LOG 21:17:14.150] PartLoader: Compiling Part 'Squad/Parts/Engine/jetEngines/jetEngineBasic/JetEngine'
[LOG 21:17:14.156] PartLoader: Part 'Squad/Parts/Engine/jetEngines/jetEngineBasic/JetEngine' has no database record. Creating.
[LOG 21:17:14.156] [DragCubeSystem]: Drag cubes not found or cannot be read for part Part. Generating New drag cubes.
[LOG 21:17:14.156] [KSPCF/DragCubeGeneration] Creating drag cubes for part 'JetEngine'
[LOG 21:17:14.174] PartLoader: Compiling Part 'Squad/Parts/Engine/jetEngines/jetEngineBig/turboFanSize2'
[LOG 21:17:14.180] PartLoader: Part 'Squad/Parts/Engine/jetEngines/jetEngineBig/turboFanSize2' has no database record. Creating.
[LOG 21:17:14.180] [DragCubeSystem]: Drag cubes not found or cannot be read for part Part. Generating New drag cubes.
[LOG 21:17:14.181] [KSPCF/DragCubeGeneration] Creating drag cubes for part 'turboFanSize2'
[LOG 21:17:14.197] PartLoader: Compiling Part 'Squad/Parts/Engine/jetEngines/jetEngineTurbo/turboFanEngine'
[LOG 21:17:14.203] PartLoader: Part 'Squad/Parts/Engine/jetEngines/jetEngineTurbo/turboFanEngine' has no database record. Creating.
[LOG 21:17:14.203] [DragCubeSystem]: Drag cubes not found or cannot be read for part Part. Generating New drag cubes.
[LOG 21:17:14.203] [KSPCF/DragCubeGeneration] Creating drag cubes for part 'turboFanEngine'
[LOG 21:17:14.211] PartLoader: Compiling Part 'Squad/Parts/Engine/liquidEngine24-77/liquidEngine24-77/smallRadialEngine'
[LOG 21:17:14.215] PartLoader: Part 'Squad/Parts/Engine/liquidEngine24-77/liquidEngine24-77/smallRadialEngine' has no database record. Creating.
[LOG 21:17:14.215] [DragCubeSystem]: Drag cubes not found or cannot be read for part Part. Generating New drag cubes.
[LOG 21:17:14.215] [KSPCF/DragCubeGeneration] Creating drag cubes for part 'smallRadialEngine'
[LOG 21:17:14.221] PartLoader: Compiling Part 'Squad/Parts/Engine/liquidEngine24-77_v2/liquidEngine24-77_v2/smallRadialEngine_v2'
[LOG 21:17:14.227] PartLoader: Part 'Squad/Parts/Engine/liquidEngine24-77_v2/liquidEngine24-77_v2/smallRadialEngine_v2' has no database record. Creating.
[LOG 21:17:14.227] [DragCubeSystem]: Drag cubes not found or cannot be read for part Part. Generating New drag cubes.
[LOG 21:17:14.227] [KSPCF/DragCubeGeneration] Creating drag cubes for part 'smallRadialEngine.v2'
[LOG 21:17:14.235] PartLoader: Compiling Part 'Squad/Parts/Engine/liquidEngine48-7S_v2/liquidEngine48-7S_v2/liquidEngineMini_v2'
[LOG 21:17:14.240] PartLoader: Part 'Squad/Parts/Engine/liquidEngine48-7S_v2/liquidEngine48-7S_v2/liquidEngineMini_v2' has no database record. Creating.
[LOG 21:17:14.241] [DragCubeSystem]: Drag cubes not found or cannot be read for part Part. Generating New drag cubes.
[LOG 21:17:14.241] [KSPCF/DragCubeGeneration] Creating drag cubes for part 'liquidEngineMini.v2'
[LOG 21:17:14.293] PartLoader: Compiling Part 'Squad/Parts/Engine/liquidEngineAerospike/liquidEngineAerospike/toroidalAerospike'
[LOG 21:17:14.303] PartLoader: Part 'Squad/Parts/Engine/liquidEngineAerospike/liquidEngineAerospike/toroidalAerospike' has no database record. Creating.
[LOG 21:17:14.303] [DragCubeSystem]: Drag cubes not found or cannot be read for part Part. Generating New drag cubes.
[LOG 21:17:14.303] [KSPCF/DragCubeGeneration] Creating drag cubes for part 'toroidalAerospike'
[LOG 21:17:14.328] PartLoader: Compiling Part 'Squad/Parts/Engine/liquidEngineLV-1_v2/liquidEngineLV-1R _v2/radialEngineMini_v2'
[LOG 21:17:14.333] PartLoader: Part 'Squad/Parts/Engine/liquidEngineLV-1_v2/liquidEngineLV-1R _v2/radialEngineMini_v2' has no database record. Creating.
[LOG 21:17:14.333] [DragCubeSystem]: Drag cubes not found or cannot be read for part Part. Generating New drag cubes.
[LOG 21:17:14.333] [KSPCF/DragCubeGeneration] Creating drag cubes for part 'radialEngineMini.v2'
[LOG 21:17:14.355] PartLoader: Compiling Part 'Squad/Parts/Engine/liquidEngineLV-1_v2/liquidEngineLV-1_v2/microEngine_v2'
[LOG 21:17:14.362] PartLoader: Part 'Squad/Parts/Engine/liquidEngineLV-1_v2/liquidEngineLV-1_v2/microEngine_v2' has no database record. Creating.
[LOG 21:17:14.362] [DragCubeSystem]: Drag cubes not found or cannot be read for part Part. Generating New drag cubes.
[LOG 21:17:14.362] [KSPCF/DragCubeGeneration] Creating drag cubes for part 'microEngine.v2'
[LOG 21:17:14.384] PartLoader: Compiling Part 'Squad/Parts/Engine/liquidEngineLV-909_v2/liquidEngineLV-909_v2/liquidEngine3_v2'
[LOG 21:17:14.391] PartLoader: Part 'Squad/Parts/Engine/liquidEngineLV-909_v2/liquidEngineLV-909_v2/liquidEngine3_v2' has no database record. Creating.
[LOG 21:17:14.391] [DragCubeSystem]: Drag cubes not found or cannot be read for part Part. Generating New drag cubes.
[LOG 21:17:14.391] [KSPCF/DragCubeGeneration] Creating drag cubes for part 'liquidEngine3.v2'
[LOG 21:17:14.442] PartLoader: Compiling Part 'Squad/Parts/Engine/liquidEngineLV-N/liquidEngineLV-N/nuclearEngine'
[LOG 21:17:14.447] PartLoader: Part 'Squad/Parts/Engine/liquidEngineLV-N/liquidEngineLV-N/nuclearEngine' has no database record. Creating.
[LOG 21:17:14.447] [DragCubeSystem]: Drag cubes not found or cannot be read for part Part. Generating New drag cubes.
[LOG 21:17:14.447] [KSPCF/DragCubeGeneration] Part 'nuclearEngine' has defined a procedural drag cube setup
[LOG 21:17:14.448] PartLoader: Compiling Part 'Squad/Parts/Engine/liquidEngineLV-T30/liquidEngineLV-T30/liquidEngine'
[LOG 21:17:14.452] PartLoader: Part 'Squad/Parts/Engine/liquidEngineLV-T30/liquidEngineLV-T30/liquidEngine' has no database record. Creating.
[LOG 21:17:14.452] [DragCubeSystem]: Drag cubes not found or cannot be read for part Part. Generating New drag cubes.
[LOG 21:17:14.452] [KSPCF/DragCubeGeneration] Creating drag cubes for part 'liquidEngine'
[LOG 21:17:14.472] PartLoader: Compiling Part 'Squad/Parts/Engine/liquidEngineLV-T30_v2/liquidEngineLV-T30_v2/liquidEngine_v2'
[LOG 21:17:14.479] PartLoader: Part 'Squad/Parts/Engine/liquidEngineLV-T30_v2/liquidEngineLV-T30_v2/liquidEngine_v2' has no database record. Creating.
[LOG 21:17:14.480] PartLoader: Compiling Part 'Squad/Parts/Engine/liquidEngineLV-T45/liquidEngineLV-T45/liquidEngine2'
[LOG 21:17:14.485] PartLoader: Part 'Squad/Parts/Engine/liquidEngineLV-T45/liquidEngineLV-T45/liquidEngine2' has no database record. Creating.
[LOG 21:17:14.485] [DragCubeSystem]: Drag cubes not found or cannot be read for part Part. Generating New drag cubes.
[LOG 21:17:14.485] [KSPCF/DragCubeGeneration] Creating drag cubes for part 'liquidEngine2'
[LOG 21:17:14.505] PartLoader: Compiling Part 'Squad/Parts/Engine/liquidEngineLV-T45_v2/liquidEngineLV-T45_v2/liquidEngine2_v2'
[LOG 21:17:14.512] PartLoader: Part 'Squad/Parts/Engine/liquidEngineLV-T45_v2/liquidEngineLV-T45_v2/liquidEngine2_v2' has no database record. Creating.
[LOG 21:17:14.513] PartLoader: Compiling Part 'Squad/Parts/Engine/liquidEngineMainsail_v2/liquidEngineMainsail_v2/liquidEngineMainsail_v2'
[LOG 21:17:14.522] PartLoader: Part 'Squad/Parts/Engine/liquidEngineMainsail_v2/liquidEngineMainsail_v2/liquidEngineMainsail_v2' has no database record. Creating.
[LOG 21:17:14.522] [DragCubeSystem]: Drag cubes not found or cannot be read for part Part. Generating New drag cubes.
[LOG 21:17:14.522] [KSPCF/DragCubeGeneration] Creating drag cubes for part 'liquidEngineMainsail.v2'
[LOG 21:17:14.587] PartLoader: Compiling Part 'Squad/Parts/Engine/liquidEngineMk55/liquidEngineMk55/radialLiquidEngine1-2'
[LOG 21:17:14.592] PartLoader: Part 'Squad/Parts/Engine/liquidEngineMk55/liquidEngineMk55/radialLiquidEngine1-2' has no database record. Creating.
[LOG 21:17:14.592] [DragCubeSystem]: Drag cubes not found or cannot be read for part Part. Generating New drag cubes.
[LOG 21:17:14.592] [KSPCF/DragCubeGeneration] Creating drag cubes for part 'radialLiquidEngine1-2'
[LOG 21:17:14.601] PartLoader: Compiling Part 'Squad/Parts/Engine/liquidEnginePoodle_v2/liquidEnginePoodle_v2/liquidEngine2-2_v2'
[LOG 21:17:14.607] PartLoader: Part 'Squad/Parts/Engine/liquidEnginePoodle_v2/liquidEnginePoodle_v2/liquidEngine2-2_v2' has no database record. Creating.
[LOG 21:17:14.608] PartLoader: Compiling Part 'Squad/Parts/Engine/liquidEngineSkipper_v2/skipperLiquidEngine_v2/engineLargeSkipper_v2'
[LOG 21:17:14.614] PartLoader: Part 'Squad/Parts/Engine/liquidEngineSkipper_v2/skipperLiquidEngine_v2/engineLargeSkipper_v2' has no database record. Creating.
[LOG 21:17:14.614] [DragCubeSystem]: Drag cubes not found or cannot be read for part Part. Generating New drag cubes.
[LOG 21:17:14.614] [KSPCF/DragCubeGeneration] Creating drag cubes for part 'engineLargeSkipper.v2'
[LOG 21:17:14.668] PartLoader: Compiling Part 'Squad/Parts/Engine/liquidEngineSSME/SSME/SSME'
[LOG 21:17:14.674] PartLoader: Part 'Squad/Parts/Engine/liquidEngineSSME/SSME/SSME' has no database record. Creating.
[LOG 21:17:14.674] [DragCubeSystem]: Drag cubes not found or cannot be read for part Part. Generating New drag cubes.
[LOG 21:17:14.674] [KSPCF/DragCubeGeneration] Creating drag cubes for part 'SSME'
[LOG 21:17:14.698] PartLoader: Compiling Part 'Squad/Parts/Engine/MassiveSRB/part/MassiveBooster'
[LOG 21:17:14.703] PartLoader: Part 'Squad/Parts/Engine/MassiveSRB/part/MassiveBooster' has no database record. Creating.
[LOG 21:17:14.704] [DragCubeSystem]: Drag cubes not found or cannot be read for part Part. Generating New drag cubes.
[LOG 21:17:14.704] [KSPCF/DragCubeGeneration] Creating drag cubes for part 'MassiveBooster'
[LOG 21:17:14.713] PartLoader: Compiling Part 'Squad/Parts/Engine/miniJet/SmallJetEngine/miniJetEngine'
[LOG 21:17:14.717] PartLoader: Part 'Squad/Parts/Engine/miniJet/SmallJetEngine/miniJetEngine' has no database record. Creating.
[LOG 21:17:14.717] [DragCubeSystem]: Drag cubes not found or cannot be read for part Part. Generating New drag cubes.
[LOG 21:17:14.717] [KSPCF/DragCubeGeneration] Creating drag cubes for part 'miniJetEngine'
[LOG 21:17:14.726] PartLoader: Compiling Part 'Squad/Parts/Engine/OMSEngine/omsEngine/omsEngine'
[LOG 21:17:14.731] PartLoader: Part 'Squad/Parts/Engine/OMSEngine/omsEngine/omsEngine' has no database record. Creating.
[LOG 21:17:14.731] [DragCubeSystem]: Drag cubes not found or cannot be read for part Part. Generating New drag cubes.
[LOG 21:17:14.731] [KSPCF/DragCubeGeneration] Creating drag cubes for part 'omsEngine'
[LOG 21:17:14.739] PartLoader: Compiling Part 'Squad/Parts/Engine/rapierEngine/rapierEngine/RAPIER'
[LOG 21:17:14.746] PartLoader: Part 'Squad/Parts/Engine/rapierEngine/rapierEngine/RAPIER' has no database record. Creating.
[LOG 21:17:14.746] [DragCubeSystem]: Drag cubes not found or cannot be read for part Part. Generating New drag cubes.
[LOG 21:17:14.746] [KSPCF/DragCubeGeneration] Creating drag cubes for part 'RAPIER'
[LOG 21:17:14.756] PartLoader: Compiling Part 'Squad/Parts/Engine/Size1_SRBs/solidBoosterRT-10_v2/solidBooster_v2'
[LOG 21:17:14.762] PartLoader: Part 'Squad/Parts/Engine/Size1_SRBs/solidBoosterRT-10_v2/solidBooster_v2' has no database record. Creating.
[LOG 21:17:14.762] [DragCubeSystem]: Drag cubes not found or cannot be read for part Part. Generating New drag cubes.
[LOG 21:17:14.762] [KSPCF/DragCubeGeneration] Creating drag cubes for part 'solidBooster.v2'
[LOG 21:17:14.784] PartLoader: Compiling Part 'Squad/Parts/Engine/Size1_SRBs/solidBoosterRT-5_v2/solidBooster_sm_v2'
[LOG 21:17:14.790] PartLoader: Part 'Squad/Parts/Engine/Size1_SRBs/solidBoosterRT-5_v2/solidBooster_sm_v2' has no database record. Creating.
[LOG 21:17:14.790] [DragCubeSystem]: Drag cubes not found or cannot be read for part Part. Generating New drag cubes.
[LOG 21:17:14.790] [KSPCF/DragCubeGeneration] Creating drag cubes for part 'solidBooster.sm.v2'
[LOG 21:17:14.814] PartLoader: Compiling Part 'Squad/Parts/Engine/Size2LFB/part/Size2LFB'
[LOG 21:17:14.818] PartLoader: Part 'Squad/Parts/Engine/Size2LFB/part/Size2LFB' has no database record. Creating.
[LOG 21:17:14.818] [DragCubeSystem]: Drag cubes not found or cannot be read for part Part. Generating New drag cubes.
[LOG 21:17:14.819] [KSPCF/DragCubeGeneration] Creating drag cubes for part 'Size2LFB'
[LOG 21:17:14.827] PartLoader: Compiling Part 'Squad/Parts/Engine/Size2LFB_v2/part/Size2LFB_v2'
[LOG 21:17:14.832] PartLoader: Part 'Squad/Parts/Engine/Size2LFB_v2/part/Size2LFB_v2' has no database record. Creating.
[LOG 21:17:14.832] [DragCubeSystem]: Drag cubes not found or cannot be read for part Part. Generating New drag cubes.
[LOG 21:17:14.832] [KSPCF/DragCubeGeneration] Creating drag cubes for part 'Size2LFB.v2'
[LOG 21:17:14.841] PartLoader: Compiling Part 'Squad/Parts/Engine/Size3AdvancedEngine/part/Size3AdvancedEngine'
[LOG 21:17:14.847] PartLoader: Part 'Squad/Parts/Engine/Size3AdvancedEngine/part/Size3AdvancedEngine' has no database record. Creating.
[LOG 21:17:14.847] [DragCubeSystem]: Drag cubes not found or cannot be read for part Part. Generating New drag cubes.
[LOG 21:17:14.847] [KSPCF/DragCubeGeneration] Creating drag cubes for part 'Size3AdvancedEngine'
[LOG 21:17:14.874] PartLoader: Compiling Part 'Squad/Parts/Engine/Size3EngineCluster/part/Size3EngineCluster'
[LOG 21:17:14.881] PartLoader: Part 'Squad/Parts/Engine/Size3EngineCluster/part/Size3EngineCluster' has no database record. Creating.
[LOG 21:17:14.881] [DragCubeSystem]: Drag cubes not found or cannot be read for part Part. Generating New drag cubes.
[LOG 21:17:14.881] [KSPCF/DragCubeGeneration] Creating drag cubes for part 'Size3EngineCluster'
[LOG 21:17:14.900] PartLoader: Compiling Part 'Squad/Parts/Engine/solidBoosterBACC/solidBoosterBACC/solidBooster1-1'
[LOG 21:17:14.905] PartLoader: Part 'Squad/Parts/Engine/solidBoosterBACC/solidBoosterBACC/solidBooster1-1' has no database record. Creating.
[LOG 21:17:14.905] [DragCubeSystem]: Drag cubes not found or cannot be read for part Part. Generating New drag cubes.
[LOG 21:17:14.905] [KSPCF/DragCubeGeneration] Creating drag cubes for part 'solidBooster1-1'
[LOG 21:17:14.914] PartLoader: Compiling Part 'Squad/Parts/Engine/solidBoosterS2-17/solidBoosterS2-17/Thoroughbred'
[LOG 21:17:14.918] PartLoader: Part 'Squad/Parts/Engine/solidBoosterS2-17/solidBoosterS2-17/Thoroughbred' has no database record. Creating.
[LOG 21:17:14.918] [DragCubeSystem]: Drag cubes not found or cannot be read for part Part. Generating New drag cubes.
[LOG 21:17:14.918] [KSPCF/DragCubeGeneration] Creating drag cubes for part 'Thoroughbred'
[LOG 21:17:14.927] PartLoader: Compiling Part 'Squad/Parts/Engine/solidBoosterS2-33/solidBoosterS2-33/Clydesdale'
[LOG 21:17:14.931] PartLoader: Part 'Squad/Parts/Engine/solidBoosterS2-33/solidBoosterS2-33/Clydesdale' has no database record. Creating.
[LOG 21:17:14.931] [DragCubeSystem]: Drag cubes not found or cannot be read for part Part. Generating New drag cubes.
[LOG 21:17:14.931] [KSPCF/DragCubeGeneration] Creating drag cubes for part 'Clydesdale'
[LOG 21:17:14.941] PartLoader: Compiling Part 'Squad/Parts/Engine/solidBoosterSep/solidBoosterSep/sepMotor1'
[LOG 21:17:14.943] [ModuleCargoPart]: Setting stackableQuantity to 1 as sepMotor1 contains resources
[LOG 21:17:14.945] PartLoader: Part 'Squad/Parts/Engine/solidBoosterSep/solidBoosterSep/sepMotor1' has no database record. Creating.
[LOG 21:17:14.945] [DragCubeSystem]: Drag cubes not found or cannot be read for part Part. Generating New drag cubes.
[LOG 21:17:14.945] [KSPCF/DragCubeGeneration] Creating drag cubes for part 'sepMotor1'
[LOG 21:17:14.953] PartLoader: Compiling Part 'Squad/Parts/Engine/SolidBoostersF/SolidBoosterF3S0/Shrimp'
[LOG 21:17:14.957] PartLoader: Part 'Squad/Parts/Engine/SolidBoostersF/SolidBoosterF3S0/Shrimp' has no database record. Creating.
[LOG 21:17:14.957] [DragCubeSystem]: Drag cubes not found or cannot be read for part Part. Generating New drag cubes.
[LOG 21:17:14.957] [KSPCF/DragCubeGeneration] Creating drag cubes for part 'Shrimp'
[LOG 21:17:14.966] PartLoader: Compiling Part 'Squad/Parts/Engine/SolidBoostersF/SolidBoosterFM1/Mite'
[LOG 21:17:14.969] PartLoader: Part 'Squad/Parts/Engine/SolidBoostersF/SolidBoosterFM1/Mite' has no database record. Creating.
[LOG 21:17:14.969] [DragCubeSystem]: Drag cubes not found or cannot be read for part Part. Generating New drag cubes.
[LOG 21:17:14.969] [KSPCF/DragCubeGeneration] Creating drag cubes for part 'Mite'
[LOG 21:17:14.980] PartLoader: Compiling Part 'Squad/Parts/FuelTank/adapterTanks/Mk3-Mk2/adapterMk3-Mk2'
[LOG 21:17:14.982] PartLoader: Part 'Squad/Parts/FuelTank/adapterTanks/Mk3-Mk2/adapterMk3-Mk2' has no database record. Creating.
[LOG 21:17:14.982] [DragCubeSystem]: Drag cubes not found or cannot be read for part Part. Generating New drag cubes.
[LOG 21:17:14.982] [KSPCF/DragCubeGeneration] Creating drag cubes for part 'adapterMk3-Mk2'
[LOG 21:17:14.991] PartLoader: Compiling Part 'Squad/Parts/FuelTank/adapterTanks/Mk3-ShuttleAdapter/adapterEngines'
[LOG 21:17:14.993] PartLoader: Part 'Squad/Parts/FuelTank/adapterTanks/Mk3-ShuttleAdapter/adapterEngines' has no database record. Creating.
[LOG 21:17:14.993] [DragCubeSystem]: Drag cubes not found or cannot be read for part Part. Generating New drag cubes.
[LOG 21:17:14.993] [KSPCF/DragCubeGeneration] Creating drag cubes for part 'adapterEngines'
[LOG 21:17:15.001] PartLoader: Compiling Part 'Squad/Parts/FuelTank/adapterTanks/Mk3-Size2/adapterMk3-Size2'
[LOG 21:17:15.003] PartLoader: Part 'Squad/Parts/FuelTank/adapterTanks/Mk3-Size2/adapterMk3-Size2' has no database record. Creating.
[LOG 21:17:15.003] [DragCubeSystem]: Drag cubes not found or cannot be read for part Part. Generating New drag cubes.
[LOG 21:17:15.003] [KSPCF/DragCubeGeneration] Creating drag cubes for part 'adapterMk3-Size2'
[LOG 21:17:15.010] PartLoader: Compiling Part 'Squad/Parts/FuelTank/adapterTanks/Mk3-Size2Slant/adapterMk3-Size2Slant'
[LOG 21:17:15.012] PartLoader: Part 'Squad/Parts/FuelTank/adapterTanks/Mk3-Size2Slant/adapterMk3-Size2Slant' has no database record. Creating.
[LOG 21:17:15.012] [DragCubeSystem]: Drag cubes not found or cannot be read for part Part. Generating New drag cubes.
[LOG 21:17:15.012] [KSPCF/DragCubeGeneration] Creating drag cubes for part 'adapterMk3-Size2Slant'
[LOG 21:17:15.022] PartLoader: Compiling Part 'Squad/Parts/FuelTank/adapterTanks/Size2-Mk2/adapterSize2-Mk2'
[LOG 21:17:15.024] PartLoader: Part 'Squad/Parts/FuelTank/adapterTanks/Size2-Mk2/adapterSize2-Mk2' has no database record. Creating.
[LOG 21:17:15.024] [DragCubeSystem]: Drag cubes not found or cannot be read for part Part. Generating New drag cubes.
[LOG 21:17:15.024] [KSPCF/DragCubeGeneration] Creating drag cubes for part 'adapterSize2-Mk2'
[LOG 21:17:15.031] PartLoader: Compiling Part 'Squad/Parts/FuelTank/adapterTanks/Size2-Size1/adapterSize2-Size1'
[LOG 21:17:15.033] PartLoader: Part 'Squad/Parts/FuelTank/adapterTanks/Size2-Size1/adapterSize2-Size1' has no database record. Creating.
[LOG 21:17:15.033] [DragCubeSystem]: Drag cubes not found or cannot be read for part Part. Generating New drag cubes.
[LOG 21:17:15.033] [KSPCF/DragCubeGeneration] Creating drag cubes for part 'adapterSize2-Size1'
[LOG 21:17:15.042] PartLoader: Compiling Part 'Squad/Parts/FuelTank/adapterTanks/Size2-Size1Slant/adapterSize2-Size1Slant'
[LOG 21:17:15.044] PartLoader: Part 'Squad/Parts/FuelTank/adapterTanks/Size2-Size1Slant/adapterSize2-Size1Slant' has no database record. Creating.
[LOG 21:17:15.044] [DragCubeSystem]: Drag cubes not found or cannot be read for part Part. Generating New drag cubes.
[LOG 21:17:15.044] [KSPCF/DragCubeGeneration] Creating drag cubes for part 'adapterSize2-Size1Slant'
[LOG 21:17:15.052] PartLoader: Compiling Part 'Squad/Parts/FuelTank/adapterTanks/Size3-Mk3/adapterSize3-Mk3'
[LOG 21:17:15.054] PartLoader: Part 'Squad/Parts/FuelTank/adapterTanks/Size3-Mk3/adapterSize3-Mk3' has no database record. Creating.
[LOG 21:17:15.054] [DragCubeSystem]: Drag cubes not found or cannot be read for part Part. Generating New drag cubes.
[LOG 21:17:15.054] [KSPCF/DragCubeGeneration] Creating drag cubes for part 'adapterSize3-Mk3'
[LOG 21:17:15.063] PartLoader: Compiling Part 'Squad/Parts/FuelTank/drainTankFTE-1/ReleaseValve/ReleaseValve'
[LOG 21:17:15.070] PartLoader: Part 'Squad/Parts/FuelTank/drainTankFTE-1/ReleaseValve/ReleaseValve' has no database record. Creating.
[LOG 21:17:15.070] [DragCubeSystem]: Drag cubes not found or cannot be read for part Part. Generating New drag cubes.
[LOG 21:17:15.070] [KSPCF/DragCubeGeneration] Creating drag cubes for part 'ReleaseValve'
[LOG 21:17:15.079] PartLoader: Compiling Part 'Squad/Parts/FuelTank/FoilTanks/RadialTank_Capsule/externalTankCapsule'
[LOG 21:17:15.081] PartLoader: Part 'Squad/Parts/FuelTank/FoilTanks/RadialTank_Capsule/externalTankCapsule' has no database record. Creating.
[LOG 21:17:15.081] [DragCubeSystem]: Drag cubes not found or cannot be read for part Part. Generating New drag cubes.
[LOG 21:17:15.081] [KSPCF/DragCubeGeneration] Creating drag cubes for part 'externalTankCapsule'
[LOG 21:17:15.089] PartLoader: Compiling Part 'Squad/Parts/FuelTank/FoilTanks/RadialTank_Round/externalTankRound'
[LOG 21:17:15.092] PartLoader: Part 'Squad/Parts/FuelTank/FoilTanks/RadialTank_Round/externalTankRound' has no database record. Creating.
[LOG 21:17:15.092] [DragCubeSystem]: Drag cubes not found or cannot be read for part Part. Generating New drag cubes.
[LOG 21:17:15.092] [KSPCF/DragCubeGeneration] Creating drag cubes for part 'externalTankRound'
[LOG 21:17:15.100] PartLoader: Compiling Part 'Squad/Parts/FuelTank/FoilTanks/ToroidTank/externalTankToroid'
[LOG 21:17:15.103] PartLoader: Part 'Squad/Parts/FuelTank/FoilTanks/ToroidTank/externalTankToroid' has no database record. Creating.
[LOG 21:17:15.103] [DragCubeSystem]: Drag cubes not found or cannot be read for part Part. Generating New drag cubes.
[LOG 21:17:15.103] [KSPCF/DragCubeGeneration] Creating drag cubes for part 'externalTankToroid'
[LOG 21:17:15.112] PartLoader: Compiling Part 'Squad/Parts/FuelTank/fuelTankOscarB/fuelTankOscarB/miniFuelTank'
[LOG 21:17:15.114] PartLoader: Part 'Squad/Parts/FuelTank/fuelTankOscarB/fuelTankOscarB/miniFuelTank' has no database record. Creating.
[LOG 21:17:15.114] [DragCubeSystem]: Drag cubes not found or cannot be read for part Part. Generating New drag cubes.
[LOG 21:17:15.115] [KSPCF/DragCubeGeneration] Creating drag cubes for part 'miniFuelTank'
[LOG 21:17:15.124] PartLoader: Compiling Part 'Squad/Parts/FuelTank/miniFuselage/miniFuselage/miniFuselage'
[LOG 21:17:15.125] PartLoader: Part 'Squad/Parts/FuelTank/miniFuselage/miniFuselage/miniFuselage' has no database record. Creating.
[LOG 21:17:15.125] [DragCubeSystem]: Drag cubes not found or cannot be read for part Part. Generating New drag cubes.
[LOG 21:17:15.125] [KSPCF/DragCubeGeneration] Creating drag cubes for part 'miniFuselage'
[LOG 21:17:15.134] PartLoader: Compiling Part 'Squad/Parts/FuelTank/mk2Adapters/bicoupler/mk2_1m_Bicoupler'
[LOG 21:17:15.136] PartLoader: Part 'Squad/Parts/FuelTank/mk2Adapters/bicoupler/mk2_1m_Bicoupler' has no database record. Creating.
[LOG 21:17:15.136] [DragCubeSystem]: Drag cubes not found or cannot be read for part Part. Generating New drag cubes.
[LOG 21:17:15.136] [KSPCF/DragCubeGeneration] Creating drag cubes for part 'mk2.1m.Bicoupler'
[LOG 21:17:15.143] PartLoader: Compiling Part 'Squad/Parts/FuelTank/mk2Adapters/long/mk2_1m_AdapterLong'
[LOG 21:17:15.145] PartLoader: Part 'Squad/Parts/FuelTank/mk2Adapters/long/mk2_1m_AdapterLong' has no database record. Creating.
[LOG 21:17:15.145] [DragCubeSystem]: Drag cubes not found or cannot be read for part Part. Generating New drag cubes.
[LOG 21:17:15.145] [KSPCF/DragCubeGeneration] Creating drag cubes for part 'mk2.1m.AdapterLong'
[LOG 21:17:15.153] PartLoader: Compiling Part 'Squad/Parts/FuelTank/mk2Adapters/standard/mk2SpacePlaneAdapter'
[LOG 21:17:15.155] PartLoader: Part 'Squad/Parts/FuelTank/mk2Adapters/standard/mk2SpacePlaneAdapter' has no database record. Creating.
[LOG 21:17:15.155] [DragCubeSystem]: Drag cubes not found or cannot be read for part Part. Generating New drag cubes.
[LOG 21:17:15.155] [KSPCF/DragCubeGeneration] Creating drag cubes for part 'mk2SpacePlaneAdapter'
[LOG 21:17:15.164] PartLoader: Compiling Part 'Squad/Parts/FuelTank/mk2FuselageLong/LFO_long/mk2FuselageLongLFO'
[LOG 21:17:15.167] PartLoader: Part 'Squad/Parts/FuelTank/mk2FuselageLong/LFO_long/mk2FuselageLongLFO' has no database record. Creating.
[LOG 21:17:15.167] [DragCubeSystem]: Drag cubes not found or cannot be read for part Part. Generating New drag cubes.
[LOG 21:17:15.167] [KSPCF/DragCubeGeneration] Creating drag cubes for part 'mk2FuselageLongLFO'
[LOG 21:17:15.175] PartLoader: Compiling Part 'Squad/Parts/FuelTank/mk2FuselageLong/L_long/mk2Fuselage'
[LOG 21:17:15.177] PartLoader: Part 'Squad/Parts/FuelTank/mk2FuselageLong/L_long/mk2Fuselage' has no database record. Creating.
[LOG 21:17:15.177] [DragCubeSystem]: Drag cubes not found or cannot be read for part Part. Generating New drag cubes.
[LOG 21:17:15.177] [KSPCF/DragCubeGeneration] Creating drag cubes for part 'mk2Fuselage'
[LOG 21:17:15.186] PartLoader: Compiling Part 'Squad/Parts/FuelTank/mk2FuselageShort/LFO_short/mk2FuselageShortLFO'
[LOG 21:17:15.188] PartLoader: Part 'Squad/Parts/FuelTank/mk2FuselageShort/LFO_short/mk2FuselageShortLFO' has no database record. Creating.
[LOG 21:17:15.188] [DragCubeSystem]: Drag cubes not found or cannot be read for part Part. Generating New drag cubes.
[LOG 21:17:15.188] [KSPCF/DragCubeGeneration] Creating drag cubes for part 'mk2FuselageShortLFO'
[LOG 21:17:15.196] PartLoader: Compiling Part 'Squad/Parts/FuelTank/mk2FuselageShort/L_short/mk2FuselageShortLiquid'
[LOG 21:17:15.199] PartLoader: Part 'Squad/Parts/FuelTank/mk2FuselageShort/L_short/mk2FuselageShortLiquid' has no database record. Creating.
[LOG 21:17:15.200] [DragCubeSystem]: Drag cubes not found or cannot be read for part Part. Generating New drag cubes.
[LOG 21:17:15.200] [KSPCF/DragCubeGeneration] Creating drag cubes for part 'mk2FuselageShortLiquid'
[LOG 21:17:15.211] PartLoader: Compiling Part 'Squad/Parts/FuelTank/mk2FuselageShort/Mono_short/mk2FuselageShortMono'
[LOG 21:17:15.213] PartLoader: Part 'Squad/Parts/FuelTank/mk2FuselageShort/Mono_short/mk2FuselageShortMono' has no database record. Creating.
[LOG 21:17:15.213] [DragCubeSystem]: Drag cubes not found or cannot be read for part Part. Generating New drag cubes.
[LOG 21:17:15.213] [KSPCF/DragCubeGeneration] Creating drag cubes for part 'mk2FuselageShortMono'
[LOG 21:17:15.220] PartLoader: Compiling Part 'Squad/Parts/FuelTank/mk3Fuselage/CREW/mk3CrewCabin'
[LOG 21:17:15.223] PartLoader: Part 'Squad/Parts/FuelTank/mk3Fuselage/CREW/mk3CrewCabin' has no database record. Creating.
[LOG 21:17:15.224] [DragCubeSystem]: Drag cubes not found or cannot be read for part Part. Generating New drag cubes.
[LOG 21:17:15.224] [KSPCF/DragCubeGeneration] Creating drag cubes for part 'mk3CrewCabin'
[LOG 21:17:15.232] PartLoader: Compiling Part 'Squad/Parts/FuelTank/mk3Fuselage/LFO_100/mk3FuselageLFO_100'
[LOG 21:17:15.235] PartLoader: Part 'Squad/Parts/FuelTank/mk3Fuselage/LFO_100/mk3FuselageLFO_100' has no database record. Creating.
[LOG 21:17:15.235] [DragCubeSystem]: Drag cubes not found or cannot be read for part Part. Generating New drag cubes.
[LOG 21:17:15.235] [KSPCF/DragCubeGeneration] Creating drag cubes for part 'mk3FuselageLFO.100'
[LOG 21:17:15.244] PartLoader: Compiling Part 'Squad/Parts/FuelTank/mk3Fuselage/LFO_25/mk3FuselageLFO_25'
[LOG 21:17:15.245] PartLoader: Part 'Squad/Parts/FuelTank/mk3Fuselage/LFO_25/mk3FuselageLFO_25' has no database record. Creating.
[LOG 21:17:15.245] [DragCubeSystem]: Drag cubes not found or cannot be read for part Part. Generating New drag cubes.
[LOG 21:17:15.245] [KSPCF/DragCubeGeneration] Creating drag cubes for part 'mk3FuselageLFO.25'
[LOG 21:17:15.253] PartLoader: Compiling Part 'Squad/Parts/FuelTank/mk3Fuselage/LFO_50/mk3FuselageLFO_50'
[LOG 21:17:15.255] PartLoader: Part 'Squad/Parts/FuelTank/mk3Fuselage/LFO_50/mk3FuselageLFO_50' has no database record. Creating.
[LOG 21:17:15.255] [DragCubeSystem]: Drag cubes not found or cannot be read for part Part. Generating New drag cubes.
[LOG 21:17:15.255] [KSPCF/DragCubeGeneration] Creating drag cubes for part 'mk3FuselageLFO.50'
[LOG 21:17:15.263] PartLoader: Compiling Part 'Squad/Parts/FuelTank/mk3Fuselage/LF_100/mk3FuselageLF_100'
[LOG 21:17:15.265] PartLoader: Part 'Squad/Parts/FuelTank/mk3Fuselage/LF_100/mk3FuselageLF_100' has no database record. Creating.
[LOG 21:17:15.265] [DragCubeSystem]: Drag cubes not found or cannot be read for part Part. Generating New drag cubes.
[LOG 21:17:15.265] [KSPCF/DragCubeGeneration] Creating drag cubes for part 'mk3FuselageLF.100'
[LOG 21:17:15.273] PartLoader: Compiling Part 'Squad/Parts/FuelTank/mk3Fuselage/LF_25/mk3FuselageLF_25'
[LOG 21:17:15.275] PartLoader: Part 'Squad/Parts/FuelTank/mk3Fuselage/LF_25/mk3FuselageLF_25' has no database record. Creating.
[LOG 21:17:15.275] [DragCubeSystem]: Drag cubes not found or cannot be read for part Part. Generating New drag cubes.
[LOG 21:17:15.275] [KSPCF/DragCubeGeneration] Creating drag cubes for part 'mk3FuselageLF.25'
[LOG 21:17:15.283] PartLoader: Compiling Part 'Squad/Parts/FuelTank/mk3Fuselage/LF_50/mk3FuselageLF_50'
[LOG 21:17:15.285] PartLoader: Part 'Squad/Parts/FuelTank/mk3Fuselage/LF_50/mk3FuselageLF_50' has no database record. Creating.
[LOG 21:17:15.285] [DragCubeSystem]: Drag cubes not found or cannot be read for part Part. Generating New drag cubes.
[LOG 21:17:15.285] [KSPCF/DragCubeGeneration] Creating drag cubes for part 'mk3FuselageLF.50'
[LOG 21:17:15.294] PartLoader: Compiling Part 'Squad/Parts/FuelTank/mk3Fuselage/MONO/mk3FuselageMONO'
[LOG 21:17:15.296] PartLoader: Part 'Squad/Parts/FuelTank/mk3Fuselage/MONO/mk3FuselageMONO' has no database record. Creating.
[LOG 21:17:15.296] [DragCubeSystem]: Drag cubes not found or cannot be read for part Part. Generating New drag cubes.
[LOG 21:17:15.296] [KSPCF/DragCubeGeneration] Creating drag cubes for part 'mk3FuselageMONO'
[LOG 21:17:15.304] PartLoader: Compiling Part 'Squad/Parts/FuelTank/RCSFuelTankR1/RCSFuelTankR1/RCSTank1-2'
[LOG 21:17:15.307] PartLoader: Part 'Squad/Parts/FuelTank/RCSFuelTankR1/RCSFuelTankR1/RCSTank1-2' has no database record. Creating.
[LOG 21:17:15.307] [DragCubeSystem]: Drag cubes not found or cannot be read for part Part. Generating New drag cubes.
[LOG 21:17:15.307] [KSPCF/DragCubeGeneration] Creating drag cubes for part 'RCSTank1-2'
[LOG 21:17:15.315] PartLoader: Compiling Part 'Squad/Parts/FuelTank/RCSFuelTankR10/RCSFuelTankR10/rcsTankMini'
[LOG 21:17:15.317] PartLoader: Part 'Squad/Parts/FuelTank/RCSFuelTankR10/RCSFuelTankR10/rcsTankMini' has no database record. Creating.
[LOG 21:17:15.317] [DragCubeSystem]: Drag cubes not found or cannot be read for part Part. Generating New drag cubes.
[LOG 21:17:15.317] [KSPCF/DragCubeGeneration] Creating drag cubes for part 'rcsTankMini'
[LOG 21:17:15.327] PartLoader: Compiling Part 'Squad/Parts/FuelTank/RCSFuelTankR25/RCSFuelTankR25/RCSFuelTank'
[LOG 21:17:15.329] PartLoader: Part 'Squad/Parts/FuelTank/RCSFuelTankR25/RCSFuelTankR25/RCSFuelTank' has no database record. Creating.
[LOG 21:17:15.329] [DragCubeSystem]: Drag cubes not found or cannot be read for part Part. Generating New drag cubes.
[LOG 21:17:15.329] [KSPCF/DragCubeGeneration] Creating drag cubes for part 'RCSFuelTank'
[LOG 21:17:15.337] PartLoader: Compiling Part 'Squad/Parts/FuelTank/RCSTankRadial/radialRCSTank/radialRCSTank'
[LOG 21:17:15.339] PartLoader: Part 'Squad/Parts/FuelTank/RCSTankRadial/radialRCSTank/radialRCSTank' has no database record. Creating.
[LOG 21:17:15.339] [DragCubeSystem]: Drag cubes not found or cannot be read for part Part. Generating New drag cubes.
[LOG 21:17:15.339] [KSPCF/DragCubeGeneration] Creating drag cubes for part 'radialRCSTank'
[LOG 21:17:15.348] PartLoader: Compiling Part 'Squad/Parts/FuelTank/RCStankRadialLong/RCSTankRadialLong/rcsTankRadialLong'
[LOG 21:17:15.350] PartLoader: Part 'Squad/Parts/FuelTank/RCStankRadialLong/RCSTankRadialLong/rcsTankRadialLong' has no database record. Creating.
[LOG 21:17:15.351] [DragCubeSystem]: Drag cubes not found or cannot be read for part Part. Generating New drag cubes.
[LOG 21:17:15.351] [KSPCF/DragCubeGeneration] Creating drag cubes for part 'rcsTankRadialLong'
[LOG 21:17:15.359] PartLoader: Compiling Part 'Squad/Parts/FuelTank/RockomaxTanks/Rockomax16/Rockomax16_BW'
[LOG 21:17:15.361] PartLoader: Part 'Squad/Parts/FuelTank/RockomaxTanks/Rockomax16/Rockomax16_BW' has no database record. Creating.
[LOG 21:17:15.361] [DragCubeSystem]: Drag cubes not found or cannot be read for part Part. Generating New drag cubes.
[LOG 21:17:15.361] [KSPCF/DragCubeGeneration] Creating drag cubes for part 'Rockomax16.BW'
[LOG 21:17:15.371] PartLoader: Compiling Part 'Squad/Parts/FuelTank/RockomaxTanks/Rockomax32/Rockomax32_BW'
[LOG 21:17:15.374] PartLoader: Part 'Squad/Parts/FuelTank/RockomaxTanks/Rockomax32/Rockomax32_BW' has no database record. Creating.
[LOG 21:17:15.374] [DragCubeSystem]: Drag cubes not found or cannot be read for part Part. Generating New drag cubes.
[LOG 21:17:15.374] [KSPCF/DragCubeGeneration] Creating drag cubes for part 'Rockomax32.BW'
[LOG 21:17:15.404] PartLoader: Compiling Part 'Squad/Parts/FuelTank/RockomaxTanks/Rockomax64/Rockomax64_BW'
[LOG 21:17:15.406] PartLoader: Part 'Squad/Parts/FuelTank/RockomaxTanks/Rockomax64/Rockomax64_BW' has no database record. Creating.
[LOG 21:17:15.406] [DragCubeSystem]: Drag cubes not found or cannot be read for part Part. Generating New drag cubes.
[LOG 21:17:15.406] [KSPCF/DragCubeGeneration] Creating drag cubes for part 'Rockomax64.BW'
[LOG 21:17:15.427] PartLoader: Compiling Part 'Squad/Parts/FuelTank/RockomaxTanks/Rockomax8/Rockomax8BW'
[LOG 21:17:15.429] PartLoader: Part 'Squad/Parts/FuelTank/RockomaxTanks/Rockomax8/Rockomax8BW' has no database record. Creating.
[LOG 21:17:15.429] [DragCubeSystem]: Drag cubes not found or cannot be read for part Part. Generating New drag cubes.
[LOG 21:17:15.429] [KSPCF/DragCubeGeneration] Creating drag cubes for part 'Rockomax8BW'
[LOG 21:17:15.449] PartLoader: Compiling Part 'Squad/Parts/FuelTank/Size1_Tanks/fuelTankT100/fuelTankSmallFlat'
[LOG 21:17:15.451] PartLoader: Part 'Squad/Parts/FuelTank/Size1_Tanks/fuelTankT100/fuelTankSmallFlat' has no database record. Creating.
[LOG 21:17:15.451] [DragCubeSystem]: Drag cubes not found or cannot be read for part Part. Generating New drag cubes.
[LOG 21:17:15.451] [KSPCF/DragCubeGeneration] Creating drag cubes for part 'fuelTankSmallFlat'
[LOG 21:17:15.459] PartLoader: Compiling Part 'Squad/Parts/FuelTank/Size1_Tanks/fuelTankT200/fuelTankSmall'
[LOG 21:17:15.461] PartLoader: Part 'Squad/Parts/FuelTank/Size1_Tanks/fuelTankT200/fuelTankSmall' has no database record. Creating.
[LOG 21:17:15.461] [DragCubeSystem]: Drag cubes not found or cannot be read for part Part. Generating New drag cubes.
[LOG 21:17:15.462] [KSPCF/DragCubeGeneration] Creating drag cubes for part 'fuelTankSmall'
[LOG 21:17:15.470] PartLoader: Compiling Part 'Squad/Parts/FuelTank/Size1_Tanks/fuelTankT400/fuelTank'
[LOG 21:17:15.473] PartLoader: Part 'Squad/Parts/FuelTank/Size1_Tanks/fuelTankT400/fuelTank' has no database record. Creating.
[LOG 21:17:15.473] [DragCubeSystem]: Drag cubes not found or cannot be read for part Part. Generating New drag cubes.
[LOG 21:17:15.473] [KSPCF/DragCubeGeneration] Creating drag cubes for part 'fuelTank'
[LOG 21:17:15.482] PartLoader: Compiling Part 'Squad/Parts/FuelTank/Size1_Tanks/fuelTankT800/fuelTank_long'
[LOG 21:17:15.484] PartLoader: Part 'Squad/Parts/FuelTank/Size1_Tanks/fuelTankT800/fuelTank_long' has no database record. Creating.
[LOG 21:17:15.484] [DragCubeSystem]: Drag cubes not found or cannot be read for part Part. Generating New drag cubes.
[LOG 21:17:15.484] [KSPCF/DragCubeGeneration] Creating drag cubes for part 'fuelTank.long'
[LOG 21:17:15.493] PartLoader: Compiling Part 'Squad/Parts/FuelTank/Size3Tanks/large/Size3LargeTank'
[LOG 21:17:15.495] PartLoader: Part 'Squad/Parts/FuelTank/Size3Tanks/large/Size3LargeTank' has no database record. Creating.
[LOG 21:17:15.495] [DragCubeSystem]: Drag cubes not found or cannot be read for part Part. Generating New drag cubes.
[LOG 21:17:15.495] [KSPCF/DragCubeGeneration] Creating drag cubes for part 'Size3LargeTank'
[LOG 21:17:15.504] PartLoader: Compiling Part 'Squad/Parts/FuelTank/Size3Tanks/medium/Size3MediumTank'
[LOG 21:17:15.507] PartLoader: Part 'Squad/Parts/FuelTank/Size3Tanks/medium/Size3MediumTank' has no database record. Creating.
[LOG 21:17:15.507] [DragCubeSystem]: Drag cubes not found or cannot be read for part Part. Generating New drag cubes.
[LOG 21:17:15.507] [KSPCF/DragCubeGeneration] Creating drag cubes for part 'Size3MediumTank'
[LOG 21:17:15.516] PartLoader: Compiling Part 'Squad/Parts/FuelTank/Size3Tanks/small/Size3SmallTank'
[LOG 21:17:15.517] PartLoader: Part 'Squad/Parts/FuelTank/Size3Tanks/small/Size3SmallTank' has no database record. Creating.
[LOG 21:17:15.517] [DragCubeSystem]: Drag cubes not found or cannot be read for part Part. Generating New drag cubes.
[LOG 21:17:15.517] [KSPCF/DragCubeGeneration] Creating drag cubes for part 'Size3SmallTank'
[LOG 21:17:15.525] PartLoader: Compiling Part 'Squad/Parts/FuelTank/xenonTank/xenonTank/xenonTank'
[LOG 21:17:15.527] PartLoader: Part 'Squad/Parts/FuelTank/xenonTank/xenonTank/xenonTank' has no database record. Creating.
[LOG 21:17:15.527] [DragCubeSystem]: Drag cubes not found or cannot be read for part Part. Generating New drag cubes.
[LOG 21:17:15.528] [KSPCF/DragCubeGeneration] Creating drag cubes for part 'xenonTank'
[LOG 21:17:15.536] PartLoader: Compiling Part 'Squad/Parts/FuelTank/xenonTankLarge/xenonTankLarge/xenonTankLarge'
[LOG 21:17:15.537] PartLoader: Part 'Squad/Parts/FuelTank/xenonTankLarge/xenonTankLarge/xenonTankLarge' has no database record. Creating.
[LOG 21:17:15.537] [DragCubeSystem]: Drag cubes not found or cannot be read for part Part. Generating New drag cubes.
[LOG 21:17:15.537] [KSPCF/DragCubeGeneration] Creating drag cubes for part 'xenonTankLarge'
[LOG 21:17:15.545] PartLoader: Compiling Part 'Squad/Parts/FuelTank/xenonTankRadial/xenonTankRadial/xenonTankRadial'
[LOG 21:17:15.547] PartLoader: Part 'Squad/Parts/FuelTank/xenonTankRadial/xenonTankRadial/xenonTankRadial' has no database record. Creating.
[LOG 21:17:15.547] [DragCubeSystem]: Drag cubes not found or cannot be read for part Part. Generating New drag cubes.
[LOG 21:17:15.548] [KSPCF/DragCubeGeneration] Creating drag cubes for part 'xenonTankRadial'
[LOG 21:17:15.555] PartLoader: Compiling Part 'Squad/Parts/Misc/AsteroidDay/CamSat/InfraredTelescope'
[LOG 21:17:15.559] PartLoader: Part 'Squad/Parts/Misc/AsteroidDay/CamSat/InfraredTelescope' has no database record. Creating.
[LOG 21:17:15.559] [DragCubeSystem]: Drag cubes not found or cannot be read for part Part. Generating New drag cubes.
[LOG 21:17:15.559] [KSPCF/DragCubeGeneration] Creating drag cubes for part 'InfraredTelescope'
[LOG 21:17:15.567] PartLoader: Compiling Part 'Squad/Parts/Misc/AsteroidDay/HECS2/HECS2_ProbeCore'
[LOG 21:17:15.571] PartLoader: Part 'Squad/Parts/Misc/AsteroidDay/HECS2/HECS2_ProbeCore' has no database record. Creating.
[LOG 21:17:15.571] [DragCubeSystem]: Drag cubes not found or cannot be read for part Part. Generating New drag cubes.
[LOG 21:17:15.571] [KSPCF/DragCubeGeneration] Creating drag cubes for part 'HECS2.ProbeCore'
[LOG 21:17:15.580] PartLoader: Compiling Part 'Squad/Parts/Misc/AsteroidDay/HighGainAntenna/HighGainAntenna'
[LOG 21:17:15.587] PartLoader: Part 'Squad/Parts/Misc/AsteroidDay/HighGainAntenna/HighGainAntenna' has no database record. Creating.
[LOG 21:17:15.587] [DragCubeSystem]: Drag cubes not found or cannot be read for part Part. Generating New drag cubes.
[LOG 21:17:15.587] [KSPCF/DragCubeGeneration] Creating drag cubes for part 'HighGainAntenna'
[LOG 21:17:15.610] PartLoader: Compiling Part 'Squad/Parts/Misc/AsteroidDay/LgRadialSolar/LgRadialSolarPanel'
[LOG 21:17:15.613] PartLoader: Part 'Squad/Parts/Misc/AsteroidDay/LgRadialSolar/LgRadialSolarPanel' has no database record. Creating.
[LOG 21:17:15.613] [DragCubeSystem]: Drag cubes not found or cannot be read for part Part. Generating New drag cubes.
[LOG 21:17:15.613] [KSPCF/DragCubeGeneration] Creating drag cubes for part 'LgRadialSolarPanel'
[LOG 21:17:15.626] PartLoader: Compiling Part 'Squad/Parts/Misc/PotatoComet/part/PotatoComet'
[LOG 21:17:15.634] PartLoader: Part 'Squad/Parts/Misc/PotatoComet/part/PotatoComet' has no database record. Creating.
[LOG 21:17:15.634] PartLoader: Compiling Part 'Squad/Parts/Misc/PotatoRoid/part/PotatoRoid'
[LOG 21:17:15.641] PartLoader: Part 'Squad/Parts/Misc/PotatoRoid/part/PotatoRoid' has no database record. Creating.
[LOG 21:17:15.641] PartLoader: Compiling Part 'Squad/Parts/Prebuilt/flag/flag'
[LOG 21:17:15.643] PartLoader: Compiling Part 'Squad/Parts/Prebuilt/kerbalEVA/kerbalEVA'
[LOG 21:17:15.655] PartLoader: Compiling Part 'Squad/Parts/Prebuilt/kerbalEVAfemale/kerbalEVAfemale'
[LOG 21:17:15.659] PartLoader: Compiling Part 'Squad/Parts/Prebuilt/kerbalEVASlimSuit/kerbalEVASlimSuit'
[LOG 21:17:15.663] PartLoader: Compiling Part 'Squad/Parts/Prebuilt/kerbalEVASlimSuitFemale/kerbalEVASlimSuitFemale'
[LOG 21:17:15.666] PartLoader: Compiling Part 'Squad/Parts/Resources/FuelCell/FuelCell/FuelCell'
[LOG 21:17:15.672] PartLoader: Part 'Squad/Parts/Resources/FuelCell/FuelCell/FuelCell' has no database record. Creating.
[LOG 21:17:15.672] [DragCubeSystem]: Drag cubes not found or cannot be read for part Part. Generating New drag cubes.
[LOG 21:17:15.672] [KSPCF/DragCubeGeneration] Creating drag cubes for part 'FuelCell'
[LOG 21:17:15.684] PartLoader: Compiling Part 'Squad/Parts/Resources/FuelCell/FuelCellArray/FuelCellArray'
[LOG 21:17:15.687] PartLoader: Part 'Squad/Parts/Resources/FuelCell/FuelCellArray/FuelCellArray' has no database record. Creating.
[LOG 21:17:15.687] [DragCubeSystem]: Drag cubes not found or cannot be read for part Part. Generating New drag cubes.
[LOG 21:17:15.687] [KSPCF/DragCubeGeneration] Creating drag cubes for part 'FuelCellArray'
[LOG 21:17:15.697] PartLoader: Compiling Part 'Squad/Parts/Resources/ISRU/ISRU/ISRU'
[LOG 21:17:15.702] PartLoader: Part 'Squad/Parts/Resources/ISRU/ISRU/ISRU' has no database record. Creating.
[LOG 21:17:15.702] [DragCubeSystem]: Drag cubes not found or cannot be read for part Part. Generating New drag cubes.
[LOG 21:17:15.702] [KSPCF/DragCubeGeneration] Creating drag cubes for part 'ISRU'
[LOG 21:17:15.721] PartLoader: Compiling Part 'Squad/Parts/Resources/LargeTank/LargeTank/LargeTank'
[LOG 21:17:15.725] PartLoader: Part 'Squad/Parts/Resources/LargeTank/LargeTank/LargeTank' has no database record. Creating.
[LOG 21:17:15.725] [DragCubeSystem]: Drag cubes not found or cannot be read for part Part. Generating New drag cubes.
[LOG 21:17:15.725] [KSPCF/DragCubeGeneration] Creating drag cubes for part 'LargeTank'
[LOG 21:17:15.733] PartLoader: Compiling Part 'Squad/Parts/Resources/MiniDrill/MiniDrill/MiniDrill'
[LOG 21:17:15.745] PartLoader: Part 'Squad/Parts/Resources/MiniDrill/MiniDrill/MiniDrill' has no database record. Creating.
[LOG 21:17:15.745] [DragCubeSystem]: Drag cubes not found or cannot be read for part Part. Generating New drag cubes.
[LOG 21:17:15.745] [KSPCF/DragCubeGeneration] Creating drag cubes for part 'MiniDrill'
[LOG 21:17:15.788] PartLoader: Compiling Part 'Squad/Parts/Resources/MiniISRU/MiniISRU/MiniISRU'
[LOG 21:17:15.792] PartLoader: Part 'Squad/Parts/Resources/MiniISRU/MiniISRU/MiniISRU' has no database record. Creating.
[LOG 21:17:15.792] [DragCubeSystem]: Drag cubes not found or cannot be read for part Part. Generating New drag cubes.
[LOG 21:17:15.792] [KSPCF/DragCubeGeneration] Creating drag cubes for part 'MiniISRU'
[LOG 21:17:15.800] PartLoader: Compiling Part 'Squad/Parts/Resources/OrbitalScanner/OrbitalScanner/OrbitalScanner'
[LOG 21:17:15.806] PartLoader: Part 'Squad/Parts/Resources/OrbitalScanner/OrbitalScanner/OrbitalScanner' has no database record. Creating.
[LOG 21:17:15.806] [DragCubeSystem]: Drag cubes not found or cannot be read for part Part. Generating New drag cubes.
[LOG 21:17:15.806] [KSPCF/DragCubeGeneration] Creating drag cubes for part 'OrbitalScanner'
[LOG 21:17:15.825] PartLoader: Compiling Part 'Squad/Parts/Resources/RadialDrill/RadialDrill/RadialDrill'
[LOG 21:17:15.830] PartLoader: Part 'Squad/Parts/Resources/RadialDrill/RadialDrill/RadialDrill' has no database record. Creating.
[LOG 21:17:15.830] [DragCubeSystem]: Drag cubes not found or cannot be read for part Part. Generating New drag cubes.
[LOG 21:17:15.830] [KSPCF/DragCubeGeneration] Creating drag cubes for part 'RadialDrill'
[LOG 21:17:15.876] PartLoader: Compiling Part 'Squad/Parts/Resources/RadialTank/RadialTank/RadialOreTank'
[LOG 21:17:15.882] PartLoader: Part 'Squad/Parts/Resources/RadialTank/RadialTank/RadialOreTank' has no database record. Creating.
[LOG 21:17:15.882] [DragCubeSystem]: Drag cubes not found or cannot be read for part Part. Generating New drag cubes.
[LOG 21:17:15.882] [KSPCF/DragCubeGeneration] Creating drag cubes for part 'RadialOreTank'
[LOG 21:17:15.895] PartLoader: Compiling Part 'Squad/Parts/Resources/SmallTank/SmallTank/SmallTank'
[LOG 21:17:15.897] PartLoader: Part 'Squad/Parts/Resources/SmallTank/SmallTank/SmallTank' has no database record. Creating.
[LOG 21:17:15.897] [DragCubeSystem]: Drag cubes not found or cannot be read for part Part. Generating New drag cubes.
[LOG 21:17:15.897] [KSPCF/DragCubeGeneration] Creating drag cubes for part 'SmallTank'
[LOG 21:17:15.910] PartLoader: Compiling Part 'Squad/Parts/Resources/SurfaceScanner/SurfaceScanner/SurfaceScanner'
[LOG 21:17:15.927] PartLoader: Part 'Squad/Parts/Resources/SurfaceScanner/SurfaceScanner/SurfaceScanner' has no database record. Creating.
[LOG 21:17:15.927] [DragCubeSystem]: Drag cubes not found or cannot be read for part Part. Generating New drag cubes.
[LOG 21:17:15.927] [KSPCF/DragCubeGeneration] Creating drag cubes for part 'SurfaceScanner'
[LOG 21:17:15.935] PartLoader: Compiling Part 'Squad/Parts/Resources/SurveyScanner/SurveyScanner/SurveyScanner'
[LOG 21:17:15.941] PartLoader: Part 'Squad/Parts/Resources/SurveyScanner/SurveyScanner/SurveyScanner' has no database record. Creating.
[LOG 21:17:15.941] [DragCubeSystem]: Drag cubes not found or cannot be read for part Part. Generating New drag cubes.
[LOG 21:17:15.941] [KSPCF/DragCubeGeneration] Creating drag cubes for part 'SurveyScanner'
[LOG 21:17:15.963] PartLoader: Compiling Part 'Squad/Parts/Science/AtmosphereSensor/sensorAtmosphere/sensorAtmosphere'
[LOG 21:17:15.966] PartLoader: Part 'Squad/Parts/Science/AtmosphereSensor/sensorAtmosphere/sensorAtmosphere' has no database record. Creating.
[LOG 21:17:15.966] [DragCubeSystem]: Drag cubes not found or cannot be read for part Part. Generating New drag cubes.
[LOG 21:17:15.967] [KSPCF/DragCubeGeneration] Creating drag cubes for part 'sensorAtmosphere'
[LOG 21:17:15.975] PartLoader: Compiling Part 'Squad/Parts/Science/GooExperiment/gooExperiment/GooExperiment'
[LOG 21:17:15.978] PartLoader: Part 'Squad/Parts/Science/GooExperiment/gooExperiment/GooExperiment' has no database record. Creating.
[LOG 21:17:15.978] [DragCubeSystem]: Drag cubes not found or cannot be read for part Part. Generating New drag cubes.
[LOG 21:17:15.979] [KSPCF/DragCubeGeneration] Creating drag cubes for part 'GooExperiment'
[LOG 21:17:16.003] PartLoader: Compiling Part 'Squad/Parts/Science/LargeCrewedLab/largeCrewedLab/Large_Crewed_Lab'
[LOG 21:17:16.017] PartLoader: Part 'Squad/Parts/Science/LargeCrewedLab/largeCrewedLab/Large_Crewed_Lab' has no database record. Creating.
[LOG 21:17:16.017] [DragCubeSystem]: Drag cubes not found or cannot be read for part Part. Generating New drag cubes.
[LOG 21:17:16.017] [KSPCF/DragCubeGeneration] Creating drag cubes for part 'Large.Crewed.Lab'
[LOG 21:17:16.031] PartLoader: Compiling Part 'Squad/Parts/Science/Magnetometer/Magnetometer/Magnetometer'
[LOG 21:17:16.037] PartLoader: Part 'Squad/Parts/Science/Magnetometer/Magnetometer/Magnetometer' has no database record. Creating.
[LOG 21:17:16.037] [DragCubeSystem]: Drag cubes not found or cannot be read for part Part. Generating New drag cubes.
[LOG 21:17:16.037] [KSPCF/DragCubeGeneration] Creating drag cubes for part 'Magnetometer'
[LOG 21:17:16.065] PartLoader: Compiling Part 'Squad/Parts/Science/MaterialBay/materialBay/science_module'
[LOG 21:17:16.069] PartLoader: Part 'Squad/Parts/Science/MaterialBay/materialBay/science_module' has no database record. Creating.
[LOG 21:17:16.069] [DragCubeSystem]: Drag cubes not found or cannot be read for part Part. Generating New drag cubes.
[LOG 21:17:16.069] [KSPCF/DragCubeGeneration] Creating drag cubes for part 'science.module'
[LOG 21:17:16.094] PartLoader: Compiling Part 'Squad/Parts/Science/ScienceBox/ScienceBox/ScienceBox'
[LOG 21:17:16.096] PartLoader: Part 'Squad/Parts/Science/ScienceBox/ScienceBox/ScienceBox' has no database record. Creating.
[LOG 21:17:16.096] [DragCubeSystem]: Drag cubes not found or cannot be read for part Part. Generating New drag cubes.
[LOG 21:17:16.096] [KSPCF/DragCubeGeneration] Creating drag cubes for part 'ScienceBox'
[LOG 21:17:16.105] PartLoader: Compiling Part 'Squad/Parts/Science/sensorAccelerometer/sensorAccelerometer/sensorAccelerometer'
[LOG 21:17:16.110] PartLoader: Part 'Squad/Parts/Science/sensorAccelerometer/sensorAccelerometer/sensorAccelerometer' has no database record. Creating.
[LOG 21:17:16.110] [DragCubeSystem]: Drag cubes not found or cannot be read for part Part. Generating New drag cubes.
[LOG 21:17:16.110] [KSPCF/DragCubeGeneration] Creating drag cubes for part 'sensorAccelerometer'
[LOG 21:17:16.124] PartLoader: Compiling Part 'Squad/Parts/Science/sensorBarometer/sensorBarometer/sensorBarometer'
[LOG 21:17:16.126] PartLoader: Part 'Squad/Parts/Science/sensorBarometer/sensorBarometer/sensorBarometer' has no database record. Creating.
[LOG 21:17:16.126] [DragCubeSystem]: Drag cubes not found or cannot be read for part Part. Generating New drag cubes.
[LOG 21:17:16.126] [KSPCF/DragCubeGeneration] Creating drag cubes for part 'sensorBarometer'
[LOG 21:17:16.134] PartLoader: Compiling Part 'Squad/Parts/Science/sensorGravimeter/sensorGravimeter/sensorGravimeter'
[LOG 21:17:16.139] PartLoader: Part 'Squad/Parts/Science/sensorGravimeter/sensorGravimeter/sensorGravimeter' has no database record. Creating.
[LOG 21:17:16.139] [DragCubeSystem]: Drag cubes not found or cannot be read for part Part. Generating New drag cubes.
[LOG 21:17:16.139] [KSPCF/DragCubeGeneration] Creating drag cubes for part 'sensorGravimeter'
[LOG 21:17:16.147] PartLoader: Compiling Part 'Squad/Parts/Science/sensorThermometer/sensorThermometer/sensorThermometer'
[LOG 21:17:16.160] PartLoader: Part 'Squad/Parts/Science/sensorThermometer/sensorThermometer/sensorThermometer' has no database record. Creating.
[LOG 21:17:16.160] [DragCubeSystem]: Drag cubes not found or cannot be read for part Part. Generating New drag cubes.
[LOG 21:17:16.160] [KSPCF/DragCubeGeneration] Creating drag cubes for part 'sensorThermometer'
[LOG 21:17:16.169] PartLoader: Compiling Part 'Squad/Parts/Structural/FLAdapters/adapterSmallMiniShort/adapterSmallMiniShort'
[LOG 21:17:16.171] PartLoader: Part 'Squad/Parts/Structural/FLAdapters/adapterSmallMiniShort/adapterSmallMiniShort' has no database record. Creating.
[LOG 21:17:16.171] [DragCubeSystem]: Drag cubes not found or cannot be read for part Part. Generating New drag cubes.
[LOG 21:17:16.171] [KSPCF/DragCubeGeneration] Creating drag cubes for part 'adapterSmallMiniShort'
[LOG 21:17:16.180] PartLoader: Compiling Part 'Squad/Parts/Structural/FLAdapters/adapterSmallMiniTall/adapterSmallMiniTall'
[LOG 21:17:16.182] PartLoader: Part 'Squad/Parts/Structural/FLAdapters/adapterSmallMiniTall/adapterSmallMiniTall' has no database record. Creating.
[LOG 21:17:16.182] [DragCubeSystem]: Drag cubes not found or cannot be read for part Part. Generating New drag cubes.
[LOG 21:17:16.182] [KSPCF/DragCubeGeneration] Creating drag cubes for part 'adapterSmallMiniTall'
[LOG 21:17:16.189] PartLoader: Compiling Part 'Squad/Parts/Structural/mk1Parts/engineBodyRadial/radialEngineBody'
[LOG 21:17:16.191] PartLoader: Part 'Squad/Parts/Structural/mk1Parts/engineBodyRadial/radialEngineBody' has no database record. Creating.
[LOG 21:17:16.192] [DragCubeSystem]: Drag cubes not found or cannot be read for part Part. Generating New drag cubes.
[LOG 21:17:16.192] [KSPCF/DragCubeGeneration] Creating drag cubes for part 'radialEngineBody'
[LOG 21:17:16.199] PartLoader: Compiling Part 'Squad/Parts/Structural/mk1Parts/engineNacelle/nacelleBody'
[LOG 21:17:16.202] PartLoader: Part 'Squad/Parts/Structural/mk1Parts/engineNacelle/nacelleBody' has no database record. Creating.
[LOG 21:17:16.202] [DragCubeSystem]: Drag cubes not found or cannot be read for part Part. Generating New drag cubes.
[LOG 21:17:16.202] [KSPCF/DragCubeGeneration] Creating drag cubes for part 'nacelleBody'
[LOG 21:17:16.211] PartLoader: Compiling Part 'Squad/Parts/Structural/mk1Parts/mk1Fuselage/MK1Fuselage'
[LOG 21:17:16.213] PartLoader: Part 'Squad/Parts/Structural/mk1Parts/mk1Fuselage/MK1Fuselage' has no database record. Creating.
[LOG 21:17:16.213] [DragCubeSystem]: Drag cubes not found or cannot be read for part Part. Generating New drag cubes.
[LOG 21:17:16.213] [KSPCF/DragCubeGeneration] Creating drag cubes for part 'MK1Fuselage'
[LOG 21:17:16.220] PartLoader: Compiling Part 'Squad/Parts/Structural/mk1Parts/mk1FuselageIntake/MK1IntakeFuselage'
[LOG 21:17:16.223] PartLoader: Part 'Squad/Parts/Structural/mk1Parts/mk1FuselageIntake/MK1IntakeFuselage' has no database record. Creating.
[LOG 21:17:16.223] [DragCubeSystem]: Drag cubes not found or cannot be read for part Part. Generating New drag cubes.
[LOG 21:17:16.223] [KSPCF/DragCubeGeneration] Creating drag cubes for part 'MK1IntakeFuselage'
[LOG 21:17:16.231] PartLoader: Compiling Part 'Squad/Parts/Structural/mk1Parts/mk1Structural/Mk1FuselageStructural'
[LOG 21:17:16.233] PartLoader: Part 'Squad/Parts/Structural/mk1Parts/mk1Structural/Mk1FuselageStructural' has no database record. Creating.
[LOG 21:17:16.233] PartLoader: Compiling Part 'Squad/Parts/Structural/Size3To2Adapter_v2/Size2to3_v2/Size3To2Adapter_v2'
[LOG 21:17:16.235] PartLoader: Part 'Squad/Parts/Structural/Size3To2Adapter_v2/Size2to3_v2/Size3To2Adapter_v2' has no database record. Creating.
[LOG 21:17:16.235] PartLoader: Compiling Part 'Squad/Parts/Structural/stackAdapters/adapterLargeSmallBi/adapterLargeSmallBi'
[LOG 21:17:16.237] PartLoader: Part 'Squad/Parts/Structural/stackAdapters/adapterLargeSmallBi/adapterLargeSmallBi' has no database record. Creating.
[LOG 21:17:16.237] [DragCubeSystem]: Drag cubes not found or cannot be read for part Part. Generating New drag cubes.
[LOG 21:17:16.237] [KSPCF/DragCubeGeneration] Creating drag cubes for part 'adapterLargeSmallBi'
[LOG 21:17:16.245] PartLoader: Compiling Part 'Squad/Parts/Structural/stackAdapters/adapterLargeSmallQuad/adapterLargeSmallQuad'
[LOG 21:17:16.248] PartLoader: Part 'Squad/Parts/Structural/stackAdapters/adapterLargeSmallQuad/adapterLargeSmallQuad' has no database record. Creating.
[LOG 21:17:16.248] [DragCubeSystem]: Drag cubes not found or cannot be read for part Part. Generating New drag cubes.
[LOG 21:17:16.248] [KSPCF/DragCubeGeneration] Creating drag cubes for part 'adapterLargeSmallQuad'
[LOG 21:17:16.255] PartLoader: Compiling Part 'Squad/Parts/Structural/stackAdapters/adapterLargeSmallTri/adapterLargeSmallTri'
[LOG 21:17:16.257] PartLoader: Part 'Squad/Parts/Structural/stackAdapters/adapterLargeSmallTri/adapterLargeSmallTri' has no database record. Creating.
[LOG 21:17:16.257] [DragCubeSystem]: Drag cubes not found or cannot be read for part Part. Generating New drag cubes.
[LOG 21:17:16.257] [KSPCF/DragCubeGeneration] Creating drag cubes for part 'adapterLargeSmallTri'
[LOG 21:17:16.264] PartLoader: Compiling Part 'Squad/Parts/Structural/stationHub/stationHub/stationHub'
[LOG 21:17:16.266] PartLoader: Part 'Squad/Parts/Structural/stationHub/stationHub/stationHub' has no database record. Creating.
[LOG 21:17:16.266] [DragCubeSystem]: Drag cubes not found or cannot be read for part Part. Generating New drag cubes.
[LOG 21:17:16.266] [KSPCF/DragCubeGeneration] Creating drag cubes for part 'stationHub'
[LOG 21:17:16.278] PartLoader: Compiling Part 'Squad/Parts/Structural/structuralIBeam200/structuralIBeam200/structuralIBeam2'
[LOG 21:17:16.280] PartLoader: Part 'Squad/Parts/Structural/structuralIBeam200/structuralIBeam200/structuralIBeam2' has no database record. Creating.
[LOG 21:17:16.280] [DragCubeSystem]: Drag cubes not found or cannot be read for part Part. Generating New drag cubes.
[LOG 21:17:16.280] [KSPCF/DragCubeGeneration] Creating drag cubes for part 'structuralIBeam2'
[LOG 21:17:16.287] PartLoader: Compiling Part 'Squad/Parts/Structural/structuralIBeam200Pocket/structuralIBeam200Pocket/structuralIBeam3'
[LOG 21:17:16.290] PartLoader: Part 'Squad/Parts/Structural/structuralIBeam200Pocket/structuralIBeam200Pocket/structuralIBeam3' has no database record. Creating.
[LOG 21:17:16.290] [DragCubeSystem]: Drag cubes not found or cannot be read for part Part. Generating New drag cubes.
[LOG 21:17:16.290] [KSPCF/DragCubeGeneration] Creating drag cubes for part 'structuralIBeam3'
[LOG 21:17:16.298] PartLoader: Compiling Part 'Squad/Parts/Structural/structuralIBeam650/structuralIBeam650/structuralIBeam1'
[LOG 21:17:16.299] PartLoader: Part 'Squad/Parts/Structural/structuralIBeam650/structuralIBeam650/structuralIBeam1' has no database record. Creating.
[LOG 21:17:16.299] [DragCubeSystem]: Drag cubes not found or cannot be read for part Part. Generating New drag cubes.
[LOG 21:17:16.299] [KSPCF/DragCubeGeneration] Creating drag cubes for part 'structuralIBeam1'
[LOG 21:17:16.308] PartLoader: Compiling Part 'Squad/Parts/Structural/structuralMicronode/structuralMicronode/structuralMiniNode'
[LOG 21:17:16.311] PartLoader: Part 'Squad/Parts/Structural/structuralMicronode/structuralMicronode/structuralMiniNode' has no database record. Creating.
[LOG 21:17:16.311] [DragCubeSystem]: Drag cubes not found or cannot be read for part Part. Generating New drag cubes.
[LOG 21:17:16.311] [KSPCF/DragCubeGeneration] Creating drag cubes for part 'structuralMiniNode'
[LOG 21:17:16.318] PartLoader: Compiling Part 'Squad/Parts/Structural/structuralPanel1x1/structuralPanel1x1/structuralPanel1'
[LOG 21:17:16.320] PartLoader: Part 'Squad/Parts/Structural/structuralPanel1x1/structuralPanel1x1/structuralPanel1' has no database record. Creating.
[LOG 21:17:16.320] [DragCubeSystem]: Drag cubes not found or cannot be read for part Part. Generating New drag cubes.
[LOG 21:17:16.320] [KSPCF/DragCubeGeneration] Creating drag cubes for part 'structuralPanel1'
[LOG 21:17:16.329] PartLoader: Compiling Part 'Squad/Parts/Structural/structuralPanel2x2/structuralPanel2x2/structuralPanel2'
[LOG 21:17:16.331] PartLoader: Part 'Squad/Parts/Structural/structuralPanel2x2/structuralPanel2x2/structuralPanel2' has no database record. Creating.
[LOG 21:17:16.331] [DragCubeSystem]: Drag cubes not found or cannot be read for part Part. Generating New drag cubes.
[LOG 21:17:16.331] [KSPCF/DragCubeGeneration] Creating drag cubes for part 'structuralPanel2'
[LOG 21:17:16.338] PartLoader: Compiling Part 'Squad/Parts/Structural/structuralPylons/smallHardpoint/smallHardpoint'
[LOG 21:17:16.341] PartLoader: Part 'Squad/Parts/Structural/structuralPylons/smallHardpoint/smallHardpoint' has no database record. Creating.
[LOG 21:17:16.341] [DragCubeSystem]: Drag cubes not found or cannot be read for part Part. Generating New drag cubes.
[LOG 21:17:16.341] [KSPCF/DragCubeGeneration] Creating drag cubes for part 'smallHardpoint'
[LOG 21:17:16.351] PartLoader: Compiling Part 'Squad/Parts/Structural/structuralPylons/structuralPylon/structuralPylon'
[LOG 21:17:16.354] PartLoader: Part 'Squad/Parts/Structural/structuralPylons/structuralPylon/structuralPylon' has no database record. Creating.
[LOG 21:17:16.354] [DragCubeSystem]: Drag cubes not found or cannot be read for part Part. Generating New drag cubes.
[LOG 21:17:16.354] [KSPCF/DragCubeGeneration] Creating drag cubes for part 'structuralPylon'
[LOG 21:17:16.362] PartLoader: Compiling Part 'Squad/Parts/Structural/strutCubicOcto/strutCubicOcto/strutCube'
[LOG 21:17:16.364] PartLoader: Part 'Squad/Parts/Structural/strutCubicOcto/strutCubicOcto/strutCube' has no database record. Creating.
[LOG 21:17:16.364] [DragCubeSystem]: Drag cubes not found or cannot be read for part Part. Generating New drag cubes.
[LOG 21:17:16.364] [KSPCF/DragCubeGeneration] Creating drag cubes for part 'strutCube'
[LOG 21:17:16.372] PartLoader: Compiling Part 'Squad/Parts/Structural/strutOcto/strutOcto/strutOcto'
[LOG 21:17:16.375] PartLoader: Part 'Squad/Parts/Structural/strutOcto/strutOcto/strutOcto' has no database record. Creating.
[LOG 21:17:16.375] [DragCubeSystem]: Drag cubes not found or cannot be read for part Part. Generating New drag cubes.
[LOG 21:17:16.375] [KSPCF/DragCubeGeneration] Creating drag cubes for part 'strutOcto'
[LOG 21:17:16.384] PartLoader: Compiling Part 'Squad/Parts/Structural/trussGirderAdapter/trussGirderAdapter/trussAdapter'
[LOG 21:17:16.386] PartLoader: Part 'Squad/Parts/Structural/trussGirderAdapter/trussGirderAdapter/trussAdapter' has no database record. Creating.
[LOG 21:17:16.386] [DragCubeSystem]: Drag cubes not found or cannot be read for part Part. Generating New drag cubes.
[LOG 21:17:16.386] [KSPCF/DragCubeGeneration] Creating drag cubes for part 'trussAdapter'
[LOG 21:17:16.394] PartLoader: Compiling Part 'Squad/Parts/Structural/trussGirderL/trussGirderL/trussPiece1x'
[LOG 21:17:16.395] PartLoader: Part 'Squad/Parts/Structural/trussGirderL/trussGirderL/trussPiece1x' has no database record. Creating.
[LOG 21:17:16.395] [DragCubeSystem]: Drag cubes not found or cannot be read for part Part. Generating New drag cubes.
[LOG 21:17:16.395] [KSPCF/DragCubeGeneration] Creating drag cubes for part 'trussPiece1x'
[LOG 21:17:16.404] PartLoader: Compiling Part 'Squad/Parts/Structural/trussGirderXL/trussGirderXL/trussPiece3x'
[LOG 21:17:16.406] PartLoader: Part 'Squad/Parts/Structural/trussGirderXL/trussGirderXL/trussPiece3x' has no database record. Creating.
[LOG 21:17:16.406] [DragCubeSystem]: Drag cubes not found or cannot be read for part Part. Generating New drag cubes.
[LOG 21:17:16.406] [KSPCF/DragCubeGeneration] Creating drag cubes for part 'trussPiece3x'
[LOG 21:17:16.414] PartLoader: Compiling Part 'Squad/Parts/Thermal/FoldingRadiators/foldingRadLarge/foldingRadLarge'
[LOG 21:17:16.423] PartLoader: Part 'Squad/Parts/Thermal/FoldingRadiators/foldingRadLarge/foldingRadLarge' has no database record. Creating.
[LOG 21:17:16.425] PartLoader: Compiling Part 'Squad/Parts/Thermal/FoldingRadiators/foldingRadMed/foldingRadMed'
[LOG 21:17:16.428] PartLoader: Part 'Squad/Parts/Thermal/FoldingRadiators/foldingRadMed/foldingRadMed' has no database record. Creating.
[LOG 21:17:16.429] PartLoader: Compiling Part 'Squad/Parts/Thermal/FoldingRadiators/foldingRadSmall/foldingRadSmall'
[LOG 21:17:16.431] PartLoader: Part 'Squad/Parts/Thermal/FoldingRadiators/foldingRadSmall/foldingRadSmall' has no database record. Creating.
[LOG 21:17:16.432] PartLoader: Compiling Part 'Squad/Parts/Thermal/RadiatorPanels/radPanelEdge/radPanelEdge'
[LOG 21:17:16.434] PartLoader: Part 'Squad/Parts/Thermal/RadiatorPanels/radPanelEdge/radPanelEdge' has no database record. Creating.
[LOG 21:17:16.434] [DragCubeSystem]: Drag cubes not found or cannot be read for part Part. Generating New drag cubes.
[LOG 21:17:16.434] [KSPCF/DragCubeGeneration] Creating drag cubes for part 'radPanelEdge'
[LOG 21:17:16.441] PartLoader: Compiling Part 'Squad/Parts/Thermal/RadiatorPanels/radPanelLg/radPanelLg'
[LOG 21:17:16.443] PartLoader: Part 'Squad/Parts/Thermal/RadiatorPanels/radPanelLg/radPanelLg' has no database record. Creating.
[LOG 21:17:16.443] [DragCubeSystem]: Drag cubes not found or cannot be read for part Part. Generating New drag cubes.
[LOG 21:17:16.443] [KSPCF/DragCubeGeneration] Creating drag cubes for part 'radPanelLg'
[LOG 21:17:16.452] PartLoader: Compiling Part 'Squad/Parts/Thermal/RadiatorPanels/radPanelSm/radPanelSm'
[LOG 21:17:16.454] PartLoader: Part 'Squad/Parts/Thermal/RadiatorPanels/radPanelSm/radPanelSm' has no database record. Creating.
[LOG 21:17:16.455] [DragCubeSystem]: Drag cubes not found or cannot be read for part Part. Generating New drag cubes.
[LOG 21:17:16.455] [KSPCF/DragCubeGeneration] Creating drag cubes for part 'radPanelSm'
[LOG 21:17:16.465] PartLoader: Compiling Part 'Squad/Parts/Utility/commDish88-88/commDish88-88/commDish'
[LOG 21:17:16.468] PartLoader: Part 'Squad/Parts/Utility/commDish88-88/commDish88-88/commDish' has no database record. Creating.
[LOG 21:17:16.468] [DragCubeSystem]: Drag cubes not found or cannot be read for part Part. Generating New drag cubes.
[LOG 21:17:16.469] [KSPCF/DragCubeGeneration] Creating drag cubes for part 'commDish'
[LOG 21:17:16.493] PartLoader: Compiling Part 'Squad/Parts/Utility/commsAntennaDTS-M1/commsAntennaDTS-M1/mediumDishAntenna'
[LOG 21:17:16.496] PartLoader: Part 'Squad/Parts/Utility/commsAntennaDTS-M1/commsAntennaDTS-M1/mediumDishAntenna' has no database record. Creating.
[LOG 21:17:16.496] [DragCubeSystem]: Drag cubes not found or cannot be read for part Part. Generating New drag cubes.
[LOG 21:17:16.496] [KSPCF/DragCubeGeneration] Creating drag cubes for part 'mediumDishAntenna'
[LOG 21:17:16.517] PartLoader: Compiling Part 'Squad/Parts/Utility/commsDish16/commsAntenna16/longAntenna'
[LOG 21:17:16.520] PartLoader: Part 'Squad/Parts/Utility/commsDish16/commsAntenna16/longAntenna' has no database record. Creating.
[LOG 21:17:16.520] [DragCubeSystem]: Drag cubes not found or cannot be read for part Part. Generating New drag cubes.
[LOG 21:17:16.520] [KSPCF/DragCubeGeneration] Creating drag cubes for part 'longAntenna'
[LOG 21:17:16.545] PartLoader: Compiling Part 'Squad/Parts/Utility/decouplerRadialHDM/decouplerRadialHDM/radialDecoupler1-2'
[LOG 21:17:16.550] PartLoader: Part 'Squad/Parts/Utility/decouplerRadialHDM/decouplerRadialHDM/radialDecoupler1-2' has no database record. Creating.
[LOG 21:17:16.550] [DragCubeSystem]: Drag cubes not found or cannot be read for part Part. Generating New drag cubes.
[LOG 21:17:16.550] [KSPCF/DragCubeGeneration] Creating drag cubes for part 'radialDecoupler1-2'
[LOG 21:17:16.559] PartLoader: Compiling Part 'Squad/Parts/Utility/decouplerRadialTT-38K/decouplerRadialTT-38K/radialDecoupler'
[LOG 21:17:16.563] PartLoader: Part 'Squad/Parts/Utility/decouplerRadialTT-38K/decouplerRadialTT-38K/radialDecoupler' has no database record. Creating.
[LOG 21:17:16.563] [DragCubeSystem]: Drag cubes not found or cannot be read for part Part. Generating New drag cubes.
[LOG 21:17:16.563] [KSPCF/DragCubeGeneration] Creating drag cubes for part 'radialDecoupler'
[LOG 21:17:16.572] PartLoader: Compiling Part 'Squad/Parts/Utility/decouplerRadialTT-70/decouplerRadialTT-70/radialDecoupler2'
[LOG 21:17:16.575] PartLoader: Part 'Squad/Parts/Utility/decouplerRadialTT-70/decouplerRadialTT-70/radialDecoupler2' has no database record. Creating.
[LOG 21:17:16.575] [DragCubeSystem]: Drag cubes not found or cannot be read for part Part. Generating New drag cubes.
[LOG 21:17:16.575] [KSPCF/DragCubeGeneration] Creating drag cubes for part 'radialDecoupler2'
[LOG 21:17:16.584] PartLoader: Compiling Part 'Squad/Parts/Utility/DirectAntennas/C16S/SurfAntenna'
[LOG 21:17:16.587] PartLoader: Part 'Squad/Parts/Utility/DirectAntennas/C16S/SurfAntenna' has no database record. Creating.
[LOG 21:17:16.587] [DragCubeSystem]: Drag cubes not found or cannot be read for part Part. Generating New drag cubes.
[LOG 21:17:16.587] [KSPCF/DragCubeGeneration] Creating drag cubes for part 'SurfAntenna'
[LOG 21:17:16.597] PartLoader: Compiling Part 'Squad/Parts/Utility/DirectAntennas/HG-5/HighGainAntenna5'
[LOG 21:17:16.600] PartLoader: Part 'Squad/Parts/Utility/DirectAntennas/HG-5/HighGainAntenna5' has no database record. Creating.
[LOG 21:17:16.600] [DragCubeSystem]: Drag cubes not found or cannot be read for part Part. Generating New drag cubes.
[LOG 21:17:16.600] [KSPCF/DragCubeGeneration] Creating drag cubes for part 'HighGainAntenna5'
[LOG 21:17:16.621] PartLoader: Compiling Part 'Squad/Parts/Utility/DirectAntennas/HG-5_v2/HighGainAntenna5_v2'
[LOG 21:17:16.624] PartLoader: Part 'Squad/Parts/Utility/DirectAntennas/HG-5_v2/HighGainAntenna5_v2' has no database record. Creating.
[LOG 21:17:16.624] [DragCubeSystem]: Drag cubes not found or cannot be read for part Part. Generating New drag cubes.
[LOG 21:17:16.624] [KSPCF/DragCubeGeneration] Creating drag cubes for part 'HighGainAntenna5.v2'
[LOG 21:17:16.647] PartLoader: Compiling Part 'Squad/Parts/Utility/dockingPort/dockingPort/dockingPort2'
[LOG 21:17:16.655] PartLoader: Part 'Squad/Parts/Utility/dockingPort/dockingPort/dockingPort2' has no database record. Creating.
[LOG 21:17:16.655] [DragCubeSystem]: Drag cubes not found or cannot be read for part Part. Generating New drag cubes.
[LOG 21:17:16.655] [KSPCF/DragCubeGeneration] Creating drag cubes for part 'dockingPort2'
[LOG 21:17:16.664] PartLoader: Compiling Part 'Squad/Parts/Utility/dockingPortInline/dockingPortInline/dockingPortLateral'
[LOG 21:17:16.669] PartLoader: Part 'Squad/Parts/Utility/dockingPortInline/dockingPortInline/dockingPortLateral' has no database record. Creating.
[LOG 21:17:16.669] [DragCubeSystem]: Drag cubes not found or cannot be read for part Part. Generating New drag cubes.
[LOG 21:17:16.669] [KSPCF/DragCubeGeneration] Creating drag cubes for part 'dockingPortLateral'
[LOG 21:17:16.691] PartLoader: Compiling Part 'Squad/Parts/Utility/dockingPortJr/dockingPortJr/dockingPort3'
[LOG 21:17:16.694] PartLoader: Part 'Squad/Parts/Utility/dockingPortJr/dockingPortJr/dockingPort3' has no database record. Creating.
[LOG 21:17:16.694] [DragCubeSystem]: Drag cubes not found or cannot be read for part Part. Generating New drag cubes.
[LOG 21:17:16.694] [KSPCF/DragCubeGeneration] Creating drag cubes for part 'dockingPort3'
[LOG 21:17:16.703] PartLoader: Compiling Part 'Squad/Parts/Utility/dockingPortShielded/dockingPortShielded/dockingPort1'
[LOG 21:17:16.708] PartLoader: Part 'Squad/Parts/Utility/dockingPortShielded/dockingPortShielded/dockingPort1' has no database record. Creating.
[LOG 21:17:16.708] [DragCubeSystem]: Drag cubes not found or cannot be read for part Part. Generating New drag cubes.
[LOG 21:17:16.708] [KSPCF/DragCubeGeneration] Creating drag cubes for part 'dockingPort1'
[LOG 21:17:16.729] PartLoader: Compiling Part 'Squad/Parts/Utility/dockingPortSr/dockingPortSr/dockingPortLarge'
[LOG 21:17:16.732] PartLoader: Part 'Squad/Parts/Utility/dockingPortSr/dockingPortSr/dockingPortLarge' has no database record. Creating.
[LOG 21:17:16.732] [DragCubeSystem]: Drag cubes not found or cannot be read for part Part. Generating New drag cubes.
[LOG 21:17:16.732] [KSPCF/DragCubeGeneration] Creating drag cubes for part 'dockingPortLarge'
[LOG 21:17:16.740] PartLoader: Compiling Part 'Squad/Parts/Utility/Fireworks/fireworksLauncherBig/fireworksLauncherBig'
[LOG 21:17:16.749] PartLoader: Part 'Squad/Parts/Utility/Fireworks/fireworksLauncherBig/fireworksLauncherBig' has no database record. Creating.
[LOG 21:17:16.749] [DragCubeSystem]: Drag cubes not found or cannot be read for part Part. Generating New drag cubes.
[LOG 21:17:16.749] [KSPCF/DragCubeGeneration] Creating drag cubes for part 'fireworksLauncherBig'
[LOG 21:17:16.757] PartLoader: Compiling Part 'Squad/Parts/Utility/Fireworks/fireworksLauncherSmall/fireworksLauncherSmall'
[LOG 21:17:16.763] PartLoader: Part 'Squad/Parts/Utility/Fireworks/fireworksLauncherSmall/fireworksLauncherSmall' has no database record. Creating.
[LOG 21:17:16.763] [DragCubeSystem]: Drag cubes not found or cannot be read for part Part. Generating New drag cubes.
[LOG 21:17:16.763] [KSPCF/DragCubeGeneration] Creating drag cubes for part 'fireworksLauncherSmall'
[LOG 21:17:16.771] PartLoader: Compiling Part 'Squad/Parts/Utility/flags/flagFlat/flagFlat/flagPartFlat'
[LOG 21:17:16.778] PartLoader: Part 'Squad/Parts/Utility/flags/flagFlat/flagFlat/flagPartFlat' has no database record. Creating.
[LOG 21:17:16.778] [DragCubeSystem]: Drag cubes not found or cannot be read for part Part. Generating New drag cubes.
[LOG 21:17:16.778] [KSPCF/DragCubeGeneration] Creating drag cubes for part 'flagPartFlat'
[LOG 21:17:16.786] PartLoader: Compiling Part 'Squad/Parts/Utility/flags/flagSize0/flagSize0/flagPartSize0'
[LOG 21:17:16.789] PartLoader: Part 'Squad/Parts/Utility/flags/flagSize0/flagSize0/flagPartSize0' has no database record. Creating.
[LOG 21:17:16.790] [DragCubeSystem]: Drag cubes not found or cannot be read for part Part. Generating New drag cubes.
[LOG 21:17:16.790] [KSPCF/DragCubeGeneration] Creating drag cubes for part 'flagPartSize0'
[LOG 21:17:16.797] PartLoader: Compiling Part 'Squad/Parts/Utility/flags/flagSize1/flagSize1/flagPartSize1'
[LOG 21:17:16.800] PartLoader: Part 'Squad/Parts/Utility/flags/flagSize1/flagSize1/flagPartSize1' has no database record. Creating.
[LOG 21:17:16.800] [DragCubeSystem]: Drag cubes not found or cannot be read for part Part. Generating New drag cubes.
[LOG 21:17:16.800] [KSPCF/DragCubeGeneration] Creating drag cubes for part 'flagPartSize1'
[LOG 21:17:16.809] PartLoader: Compiling Part 'Squad/Parts/Utility/flags/flagSize2/flagSize2/flagPartSize2'
[LOG 21:17:16.813] PartLoader: Part 'Squad/Parts/Utility/flags/flagSize2/flagSize2/flagPartSize2' has no database record. Creating.
[LOG 21:17:16.813] [DragCubeSystem]: Drag cubes not found or cannot be read for part Part. Generating New drag cubes.
[LOG 21:17:16.813] [KSPCF/DragCubeGeneration] Creating drag cubes for part 'flagPartSize2'
[LOG 21:17:16.819] PartLoader: Compiling Part 'Squad/Parts/Utility/flags/flagSize3/flagSize3/flagPartSize3'
[LOG 21:17:16.823] PartLoader: Part 'Squad/Parts/Utility/flags/flagSize3/flagSize3/flagPartSize3' has no database record. Creating.
[LOG 21:17:16.823] [DragCubeSystem]: Drag cubes not found or cannot be read for part Part. Generating New drag cubes.
[LOG 21:17:16.823] [KSPCF/DragCubeGeneration] Creating drag cubes for part 'flagPartSize3'
[LOG 21:17:16.832] PartLoader: Compiling Part 'Squad/Parts/Utility/GrapplingDevice/part/GrapplingDevice'
[LOG 21:17:16.841] PartLoader: Part 'Squad/Parts/Utility/GrapplingDevice/part/GrapplingDevice' has no database record. Creating.
[LOG 21:17:16.841] [DragCubeSystem]: Drag cubes not found or cannot be read for part Part. Generating New drag cubes.
[LOG 21:17:16.841] [KSPCF/DragCubeGeneration] Creating drag cubes for part 'GrapplingDevice'
[LOG 21:17:16.866] PartLoader: Compiling Part 'Squad/Parts/Utility/ladderRadial/ladderRadial/ladder1'
[LOG 21:17:16.868] PartLoader: Part 'Squad/Parts/Utility/ladderRadial/ladderRadial/ladder1' has no database record. Creating.
[LOG 21:17:16.868] [DragCubeSystem]: Drag cubes not found or cannot be read for part Part. Generating New drag cubes.
[LOG 21:17:16.868] [KSPCF/DragCubeGeneration] Creating drag cubes for part 'ladder1'
[LOG 21:17:16.877] PartLoader: Compiling Part 'Squad/Parts/Utility/ladderTelescopic/ladderTelescopic/telescopicLadder'
[LOG 21:17:16.881] PartLoader: Part 'Squad/Parts/Utility/ladderTelescopic/ladderTelescopic/telescopicLadder' has no database record. Creating.
[LOG 21:17:16.881] [DragCubeSystem]: Drag cubes not found or cannot be read for part Part. Generating New drag cubes.
[LOG 21:17:16.881] [KSPCF/DragCubeGeneration] Creating drag cubes for part 'telescopicLadder'
[LOG 21:17:16.905] PartLoader: Compiling Part 'Squad/Parts/Utility/ladderTelescopicBay/ladderTelescopicBay/telescopicLadderBay'
[LOG 21:17:16.914] PartLoader: Part 'Squad/Parts/Utility/ladderTelescopicBay/ladderTelescopicBay/telescopicLadderBay' has no database record. Creating.
[LOG 21:17:16.914] [DragCubeSystem]: Drag cubes not found or cannot be read for part Part. Generating New drag cubes.
[LOG 21:17:16.914] [KSPCF/DragCubeGeneration] Creating drag cubes for part 'telescopicLadderBay'
[LOG 21:17:16.940] PartLoader: Compiling Part 'Squad/Parts/Utility/landingLegLT-1/landingLegLT-1/landingLeg1'
[LOG 21:17:16.958] PartLoader: Part 'Squad/Parts/Utility/landingLegLT-1/landingLegLT-1/landingLeg1' has no database record. Creating.
[LOG 21:17:16.958] [DragCubeSystem]: Drag cubes not found or cannot be read for part Part. Generating New drag cubes.
[LOG 21:17:16.958] [KSPCF/DragCubeGeneration] Creating drag cubes for part 'landingLeg1'
[LOG 21:17:16.984] PartLoader: Compiling Part 'Squad/Parts/Utility/landingLegLT-2/landingLegLT-2/landingLeg1-2'
[LOG 21:17:16.988] PartLoader: Part 'Squad/Parts/Utility/landingLegLT-2/landingLegLT-2/landingLeg1-2' has no database record. Creating.
[LOG 21:17:16.988] [DragCubeSystem]: Drag cubes not found or cannot be read for part Part. Generating New drag cubes.
[LOG 21:17:16.988] [KSPCF/DragCubeGeneration] Creating drag cubes for part 'landingLeg1-2'
[LOG 21:17:17.008] PartLoader: Compiling Part 'Squad/Parts/Utility/landingLegLT-5/landingLegLT-5/miniLandingLeg'
[LOG 21:17:17.012] PartLoader: Part 'Squad/Parts/Utility/landingLegLT-5/landingLegLT-5/miniLandingLeg' has no database record. Creating.
[LOG 21:17:17.012] [DragCubeSystem]: Drag cubes not found or cannot be read for part Part. Generating New drag cubes.
[LOG 21:17:17.012] [KSPCF/DragCubeGeneration] Creating drag cubes for part 'miniLandingLeg'
[LOG 21:17:17.033] PartLoader: Compiling Part 'Squad/Parts/Utility/launchClamp1/launchClamp1/launchClamp1'
[LOG 21:17:17.038] PartLoader: Part 'Squad/Parts/Utility/launchClamp1/launchClamp1/launchClamp1' has no database record. Creating.
[LOG 21:17:17.039] [DragCubeSystem]: Drag cubes not found or cannot be read for part Part. Generating New drag cubes.
[LOG 21:17:17.039] [KSPCF/DragCubeGeneration] Creating drag cubes for part 'launchClamp1'
[LOG 21:17:17.046] PartLoader: Compiling Part 'Squad/Parts/Utility/launchEscapeSystem/part/LaunchEscapeSystem'
[LOG 21:17:17.050] PartLoader: Part 'Squad/Parts/Utility/launchEscapeSystem/part/LaunchEscapeSystem' has no database record. Creating.
[LOG 21:17:17.050] [DragCubeSystem]: Drag cubes not found or cannot be read for part Part. Generating New drag cubes.
[LOG 21:17:17.050] [KSPCF/DragCubeGeneration] Creating drag cubes for part 'LaunchEscapeSystem'
[LOG 21:17:17.059] PartLoader: Compiling Part 'Squad/Parts/Utility/Lights/domeLight1/domeLight1'
[LOG 21:17:17.062] PartLoader: Part 'Squad/Parts/Utility/Lights/domeLight1/domeLight1' has no database record. Creating.
[LOG 21:17:17.062] [DragCubeSystem]: Drag cubes not found or cannot be read for part Part. Generating New drag cubes.
[LOG 21:17:17.062] [KSPCF/DragCubeGeneration] Creating drag cubes for part 'domeLight1'
[LOG 21:17:17.070] PartLoader: Compiling Part 'Squad/Parts/Utility/Lights/groundLight1/groundLight1'
[LOG 21:17:17.072] PartLoader: Part 'Squad/Parts/Utility/Lights/groundLight1/groundLight1' has no database record. Creating.
[LOG 21:17:17.072] [DragCubeSystem]: Drag cubes not found or cannot be read for part Part. Generating New drag cubes.
[LOG 21:17:17.073] [KSPCF/DragCubeGeneration] Creating drag cubes for part 'groundLight1'
[LOG 21:17:17.080] PartLoader: Compiling Part 'Squad/Parts/Utility/Lights/groundLight2/groundLight2'
[LOG 21:17:17.083] PartLoader: Part 'Squad/Parts/Utility/Lights/groundLight2/groundLight2' has no database record. Creating.
[LOG 21:17:17.083] [DragCubeSystem]: Drag cubes not found or cannot be read for part Part. Generating New drag cubes.
[LOG 21:17:17.083] [KSPCF/DragCubeGeneration] Creating drag cubes for part 'groundLight2'
[LOG 21:17:17.090] PartLoader: Compiling Part 'Squad/Parts/Utility/Lights/navLight1/navLight1'
[LOG 21:17:17.094] PartLoader: Part 'Squad/Parts/Utility/Lights/navLight1/navLight1' has no database record. Creating.
[LOG 21:17:17.094] [DragCubeSystem]: Drag cubes not found or cannot be read for part Part. Generating New drag cubes.
[LOG 21:17:17.095] [KSPCF/DragCubeGeneration] Creating drag cubes for part 'navLight1'
[LOG 21:17:17.103] PartLoader: Compiling Part 'Squad/Parts/Utility/Lights/spotLight1/spotLight3'
[LOG 21:17:17.106] PartLoader: Part 'Squad/Parts/Utility/Lights/spotLight1/spotLight3' has no database record. Creating.
[LOG 21:17:17.106] [DragCubeSystem]: Drag cubes not found or cannot be read for part Part. Generating New drag cubes.
[LOG 21:17:17.106] [KSPCF/DragCubeGeneration] Creating drag cubes for part 'spotLight3'
[LOG 21:17:17.113] PartLoader: Compiling Part 'Squad/Parts/Utility/Lights/stripLight1/stripLight1'
[LOG 21:17:17.117] PartLoader: Part 'Squad/Parts/Utility/Lights/stripLight1/stripLight1' has no database record. Creating.
[LOG 21:17:17.117] [DragCubeSystem]: Drag cubes not found or cannot be read for part Part. Generating New drag cubes.
[LOG 21:17:17.117] [KSPCF/DragCubeGeneration] Creating drag cubes for part 'stripLight1'
[LOG 21:17:17.125] PartLoader: Compiling Part 'Squad/Parts/Utility/linearVernorRCS/linearRCS/linearRcs'
[LOG 21:17:17.131] PartLoader: Part 'Squad/Parts/Utility/linearVernorRCS/linearRCS/linearRcs' has no database record. Creating.
[LOG 21:17:17.131] [DragCubeSystem]: Drag cubes not found or cannot be read for part Part. Generating New drag cubes.
[LOG 21:17:17.131] [KSPCF/DragCubeGeneration] Creating drag cubes for part 'linearRcs'
[LOG 21:17:17.141] PartLoader: Compiling Part 'Squad/Parts/Utility/linearVernorRCS/vernorEngine/vernierEngine'
[LOG 21:17:17.144] PartLoader: Part 'Squad/Parts/Utility/linearVernorRCS/vernorEngine/vernierEngine' has no database record. Creating.
[LOG 21:17:17.144] [DragCubeSystem]: Drag cubes not found or cannot be read for part Part. Generating New drag cubes.
[LOG 21:17:17.144] [KSPCF/DragCubeGeneration] Creating drag cubes for part 'vernierEngine'
[LOG 21:17:17.153] PartLoader: Compiling Part 'Squad/Parts/Utility/mk2CargoBay/BayL/mk2CargoBayL'
[LOG 21:17:17.156] PartLoader: Part 'Squad/Parts/Utility/mk2CargoBay/BayL/mk2CargoBayL' has no database record. Creating.
[LOG 21:17:17.156] PartLoader: Compiling Part 'Squad/Parts/Utility/mk2CargoBay/BayS/mk2CargoBayS'
[LOG 21:17:17.159] PartLoader: Part 'Squad/Parts/Utility/mk2CargoBay/BayS/mk2CargoBayS' has no database record. Creating.
[LOG 21:17:17.159] PartLoader: Compiling Part 'Squad/Parts/Utility/mk2CrewCabin/mk2CrewCabin/mk2CrewCabin'
[WRN 21:17:17.161] [Part]: Cannot have ModuleCargoPart and ModuleInventoryPart on same Part [mk2CrewCabin'. Removed ModuleCargoPart
[LOG 21:17:17.164] PartLoader: Part 'Squad/Parts/Utility/mk2CrewCabin/mk2CrewCabin/mk2CrewCabin' has no database record. Creating.
[LOG 21:17:17.164] [DragCubeSystem]: Drag cubes not found or cannot be read for part Part. Generating New drag cubes.
[LOG 21:17:17.164] [KSPCF/DragCubeGeneration] Creating drag cubes for part 'mk2CrewCabin'
[LOG 21:17:17.174] PartLoader: Compiling Part 'Squad/Parts/Utility/mk2DockingPort/mk2DockingPort/mk2DockingPort'
[LOG 21:17:17.178] PartLoader: Part 'Squad/Parts/Utility/mk2DockingPort/mk2DockingPort/mk2DockingPort' has no database record. Creating.
[LOG 21:17:17.179] PartLoader: Compiling Part 'Squad/Parts/Utility/mk3CargoBay/long/mk3CargoBayL'
[LOG 21:17:17.181] PartLoader: Part 'Squad/Parts/Utility/mk3CargoBay/long/mk3CargoBayL' has no database record. Creating.
[LOG 21:17:17.181] PartLoader: Compiling Part 'Squad/Parts/Utility/mk3CargoBay/medium/mk3CargoBayM'
[LOG 21:17:17.183] PartLoader: Part 'Squad/Parts/Utility/mk3CargoBay/medium/mk3CargoBayM' has no database record. Creating.
[LOG 21:17:17.183] PartLoader: Compiling Part 'Squad/Parts/Utility/mk3CargoBay/ramp/mk3CargoRamp'
[LOG 21:17:17.185] PartLoader: Part 'Squad/Parts/Utility/mk3CargoBay/ramp/mk3CargoRamp' has no database record. Creating.
[LOG 21:17:17.185] PartLoader: Compiling Part 'Squad/Parts/Utility/mk3CargoBay/short/mk3CargoBayS'
[LOG 21:17:17.187] PartLoader: Part 'Squad/Parts/Utility/mk3CargoBay/short/mk3CargoBayS' has no database record. Creating.
[LOG 21:17:17.187] PartLoader: Compiling Part 'Squad/Parts/Utility/parachuteMk1/parachuteMk1/parachuteSingle'
[LOG 21:17:17.194] PartLoader: Part 'Squad/Parts/Utility/parachuteMk1/parachuteMk1/parachuteSingle' has no database record. Creating.
[LOG 21:17:17.194] [DragCubeSystem]: Drag cubes not found or cannot be read for part Part. Generating New drag cubes.
[LOG 21:17:17.194] [KSPCF/DragCubeGeneration] Creating drag cubes for part 'parachuteSingle'
[LOG 21:17:17.226] PartLoader: Compiling Part 'Squad/Parts/Utility/parachuteMk12-R/parachuteMk12-R/radialDrogue'
[LOG 21:17:17.229] PartLoader: Part 'Squad/Parts/Utility/parachuteMk12-R/parachuteMk12-R/radialDrogue' has no database record. Creating.
[LOG 21:17:17.229] [DragCubeSystem]: Drag cubes not found or cannot be read for part Part. Generating New drag cubes.
[LOG 21:17:17.229] [KSPCF/DragCubeGeneration] Creating drag cubes for part 'radialDrogue'
[LOG 21:17:17.258] PartLoader: Compiling Part 'Squad/Parts/Utility/parachuteMk16-XL/parachuteMk16-XL/parachuteLarge'
[LOG 21:17:17.261] PartLoader: Part 'Squad/Parts/Utility/parachuteMk16-XL/parachuteMk16-XL/parachuteLarge' has no database record. Creating.
[LOG 21:17:17.262] [DragCubeSystem]: Drag cubes not found or cannot be read for part Part. Generating New drag cubes.
[LOG 21:17:17.262] [KSPCF/DragCubeGeneration] Creating drag cubes for part 'parachuteLarge'
[LOG 21:17:17.291] PartLoader: Compiling Part 'Squad/Parts/Utility/parachuteMk2-R/parachuteMk2-R/parachuteRadial'
[LOG 21:17:17.294] PartLoader: Part 'Squad/Parts/Utility/parachuteMk2-R/parachuteMk2-R/parachuteRadial' has no database record. Creating.
[LOG 21:17:17.294] [DragCubeSystem]: Drag cubes not found or cannot be read for part Part. Generating New drag cubes.
[LOG 21:17:17.294] [KSPCF/DragCubeGeneration] Creating drag cubes for part 'parachuteRadial'
[LOG 21:17:17.323] PartLoader: Compiling Part 'Squad/Parts/Utility/parachuteMk25/parachuteMk25/parachuteDrogue'
[LOG 21:17:17.327] PartLoader: Part 'Squad/Parts/Utility/parachuteMk25/parachuteMk25/parachuteDrogue' has no database record. Creating.
[LOG 21:17:17.327] [DragCubeSystem]: Drag cubes not found or cannot be read for part Part. Generating New drag cubes.
[LOG 21:17:17.327] [KSPCF/DragCubeGeneration] Creating drag cubes for part 'parachuteDrogue'
[LOG 21:17:17.356] PartLoader: Compiling Part 'Squad/Parts/Utility/radialAttachmentPoint/radialAttachmentPoint/stackPoint1'
[LOG 21:17:17.358] PartLoader: Part 'Squad/Parts/Utility/radialAttachmentPoint/radialAttachmentPoint/stackPoint1' has no database record. Creating.
[LOG 21:17:17.358] [DragCubeSystem]: Drag cubes not found or cannot be read for part Part. Generating New drag cubes.
[LOG 21:17:17.359] [KSPCF/DragCubeGeneration] Creating drag cubes for part 'stackPoint1'
[LOG 21:17:17.366] PartLoader: Compiling Part 'Squad/Parts/Utility/rcsBlockRV-105_v2/rcsBlockRV-105/RCSBlock_v2'
[LOG 21:17:17.370] PartLoader: Part 'Squad/Parts/Utility/rcsBlockRV-105_v2/rcsBlockRV-105/RCSBlock_v2' has no database record. Creating.
[LOG 21:17:17.370] [DragCubeSystem]: Drag cubes not found or cannot be read for part Part. Generating New drag cubes.
[LOG 21:17:17.370] [KSPCF/DragCubeGeneration] Creating drag cubes for part 'RCSBlock.v2'
[LOG 21:17:17.421] PartLoader: Compiling Part 'Squad/Parts/Utility/rcsBlockRV-105_v2/RCSblock_01_small/RCSblock_01_small'
[LOG 21:17:17.425] PartLoader: Part 'Squad/Parts/Utility/rcsBlockRV-105_v2/RCSblock_01_small/RCSblock_01_small' has no database record. Creating.
[LOG 21:17:17.425] [DragCubeSystem]: Drag cubes not found or cannot be read for part Part. Generating New drag cubes.
[LOG 21:17:17.425] [KSPCF/DragCubeGeneration] Creating drag cubes for part 'RCSblock.01.small'
[LOG 21:17:17.474] PartLoader: Compiling Part 'Squad/Parts/Utility/rcsSmallLinear/RCSLinearSmall/RCSLinearSmall'
[LOG 21:17:17.477] PartLoader: Part 'Squad/Parts/Utility/rcsSmallLinear/RCSLinearSmall/RCSLinearSmall' has no database record. Creating.
[LOG 21:17:17.477] [DragCubeSystem]: Drag cubes not found or cannot be read for part Part. Generating New drag cubes.
[LOG 21:17:17.478] [KSPCF/DragCubeGeneration] Creating drag cubes for part 'RCSLinearSmall'
[LOG 21:17:17.499] PartLoader: Compiling Part 'Squad/Parts/Utility/RelayAntennas/RA-100/RelayAntenna100'
[LOG 21:17:17.501] PartLoader: Part 'Squad/Parts/Utility/RelayAntennas/RA-100/RelayAntenna100' has no database record. Creating.
[LOG 21:17:17.502] [DragCubeSystem]: Drag cubes not found or cannot be read for part Part. Generating New drag cubes.
[LOG 21:17:17.502] [KSPCF/DragCubeGeneration] Creating drag cubes for part 'RelayAntenna100'
[LOG 21:17:17.510] PartLoader: Compiling Part 'Squad/Parts/Utility/RelayAntennas/RA-5/RelayAntenna5'
[LOG 21:17:17.512] PartLoader: Part 'Squad/Parts/Utility/RelayAntennas/RA-5/RelayAntenna5' has no database record. Creating.
[LOG 21:17:17.512] [DragCubeSystem]: Drag cubes not found or cannot be read for part Part. Generating New drag cubes.
[LOG 21:17:17.512] [KSPCF/DragCubeGeneration] Creating drag cubes for part 'RelayAntenna5'
[LOG 21:17:17.521] PartLoader: Compiling Part 'Squad/Parts/Utility/RelayAntennas/RA-50/RelayAntenna50'
[LOG 21:17:17.524] PartLoader: Part 'Squad/Parts/Utility/RelayAntennas/RA-50/RelayAntenna50' has no database record. Creating.
[LOG 21:17:17.524] [DragCubeSystem]: Drag cubes not found or cannot be read for part Part. Generating New drag cubes.
[LOG 21:17:17.524] [KSPCF/DragCubeGeneration] Creating drag cubes for part 'RelayAntenna50'
[LOG 21:17:17.534] PartLoader: Compiling Part 'Squad/Parts/Utility/rockomaxAdapters/largeAdapter/largeAdapter'
[LOG 21:17:17.536] PartLoader: Part 'Squad/Parts/Utility/rockomaxAdapters/largeAdapter/largeAdapter' has no database record. Creating.
[LOG 21:17:17.536] [DragCubeSystem]: Drag cubes not found or cannot be read for part Part. Generating New drag cubes.
[LOG 21:17:17.536] [KSPCF/DragCubeGeneration] Creating drag cubes for part 'largeAdapter'
[LOG 21:17:17.545] PartLoader: Compiling Part 'Squad/Parts/Utility/rockomaxAdapters/largeAdapterShort/largeAdapter2'
[LOG 21:17:17.546] PartLoader: Part 'Squad/Parts/Utility/rockomaxAdapters/largeAdapterShort/largeAdapter2' has no database record. Creating.
[LOG 21:17:17.547] [DragCubeSystem]: Drag cubes not found or cannot be read for part Part. Generating New drag cubes.
[LOG 21:17:17.547] [KSPCF/DragCubeGeneration] Creating drag cubes for part 'largeAdapter2'
[LOG 21:17:17.554] PartLoader: Compiling Part 'Squad/Parts/Utility/ServiceBay_v2/ServiceBay_125_v2/ServiceBay_125_v2'
[LOG 21:17:17.559] PartLoader: Part 'Squad/Parts/Utility/ServiceBay_v2/ServiceBay_125_v2/ServiceBay_125_v2' has no database record. Creating.
[LOG 21:17:17.559] [DragCubeSystem]: Drag cubes not found or cannot be read for part Part. Generating New drag cubes.
[LOG 21:17:17.559] [KSPCF/DragCubeGeneration] Creating drag cubes for part 'ServiceBay.125.v2'
[LOG 21:17:17.579] PartLoader: Compiling Part 'Squad/Parts/Utility/ServiceBay_v2/ServiceBay_250_v2/ServiceBay_250_v2'
[LOG 21:17:17.582] PartLoader: Part 'Squad/Parts/Utility/ServiceBay_v2/ServiceBay_250_v2/ServiceBay_250_v2' has no database record. Creating.
[LOG 21:17:17.582] [DragCubeSystem]: Drag cubes not found or cannot be read for part Part. Generating New drag cubes.
[LOG 21:17:17.582] [KSPCF/DragCubeGeneration] Creating drag cubes for part 'ServiceBay.250.v2'
[LOG 21:17:17.602] PartLoader: Compiling Part 'Squad/Parts/Utility/smallClaw/smallClaw/smallClaw'
[LOG 21:17:17.609] PartLoader: Part 'Squad/Parts/Utility/smallClaw/smallClaw/smallClaw' has no database record. Creating.
[LOG 21:17:17.609] [DragCubeSystem]: Drag cubes not found or cannot be read for part Part. Generating New drag cubes.
[LOG 21:17:17.609] [KSPCF/DragCubeGeneration] Creating drag cubes for part 'smallClaw'
[LOG 21:17:17.634] PartLoader: Compiling Part 'Squad/Parts/Utility/spotLightMk1/spotLightMk1/spotLight1'
[LOG 21:17:17.637] PartLoader: Part 'Squad/Parts/Utility/spotLightMk1/spotLightMk1/spotLight1' has no database record. Creating.
[LOG 21:17:17.637] [DragCubeSystem]: Drag cubes not found or cannot be read for part Part. Generating New drag cubes.
[LOG 21:17:17.637] [KSPCF/DragCubeGeneration] Creating drag cubes for part 'spotLight1'
[LOG 21:17:17.644] PartLoader: Compiling Part 'Squad/Parts/Utility/spotLightMk1_v2/spotLightMk1_v2/spotLight1_v2'
[LOG 21:17:17.648] PartLoader: Part 'Squad/Parts/Utility/spotLightMk1_v2/spotLightMk1_v2/spotLight1_v2' has no database record. Creating.
[LOG 21:17:17.648] [DragCubeSystem]: Drag cubes not found or cannot be read for part Part. Generating New drag cubes.
[LOG 21:17:17.648] [KSPCF/DragCubeGeneration] Creating drag cubes for part 'spotLight1.v2'
[LOG 21:17:17.656] PartLoader: Compiling Part 'Squad/Parts/Utility/spotLightMk2/spotLightMk2/spotLight2'
[LOG 21:17:17.660] PartLoader: Part 'Squad/Parts/Utility/spotLightMk2/spotLightMk2/spotLight2' has no database record. Creating.
[LOG 21:17:17.660] [DragCubeSystem]: Drag cubes not found or cannot be read for part Part. Generating New drag cubes.
[LOG 21:17:17.660] [KSPCF/DragCubeGeneration] Creating drag cubes for part 'spotLight2'
[LOG 21:17:17.669] PartLoader: Compiling Part 'Squad/Parts/Utility/spotLightMk2_v2/spotLightMk2_v2/spotLight2_v2'
[LOG 21:17:17.672] PartLoader: Part 'Squad/Parts/Utility/spotLightMk2_v2/spotLightMk2_v2/spotLight2_v2' has no database record. Creating.
[LOG 21:17:17.672] [DragCubeSystem]: Drag cubes not found or cannot be read for part Part. Generating New drag cubes.
[LOG 21:17:17.672] [KSPCF/DragCubeGeneration] Creating drag cubes for part 'spotLight2.v2'
[LOG 21:17:17.680] PartLoader: Compiling Part 'Squad/Parts/Utility/stackCouplers/stackBiCoupler_v2/stackBiCoupler_v2'
[LOG 21:17:17.682] PartLoader: Part 'Squad/Parts/Utility/stackCouplers/stackBiCoupler_v2/stackBiCoupler_v2' has no database record. Creating.
[LOG 21:17:17.682] [DragCubeSystem]: Drag cubes not found or cannot be read for part Part. Generating New drag cubes.
[LOG 21:17:17.682] [KSPCF/DragCubeGeneration] Creating drag cubes for part 'stackBiCoupler.v2'
[LOG 21:17:17.690] PartLoader: Compiling Part 'Squad/Parts/Utility/stackCouplers/stackQuadCoupler/stackQuadCoupler'
[LOG 21:17:17.691] PartLoader: Part 'Squad/Parts/Utility/stackCouplers/stackQuadCoupler/stackQuadCoupler' has no database record. Creating.
[LOG 21:17:17.691] [DragCubeSystem]: Drag cubes not found or cannot be read for part Part. Generating New drag cubes.
[LOG 21:17:17.691] [KSPCF/DragCubeGeneration] Creating drag cubes for part 'stackQuadCoupler'
[LOG 21:17:17.699] PartLoader: Compiling Part 'Squad/Parts/Utility/stackCouplers/stackTriCoupler_v2/stackTriCoupler_v2'
[LOG 21:17:17.701] PartLoader: Part 'Squad/Parts/Utility/stackCouplers/stackTriCoupler_v2/stackTriCoupler_v2' has no database record. Creating.
[LOG 21:17:17.701] [DragCubeSystem]: Drag cubes not found or cannot be read for part Part. Generating New drag cubes.
[LOG 21:17:17.701] [KSPCF/DragCubeGeneration] Creating drag cubes for part 'stackTriCoupler.v2'
[LOG 21:17:17.710] PartLoader: Compiling Part 'Squad/Parts/Wheel/LandingGear/GearExtraLarge/GearLarge'
[LOG 21:17:17.722] PartLoader: Part 'Squad/Parts/Wheel/LandingGear/GearExtraLarge/GearLarge' has no database record. Creating.
[LOG 21:17:17.723] [DragCubeSystem]: Drag cubes not found or cannot be read for part Part. Generating New drag cubes.
[LOG 21:17:17.723] [KSPCF/DragCubeGeneration] Creating drag cubes for part 'GearLarge'
[LOG 21:17:17.748] PartLoader: Compiling Part 'Squad/Parts/Wheel/LandingGear/GearFixed/GearFixed'
[LOG 21:17:17.753] PartLoader: Part 'Squad/Parts/Wheel/LandingGear/GearFixed/GearFixed' has no database record. Creating.
[LOG 21:17:17.753] [DragCubeSystem]: Drag cubes not found or cannot be read for part Part. Generating New drag cubes.
[LOG 21:17:17.753] [KSPCF/DragCubeGeneration] Creating drag cubes for part 'GearFixed'
[LOG 21:17:17.761] PartLoader: Compiling Part 'Squad/Parts/Wheel/LandingGear/GearFree/GearFree'
[LOG 21:17:17.774] PartLoader: Part 'Squad/Parts/Wheel/LandingGear/GearFree/GearFree' has no database record. Creating.
[LOG 21:17:17.774] [DragCubeSystem]: Drag cubes not found or cannot be read for part Part. Generating New drag cubes.
[LOG 21:17:17.774] [KSPCF/DragCubeGeneration] Creating drag cubes for part 'GearFree'
[LOG 21:17:17.783] PartLoader: Compiling Part 'Squad/Parts/Wheel/LandingGear/GearLarge/GearMedium'
[LOG 21:17:17.791] PartLoader: Part 'Squad/Parts/Wheel/LandingGear/GearLarge/GearMedium' has no database record. Creating.
[LOG 21:17:17.791] [DragCubeSystem]: Drag cubes not found or cannot be read for part Part. Generating New drag cubes.
[LOG 21:17:17.791] [KSPCF/DragCubeGeneration] Creating drag cubes for part 'GearMedium'
[LOG 21:17:17.824] PartLoader: Compiling Part 'Squad/Parts/Wheel/LandingGear/GearMedium/GearSmall'
[LOG 21:17:17.831] PartLoader: Part 'Squad/Parts/Wheel/LandingGear/GearMedium/GearSmall' has no database record. Creating.
[LOG 21:17:17.831] [DragCubeSystem]: Drag cubes not found or cannot be read for part Part. Generating New drag cubes.
[LOG 21:17:17.831] [KSPCF/DragCubeGeneration] Creating drag cubes for part 'GearSmall'
[LOG 21:17:17.853] PartLoader: Compiling Part 'Squad/Parts/Wheel/LandingGear/GearSmall/SmallGearBay'
[LOG 21:17:17.860] PartLoader: Part 'Squad/Parts/Wheel/LandingGear/GearSmall/SmallGearBay' has no database record. Creating.
[LOG 21:17:17.860] [DragCubeSystem]: Drag cubes not found or cannot be read for part Part. Generating New drag cubes.
[LOG 21:17:17.860] [KSPCF/DragCubeGeneration] Creating drag cubes for part 'SmallGearBay'
[LOG 21:17:17.883] PartLoader: Compiling Part 'Squad/Parts/Wheel/roverWheelM1/roverWheelM1/roverWheel1'
[LOG 21:17:17.891] PartLoader: Part 'Squad/Parts/Wheel/roverWheelM1/roverWheelM1/roverWheel1' has no database record. Creating.
[LOG 21:17:17.891] [DragCubeSystem]: Drag cubes not found or cannot be read for part Part. Generating New drag cubes.
[LOG 21:17:17.891] [KSPCF/DragCubeGeneration] Creating drag cubes for part 'roverWheel1'
[LOG 21:17:17.900] PartLoader: Compiling Part 'Squad/Parts/Wheel/roverWheelS2/roverWheelS2/roverWheel2'
[LOG 21:17:17.905] PartLoader: Part 'Squad/Parts/Wheel/roverWheelS2/roverWheelS2/roverWheel2' has no database record. Creating.
[LOG 21:17:17.905] [DragCubeSystem]: Drag cubes not found or cannot be read for part Part. Generating New drag cubes.
[LOG 21:17:17.905] [KSPCF/DragCubeGeneration] Creating drag cubes for part 'roverWheel2'
[LOG 21:17:17.914] PartLoader: Compiling Part 'Squad/Parts/Wheel/roverWheelTR-2L/roverWheelTR-2L/wheelMed'
[LOG 21:17:17.919] PartLoader: Part 'Squad/Parts/Wheel/roverWheelTR-2L/roverWheelTR-2L/wheelMed' has no database record. Creating.
[LOG 21:17:17.919] [DragCubeSystem]: Drag cubes not found or cannot be read for part Part. Generating New drag cubes.
[LOG 21:17:17.920] [KSPCF/DragCubeGeneration] Creating drag cubes for part 'wheelMed'
[LOG 21:17:17.929] PartLoader: Compiling Part 'Squad/Parts/Wheel/roverWheelXL3/roverWheelXL3/roverWheel3'
[LOG 21:17:17.935] PartLoader: Part 'Squad/Parts/Wheel/roverWheelXL3/roverWheelXL3/roverWheel3' has no database record. Creating.
[LOG 21:17:17.935] [DragCubeSystem]: Drag cubes not found or cannot be read for part Part. Generating New drag cubes.
[LOG 21:17:17.935] [KSPCF/DragCubeGeneration] Creating drag cubes for part 'roverWheel3'
[LOG 21:17:17.945] PartLoader: Compiling Part 'SquadExpansion/MakingHistory/Parts/Aero/protectiveRocketNoseMk16/rocketNoseCone_size4/rocketNoseConeSize4'
[LOG 21:17:17.948] PartLoader: Part 'SquadExpansion/MakingHistory/Parts/Aero/protectiveRocketNoseMk16/rocketNoseCone_size4/rocketNoseConeSize4' has no database record. Creating.
[LOG 21:17:17.948] [DragCubeSystem]: Drag cubes not found or cannot be read for part Part. Generating New drag cubes.
[LOG 21:17:17.948] [KSPCF/DragCubeGeneration] Creating drag cubes for part 'rocketNoseConeSize4'
[LOG 21:17:17.957] PartLoader: Compiling Part 'SquadExpansion/MakingHistory/Parts/Aero/protectiveRocketNoseMk5A/Size_1_5_Cone/Size_1_5_Cone'
[LOG 21:17:17.959] PartLoader: Part 'SquadExpansion/MakingHistory/Parts/Aero/protectiveRocketNoseMk5A/Size_1_5_Cone/Size_1_5_Cone' has no database record. Creating.
[LOG 21:17:17.959] [DragCubeSystem]: Drag cubes not found or cannot be read for part Part. Generating New drag cubes.
[LOG 21:17:17.959] [KSPCF/DragCubeGeneration] Creating drag cubes for part 'Size.1.5.Cone'
[LOG 21:17:17.966] PartLoader: Compiling Part 'SquadExpansion/MakingHistory/Parts/Coupling/Decoupler_1p5/Decoupler_1p5'
[LOG 21:17:17.970] PartLoader: Part 'SquadExpansion/MakingHistory/Parts/Coupling/Decoupler_1p5/Decoupler_1p5' has no database record. Creating.
[LOG 21:17:17.970] PartLoader: Compiling Part 'SquadExpansion/MakingHistory/Parts/Coupling/Decoupler_4/Decoupler_4'
[LOG 21:17:17.973] PartLoader: Part 'SquadExpansion/MakingHistory/Parts/Coupling/Decoupler_4/Decoupler_4' has no database record. Creating.
[LOG 21:17:17.973] PartLoader: Compiling Part 'SquadExpansion/MakingHistory/Parts/Coupling/EnginePlate_1p5/EnginePlate1p5'
[LOG 21:17:17.979] PartLoader: Part 'SquadExpansion/MakingHistory/Parts/Coupling/EnginePlate_1p5/EnginePlate1p5' has no database record. Creating.
[LOG 21:17:17.979] [DragCubeSystem]: Drag cubes not found or cannot be read for part Part. Generating New drag cubes.
[LOG 21:17:17.979] [KSPCF/DragCubeGeneration] Part 'EnginePlate1p5' has defined a procedural drag cube setup
[LOG 21:17:17.980] PartLoader: Compiling Part 'SquadExpansion/MakingHistory/Parts/Coupling/EnginePlate_2/EnginePlate2'
[LOG 21:17:17.984] PartLoader: Part 'SquadExpansion/MakingHistory/Parts/Coupling/EnginePlate_2/EnginePlate2' has no database record. Creating.
[LOG 21:17:17.984] [DragCubeSystem]: Drag cubes not found or cannot be read for part Part. Generating New drag cubes.
[LOG 21:17:17.984] [KSPCF/DragCubeGeneration] Part 'EnginePlate2' has defined a procedural drag cube setup
[LOG 21:17:17.984] PartLoader: Compiling Part 'SquadExpansion/MakingHistory/Parts/Coupling/EnginePlate_3/EnginePlate3'
[LOG 21:17:17.988] PartLoader: Part 'SquadExpansion/MakingHistory/Parts/Coupling/EnginePlate_3/EnginePlate3' has no database record. Creating.
[LOG 21:17:17.988] [DragCubeSystem]: Drag cubes not found or cannot be read for part Part. Generating New drag cubes.
[LOG 21:17:17.988] [KSPCF/DragCubeGeneration] Part 'EnginePlate3' has defined a procedural drag cube setup
[LOG 21:17:17.989] PartLoader: Compiling Part 'SquadExpansion/MakingHistory/Parts/Coupling/EnginePlate_4/EnginePlate4'
[LOG 21:17:17.992] PartLoader: Part 'SquadExpansion/MakingHistory/Parts/Coupling/EnginePlate_4/EnginePlate4' has no database record. Creating.
[LOG 21:17:17.992] [DragCubeSystem]: Drag cubes not found or cannot be read for part Part. Generating New drag cubes.
[LOG 21:17:17.992] [KSPCF/DragCubeGeneration] Part 'EnginePlate4' has defined a procedural drag cube setup
[LOG 21:17:17.992] PartLoader: Compiling Part 'SquadExpansion/MakingHistory/Parts/Coupling/EnginePlate_5/EnginePlate5'
[LOG 21:17:17.996] PartLoader: Part 'SquadExpansion/MakingHistory/Parts/Coupling/EnginePlate_5/EnginePlate5' has no database record. Creating.
[LOG 21:17:17.996] [DragCubeSystem]: Drag cubes not found or cannot be read for part Part. Generating New drag cubes.
[LOG 21:17:17.996] [KSPCF/DragCubeGeneration] Part 'EnginePlate5' has defined a procedural drag cube setup
[LOG 21:17:17.997] PartLoader: Compiling Part 'SquadExpansion/MakingHistory/Parts/Coupling/InflatableAirlock/InflatableAirlock'
[LOG 21:17:17.999] PartLoader: Part 'SquadExpansion/MakingHistory/Parts/Coupling/InflatableAirlock/InflatableAirlock' has no database record. Creating.
[LOG 21:17:17.999] [DragCubeSystem]: Drag cubes not found or cannot be read for part Part. Generating New drag cubes.
[LOG 21:17:17.999] [KSPCF/DragCubeGeneration] Creating drag cubes for part 'InflatableAirlock'
[LOG 21:17:18.022] PartLoader: Compiling Part 'SquadExpansion/MakingHistory/Parts/Coupling/Separator_1p5/Separator_1p5'
[LOG 21:17:18.025] PartLoader: Part 'SquadExpansion/MakingHistory/Parts/Coupling/Separator_1p5/Separator_1p5' has no database record. Creating.
[LOG 21:17:18.025] PartLoader: Compiling Part 'SquadExpansion/MakingHistory/Parts/Coupling/Separator_4/Separator_4'
[LOG 21:17:18.029] PartLoader: Part 'SquadExpansion/MakingHistory/Parts/Coupling/Separator_4/Separator_4' has no database record. Creating.
[LOG 21:17:18.029] PartLoader: Compiling Part 'SquadExpansion/MakingHistory/Parts/Coupling/Size1p5_Strut_Decoupler/Size1p5_Strut_Decoupler'
[LOG 21:17:18.032] PartLoader: Part 'SquadExpansion/MakingHistory/Parts/Coupling/Size1p5_Strut_Decoupler/Size1p5_Strut_Decoupler' has no database record. Creating.
[LOG 21:17:18.032] PartLoader: Compiling Part 'SquadExpansion/MakingHistory/Parts/Engine/LiquidEngineKE-1/LiquidEngineKE-1'
[LOG 21:17:18.037] PartLoader: Part 'SquadExpansion/MakingHistory/Parts/Engine/LiquidEngineKE-1/LiquidEngineKE-1' has no database record. Creating.
[LOG 21:17:18.037] [DragCubeSystem]: Drag cubes not found or cannot be read for part Part. Generating New drag cubes.
[LOG 21:17:18.037] [KSPCF/DragCubeGeneration] Creating drag cubes for part 'LiquidEngineKE-1'
[LOG 21:17:18.086] PartLoader: Compiling Part 'SquadExpansion/MakingHistory/Parts/Engine/LiquidEngineLV-T91/LiquidEngineLV-T91'
[LOG 21:17:18.092] PartLoader: Part 'SquadExpansion/MakingHistory/Parts/Engine/LiquidEngineLV-T91/LiquidEngineLV-T91' has no database record. Creating.
[LOG 21:17:18.092] [DragCubeSystem]: Drag cubes not found or cannot be read for part Part. Generating New drag cubes.
[LOG 21:17:18.092] [KSPCF/DragCubeGeneration] Creating drag cubes for part 'LiquidEngineLV-T91'
[LOG 21:17:18.133] PartLoader: Compiling Part 'SquadExpansion/MakingHistory/Parts/Engine/LiquidEngineLV-TX87/LiquidEngineLV-TX87'
[LOG 21:17:18.140] PartLoader: Part 'SquadExpansion/MakingHistory/Parts/Engine/LiquidEngineLV-TX87/LiquidEngineLV-TX87' has no database record. Creating.
[LOG 21:17:18.140] [DragCubeSystem]: Drag cubes not found or cannot be read for part Part. Generating New drag cubes.
[LOG 21:17:18.141] [KSPCF/DragCubeGeneration] Creating drag cubes for part 'LiquidEngineLV-TX87'
[LOG 21:17:18.183] PartLoader: Compiling Part 'SquadExpansion/MakingHistory/Parts/Engine/LiquidEngineRE-I2/LiquidEngineRE-I2'
[LOG 21:17:18.189] PartLoader: Part 'SquadExpansion/MakingHistory/Parts/Engine/LiquidEngineRE-I2/LiquidEngineRE-I2' has no database record. Creating.
[LOG 21:17:18.189] [DragCubeSystem]: Drag cubes not found or cannot be read for part Part. Generating New drag cubes.
[LOG 21:17:18.189] [KSPCF/DragCubeGeneration] Creating drag cubes for part 'LiquidEngineRE-I2'
[LOG 21:17:18.230] PartLoader: Compiling Part 'SquadExpansion/MakingHistory/Parts/Engine/LiquidEngineRE-J10/LiquidEngineRE-J10'
[LOG 21:17:18.236] PartLoader: Part 'SquadExpansion/MakingHistory/Parts/Engine/LiquidEngineRE-J10/LiquidEngineRE-J10' has no database record. Creating.
[LOG 21:17:18.236] [DragCubeSystem]: Drag cubes not found or cannot be read for part Part. Generating New drag cubes.
[LOG 21:17:18.236] [KSPCF/DragCubeGeneration] Creating drag cubes for part 'LiquidEngineRE-J10'
[LOG 21:17:18.276] PartLoader: Compiling Part 'SquadExpansion/MakingHistory/Parts/Engine/LiquidEngineRK-7/LiquidEngineRK-7'
[LOG 21:17:18.281] PartLoader: Part 'SquadExpansion/MakingHistory/Parts/Engine/LiquidEngineRK-7/LiquidEngineRK-7' has no database record. Creating.
[LOG 21:17:18.281] [DragCubeSystem]: Drag cubes not found or cannot be read for part Part. Generating New drag cubes.
[LOG 21:17:18.281] [KSPCF/DragCubeGeneration] Creating drag cubes for part 'LiquidEngineRK-7'
[LOG 21:17:18.331] PartLoader: Compiling Part 'SquadExpansion/MakingHistory/Parts/Engine/LiquidEngineRV-1/LiquidEngineRV-1'
[LOG 21:17:18.335] PartLoader: Part 'SquadExpansion/MakingHistory/Parts/Engine/LiquidEngineRV-1/LiquidEngineRV-1' has no database record. Creating.
[LOG 21:17:18.335] [DragCubeSystem]: Drag cubes not found or cannot be read for part Part. Generating New drag cubes.
[LOG 21:17:18.335] [KSPCF/DragCubeGeneration] Creating drag cubes for part 'LiquidEngineRV-1'
[LOG 21:17:18.345] PartLoader: Compiling Part 'SquadExpansion/MakingHistory/Parts/Engine/solidBoosterTHK/solidBoosterTHK/Pollux'
[LOG 21:17:18.348] PartLoader: Part 'SquadExpansion/MakingHistory/Parts/Engine/solidBoosterTHK/solidBoosterTHK/Pollux' has no database record. Creating.
[LOG 21:17:18.348] [DragCubeSystem]: Drag cubes not found or cannot be read for part Part. Generating New drag cubes.
[LOG 21:17:18.348] [KSPCF/DragCubeGeneration] Creating drag cubes for part 'Pollux'
[LOG 21:17:18.359] PartLoader: Compiling Part 'SquadExpansion/MakingHistory/Parts/FuelTank/MonoPropMini/monopropMiniSphere'
[LOG 21:17:18.361] PartLoader: Part 'SquadExpansion/MakingHistory/Parts/FuelTank/MonoPropMini/monopropMiniSphere' has no database record. Creating.
[LOG 21:17:18.361] [DragCubeSystem]: Drag cubes not found or cannot be read for part Part. Generating New drag cubes.
[LOG 21:17:18.361] [KSPCF/DragCubeGeneration] Creating drag cubes for part 'monopropMiniSphere'
[LOG 21:17:18.369] PartLoader: Compiling Part 'SquadExpansion/MakingHistory/Parts/FuelTank/Size1p5_Monoprop/Size1p5_Monoprop'
[LOG 21:17:18.371] PartLoader: Part 'SquadExpansion/MakingHistory/Parts/FuelTank/Size1p5_Monoprop/Size1p5_Monoprop' has no database record. Creating.
[LOG 21:17:18.371] [DragCubeSystem]: Drag cubes not found or cannot be read for part Part. Generating New drag cubes.
[LOG 21:17:18.371] [KSPCF/DragCubeGeneration] Creating drag cubes for part 'Size1p5.Monoprop'
[LOG 21:17:18.379] PartLoader: Compiling Part 'SquadExpansion/MakingHistory/Parts/FuelTank/Size1p5_Size0_Adapter_01/Size1p5_Size0_Adapter_01'
[LOG 21:17:18.381] PartLoader: Part 'SquadExpansion/MakingHistory/Parts/FuelTank/Size1p5_Size0_Adapter_01/Size1p5_Size0_Adapter_01' has no database record. Creating.
[LOG 21:17:18.381] [DragCubeSystem]: Drag cubes not found or cannot be read for part Part. Generating New drag cubes.
[LOG 21:17:18.381] [KSPCF/DragCubeGeneration] Creating drag cubes for part 'Size1p5.Size0.Adapter.01'
[LOG 21:17:18.390] PartLoader: Compiling Part 'SquadExpansion/MakingHistory/Parts/FuelTank/Size1p5_Size1_Adapter_01/Size1p5_Size1_Adapter_01'
[LOG 21:17:18.394] PartLoader: Part 'SquadExpansion/MakingHistory/Parts/FuelTank/Size1p5_Size1_Adapter_01/Size1p5_Size1_Adapter_01' has no database record. Creating.
[LOG 21:17:18.395] [DragCubeSystem]: Drag cubes not found or cannot be read for part Part. Generating New drag cubes.
[LOG 21:17:18.395] [KSPCF/DragCubeGeneration] Creating drag cubes for part 'Size1p5.Size1.Adapter.01'
[LOG 21:17:18.403] PartLoader: Compiling Part 'SquadExpansion/MakingHistory/Parts/FuelTank/Size1p5_Size1_Adapter_02/Size1p5_Size1_Adapter_02'
[LOG 21:17:18.405] PartLoader: Part 'SquadExpansion/MakingHistory/Parts/FuelTank/Size1p5_Size1_Adapter_02/Size1p5_Size1_Adapter_02' has no database record. Creating.
[LOG 21:17:18.405] [DragCubeSystem]: Drag cubes not found or cannot be read for part Part. Generating New drag cubes.
[LOG 21:17:18.405] [KSPCF/DragCubeGeneration] Creating drag cubes for part 'Size1p5.Size1.Adapter.02'
[LOG 21:17:18.414] PartLoader: Compiling Part 'SquadExpansion/MakingHistory/Parts/FuelTank/Size1p5_Size2_Adapter_01/Size1p5_Size2_Adapter_01'
[LOG 21:17:18.416] PartLoader: Part 'SquadExpansion/MakingHistory/Parts/FuelTank/Size1p5_Size2_Adapter_01/Size1p5_Size2_Adapter_01' has no database record. Creating.
[LOG 21:17:18.416] [DragCubeSystem]: Drag cubes not found or cannot be read for part Part. Generating New drag cubes.
[LOG 21:17:18.416] [KSPCF/DragCubeGeneration] Creating drag cubes for part 'Size1p5.Size2.Adapter.01'
[LOG 21:17:18.424] PartLoader: Compiling Part 'SquadExpansion/MakingHistory/Parts/FuelTank/Size1p5_Tank_01/Size1p5_Tank_01'
[LOG 21:17:18.428] PartLoader: Part 'SquadExpansion/MakingHistory/Parts/FuelTank/Size1p5_Tank_01/Size1p5_Tank_01' has no database record. Creating.
[LOG 21:17:18.428] [DragCubeSystem]: Drag cubes not found or cannot be read for part Part. Generating New drag cubes.
[LOG 21:17:18.428] [KSPCF/DragCubeGeneration] Creating drag cubes for part 'Size1p5.Tank.01'
[LOG 21:17:18.437] PartLoader: Compiling Part 'SquadExpansion/MakingHistory/Parts/FuelTank/Size1p5_Tank_02/Size1p5_Tank_02'
[LOG 21:17:18.441] PartLoader: Part 'SquadExpansion/MakingHistory/Parts/FuelTank/Size1p5_Tank_02/Size1p5_Tank_02' has no database record. Creating.
[LOG 21:17:18.441] [DragCubeSystem]: Drag cubes not found or cannot be read for part Part. Generating New drag cubes.
[LOG 21:17:18.441] [KSPCF/DragCubeGeneration] Creating drag cubes for part 'Size1p5.Tank.02'
[LOG 21:17:18.450] PartLoader: Compiling Part 'SquadExpansion/MakingHistory/Parts/FuelTank/Size1p5_Tank_03/Size1p5_Tank_03'
[LOG 21:17:18.452] PartLoader: Part 'SquadExpansion/MakingHistory/Parts/FuelTank/Size1p5_Tank_03/Size1p5_Tank_03' has no database record. Creating.
[LOG 21:17:18.452] [DragCubeSystem]: Drag cubes not found or cannot be read for part Part. Generating New drag cubes.
[LOG 21:17:18.452] [KSPCF/DragCubeGeneration] Creating drag cubes for part 'Size1p5.Tank.03'
[LOG 21:17:18.460] PartLoader: Compiling Part 'SquadExpansion/MakingHistory/Parts/FuelTank/Size1p5_Tank_04/Size1p5_Tank_04'
[LOG 21:17:18.463] PartLoader: Part 'SquadExpansion/MakingHistory/Parts/FuelTank/Size1p5_Tank_04/Size1p5_Tank_04' has no database record. Creating.
[LOG 21:17:18.463] [DragCubeSystem]: Drag cubes not found or cannot be read for part Part. Generating New drag cubes.
[LOG 21:17:18.464] [KSPCF/DragCubeGeneration] Creating drag cubes for part 'Size1p5.Tank.04'
[LOG 21:17:18.471] PartLoader: Compiling Part 'SquadExpansion/MakingHistory/Parts/FuelTank/Size1p5_Tank_05/Size1p5_Tank_05'
[LOG 21:17:18.475] PartLoader: Part 'SquadExpansion/MakingHistory/Parts/FuelTank/Size1p5_Tank_05/Size1p5_Tank_05' has no database record. Creating.
[LOG 21:17:18.475] [DragCubeSystem]: Drag cubes not found or cannot be read for part Part. Generating New drag cubes.
[LOG 21:17:18.475] [KSPCF/DragCubeGeneration] Creating drag cubes for part 'Size1p5.Tank.05'
[LOG 21:17:18.484] PartLoader: Compiling Part 'SquadExpansion/MakingHistory/Parts/FuelTank/Size3_Size4_Adapter_01/Size3_Size4_Adapter_01'
[LOG 21:17:18.485] PartLoader: Part 'SquadExpansion/MakingHistory/Parts/FuelTank/Size3_Size4_Adapter_01/Size3_Size4_Adapter_01' has no database record. Creating.
[LOG 21:17:18.485] [DragCubeSystem]: Drag cubes not found or cannot be read for part Part. Generating New drag cubes.
[LOG 21:17:18.485] [KSPCF/DragCubeGeneration] Creating drag cubes for part 'Size3.Size4.Adapter.01'
[LOG 21:17:18.493] PartLoader: Compiling Part 'SquadExpansion/MakingHistory/Parts/FuelTank/Size4_EngineAdapter_01/Size4_EngineAdapter_01'
[LOG 21:17:18.498] PartLoader: Part 'SquadExpansion/MakingHistory/Parts/FuelTank/Size4_EngineAdapter_01/Size4_EngineAdapter_01' has no database record. Creating.
[LOG 21:17:18.498] [DragCubeSystem]: Drag cubes not found or cannot be read for part Part. Generating New drag cubes.
[LOG 21:17:18.498] [KSPCF/DragCubeGeneration] Creating drag cubes for part 'Size4.EngineAdapter.01'
[LOG 21:17:18.509] PartLoader: Compiling Part 'SquadExpansion/MakingHistory/Parts/FuelTank/Size4_Tank_01/Size4_Tank_01'
[LOG 21:17:18.510] PartLoader: Part 'SquadExpansion/MakingHistory/Parts/FuelTank/Size4_Tank_01/Size4_Tank_01' has no database record. Creating.
[LOG 21:17:18.510] [DragCubeSystem]: Drag cubes not found or cannot be read for part Part. Generating New drag cubes.
[LOG 21:17:18.510] [KSPCF/DragCubeGeneration] Creating drag cubes for part 'Size4.Tank.01'
[LOG 21:17:18.520] PartLoader: Compiling Part 'SquadExpansion/MakingHistory/Parts/FuelTank/Size4_Tank_02/Size4_Tank_02'
[LOG 21:17:18.522] PartLoader: Part 'SquadExpansion/MakingHistory/Parts/FuelTank/Size4_Tank_02/Size4_Tank_02' has no database record. Creating.
[LOG 21:17:18.522] [DragCubeSystem]: Drag cubes not found or cannot be read for part Part. Generating New drag cubes.
[LOG 21:17:18.522] [KSPCF/DragCubeGeneration] Creating drag cubes for part 'Size4.Tank.02'
[LOG 21:17:18.529] PartLoader: Compiling Part 'SquadExpansion/MakingHistory/Parts/FuelTank/Size4_Tank_03/Size4_Tank_03'
[LOG 21:17:18.532] PartLoader: Part 'SquadExpansion/MakingHistory/Parts/FuelTank/Size4_Tank_03/Size4_Tank_03' has no database record. Creating.
[LOG 21:17:18.532] [DragCubeSystem]: Drag cubes not found or cannot be read for part Part. Generating New drag cubes.
[LOG 21:17:18.532] [KSPCF/DragCubeGeneration] Creating drag cubes for part 'Size4.Tank.03'
[LOG 21:17:18.541] PartLoader: Compiling Part 'SquadExpansion/MakingHistory/Parts/FuelTank/Size4_Tank_04/Size4_Tank_04'
[LOG 21:17:18.542] PartLoader: Part 'SquadExpansion/MakingHistory/Parts/FuelTank/Size4_Tank_04/Size4_Tank_04' has no database record. Creating.
[LOG 21:17:18.543] [DragCubeSystem]: Drag cubes not found or cannot be read for part Part. Generating New drag cubes.
[LOG 21:17:18.543] [KSPCF/DragCubeGeneration] Creating drag cubes for part 'Size4.Tank.04'
[LOG 21:17:18.550] PartLoader: Compiling Part 'SquadExpansion/MakingHistory/Parts/Ground/RoverWheel/roverWheelM1-F'
[LOG 21:17:18.555] PartLoader: Part 'SquadExpansion/MakingHistory/Parts/Ground/RoverWheel/roverWheelM1-F' has no database record. Creating.
[LOG 21:17:18.556] [DragCubeSystem]: Drag cubes not found or cannot be read for part Part. Generating New drag cubes.
[LOG 21:17:18.556] [KSPCF/DragCubeGeneration] Creating drag cubes for part 'roverWheelM1-F'
[LOG 21:17:18.578] PartLoader: Compiling Part 'SquadExpansion/MakingHistory/Parts/Payload/fairingSize1p5/fairingSize1p5'
[LOG 21:17:18.584] PartLoader: Part 'SquadExpansion/MakingHistory/Parts/Payload/fairingSize1p5/fairingSize1p5' has no database record. Creating.
[LOG 21:17:18.584] [DragCubeSystem]: Drag cubes not found or cannot be read for part Part. Generating New drag cubes.
[LOG 21:17:18.584] [KSPCF/DragCubeGeneration] Creating drag cubes for part 'fairingSize1p5'
[LOG 21:17:18.591] PartLoader: Compiling Part 'SquadExpansion/MakingHistory/Parts/Payload/fairingSize4/fairingSize4'
[LOG 21:17:18.598] PartLoader: Part 'SquadExpansion/MakingHistory/Parts/Payload/fairingSize4/fairingSize4' has no database record. Creating.
[LOG 21:17:18.598] [DragCubeSystem]: Drag cubes not found or cannot be read for part Part. Generating New drag cubes.
[LOG 21:17:18.598] [KSPCF/DragCubeGeneration] Creating drag cubes for part 'fairingSize4'
[LOG 21:17:18.606] PartLoader: Compiling Part 'SquadExpansion/MakingHistory/Parts/Payload/Size1to0ServiceModule/Size1to0ServiceModule'
[LOG 21:17:18.612] PartLoader: Part 'SquadExpansion/MakingHistory/Parts/Payload/Size1to0ServiceModule/Size1to0ServiceModule' has no database record. Creating.
[LOG 21:17:18.612] [DragCubeSystem]: Drag cubes not found or cannot be read for part Part. Generating New drag cubes.
[LOG 21:17:18.612] [KSPCF/DragCubeGeneration] Part 'Size1to0ServiceModule' has defined a procedural drag cube setup
[LOG 21:17:18.613] PartLoader: Compiling Part 'SquadExpansion/MakingHistory/Parts/Payload/SM18/ServiceModule18'
[LOG 21:17:18.619] PartLoader: Part 'SquadExpansion/MakingHistory/Parts/Payload/SM18/ServiceModule18' has no database record. Creating.
[LOG 21:17:18.619] [DragCubeSystem]: Drag cubes not found or cannot be read for part Part. Generating New drag cubes.
[LOG 21:17:18.619] [KSPCF/DragCubeGeneration] Part 'ServiceModule18' has defined a procedural drag cube setup
[LOG 21:17:18.619] PartLoader: Compiling Part 'SquadExpansion/MakingHistory/Parts/Payload/SM25/ServiceModule25'
[LOG 21:17:18.623] PartLoader: Part 'SquadExpansion/MakingHistory/Parts/Payload/SM25/ServiceModule25' has no database record. Creating.
[LOG 21:17:18.623] [DragCubeSystem]: Drag cubes not found or cannot be read for part Part. Generating New drag cubes.
[LOG 21:17:18.623] [KSPCF/DragCubeGeneration] Part 'ServiceModule25' has defined a procedural drag cube setup
[LOG 21:17:18.624] PartLoader: Compiling Part 'SquadExpansion/MakingHistory/Parts/Pods/KV1Pod/kv1Pod'
[WRN 21:17:18.627] [Part]: Cannot have ModuleCargoPart and ModuleInventoryPart on same Part [kv1Pod'. Removed ModuleCargoPart
[LOG 21:17:18.630] PartLoader: Part 'SquadExpansion/MakingHistory/Parts/Pods/KV1Pod/kv1Pod' has no database record. Creating.
[LOG 21:17:18.631] PartLoader: Compiling Part 'SquadExpansion/MakingHistory/Parts/Pods/KV2Pod/kv2Pod'
[WRN 21:17:18.633] [Part]: Cannot have ModuleCargoPart and ModuleInventoryPart on same Part [kv2Pod'. Removed ModuleCargoPart
[LOG 21:17:18.636] PartLoader: Part 'SquadExpansion/MakingHistory/Parts/Pods/KV2Pod/kv2Pod' has no database record. Creating.
[LOG 21:17:18.637] PartLoader: Compiling Part 'SquadExpansion/MakingHistory/Parts/Pods/KV3Pod/kv3Pod'
[WRN 21:17:18.639] [Part]: Cannot have ModuleCargoPart and ModuleInventoryPart on same Part [kv3Pod'. Removed ModuleCargoPart
[LOG 21:17:18.642] PartLoader: Part 'SquadExpansion/MakingHistory/Parts/Pods/KV3Pod/kv3Pod' has no database record. Creating.
[LOG 21:17:18.643] PartLoader: Compiling Part 'SquadExpansion/MakingHistory/Parts/Pods/Mk2Pod/Mk2Pod'
[WRN 21:17:18.644] [Part]: Cannot have ModuleCargoPart and ModuleInventoryPart on same Part [Mk2Pod'. Removed ModuleCargoPart
[LOG 21:17:18.647] PartLoader: Part 'SquadExpansion/MakingHistory/Parts/Pods/Mk2Pod/Mk2Pod' has no database record. Creating.
[LOG 21:17:18.647] [DragCubeSystem]: Drag cubes not found or cannot be read for part Part. Generating New drag cubes.
[LOG 21:17:18.647] [KSPCF/DragCubeGeneration] Creating drag cubes for part 'Mk2Pod'
[LOG 21:17:18.658] PartLoader: Compiling Part 'SquadExpansion/MakingHistory/Parts/Pods/Size1_5_Lander/MEMLander'
[WRN 21:17:18.661] [Part]: Cannot add ModuleCargoPart as this Part 'MEMLander' already has a ModuleInventoryPart PartModule and they are mutually exclusive.
[LOG 21:17:18.664] PartLoader: Part 'SquadExpansion/MakingHistory/Parts/Pods/Size1_5_Lander/MEMLander' has no database record. Creating.
[LOG 21:17:18.664] [DragCubeSystem]: Drag cubes not found or cannot be read for part Part. Generating New drag cubes.
[LOG 21:17:18.664] [KSPCF/DragCubeGeneration] Creating drag cubes for part 'MEMLander'
[LOG 21:17:18.673] PartLoader: Compiling Part 'SquadExpansion/MakingHistory/Parts/Prebuilt/kerbalEVAfemaleVintage/kerbalEVAfemaleVintage'
[LOG 21:17:18.676] PartLoader: Compiling Part 'SquadExpansion/MakingHistory/Parts/Prebuilt/kerbalEVAVintage/kerbalEVAVintage'
[LOG 21:17:18.682] PartLoader: Compiling Part 'SquadExpansion/MakingHistory/Parts/Structural/EquiTriangle0/EquiTriangle0'
[LOG 21:17:18.686] PartLoader: Part 'SquadExpansion/MakingHistory/Parts/Structural/EquiTriangle0/EquiTriangle0' has no database record. Creating.
[LOG 21:17:18.686] [DragCubeSystem]: Drag cubes not found or cannot be read for part Part. Generating New drag cubes.
[LOG 21:17:18.686] [KSPCF/DragCubeGeneration] Creating drag cubes for part 'EquiTriangle0'
[LOG 21:17:18.696] PartLoader: Compiling Part 'SquadExpansion/MakingHistory/Parts/Structural/EquiTriangle1/EquiTriangle1'
[LOG 21:17:18.698] PartLoader: Part 'SquadExpansion/MakingHistory/Parts/Structural/EquiTriangle1/EquiTriangle1' has no database record. Creating.
[LOG 21:17:18.698] [DragCubeSystem]: Drag cubes not found or cannot be read for part Part. Generating New drag cubes.
[LOG 21:17:18.698] [KSPCF/DragCubeGeneration] Creating drag cubes for part 'EquiTriangle1'
[LOG 21:17:18.707] PartLoader: Compiling Part 'SquadExpansion/MakingHistory/Parts/Structural/EquiTriangle1p5/EquiTriangle1p5'
[LOG 21:17:18.710] PartLoader: Part 'SquadExpansion/MakingHistory/Parts/Structural/EquiTriangle1p5/EquiTriangle1p5' has no database record. Creating.
[LOG 21:17:18.710] [DragCubeSystem]: Drag cubes not found or cannot be read for part Part. Generating New drag cubes.
[LOG 21:17:18.710] [KSPCF/DragCubeGeneration] Creating drag cubes for part 'EquiTriangle1p5'
[LOG 21:17:18.718] PartLoader: Compiling Part 'SquadExpansion/MakingHistory/Parts/Structural/EquiTriangle2/EquiTriangle2'
[LOG 21:17:18.721] PartLoader: Part 'SquadExpansion/MakingHistory/Parts/Structural/EquiTriangle2/EquiTriangle2' has no database record. Creating.
[LOG 21:17:18.721] [DragCubeSystem]: Drag cubes not found or cannot be read for part Part. Generating New drag cubes.
[LOG 21:17:18.721] [KSPCF/DragCubeGeneration] Creating drag cubes for part 'EquiTriangle2'
[LOG 21:17:18.729] PartLoader: Compiling Part 'SquadExpansion/MakingHistory/Parts/Structural/Panel0/Panel0'
[LOG 21:17:18.731] PartLoader: Part 'SquadExpansion/MakingHistory/Parts/Structural/Panel0/Panel0' has no database record. Creating.
[LOG 21:17:18.731] [DragCubeSystem]: Drag cubes not found or cannot be read for part Part. Generating New drag cubes.
[LOG 21:17:18.731] [KSPCF/DragCubeGeneration] Creating drag cubes for part 'Panel0'
[LOG 21:17:18.739] PartLoader: Compiling Part 'SquadExpansion/MakingHistory/Parts/Structural/Panel1/Panel1'
[LOG 21:17:18.742] PartLoader: Part 'SquadExpansion/MakingHistory/Parts/Structural/Panel1/Panel1' has no database record. Creating.
[LOG 21:17:18.742] [DragCubeSystem]: Drag cubes not found or cannot be read for part Part. Generating New drag cubes.
[LOG 21:17:18.742] [KSPCF/DragCubeGeneration] Creating drag cubes for part 'Panel1'
[LOG 21:17:18.749] PartLoader: Compiling Part 'SquadExpansion/MakingHistory/Parts/Structural/Panel1p5/Panel1p5'
[LOG 21:17:18.751] PartLoader: Part 'SquadExpansion/MakingHistory/Parts/Structural/Panel1p5/Panel1p5' has no database record. Creating.
[LOG 21:17:18.751] [DragCubeSystem]: Drag cubes not found or cannot be read for part Part. Generating New drag cubes.
[LOG 21:17:18.751] [KSPCF/DragCubeGeneration] Creating drag cubes for part 'Panel1p5'
[LOG 21:17:18.760] PartLoader: Compiling Part 'SquadExpansion/MakingHistory/Parts/Structural/Panel2/Panel2'
[LOG 21:17:18.762] PartLoader: Part 'SquadExpansion/MakingHistory/Parts/Structural/Panel2/Panel2' has no database record. Creating.
[LOG 21:17:18.762] [DragCubeSystem]: Drag cubes not found or cannot be read for part Part. Generating New drag cubes.
[LOG 21:17:18.762] [KSPCF/DragCubeGeneration] Creating drag cubes for part 'Panel2'
[LOG 21:17:18.769] PartLoader: Compiling Part 'SquadExpansion/MakingHistory/Parts/Structural/Triangle0/Triangle0'
[LOG 21:17:18.771] PartLoader: Part 'SquadExpansion/MakingHistory/Parts/Structural/Triangle0/Triangle0' has no database record. Creating.
[LOG 21:17:18.771] [DragCubeSystem]: Drag cubes not found or cannot be read for part Part. Generating New drag cubes.
[LOG 21:17:18.771] [KSPCF/DragCubeGeneration] Creating drag cubes for part 'Triangle0'
[LOG 21:17:18.778] PartLoader: Compiling Part 'SquadExpansion/MakingHistory/Parts/Structural/Triangle1/Triangle1'
[LOG 21:17:18.780] PartLoader: Part 'SquadExpansion/MakingHistory/Parts/Structural/Triangle1/Triangle1' has no database record. Creating.
[LOG 21:17:18.780] [DragCubeSystem]: Drag cubes not found or cannot be read for part Part. Generating New drag cubes.
[LOG 21:17:18.781] [KSPCF/DragCubeGeneration] Creating drag cubes for part 'Triangle1'
[LOG 21:17:18.789] PartLoader: Compiling Part 'SquadExpansion/MakingHistory/Parts/Structural/Triangle1p5/Triangle1p5'
[LOG 21:17:18.791] PartLoader: Part 'SquadExpansion/MakingHistory/Parts/Structural/Triangle1p5/Triangle1p5' has no database record. Creating.
[LOG 21:17:18.791] [DragCubeSystem]: Drag cubes not found or cannot be read for part Part. Generating New drag cubes.
[LOG 21:17:18.791] [KSPCF/DragCubeGeneration] Creating drag cubes for part 'Triangle1p5'
[LOG 21:17:18.799] PartLoader: Compiling Part 'SquadExpansion/MakingHistory/Parts/Structural/Triangle2/Triangle2'
[LOG 21:17:18.801] PartLoader: Part 'SquadExpansion/MakingHistory/Parts/Structural/Triangle2/Triangle2' has no database record. Creating.
[LOG 21:17:18.801] [DragCubeSystem]: Drag cubes not found or cannot be read for part Part. Generating New drag cubes.
[LOG 21:17:18.801] [KSPCF/DragCubeGeneration] Creating drag cubes for part 'Triangle2'
[LOG 21:17:18.809] PartLoader: Compiling Part 'SquadExpansion/MakingHistory/Parts/Structural/Tube1/Tube1'
[LOG 21:17:18.811] PartLoader: Part 'SquadExpansion/MakingHistory/Parts/Structural/Tube1/Tube1' has no database record. Creating.
[LOG 21:17:18.811] PartLoader: Compiling Part 'SquadExpansion/MakingHistory/Parts/Structural/Tube1p5/Tube1p5'
[LOG 21:17:18.815] PartLoader: Part 'SquadExpansion/MakingHistory/Parts/Structural/Tube1p5/Tube1p5' has no database record. Creating.
[LOG 21:17:18.815] PartLoader: Compiling Part 'SquadExpansion/MakingHistory/Parts/Structural/Tube2/Tube2'
[LOG 21:17:18.818] PartLoader: Part 'SquadExpansion/MakingHistory/Parts/Structural/Tube2/Tube2' has no database record. Creating.
[LOG 21:17:18.818] PartLoader: Compiling Part 'SquadExpansion/MakingHistory/Parts/Structural/Tube3/Tube3'
[LOG 21:17:18.820] PartLoader: Part 'SquadExpansion/MakingHistory/Parts/Structural/Tube3/Tube3' has no database record. Creating.
[LOG 21:17:18.820] PartLoader: Compiling Part 'SquadExpansion/MakingHistory/Parts/Structural/Tube4/Tube4'
[LOG 21:17:18.822] PartLoader: Part 'SquadExpansion/MakingHistory/Parts/Structural/Tube4/Tube4' has no database record. Creating.
[LOG 21:17:18.822] PartLoader: Compiling Part 'SquadExpansion/MakingHistory/Parts/Thermal/HeatShield1p5/HeatShield1p5'
[LOG 21:17:18.825] PartLoader: Part 'SquadExpansion/MakingHistory/Parts/Thermal/HeatShield1p5/HeatShield1p5' has no database record. Creating.
[LOG 21:17:18.825] [DragCubeSystem]: Drag cubes not found or cannot be read for part Part. Generating New drag cubes.
[LOG 21:17:18.825] [KSPCF/DragCubeGeneration] Creating drag cubes for part 'HeatShield1p5'
[LOG 21:17:18.845] PartLoader: Compiling Part 'SquadExpansion/MakingHistory/Parts/Utility/flags/flagSize1p5/flagSize1p5/flagPartSize1p5'
[LOG 21:17:18.850] PartLoader: Part 'SquadExpansion/MakingHistory/Parts/Utility/flags/flagSize1p5/flagSize1p5/flagPartSize1p5' has no database record. Creating.
[LOG 21:17:18.850] [DragCubeSystem]: Drag cubes not found or cannot be read for part Part. Generating New drag cubes.
[LOG 21:17:18.850] [KSPCF/DragCubeGeneration] Creating drag cubes for part 'flagPartSize1p5'
[LOG 21:17:18.857] PartLoader: Compiling Part 'SquadExpansion/MakingHistory/Parts/Utility/flags/flagSize4/flagSize4/flagPartSize4'
[LOG 21:17:18.860] PartLoader: Part 'SquadExpansion/MakingHistory/Parts/Utility/flags/flagSize4/flagSize4/flagPartSize4' has no database record. Creating.
[LOG 21:17:18.860] [DragCubeSystem]: Drag cubes not found or cannot be read for part Part. Generating New drag cubes.
[LOG 21:17:18.860] [KSPCF/DragCubeGeneration] Creating drag cubes for part 'flagPartSize4'
[LOG 21:17:18.869] PartLoader: Compiling Part 'SquadExpansion/Serenity/Parts/Aero/FanShroud_01/FanShroud_01'
[LOG 21:17:18.872] PartLoader: Part 'SquadExpansion/Serenity/Parts/Aero/FanShroud_01/FanShroud_01' has no database record. Creating.
[LOG 21:17:18.872] [DragCubeSystem]: Drag cubes not found or cannot be read for part Part. Generating New drag cubes.
[LOG 21:17:18.872] [KSPCF/DragCubeGeneration] Creating drag cubes for part 'FanShroud.01'
[LOG 21:17:18.880] PartLoader: Compiling Part 'SquadExpansion/Serenity/Parts/Aero/FanShroud_02/FanShroud_02'
[LOG 21:17:18.883] PartLoader: Part 'SquadExpansion/Serenity/Parts/Aero/FanShroud_02/FanShroud_02' has no database record. Creating.
[LOG 21:17:18.883] [DragCubeSystem]: Drag cubes not found or cannot be read for part Part. Generating New drag cubes.
[LOG 21:17:18.883] [KSPCF/DragCubeGeneration] Creating drag cubes for part 'FanShroud.02'
[LOG 21:17:18.890] PartLoader: Compiling Part 'SquadExpansion/Serenity/Parts/Aero/FanShroud_03/FanShroud_03'
[LOG 21:17:18.893] PartLoader: Part 'SquadExpansion/Serenity/Parts/Aero/FanShroud_03/FanShroud_03' has no database record. Creating.
[LOG 21:17:18.893] [DragCubeSystem]: Drag cubes not found or cannot be read for part Part. Generating New drag cubes.
[LOG 21:17:18.893] [KSPCF/DragCubeGeneration] Creating drag cubes for part 'FanShroud.03'
[LOG 21:17:18.900] PartLoader: Compiling Part 'SquadExpansion/Serenity/Parts/Aero/noseconeTiny/noseconeTiny'
[LOG 21:17:18.902] PartLoader: Part 'SquadExpansion/Serenity/Parts/Aero/noseconeTiny/noseconeTiny' has no database record. Creating.
[LOG 21:17:18.902] [DragCubeSystem]: Drag cubes not found or cannot be read for part Part. Generating New drag cubes.
[LOG 21:17:18.902] [KSPCF/DragCubeGeneration] Creating drag cubes for part 'noseconeTiny'
[LOG 21:17:18.910] PartLoader: Compiling Part 'SquadExpansion/Serenity/Parts/Aero/noseconeVS/noseconeVS'
[LOG 21:17:18.912] PartLoader: Part 'SquadExpansion/Serenity/Parts/Aero/noseconeVS/noseconeVS' has no database record. Creating.
[LOG 21:17:18.912] [DragCubeSystem]: Drag cubes not found or cannot be read for part Part. Generating New drag cubes.
[LOG 21:17:18.912] [KSPCF/DragCubeGeneration] Creating drag cubes for part 'noseconeVS'
[LOG 21:17:18.919] PartLoader: Compiling Part 'SquadExpansion/Serenity/Parts/DeployedScience/centralStation/DeployedCentralStation'
[LOG 21:17:18.925] PartLoader: Part 'SquadExpansion/Serenity/Parts/DeployedScience/centralStation/DeployedCentralStation' has no database record. Creating.
[LOG 21:17:18.925] [DragCubeSystem]: Drag cubes not found or cannot be read for part Part. Generating New drag cubes.
[LOG 21:17:18.925] [KSPCF/DragCubeGeneration] Creating drag cubes for part 'DeployedCentralStation'
[LOG 21:17:18.967] PartLoader: Compiling Part 'SquadExpansion/Serenity/Parts/DeployedScience/gooObservation/DeployedGoExOb'
[LOG 21:17:18.975] PartLoader: Part 'SquadExpansion/Serenity/Parts/DeployedScience/gooObservation/DeployedGoExOb' has no database record. Creating.
[LOG 21:17:18.975] [DragCubeSystem]: Drag cubes not found or cannot be read for part Part. Generating New drag cubes.
[LOG 21:17:18.975] [KSPCF/DragCubeGeneration] Creating drag cubes for part 'DeployedGoExOb'
[LOG 21:17:19.024] PartLoader: Compiling Part 'SquadExpansion/Serenity/Parts/DeployedScience/ionCollector/DeployedIONExp'
[LOG 21:17:19.029] PartLoader: Part 'SquadExpansion/Serenity/Parts/DeployedScience/ionCollector/DeployedIONExp' has no database record. Creating.
[LOG 21:17:19.029] [DragCubeSystem]: Drag cubes not found or cannot be read for part Part. Generating New drag cubes.
[LOG 21:17:19.029] [KSPCF/DragCubeGeneration] Creating drag cubes for part 'DeployedIONExp'
[LOG 21:17:19.064] PartLoader: Compiling Part 'SquadExpansion/Serenity/Parts/DeployedScience/rtg/DeployedRTG'
[LOG 21:17:19.072] PartLoader: Part 'SquadExpansion/Serenity/Parts/DeployedScience/rtg/DeployedRTG' has no database record. Creating.
[LOG 21:17:19.072] [DragCubeSystem]: Drag cubes not found or cannot be read for part Part. Generating New drag cubes.
[LOG 21:17:19.072] [KSPCF/DragCubeGeneration] Creating drag cubes for part 'DeployedRTG'
[LOG 21:17:19.094] PartLoader: Compiling Part 'SquadExpansion/Serenity/Parts/DeployedScience/satDish/DeployedSatDish'
[LOG 21:17:19.101] PartLoader: Part 'SquadExpansion/Serenity/Parts/DeployedScience/satDish/DeployedSatDish' has no database record. Creating.
[LOG 21:17:19.101] [DragCubeSystem]: Drag cubes not found or cannot be read for part Part. Generating New drag cubes.
[LOG 21:17:19.101] [KSPCF/DragCubeGeneration] Creating drag cubes for part 'DeployedSatDish'
[LOG 21:17:19.126] PartLoader: Compiling Part 'SquadExpansion/Serenity/Parts/DeployedScience/seismicSensor/DeployedSeismicSensor'
[LOG 21:17:19.130] PartLoader: Part 'SquadExpansion/Serenity/Parts/DeployedScience/seismicSensor/DeployedSeismicSensor' has no database record. Creating.
[LOG 21:17:19.130] [DragCubeSystem]: Drag cubes not found or cannot be read for part Part. Generating New drag cubes.
[LOG 21:17:19.130] [KSPCF/DragCubeGeneration] Creating drag cubes for part 'DeployedSeismicSensor'
[LOG 21:17:19.152] PartLoader: Compiling Part 'SquadExpansion/Serenity/Parts/DeployedScience/solarPanel/DeployedSolarPanel'
[LOG 21:17:19.157] PartLoader: Part 'SquadExpansion/Serenity/Parts/DeployedScience/solarPanel/DeployedSolarPanel' has no database record. Creating.
[LOG 21:17:19.157] [DragCubeSystem]: Drag cubes not found or cannot be read for part Part. Generating New drag cubes.
[LOG 21:17:19.157] [KSPCF/DragCubeGeneration] Creating drag cubes for part 'DeployedSolarPanel'
[LOG 21:17:19.179] PartLoader: Compiling Part 'SquadExpansion/Serenity/Parts/DeployedScience/weatherStation/DeployedWeatherStn'
[LOG 21:17:19.183] PartLoader: Part 'SquadExpansion/Serenity/Parts/DeployedScience/weatherStation/DeployedWeatherStn' has no database record. Creating.
[LOG 21:17:19.183] [DragCubeSystem]: Drag cubes not found or cannot be read for part Part. Generating New drag cubes.
[LOG 21:17:19.183] [KSPCF/DragCubeGeneration] Creating drag cubes for part 'DeployedWeatherStn'
[LOG 21:17:19.226] PartLoader: Compiling Part 'SquadExpansion/Serenity/Parts/Prebuilt/kerbalEVA/kerbalEVA'
[LOG 21:17:19.228] PartLoader: Compiling Part 'SquadExpansion/Serenity/Parts/Prebuilt/kerbalEVAfemale/kerbalEVAfemale'
[LOG 21:17:19.230] PartLoader: Compiling Part 'SquadExpansion/Serenity/Parts/Prebuilt/kerbalEVAfemaleFuture/kerbalEVAfemaleFuture'
[LOG 21:17:19.235] PartLoader: Compiling Part 'SquadExpansion/Serenity/Parts/Prebuilt/kerbalEVAfemaleVintage/kerbalEVAfemaleVintage'
[LOG 21:17:19.237] PartLoader: Compiling Part 'SquadExpansion/Serenity/Parts/Prebuilt/kerbalEVAFuture/kerbalEVAFuture'
[LOG 21:17:19.241] PartLoader: Compiling Part 'SquadExpansion/Serenity/Parts/Prebuilt/kerbalEVASlimSuit/kerbalEVASlimSuit'
[LOG 21:17:19.242] PartLoader: Compiling Part 'SquadExpansion/Serenity/Parts/Prebuilt/kerbalEVASlimSuitFemale/kerbalEVASlimSuitFemale'
[LOG 21:17:19.243] PartLoader: Compiling Part 'SquadExpansion/Serenity/Parts/Prebuilt/kerbalEVAVintage/kerbalEVAVintage'
[LOG 21:17:19.245] PartLoader: Compiling Part 'SquadExpansion/Serenity/Parts/Propellers/largeFanBlade/largeFanBlade'
[LOG 21:17:19.252] PartLoader: Part 'SquadExpansion/Serenity/Parts/Propellers/largeFanBlade/largeFanBlade' has no database record. Creating.
[LOG 21:17:19.252] [DragCubeSystem]: Drag cubes not found or cannot be read for part Part. Generating New drag cubes.
[LOG 21:17:19.252] [KSPCF/DragCubeGeneration] Creating drag cubes for part 'largeFanBlade'
[LOG 21:17:19.286] PartLoader: Compiling Part 'SquadExpansion/Serenity/Parts/Propellers/largeHeliBlade/largeHeliBlade'
[LOG 21:17:19.291] PartLoader: Part 'SquadExpansion/Serenity/Parts/Propellers/largeHeliBlade/largeHeliBlade' has no database record. Creating.
[LOG 21:17:19.291] [DragCubeSystem]: Drag cubes not found or cannot be read for part Part. Generating New drag cubes.
[LOG 21:17:19.291] [KSPCF/DragCubeGeneration] Creating drag cubes for part 'largeHeliBlade'
[LOG 21:17:19.334] PartLoader: Compiling Part 'SquadExpansion/Serenity/Parts/Propellers/largePropeller/largePropeller'
[LOG 21:17:19.339] PartLoader: Part 'SquadExpansion/Serenity/Parts/Propellers/largePropeller/largePropeller' has no database record. Creating.
[LOG 21:17:19.339] [DragCubeSystem]: Drag cubes not found or cannot be read for part Part. Generating New drag cubes.
[LOG 21:17:19.339] [KSPCF/DragCubeGeneration] Creating drag cubes for part 'largePropeller'
[LOG 21:17:19.368] PartLoader: Compiling Part 'SquadExpansion/Serenity/Parts/Propellers/mediumFanBlade/mediumFanBlade'
[LOG 21:17:19.372] PartLoader: Part 'SquadExpansion/Serenity/Parts/Propellers/mediumFanBlade/mediumFanBlade' has no database record. Creating.
[LOG 21:17:19.372] [DragCubeSystem]: Drag cubes not found or cannot be read for part Part. Generating New drag cubes.
[LOG 21:17:19.372] [KSPCF/DragCubeGeneration] Creating drag cubes for part 'mediumFanBlade'
[LOG 21:17:19.402] PartLoader: Compiling Part 'SquadExpansion/Serenity/Parts/Propellers/mediumHeliBlade/mediumHeliBlade'
[LOG 21:17:19.406] PartLoader: Part 'SquadExpansion/Serenity/Parts/Propellers/mediumHeliBlade/mediumHeliBlade' has no database record. Creating.
[LOG 21:17:19.406] [DragCubeSystem]: Drag cubes not found or cannot be read for part Part. Generating New drag cubes.
[LOG 21:17:19.406] [KSPCF/DragCubeGeneration] Creating drag cubes for part 'mediumHeliBlade'
[LOG 21:17:19.434] PartLoader: Compiling Part 'SquadExpansion/Serenity/Parts/Propellers/mediumPropeller/mediumPropeller'
[LOG 21:17:19.438] PartLoader: Part 'SquadExpansion/Serenity/Parts/Propellers/mediumPropeller/mediumPropeller' has no database record. Creating.
[LOG 21:17:19.438] [DragCubeSystem]: Drag cubes not found or cannot be read for part Part. Generating New drag cubes.
[LOG 21:17:19.438] [KSPCF/DragCubeGeneration] Creating drag cubes for part 'mediumPropeller'
[LOG 21:17:19.465] PartLoader: Compiling Part 'SquadExpansion/Serenity/Parts/Propellers/smallFanBlade/smallFanBlade'
[LOG 21:17:19.469] PartLoader: Part 'SquadExpansion/Serenity/Parts/Propellers/smallFanBlade/smallFanBlade' has no database record. Creating.
[LOG 21:17:19.469] [DragCubeSystem]: Drag cubes not found or cannot be read for part Part. Generating New drag cubes.
[LOG 21:17:19.469] [KSPCF/DragCubeGeneration] Creating drag cubes for part 'smallFanBlade'
[LOG 21:17:19.500] PartLoader: Compiling Part 'SquadExpansion/Serenity/Parts/Propellers/smallHeliBlade/smallHeliBlade'
[LOG 21:17:19.504] PartLoader: Part 'SquadExpansion/Serenity/Parts/Propellers/smallHeliBlade/smallHeliBlade' has no database record. Creating.
[LOG 21:17:19.504] [DragCubeSystem]: Drag cubes not found or cannot be read for part Part. Generating New drag cubes.
[LOG 21:17:19.504] [KSPCF/DragCubeGeneration] Creating drag cubes for part 'smallHeliBlade'
[LOG 21:17:19.533] PartLoader: Compiling Part 'SquadExpansion/Serenity/Parts/Propellers/smallPropeller/smallPropeller'
[LOG 21:17:19.536] PartLoader: Part 'SquadExpansion/Serenity/Parts/Propellers/smallPropeller/smallPropeller' has no database record. Creating.
[LOG 21:17:19.536] [DragCubeSystem]: Drag cubes not found or cannot be read for part Part. Generating New drag cubes.
[LOG 21:17:19.536] [KSPCF/DragCubeGeneration] Creating drag cubes for part 'smallPropeller'
[LOG 21:17:19.565] PartLoader: Compiling Part 'SquadExpansion/Serenity/Parts/Robotics/hinge_01/hinge_01'
[LOG 21:17:19.578] PartLoader: Part 'SquadExpansion/Serenity/Parts/Robotics/hinge_01/hinge_01' has no database record. Creating.
[LOG 21:17:19.578] [DragCubeSystem]: Drag cubes not found or cannot be read for part Part. Generating New drag cubes.
[LOG 21:17:19.578] [KSPCF/DragCubeGeneration] Creating drag cubes for part 'hinge.01'
[LOG 21:17:19.587] PartLoader: Compiling Part 'SquadExpansion/Serenity/Parts/Robotics/hinge_01_s/hinge_01_s'
[LOG 21:17:19.592] PartLoader: Part 'SquadExpansion/Serenity/Parts/Robotics/hinge_01_s/hinge_01_s' has no database record. Creating.
[LOG 21:17:19.592] [DragCubeSystem]: Drag cubes not found or cannot be read for part Part. Generating New drag cubes.
[LOG 21:17:19.593] [KSPCF/DragCubeGeneration] Creating drag cubes for part 'hinge.01.s'
[LOG 21:17:19.602] PartLoader: Compiling Part 'SquadExpansion/Serenity/Parts/Robotics/hinge_03/hinge_03'
[LOG 21:17:19.607] PartLoader: Part 'SquadExpansion/Serenity/Parts/Robotics/hinge_03/hinge_03' has no database record. Creating.
[LOG 21:17:19.607] PartLoader: Compiling Part 'SquadExpansion/Serenity/Parts/Robotics/hinge_03_s/hinge_03_s'
[LOG 21:17:19.612] PartLoader: Part 'SquadExpansion/Serenity/Parts/Robotics/hinge_03_s/hinge_03_s' has no database record. Creating.
[LOG 21:17:19.613] PartLoader: Compiling Part 'SquadExpansion/Serenity/Parts/Robotics/hinge_04/hinge_04'
[LOG 21:17:19.618] PartLoader: Part 'SquadExpansion/Serenity/Parts/Robotics/hinge_04/hinge_04' has no database record. Creating.
[LOG 21:17:19.618] PartLoader: Compiling Part 'SquadExpansion/Serenity/Parts/Robotics/piston_01/piston_01'
[LOG 21:17:19.629] PartLoader: Part 'SquadExpansion/Serenity/Parts/Robotics/piston_01/piston_01' has no database record. Creating.
[LOG 21:17:19.632] PartLoader: Compiling Part 'SquadExpansion/Serenity/Parts/Robotics/piston_02/piston_02'
[LOG 21:17:19.637] PartLoader: Part 'SquadExpansion/Serenity/Parts/Robotics/piston_02/piston_02' has no database record. Creating.
[LOG 21:17:19.638] PartLoader: Compiling Part 'SquadExpansion/Serenity/Parts/Robotics/piston_03/piston_03'
[LOG 21:17:19.642] PartLoader: Part 'SquadExpansion/Serenity/Parts/Robotics/piston_03/piston_03' has no database record. Creating.
[LOG 21:17:19.643] PartLoader: Compiling Part 'SquadExpansion/Serenity/Parts/Robotics/piston_04/piston_04'
[LOG 21:17:19.648] PartLoader: Part 'SquadExpansion/Serenity/Parts/Robotics/piston_04/piston_04' has no database record. Creating.
[LOG 21:17:19.648] PartLoader: Compiling Part 'SquadExpansion/Serenity/Parts/Robotics/RotorEngine_02/RotorEngine_02'
[LOG 21:17:19.658] PartLoader: Part 'SquadExpansion/Serenity/Parts/Robotics/RotorEngine_02/RotorEngine_02' has no database record. Creating.
[LOG 21:17:19.658] [DragCubeSystem]: Drag cubes not found or cannot be read for part Part. Generating New drag cubes.
[LOG 21:17:19.658] [KSPCF/DragCubeGeneration] Creating drag cubes for part 'RotorEngine.02'
[LOG 21:17:19.668] PartLoader: Compiling Part 'SquadExpansion/Serenity/Parts/Robotics/RotorEngine_03/RotorEngine_03'
[LOG 21:17:19.672] PartLoader: Part 'SquadExpansion/Serenity/Parts/Robotics/RotorEngine_03/RotorEngine_03' has no database record. Creating.
[LOG 21:17:19.672] [DragCubeSystem]: Drag cubes not found or cannot be read for part Part. Generating New drag cubes.
[LOG 21:17:19.672] [KSPCF/DragCubeGeneration] Creating drag cubes for part 'RotorEngine.03'
[LOG 21:17:19.681] PartLoader: Compiling Part 'SquadExpansion/Serenity/Parts/Robotics/rotor_01/rotor_01'
[LOG 21:17:19.685] PartLoader: Part 'SquadExpansion/Serenity/Parts/Robotics/rotor_01/rotor_01' has no database record. Creating.
[LOG 21:17:19.686] [DragCubeSystem]: Drag cubes not found or cannot be read for part Part. Generating New drag cubes.
[LOG 21:17:19.686] [KSPCF/DragCubeGeneration] Creating drag cubes for part 'rotor.01'
[LOG 21:17:19.694] PartLoader: Compiling Part 'SquadExpansion/Serenity/Parts/Robotics/rotor_01s/rotor_01s'
[LOG 21:17:19.699] PartLoader: Part 'SquadExpansion/Serenity/Parts/Robotics/rotor_01s/rotor_01s' has no database record. Creating.
[LOG 21:17:19.699] [DragCubeSystem]: Drag cubes not found or cannot be read for part Part. Generating New drag cubes.
[LOG 21:17:19.700] [KSPCF/DragCubeGeneration] Creating drag cubes for part 'rotor.01s'
[LOG 21:17:19.709] PartLoader: Compiling Part 'SquadExpansion/Serenity/Parts/Robotics/rotor_02/rotor_02'
[LOG 21:17:19.714] PartLoader: Part 'SquadExpansion/Serenity/Parts/Robotics/rotor_02/rotor_02' has no database record. Creating.
[LOG 21:17:19.714] [DragCubeSystem]: Drag cubes not found or cannot be read for part Part. Generating New drag cubes.
[LOG 21:17:19.714] [KSPCF/DragCubeGeneration] Creating drag cubes for part 'rotor.02'
[LOG 21:17:19.723] PartLoader: Compiling Part 'SquadExpansion/Serenity/Parts/Robotics/rotor_02s/rotor_02s'
[LOG 21:17:19.728] PartLoader: Part 'SquadExpansion/Serenity/Parts/Robotics/rotor_02s/rotor_02s' has no database record. Creating.
[LOG 21:17:19.728] [DragCubeSystem]: Drag cubes not found or cannot be read for part Part. Generating New drag cubes.
[LOG 21:17:19.728] [KSPCF/DragCubeGeneration] Creating drag cubes for part 'rotor.02s'
[LOG 21:17:19.737] PartLoader: Compiling Part 'SquadExpansion/Serenity/Parts/Robotics/rotor_03/rotor_03'
[LOG 21:17:19.742] PartLoader: Part 'SquadExpansion/Serenity/Parts/Robotics/rotor_03/rotor_03' has no database record. Creating.
[LOG 21:17:19.742] [DragCubeSystem]: Drag cubes not found or cannot be read for part Part. Generating New drag cubes.
[LOG 21:17:19.742] [KSPCF/DragCubeGeneration] Creating drag cubes for part 'rotor.03'
[LOG 21:17:19.752] PartLoader: Compiling Part 'SquadExpansion/Serenity/Parts/Robotics/rotor_03s/rotor_03s'
[LOG 21:17:19.757] PartLoader: Part 'SquadExpansion/Serenity/Parts/Robotics/rotor_03s/rotor_03s' has no database record. Creating.
[LOG 21:17:19.757] [DragCubeSystem]: Drag cubes not found or cannot be read for part Part. Generating New drag cubes.
[LOG 21:17:19.757] [KSPCF/DragCubeGeneration] Creating drag cubes for part 'rotor.03s'
[LOG 21:17:19.766] PartLoader: Compiling Part 'SquadExpansion/Serenity/Parts/Robotics/rotoServo_00/rotoServo_00'
[LOG 21:17:19.777] PartLoader: Part 'SquadExpansion/Serenity/Parts/Robotics/rotoServo_00/rotoServo_00' has no database record. Creating.
[LOG 21:17:19.777] [DragCubeSystem]: Drag cubes not found or cannot be read for part Part. Generating New drag cubes.
[LOG 21:17:19.777] [KSPCF/DragCubeGeneration] Creating drag cubes for part 'rotoServo.00'
[LOG 21:17:19.787] PartLoader: Compiling Part 'SquadExpansion/Serenity/Parts/Robotics/rotoServo_02/rotoServo_02'
[LOG 21:17:19.790] PartLoader: Part 'SquadExpansion/Serenity/Parts/Robotics/rotoServo_02/rotoServo_02' has no database record. Creating.
[LOG 21:17:19.790] [DragCubeSystem]: Drag cubes not found or cannot be read for part Part. Generating New drag cubes.
[LOG 21:17:19.791] [KSPCF/DragCubeGeneration] Creating drag cubes for part 'rotoServo.02'
[LOG 21:17:19.800] PartLoader: Compiling Part 'SquadExpansion/Serenity/Parts/Robotics/rotoServo_03/rotoServo_03'
[LOG 21:17:19.805] PartLoader: Part 'SquadExpansion/Serenity/Parts/Robotics/rotoServo_03/rotoServo_03' has no database record. Creating.
[LOG 21:17:19.805] [DragCubeSystem]: Drag cubes not found or cannot be read for part Part. Generating New drag cubes.
[LOG 21:17:19.805] [KSPCF/DragCubeGeneration] Creating drag cubes for part 'rotoServo.03'
[LOG 21:17:19.814] PartLoader: Compiling Part 'SquadExpansion/Serenity/Parts/Robotics/rotoServo_04/rotoServo_04'
[LOG 21:17:19.820] PartLoader: Part 'SquadExpansion/Serenity/Parts/Robotics/rotoServo_04/rotoServo_04' has no database record. Creating.
[LOG 21:17:19.820] [DragCubeSystem]: Drag cubes not found or cannot be read for part Part. Generating New drag cubes.
[LOG 21:17:19.820] [KSPCF/DragCubeGeneration] Creating drag cubes for part 'rotoServo.04'
[LOG 21:17:19.828] PartLoader: Compiling Part 'SquadExpansion/Serenity/Parts/Robotics/Controllers/KAL1000/controller1000'
[LOG 21:17:19.837] PartLoader: Part 'SquadExpansion/Serenity/Parts/Robotics/Controllers/KAL1000/controller1000' has no database record. Creating.
[LOG 21:17:19.837] [DragCubeSystem]: Drag cubes not found or cannot be read for part Part. Generating New drag cubes.
[LOG 21:17:19.837] [KSPCF/DragCubeGeneration] Creating drag cubes for part 'controller1000'
[LOG 21:17:19.845] PartLoader: Compiling Part 'SquadExpansion/Serenity/Parts/Science/RobotArmScanner/RobotArmScanner_S1/RobotArmScanner_S1'
[LOG 21:17:19.854] PartLoader: Part 'SquadExpansion/Serenity/Parts/Science/RobotArmScanner/RobotArmScanner_S1/RobotArmScanner_S1' has no database record. Creating.
[LOG 21:17:19.854] [DragCubeSystem]: Drag cubes not found or cannot be read for part Part. Generating New drag cubes.
[LOG 21:17:19.854] [KSPCF/DragCubeGeneration] Creating drag cubes for part 'RobotArmScanner.S1'
[LOG 21:17:19.888] PartLoader: Compiling Part 'SquadExpansion/Serenity/Parts/Science/RobotArmScanner/RobotArmScanner_S2/RobotArmScanner_S2'
[LOG 21:17:19.892] PartLoader: Part 'SquadExpansion/Serenity/Parts/Science/RobotArmScanner/RobotArmScanner_S2/RobotArmScanner_S2' has no database record. Creating.
[LOG 21:17:19.892] [DragCubeSystem]: Drag cubes not found or cannot be read for part Part. Generating New drag cubes.
[LOG 21:17:19.892] [KSPCF/DragCubeGeneration] Creating drag cubes for part 'RobotArmScanner.S2'
[LOG 21:17:19.924] PartLoader: Compiling Part 'SquadExpansion/Serenity/Parts/Science/RobotArmScanner/RobotArmScanner_S3/RobotArmScanner_S3'
[LOG 21:17:19.930] PartLoader: Part 'SquadExpansion/Serenity/Parts/Science/RobotArmScanner/RobotArmScanner_S3/RobotArmScanner_S3' has no database record. Creating.
[LOG 21:17:19.930] [DragCubeSystem]: Drag cubes not found or cannot be read for part Part. Generating New drag cubes.
[LOG 21:17:19.930] [KSPCF/DragCubeGeneration] Creating drag cubes for part 'RobotArmScanner.S3'
[LOG 21:17:19.962] PartLoader: Compiling Part 'SquadExpansion/Serenity/Parts/Structural/gripPads/lGripPad/lGripPad'
[LOG 21:17:19.969] PartLoader: Part 'SquadExpansion/Serenity/Parts/Structural/gripPads/lGripPad/lGripPad' has no database record. Creating.
[LOG 21:17:19.969] [DragCubeSystem]: Drag cubes not found or cannot be read for part Part. Generating New drag cubes.
[LOG 21:17:19.969] [KSPCF/DragCubeGeneration] Creating drag cubes for part 'lGripPad'
[LOG 21:17:19.993] PartLoader: Compiling Part 'SquadExpansion/Serenity/Parts/Structural/gripPads/lGripStrip/lGripStrip'
[LOG 21:17:19.995] PartLoader: Part 'SquadExpansion/Serenity/Parts/Structural/gripPads/lGripStrip/lGripStrip' has no database record. Creating.
[LOG 21:17:19.995] [DragCubeSystem]: Drag cubes not found or cannot be read for part Part. Generating New drag cubes.
[LOG 21:17:19.995] [KSPCF/DragCubeGeneration] Creating drag cubes for part 'lGripStrip'
[LOG 21:17:20.003] PartLoader: Compiling Part 'SquadExpansion/Serenity/Parts/Structural/gripPads/mGripPad/mGripPad'
[LOG 21:17:20.006] PartLoader: Part 'SquadExpansion/Serenity/Parts/Structural/gripPads/mGripPad/mGripPad' has no database record. Creating.
[LOG 21:17:20.006] [DragCubeSystem]: Drag cubes not found or cannot be read for part Part. Generating New drag cubes.
[LOG 21:17:20.007] [KSPCF/DragCubeGeneration] Creating drag cubes for part 'mGripPad'
[LOG 21:17:20.027] PartLoader: Compiling Part 'SquadExpansion/Serenity/Parts/Structural/gripPads/sGripPad/sGripPad'
[LOG 21:17:20.031] PartLoader: Part 'SquadExpansion/Serenity/Parts/Structural/gripPads/sGripPad/sGripPad' has no database record. Creating.
[LOG 21:17:20.031] [DragCubeSystem]: Drag cubes not found or cannot be read for part Part. Generating New drag cubes.
[LOG 21:17:20.031] [KSPCF/DragCubeGeneration] Creating drag cubes for part 'sGripPad'
[LOG 21:17:20.075] PartLoader: Compiling Part 'SquadExpansion/Serenity/Parts/Structural/gripPads/sGripStrip/sGripStrip'
[LOG 21:17:20.077] PartLoader: Part 'SquadExpansion/Serenity/Parts/Structural/gripPads/sGripStrip/sGripStrip' has no database record. Creating.
[LOG 21:17:20.077] [DragCubeSystem]: Drag cubes not found or cannot be read for part Part. Generating New drag cubes.
[LOG 21:17:20.077] [KSPCF/DragCubeGeneration] Creating drag cubes for part 'sGripStrip'
[LOG 21:17:20.086] PartLoader: Compiling Internal Prop 'Squad/Props/AltimeterThreeHands/prop/AltimeterThreeHands'
[LOG 21:17:20.090] PartLoader: Compiling Internal Prop 'Squad/Props/AtmosphereDepth/prop/AtmosphereDepth'
[LOG 21:17:20.091] PartLoader: Compiling Internal Prop 'Squad/Props/AxisIndicator/pitchConfig/AxisIndicatorPitch'
[LOG 21:17:20.092] PartLoader: Compiling Internal Prop 'Squad/Props/AxisIndicator/rollConfig/AxisIndicatorRoll'
[LOG 21:17:20.093] PartLoader: Compiling Internal Prop 'Squad/Props/AxisIndicator/yawConfig/AxisIndicatorYaw'
[LOG 21:17:20.095] PartLoader: Compiling Internal Prop 'Squad/Props/buttonsGeneric/circularButton/genericCircularButton'
[LOG 21:17:20.097] PartLoader: Compiling Internal Prop 'Squad/Props/buttonsGeneric/clusterButtons/genericClusterButtons'
[LOG 21:17:20.097] PartLoader: Compiling Internal Prop 'Squad/Props/buttonsGeneric/clusterButtons2/genericClusterButtons2'
[LOG 21:17:20.098] PartLoader: Compiling Internal Prop 'Squad/Props/buttonsGeneric/clusterKnob/genericClusterKnobs'
[LOG 21:17:20.098] PartLoader: Compiling Internal Prop 'Squad/Props/buttonsGeneric/clusterKnob2/genericClusterKnobs2'
[LOG 21:17:20.099] PartLoader: Compiling Internal Prop 'Squad/Props/buttonsGeneric/clusterMixed/genericClusterMixed'
[LOG 21:17:20.099] PartLoader: Compiling Internal Prop 'Squad/Props/buttonsGeneric/clusterSwitches01/genericClusterSwitches01'
[LOG 21:17:20.100] PartLoader: Compiling Internal Prop 'Squad/Props/buttonsGeneric/clusterSwitches02/genericClusterSwitches02'
[LOG 21:17:20.101] PartLoader: Compiling Internal Prop 'Squad/Props/buttonsGeneric/clusterSwitches03/genericClusterSwitches03'
[LOG 21:17:20.101] PartLoader: Compiling Internal Prop 'Squad/Props/buttonsGeneric/clusterSwitches04/genericClusterSwitches04'
[LOG 21:17:20.102] PartLoader: Compiling Internal Prop 'Squad/Props/buttonsGeneric/clusterSwitches05/genericClusterSwitches05'
[LOG 21:17:20.103] PartLoader: Compiling Internal Prop 'Squad/Props/buttonsGeneric/clusterSwitches06/genericClusterSwitches06'
[LOG 21:17:20.103] PartLoader: Compiling Internal Prop 'Squad/Props/buttonsGeneric/clusterSwitches07/genericClusterSwitches07'
[LOG 21:17:20.104] PartLoader: Compiling Internal Prop 'Squad/Props/buttonsGeneric/directionalKnob/genericDirectionalKnob'
[LOG 21:17:20.104] PartLoader: Compiling Internal Prop 'Squad/Props/buttonsGeneric/directionalKnob2/genericDirectionalKnob2'
[LOG 21:17:20.105] PartLoader: Compiling Internal Prop 'Squad/Props/buttonsGeneric/pullSwitch/genericPullSwitch'
[LOG 21:17:20.105] PartLoader: Compiling Internal Prop 'Squad/Props/buttonsGeneric/squareButton/genericSquareButton'
[LOG 21:17:20.106] PartLoader: Compiling Internal Prop 'Squad/Props/buttonsGeneric/standingSwitch/genericStandingSwitch'
[LOG 21:17:20.107] PartLoader: Compiling Internal Prop 'Squad/Props/buttonsGeneric/switch/genericSwitch'
[LOG 21:17:20.107] PartLoader: Compiling Internal Prop 'Squad/Props/buttonsGeneric/switchWithGuards/genericSwitchWithGuards'
[LOG 21:17:20.107] PartLoader: Compiling Internal Prop 'Squad/Props/ButtonSquare/prop/ButtonSquare'
[LOG 21:17:20.109] PartLoader: Compiling Internal Prop 'Squad/Props/circularButton/prop/circularButton'
[LOG 21:17:20.110] PartLoader: Compiling Internal Prop 'Squad/Props/Compass/prop/Compass'
[LOG 21:17:20.111] PartLoader: Compiling Internal Prop 'Squad/Props/directionalKnob/prop/directionalKnob'
[LOG 21:17:20.111] PartLoader: Compiling Internal Prop 'Squad/Props/directionalKnob2/prop/directionalKnob2'
[LOG 21:17:20.111] PartLoader: Compiling Internal Prop 'Squad/Props/IndicatorPanel/prop/IndicatorPanel'
[LOG 21:17:20.113] PartLoader: Compiling Internal Prop 'Squad/Props/IVANavBall/prop/NavBall'
[LOG 21:17:20.115] PartLoader: Compiling Internal Prop 'Squad/Props/IVANavBallNoBase/prop/NavBallNoBase'
[LOG 21:17:20.115] PartLoader: Compiling Internal Prop 'Squad/Props/ledPanelSpeed/prop/ledPanelSpeed'
[LOG 21:17:20.117] PartLoader: Compiling Internal Prop 'Squad/Props/Monitor/DockingMode/MonitorDockingMode'
[LOG 21:17:20.117] PartLoader: Compiling Internal Prop 'Squad/Props/NavBall/prop/NavBall'
[LOG 21:17:20.117] PartLoader: Compiling Internal Prop 'Squad/Props/PropsGeneric/Button_DockingMode/Button_DockingMode'
[LOG 21:17:20.118] PartLoader: Compiling Internal Prop 'Squad/Props/PropsGeneric/CargoBagA/CargoBagA'
[LOG 21:17:20.118] PartLoader: Compiling Internal Prop 'Squad/Props/PropsGeneric/CargoBagB/CargoBagB'
[LOG 21:17:20.118] PartLoader: Compiling Internal Prop 'Squad/Props/PropsGeneric/CargoBagC/CargoBagC'
[LOG 21:17:20.118] PartLoader: Compiling Internal Prop 'Squad/Props/PropsGeneric/Hatch_Plane/Hatch_Plane'
[LOG 21:17:20.119] PartLoader: Compiling Internal Prop 'Squad/Props/PropsGeneric/Hatch_Plane_Curve90/Hatch_Plane_Curve90'
[LOG 21:17:20.119] PartLoader: Compiling Internal Prop 'Squad/Props/PropsGeneric/Hatch_Plane_Frame/Hatch_Plane_Frame'
[LOG 21:17:20.119] PartLoader: Compiling Internal Prop 'Squad/Props/PropsGeneric/Seat_Passenger/Seat_Passenger'
[LOG 21:17:20.119] PartLoader: Compiling Internal Prop 'Squad/Props/PropsGeneric/Seat_Pilot/Seat_Pilot'
[LOG 21:17:20.120] PartLoader: Compiling Internal Prop 'Squad/Props/PropsGeneric/Seat_Pilot_Helmet/Seat_Pilot_Helmet'
[LOG 21:17:20.120] PartLoader: Compiling Internal Prop 'Squad/Props/PropsGeneric/SideStick/SideStick'
[LOG 21:17:20.121] PartLoader: Compiling Internal Prop 'Squad/Props/pullSwitch/prop/pullSwitch'
[LOG 21:17:20.121] PartLoader: Compiling Internal Prop 'Squad/Props/radarAltitude/prop/RadarAltimeter'
[LOG 21:17:20.123] PartLoader: Compiling Internal Prop 'Squad/Props/squareButton/prop/squareButton'
[LOG 21:17:20.123] PartLoader: Compiling Internal Prop 'Squad/Props/standingSwitch/prop/standingSwitch'
[LOG 21:17:20.124] PartLoader: Compiling Internal Prop 'Squad/Props/switch/prop/switch'
[LOG 21:17:20.124] PartLoader: Compiling Internal Prop 'Squad/Props/switchGuard/prop/switchGuard'
[LOG 21:17:20.124] PartLoader: Compiling Internal Prop 'Squad/Props/switchWithGuards/prop/switchWithGuards'
[LOG 21:17:20.124] PartLoader: Compiling Internal Prop 'Squad/Props/throttle/prop/throttle'
[LOG 21:17:20.125] PartLoader: Compiling Internal Prop 'Squad/Props/VSI/prop/VSI'
[LOG 21:17:20.127] PartLoader: Compiling Internal Space 'Squad/Spaces/crewCabinInternals/internal/crewCabinInternals'
[LOG 21:17:20.133] PartLoader: Compiling Internal Space 'Squad/Spaces/cupolaInternal/internal/cupolaInternal'
[LOG 21:17:20.140] PartLoader: Compiling Internal Space 'Squad/Spaces/GenericSpace1/internal/GenericSpace1'
[LOG 21:17:20.141] PartLoader: Compiling Internal Space 'Squad/Spaces/GenericSpace3/internal/GenericSpace3'
[LOG 21:17:20.142] PartLoader: Compiling Internal Space 'Squad/Spaces/landerCabinInternals/internal/landerCabinInternals'
[LOG 21:17:20.144] PartLoader: Compiling Internal Space 'Squad/Spaces/landerCabinSmallInternal/internal/landerCabinSmallInternal'
[LOG 21:17:20.145] PartLoader: Compiling Internal Space 'Squad/Spaces/LargeCrewedLabInternals/internal/Mobile_Processing_Lab_Int'
[LOG 21:17:20.148] PartLoader: Compiling Internal Space 'Squad/Spaces/Mk1-3/internal/Mk1-3'
[LOG 21:17:20.151] PartLoader: Compiling Internal Space 'Squad/Spaces/mk1CabinInternal/internal/mk1CabinInternal'
[LOG 21:17:20.154] PartLoader: Compiling Internal Space 'Squad/Spaces/mk1CockpitInternal/internal/mk1CockpitInternal'
[LOG 21:17:20.157] PartLoader: Compiling Internal Space 'Squad/Spaces/mk1InlineInternal/internal/mk1InlineInternal'
[LOG 21:17:20.159] PartLoader: Compiling Internal Space 'Squad/Spaces/mk1PodCockpit/internal/mk1PodCockpit'
[LOG 21:17:20.161] PartLoader: Compiling Internal Space 'Squad/Spaces/mk1pod_IVA/mk1pod_Internal/mk1pod_IVA'
[LOG 21:17:20.166] PartLoader: Compiling Internal Space 'Squad/Spaces/mk2CockpitStandardInternal/internal/mk2CockpitStandardInternals'
[LOG 21:17:20.169] PartLoader: Compiling Internal Space 'Squad/Spaces/Mk2CrewCabinInternal/internal_MK2_CrewCab/MK2_CrewCab_Int'
[LOG 21:17:20.172] PartLoader: Compiling Internal Space 'Squad/Spaces/mk2InlineInternal/internal/mk2InlineInternal'
[LOG 21:17:20.177] PartLoader: Compiling Internal Space 'Squad/Spaces/mk2LanderCanInternal/internal/mk2LanderCanInternal'
[LOG 21:17:20.180] PartLoader: Compiling Internal Space 'Squad/Spaces/MK3CockpitInternal/internal_MK3/MK3_Cockpit_Int'
[LOG 21:17:20.185] PartLoader: Compiling Internal Space 'Squad/Spaces/MK3_CrewCab_Int/internal_MK3_CrewCab/MK3_CrewCab_Int'
[LOG 21:17:20.187] InternalSeat: Cannot find portraitCamera of name 'Camera_Left003'
[LOG 21:17:20.190] PartLoader: Compiling Internal Space 'Squad/Spaces/Placeholder/internal/Placeholder'
[LOG 21:17:20.194] PartLoader: Compiling Internal Space 'Squad/Spaces/PodCockpit/internal/PodCockpit'
[LOG 21:17:20.198] PartLoader: Compiling Internal Space 'SquadExpansion/MakingHistory/Spaces/KVPods/Airlock_Internal/Airlock_IVA'
[LOG 21:17:20.200] PartLoader: Compiling Internal Space 'SquadExpansion/MakingHistory/Spaces/KVPods/KV1_Internal/KV1_IVA'
[LOG 21:17:20.203] PartLoader: Compiling Internal Space 'SquadExpansion/MakingHistory/Spaces/KVPods/KV2_Internal/KV2_IVA'
[LOG 21:17:20.206] PartLoader: Compiling Internal Space 'SquadExpansion/MakingHistory/Spaces/KVPods/KV3_Internal/KV3_IVA'
[LOG 21:17:20.209] PartLoader: Compiling Internal Space 'SquadExpansion/MakingHistory/Spaces/MEM/MEM_IVA/MEM_IVA'
[LOG 21:17:20.213] PartLoader: Compiling Internal Space 'SquadExpansion/MakingHistory/Spaces/Mk2Pod/Mk2Pod_Internal/MK2POD_IVA'
[LOG 21:17:20.270] Assets:
[LOG 21:17:20.270] anim_missionsapp_idle.anim
[LOG 21:17:20.270] anim_missionsapp_idle_warning.anim
[LOG 21:17:20.270] anim_missionsapp_warning.anim
[LOG 21:17:20.270] anim_missionssapp.anim
[LOG 21:17:20.270] animcontroller_missionsappmaster.controller
[LOG 21:17:20.270] app_bg.tif
[LOG 21:17:20.270] app_bottom_gray.tif
[LOG 21:17:20.270] app_divider_pulldown_body.tif
[LOG 21:17:20.270] app_divider_pulldown_footer.tif
[LOG 21:17:20.270] app_divider_pulldown_header.tif
[LOG 21:17:20.270] app_divider_pulldown_header_over.tif
[LOG 21:17:20.270] app_header_gray.tif
[LOG 21:17:20.270] app_missions_icon_active.tif
[LOG 21:17:20.270] app_missions_icon_complete.tif
[LOG 21:17:20.271] app_missions_icon_failed.tif
[LOG 21:17:20.271] app_missions_icon_inactive.tif
[LOG 21:17:20.271] spritesheet_missionsapp.tif
[LOG 21:17:20.271] spritesheet_missionsappwarning.tif
[LOG 21:17:20.271] missionbriefingdialog.prefab
[LOG 21:17:20.271] missionbriefingtag.prefab
[LOG 21:17:20.271] awardwidget.prefab
[LOG 21:17:20.271] missionenddialog.prefab
[LOG 21:17:20.271] missionitemwidget.prefab
[LOG 21:17:20.271] missionplaybutton.prefab
[LOG 21:17:20.271] missionplaydialog.prefab
[LOG 21:17:20.271] missionsteamitemwidget.prefab
[LOG 21:17:20.271] missionvalidationdialog.prefab
[LOG 21:17:20.271] validationentry.prefab
[LOG 21:17:20.271] comettoken.fbx
[LOG 21:17:20.271] comettoken.jpg
[LOG 21:17:20.271] placementegizmo_comet.mat
[LOG 21:17:20.271] placementegizmo_comet_tail.mat
[LOG 21:17:20.271] femalevintagepreview.prefab
[LOG 21:17:20.271] malevintagepreview.prefab
[LOG 21:17:20.271] checkpointentrywidget.prefab
[LOG 21:17:20.271] crewmanagementdialog.prefab
[LOG 21:17:20.271] listitem_vesseltitle.prefab
[LOG 21:17:20.271] missionbrowser.prefab
[LOG 21:17:20.271] missioncheckpointbrowser.prefab
[LOG 21:17:20.271] missioncrewlistitem.prefab
[LOG 21:17:20.271] missionentrywidget.prefab
[LOG 21:17:20.271] missiontemplateentrywidget.prefab
[LOG 21:17:20.271] partcategorizerbutton.prefab
[LOG 21:17:20.271] partselectorbrowser.prefab
[LOG 21:17:20.271] partselectorentry.prefab
[LOG 21:17:20.271] gaputil_vesselframe.prefab
[LOG 21:17:20.271] meguiconnector.prefab
[LOG 21:17:20.271] meguinode.prefab
[LOG 21:17:20.271] meguinodecategorybutton.prefab
[LOG 21:17:20.271] meguinodeicon.prefab
[LOG 21:17:20.271] meguinodeicongroup.prefab
[LOG 21:17:20.271] meguiscrollviewitem.prefab
[LOG 21:17:20.271] meiconloaderbasicnode.prefab
[LOG 21:17:20.271] meiconloadergap.prefab
[LOG 21:17:20.272] meiconloadernodecategorizer.prefab
[LOG 21:17:20.272] menodecanvas.prefab
[LOG 21:17:20.272] missioneditorscreen.prefab
[LOG 21:17:20.272] nodelisttooltip.prefab
[LOG 21:17:20.272] nodelisttooltipextinfolistspacer.prefab
[LOG 21:17:20.272] orbitgizmo.prefab
[LOG 21:17:20.272] biomeshighlight.shader
[LOG 21:17:20.272] projector-surfacegizmo.shader
[LOG 21:17:20.272] scaledplanetbiomeshighlight.shader
[LOG 21:17:20.272] sprites-alwaysover.shader
[LOG 21:17:20.272] ui-unlit-infinite.shader
[LOG 21:17:20.272] ui-unlit-solid.shader
[LOG 21:17:20.272] assetgraph_connectionpoint_inputmark.png
[LOG 21:17:20.272] assetgraph_inputbg.png
[LOG 21:17:20.272] boldly.png
[LOG 21:17:20.272] carpool.png
[LOG 21:17:20.272] frugal.png
[LOG 21:17:20.272] homesick.png
[LOG 21:17:20.272] keys.png
[LOG 21:17:20.272] saint.png
[LOG 21:17:20.272] sinner.png
[LOG 21:17:20.272] thespot.png
[LOG 21:17:20.272] timekeeper.png
[LOG 21:17:20.272] helmetbronze.png
[LOG 21:17:20.272] helmetgold.png
[LOG 21:17:20.272] helmetsilver.png
[LOG 21:17:20.272] action-part-resource-drain.png
[LOG 21:17:20.272] change-part-resource-levels.png
[LOG 21:17:20.272] create-asteroid.png
[LOG 21:17:20.272] create-kerbal.png
[LOG 21:17:20.272] create-vessel.png
[LOG 21:17:20.272] crew-assignment.png
[LOG 21:17:20.272] dialog-message.png
[LOG 21:17:20.272] display-message.png
[LOG 21:17:20.272] fail-part.png
[LOG 21:17:20.272] fly-through.png
[LOG 21:17:20.272] funds-recovery.png
[LOG 21:17:20.272] generic-node.png
[LOG 21:17:20.272] go-to.png
[LOG 21:17:20.272] kerbal-boarded.png
[LOG 21:17:20.272] kerbal-recovery.png
[LOG 21:17:20.272] kerbal-rescue.png
[LOG 21:17:20.272] launch-site.png
[LOG 21:17:20.272] leave-soi.png
[LOG 21:17:20.272] orbit.png
[LOG 21:17:20.272] part-explode.png
[LOG 21:17:20.273] plant-flag.png
[LOG 21:17:20.273] reach-soi.png
[LOG 21:17:20.273] repair-part.png
[LOG 21:17:20.273] resource-amount.png
[LOG 21:17:20.273] resource-recovery.png
[LOG 21:17:20.273] science-experiment.png
[LOG 21:17:20.273] score.png
[LOG 21:17:20.273] take-tourist.png
[LOG 21:17:20.273] test-altitude.png
[LOG 21:17:20.273] test-eva.png
[LOG 21:17:20.273] test-grapple.png
[LOG 21:17:20.273] time-of-flight.png
[LOG 21:17:20.273] time-of-mission.png
[LOG 21:17:20.273] time-since-node.png
[LOG 21:17:20.273] vessel-crashed.png
[LOG 21:17:20.273] vessel-crew-count.png
[LOG 21:17:20.273] vessel-explode.png
[LOG 21:17:20.273] vessel-flying.png
[LOG 21:17:20.273] vessel-landed.png
[LOG 21:17:20.273] vessel-mass.png
[LOG 21:17:20.273] vessel-splashed.png
[LOG 21:17:20.273] vessel-stage-activated.png
[LOG 21:17:20.273] vessel-stage.png
[LOG 21:17:20.273] arrange-graph.png
[LOG 21:17:20.273] builderbuttons_briefing.png
[LOG 21:17:20.273] builderbuttons_reset.png
[LOG 21:17:20.273] builderbuttons_trackingstation.png
[LOG 21:17:20.273] frame-graph.png
[LOG 21:17:20.273] lock.png
[LOG 21:17:20.273] maximize.png
[LOG 21:17:20.273] minimize.png
[LOG 21:17:20.273] pin.png
[LOG 21:17:20.273] pin_down.png
[LOG 21:17:20.273] redo.png
[LOG 21:17:20.273] reset.png
[LOG 21:17:20.273] tracking-station.png
[LOG 21:17:20.273] undo.png
[LOG 21:17:20.273] visible-in-gap.png
[LOG 21:17:20.273] location.png
[LOG 21:17:20.273] logic.png
[LOG 21:17:20.273] science.png
[LOG 21:17:20.273] utility.png
[LOG 21:17:20.273] vessel.png
[LOG 21:17:20.273] eye.png
[LOG 21:17:20.273] iconmb.png
[LOG 21:17:20.273] me_btn_generic_normal.tif
[LOG 21:17:20.273] me_button_generic_normal.tif
[LOG 21:17:20.273] nodecat_bg.png
[LOG 21:17:20.273] nodecat_divider.tif
[LOG 21:17:20.274] nodecat_divider_bottom.tif
[LOG 21:17:20.274] pholderwarningicon.png
[LOG 21:17:20.274] reseticon.png
[LOG 21:17:20.274] validityindicator.controller
[LOG 21:17:20.274] validtyinidicatorpulse.anim
[LOG 21:17:20.274] broadorbittoggle button.png
[LOG 21:17:20.274] maneuvertoggle button.png
[LOG 21:17:20.274] orbitalgizmoicons.png
[LOG 21:17:20.274] reset orbit button.png
[LOG 21:17:20.274] nodelabel.prefab
[LOG 21:17:20.274] kerbaleva_female_exp.prefab
[LOG 21:17:20.274] kerbaleva_rd_exp.prefab
[LOG 21:17:20.274] missioneditorevabody.mat
[LOG 21:17:20.274] missioneditorevabodyalternate.mat
[LOG 21:17:20.274] missioneditorevabodybrown.mat
[LOG 21:17:20.274] missioneditorevaeyeballs.mat
[LOG 21:17:20.274] missioneditorevaeyes.mat
[LOG 21:17:20.274] missioneditorevahead.mat
[LOG 21:17:20.274] missioneditorevahelmet.mat
[LOG 21:17:20.274] missioneditorevahelmetred.mat
[LOG 21:17:20.274] missioneditorevajetpack.mat
[LOG 21:17:20.274] missioneditorevalight.mat
[LOG 21:17:20.274] kbevafemalevintage.prefab
[LOG 21:17:20.274] kbevavintage.prefab
[LOG 21:17:20.274] evalight.fbx
[LOG 21:17:20.274] kbeva@new.fbx
[LOG 21:17:20.274] kbeva@newfem.fbx
[LOG 21:17:20.274] mevahelmetlight.fbx
[LOG 21:17:20.274] evajetpackscondary.dds
[LOG 21:17:20.274] evajetpacksecondary_n.dds
[LOG 21:17:20.274] evalight.png
[LOG 21:17:20.274] kerbalmainnrm.dds
[LOG 21:17:20.274] me_suit_difuse_blue.dds
[LOG 21:17:20.274] me_suit_difuse_low_polybrown.dds
[LOG 21:17:20.274] me_suit_difuse_orange.dds
[LOG 21:17:20.274] kerbalfemalevintage.prefab
[LOG 21:17:20.274] kerbalmalevintage.prefab
[LOG 21:17:20.274] evahelmet.mat
[LOG 21:17:20.274] evatexture.mat
[LOG 21:17:20.274] kerbalgirl_06_basecolor.mat
[LOG 21:17:20.274] kerbalhead.mat
[LOG 21:17:20.274] lambert6.mat
[LOG 21:17:20.274] mat_eyeballs.mat
[LOG 21:17:20.274] mat_eyes01.mat
[LOG 21:17:20.274] material #4.mat
[LOG 21:17:20.274] mesh_female_kerbalastronaut01_kerbalgirl_export_15_lambert20.mat
[LOG 21:17:20.274] mesh_female_kerbalastronaut01_kerbalgirl_export_15_lambert21.mat
[LOG 21:17:20.275] kbfemale_iva_mecanim.fbx
[LOG 21:17:20.275] kbiva_mecanim.fbx
[LOG 21:17:20.275] kerbalicon_eva_female_vintage.tif
[LOG 21:17:20.275] kerbalicon_eva_vintage.tif
[LOG 21:17:20.275] kerbalicon_suit_female_vintage.tif
[LOG 21:17:20.275] kerbalicon_suit_orange_female_vintage.tif
[LOG 21:17:20.275] kerbalicon_suit_orange_vintage.tif
[LOG 21:17:20.275] kerbalicon_suit_vintage.tif
[LOG 21:17:20.275] gap_celestialbody_camerasetup.prefab
[LOG 21:17:20.275] gap_celestialbody_collisionsphere.prefab
[LOG 21:17:20.275] gap_celestialbody_surfacegizmo_area.prefab
[LOG 21:17:20.275] gap_celestialbody_surfacegizmo_basic.prefab
[LOG 21:17:20.275] gap_celestialbody_surfacegizmo_icon.prefab
[LOG 21:17:20.275] gap_celestialbody_surfacegizmo_vessel.prefab
[LOG 21:17:20.275] gap_celestialbody_surfacegizmo_volume.prefab
[LOG 21:17:20.275] gap_proceduralasteroid.prefab
[LOG 21:17:20.275] gap_proceduralcomet.prefab
[LOG 21:17:20.275] gapbuttonprefab.prefab
[LOG 21:17:20.275] gapkerbal_femaleveteran.prefab
[LOG 21:17:20.275] gapkerbal_femaleveteran_vintage.prefab
[LOG 21:17:20.275] gapkerbal_male_slimsuit.prefab
[LOG 21:17:20.275] gapkerbal_maleveteran.prefab
[LOG 21:17:20.275] gapkerbal_maleveteran_vintage.prefab
[LOG 21:17:20.275] gapscrollablesidebarbutton.prefab
[LOG 21:17:20.275] gapsidebarbutton.prefab
[LOG 21:17:20.275] gaptoggleprefab.prefab
[LOG 21:17:20.275] gaputil_biselector.prefab
[LOG 21:17:20.275] gaputil_celestialbody.prefab
[LOG 21:17:20.275] vesseldisplay_camerasetup.prefab
[LOG 21:17:20.275] desert_airfield.prefab
[LOG 21:17:20.275] desert_groundobjects.prefab
[LOG 21:17:20.275] desert_launch_site.prefab
[LOG 21:17:20.275] larkes.prefab
[LOG 21:17:20.275] floor bottom.mat
[LOG 21:17:20.275] floor top.mat
[LOG 21:17:20.275] legs.mat
[LOG 21:17:20.275] ramp.mat
[LOG 21:17:20.275] stairs grid lights pivot.mat
[LOG 21:17:20.275] supports 1.mat
[LOG 21:17:20.275] supports 2.mat
[LOG 21:17:20.275] tunnels.mat
[LOG 21:17:20.275] floor bottom.dds
[LOG 21:17:20.275] floor top.dds
[LOG 21:17:20.275] floor top_normal.dds
[LOG 21:17:20.275] legs.dds
[LOG 21:17:20.275] ramp.dds
[LOG 21:17:20.275] stairs grid lights pivot.dds
[LOG 21:17:20.275] supports 1.dds
[LOG 21:17:20.276] supports 2.dds
[LOG 21:17:20.276] tunnels.dds
[LOG 21:17:20.276] diffuse.mat
[LOG 21:17:20.276] floor bottom_base_color.mat
[LOG 21:17:20.276] floor top_base_color.mat
[LOG 21:17:20.276] legs_base_color.mat
[LOG 21:17:20.276] ramp_base_color.mat
[LOG 21:17:20.276] stairs grid lights pivot_base_colormodpsd.mat
[LOG 21:17:20.276] stairs_grid_lights_pivot_base_color.mat
[LOG 21:17:20.276] supports 1_base_color.mat
[LOG 21:17:20.276] supports 2_base_color.mat
[LOG 21:17:20.276] tunnels_base_color.mat
[LOG 21:17:20.276] mobilelaunchpad_19.fbx
[LOG 21:17:20.276] pontoons.fbx
[LOG 21:17:20.276] pontoons_diffuse.dds
[LOG 21:17:20.276] ramp_normal.png
[LOG 21:17:20.276] 1001_base_color.mat
[LOG 21:17:20.276] desert groundtransition.mat
[LOG 21:17:20.276] desert groundtransition_highquality.mat
[LOG 21:17:20.276] desert groundtransition_lowquality.mat
[LOG 21:17:20.276] desert groundtransition_mediumquality.mat
[LOG 21:17:20.276] desert groundtransition_ultraquality.mat
[LOG 21:17:20.276] desert runway sand.mat
[LOG 21:17:20.276] desert runway stone.mat
[LOG 21:17:20.276] mobilelaunchpad.prefab
[LOG 21:17:20.277] woomerang_groundobjects.prefab
[LOG 21:17:20.277] woomerang_launch_site.prefab
[LOG 21:17:20.277] Scenes:
[LOG 21:17:20.277] kspMissionEditor.unity
[LOG 21:17:25.883] Assets:
[LOG 21:17:25.883] appanim_missionsapp.prefab
[LOG 21:17:25.883] cascading_body_missionheader.prefab
[LOG 21:17:25.883] cascading_body_missioninfo.prefab
[LOG 21:17:25.883] cascading_body_missionobjective.prefab
[LOG 21:17:25.883] cascading_body_missionsvesselheader.prefab
[LOG 21:17:25.883] cascading_body_missionsvesselitem.prefab
[LOG 21:17:25.883] cascading_body_settingsbutton.prefab
[LOG 21:17:25.883] cascading_body_settingstoggle.prefab
[LOG 21:17:25.883] missionsapp.prefab
[LOG 21:17:25.883] axislimitline.prefab
[LOG 21:17:25.883] controlleraction.prefab
[LOG 21:17:25.883] controlleraxis.prefab
[LOG 21:17:25.883] controllerwindow.prefab
[LOG 21:17:25.883] curvepanelpoint.prefab
[LOG 21:17:25.883] curvepanelpointaction.prefab
[LOG 21:17:25.883] axis_align_ends.png
[LOG 21:17:25.883] axis_clamp_values.png
[LOG 21:17:25.883] axis_copy.png
[LOG 21:17:25.883] axis_flip_horizontal.png
[LOG 21:17:25.883] axis_flip_vertical.png
[LOG 21:17:25.883] axis_move_down-trackrow.png
[LOG 21:17:25.883] axis_move_down.png
[LOG 21:17:25.883] axis_move_up-trackrow.png
[LOG 21:17:25.883] axis_move_up.png
[LOG 21:17:25.883] axis_paste.png
[LOG 21:17:25.883] axis_preset_flat.png
[LOG 21:17:25.883] axis_preset_sawtooth.png
[LOG 21:17:25.883] axis_preset_sine.png
[LOG 21:17:25.883] axis_preset_square.png
[LOG 21:17:25.883] axis_preset_triangle.png
[LOG 21:17:25.884] axis_select_all.png
[LOG 21:17:25.884] background_squared_inset.png
[LOG 21:17:25.884] close.png
[LOG 21:17:25.884] direction_forward.png
[LOG 21:17:25.884] direction_reverse.png
[LOG 21:17:25.884] edit.png
[LOG 21:17:25.884] fieldlimitline.png
[LOG 21:17:25.884] keyframe_add.png
[LOG 21:17:25.884] keyframe_clamp_value.png
[LOG 21:17:25.884] keyframe_delete.png
[LOG 21:17:25.884] keyframe_linear.png
[LOG 21:17:25.884] keyframe_smooth.png
[LOG 21:17:25.884] keyframe_step_backward.png
[LOG 21:17:25.884] keyframe_step_forward.png
[LOG 21:17:25.884] line.png
[LOG 21:17:25.884] line_dashed.png
[LOG 21:17:25.884] loop_pingpong.png
[LOG 21:17:25.884] loop_playonce.png
[LOG 21:17:25.884] loop_repeat.png
[LOG 21:17:25.884] node.png
[LOG 21:17:25.884] node_circle.png
[LOG 21:17:25.884] node_square.png
[LOG 21:17:25.884] pause.png
[LOG 21:17:25.884] play.png
[LOG 21:17:25.884] pointer.png
[LOG 21:17:25.884] remove-axis.png
[LOG 21:17:25.884] remove_key.png
[LOG 21:17:25.884] resize_icon.png
[LOG 21:17:25.884] sequence_resize_button_states.png
[LOG 21:17:25.884] sequence_resize_maintain.png
[LOG 21:17:25.884] sequence_resize_scale.png
[LOG 21:17:25.884] sequence_speed.png
[LOG 21:17:25.884] tracking_editor_button_states.png
[LOG 21:17:25.884] femalefuturepreview.prefab
[LOG 21:17:25.884] malefuturepreview.prefab
[LOG 21:17:25.884] kbfemale@controlpanel_a.fbx
[LOG 21:17:25.884] kbfemale@controlpanel_b.fbx
[LOG 21:17:25.884] kbfemale@controlpanel_c.fbx
[LOG 21:17:25.884] kbfemale@rocksample.fbx
[LOG 21:17:25.884] hammerfemale.fbx
[LOG 21:17:25.884] hammermale.fbx
[LOG 21:17:25.884] kbeva@controlpanel_a.fbx
[LOG 21:17:25.884] kbeva@controlpanel_b.fbx
[LOG 21:17:25.884] kbeva@controlpanel_c.fbx
[LOG 21:17:25.884] kbeva@rocksample.fbx
[LOG 21:17:25.885] kerbaleva_female_future.prefab
[LOG 21:17:25.885] kerbaleva_rd_future.prefab
[LOG 21:17:25.885] futureevabody.mat
[LOG 21:17:25.885] futureevabodyalternate.mat
[LOG 21:17:25.885] futureevajetpack.mat
[LOG 21:17:25.885] futureevalight.mat
[LOG 21:17:25.885] futurehelmet.mat
[LOG 21:17:25.885] kbevafemalefuture.prefab
[LOG 21:17:25.885] kbevafuture.prefab
[LOG 21:17:25.885] kbeva@new.fbx
[LOG 21:17:25.885] kbeva@newfem.fbx
[LOG 21:17:25.885] mevahelmetlight.fbx
[LOG 21:17:25.885] serenityfemaleeva.fbx
[LOG 21:17:25.885] serenityflares.fbx
[LOG 21:17:25.885] serenitymaleeva.fbx
[LOG 21:17:25.885] evajetpacknrm.dds
[LOG 21:17:25.885] futuresuit_diffuse_orange.dds
[LOG 21:17:25.885] futuresuit_diffuse_whiteblue.dds
[LOG 21:17:25.885] futuresuit_diffuse_whiteorange.dds
[LOG 21:17:25.885] futuresuit_emissive.dds
[LOG 21:17:25.885] futuresuit_evalight.png
[LOG 21:17:25.885] futuresuitmainnrm.dds
[LOG 21:17:25.885] ksp_ig_jetpack_diffuse.jpg
[LOG 21:17:25.885] kerbalfemalefuture.prefab
[LOG 21:17:25.885] kerbalmalefuture.prefab
[LOG 21:17:25.885] futuresuit_diffuse.mat
[LOG 21:17:25.885] serenityfemaleiva.fbx
[LOG 21:17:25.885] serenitymaleiva.fbx
[LOG 21:17:25.885] kerbalicon_eva_female_future.tif
[LOG 21:17:25.885] kerbalicon_eva_future.tif
[LOG 21:17:25.885] kerbalicon_suit_female_future.tif
[LOG 21:17:25.885] kerbalicon_suit_future.tif
[LOG 21:17:25.885] kerbalicon_suit_orange_female_future.tif
[LOG 21:17:25.885] kerbalicon_suit_orange_future.tif
[LOG 21:17:25.885] bottom_emissor.mat
[LOG 21:17:25.885] burst_emissor.mat
[LOG 21:17:25.885] burstprojectiles_emissor.mat
[LOG 21:17:25.885] constantburst_emissor.mat
[LOG 21:17:25.885] snowflakes_emissor.mat
[LOG 21:17:25.885] vapor_emissor.mat
[LOG 21:17:25.885] base_0.mat
[LOG 21:17:25.885] base_1.mat
[LOG 21:17:25.885] base_2.mat
[LOG 21:17:25.885] base_3_1.mat
[LOG 21:17:25.885] base_3_2.mat
[LOG 21:17:25.885] vapor.mat
[LOG 21:17:25.886] burst.png
[LOG 21:17:25.886] cloud2.png
[LOG 21:17:25.886] v1.png
[LOG 21:17:25.886] v2.png
[LOG 21:17:25.886] v3.png
[LOG 21:17:25.886] v5.png
[LOG 21:17:25.886] gapkerbal_female_future.prefab
[LOG 21:17:25.886] gapkerbal_male_future.prefab
[LOG 21:17:25.886] hammerfemale.prefab
[LOG 21:17:25.886] hammermale.prefab
[LOG 21:17:25.886] bopgravelpile.prefab
[LOG 21:17:25.886] bopgravelpile.fbx
[LOG 21:17:25.886] bop_gravel pile_d.mat
[LOG 21:17:25.886] lambert1.mat
[LOG 21:17:25.886] bop_gravel pile_d.png
[LOG 21:17:25.886] bop_gravel pile_d.tga
[LOG 21:17:25.886] bop_gravel pile_n.png
[LOG 21:17:25.886] bop_gravel pile_s.png
[LOG 21:17:25.886] drescrater.prefab
[LOG 21:17:25.886] dresmeteorite.prefab
[LOG 21:17:25.886] drescrater.fbx
[LOG 21:17:25.886] dresmeteorite.fbx
[LOG 21:17:25.886] dres_crater_d.mat
[LOG 21:17:25.887] dres_meteorite_d.mat
[LOG 21:17:25.887] lambert1.mat
[LOG 21:17:25.887] dres_crater_d.tga
[LOG 21:17:25.887] dres_crater_n.png
[LOG 21:17:25.887] dres_meteorite_d.tga
[LOG 21:17:25.887] dres_meteorite_n.png
[LOG 21:17:25.887] dunablueberries.prefab
[LOG 21:17:25.887] dunadune.prefab
[LOG 21:17:25.887] dunameteorite.prefab
[LOG 21:17:25.887] dunastone.prefab
[LOG 21:17:25.887] dunaasteroid.fbx
[LOG 21:17:25.887] dunablueberries.fbx
[LOG 21:17:25.887] dunadune.fbx
[LOG 21:17:25.887] dunastone.fbx
[LOG 21:17:25.887] duna_asteroid_d.mat
[LOG 21:17:25.887] duna_dune_d.mat
[LOG 21:17:25.887] duna_stone_d.mat
[LOG 21:17:25.887] dune_blueberries_d.mat
[LOG 21:17:25.887] lambert1.mat
[LOG 21:17:25.887] duna_asteroid_d.tga
[LOG 21:17:25.887] duna_asteroid_n.png
[LOG 21:17:25.887] duna_dune_d.tga
[LOG 21:17:25.887] duna_dune_n.tga
[LOG 21:17:25.887] duna_stone_d.tga
[LOG 21:17:25.887] duna_stone_n.png
[LOG 21:17:25.887] dune_blueberries_d.tga
[LOG 21:17:25.887] dune_blueberries_n.png
[LOG 21:17:25.887] eelooberg.prefab
[LOG 21:17:25.887] eeloobrownboulder.prefab
[LOG 21:17:25.887] eelooicechunk.prefab
[LOG 21:17:25.887] eelooberg.fbx
[LOG 21:17:25.887] eelooboulder.fbx
[LOG 21:17:25.887] eelooicechunk.fbx
[LOG 21:17:25.887] eeloo_alien_glacier_d.mat
[LOG 21:17:25.887] eeloo_brown_ boulder_d.mat
[LOG 21:17:25.887] eeloo_ice chunk_d.mat
[LOG 21:17:25.887] lambert1.mat
[LOG 21:17:25.887] eeloo_alien_glacier_d.tga
[LOG 21:17:25.887] eeloo_alien_glacier_e.tga
[LOG 21:17:25.887] eeloo_alien_glacier_n.png
[LOG 21:17:25.887] eeloo_brown_ boulder_d.tga
[LOG 21:17:25.887] eeloo_brown_ boulder_n.png
[LOG 21:17:25.887] eeloo_ice chunk_d.tga
[LOG 21:17:25.887] eeloo_ice chunk_e.tga
[LOG 21:17:25.887] eeloo_ice chunk_n.png
[LOG 21:17:25.887] eeloo_ice chunk_s.tga
[LOG 21:17:25.887] evebasaltformation.prefab
[LOG 21:17:25.888] evepancakedome.prefab
[LOG 21:17:25.888] evevolcanicrock.prefab
[LOG 21:17:25.888] evebasaltformation.fbx
[LOG 21:17:25.888] evepancakeformation.fbx
[LOG 21:17:25.888] evevolcanicrock.fbx
[LOG 21:17:25.888] eve basalt formation_d.mat
[LOG 21:17:25.888] eve pancake formation_d.mat
[LOG 21:17:25.888] eve volcanic rock_d.mat
[LOG 21:17:25.888] lambert1.mat
[LOG 21:17:25.888] eve basalt formation_d.tga
[LOG 21:17:25.888] eve basalt formation_n.tga
[LOG 21:17:25.888] eve pancake formation_d.tga
[LOG 21:17:25.888] eve pancake formation_e.png
[LOG 21:17:25.888] eve pancake formation_n.png
[LOG 21:17:25.888] eve volcanic rock_d.tga
[LOG 21:17:25.888] eve volcanic rock_n.png
[LOG 21:17:25.888] gillyridgeline.fbx
[LOG 21:17:25.888] gilly ridegeline_d.mat
[LOG 21:17:25.888] lambert1.mat
[LOG 21:17:25.888] gillyridgeline.prefab
[LOG 21:17:25.888] gilly ridegeline_d.tga
[LOG 21:17:25.888] gilly ridegeline_n.png
[LOG 21:17:25.888] dunaejecta.prefab
[LOG 21:17:25.888] ikedunaejecta.fbx
[LOG 21:17:25.888] ike_duna_ejecta_mat.mat
[LOG 21:17:25.888] ike duna ejecta_d.tga
[LOG 21:17:25.888] ike duna ejecta_n.png
[LOG 21:17:25.888] kerbinbaobabtree.fbx
[LOG 21:17:25.888] kerbinquartz.fbx
[LOG 21:17:25.888] baobaptree.mat
[LOG 21:17:25.888] kerbin_baobab_tree_d.mat
[LOG 21:17:25.888] kerbin_boabob_tree_d.mat
[LOG 21:17:25.888] kerbin_giant_quartz_d.mat
[LOG 21:17:25.889] lambert1.mat
[LOG 21:17:25.889] lambert2.mat
[LOG 21:17:25.889] kerbinbaobabtree.prefab
[LOG 21:17:25.889] kerbinquartz.prefab
[LOG 21:17:25.889] kerbin_baobab_tree_alpha.png
[LOG 21:17:25.889] kerbin_baobab_tree_d.tga
[LOG 21:17:25.889] kerbin_baobab_tree_n.png
[LOG 21:17:25.889] kerbin_giant_quartz_d.tga
[LOG 21:17:25.889] kerbin_giant_quartz_e.tga
[LOG 21:17:25.889] kerbin_giant_quartz_n.tga
[LOG 21:17:25.889] kerbin_giant_quartz_s.tga
[LOG 21:17:25.889] laytheboulder.fbx
[LOG 21:17:25.889] laythegeyser.fbx
[LOG 21:17:25.889] laythestone.fbx
[LOG 21:17:25.889] lambert1.mat
[LOG 21:17:25.889] laythe_boulder_d.mat
[LOG 21:17:25.889] laythe_geyser_d.mat
[LOG 21:17:25.889] laythe_stone_d.mat
[LOG 21:17:25.889] laytheboulder.prefab
[LOG 21:17:25.889] laythegeyser.prefab
[LOG 21:17:25.889] laythestone.prefab
[LOG 21:17:25.889] laythe_boulder_d.tga
[LOG 21:17:25.889] laythe_boulder_n.png
[LOG 21:17:25.889] laythe_geyser_d.tga
[LOG 21:17:25.889] laythe_geyser_n.png
[LOG 21:17:25.889] laythe_stone_d.tga
[LOG 21:17:25.889] laythe_stone_n.png
[LOG 21:17:25.889] greensandstone.fbx
[LOG 21:17:25.889] lambert1.mat
[LOG 21:17:25.889] minmus_green_sandstone_d.mat
[LOG 21:17:25.889] minmus_olivine_formation_d.mat
[LOG 21:17:25.889] minmusolivineformation.fbx
[LOG 21:17:25.889] minmus_greensandstone.prefab
[LOG 21:17:25.889] minmus_olivineformation.prefab
[LOG 21:17:25.889] minmus_green_sandstone_d.tga
[LOG 21:17:25.889] minmus_green_sandstone_n.png
[LOG 21:17:25.889] minmus_olivine_formation_d.tga
[LOG 21:17:25.889] minmus_olivine_formation_n.png
[LOG 21:17:25.889] lambert1.mat
[LOG 21:17:25.889] moho wrinkleridge_d.mat
[LOG 21:17:25.889] moho_stone_d.mat
[LOG 21:17:25.890] mohostone.fbx
[LOG 21:17:25.890] mohowrinkleridge.fbx
[LOG 21:17:25.890] mohostone.prefab
[LOG 21:17:25.890] mohowrinkleridge.prefab
[LOG 21:17:25.890] moho wrinkleridge_d.tga
[LOG 21:17:25.890] moho wrinkleridge_e.png
[LOG 21:17:25.890] moho wrinkleridge_n.png
[LOG 21:17:25.890] moho_stone_d.tga
[LOG 21:17:25.890] moho_stone_n.png
[LOG 21:17:25.890] lambert1.mat
[LOG 21:17:25.890] mun_crater_d.mat
[LOG 21:17:25.890] mun_large_crater_d.mat
[LOG 21:17:25.890] mun_stone_d.mat
[LOG 21:17:25.890] muncrater.fbx
[LOG 21:17:25.890] munlargecrater.fbx
[LOG 21:17:25.890] munstone.fbx
[LOG 21:17:25.890] muncrater.prefab
[LOG 21:17:25.890] munlargecrater.prefab
[LOG 21:17:25.890] munstone.prefab
[LOG 21:17:25.890] mun_crater_d.tga
[LOG 21:17:25.890] mun_crater_n.png
[LOG 21:17:25.890] mun_large_crater_d.tga
[LOG 21:17:25.890] mun_large_crater_n.png
[LOG 21:17:25.890] mun_stone_d.tga
[LOG 21:17:25.890] mun_stone_n.png
[LOG 21:17:25.890] lambert1.mat
[LOG 21:17:25.890] pol_yellowstone_d.mat
[LOG 21:17:25.890] polyellowstone.fbx
[LOG 21:17:25.890] pol_yellowstones.prefab
[LOG 21:17:25.890] pol_yellowstone_d.png
[LOG 21:17:25.890] pol_yellowstone_n.png
[LOG 21:17:25.890] lambert1.mat
[LOG 21:17:25.890] tylo_checkerboard_d.mat
[LOG 21:17:25.890] tylo_dark boulder_d.mat
[LOG 21:17:25.890] tylo_light_d.mat
[LOG 21:17:25.890] tyloboulder.fbx
[LOG 21:17:25.890] tylocheckerboard.fbx
[LOG 21:17:25.890] tylolightstone.fbx
[LOG 21:17:25.890] tylo_ checkerboard_n.png
[LOG 21:17:25.890] tylo_checkerboard_d.png
[LOG 21:17:25.890] tylo_dark boulder_d.tga
[LOG 21:17:25.890] tylo_dark boulder_n.png
[LOG 21:17:25.890] tylo_light_d.tga
[LOG 21:17:25.890] tylo_light_n.png
[LOG 21:17:25.890] tylocheckerboard.prefab
[LOG 21:17:25.890] tylodarkboulder.prefab
[LOG 21:17:25.891] tylolightstone.prefab
[LOG 21:17:25.891] cryovolcano_d.mat
[LOG 21:17:25.891] lambert1.mat
[LOG 21:17:25.891] vallicechunk_d.mat
[LOG 21:17:25.891] vallstone_d.mat
[LOG 21:17:25.891] vall_cryovolcano.fbx
[LOG 21:17:25.891] vall_icechunk.fbx
[LOG 21:17:25.891] vall_stone.fbx
[LOG 21:17:25.891] cryovolcano_d.tga
[LOG 21:17:25.891] cryovolcano_e.png
[LOG 21:17:25.891] cryovolcano_n.jpg
[LOG 21:17:25.891] cryovolcano_s.jpg
[LOG 21:17:25.891] vallicechunk_d.jpg
[LOG 21:17:25.891] vallicechunk_e.jpg
[LOG 21:17:25.891] vallicechunk_n.jpg
[LOG 21:17:25.891] vallicechunk_s.jpg
[LOG 21:17:25.891] vallstone_d.jpg
[LOG 21:17:25.891] vallstone_e.jpg
[LOG 21:17:25.891] vallstone_n.jpg
[LOG 21:17:25.891] vallstone_s.jpg
[LOG 21:17:25.891] vallcryovolcano.prefab
[LOG 21:17:25.891] vallicechunk.prefab
[LOG 21:17:25.891] vallstone.prefab
[LOG 21:17:25.891] vfx_spark.mat
[LOG 21:17:25.891] vfx_welding_flare.mat
[LOG 21:17:25.891] cometdustmaterial.mat
[LOG 21:17:25.891] cometgeysermat.mat
[LOG 21:17:25.898] GetTypesOfModulesImplementingInterface2: Found 69 types with IPartModuleAdjuster interface in 10 assemblies.
[LOG 21:17:25.907] GetSubclassesOfParentClass: Found 0 types with ModuleActiveRadiator parent in 10 assemblies.
[LOG 21:17:25.913] GetSubclassesOfParentClass: Found 0 types with ModuleAlternator parent in 10 assemblies.
[LOG 21:17:25.920] GetSubclassesOfParentClass: Found 1 types with ModuleControlSurface parent in 10 assemblies.
[LOG 21:17:25.927] GetSubclassesOfParentClass: Found 0 types with ModuleDataTransmitter parent in 10 assemblies.
[LOG 21:17:25.932] GetSubclassesOfParentClass: Found 0 types with ModuleDeployableSolarPanel parent in 10 assemblies.
[LOG 21:17:25.939] GetSubclassesOfParentClass: Found 1 types with ModuleEngines parent in 10 assemblies.
[LOG 21:17:25.945] GetSubclassesOfParentClass: Found 0 types with ModuleGenerator parent in 10 assemblies.
[LOG 21:17:25.952] GetSubclassesOfParentClass: Found 0 types with ModuleGimbal parent in 10 assemblies.
[LOG 21:17:25.957] GetSubclassesOfParentClass: Found 2 types with ModuleLiftingSurface parent in 10 assemblies.
[LOG 21:17:25.962] GetSubclassesOfParentClass: Found 0 types with ModuleLight parent in 10 assemblies.
[LOG 21:17:25.968] GetSubclassesOfParentClass: Found 0 types with ModuleReactionWheel parent in 10 assemblies.
[LOG 21:17:25.973] GetSubclassesOfParentClass: Found 0 types with ModuleSAS parent in 10 assemblies.
[LOG 21:17:25.979] GetSubclassesOfParentClass: Found 0 types with ModuleWheelBrakes parent in 10 assemblies.
[LOG 21:17:25.985] GetSubclassesOfParentClass: Found 1 types with ModuleWheelMotor parent in 10 assemblies.
[LOG 21:17:25.985] GetSubclassesOfParentClass: Using cached results for ModuleActiveRadiator
[LOG 21:17:25.991] GetSubclassesOfParentClass: Found 0 types with ModuleAnchoredDecoupler parent in 10 assemblies.
[LOG 21:17:25.997] GetSubclassesOfParentClass: Found 0 types with ModuleCargoBay parent in 10 assemblies.
[LOG 21:17:25.998] GetSubclassesOfParentClass: Using cached results for ModuleControlSurface
[LOG 21:17:25.998] GetSubclassesOfParentClass: Using cached results for ModuleDataTransmitter
[LOG 21:17:26.003] GetSubclassesOfParentClass: Found 0 types with ModuleDecouple parent in 10 assemblies.
[LOG 21:17:26.007] GetSubclassesOfParentClass: Found 4 types with ModuleDeployablePart parent in 10 assemblies.
[LOG 21:17:26.013] GetSubclassesOfParentClass: Found 0 types with ModuleDockingNode parent in 10 assemblies.
[LOG 21:17:26.013] GetSubclassesOfParentClass: Using cached results for ModuleEngines
[LOG 21:17:26.018] GetSubclassesOfParentClass: Found 0 types with CModuleFuelLine parent in 10 assemblies.
[LOG 21:17:26.023] GetSubclassesOfParentClass: Found 0 types with ModuleGPS parent in 10 assemblies.
[LOG 21:17:26.030] GetSubclassesOfParentClass: Found 0 types with ModuleGrappleNode parent in 10 assemblies.
[LOG 21:17:26.030] GetSubclassesOfParentClass: Using cached results for ModuleGrappleNode
[LOG 21:17:26.035] GetSubclassesOfParentClass: Found 0 types with ModuleKerbNetAccess parent in 10 assemblies.
[LOG 21:17:26.035] GetSubclassesOfParentClass: Using cached results for ModuleLight
[LOG 21:17:26.035] GetSubclassesOfParentClass: Using cached results for ModuleLight
[LOG 21:17:26.039] GetSubclassesOfParentClass: Found 0 types with ModuleProbeControlPoint parent in 10 assemblies.
[LOG 21:17:26.045] GetSubclassesOfParentClass: Found 1 types with ModuleRCS parent in 10 assemblies.
[LOG 21:17:26.045] GetSubclassesOfParentClass: Using cached results for ModuleRCS
[LOG 21:17:26.046] GetSubclassesOfParentClass: Using cached results for ModuleReactionWheel
[LOG 21:17:26.046] GetSubclassesOfParentClass: Using cached results for ModuleReactionWheel
[LOG 21:17:26.050] GetSubclassesOfParentClass: Found 0 types with ModuleResourceIntake parent in 10 assemblies.
[LOG 21:17:26.055] GetSubclassesOfParentClass: Found 0 types with ModuleScienceExperiment parent in 10 assemblies.
[LOG 21:17:26.061] GetSubclassesOfParentClass: Found 0 types with ModuleToggleCrossfeed parent in 10 assemblies.
[LOG 21:17:26.066] GetSubclassesOfParentClass: Found 0 types with ModuleWheelDeployment parent in 10 assemblies.
[LOG 21:17:26.096] ExpansionsLoader: Expansions loaded in 5.828s
[LOG 21:17:26.096] Loading Systems: Elapsed time is 21.40165s
[LOG 21:17:28.189] [AddonLoader]: Instantiating addon 'KSPCFFastLoaderPSystemSetup' from assembly 'KSPCommunityFixes'
[LOG 21:17:28.456] [Agent]: Found 19 agent mentality types
[LOG 21:17:28.458] [AgentList]: 31 agents parsed and loaded.
[LOG 21:17:28.485] [UIMasterController]: HideUI
[LOG 21:17:28.546] [CelestialBody]: Kerbin's solar day length is 1d, 0h, 0m long. sidereal day length is 5h, 59m, 9s long
[LOG 21:17:32.992] [UIMasterController]: HideUI
[LOG 21:17:32.999] [HighLogic]: =========================== Scene Change : From LOADING to MAINMENU =====================
[LOG 21:17:33.440] [AddonLoader]: Instantiating addon 'ContractDefs' from assembly 'KSP'
[LOG 21:17:33.458] [AddonLoader]: Instantiating addon 'KSPCFFastLoaderReport' from assembly 'KSPCommunityFixes'
[LOG 21:17:33.476] [UIMasterController]: ShowUI
[LOG 21:17:33.665] [GameParameters]: Loaded custom parameter class CommNetParams.
[LOG 21:17:33.666] [GameParameters]: Loaded custom parameter class MissionParamsGeneral.
[LOG 21:17:33.666] [GameParameters]: Loaded custom parameter class MissionParamsFacilities.
[LOG 21:17:33.666] [GameParameters]: Loaded custom parameter class MissionParamsExtras.
[LOG 21:17:33.667] [GameParameters]: Loaded custom parameter class AdvancedParams.
[LOG 21:17:33.682] [ReflectionUtil]: Found 40 types with UpgradeModule attribute in 10 assemblies.
[LOG 21:17:33.693] [KSPCF:FastLoader] Intel(R) Core(TM) Ultra 7 155H | 32265 MB | Intel(R) Arc(TM) Pro Graphics (18391 MB)
Total loading time to main menu : 31.742s
- Configs and assemblies loaded in 4.448s
- Configs reload done in 1.232s
- Configs translated in 0.009s
- 2347 assets loaded in 2.108s :
  - 86 audio assets (79.689 MiB) in 0.296s, 269.154 MiB/s
  - 1634 texture assets (1.294 GiB) in 1.416s, 935.887 MiB/s
  - 626 model assets (64.41 MiB) in 0.394s, 163.557 MiB/s
- Asset bundles loaded in 0.427s
- GameDatabase (configs, resources, traits, upgrades...) loaded in 0.054s
- Built-in parts copied in 0.018s
- Part and internal configs extracted in 0.001s
- 483 parts and 1927 modules compiled in 8.030s
  - 4.0 modules/part, 16.624 ms/part, 4.167 ms/module
  - PartIcon compilation : 0.762s
- 27 internal spaces and 56 props compiled in 0.132s
- 2 DLC (Making History, Breaking Ground) loaded in 5.843s
- Planetary system loaded in 5.683s
[LOG 21:17:33.694] Texture queries : 1709, slow path : 1 (0.06 %)
[LOG 21:17:33.698] [ModuleManager] Total loading Time = 27.492s
[LOG 21:17:33.788] [ScenarioTypes]: List Created 23 scenario types loaded from 10 loaded assemblies.
[WRN 21:17:33.795] File 'C:/Users/lhervier/Perso/ksp-dev/KSP_x64_Data/../Missions/MissionScoreInfo.cfg' does not exist
[LOG 21:17:33.797] [ApplicationLauncher] Awake False
[LOG 21:17:33.798] [ApplicationLauncher] SpawnSimpleLayout: VerticalTopDown
[LOG 21:17:33.808] [UiApp] Awake: 
[LOG 21:17:33.808] [ApplicationLauncher] OnSceneLoadedGUIReady: scene MAINMENU ShouldBeVisible() True ShouldBeOnTop() True iIsPositionedAtTop True
[LOG 21:17:33.825] [UIApp] Adding  to Application Launcher
[LOG 21:17:33.830] [ApplicationLauncher] SetHidden: 
[LOG 21:17:33.834] [MessageSystem] OnAppInitialized
[LOG 21:17:33.835] [MessageSystem] Reposition 0.0383959 5179
[LOG 21:17:36.648] [SceneLoadSpeedBoost] Save loaded from disk in 14ms
[LOG 21:17:36.656] [ExperienceSystem]: Found 0 trait types
[LOG 21:17:36.662] [ExperienceSystem]: Found 20 effect types
[LOG 21:17:36.684] [UIMasterController]: HideUI
[LOG 21:17:36.685] [HighLogic]: =========================== Scene Change : From MAINMENU to FLIGHT =====================
[LOG 21:17:36.907] UICanvasPrefabSpawner FlightUI spawning Flight
[LOG 21:17:36.935] UICanvasPrefabSpawner FlightUI spawning VesselLabels
[LOG 21:17:36.935] [UiApp] Awake: ResourceDisplay
[LOG 21:17:36.992] [AddonLoader]: Instantiating addon 'AeroGUI' from assembly 'KSP'
[LOG 21:17:37.000] [AddonLoader]: Instantiating addon 'KSPDiagFloatingOrigin' from assembly 'KSPDiagFloatingOrigin'
[LOG 21:17:37.002] [AddonLoader]: Instantiating addon 'KSPDiagTerrainHeight' from assembly 'KSPDiagTerrainHeight'
[LOG 21:17:37.003] [PlanetariumCamera]: Focus: Kerbin
[LOG 21:17:37.004] [UIMasterController]: HideUI
[LOG 21:17:37.228] [UIMasterController]: HideUI
[LOG 21:17:37.228] ------------------- initializing flight mode... ------------------
[LOG 21:17:37.237] GetSubclassesOfParentClass: Found 7 types with AlarmTypeBase parent in 10 assemblies.
[LOG 21:17:37.244] Loading Depletion Nodes
[LOG 21:17:37.244] DepNodeCount:  0
[LOG 21:17:37.244] Loading Biome Nodes
[LOG 21:17:37.244] BiomeNodeCount:  0
[LOG 21:17:37.245] Loading Planet Nodes
[LOG 21:17:37.245] PlanetNodeCount:  0
[LOG 21:17:37.256] [ScenarioDestructibles]: Loading... 0 objects registered
[ERR 21:17:37.264] Cannot find a Module of typename 'KerbalKonstructsSettings'

[ERR 21:17:37.264] ScenarioModule is null.

[LOG 21:17:37.287] Target vessel index: 9  vessel count: 10
[LOG 21:17:37.288] [FLIGHT GLOBALS]: Switching To Vessel Diag2-Rover ---------------------- 
[LOG 21:17:37.289] setting new dominant body: Kerbin
FlightGlobals.mainBody: Kerbin
[LOG 21:17:37.291] Reference Frame: Rotating
[LOG 21:17:37.324] [Diag2-Rover]: landed - waiting for ground contact to resume physics...
[LOG 21:17:37.335] Camera Mode: AUTO
[LOG 21:17:39.224] all systems started
[LOG 21:17:39.513] [UiApp] Awake: CurrencyWidgetsApp
[LOG 21:17:39.513] [UiApp] Awake: ResourceDisplay
[LOG 21:17:39.513] [UiApp] Awake: KSPedia
[LOG 21:17:39.513] [UiApp] Awake: Missions App
[LOG 21:17:39.513] [UiApp] Awake: DeltaVApp
[LOG 21:17:39.513] [UiApp] Awake: ActionGroupsApp
[LOG 21:17:39.513] [UiApp] Awake: Construction
[LOG 21:17:39.513] [UiApp] Awake: Cargo
[LOG 21:17:39.513] [UiApp] Awake: AlarmClock
[LOG 21:17:39.513] [UiApp] Awake: ManeuverTool
[LOG 21:17:39.513] [GenericAppFrame] Reposition 0 5816
[LOG 21:17:39.514] [ApplicationLauncher] OnSceneLoadedGUIReady: scene FLIGHT ShouldBeVisible() True ShouldBeOnTop() True iIsPositionedAtTop True
[LOG 21:17:39.514] [ApplicationLauncher] SetVisible: 
[LOG 21:17:39.516] [KnowledgeBase] OnAppLauncherReady 5816
[LOG 21:17:39.529] [UIApp] OnDestroy: Contracts
[LOG 21:17:39.580] [FlightIntegrator]: Reloaded drag cube for zeroed cube root part trussPiece3x (Diag2-Rover) on vessel Diag2-Rover
[LOG 21:17:39.596] [MessageSystem] Reposition 0.02 5817
[LOG 21:17:39.596] [GenericAppFrame] Reposition 0.02 5817
[LOG 21:17:39.596] [GenericAppFrame] Reposition 0.02 5817
[LOG 21:17:39.680] [PlanetariumCamera]: Focus: Diag2-Rover
[LOG 21:17:39.701] [UIApp] Adding ResourceDisplay to Application Launcher
[LOG 21:17:39.702] [UIApp] Adding ResourceDisplay to Application Launcher
[LOG 21:17:39.711] [ResourceDisplay] OnAppStarted(): id: -400066
[LOG 21:17:39.713] [GenericAppFrame] Reposition 0.1322881 5821
[LOG 21:17:39.713] [ResourceDisplay] OnAppStarted(): id: 258152
[LOG 21:17:39.713] ResourceDisplay already exist, destroying this instance
[LOG 21:17:39.713] [UIApp] OnDestroy: ResourceDisplay
[LOG 21:17:39.728] [UIApp] Adding AlarmClock to Application Launcher
[LOG 21:17:39.728] [UIApp] Adding ActionGroupsApp to Application Launcher
[LOG 21:17:39.730] [UIApp] Adding Missions App to Application Launcher
[LOG 21:17:39.731] CURRENCY WIDGET False False False
[LOG 21:17:39.733] [UIApp] OnDestroy: CurrencyWidgetsApp
[LOG 21:17:39.760] [GenericAppFrame] Reposition 0.1615395 5823
[LOG 21:17:39.763] [ActionGroupsApp] OnAppStarted(): id: -400090
[LOG 21:17:39.764] [GenericAppFrame] Reposition 0.1615395 5823
[LOG 21:17:39.764] [UIApp] Adding DeltaVApp to Application Launcher
[LOG 21:17:39.766] [MissionsApp] OnAppStarted(): id: -400078
[LOG 21:17:39.766] MissionsApp does not execute in this game mode, destroying this instance
[LOG 21:17:39.766] [UIApp] OnDestroy: Missions App
[LOG 21:17:39.775] [GenericAppFrame] Reposition 0.1953568 5824
[LOG 21:17:39.786] [UIApp] Adding Cargo to Application Launcher
[LOG 21:17:39.787] [UIApp] Adding Construction to Application Launcher
[LOG 21:17:39.789] [UIApp] Adding KSPedia to Application Launcher
[WRN 21:17:39.797] HighlightingSystem : Framebuffer depth data is not available and can't be used to occlude highlighting. Highlighting occluders enabled.
[LOG 21:17:39.814] [UIApp] Adding ManeuverTool to Application Launcher
[LOG 21:17:39.817] [ApplicationLauncher] SetHidden: 
[LOG 21:17:39.836] [GenericAppFrame] Reposition 0.252811 5827
[LOG 21:17:39.845] [ManeuverTool]: Found 1 transfer types
[LOG 21:17:39.898] Flight State Captured
[LOG 21:17:39.901] Saving Achievements Tree...
[LOG 21:17:39.902] Saving Achievements Tree...
[LOG 21:17:39.906] [MessageSystem] Save Messages
[LOG 21:17:39.929] Game State Saved as persistent
[LOG 21:17:40.859] Unpacking Diag2-Rover
[LOG 21:17:40.882] [UIMasterController]: ShowUI
[LOG 21:22:39.675] Flight State Captured
[LOG 21:22:39.675] Saving Achievements Tree...
[LOG 21:22:39.675] Saving Achievements Tree...
[LOG 21:22:39.676] [MessageSystem] Save Messages
[LOG 21:22:39.708] Game State Saved to saves/claude-campagnes/persistent
[LOG 21:22:39.721] [AutoSave]: Game Backed Up and Saved
[LOG 21:27:39.805] Flight State Captured
[LOG 21:27:39.805] Saving Achievements Tree...
[LOG 21:27:39.805] Saving Achievements Tree...
[LOG 21:27:39.805] [MessageSystem] Save Messages
[LOG 21:27:39.835] Game State Saved to saves/claude-campagnes/persistent
[LOG 21:27:39.847] [AutoSave]: Game Backed Up and Saved
[LOG 21:32:39.825] [FlightGlobals]: Active Vessel is moving (sqrVel = 6.74442047121571). Cannot save.
[LOG 21:33:09.829] [FlightGlobals]: Active Vessel is moving (sqrVel = 4.04904051203775). Cannot save.
[LOG 21:33:39.840] [FlightGlobals]: Active Vessel is moving (sqrVel = 7.27683219707991). Cannot save.
[LOG 21:34:09.930] [FlightGlobals]: Active Vessel is moving (sqrVel = 609.444350974477). Cannot save.
[LOG 21:34:39.940] Flight State Captured
[LOG 21:34:39.940] Saving Achievements Tree...
[LOG 21:34:39.940] Saving Achievements Tree...
[LOG 21:34:39.941] [MessageSystem] Save Messages
[LOG 21:34:39.980] Game State Saved to saves/claude-campagnes/persistent
[LOG 21:34:39.992] [AutoSave]: Game Backed Up and Saved
[LOG 21:39:39.968] [FlightGlobals]: Active Vessel is moving (sqrVel = 7.11730707875459). Cannot save.
[LOG 21:40:09.965] Flight State Captured
[LOG 21:40:09.965] Saving Achievements Tree...
[LOG 21:40:09.965] Saving Achievements Tree...
[LOG 21:40:09.965] [MessageSystem] Save Messages
[LOG 21:40:09.998] Game State Saved to saves/claude-campagnes/persistent
[LOG 21:40:10.014] [AutoSave]: Game Backed Up and Saved
[LOG 21:45:09.994] Flight State Captured
[LOG 21:45:09.994] Saving Achievements Tree...
[LOG 21:45:09.994] Saving Achievements Tree...
[LOG 21:45:09.994] [MessageSystem] Save Messages
[LOG 21:45:10.030] Game State Saved to saves/claude-campagnes/persistent
[LOG 21:45:10.040] [AutoSave]: Game Backed Up and Saved
[LOG 21:46:05.189] [KSP-MCPServer] Quitting KSP, as asked
[LOG 21:46:05.732] [UIApp] OnDestroy: ManeuverTool
[LOG 21:46:05.735] [UIApp] OnDestroy: Cargo
[LOG 21:46:05.754] [UIApp] OnDestroy: 
[LOG 21:46:05.795] [UIApp] OnDestroy: DeltaVApp
[LOG 21:46:05.799] KbApp.OnDestroy Vessel Crew
[LOG 21:46:05.800] [UIApp] OnDestroy: ResourceDisplay
[LOG 21:46:05.826] KbApp.OnDestroy NullName
[LOG 21:46:05.826] KbApp.OnDestroy Vessel Info
[LOG 21:46:05.832] [UIApp] OnDestroy: Construction
[LOG 21:46:05.836] KbApp.OnDestroy Planet Resources
[LOG 21:46:05.842] KbApp.OnDestroy Planet Parameters
[LOG 21:46:05.842] [UIApp] OnDestroy: AlarmClock
[LOG 21:46:05.843] [UIApp] OnDestroy: ActionGroupsApp
[LOG 21:46:05.844] [UIApp] OnDestroy: KSPedia
[LOG 21:46:05.853] KbApp.OnDestroy Planet Info
[EXC 21:46:05.858] NullReferenceException
	UnityEngine.Component.GetComponent[T] () (at <12e76cd50cc64cf19e759e981cb725af>:0)
	DialogCanvasUtil.get_DialogCanvasRect () (at <4b449f2841f84227adfaad3149c8fdba>:0)
	CrewHatchController.get_CrewHatchTooltip () (at <4b449f2841f84227adfaad3149c8fdba>:0)
	CrewHatchController.HideTooltip () (at <4b449f2841f84227adfaad3149c8fdba>:0)
	CrewHatchController.DespawnUIs () (at <4b449f2841f84227adfaad3149c8fdba>:0)
	CrewHatchController.OnDestroy () (at <4b449f2841f84227adfaad3149c8fdba>:0)
	UnityEngine.DebugLogHandler:LogException(Exception, Object)
	ModuleManager.UnityLogHandle.InterceptLogHandler:LogException(Exception, Object)
	UnityEngine.Debug:CallOverridenDebugHandler(Exception, Object)
