[LOG 23:21:29.402] ******* Log Initiated for Kerbal Space Program - 1.12.5.3190 (WindowsPlayer x64) fr-fr *******
Kerbal Space Program - 1.12.5.3190 (WindowsPlayer x64) fr-fr


OS: Windows 10  (10.0.0) 64bit
CPU: Intel(R) Core(TM) i7-4790K CPU @ 4.00GHz (8)
RAM: 32687
GPU: NVIDIA GeForce GTX 1060 6GB (6029MB)
SM: 50 (Direct3D 11.0 [level 11.1])
RT Formats: ARGB32, Depth, ARGBHalf, Shadowmap, RGB565, ARGB4444, ARGB1555, Default, ARGB2101010, DefaultHDR, ARGB64, ARGBFloat, RGFloat, RGHalf, RFloat, RHalf, R8, ARGBInt, RGInt, RInt, BGRA32, RGB111110Float, RG32, RGBAUShort, RG16, BGRA10101010_XR, BGR101010_XR, R16


Log started: Mon, Oct 05, 2026 23:21:29


[LOG 23:21:29.424] ActionCanvas MASK: 3458764513820540928
[LOG 23:21:29.425] AppCanvas MASK: 3458764513820540928
[LOG 23:21:29.426] MainCanvas MASK: 3458764513820540928
[LOG 23:21:30.746] Load(Assembly): /ModuleManager.4.2.3
[LOG 23:21:30.747] AssemblyLoader: Loading assembly at D:\ksp-dev\GameData\ModuleManager.4.2.3.dll
[LOG 23:21:30.781] AssemblyLoader: KSPAssembly 'ModuleManager' V2.5.0
[LOG 23:21:30.782] Load(Assembly): 000_Harmony/0Harmony
[LOG 23:21:30.782] AssemblyLoader: Loading assembly at D:\ksp-dev\GameData\000_Harmony\0Harmony.dll
[LOG 23:21:30.786] Load(Assembly): 000_Harmony/HarmonyInstallChecker
[LOG 23:21:30.786] AssemblyLoader: Loading assembly at D:\ksp-dev\GameData\000_Harmony\HarmonyInstallChecker.dll
[LOG 23:21:30.787] AssemblyLoader: KSPAssembly 'HarmonyKSP' V1.0.0
[LOG 23:21:30.787] Load(Assembly): KSPCommunityFixes/Plugins/0_MultipleModuleInPartAPI
[LOG 23:21:30.787] AssemblyLoader: Loading assembly at D:\ksp-dev\GameData\KSPCommunityFixes\Plugins\0_MultipleModuleInPartAPI.dll
[LOG 23:21:30.789] AssemblyLoader: KSPAssembly 'MultipleModulePartAPI' V1.0.0
[LOG 23:21:30.789] Load(Assembly): KSPCommunityFixes/Plugins/KSPCommunityFixes
[LOG 23:21:30.789] AssemblyLoader: Loading assembly at D:\ksp-dev\GameData\KSPCommunityFixes\Plugins\KSPCommunityFixes.dll
[LOG 23:21:30.799] AssemblyLoader: KSPAssembly 'KSPCommunityFixes' V1.41.1
[LOG 23:21:30.800] AssemblyLoader: KSPAssemblyDependency 'HarmonyKSP' V1.0.0
[LOG 23:21:30.801] AssemblyLoader: KSPAssemblyDependency 'ModuleManager' V1.0.0
[LOG 23:21:30.801] AssemblyLoader: KSPAssemblyDependency 'MultipleModulePartAPI' V1.0.0
[LOG 23:21:30.801] Load(Assembly): KSPDiagTerrainHeight/KSPDiagTerrainHeight
[LOG 23:21:30.801] AssemblyLoader: Loading assembly at D:\ksp-dev\GameData\KSPDiagTerrainHeight\KSPDiagTerrainHeight.dll
[LOG 23:21:30.802] Load(Assembly): KSPMCPServer/KSPMCPServer
[LOG 23:21:30.802] AssemblyLoader: Loading assembly at D:\ksp-dev\GameData\KSPMCPServer\KSPMCPServer.dll
[LOG 23:21:30.806] AssemblyLoader: Loading assemblies
[LOG 23:21:30.921] VesselModules: Found VesselModule of type AxisGroupsModule with order 999
[LOG 23:21:30.977] VesselModules: Found VesselModule of type CometVessel with order 999
[LOG 23:21:30.979] VesselModules: Found VesselModule of type SuspensionLoadBalancer with order 999
[LOG 23:21:30.981] VesselModules: Found VesselModule of type FlightIntegrator with order 0
[LOG 23:21:30.985] VesselModules: Found VesselModule of type CommNetVessel with order 999
[LOG 23:21:30.992] VesselModules: Found 5 VesselModule types
[LOG 23:21:31.001] 
************************************************************************

Environment Info
Win32NT 7FFFFFFFFFFFFFFF  Args: KSP_x64.exe 

Mod DLLs found:
Stock assembly: Assembly-CSharp v0.0.0.0
ModuleManager v4.2.3.0
0Harmony v2.2.1.0
HarmonyInstallChecker v2.2.1.0
0_MultipleModuleInPartAPI v1.0.0.0 / v1.0.0+7969fdc50bf4e350193abe5ba2e89533b12ca02f
KSPCommunityFixes v1.41.0.0 / v1.41.1+7969fdc50bf4e350193abe5ba2e89533b12ca02f / v1.41.1.0
KSPDiagTerrainHeight v1.0.9774.41791
KSPMCPServer v0.0.0.0

Folders and files in GameData:
000_Harmony
KSPCommunityFixes
KSPDiagTerrainHeight
KSPMCPServer
Stock folder: Squad

Stock folder: SquadExpansion

ModuleManager.4.2.3.dll
ModuleManager.ConfigCache
ModuleManager.ConfigSHA
ModuleManager.Physics
ModuleManager.TechTree

************************************************************************

[LOG 23:21:31.027] [AddonLoader]: Instantiating addon 'ModuleManager' from assembly 'ModuleManager'
[LOG 23:21:31.042] [ModuleManager] Adding post patch to the loading screen 4
[LOG 23:21:31.045] [ModuleManager] Patching started on a new thread, all output will be directed to D:\ksp-dev\Logs\ModuleManager\ModuleManager.log
[LOG 23:21:31.049] [AddonLoader]: Instantiating addon 'HarmonyInstallChecker' from assembly 'HarmonyKSP'
[LOG 23:21:31.051] [AddonLoader]: Instantiating addon 'KSPCommunityFixes' from assembly 'KSPCommunityFixes'
[LOG 23:21:31.052] [AddonLoader]: Instantiating addon 'NoIVA' from assembly 'KSPCommunityFixes'
[LOG 23:21:31.053] [AddonLoader]: Instantiating addon 'ConfigNodePerf' from assembly 'KSPCommunityFixes'
[LOG 23:21:31.373] [AddonLoader]: Instantiating addon 'KSPCFFastLoader' from assembly 'KSPCommunityFixes'
[LOG 23:21:31.375] [KSPCF] Injecting FastLoader...
[LOG 23:21:31.407] [KSPCommunityFixes] Patch GameDatabasePerf applied.
[LOG 23:21:31.527] [AddonLoader]: Instantiating addon 'ReflectionTypeLoadExceptionHandler' from assembly 'KSPCommunityFixes'
[LOG 23:21:31.530] [AddonLoader]: Instantiating addon 'KSPMCPServerMod' from assembly 'KSPMCPServer'
[LOG 23:21:31.725] [KSP-MCPServer] Tool terrainheight_record from KSPDiagTerrainHeight (com.github.lhervier.ksp.diag.terrainheight.McpTools.Record)
[LOG 23:21:31.725] [KSP-MCPServer] Tool terrainheight_read from KSPDiagTerrainHeight (com.github.lhervier.ksp.diag.terrainheight.McpTools.Read)
[LOG 23:21:31.725] [KSP-MCPServer] Tool terrainheight_clear from KSPDiagTerrainHeight (com.github.lhervier.ksp.diag.terrainheight.McpTools.Clear)
[LOG 23:21:31.725] [KSP-MCPServer] Tool terrainheight_move_window from KSPDiagTerrainHeight (com.github.lhervier.ksp.diag.terrainheight.McpTools.MoveWindow)
[LOG 23:21:31.726] [KSP-MCPServer] Tool terrainheight_show_window from KSPDiagTerrainHeight (com.github.lhervier.ksp.diag.terrainheight.McpTools.ShowWindow)
[LOG 23:21:31.741] [KSP-MCPServer] Listening on http://127.0.0.1:8770/mcp/ with 36 tools
[LOG 23:21:33.412] [KSPCF] Taking over stock loader. An exception will follow, this is intended.
[EXC 23:21:33.417] Exception: Terminating stock loader coroutine, this is intended and not an error
	KSPCommunityFixes.Performance.KSPCFFastLoader.GameDatabase_SetupMainLoaders_Prefix () (at <62bb7f5420994f409a34377c091e8538>:0)
	(wrapper dynamic-method) GameDatabase.GameDatabase.SetupMainLoaders_Patch1(GameDatabase)
	GameDatabase+<LoadObjects>d__90.MoveNext () (at <4b449f2841f84227adfaad3149c8fdba>:0)
	UnityEngine.SetupCoroutine.InvokeMoveNext (System.Collections.IEnumerator enumerator, System.IntPtr returnValueAddress) (at <12e76cd50cc64cf19e759e981cb725af>:0)
	UnityEngine.DebugLogHandler:LogException(Exception, Object)
	ModuleManager.UnityLogHandle.InterceptLogHandler:LogException(Exception, Object)
	UnityEngine.MonoBehaviour:StartCoroutine(IEnumerator)
	<CreateDatabase>d__71:MoveNext()
	UnityEngine.MonoBehaviour:StartCoroutine(IEnumerator)
	GameDatabase:StartLoad()
	<LoadSystems>d__11:MoveNext()
	UnityEngine.MonoBehaviour:StartCoroutine(IEnumerator)
	LoadingScreen:Start()
[LOG 23:21:33.620] Preloading Asset Bundle Definitions
[LOG 23:21:33.995] Load Audio: Squad/Alarms/Sounds/Chirps
[LOG 23:21:34.004] Load Audio: Squad/Alarms/Sounds/Classic
[LOG 23:21:34.005] Load Audio: Squad/Alarms/Sounds/ClockTower
[LOG 23:21:34.005] Load Audio: Squad/Alarms/Sounds/ComputerGlass1
[LOG 23:21:34.005] Load Audio: Squad/Alarms/Sounds/ComputerGlass2
[LOG 23:21:34.005] Load Audio: Squad/Alarms/Sounds/ComputerShort
[LOG 23:21:34.006] Load Audio: Squad/Alarms/Sounds/ComputerTriad
[LOG 23:21:34.006] Load Audio: Squad/Alarms/Sounds/DoorBell
[LOG 23:21:34.006] Load Audio: Squad/Alarms/Sounds/Glass
[LOG 23:21:34.006] Load Audio: Squad/Alarms/Sounds/Klaxon
[LOG 23:21:34.006] Load Audio: Squad/Alarms/Sounds/Mobile
[LOG 23:21:34.006] Load Audio: Squad/Alarms/Sounds/Morning
[LOG 23:21:34.007] Load Audio: Squad/Alarms/Sounds/OldClock
[LOG 23:21:34.007] Load Audio: Squad/Alarms/Sounds/OldHorn
[LOG 23:21:34.007] Load Audio: Squad/Alarms/Sounds/Ripple
[LOG 23:21:34.007] Load Audio: Squad/Sounds/editorLoop01
[LOG 23:21:34.007] Load Audio: Squad/Sounds/elev_loop
[LOG 23:21:34.007] Load Audio: Squad/Sounds/elev_start
[LOG 23:21:34.007] Load Audio: Squad/Sounds/elev_stop
[LOG 23:21:34.008] Load Audio: Squad/Sounds/fireworks_explosion_2
[LOG 23:21:34.008] Load Audio: Squad/Sounds/fireworks_explosion_3
[LOG 23:21:34.008] Load Audio: Squad/Sounds/fireworks_explosion_4
[LOG 23:21:34.008] Load Audio: Squad/Sounds/fireworks_launch_boom
[LOG 23:21:34.008] Load Audio: Squad/Sounds/fireworks_only_crackle_crackle_1
[LOG 23:21:34.008] Load Audio: Squad/Sounds/fireworks_only_crackle_dragon_1
[LOG 23:21:34.774] Load Audio: Squad/Sounds/fireworks_only_crackle_palm_1
[LOG 23:21:34.774] Load Audio: Squad/Sounds/fireworks_whistle
[LOG 23:21:34.774] Load Audio: Squad/Sounds/ksp1_banana_V2_01
[LOG 23:21:34.774] Load Audio: Squad/Sounds/ksp1_banana_V2_04
[LOG 23:21:34.774] Load Audio: Squad/Sounds/ksp1_banana_V2_05
[LOG 23:21:34.774] Load Audio: Squad/Sounds/ksp1_golf_swing_normal
[LOG 23:21:34.775] Load Audio: Squad/Sounds/ksp1_ground_anchor_v2_1
[LOG 23:21:34.775] Load Audio: Squad/Sounds/ksp1_strunts_disconnect_v3_pitched2
[LOG 23:21:34.775] Load Audio: Squad/Sounds/repairKit_repair1
[LOG 23:21:34.775] Load Audio: Squad/Sounds/repairKit_repair2
[LOG 23:21:34.775] Load Audio: Squad/Sounds/sound_ambience_nature
[LOG 23:21:34.776] Load Audio: Squad/Sounds/sound_click_flick
[LOG 23:21:34.776] Load Audio: Squad/Sounds/sound_click_latch
[LOG 23:21:34.776] Load Audio: Squad/Sounds/sound_click_sharp
[LOG 23:21:34.776] Load Audio: Squad/Sounds/sound_click_tick
[LOG 23:21:34.776] Load Audio: Squad/Sounds/sound_click_tock
[LOG 23:21:34.776] Load Audio: Squad/Sounds/sound_decoupler_fire
[LOG 23:21:34.777] Load Audio: Squad/Sounds/sound_delete_bin
[LOG 23:21:34.777] Load Audio: Squad/Sounds/sound_explosion_debris1
[LOG 23:21:34.777] Load Audio: Squad/Sounds/sound_explosion_debris2
[LOG 23:21:34.777] Load Audio: Squad/Sounds/sound_explosion_large
[LOG 23:21:34.777] Load Audio: Squad/Sounds/sound_rocket_mini
[LOG 23:21:34.778] Load Audio: Squad/Sounds/sound_rocket_spurts
[LOG 23:21:34.778] Load Audio: Squad/Sounds/sound_servomotor
[LOG 23:21:34.778] Load Audio: Squad/Sounds/sound_tab_extend
[LOG 23:21:34.790] Load Audio: Squad/Sounds/sound_tab_retreat
[LOG 23:21:34.790] Load Audio: SquadExpansion/Serenity/Sounds/robo_arm_large_end
[LOG 23:21:34.791] Load Audio: SquadExpansion/Serenity/Sounds/robo_arm_large_motor_00
[LOG 23:21:34.791] Load Audio: SquadExpansion/Serenity/Sounds/robo_arm_large_scan
[LOG 23:21:34.794] Load Audio: SquadExpansion/Serenity/Sounds/robo_arm_large_start
[LOG 23:21:34.794] Load Audio: SquadExpansion/Serenity/Sounds/robo_arm_medium_end
[LOG 23:21:34.795] Load Audio: SquadExpansion/Serenity/Sounds/robo_arm_medium_motor_00
[LOG 23:21:34.795] Load Audio: SquadExpansion/Serenity/Sounds/robo_arm_medium_scan
[LOG 23:21:34.795] Load Audio: SquadExpansion/Serenity/Sounds/robo_arm_medium_start
[LOG 23:21:34.795] Load Audio: SquadExpansion/Serenity/Sounds/robo_arm_small_end
[LOG 23:21:34.795] Load Audio: SquadExpansion/Serenity/Sounds/robo_arm_small_motor_00
[LOG 23:21:34.795] Load Audio: SquadExpansion/Serenity/Sounds/robo_arm_small_scan
[LOG 23:21:34.796] Load Audio: SquadExpansion/Serenity/Sounds/robo_arm_small_start
[LOG 23:21:34.796] Load Audio: SquadExpansion/Serenity/Sounds/sfx_cryoVolcano_burst
[LOG 23:21:34.796] Load Audio: SquadExpansion/Serenity/Sounds/sfx_cryoVolcano_idle
[LOG 23:21:34.796] Load Audio: SquadExpansion/Serenity/Sounds/sfx_deployable_booster_antena_end
[LOG 23:21:34.796] Load Audio: SquadExpansion/Serenity/Sounds/sfx_deployable_booster_antena_start
[LOG 23:21:34.796] Load Audio: SquadExpansion/Serenity/Sounds/sfx_deployable_central_station_end
[LOG 23:21:34.797] Load Audio: SquadExpansion/Serenity/Sounds/sfx_deployable_central_station_loop
[LOG 23:21:34.797] Load Audio: SquadExpansion/Serenity/Sounds/sfx_deployable_central_station_start
[LOG 23:21:34.797] Load Audio: SquadExpansion/Serenity/Sounds/sfx_deployable_detector_end
[LOG 23:21:34.797] Load Audio: SquadExpansion/Serenity/Sounds/sfx_deployable_detector_start
[LOG 23:21:34.797] Load Audio: SquadExpansion/Serenity/Sounds/sfx_deployable_GoObEd_end
[LOG 23:21:34.798] Load Audio: SquadExpansion/Serenity/Sounds/sfx_deployable_GoObEd_loop
[LOG 23:21:34.798] Load Audio: SquadExpansion/Serenity/Sounds/sfx_deployable_GoObEd_start
[LOG 23:21:34.835] Load Audio: SquadExpansion/Serenity/Sounds/sfx_deployable_rtg_end
[LOG 23:21:34.836] Load Audio: SquadExpansion/Serenity/Sounds/sfx_deployable_rtg_start
[LOG 23:21:34.836] Load Audio: SquadExpansion/Serenity/Sounds/sfx_deployable_seismometer_end
[LOG 23:21:34.836] Load Audio: SquadExpansion/Serenity/Sounds/sfx_deployable_seismometer_start
[LOG 23:21:34.836] Load Audio: SquadExpansion/Serenity/Sounds/sfx_deployable_solar_panel_end
[LOG 23:21:34.836] Load Audio: SquadExpansion/Serenity/Sounds/sfx_deployable_solar_panel_start
[LOG 23:21:34.836] Load Audio: SquadExpansion/Serenity/Sounds/sfx_deployable_weather_station_end
[LOG 23:21:34.836] Load Audio: SquadExpansion/Serenity/Sounds/sfx_deployable_weather_station_loop
[LOG 23:21:34.837] Load Audio: SquadExpansion/Serenity/Sounds/sfx_deployable_weather_station_start
[LOG 23:21:34.837] Load Audio: SquadExpansion/Serenity/Sounds/sfx_geyser_burst
[LOG 23:21:34.837] Load Audio: SquadExpansion/Serenity/Sounds/sfx_geyser_idle
[LOG 23:21:34.860] Load DDS texture: KSPCommunityFixes/MMPatches/StockTweaks/Icons/Clamp-O-Tron
[LOG 23:21:34.870] Load TRUECOLOR texture: KSPCommunityFixes/MMPatches/StockTweaks/Icons/Clamp-O-Tron_scaled
[LOG 23:21:34.871] Load DDS texture: KSPCommunityFixes/MMPatches/StockTweaks/Icons/FreeFallParachutes
[LOG 23:21:34.872] Load TRUECOLOR texture: KSPCommunityFixes/MMPatches/StockTweaks/Icons/FreeFallParachutes_scaled
[LOG 23:21:34.873] Load DDS texture: KSPCommunityFixes/MMPatches/StockTweaks/Icons/LightYearTireCompany
[LOG 23:21:34.873] Load TRUECOLOR texture: KSPCommunityFixes/MMPatches/StockTweaks/Icons/LightYearTireCompany_scaled
[LOG 23:21:34.877] Load DDS texture: KSPCommunityFixes/MMPatches/StockTweaks/Icons/StratusCorporation
[LOG 23:21:34.878] Load TRUECOLOR texture: KSPCommunityFixes/MMPatches/StockTweaks/Icons/StratusCorporation_scaled
[LOG 23:21:34.878] Load DDS texture: Squad/Agencies/C7AerospaceDivision
[LOG 23:21:34.878] Load TRUECOLOR texture: Squad/Agencies/C7AerospaceDivision_scaled
[LOG 23:21:34.878] Load DDS texture: Squad/Agencies/DinkelsteinKermansConstructionEmporium
[LOG 23:21:34.879] Load TRUECOLOR texture: Squad/Agencies/DinkelsteinKermansConstructionEmporium_scaled
[LOG 23:21:34.879] Load DDS texture: Squad/Agencies/ExperimentalEngineering
[LOG 23:21:34.879] Load TRUECOLOR texture: Squad/Agencies/ExperimentalEngineering_scaled
[LOG 23:21:34.880] Load DDS texture: Squad/Agencies/FlooydResearchLab
[LOG 23:21:34.880] Load TRUECOLOR texture: Squad/Agencies/FlooydResearchLab_scaled
[LOG 23:21:34.880] Load DDS texture: Squad/Agencies/GoliathNationalProducts
[LOG 23:21:34.880] Load TRUECOLOR texture: Squad/Agencies/GoliathNationalProducts_scaled
[LOG 23:21:34.881] Load DDS texture: Squad/Agencies/IntegratedIntegrals
[LOG 23:21:34.881] Load TRUECOLOR texture: Squad/Agencies/IntegratedIntegrals_scaled
[LOG 23:21:34.881] Load DDS texture: Squad/Agencies/IonicSymphonicProtonicElectronics
[LOG 23:21:34.881] Load TRUECOLOR texture: Squad/Agencies/IonicSymphonicProtonicElectronics_scaled
[LOG 23:21:34.882] Load DDS texture: Squad/Agencies/JebsJunkyard
[LOG 23:21:34.882] Load TRUECOLOR texture: Squad/Agencies/JebsJunkyard_scaled
[LOG 23:21:34.883] Load DDS texture: Squad/Agencies/KerbalMotion
[LOG 23:21:34.883] Load TRUECOLOR texture: Squad/Agencies/KerbalMotion_scaled
[LOG 23:21:34.883] Load DDS texture: Squad/Agencies/KerbinWorldFirstRecordKeepingSociety
[LOG 23:21:34.884] Load TRUECOLOR texture: Squad/Agencies/KerbinWorldFirstRecordKeepingSociety_scaled
[LOG 23:21:34.884] Load DDS texture: Squad/Agencies/Kerbodyne
[LOG 23:21:34.884] Load TRUECOLOR texture: Squad/Agencies/Kerbodyne_scaled
[LOG 23:21:34.885] Load DDS texture: Squad/Agencies/Kerlington
[LOG 23:21:34.885] Load TRUECOLOR texture: Squad/Agencies/Kerlington_scaled
[LOG 23:21:34.885] Load DDS texture: Squad/Agencies/MaxoConstructionToys
[LOG 23:21:34.885] Load TRUECOLOR texture: Squad/Agencies/MaxoConstructionToys_scaled
[LOG 23:21:34.886] Load DDS texture: Squad/Agencies/MovingPartsExpertsGroup
[LOG 23:21:34.886] Load TRUECOLOR texture: Squad/Agencies/MovingPartsExpertsGroup_scaled
[LOG 23:21:34.886] Load DDS texture: Squad/Agencies/OMBDemolition
[LOG 23:21:34.886] Load TRUECOLOR texture: Squad/Agencies/OMBDemolition_scaled
[LOG 23:21:34.887] Load DDS texture: Squad/Agencies/PeriapsisCo
[LOG 23:21:34.887] Load TRUECOLOR texture: Squad/Agencies/PeriapsisCo_scaled
[LOG 23:21:34.887] Load DDS texture: Squad/Agencies/Probodobodyne
[LOG 23:21:34.888] Load TRUECOLOR texture: Squad/Agencies/Probodobodyne_scaled
[LOG 23:21:34.888] Load DDS texture: Squad/Agencies/R&D
[LOG 23:21:34.888] Load TRUECOLOR texture: Squad/Agencies/R&D_scaled
[LOG 23:21:34.889] Load DDS texture: Squad/Agencies/ReactionSystemsLtd
[LOG 23:21:34.890] Load TRUECOLOR texture: Squad/Agencies/ReactionSystemsLtd_scaled
[LOG 23:21:34.890] Load DDS texture: Squad/Agencies/Rockomax
[LOG 23:21:34.890] Load TRUECOLOR texture: Squad/Agencies/Rockomax_scaled
[LOG 23:21:34.890] Load DDS texture: Squad/Agencies/Rokea
[LOG 23:21:34.890] Load TRUECOLOR texture: Squad/Agencies/Rokea_scaled
[LOG 23:21:34.891] Load DDS texture: Squad/Agencies/SeansCannery
[LOG 23:21:34.891] Load TRUECOLOR texture: Squad/Agencies/SeansCannery_scaled
[LOG 23:21:34.891] Load DDS texture: Squad/Agencies/SteadlerEngineeringCorps
[LOG 23:21:34.891] Load TRUECOLOR texture: Squad/Agencies/SteadlerEngineeringCorps_scaled
[LOG 23:21:34.891] Load DDS texture: Squad/Agencies/StrutCo
[LOG 23:21:34.892] Load TRUECOLOR texture: Squad/Agencies/StrutCo_scaled
[LOG 23:21:34.892] Load DDS texture: Squad/Agencies/Vac-Co
[LOG 23:21:34.892] Load TRUECOLOR texture: Squad/Agencies/Vac-Co_scaled
[LOG 23:21:34.892] Load DDS texture: Squad/Agencies/WinterOwl
[LOG 23:21:34.892] Load TRUECOLOR texture: Squad/Agencies/WinterOwl_scaled
[LOG 23:21:34.893] Load DDS texture: Squad/Agencies/ZaltonicElectronics
[LOG 23:21:34.893] Load TRUECOLOR texture: Squad/Agencies/ZaltonicElectronics_scaled
[LOG 23:21:34.893] Load Cached PNG Texture: Squad/Alarms/Icons/ap
[LOG 23:21:34.894] Load Cached PNG Texture: Squad/Alarms/Icons/default
[LOG 23:21:34.894] Load Cached PNG Texture: Squad/Alarms/Icons/maneuver
[LOG 23:21:34.894] Load Cached PNG Texture: Squad/Alarms/Icons/pe
[LOG 23:21:34.894] Load Cached PNG Texture: Squad/Alarms/Icons/raw
[LOG 23:21:34.894] Load Cached PNG Texture: Squad/Alarms/Icons/soi
[LOG 23:21:34.894] Load Cached PNG Texture: Squad/Alarms/Icons/xfer
[LOG 23:21:34.894] Load DDS texture: Squad/Contracts/Icons/balloon
[LOG 23:21:34.894] Load DDS texture: Squad/Contracts/Icons/custom
[LOG 23:21:34.894] Load DDS texture: Squad/Contracts/Icons/default
[LOG 23:21:34.894] Load DDS texture: Squad/Contracts/Icons/dish
[LOG 23:21:34.894] Load DDS texture: Squad/Contracts/Icons/eva
[LOG 23:21:34.894] Load DDS texture: Squad/Contracts/Icons/gravity
[LOG 23:21:34.895] Load Cached PNG Texture: Squad/Contracts/Icons/ksc
[LOG 23:21:34.895] Load DDS texture: Squad/Contracts/Icons/launchsite
[LOG 23:21:34.895] Load DDS texture: Squad/Contracts/Icons/marker
[LOG 23:21:34.895] Load DDS texture: Squad/Contracts/Icons/pressure
[LOG 23:21:34.895] Load DDS texture: Squad/Contracts/Icons/report
[LOG 23:21:34.895] Load DDS texture: Squad/Contracts/Icons/runway
[LOG 23:21:34.895] Load DDS texture: Squad/Contracts/Icons/sample
[LOG 23:21:34.895] Load DDS texture: Squad/Contracts/Icons/seismic
[LOG 23:21:34.895] Load DDS texture: Squad/Contracts/Icons/thermometer
[LOG 23:21:34.895] Load DDS texture: Squad/Contracts/Icons/vessel
[LOG 23:21:34.895] Load Cached PNG Texture: Squad/Flags/09
[LOG 23:21:34.895] Load Cached PNG Texture: Squad/Flags/blorbs
[LOG 23:21:34.896] Load Cached PNG Texture: Squad/Flags/bullseye
[LOG 23:21:34.896] Load Cached PNG Texture: Squad/Flags/capsule
[LOG 23:21:34.897] Load Cached PNG Texture: Squad/Flags/circles
[LOG 23:21:34.898] Load Cached PNG Texture: Squad/Flags/default
[LOG 23:21:34.898] Load Cached PNG Texture: Squad/Flags/hexagon
[LOG 23:21:34.899] Load Cached PNG Texture: Squad/Flags/hexagonCircles
[LOG 23:21:34.903] Load Cached PNG Texture: Squad/Flags/kerbal1
[LOG 23:21:34.904] Load Cached PNG Texture: Squad/Flags/kerbal2
[LOG 23:21:34.905] Load Cached PNG Texture: Squad/Flags/kerbin
[LOG 23:21:34.906] Load Cached PNG Texture: Squad/Flags/kerbinmunflag
[LOG 23:21:34.907] Load Cached PNG Texture: Squad/Flags/line
[LOG 23:21:34.907] Load Cached PNG Texture: Squad/Flags/minimalistic
[LOG 23:21:34.908] Load Cached PNG Texture: Squad/Flags/orbit
[LOG 23:21:34.908] Load Cached PNG Texture: Squad/Flags/orbs
[LOG 23:21:34.909] Load Cached PNG Texture: Squad/Flags/retro
[LOG 23:21:34.909] Load Cached PNG Texture: Squad/Flags/rings
[LOG 23:21:34.910] Load Cached PNG Texture: Squad/Flags/rocketScience
[LOG 23:21:34.910] Load Cached PNG Texture: Squad/Flags/satellite
[LOG 23:21:34.911] Load Cached PNG Texture: Squad/Flags/Sentinel_Flag
[LOG 23:21:34.912] Load Cached PNG Texture: Squad/Flags/spheres
[LOG 23:21:34.912] Load Cached PNG Texture: Squad/Flags/squadLogo
[LOG 23:21:34.912] Load Cached PNG Texture: Squad/Flags/squadLogo2
[LOG 23:21:34.913] Load Cached PNG Texture: Squad/Flags/stripes
[LOG 23:21:34.913] Load Cached PNG Texture: Squad/Flags/trees
[LOG 23:21:34.914] Load Cached PNG Texture: Squad/Flags/trippy
[LOG 23:21:34.915] Load Cached PNG Texture: Squad/FlagsAgency/esa_dark_blue
[LOG 23:21:34.915] Load Cached PNG Texture: Squad/FlagsAgency/NASA
[LOG 23:21:34.919] Load Cached PNG Texture: Squad/FlagsAgency/uk_space_agency
[LOG 23:21:34.919] Load Cached PNG Texture: Squad/FlagsOrganization/B612_Foundation_flag
[LOG 23:21:34.920] Load Cached PNG Texture: Squad/FlagsOrganization/electron
[LOG 23:21:34.921] Load Cached PNG Texture: Squad/FlagsOrganization/ESA_Arianespace
[LOG 23:21:34.923] Load Cached PNG Texture: Squad/FlagsOrganization/rocketlab
[LOG 23:21:34.924] Load DDS texture: Squad/FX/DiamondBlue
[LOG 23:21:34.924] Load DDS texture: Squad/FX/FlameBlueOrange
[LOG 23:21:34.924] Load DDS texture: Squad/FX/FlamePurple
[LOG 23:21:34.925] Load DDS texture: Squad/FX/FlameRed
[LOG 23:21:34.925] Load DDS texture: Squad/FX/FlameRedOrange
[LOG 23:21:34.931] Load DDS texture: Squad/FX/Monoprop
[LOG 23:21:34.931] Load DDS texture: Squad/FX/plasma2
[LOG 23:21:34.931] Load DDS texture: Squad/FX/rocketplume2
[LOG 23:21:34.931] Load DDS texture: Squad/FX/shockDiamond2
[LOG 23:21:34.932] Load DDS texture: Squad/FX/smokepuff1
[LOG 23:21:34.935] Load DDS texture: Squad/Interiors/Administration/AdminBuilding_Lvl1
[LOG 23:21:34.944] Load DDS texture: Squad/Interiors/Administration/AdminBuilding_Lvl2
[LOG 23:21:34.954] Load DDS texture: Squad/Interiors/Administration/AdminBuilding_Lvl3
[LOG 23:21:34.963] Load DDS texture: Squad/MenuProps/MunOrBust
[LOG 23:21:34.965] Load Cached PNG Texture: Squad/Missions/Banners/Fail/default
[LOG 23:21:34.965] Load PNG texture: Squad/Missions/Banners/Menu/default
[WRN 23:21:34.972] Texture isn't eligible for DXT compression, width and height must be multiples of 4
[LOG 23:21:34.972] Load Cached PNG Texture: Squad/Missions/Banners/Success/default
[LOG 23:21:34.972] Load PNG texture: Squad/Missions/ESA-BepiColombo/Banners/Fail/ESA_MB_Fail_01
[WRN 23:21:34.976] Texture isn't eligible for DXT compression, width and height must be multiples of 4
[LOG 23:21:34.976] Load PNG texture: Squad/Missions/ESA-BepiColombo/Banners/Menu/ESA_MB_Select_01
[WRN 23:21:34.981] Texture isn't eligible for DXT compression, width and height must be multiples of 4
[LOG 23:21:34.981] Load PNG texture: Squad/Missions/ESA-BepiColombo/Banners/Success/ESA_MB_Success_01
[WRN 23:21:34.986] Texture isn't eligible for DXT compression, width and height must be multiples of 4
[LOG 23:21:34.986] Load PNG texture: Squad/Missions/ESA-BepiColombo-Short/Banners/Fail/ESA_MB_Fail_01
[WRN 23:21:34.994] Texture isn't eligible for DXT compression, width and height must be multiples of 4
[LOG 23:21:34.994] Load PNG texture: Squad/Missions/ESA-BepiColombo-Short/Banners/Menu/ESA_MB_Select_01
[WRN 23:21:35.000] Texture isn't eligible for DXT compression, width and height must be multiples of 4
[LOG 23:21:35.000] Load PNG texture: Squad/Missions/ESA-BepiColombo-Short/Banners/Success/ESA_MB_Success_01
[WRN 23:21:35.005] Texture isn't eligible for DXT compression, width and height must be multiples of 4
[LOG 23:21:35.005] Load PNG texture: Squad/Missions/ESA-Rosetta/Banners/Fail/ESA_MB_Fail_02
[WRN 23:21:35.010] Texture isn't eligible for DXT compression, width and height must be multiples of 4
[LOG 23:21:35.010] Load PNG texture: Squad/Missions/ESA-Rosetta/Banners/Menu/ESA_MB_Select_02
[WRN 23:21:35.013] Texture isn't eligible for DXT compression, width and height must be multiples of 4
[LOG 23:21:35.013] Load PNG texture: Squad/Missions/ESA-Rosetta/Banners/Success/ESA_MB_Success_02
[WRN 23:21:35.019] Texture isn't eligible for DXT compression, width and height must be multiples of 4
[LOG 23:21:35.019] Load Cached PNG Texture: Squad/PartList/SimpleIcons/ablator
[LOG 23:21:35.019] Load Cached PNG Texture: Squad/PartList/SimpleIcons/active_radiator
[LOG 23:21:35.019] Load Cached PNG Texture: Squad/PartList/SimpleIcons/asteroid_drill
[LOG 23:21:35.019] Load Cached PNG Texture: Squad/PartList/SimpleIcons/cargo_part
[LOG 23:21:35.020] Load Cached PNG Texture: Squad/PartList/SimpleIcons/comet_drill
[LOG 23:21:35.020] Load Cached PNG Texture: Squad/PartList/SimpleIcons/core_heat
[LOG 23:21:35.021] Load Cached PNG Texture: Squad/PartList/SimpleIcons/cs_main
[LOG 23:21:35.021] Load Cached PNG Texture: Squad/PartList/SimpleIcons/cs_mk2
[LOG 23:21:35.022] Load Cached PNG Texture: Squad/PartList/SimpleIcons/cs_mk3
[LOG 23:21:35.022] Load Cached PNG Texture: Squad/PartList/SimpleIcons/cs_size0
[LOG 23:21:35.022] Load Cached PNG Texture: Squad/PartList/SimpleIcons/cs_size1
[LOG 23:21:35.022] Load Cached PNG Texture: Squad/PartList/SimpleIcons/cs_size1p5
[LOG 23:21:35.023] Load Cached PNG Texture: Squad/PartList/SimpleIcons/cs_size2
[LOG 23:21:35.023] Load Cached PNG Texture: Squad/PartList/SimpleIcons/cs_size3
[LOG 23:21:35.023] Load Cached PNG Texture: Squad/PartList/SimpleIcons/cs_size4
[LOG 23:21:35.023] Load Cached PNG Texture: Squad/PartList/SimpleIcons/cs_surface
[LOG 23:21:35.024] Load Cached PNG Texture: Squad/PartList/SimpleIcons/custom_built_fairing
[LOG 23:21:35.024] Load Cached PNG Texture: Squad/PartList/SimpleIcons/deployable_antenna
[LOG 23:21:35.024] Load Cached PNG Texture: Squad/PartList/SimpleIcons/deployable_comms_part
[LOG 23:21:35.024] Load Cached PNG Texture: Squad/PartList/SimpleIcons/deployable_ground_part
[LOG 23:21:35.024] Load Cached PNG Texture: Squad/PartList/SimpleIcons/deployable_part
[LOG 23:21:35.025] Load Cached PNG Texture: Squad/PartList/SimpleIcons/deployable_radiator
[LOG 23:21:35.025] Load Cached PNG Texture: Squad/PartList/SimpleIcons/deployed_science_control_unit
[LOG 23:21:35.025] Load Cached PNG Texture: Squad/PartList/SimpleIcons/deployed_science_experiment
[LOG 23:21:35.026] Load Cached PNG Texture: Squad/PartList/SimpleIcons/deployed_science_part
[LOG 23:21:35.026] Load Cached PNG Texture: Squad/PartList/SimpleIcons/enviro_sensor
[LOG 23:21:35.026] Load Cached PNG Texture: Squad/PartList/SimpleIcons/experience_management
[LOG 23:21:35.027] Load Cached PNG Texture: Squad/PartList/SimpleIcons/fuels_monopropellant
[LOG 23:21:35.027] Load Cached PNG Texture: Squad/PartList/SimpleIcons/fuels_ore
[LOG 23:21:35.027] Load Cached PNG Texture: Squad/PartList/SimpleIcons/fuels_oxidizer
[LOG 23:21:35.031] Load Cached PNG Texture: Squad/PartList/SimpleIcons/fuels_solidfuel
[LOG 23:21:35.032] Load Cached PNG Texture: Squad/PartList/SimpleIcons/fuels_xenongas
[LOG 23:21:35.032] Load Cached PNG Texture: Squad/PartList/SimpleIcons/inventory_part
[LOG 23:21:35.032] Load Cached PNG Texture: Squad/PartList/SimpleIcons/kerbnet_access
[LOG 23:21:35.033] Load Cached PNG Texture: Squad/PartList/SimpleIcons/number1
[LOG 23:21:35.034] Load Cached PNG Texture: Squad/PartList/SimpleIcons/number2
[LOG 23:21:35.034] Load Cached PNG Texture: Squad/PartList/SimpleIcons/number3
[LOG 23:21:35.034] Load Cached PNG Texture: Squad/PartList/SimpleIcons/number4
[LOG 23:21:35.034] Load Cached PNG Texture: Squad/PartList/SimpleIcons/number5
[LOG 23:21:35.034] Load Cached PNG Texture: Squad/PartList/SimpleIcons/number6
[LOG 23:21:35.034] Load Cached PNG Texture: Squad/PartList/SimpleIcons/number7
[LOG 23:21:35.034] Load Cached PNG Texture: Squad/PartList/SimpleIcons/number8
[LOG 23:21:35.035] Load Cached PNG Texture: Squad/PartList/SimpleIcons/number9
[LOG 23:21:35.035] Load Cached PNG Texture: Squad/PartList/SimpleIcons/probe_control_unit
[LOG 23:21:35.035] Load Cached PNG Texture: Squad/PartList/SimpleIcons/R&D_node_icon_advaerodynamics
[LOG 23:21:35.035] Load Cached PNG Texture: Squad/PartList/SimpleIcons/R&D_node_icon_advancedmotors
[LOG 23:21:35.036] Load Cached PNG Texture: Squad/PartList/SimpleIcons/R&D_node_icon_advconstruction
[LOG 23:21:35.036] Load Cached PNG Texture: Squad/PartList/SimpleIcons/R&D_node_icon_advelectrics
[LOG 23:21:35.036] Load Cached PNG Texture: Squad/PartList/SimpleIcons/R&D_node_icon_advexploration
[LOG 23:21:35.037] Load Cached PNG Texture: Squad/PartList/SimpleIcons/R&D_node_icon_advflightcontrol
[LOG 23:21:35.037] Load Cached PNG Texture: Squad/PartList/SimpleIcons/R&D_node_icon_advlanding
[LOG 23:21:35.038] Load Cached PNG Texture: Squad/PartList/SimpleIcons/R&D_node_icon_advmetalworks
[LOG 23:21:35.038] Load Cached PNG Texture: Squad/PartList/SimpleIcons/R&D_node_icon_advrocketry
[LOG 23:21:35.038] Load Cached PNG Texture: Squad/PartList/SimpleIcons/R&D_node_icon_advsciencetech
[LOG 23:21:35.039] Load Cached PNG Texture: Squad/PartList/SimpleIcons/R&D_node_icon_advunmanned
[LOG 23:21:35.039] Load Cached PNG Texture: Squad/PartList/SimpleIcons/R&D_node_icon_aerodynamicsystems
[LOG 23:21:35.039] Load Cached PNG Texture: Squad/PartList/SimpleIcons/R&D_node_icon_aerospacetech
[LOG 23:21:35.040] Load Cached PNG Texture: Squad/PartList/SimpleIcons/R&D_node_icon_automation
[LOG 23:21:35.041] Load Cached PNG Texture: Squad/PartList/SimpleIcons/R&D_node_icon_basicprobes
[LOG 23:21:35.041] Load Cached PNG Texture: Squad/PartList/SimpleIcons/R&D_node_icon_basicrocketry
[LOG 23:21:35.041] Load Cached PNG Texture: Squad/PartList/SimpleIcons/R&D_node_icon_composites
[LOG 23:21:35.042] Load Cached PNG Texture: Squad/PartList/SimpleIcons/R&D_node_icon_electrics
[LOG 23:21:35.042] Load Cached PNG Texture: Squad/PartList/SimpleIcons/R&D_node_icon_electronics
[LOG 23:21:35.042] Load Cached PNG Texture: Squad/PartList/SimpleIcons/R&D_node_icon_evatech
[LOG 23:21:35.042] Load Cached PNG Texture: Squad/PartList/SimpleIcons/R&D_node_icon_experimentalaerodynamics
[LOG 23:21:35.043] Load Cached PNG Texture: Squad/PartList/SimpleIcons/R&D_node_icon_experimentalelectrics
[LOG 23:21:35.043] Load Cached PNG Texture: Squad/PartList/SimpleIcons/R&D_node_icon_experimentalmotors
[LOG 23:21:35.043] Load Cached PNG Texture: Squad/PartList/SimpleIcons/R&D_node_icon_experimentalrocketry
[LOG 23:21:35.043] Load Cached PNG Texture: Squad/PartList/SimpleIcons/R&D_node_icon_experimentalscience
[LOG 23:21:35.044] Load Cached PNG Texture: Squad/PartList/SimpleIcons/R&D_node_icon_fieldscience
[LOG 23:21:35.044] Load Cached PNG Texture: Squad/PartList/SimpleIcons/R&D_node_icon_flightcontrol
[LOG 23:21:35.044] Load Cached PNG Texture: Squad/PartList/SimpleIcons/R&D_node_icon_fuelsystems
[LOG 23:21:35.044] Load Cached PNG Texture: Squad/PartList/SimpleIcons/R&D_node_icon_generalconstruction
[LOG 23:21:35.044] Load Cached PNG Texture: Squad/PartList/SimpleIcons/R&D_node_icon_generalrocketry
[LOG 23:21:35.045] Load Cached PNG Texture: Squad/PartList/SimpleIcons/R&D_node_icon_generic
[LOG 23:21:35.045] Load Cached PNG Texture: Squad/PartList/SimpleIcons/R&D_node_icon_heavierrocketry
[LOG 23:21:35.045] Load Cached PNG Texture: Squad/PartList/SimpleIcons/R&D_node_icon_heavyaerodynamics
[LOG 23:21:35.045] Load Cached PNG Texture: Squad/PartList/SimpleIcons/R&D_node_icon_heavyrocketry
[LOG 23:21:35.046] Load Cached PNG Texture: Squad/PartList/SimpleIcons/R&D_node_icon_highaltitudeflight
[LOG 23:21:35.046] Load Cached PNG Texture: Squad/PartList/SimpleIcons/R&D_node_icon_highaltitudepropulsion
[LOG 23:21:35.046] Load Cached PNG Texture: Squad/PartList/SimpleIcons/R&D_node_icon_hypersonicflight
[LOG 23:21:35.046] Load Cached PNG Texture: Squad/PartList/SimpleIcons/R&D_node_icon_ionpropulsion
[LOG 23:21:35.046] Load Cached PNG Texture: Squad/PartList/SimpleIcons/R&D_node_icon_landing
[LOG 23:21:35.047] Load Cached PNG Texture: Squad/PartList/SimpleIcons/R&D_node_icon_largecontrol
[LOG 23:21:35.047] Load Cached PNG Texture: Squad/PartList/SimpleIcons/R&D_node_icon_largeelectrics
[LOG 23:21:35.047] Load Cached PNG Texture: Squad/PartList/SimpleIcons/R&D_node_icon_largeprobes
[LOG 23:21:35.048] Load Cached PNG Texture: Squad/PartList/SimpleIcons/R&D_node_icon_metamaterials
[LOG 23:21:35.048] Load Cached PNG Texture: Squad/PartList/SimpleIcons/R&D_node_icon_nanolathing
[LOG 23:21:35.048] Load Cached PNG Texture: Squad/PartList/SimpleIcons/R&D_node_icon_nuclearpropulsion
[LOG 23:21:35.049] Load Cached PNG Texture: Squad/PartList/SimpleIcons/R&D_node_icon_precisionengineering
[LOG 23:21:35.049] Load Cached PNG Texture: Squad/PartList/SimpleIcons/R&D_node_icon_robotics
[LOG 23:21:35.049] Load Cached PNG Texture: Squad/PartList/SimpleIcons/R&D_node_icon_sciencetech
[LOG 23:21:35.050] Load Cached PNG Texture: Squad/PartList/SimpleIcons/R&D_node_icon_specializedconstruction
[LOG 23:21:35.050] Load Cached PNG Texture: Squad/PartList/SimpleIcons/R&D_node_icon_specializedcontrol
[LOG 23:21:35.050] Load Cached PNG Texture: Squad/PartList/SimpleIcons/R&D_node_icon_specializedelectrics
[LOG 23:21:35.050] Load Cached PNG Texture: Squad/PartList/SimpleIcons/R&D_node_icon_stability
[LOG 23:21:35.051] Load Cached PNG Texture: Squad/PartList/SimpleIcons/R&D_node_icon_start
[LOG 23:21:35.051] Load Cached PNG Texture: Squad/PartList/SimpleIcons/R&D_node_icon_supersonicflight
[LOG 23:21:35.051] Load Cached PNG Texture: Squad/PartList/SimpleIcons/R&D_node_icon_survivability
[LOG 23:21:35.051] Load Cached PNG Texture: Squad/PartList/SimpleIcons/R&D_node_icon_unmannedtech
[LOG 23:21:35.055] Load Cached PNG Texture: Squad/PartList/SimpleIcons/R&D_node_icon_veryheavyrocketry
[LOG 23:21:35.055] Load Cached PNG Texture: Squad/PartList/SimpleIcons/rcsfx
[LOG 23:21:35.055] Load Cached PNG Texture: Squad/PartList/SimpleIcons/RDicon_aerospaceTech2
[LOG 23:21:35.055] Load Cached PNG Texture: Squad/PartList/SimpleIcons/RDicon_commandmodules
[LOG 23:21:35.055] Load Cached PNG Texture: Squad/PartList/SimpleIcons/RDicon_fuelSystems-advanced
[LOG 23:21:35.055] Load Cached PNG Texture: Squad/PartList/SimpleIcons/RDicon_fuelSystems-highPerformance
[LOG 23:21:35.055] Load Cached PNG Texture: Squad/PartList/SimpleIcons/RDicon_largeVolumeContainment
[LOG 23:21:35.055] Load Cached PNG Texture: Squad/PartList/SimpleIcons/RDicon_miniaturization
[LOG 23:21:35.056] Load Cached PNG Texture: Squad/PartList/SimpleIcons/RDicon_propulsion-precision
[LOG 23:21:35.056] Load Cached PNG Texture: Squad/PartList/SimpleIcons/RDicon_propulsionSystems
[LOG 23:21:35.056] Load Cached PNG Texture: Squad/PartList/SimpleIcons/RDicon_telescope
[LOG 23:21:35.056] Load Cached PNG Texture: Squad/PartList/SimpleIcons/robotic_controller
[LOG 23:21:35.056] Load Cached PNG Texture: Squad/PartList/SimpleIcons/robotic_rotation_servo
[LOG 23:21:35.056] Load Cached PNG Texture: Squad/PartList/SimpleIcons/robotic_servo_hinge
[LOG 23:21:35.061] Load Cached PNG Texture: Squad/PartList/SimpleIcons/robotic_servo_piston
[LOG 23:21:35.062] Load Cached PNG Texture: Squad/PartList/SimpleIcons/robotic_servo_rotor
[LOG 23:21:35.062] Load Cached PNG Texture: Squad/PartList/SimpleIcons/scanner_arm
[LOG 23:21:35.062] Load Cached PNG Texture: Squad/PartList/SimpleIcons/variant
[LOG 23:21:35.063] Load Cached PNG Texture: Squad/Parts/@thumbs/adapterSmallMiniShort_icon0
[LOG 23:21:35.063] Load Cached PNG Texture: Squad/Parts/@thumbs/adapterSmallMiniShort_icon1
[LOG 23:21:35.063] Load Cached PNG Texture: Squad/Parts/@thumbs/adapterSmallMiniTall_icon0
[LOG 23:21:35.063] Load Cached PNG Texture: Squad/Parts/@thumbs/adapterSmallMiniTall_icon1
[LOG 23:21:35.063] Load Cached PNG Texture: Squad/Parts/@thumbs/AdvancedCanard_icon
[LOG 23:21:35.063] Load Cached PNG Texture: Squad/Parts/@thumbs/advSasModule_icon
[LOG 23:21:35.063] Load Cached PNG Texture: Squad/Parts/@thumbs/airbrake1_icon
[LOG 23:21:35.063] Load Cached PNG Texture: Squad/Parts/@thumbs/airScoop_icon
[LOG 23:21:35.063] Load Cached PNG Texture: Squad/Parts/@thumbs/avionicsNoseCone_icon
[LOG 23:21:35.063] Load Cached PNG Texture: Squad/Parts/@thumbs/basicFin_icon
[LOG 23:21:35.063] Load Cached PNG Texture: Squad/Parts/@thumbs/batteryBankMini_icon
[LOG 23:21:35.064] Load Cached PNG Texture: Squad/Parts/@thumbs/batteryBank_icon
[LOG 23:21:35.064] Load Cached PNG Texture: Squad/Parts/@thumbs/batteryPack_icon
[LOG 23:21:35.064] Load Cached PNG Texture: Squad/Parts/@thumbs/cargoContainer_icon
[LOG 23:21:35.064] Load Cached PNG Texture: Squad/Parts/@thumbs/CargoStorageUnit_icon
[LOG 23:21:35.064] Load Cached PNG Texture: Squad/Parts/@thumbs/CircularIntake_icon
[LOG 23:21:35.064] Load Cached PNG Texture: Squad/Parts/@thumbs/commDish_icon
[LOG 23:21:35.064] Load Cached PNG Texture: Squad/Parts/@thumbs/Decoupler.0_icon0
[LOG 23:21:35.064] Load Cached PNG Texture: Squad/Parts/@thumbs/Decoupler.0_icon1
[LOG 23:21:35.064] Load Cached PNG Texture: Squad/Parts/@thumbs/Decoupler.1_icon0
[LOG 23:21:35.064] Load Cached PNG Texture: Squad/Parts/@thumbs/Decoupler.1_icon1
[LOG 23:21:35.065] Load Cached PNG Texture: Squad/Parts/@thumbs/dockingPort1_icon
[LOG 23:21:35.065] Load Cached PNG Texture: Squad/Parts/@thumbs/dockingPort2_icon
[LOG 23:21:35.065] Load Cached PNG Texture: Squad/Parts/@thumbs/dockingPort3_icon
[LOG 23:21:35.065] Load Cached PNG Texture: Squad/Parts/@thumbs/domeLight1_icon0
[LOG 23:21:35.065] Load Cached PNG Texture: Squad/Parts/@thumbs/domeLight1_icon1
[LOG 23:21:35.065] Load Cached PNG Texture: Squad/Parts/@thumbs/elevon2_icon
[LOG 23:21:35.065] Load Cached PNG Texture: Squad/Parts/@thumbs/elevon3_icon
[LOG 23:21:35.065] Load Cached PNG Texture: Squad/Parts/@thumbs/elevon5_icon
[LOG 23:21:35.065] Load Cached PNG Texture: Squad/Parts/@thumbs/evaChute_icon
[LOG 23:21:35.065] Load Cached PNG Texture: Squad/Parts/@thumbs/evaCylinder_icon
[LOG 23:21:35.065] Load Cached PNG Texture: Squad/Parts/@thumbs/evaJetpack_icon
[LOG 23:21:35.066] Load Cached PNG Texture: Squad/Parts/@thumbs/evaRepairKit_icon
[LOG 23:21:35.066] Load Cached PNG Texture: Squad/Parts/@thumbs/evaScienceKit_icon
[LOG 23:21:35.066] Load Cached PNG Texture: Squad/Parts/@thumbs/externalTankCapsule_icon0
[LOG 23:21:35.066] Load Cached PNG Texture: Squad/Parts/@thumbs/externalTankCapsule_icon1
[LOG 23:21:35.066] Load Cached PNG Texture: Squad/Parts/@thumbs/externalTankRound_icon0
[LOG 23:21:35.066] Load Cached PNG Texture: Squad/Parts/@thumbs/externalTankRound_icon1
[LOG 23:21:35.067] Load Cached PNG Texture: Squad/Parts/@thumbs/externalTankToroid_icon0
[LOG 23:21:35.067] Load Cached PNG Texture: Squad/Parts/@thumbs/externalTankToroid_icon1
[LOG 23:21:35.067] Load Cached PNG Texture: Squad/Parts/@thumbs/fireworksLauncherBig_icon
[LOG 23:21:35.067] Load Cached PNG Texture: Squad/Parts/@thumbs/fireworksLauncherSmall_icon
[LOG 23:21:35.067] Load Cached PNG Texture: Squad/Parts/@thumbs/foldingRadMed_icon
[LOG 23:21:35.067] Load Cached PNG Texture: Squad/Parts/@thumbs/foldingRadSmall_icon
[LOG 23:21:35.067] Load Cached PNG Texture: Squad/Parts/@thumbs/FuelCellArray_icon
[LOG 23:21:35.068] Load Cached PNG Texture: Squad/Parts/@thumbs/FuelCell_icon
[LOG 23:21:35.068] Load Cached PNG Texture: Squad/Parts/@thumbs/fuelTank.long_icon0
[LOG 23:21:35.068] Load Cached PNG Texture: Squad/Parts/@thumbs/fuelTankSmallFlat_icon0
[LOG 23:21:35.068] Load Cached PNG Texture: Squad/Parts/@thumbs/fuelTankSmallFlat_icon1
[LOG 23:21:35.068] Load Cached PNG Texture: Squad/Parts/@thumbs/fuelTankSmallFlat_icon2
[LOG 23:21:35.069] Load Cached PNG Texture: Squad/Parts/@thumbs/fuelTankSmallFlat_icon3
[LOG 23:21:35.069] Load Cached PNG Texture: Squad/Parts/@thumbs/fuelTankSmall_icon0
[LOG 23:21:35.070] Load Cached PNG Texture: Squad/Parts/@thumbs/fuelTankSmall_icon1
[LOG 23:21:35.071] Load Cached PNG Texture: Squad/Parts/@thumbs/fuelTankSmall_icon2
[LOG 23:21:35.071] Load Cached PNG Texture: Squad/Parts/@thumbs/fuelTankSmall_icon3
[LOG 23:21:35.072] Load Cached PNG Texture: Squad/Parts/@thumbs/fuelTank_icon0
[LOG 23:21:35.072] Load Cached PNG Texture: Squad/Parts/@thumbs/GearFixed_icon
[LOG 23:21:35.073] Load Cached PNG Texture: Squad/Parts/@thumbs/GearFree_icon
[LOG 23:21:35.073] Load Cached PNG Texture: Squad/Parts/@thumbs/GearSmall_icon
[LOG 23:21:35.074] Load Cached PNG Texture: Squad/Parts/@thumbs/GooExperiment_icon
[LOG 23:21:35.074] Load Cached PNG Texture: Squad/Parts/@thumbs/groundAnchor_icon
[LOG 23:21:35.075] Load Cached PNG Texture: Squad/Parts/@thumbs/groundLight1_icon
[LOG 23:21:35.075] Load Cached PNG Texture: Squad/Parts/@thumbs/groundLight2_icon
[LOG 23:21:35.076] Load Cached PNG Texture: Squad/Parts/@thumbs/HeatShield0_icon
[LOG 23:21:35.076] Load Cached PNG Texture: Squad/Parts/@thumbs/HeatShield1_icon
[LOG 23:21:35.076] Load Cached PNG Texture: Squad/Parts/@thumbs/HECS2.ProbeCore_icon
[LOG 23:21:35.077] Load Cached PNG Texture: Squad/Parts/@thumbs/HighGainAntenna5.v2_icon
[LOG 23:21:35.077] Load Cached PNG Texture: Squad/Parts/@thumbs/HighGainAntenna5_icon
[LOG 23:21:35.078] Load Cached PNG Texture: Squad/Parts/@thumbs/HighGainAntenna_icon
[LOG 23:21:35.078] Load Cached PNG Texture: Squad/Parts/@thumbs/IntakeRadialLong_icon
[LOG 23:21:35.083] Load Cached PNG Texture: Squad/Parts/@thumbs/ionEngine_icon
[LOG 23:21:35.085] Load Cached PNG Texture: Squad/Parts/@thumbs/ksp.r.largeBatteryPack_icon
[LOG 23:21:35.092] Load Cached PNG Texture: Squad/Parts/@thumbs/ladder1_icon
[LOG 23:21:35.092] Load Cached PNG Texture: Squad/Parts/@thumbs/landingLeg1-2_icon
[LOG 23:21:35.092] Load Cached PNG Texture: Squad/Parts/@thumbs/landingLeg1_icon
[LOG 23:21:35.098] Load Cached PNG Texture: Squad/Parts/@thumbs/launchClamp1_icon
[LOG 23:21:35.099] Load Cached PNG Texture: Squad/Parts/@thumbs/LgRadialSolarPanel_icon
[LOG 23:21:35.099] Load Cached PNG Texture: Squad/Parts/@thumbs/linearRcs_icon
[LOG 23:21:35.099] Load Cached PNG Texture: Squad/Parts/@thumbs/liquidEngine2.v2_icon0
[LOG 23:21:35.100] Load Cached PNG Texture: Squad/Parts/@thumbs/liquidEngine3.v2_icon0
[LOG 23:21:35.101] Load Cached PNG Texture: Squad/Parts/@thumbs/liquidEngine3.v2_icon1
[LOG 23:21:35.102] Load Cached PNG Texture: Squad/Parts/@thumbs/liquidEngine3.v2_icon2
[LOG 23:21:35.102] Load Cached PNG Texture: Squad/Parts/@thumbs/liquidEngineMini.v2_icon0
[LOG 23:21:35.107] Load Cached PNG Texture: Squad/Parts/@thumbs/liquidEngineMini.v2_icon1
[LOG 23:21:35.107] Load Cached PNG Texture: Squad/Parts/@thumbs/liquidEngineMini.v2_icon2
[LOG 23:21:35.108] Load Cached PNG Texture: Squad/Parts/@thumbs/longAntenna_icon
[LOG 23:21:35.108] Load Cached PNG Texture: Squad/Parts/@thumbs/Magnetometer_icon
[LOG 23:21:35.109] Load Cached PNG Texture: Squad/Parts/@thumbs/mediumDishAntenna_icon
[LOG 23:21:35.109] Load Cached PNG Texture: Squad/Parts/@thumbs/microEngine.v2_icon0
[LOG 23:21:35.110] Load Cached PNG Texture: Squad/Parts/@thumbs/microEngine.v2_icon1
[LOG 23:21:35.112] Load Cached PNG Texture: Squad/Parts/@thumbs/MiniDrill_icon
[LOG 23:21:35.112] Load Cached PNG Texture: Squad/Parts/@thumbs/miniFuelTank_icon
[LOG 23:21:35.113] Load Cached PNG Texture: Squad/Parts/@thumbs/miniFuselage_icon
[LOG 23:21:35.113] Load Cached PNG Texture: Squad/Parts/@thumbs/miniIntake_icon
[LOG 23:21:35.113] Load Cached PNG Texture: Squad/Parts/@thumbs/miniJetEngine_icon
[LOG 23:21:35.114] Load Cached PNG Texture: Squad/Parts/@thumbs/miniLandingLeg_icon
[LOG 23:21:35.114] Load Cached PNG Texture: Squad/Parts/@thumbs/Mite_icon
[LOG 23:21:35.117] Load Cached PNG Texture: Squad/Parts/@thumbs/mk1pod.v2_icon0
[LOG 23:21:35.128] Load Cached PNG Texture: Squad/Parts/@thumbs/mk2DroneCore_icon
[LOG 23:21:35.130] Load Cached PNG Texture: Squad/Parts/@thumbs/mk2LanderCabin.v2_icon1
[LOG 23:21:35.130] Load Cached PNG Texture: Squad/Parts/@thumbs/MpoProbe_icon
[LOG 23:21:35.130] Load Cached PNG Texture: Squad/Parts/@thumbs/navLight1_icon0
[LOG 23:21:35.132] Load Cached PNG Texture: Squad/Parts/@thumbs/navLight1_icon1
[LOG 23:21:35.133] Load Cached PNG Texture: Squad/Parts/@thumbs/noseCone_icon0
[LOG 23:21:35.133] Load Cached PNG Texture: Squad/Parts/@thumbs/noseCone_icon1
[LOG 23:21:35.133] Load Cached PNG Texture: Squad/Parts/@thumbs/noseCone_icon2
[LOG 23:21:35.134] Load Cached PNG Texture: Squad/Parts/@thumbs/omsEngine_icon
[LOG 23:21:35.134] Load Cached PNG Texture: Squad/Parts/@thumbs/OrbitalScanner_icon
[LOG 23:21:35.135] Load Cached PNG Texture: Squad/Parts/@thumbs/parachuteDrogue_icon
[LOG 23:21:35.135] Load Cached PNG Texture: Squad/Parts/@thumbs/parachuteLarge_icon
[LOG 23:21:35.136] Load Cached PNG Texture: Squad/Parts/@thumbs/parachuteRadial_icon
[LOG 23:21:35.136] Load Cached PNG Texture: Squad/Parts/@thumbs/parachuteSingle_icon
[LOG 23:21:35.137] Load Cached PNG Texture: Squad/Parts/@thumbs/probeCoreCube_icon
[LOG 23:21:35.137] Load Cached PNG Texture: Squad/Parts/@thumbs/probeCoreHex.v2_icon
[LOG 23:21:35.138] Load Cached PNG Texture: Squad/Parts/@thumbs/probeCoreOcto.v2_icon
[LOG 23:21:35.138] Load Cached PNG Texture: Squad/Parts/@thumbs/probeCoreOcto2.v2_icon
[LOG 23:21:35.139] Load Cached PNG Texture: Squad/Parts/@thumbs/probeCoreSphere.v2_icon
[LOG 23:21:35.139] Load Cached PNG Texture: Squad/Parts/@thumbs/probeStackLarge_icon
[LOG 23:21:35.139] Load Cached PNG Texture: Squad/Parts/@thumbs/probeStackSmall_icon
[LOG 23:21:35.140] Load Cached PNG Texture: Squad/Parts/@thumbs/R8winglet_icon
[LOG 23:21:35.141] Load Cached PNG Texture: Squad/Parts/@thumbs/radialDecoupler1-2_icon
[LOG 23:21:35.142] Load Cached PNG Texture: Squad/Parts/@thumbs/radialDecoupler2_icon
[LOG 23:21:35.142] Load Cached PNG Texture: Squad/Parts/@thumbs/radialDecoupler_icon
[LOG 23:21:35.142] Load Cached PNG Texture: Squad/Parts/@thumbs/radialDrogue_icon
[LOG 23:21:35.143] Load Cached PNG Texture: Squad/Parts/@thumbs/radialEngineMini.v2_icon0
[LOG 23:21:35.144] Load Cached PNG Texture: Squad/Parts/@thumbs/radialEngineMini.v2_icon1
[LOG 23:21:35.144] Load Cached PNG Texture: Squad/Parts/@thumbs/radialLiquidEngine1-2_icon
[LOG 23:21:35.145] Load Cached PNG Texture: Squad/Parts/@thumbs/RadialOreTank_icon
[LOG 23:21:35.150] Load Cached PNG Texture: Squad/Parts/@thumbs/radialRCSTank_icon
[LOG 23:21:35.150] Load Cached PNG Texture: Squad/Parts/@thumbs/radPanelEdge_icon
[LOG 23:21:35.151] Load Cached PNG Texture: Squad/Parts/@thumbs/radPanelLg_icon
[LOG 23:21:35.152] Load Cached PNG Texture: Squad/Parts/@thumbs/radPanelSm_icon
[LOG 23:21:35.152] Load Cached PNG Texture: Squad/Parts/@thumbs/RCSblock.01.small_icon0
[LOG 23:21:35.154] Load Cached PNG Texture: Squad/Parts/@thumbs/RCSblock.01.small_icon1
[LOG 23:21:35.154] Load Cached PNG Texture: Squad/Parts/@thumbs/RCSblock.01.small_icon2
[LOG 23:21:35.154] Load Cached PNG Texture: Squad/Parts/@thumbs/RCSblock.01.small_icon3
[LOG 23:21:35.155] Load Cached PNG Texture: Squad/Parts/@thumbs/RCSblock.01.small_icon4
[LOG 23:21:35.159] Load Cached PNG Texture: Squad/Parts/@thumbs/RCSBlock.v2_icon
[LOG 23:21:35.159] Load Cached PNG Texture: Squad/Parts/@thumbs/RCSBlock.v2_icon0
[LOG 23:21:35.159] Load Cached PNG Texture: Squad/Parts/@thumbs/RCSBlock.v2_icon1
[LOG 23:21:35.160] Load Cached PNG Texture: Squad/Parts/@thumbs/RCSBlock.v2_icon2
[LOG 23:21:35.160] Load Cached PNG Texture: Squad/Parts/@thumbs/RCSBlock.v2_icon3
[LOG 23:21:35.161] Load Cached PNG Texture: Squad/Parts/@thumbs/RCSBlock.v2_icon4
[LOG 23:21:35.161] Load Cached PNG Texture: Squad/Parts/@thumbs/RCSFuelTank_icon
[LOG 23:21:35.161] Load Cached PNG Texture: Squad/Parts/@thumbs/RCSLinearSmall_icon
[LOG 23:21:35.163] Load Cached PNG Texture: Squad/Parts/@thumbs/rcsTankMini_icon
[LOG 23:21:35.163] Load Cached PNG Texture: Squad/Parts/@thumbs/RelayAntenna5_icon
[LOG 23:21:35.168] Load Cached PNG Texture: Squad/Parts/@thumbs/ReleaseValve_icon
[LOG 23:21:35.168] Load Cached PNG Texture: Squad/Parts/@thumbs/roverBody.v2_icon0
[LOG 23:21:35.169] Load Cached PNG Texture: Squad/Parts/@thumbs/roverBody.v2_icon1
[LOG 23:21:35.176] Load Cached PNG Texture: Squad/Parts/@thumbs/roverBody.v2_icon2
[LOG 23:21:35.176] Load Cached PNG Texture: Squad/Parts/@thumbs/roverWheel1_icon
[LOG 23:21:35.178] Load Cached PNG Texture: Squad/Parts/@thumbs/roverWheel2_icon
[LOG 23:21:35.178] Load Cached PNG Texture: Squad/Parts/@thumbs/rtg_icon
[LOG 23:21:35.178] Load Cached PNG Texture: Squad/Parts/@thumbs/sasModule_icon
[LOG 23:21:35.178] Load Cached PNG Texture: Squad/Parts/@thumbs/science.module_icon
[LOG 23:21:35.180] Load Cached PNG Texture: Squad/Parts/@thumbs/ScienceBox_icon
[LOG 23:21:35.180] Load Cached PNG Texture: Squad/Parts/@thumbs/seatExternalCmd_icon
[LOG 23:21:35.181] Load Cached PNG Texture: Squad/Parts/@thumbs/sensorAccelerometer_icon
[LOG 23:21:35.182] Load Cached PNG Texture: Squad/Parts/@thumbs/sensorAtmosphere_icon
[LOG 23:21:35.184] Load Cached PNG Texture: Squad/Parts/@thumbs/sensorBarometer_icon
[LOG 23:21:35.184] Load Cached PNG Texture: Squad/Parts/@thumbs/sensorGravimeter_icon
[LOG 23:21:35.185] Load Cached PNG Texture: Squad/Parts/@thumbs/sensorThermometer_icon
[LOG 23:21:35.185] Load Cached PNG Texture: Squad/Parts/@thumbs/Separator.0_icon0
[LOG 23:21:35.186] Load Cached PNG Texture: Squad/Parts/@thumbs/Separator.0_icon1
[LOG 23:21:35.186] Load Cached PNG Texture: Squad/Parts/@thumbs/Separator.1_icon0
[LOG 23:21:35.187] Load Cached PNG Texture: Squad/Parts/@thumbs/Separator.1_icon1
[LOG 23:21:35.187] Load Cached PNG Texture: Squad/Parts/@thumbs/sepMotor1_icon
[LOG 23:21:35.187] Load Cached PNG Texture: Squad/Parts/@thumbs/ServiceBay.125.v2_icon
[LOG 23:21:35.188] Load Cached PNG Texture: Squad/Parts/@thumbs/shockConeIntake_icon
[LOG 23:21:35.188] Load Cached PNG Texture: Squad/Parts/@thumbs/Shrimp_icon
[LOG 23:21:35.189] Load Cached PNG Texture: Squad/Parts/@thumbs/smallCargoContainer_icon
[LOG 23:21:35.189] Load Cached PNG Texture: Squad/Parts/@thumbs/smallClaw_icon0
[LOG 23:21:35.190] Load Cached PNG Texture: Squad/Parts/@thumbs/smallClaw_icon1
[LOG 23:21:35.193] Load Cached PNG Texture: Squad/Parts/@thumbs/smallCtrlSrf_icon
[LOG 23:21:35.194] Load Cached PNG Texture: Squad/Parts/@thumbs/SmallGearBay_icon
[LOG 23:21:35.194] Load Cached PNG Texture: Squad/Parts/@thumbs/smallHardpoint_icon
[LOG 23:21:35.196] Load Cached PNG Texture: Squad/Parts/@thumbs/smallRadialEngine.v2_icon0
[LOG 23:21:35.196] Load Cached PNG Texture: Squad/Parts/@thumbs/smallRadialEngine.v2_icon1
[LOG 23:21:35.199] Load Cached PNG Texture: Squad/Parts/@thumbs/solarPanelOX10C_icon
[LOG 23:21:35.199] Load Cached PNG Texture: Squad/Parts/@thumbs/solarPanelOX10L_icon
[LOG 23:21:35.203] Load Cached PNG Texture: Squad/Parts/@thumbs/solarPanels1_icon
[LOG 23:21:35.204] Load Cached PNG Texture: Squad/Parts/@thumbs/solarPanels2_icon
[LOG 23:21:35.204] Load Cached PNG Texture: Squad/Parts/@thumbs/solarPanels3_icon
[LOG 23:21:35.205] Load Cached PNG Texture: Squad/Parts/@thumbs/solarPanels4_icon
[LOG 23:21:35.205] Load Cached PNG Texture: Squad/Parts/@thumbs/solarPanels5_icon
[LOG 23:21:35.209] Load Cached PNG Texture: Squad/Parts/@thumbs/solarPanelSP10C_icon
[LOG 23:21:35.216] Load Cached PNG Texture: Squad/Parts/@thumbs/solarPanelSP10L_icon
[LOG 23:21:35.217] Load Cached PNG Texture: Squad/Parts/@thumbs/solidBooster.sm.v2_icon0
[LOG 23:21:35.218] Load Cached PNG Texture: Squad/Parts/@thumbs/solidBooster.v2_icon0
[LOG 23:21:35.218] Load Cached PNG Texture: Squad/Parts/@thumbs/spotLight1_icon
[LOG 23:21:35.219] Load Cached PNG Texture: Squad/Parts/@thumbs/spotLight2_icon
[LOG 23:21:35.220] Load Cached PNG Texture: Squad/Parts/@thumbs/spotLight3_icon0
[LOG 23:21:35.220] Load Cached PNG Texture: Squad/Parts/@thumbs/spotLight3_icon1
[LOG 23:21:35.221] Load Cached PNG Texture: Squad/Parts/@thumbs/stackPoint1_icon
[LOG 23:21:35.221] Load Cached PNG Texture: Squad/Parts/@thumbs/StandardCtrlSrf_icon
[LOG 23:21:35.222] Load Cached PNG Texture: Squad/Parts/@thumbs/standardNoseCone_icon
[LOG 23:21:35.222] Load Cached PNG Texture: Squad/Parts/@thumbs/stripLight1_icon0
[LOG 23:21:35.223] Load Cached PNG Texture: Squad/Parts/@thumbs/stripLight1_icon1
[LOG 23:21:35.223] Load Cached PNG Texture: Squad/Parts/@thumbs/structuralIBeam1_icon
[LOG 23:21:35.223] Load Cached PNG Texture: Squad/Parts/@thumbs/structuralIBeam3_icon
[LOG 23:21:35.224] Load Cached PNG Texture: Squad/Parts/@thumbs/structuralMiniNode_icon
[LOG 23:21:35.236] Load Cached PNG Texture: Squad/Parts/@thumbs/structuralPanel1_icon
[LOG 23:21:35.236] Load Cached PNG Texture: Squad/Parts/@thumbs/structuralPanel2_icon
[LOG 23:21:35.237] Load Cached PNG Texture: Squad/Parts/@thumbs/structuralWing4_icon
[LOG 23:21:35.238] Load Cached PNG Texture: Squad/Parts/@thumbs/strutCube_icon
[LOG 23:21:35.238] Load Cached PNG Texture: Squad/Parts/@thumbs/strutOcto_icon
[LOG 23:21:35.238] Load Cached PNG Texture: Squad/Parts/@thumbs/SurfaceScanner_icon
[LOG 23:21:35.239] Load Cached PNG Texture: Squad/Parts/@thumbs/SurfAntenna_icon
[LOG 23:21:35.244] Load Cached PNG Texture: Squad/Parts/@thumbs/telescopicLadderBay_icon
[LOG 23:21:35.248] Load Cached PNG Texture: Squad/Parts/@thumbs/telescopicLadder_icon
[LOG 23:21:35.252] Load Cached PNG Texture: Squad/Parts/@thumbs/toroidalAerospike_icon
[LOG 23:21:35.255] Load Cached PNG Texture: Squad/Parts/@thumbs/trussAdapter_icon
[LOG 23:21:35.255] Load Cached PNG Texture: Squad/Parts/@thumbs/trussPiece1x_icon
[LOG 23:21:35.255] Load Cached PNG Texture: Squad/Parts/@thumbs/trussPiece3x_icon
[LOG 23:21:35.256] Load Cached PNG Texture: Squad/Parts/@thumbs/vernierEngine_icon
[LOG 23:21:35.256] Load Cached PNG Texture: Squad/Parts/@thumbs/wheelMed_icon
[LOG 23:21:35.260] Load Cached PNG Texture: Squad/Parts/@thumbs/wingConnector4_icon
[LOG 23:21:35.260] Load Cached PNG Texture: Squad/Parts/@thumbs/wingConnector5_icon
[LOG 23:21:35.261] Load Cached PNG Texture: Squad/Parts/@thumbs/winglet3_icon
[LOG 23:21:35.261] Load Cached PNG Texture: Squad/Parts/@thumbs/winglet_icon
[LOG 23:21:35.261] Load Cached PNG Texture: Squad/Parts/@thumbs/wingShuttleElevon1_icon
[LOG 23:21:35.262] Load Cached PNG Texture: Squad/Parts/@thumbs/xenonTankLarge_icon
[LOG 23:21:35.262] Load Cached PNG Texture: Squad/Parts/@thumbs/xenonTankRadial_icon
[LOG 23:21:35.266] Load Cached PNG Texture: Squad/Parts/@thumbs/xenonTank_icon
[LOG 23:21:35.266] Load DDS texture: Squad/Parts/Aero/aerodynamicNoseCone/Rockomax_Adapters_diffuse
[LOG 23:21:35.266] Load DDS texture: Squad/Parts/Aero/aerodynamicNoseCone/Rockomax_Adapters_normal
[LOG 23:21:35.266] Load DDS texture: Squad/Parts/Aero/airbrake/airbrake
[LOG 23:21:35.267] Load DDS texture: Squad/Parts/Aero/airIntakeRadialXM-G50/RadialIntake
[LOG 23:21:35.274] Load DDS texture: Squad/Parts/Aero/airlinerWings/AirlinerWings
[LOG 23:21:35.285] Load DDS texture: Squad/Parts/Aero/airplaneFins/AirplaneFins
[LOG 23:21:35.290] Load DDS texture: Squad/Parts/Aero/basicFin/BasicFin
[LOG 23:21:35.290] Load DDS texture: Squad/Parts/Aero/circularIntake/CircluarIntakes
[LOG 23:21:35.290] Load DDS texture: Squad/Parts/Aero/circularIntake/CircluarIntakes_Heat
[LOG 23:21:35.290] Load DDS texture: Squad/Parts/Aero/cones/Assets/Cones
[LOG 23:21:35.291] Load DDS texture: Squad/Parts/Aero/cones/Assets/ConesDiffuse
[LOG 23:21:35.292] Load DDS texture: Squad/Parts/Aero/cones/Assets/ConesDiffuse_Orange
[LOG 23:21:35.293] Load DDS texture: Squad/Parts/Aero/cones/Assets/ConesDiffuse_White
[LOG 23:21:35.296] Load DDS texture: Squad/Parts/Aero/cones/Assets/ConesHeat
[LOG 23:21:35.297] Load DDS texture: Squad/Parts/Aero/cones/Assets/ConesHeat_Orange
[LOG 23:21:35.299] Load DDS texture: Squad/Parts/Aero/cones/Assets/ConesHeat_White
[LOG 23:21:35.302] Load DDS texture: Squad/Parts/Aero/cones/Assets/Cones_Heat
[LOG 23:21:35.303] Load Cached PNG Texture: Squad/Parts/Aero/cones/Assets/rocketNoseCones_O
[LOG 23:21:35.308] Load Cached PNG Texture: Squad/Parts/Aero/cones/Assets/rocketNoseCones_O_Normal
[LOG 23:21:35.310] Load DDS texture: Squad/Parts/Aero/cones/Assets/rocketNoseCones_W
[LOG 23:21:35.332] Load DDS texture: Squad/Parts/Aero/cones/Assets/Rockomax_Adapters_diffuse
[LOG 23:21:35.333] Load DDS texture: Squad/Parts/Aero/cones/Assets/Rockomax_Adapters_normal
[LOG 23:21:35.333] Load DDS texture: Squad/Parts/Aero/fairings/AutoTruss
[LOG 23:21:35.333] Load DDS texture: Squad/Parts/Aero/fairings/FairingBase
[LOG 23:21:35.333] Load DDS texture: Squad/Parts/Aero/fairings/FairingBaseNormals
[LOG 23:21:35.335] Load DDS texture: Squad/Parts/Aero/fairings/FairingBaseNormals_bw
[LOG 23:21:35.335] Load DDS texture: Squad/Parts/Aero/fairings/FairingBaseNormals_goldSilver
[LOG 23:21:35.335] Load DDS texture: Squad/Parts/Aero/fairings/FairingBaseNormals_orange
[LOG 23:21:35.336] Load Cached PNG Texture: Squad/Parts/Aero/fairings/FairingBase_black
[LOG 23:21:35.338] Load DDS texture: Squad/Parts/Aero/fairings/FairingBase_bw
[LOG 23:21:35.339] Load DDS texture: Squad/Parts/Aero/fairings/FairingBase_goldDiffuse
[LOG 23:21:35.339] Load DDS texture: Squad/Parts/Aero/fairings/FairingBase_goldSpecular
[LOG 23:21:35.340] Load DDS texture: Squad/Parts/Aero/fairings/FairingBase_orange
[LOG 23:21:35.341] Load DDS texture: Squad/Parts/Aero/fairings/FairingBase_silverDiffuse
[LOG 23:21:35.341] Load DDS texture: Squad/Parts/Aero/fairings/FairingBase_silverSpecular
[LOG 23:21:35.341] Load DDS texture: Squad/Parts/Aero/fairings/fairingsCap
[LOG 23:21:35.342] Load DDS texture: Squad/Parts/Aero/fairings/FairingsMat_silverSpecular
[LOG 23:21:35.353] Load DDS texture: Squad/Parts/Aero/fairings/fairings_diff
[LOG 23:21:35.354] Load DDS texture: Squad/Parts/Aero/fairings/fairings_diff_grey
[LOG 23:21:35.355] Load DDS texture: Squad/Parts/Aero/fairings/fairings_diff_orange
[LOG 23:21:35.359] Load DDS texture: Squad/Parts/Aero/fairings/fairings_grey_normals
[LOG 23:21:35.360] Load DDS texture: Squad/Parts/Aero/fairings/fairings_normals
[LOG 23:21:35.361] Load DDS texture: Squad/Parts/Aero/fairings/fairings_normals_silver
[LOG 23:21:35.374] Load DDS texture: Squad/Parts/Aero/fairings/fairings_orange_normals
[LOG 23:21:35.375] Load DDS texture: Squad/Parts/Aero/fairings/fairings_silverDiffuse
[LOG 23:21:35.376] Load DDS texture: Squad/Parts/Aero/HeatShield/Fairing
[LOG 23:21:35.376] Load DDS texture: Squad/Parts/Aero/HeatShield/heatshield
[LOG 23:21:35.377] Load DDS texture: Squad/Parts/Aero/InflatableHeatShield/HeatShield
[LOG 23:21:35.377] Load DDS texture: Squad/Parts/Aero/InflatableHeatShield/HeatShieldFairing
[LOG 23:21:35.377] Load DDS texture: Squad/Parts/Aero/InflatableHeatShield/HeatShield_NRM
[LOG 23:21:35.379] Load DDS texture: Squad/Parts/Aero/intakeRadialLong/Radial_long
[LOG 23:21:35.379] Load DDS texture: Squad/Parts/Aero/miniIntake/SmallIntake
[LOG 23:21:35.379] Load DDS texture: Squad/Parts/Aero/ramAirIntake/RampIntake
[LOG 23:21:35.380] Load DDS texture: Squad/Parts/Aero/ramAirIntake/RampIntake_Heat
[LOG 23:21:35.380] Load DDS texture: Squad/Parts/Aero/shuttleWings/ShuttleWings
[LOG 23:21:35.388] Load DDS texture: Squad/Parts/Aero/wingletAV-R8/model000
[LOG 23:21:35.391] Load DDS texture: Squad/Parts/Aero/wingletAV-R8/model001
[LOG 23:21:35.391] Load DDS texture: Squad/Parts/Aero/wingletAV-T1/model000
[LOG 23:21:35.391] Load DDS texture: Squad/Parts/Aero/wingletAV-T1/model001
[LOG 23:21:35.392] Load DDS texture: Squad/Parts/Aero/wingletDeltaDeluxe/model000
[LOG 23:21:35.392] Load DDS texture: Squad/Parts/Aero/wings/Wings
[LOG 23:21:35.393] Load DDS texture: Squad/Parts/Cargo/CargoContainers/cargoContainer_diff
[LOG 23:21:35.394] Load DDS texture: Squad/Parts/Cargo/CargoContainers/smallCargoContainer_diffuse
[LOG 23:21:35.395] Load DDS texture: Squad/Parts/Cargo/CargoContainers/smallCargoContainer_nrm
[LOG 23:21:35.395] Load DDS texture: Squad/Parts/Cargo/CargoContainers/smallCargoContainer_specular
[LOG 23:21:35.399] Load DDS texture: Squad/Parts/Cargo/Cylinder/EVAcylinder_diffuse
[LOG 23:21:35.399] Load DDS texture: Squad/Parts/Cargo/Cylinder/EVAcylinder_nrm
[LOG 23:21:35.399] Load DDS texture: Squad/Parts/Cargo/GroundAnchor/groundAnchor_diffuse
[LOG 23:21:35.399] Load DDS texture: Squad/Parts/Cargo/GroundAnchor/groundAnchor_nrm
[LOG 23:21:35.400] Load DDS texture: Squad/Parts/Cargo/Jetpack/EVAjetpack
[LOG 23:21:35.400] Load DDS texture: Squad/Parts/Cargo/Jetpack/EVAjetpackEmmisive
[LOG 23:21:35.401] Load DDS texture: Squad/Parts/Cargo/Jetpack/EVAjetpackNRM
[LOG 23:21:35.402] Load DDS texture: Squad/Parts/Cargo/Parachute/backpack_Diff
[LOG 23:21:35.411] Load DDS texture: Squad/Parts/Cargo/Parachute/backpack_NM
[LOG 23:21:35.418] Load DDS texture: Squad/Parts/Cargo/RepairKit/RepairKit_Diffuse
[LOG 23:21:35.419] Load DDS texture: Squad/Parts/Cargo/RepairKit/RepairKit_Normal
[LOG 23:21:35.420] Load DDS texture: Squad/Parts/Cargo/ScienceKit/ExperimentKit_Material_Diffuse
[LOG 23:21:35.422] Load DDS texture: Squad/Parts/Cargo/ScienceKit/ExperimentKit_Material_Emissive
[LOG 23:21:35.427] Load DDS texture: Squad/Parts/Cargo/ScienceKit/ExperimentKit_Material_Normal
[LOG 23:21:35.428] Load DDS texture: Squad/Parts/Cargo/StorageUnits/Assets/Cargo_Material_Diffuse
[LOG 23:21:35.437] Load DDS texture: Squad/Parts/Cargo/StorageUnits/Assets/Cargo_Material_Normal
[LOG 23:21:35.444] Load DDS texture: Squad/Parts/Command/advancedSasModuleLarge/model000
[LOG 23:21:35.445] Load DDS texture: Squad/Parts/Command/advancedSasModuleLarge/model001
[LOG 23:21:35.445] Load DDS texture: Squad/Parts/Command/cupola/cupola_Emissive
[LOG 23:21:35.446] Load DDS texture: Squad/Parts/Command/cupola/ksp_l_cupola_diff
[LOG 23:21:35.447] Load DDS texture: Squad/Parts/Command/cupola/ksp_l_cupola_normal
[LOG 23:21:35.448] Load DDS texture: Squad/Parts/Command/cupola/window
[LOG 23:21:35.448] Load DDS texture: Squad/Parts/Command/externalCommandSeat/model000
[LOG 23:21:35.449] Load DDS texture: Squad/Parts/Command/hitchhikerStorageContainer/cabin
[LOG 23:21:35.452] Load DDS texture: Squad/Parts/Command/hitchhikerStorageContainer/cabin_Illum
[LOG 23:21:35.452] Load DDS texture: Squad/Parts/Command/hitchhikerStorageContainer/cabin_n
[LOG 23:21:35.453] Load DDS texture: Squad/Parts/Command/hitchhikerStorageContainer/window
[LOG 23:21:35.453] Load DDS texture: Squad/Parts/Command/inlineAdvancedStabilizer/model000
[LOG 23:21:35.454] Load DDS texture: Squad/Parts/Command/inlineAdvancedStabilizer/model001
[LOG 23:21:35.454] Load DDS texture: Squad/Parts/Command/inlineReactionWheel/model000
[LOG 23:21:35.454] Load DDS texture: Squad/Parts/Command/inlineReactionWheel/model001
[LOG 23:21:35.454] Load DDS texture: Squad/Parts/Command/inlineReactionWheel/model002
[LOG 23:21:35.454] Load DDS texture: Squad/Parts/Command/Mk1-2Pod/mk 1-2 external shell Variant-Hatch
[LOG 23:21:35.455] Load DDS texture: Squad/Parts/Command/Mk1-3Pod/M1-3 Pod
[LOG 23:21:35.456] Load DDS texture: Squad/Parts/Command/Mk1-3Pod/M1-3 Pod_GLOW
[LOG 23:21:35.456] Load DDS texture: Squad/Parts/Command/mk1Cockpits/GLOW
[LOG 23:21:35.457] Load DDS texture: Squad/Parts/Command/mk1Cockpits/Mk1Cockpit
[LOG 23:21:35.458] Load DDS texture: Squad/Parts/Command/mk1LanderCan/ksp_s_landerCan_diff
[LOG 23:21:35.460] Load DDS texture: Squad/Parts/Command/mk1LanderCan/ksp_s_landerCan_normal
[LOG 23:21:35.461] Load DDS texture: Squad/Parts/Command/mk1LanderCan/ksp_s_landerCan_psd_illum
[LOG 23:21:35.462] Load DDS texture: Squad/Parts/Command/mk1pod/outer shell
[LOG 23:21:35.462] Load DDS texture: Squad/Parts/Command/mk1pod_v2/Mk1_v2
[LOG 23:21:35.464] Load DDS texture: Squad/Parts/Command/mk1pod_v2/Mk1_v2_GLOW
[LOG 23:21:35.466] Load DDS texture: Squad/Parts/Command/mk1pod_v2/Mk1_v2_GW
[LOG 23:21:35.468] Load DDS texture: Squad/Parts/Command/mk1pod_v2/Mk1_v2_N
[LOG 23:21:35.477] Load DDS texture: Squad/Parts/Command/mk1pod_v2/Mk1_v2_W
[LOG 23:21:35.478] Load DDS texture: Squad/Parts/Command/mk1pod_v2/Mk1_v2_W_N
[LOG 23:21:35.481] Load DDS texture: Squad/Parts/Command/mk2CockpitInline/Cockpit_inline_A
[LOG 23:21:35.483] Load DDS texture: Squad/Parts/Command/mk2CockpitInline/Cockpit_inline_Emissive
[LOG 23:21:35.483] Load DDS texture: Squad/Parts/Command/mk2CockpitInline/Cockpit_inline_normal
[LOG 23:21:35.485] Load DDS texture: Squad/Parts/Command/mk2CockpitStandard/Cockpit
[LOG 23:21:35.491] Load DDS texture: Squad/Parts/Command/mk2CockpitStandard/Cockpit_Lum
[LOG 23:21:35.492] Load DDS texture: Squad/Parts/Command/mk2CockpitStandard/Cockpit_NRM
[LOG 23:21:35.497] Load DDS texture: Squad/Parts/Command/mk2DroneCore/mk2Dronecore
[LOG 23:21:35.497] Load DDS texture: Squad/Parts/Command/mk2LanderCan/Illum
[LOG 23:21:35.497] Load DDS texture: Squad/Parts/Command/mk2LanderCan/ladder
[LOG 23:21:35.497] Load DDS texture: Squad/Parts/Command/mk2LanderCan/outershell
[LOG 23:21:35.499] Load DDS texture: Squad/Parts/Command/mk2LanderCan/outershell_n
[LOG 23:21:35.500] Load DDS texture: Squad/Parts/Command/mk2LanderCan/window
[LOG 23:21:35.500] Load DDS texture: Squad/Parts/Command/mk2LanderCan_v2/Mk2Can
[LOG 23:21:35.516] Load DDS texture: Squad/Parts/Command/mk2LanderCan_v2/Mk2Can_glow
[LOG 23:21:35.524] Load DDS texture: Squad/Parts/Command/mk3CockpitShuttle/Mk3CockpitShuttle
[LOG 23:21:35.525] Load DDS texture: Squad/Parts/Command/mk3CockpitShuttle/Mk3CockpitShuttle_LUM
[LOG 23:21:35.526] Load DDS texture: Squad/Parts/Command/MpoProbe/MpoProbe_diffuse
[LOG 23:21:35.557] Load DDS texture: Squad/Parts/Command/MpoProbe/MpoProbe_nrm
[LOG 23:21:35.588] Load DDS texture: Squad/Parts/Command/MpoProbe/MpoProbe_specular
[LOG 23:21:35.589] Load DDS texture: Squad/Parts/Command/MtmStage/mtmStage_diffuse
[LOG 23:21:35.601] Load DDS texture: Squad/Parts/Command/MtmStage/mtmStage_nrm
[LOG 23:21:35.603] Load DDS texture: Squad/Parts/Command/MtmStage/mtmStage_specular
[LOG 23:21:35.605] Load DDS texture: Squad/Parts/Command/probeCoreCube/QBE_New_diffuse
[LOG 23:21:35.607] Load Cached PNG Texture: Squad/Parts/Command/probeCoreCube/QBE_New_NRM
[LOG 23:21:35.609] Load DDS texture: Squad/Parts/Command/probeCoreCube/QBE_New_specular
[LOG 23:21:35.610] Load DDS texture: Squad/Parts/Command/probeCoreHex/ksp_m_hexProbe_diff
[LOG 23:21:35.628] Load DDS texture: Squad/Parts/Command/probeCoreHex/ksp_m_hexProbe_normal
[LOG 23:21:35.628] Load DDS texture: Squad/Parts/Command/probeCoreHex_v2/hecsDiffuse
[LOG 23:21:35.628] Load DDS texture: Squad/Parts/Command/probeCoreHex_v2/hecsNormal
[LOG 23:21:35.628] Load DDS texture: Squad/Parts/Command/probeCoreOcto2_v2/octoDiffuse
[LOG 23:21:35.628] Load DDS texture: Squad/Parts/Command/probeCoreOcto2_v2/octoNormal
[LOG 23:21:35.629] Load DDS texture: Squad/Parts/Command/probeCoreOcto2_v2/octoSpecular
[LOG 23:21:35.629] Load DDS texture: Squad/Parts/Command/probeCoreOcto_v2/octoDiffuse
[LOG 23:21:35.629] Load DDS texture: Squad/Parts/Command/probeCoreOcto_v2/octoNormal
[LOG 23:21:35.629] Load DDS texture: Squad/Parts/Command/probeCoreOcto_v2/octoSpecular
[LOG 23:21:35.629] Load DDS texture: Squad/Parts/Command/probeRoverBody/model000
[LOG 23:21:35.629] Load DDS texture: Squad/Parts/Command/probeRoverBody/model001
[LOG 23:21:35.629] Load DDS texture: Squad/Parts/Command/probeRoverBody_v2/probeRoverBody_v2_gold_diffuse
[LOG 23:21:35.631] Load Cached PNG Texture: Squad/Parts/Command/probeRoverBody_v2/probeRoverBody_v2_gold_NRM
[LOG 23:21:35.633] Load DDS texture: Squad/Parts/Command/probeRoverBody_v2/probeRoverBody_v2_gold_specular
[LOG 23:21:35.636] Load DDS texture: Squad/Parts/Command/probeRoverBody_v2/probeRoverBody_v2_silver_diffuse
[LOG 23:21:35.638] Load Cached PNG Texture: Squad/Parts/Command/probeRoverBody_v2/probeRoverBody_v2_silver_NRM
[LOG 23:21:35.641] Load DDS texture: Squad/Parts/Command/probeRoverBody_v2/probeRoverBody_v2_silver_specular
[LOG 23:21:35.642] Load DDS texture: Squad/Parts/Command/probeRoverBody_v2/QBE_New_diffuse
[LOG 23:21:35.643] Load DDS texture: Squad/Parts/Command/probeRoverBody_v2/QBE_New_NRM
[LOG 23:21:35.643] Load DDS texture: Squad/Parts/Command/probeRoverBody_v2/QBE_New_specular
[LOG 23:21:35.643] Load DDS texture: Squad/Parts/Command/probeStackLarge/model000
[LOG 23:21:35.645] Load DDS texture: Squad/Parts/Command/probeStackLarge/model001
[LOG 23:21:35.646] Load DDS texture: Squad/Parts/Command/probeStackSmall/model000
[LOG 23:21:35.647] Load DDS texture: Squad/Parts/Command/probeStackSmall/model001
[LOG 23:21:35.649] Load DDS texture: Squad/Parts/Command/probeStackSphere_v2/probeStackSphere_diffuse
[LOG 23:21:35.649] Load DDS texture: Squad/Parts/Command/probeStackSphere_v2/probeStackSphere_normal
[LOG 23:21:35.651] Load DDS texture: Squad/Parts/Command/probeStackSphere_v2/probeStackSphere_specular
[LOG 23:21:35.652] Load Cached PNG Texture: Squad/Parts/CompoundParts/@thumbs/fuelLine_icon0
[LOG 23:21:35.652] Load Cached PNG Texture: Squad/Parts/CompoundParts/@thumbs/fuelLine_icon1
[LOG 23:21:35.652] Load Cached PNG Texture: Squad/Parts/CompoundParts/@thumbs/strutConnector_icon0
[LOG 23:21:35.652] Load Cached PNG Texture: Squad/Parts/CompoundParts/@thumbs/strutConnector_icon1
[LOG 23:21:35.652] Load DDS texture: Squad/Parts/CompoundParts/FuelLine/FTX-2 External Fuel Duct
[LOG 23:21:35.652] Load DDS texture: Squad/Parts/CompoundParts/FuelLine/FTX-2 External Fuel Duct_ESA
[LOG 23:21:35.652] Load DDS texture: Squad/Parts/CompoundParts/strutConnector/EAS-4 Strut Connector
[LOG 23:21:35.653] Load DDS texture: Squad/Parts/CompoundParts/strutConnector/EAS-4 Strut Connector_white
[LOG 23:21:35.653] Load DDS texture: Squad/Parts/Coupling/Assets/Decouplers
[LOG 23:21:35.656] Load DDS texture: Squad/Parts/Coupling/Assets/Decouplers_N
[LOG 23:21:35.659] Load DDS texture: Squad/Parts/Coupling/Assets/Decouplers_whiteYellow
[LOG 23:21:35.667] Load DDS texture: Squad/Parts/Coupling/Assets/Decouplers_whiteYellow_N
[LOG 23:21:35.673] Load DDS texture: Squad/Parts/Electrical/10CSolarPanels/assets/circularSolarPanel_diffuse
[LOG 23:21:35.675] Load DDS texture: Squad/Parts/Electrical/10CSolarPanels/assets/circularSolarPanel_nrm
[LOG 23:21:35.677] Load DDS texture: Squad/Parts/Electrical/10LSolarPanels/assets/retractableSolarPanel_diffuse
[LOG 23:21:35.685] Load DDS texture: Squad/Parts/Electrical/10LSolarPanels/assets/retractableSolarPanel_nrm
[LOG 23:21:35.687] Load DDS texture: Squad/Parts/Electrical/1x6ShroudSolarPanels/model000
[LOG 23:21:35.687] Load DDS texture: Squad/Parts/Electrical/1x6ShroudSolarPanels/model001
[LOG 23:21:35.687] Load DDS texture: Squad/Parts/Electrical/1x6ShroudSolarPanels/model002
[LOG 23:21:35.687] Load DDS texture: Squad/Parts/Electrical/1x6SolarPanels/model000
[LOG 23:21:35.688] Load DDS texture: Squad/Parts/Electrical/1x6SolarPanels/model001
[LOG 23:21:35.688] Load DDS texture: Squad/Parts/Electrical/1x6SolarPanels/model002
[LOG 23:21:35.688] Load DDS texture: Squad/Parts/Electrical/3x2ShroudSolarPanels/model000
[LOG 23:21:35.688] Load DDS texture: Squad/Parts/Electrical/3x2ShroudSolarPanels/model001
[LOG 23:21:35.688] Load DDS texture: Squad/Parts/Electrical/3x2ShroudSolarPanels/model002
[LOG 23:21:35.689] Load DDS texture: Squad/Parts/Electrical/3x2SolarPanels/model000
[LOG 23:21:35.689] Load DDS texture: Squad/Parts/Electrical/3x2SolarPanels/model001
[LOG 23:21:35.689] Load DDS texture: Squad/Parts/Electrical/3x2SolarPanels/model002
[LOG 23:21:35.689] Load DDS texture: Squad/Parts/Electrical/gigantorXlSolarArray/panel
[LOG 23:21:35.689] Load DDS texture: Squad/Parts/Electrical/radialFlatSolarPanel/model000
[LOG 23:21:35.689] Load DDS texture: Squad/Parts/Electrical/RTG/model000
[LOG 23:21:35.690] Load DDS texture: Squad/Parts/Electrical/z-100Battery/model000
[LOG 23:21:35.690] Load DDS texture: Squad/Parts/Electrical/z-1kBattery/model000
[LOG 23:21:35.690] Load DDS texture: Squad/Parts/Electrical/z-1kBattery/model001
[LOG 23:21:35.690] Load DDS texture: Squad/Parts/Electrical/z-200Battery/ksp_m_batteryPack_diff
[LOG 23:21:35.690] Load DDS texture: Squad/Parts/Electrical/z-400Battery/model000
[LOG 23:21:35.690] Load DDS texture: Squad/Parts/Electrical/z-4kBattery/ksp_l_batteryPack_diff
[LOG 23:21:35.690] Load DDS texture: Squad/Parts/Electrical/z-4kBattery/ksp_l_batteryPack_normal
[LOG 23:21:35.691] Load DDS texture: Squad/Parts/Engine/ionEngine/model000
[LOG 23:21:35.691] Load DDS texture: Squad/Parts/Engine/jetEngines/Jet Engines
[LOG 23:21:35.692] Load DDS texture: Squad/Parts/Engine/jetEngines/Jet_Heat
[LOG 23:21:35.692] Load DDS texture: Squad/Parts/Engine/liquidEngine24-77/engine
[LOG 23:21:35.692] Load DDS texture: Squad/Parts/Engine/liquidEngine24-77_v2/Twitch
[LOG 23:21:35.694] Load DDS texture: Squad/Parts/Engine/liquidEngine24-77_v2/Twitch_G
[LOG 23:21:35.694] Load DDS texture: Squad/Parts/Engine/liquidEngine24-77_v2/Twitch_GLOW
[LOG 23:21:35.694] Load DDS texture: Squad/Parts/Engine/liquidEngine48-7S/ksp_m_liquidEngine_diff
[LOG 23:21:35.695] Load DDS texture: Squad/Parts/Engine/liquidEngine48-7S_v2/Spark
[LOG 23:21:35.695] Load DDS texture: Squad/Parts/Engine/liquidEngine48-7S_v2/Spark_Glow
[LOG 23:21:35.695] Load DDS texture: Squad/Parts/Engine/liquidEngineAerospike/Aerospike
[LOG 23:21:35.695] Load DDS texture: Squad/Parts/Engine/liquidEngineAerospike/Aerospike_Heat
[LOG 23:21:35.695] Load DDS texture: Squad/Parts/Engine/liquidEngineLV-1_v2/Assets/Ant_and_Spider_diffuse
[LOG 23:21:35.696] Load DDS texture: Squad/Parts/Engine/liquidEngineLV-1_v2/Assets/Ant_and_Spider_emissive
[LOG 23:21:35.696] Load DDS texture: Squad/Parts/Engine/liquidEngineLV-1_v2/Assets/Ant_and_Spider_normal
[LOG 23:21:35.697] Load DDS texture: Squad/Parts/Engine/liquidEngineLV-1_v2/Assets/Ant_and_Spider_specular
[LOG 23:21:35.697] Load DDS texture: Squad/Parts/Engine/liquidEngineLV-909_v2/Terrier
[LOG 23:21:35.722] Load DDS texture: Squad/Parts/Engine/liquidEngineLV-909_v2/TerrierFairing
[LOG 23:21:35.722] Load DDS texture: Squad/Parts/Engine/liquidEngineLV-909_v2/Terrier_glow
[LOG 23:21:35.723] Load DDS texture: Squad/Parts/Engine/liquidEngineLV-N/model000
[LOG 23:21:35.723] Load DDS texture: Squad/Parts/Engine/liquidEngineLV-N/model001
[LOG 23:21:35.723] Load DDS texture: Squad/Parts/Engine/liquidEngineLV-N/model002
[LOG 23:21:35.723] Load DDS texture: Squad/Parts/Engine/liquidEngineLV-N/model003
[LOG 23:21:35.724] Load DDS texture: Squad/Parts/Engine/liquidEngineLV-T30/model000
[LOG 23:21:35.724] Load DDS texture: Squad/Parts/Engine/liquidEngineLV-T30/model001
[LOG 23:21:35.724] Load DDS texture: Squad/Parts/Engine/liquidEngineLV-T30/model002
[LOG 23:21:35.724] Load DDS texture: Squad/Parts/Engine/liquidEngineLV-T30_v2/Engine_Emissive
[LOG 23:21:35.729] Load DDS texture: Squad/Parts/Engine/liquidEngineLV-T30_v2/Engine_Normal
[LOG 23:21:35.739] Load DDS texture: Squad/Parts/Engine/liquidEngineLV-T30_v2/Fairing
[LOG 23:21:35.744] Load DDS texture: Squad/Parts/Engine/liquidEngineLV-T30_v2/Reliant_v2-shroud_Diffuse
[LOG 23:21:35.750] Load DDS texture: Squad/Parts/Engine/liquidEngineLV-T30_v2/Reliant_v2_Diffuse
[LOG 23:21:35.761] Load DDS texture: Squad/Parts/Engine/liquidEngineLV-T45/model000
[LOG 23:21:35.761] Load DDS texture: Squad/Parts/Engine/liquidEngineLV-T45/model001
[LOG 23:21:35.762] Load DDS texture: Squad/Parts/Engine/liquidEngineLV-T45/model002
[LOG 23:21:35.765] Load DDS texture: Squad/Parts/Engine/liquidEngineLV-T45/model003
[LOG 23:21:35.765] Load DDS texture: Squad/Parts/Engine/liquidEngineLV-T45_v2/Engine_Emissive
[LOG 23:21:35.772] Load DDS texture: Squad/Parts/Engine/liquidEngineLV-T45_v2/Fairing
[LOG 23:21:35.777] Load DDS texture: Squad/Parts/Engine/liquidEngineLV-T45_v2/Swivel_v2_Diffuse
[LOG 23:21:35.786] Load DDS texture: Squad/Parts/Engine/liquidEngineLV-T45_v2/Swivel_v2_Normal
[LOG 23:21:35.794] Load DDS texture: Squad/Parts/Engine/liquidEngineMainsail_v2/mainsail_diffuse
[LOG 23:21:35.801] Load DDS texture: Squad/Parts/Engine/liquidEngineMainsail_v2/mainsail_emissive
[LOG 23:21:35.801] Load DDS texture: Squad/Parts/Engine/liquidEngineMainsail_v2/mainsail_nrm
[LOG 23:21:35.814] Load DDS texture: Squad/Parts/Engine/liquidEngineMainsail_v2/mainsail_specular
[LOG 23:21:35.837] Load DDS texture: Squad/Parts/Engine/liquidEngineMainsail_v2/Shroud
[LOG 23:21:35.838] Load DDS texture: Squad/Parts/Engine/liquidEngineMk55/Thud
[LOG 23:21:35.839] Load DDS texture: Squad/Parts/Engine/liquidEngineMk55/Thud_Heat
[LOG 23:21:35.839] Load DDS texture: Squad/Parts/Engine/liquidEnginePoodle_v2/poodle
[LOG 23:21:35.840] Load DDS texture: Squad/Parts/Engine/liquidEnginePoodle_v2/PoodleShroud
[LOG 23:21:35.840] Load DDS texture: Squad/Parts/Engine/liquidEnginePoodle_v2/poodle_Glow
[LOG 23:21:35.842] Load DDS texture: Squad/Parts/Engine/liquidEnginePoodle_v2/Poodle_SingleBell_Poodle_Diffuse
[LOG 23:21:35.843] Load DDS texture: Squad/Parts/Engine/liquidEnginePoodle_v2/Poodle_SingleBell_Poodle_Emissive
[LOG 23:21:35.846] Load DDS texture: Squad/Parts/Engine/liquidEnginePoodle_v2/Poodle_SingleBell_Poodle_Normal
[LOG 23:21:35.850] Load DDS texture: Squad/Parts/Engine/liquidEngineSkipper_v2/Shroud
[LOG 23:21:35.850] Load DDS texture: Squad/Parts/Engine/liquidEngineSkipper_v2/skipper_v2_diffuse
[LOG 23:21:35.856] Load DDS texture: Squad/Parts/Engine/liquidEngineSkipper_v2/skipper_v2_emissive
[LOG 23:21:35.867] Load DDS texture: Squad/Parts/Engine/liquidEngineSkipper_v2/skipper_v2_normal
[LOG 23:21:35.875] Load DDS texture: Squad/Parts/Engine/liquidEngineSSME/SSME
[LOG 23:21:35.875] Load DDS texture: Squad/Parts/Engine/liquidEngineSSME/SSME_GLOW
[LOG 23:21:35.876] Load DDS texture: Squad/Parts/Engine/liquidEngineSSME/SSME_NRM
[LOG 23:21:35.881] Load DDS texture: Squad/Parts/Engine/MassiveSRB/solid_booster_cm
[LOG 23:21:35.883] Load DDS texture: Squad/Parts/Engine/MassiveSRB/solid_booster_cm_esa
[LOG 23:21:35.884] Load DDS texture: Squad/Parts/Engine/MassiveSRB/solid_booster_em
[LOG 23:21:35.886] Load DDS texture: Squad/Parts/Engine/MassiveSRB/solid_booster_nm
[LOG 23:21:35.887] Load DDS texture: Squad/Parts/Engine/miniJet/SmallJet
[LOG 23:21:35.888] Load DDS texture: Squad/Parts/Engine/OMSEngine/Puff_diffuse
[LOG 23:21:35.888] Load DDS texture: Squad/Parts/Engine/OMSEngine/Puff_emissive
[LOG 23:21:35.888] Load DDS texture: Squad/Parts/Engine/OMSEngine/Puff_normal
[LOG 23:21:35.888] Load DDS texture: Squad/Parts/Engine/OMSEngine/Puff_specular
[LOG 23:21:35.889] Load DDS texture: Squad/Parts/Engine/rapierEngine/rapierDiffuse
[LOG 23:21:35.889] Load DDS texture: Squad/Parts/Engine/rapierEngine/rapieremit
[LOG 23:21:35.889] Load DDS texture: Squad/Parts/Engine/Size1_SRBs/SRB_O
[LOG 23:21:35.890] Load DDS texture: Squad/Parts/Engine/Size1_SRBs/SRB_W
[LOG 23:21:35.890] Load DDS texture: Squad/Parts/Engine/Size1_SRBs/SRB_Y
[LOG 23:21:35.890] Load DDS texture: Squad/Parts/Engine/Size2LFB/Size2LFBEmissive
[LOG 23:21:35.891] Load DDS texture: Squad/Parts/Engine/Size2LFB/twin_nozzle_booster_cm
[LOG 23:21:35.892] Load DDS texture: Squad/Parts/Engine/Size2LFB/twin_nozzle_booster_nm
[LOG 23:21:35.923] Load DDS texture: Squad/Parts/Engine/Size2LFB_v2/Size2LFBEmissive
[LOG 23:21:35.923] Load DDS texture: Squad/Parts/Engine/Size2LFB_v2/twin_nozzle_booster_cm
[LOG 23:21:35.929] Load DDS texture: Squad/Parts/Engine/Size2LFB_v2/twin_nozzle_booster_nm
[LOG 23:21:35.930] Load DDS texture: Squad/Parts/Engine/Size3AdvancedEngine/decoupler_and_adaptor_cm
[LOG 23:21:35.932] Load DDS texture: Squad/Parts/Engine/Size3AdvancedEngine/Size3AdvancedEngineDiffuse
[LOG 23:21:35.933] Load DDS texture: Squad/Parts/Engine/Size3AdvancedEngine/Size3AdvancedEngineEmissive
[LOG 23:21:35.935] Load DDS texture: Squad/Parts/Engine/Size3AdvancedEngine/Size3AdvancedEngineNormal
[LOG 23:21:35.935] Load DDS texture: Squad/Parts/Engine/Size3EngineCluster/ClusterEngineEmit
[LOG 23:21:35.935] Load DDS texture: Squad/Parts/Engine/Size3EngineCluster/four_nozzle_engine_cm
[LOG 23:21:35.935] Load DDS texture: Squad/Parts/Engine/Size3EngineCluster/four_nozzle_engine_nm
[LOG 23:21:35.937] Load DDS texture: Squad/Parts/Engine/solidBoosterBACC/model000
[LOG 23:21:35.939] Load DDS texture: Squad/Parts/Engine/solidBoosterBACC/model001
[LOG 23:21:35.940] Load DDS texture: Squad/Parts/Engine/solidBoosterBACC/model002
[LOG 23:21:35.943] Load DDS texture: Squad/Parts/Engine/solidBoosterRT-5/RT5
[LOG 23:21:35.944] Load DDS texture: Squad/Parts/Engine/solidBoosterS2-17/solidBoosterS2-17_diffuse
[LOG 23:21:35.960] Load DDS texture: Squad/Parts/Engine/solidBoosterS2-17/solidBoosterS2-17_emissive
[LOG 23:21:35.978] Load DDS texture: Squad/Parts/Engine/solidBoosterS2-17/solidBoosterS2-17_normal
[LOG 23:21:35.998] Load DDS texture: Squad/Parts/Engine/solidBoosterS2-33/solidBoosterS2-33_diffuse
[LOG 23:21:36.026] Load DDS texture: Squad/Parts/Engine/solidBoosterS2-33/solidBoosterS2-33_emissive
[LOG 23:21:36.072] Load DDS texture: Squad/Parts/Engine/solidBoosterS2-33/solidBoosterS2-33_normal
[LOG 23:21:36.130] Load DDS texture: Squad/Parts/Engine/solidBoosterSep/model000
[LOG 23:21:36.130] Load DDS texture: Squad/Parts/Engine/solidBoosterSep/motor
[LOG 23:21:36.130] Load DDS texture: Squad/Parts/Engine/SolidBoostersF/Assets/SolidBoosterF3S0_diffuse
[LOG 23:21:36.131] Load DDS texture: Squad/Parts/Engine/SolidBoostersF/Assets/SolidBoosterF3S0_emissive
[LOG 23:21:36.132] Load DDS texture: Squad/Parts/Engine/SolidBoostersF/Assets/SolidBoosterF3S0_normal
[LOG 23:21:36.132] Load DDS texture: Squad/Parts/FuelTank/adapterTanks/Mk3Adapters
[LOG 23:21:36.139] Load DDS texture: Squad/Parts/FuelTank/drainTankFTE-1/fuelValve_diffuse
[LOG 23:21:36.176] Load DDS texture: Squad/Parts/FuelTank/drainTankFTE-1/fuelValve_nrm
[LOG 23:21:36.184] Load DDS texture: Squad/Parts/FuelTank/FoilTanks/RadialTanks
[LOG 23:21:36.184] Load DDS texture: Squad/Parts/FuelTank/FoilTanks/RadialTanksGold_specular
[LOG 23:21:36.186] Load DDS texture: Squad/Parts/FuelTank/FoilTanks/RadialTanksSilver_specular
[LOG 23:21:36.188] Load DDS texture: Squad/Parts/FuelTank/FoilTanks/RadialTanks_N
[LOG 23:21:36.189] Load DDS texture: Squad/Parts/FuelTank/FoilTanks/RadialTanks_silver
[LOG 23:21:36.190] Load DDS texture: Squad/Parts/FuelTank/fuelTankOscarB/model000
[LOG 23:21:36.191] Load DDS texture: Squad/Parts/FuelTank/fuelTankOscarB/model001
[LOG 23:21:36.191] Load DDS texture: Squad/Parts/FuelTank/fuelTankOscarB/tank
[LOG 23:21:36.191] Load DDS texture: Squad/Parts/FuelTank/fuelTankOscarB/tank_n
[LOG 23:21:36.191] Load DDS texture: Squad/Parts/FuelTank/miniFuselage/Fuselage
[LOG 23:21:36.191] Load DDS texture: Squad/Parts/FuelTank/mk2Adapters/mk2adapters1m
[LOG 23:21:36.195] Load DDS texture: Squad/Parts/FuelTank/mk2FuselageLong/mk2Fuselage
[LOG 23:21:36.196] Load DDS texture: Squad/Parts/FuelTank/mk2FuselageShort/mk2FuselageShort
[LOG 23:21:36.203] Load DDS texture: Squad/Parts/FuelTank/mk3Fuselage/Mk3Fuselage
[LOG 23:21:36.204] Load DDS texture: Squad/Parts/FuelTank/mk3Fuselage/Mk3Fuselage_LUM
[LOG 23:21:36.204] Load DDS texture: Squad/Parts/FuelTank/RCSFuelTankR1/RCSFuelTankR1_01
[LOG 23:21:36.205] Load DDS texture: Squad/Parts/FuelTank/RCSFuelTankR1/RCSFuelTankR1_02
[LOG 23:21:36.206] Load DDS texture: Squad/Parts/FuelTank/RCSFuelTankR1/RCSFuelTankR1_N
[LOG 23:21:36.206] Load DDS texture: Squad/Parts/FuelTank/RCSFuelTankR10/ksp_m_rcsTank_diff
[LOG 23:21:36.206] Load DDS texture: Squad/Parts/FuelTank/RCSFuelTankR10/ksp_m_rcsTank_normal
[LOG 23:21:36.206] Load DDS texture: Squad/Parts/FuelTank/RCSFuelTankR25/FL-R25 RCS Fuel Tank_D
[LOG 23:21:36.207] Load DDS texture: Squad/Parts/FuelTank/RCSFuelTankR25/FL-R25 RCS Fuel Tank_N
[LOG 23:21:36.207] Load DDS texture: Squad/Parts/FuelTank/RCSTankRadial/model000
[LOG 23:21:36.207] Load DDS texture: Squad/Parts/FuelTank/RCStankRadialLong/ksp_r_rcsCylTank_diff
[LOG 23:21:36.207] Load DDS texture: Squad/Parts/FuelTank/RockomaxTanks/Assets/rockomax_16 [AlbedoM] BW
[LOG 23:21:36.214] Load DDS texture: Squad/Parts/FuelTank/RockomaxTanks/Assets/rockomax_16 [AlbedoM] ESA
[LOG 23:21:36.220] Load DDS texture: Squad/Parts/FuelTank/RockomaxTanks/Assets/rockomax_16 [AlbedoM] O
[LOG 23:21:36.228] Load DDS texture: Squad/Parts/FuelTank/RockomaxTanks/Assets/rockomax_16 [Normal] BW
[LOG 23:21:36.236] Load DDS texture: Squad/Parts/FuelTank/RockomaxTanks/Assets/rockomax_16 [Normal]ESA
[LOG 23:21:36.244] Load DDS texture: Squad/Parts/FuelTank/RockomaxTanks/Assets/rockomax_16 [Normal]O
[LOG 23:21:36.252] Load DDS texture: Squad/Parts/FuelTank/RockomaxTanks/Assets/rockomax_32 [AlbedoM] ESA
[LOG 23:21:36.252] Load DDS texture: Squad/Parts/FuelTank/RockomaxTanks/Assets/rockomax_32 [Normal]ESA
[LOG 23:21:36.253] Load DDS texture: Squad/Parts/FuelTank/Size1_Tanks/125Tanks_BW
[LOG 23:21:36.256] Load DDS texture: Squad/Parts/FuelTank/Size1_Tanks/125Tanks_D
[LOG 23:21:36.260] Load DDS texture: Squad/Parts/FuelTank/Size1_Tanks/125Tanks_N
[LOG 23:21:36.263] Load DDS texture: Squad/Parts/FuelTank/Size1_Tanks/125Tanks_O
[LOG 23:21:36.268] Load DDS texture: Squad/Parts/FuelTank/Size1_Tanks/125Tanks_W
[LOG 23:21:36.272] Load DDS texture: Squad/Parts/FuelTank/Size3Tanks/fueltTanks_cm
[LOG 23:21:36.273] Load Cached PNG Texture: Squad/Parts/FuelTank/Size3Tanks/Size3Tanks
[LOG 23:21:36.273] Load Cached PNG Texture: Squad/Parts/FuelTank/Size3Tanks/Size3Tanks_Norm
[LOG 23:21:36.274] Load Cached PNG Texture: Squad/Parts/FuelTank/Size3Tanks/Size3Tanks_Orange
[LOG 23:21:36.275] Load Cached PNG Texture: Squad/Parts/FuelTank/Size3Tanks/Size3Tanks_Orange_Norm
[LOG 23:21:36.276] Load DDS texture: Squad/Parts/FuelTank/xenonTank/model000
[LOG 23:21:36.276] Load DDS texture: Squad/Parts/FuelTank/xenonTank/model001
[LOG 23:21:36.276] Load DDS texture: Squad/Parts/FuelTank/xenonTankLarge/tank
[LOG 23:21:36.276] Load DDS texture: Squad/Parts/FuelTank/xenonTankRadial/ksp_r_xenonTank_diff
[LOG 23:21:36.276] Load DDS texture: Squad/Parts/Misc/AsteroidDay/CamSat
[LOG 23:21:36.277] Load DDS texture: Squad/Parts/Misc/AsteroidDay/CamSat_glow
[LOG 23:21:36.277] Load DDS texture: Squad/Parts/Misc/AsteroidDay/CamSat_N_NRM
[LOG 23:21:36.283] Load DDS texture: Squad/Parts/Misc/AsteroidDay/default
[LOG 23:21:36.283] Load DDS texture: Squad/Parts/Misc/AsteroidDay/hecsDiffuse
[LOG 23:21:36.283] Load DDS texture: Squad/Parts/Misc/AsteroidDay/hecsNormal
[LOG 23:21:36.284] Load DDS texture: Squad/Parts/Misc/AsteroidDay/hecsSpecular
[LOG 23:21:36.286] Load DDS texture: Squad/Parts/Misc/AsteroidDay/JumboHexProbe
[LOG 23:21:36.286] Load DDS texture: Squad/Parts/Misc/AsteroidDay/JumboHexProbe_NORM_NRM
[LOG 23:21:36.286] Load DDS texture: Squad/Parts/Resources/FuelCell/FCLamp
[LOG 23:21:36.286] Load DDS texture: Squad/Parts/Resources/FuelCell/FuelCellRack
[LOG 23:21:36.286] Load DDS texture: Squad/Parts/Resources/FuelCell/fuellcell
[LOG 23:21:36.286] Load DDS texture: Squad/Parts/Resources/ISRU/Processor_Large
[LOG 23:21:36.287] Load DDS texture: Squad/Parts/Resources/LargeTank/ksp_l_resourceContainer_diff
[LOG 23:21:36.288] Load DDS texture: Squad/Parts/Resources/LargeTank/ksp_l_resourceContainer_norm
[LOG 23:21:36.289] Load DDS texture: Squad/Parts/Resources/MiniDrill/DustParticle
[LOG 23:21:36.290] Load DDS texture: Squad/Parts/Resources/MiniDrill/ksp_r_rockProbe_diff
[LOG 23:21:36.291] Load DDS texture: Squad/Parts/Resources/MiniDrill/RockParticle
[LOG 23:21:36.291] Load DDS texture: Squad/Parts/Resources/MiniISRU/ksp_s_processorSmall_diff
[LOG 23:21:36.291] Load DDS texture: Squad/Parts/Resources/OrbitalScanner/detector
[LOG 23:21:36.291] Load DDS texture: Squad/Parts/Resources/RadialDrill/DustParticle
[LOG 23:21:36.292] Load DDS texture: Squad/Parts/Resources/RadialDrill/RockParticle
[LOG 23:21:36.292] Load DDS texture: Squad/Parts/Resources/RadialDrill/TriBitDrill
[LOG 23:21:36.292] Load DDS texture: Squad/Parts/Resources/RadialTank/ksp_r_resourceContainer_psd_2
[LOG 23:21:36.292] Load DDS texture: Squad/Parts/Resources/SmallTank/ksp_s_resourceContainer_diff
[LOG 23:21:36.293] Load DDS texture: Squad/Parts/Resources/SmallTank/ksp_s_resourceContainer_normal
[LOG 23:21:36.294] Load DDS texture: Squad/Parts/Resources/SurfaceScanner/ksp_r_samplerAir_diff
[LOG 23:21:36.296] Load DDS texture: Squad/Parts/Resources/SurveyScanner/dish
[LOG 23:21:36.298] Load DDS texture: Squad/Parts/Resources/SurveyScanner/dish_n
[LOG 23:21:36.299] Load DDS texture: Squad/Parts/Science/AtmosphereSensor/ksp_r_hydroscoop_diff
[LOG 23:21:36.302] Load DDS texture: Squad/Parts/Science/GooExperiment/GooExperiment
[LOG 23:21:36.303] Load DDS texture: Squad/Parts/Science/LargeCrewedLab/Large_Crewed_Lab
[LOG 23:21:36.305] Load DDS texture: Squad/Parts/Science/LargeCrewedLab/Large_Crewed_Lab_glow
[LOG 23:21:36.309] Load DDS texture: Squad/Parts/Science/LargeCrewedLab/window
[LOG 23:21:36.310] Load DDS texture: Squad/Parts/Science/Magnetometer/Magnetometer_diffuse
[LOG 23:21:36.310] Load DDS texture: Squad/Parts/Science/Magnetometer/Magnetometer_nrm
[LOG 23:21:36.310] Load DDS texture: Squad/Parts/Science/MaterialBay/science_module_small
[LOG 23:21:36.311] Load DDS texture: Squad/Parts/Science/MaterialBay/science_module_small_emit
[LOG 23:21:36.311] Load DDS texture: Squad/Parts/Science/MaterialBay/science_module_small_nrm
[LOG 23:21:36.311] Load DDS texture: Squad/Parts/Science/MaterialBay/wires
[LOG 23:21:36.312] Load DDS texture: Squad/Parts/Science/ScienceBox/Container
[LOG 23:21:36.312] Load DDS texture: Squad/Parts/Science/sensorAccelerometer/model000
[LOG 23:21:36.312] Load DDS texture: Squad/Parts/Science/sensorBarometer/model000
[LOG 23:21:36.312] Load DDS texture: Squad/Parts/Science/sensorGravimeter/model000
[LOG 23:21:36.312] Load DDS texture: Squad/Parts/Science/sensorThermometer/model000
[LOG 23:21:36.312] Load DDS texture: Squad/Parts/Structural/FLAdapters/Assets/FLA-Adapters_diffuse
[LOG 23:21:36.314] Load DDS texture: Squad/Parts/Structural/FLAdapters/Assets/FLA-Adapters_diffuse_O
[LOG 23:21:36.315] Load DDS texture: Squad/Parts/Structural/FLAdapters/Assets/FLA-Adapters_normal
[LOG 23:21:36.319] Load DDS texture: Squad/Parts/Structural/FLAdapters/Assets/FLA-Adapters_normal_O
[LOG 23:21:36.320] Load DDS texture: Squad/Parts/Structural/mk1Parts/Mk1Structural
[LOG 23:21:36.322] Load DDS texture: Squad/Parts/Structural/mk1Parts/Mk1StructuralHeat
[LOG 23:21:36.324] Load Cached PNG Texture: Squad/Parts/Structural/mk1Parts/@thumbs/MK1Fuselage_icon
[LOG 23:21:36.324] Load DDS texture: Squad/Parts/Structural/Size3To2Adapter_v2/Size2to3_BW_Diffuse
[LOG 23:21:36.330] Load DDS texture: Squad/Parts/Structural/Size3To2Adapter_v2/Size2to3_DUMMY_NRM
[LOG 23:21:36.331] Load DDS texture: Squad/Parts/Structural/Size3To2Adapter_v2/Size2to3_O_Diffuse
[LOG 23:21:36.338] Load DDS texture: Squad/Parts/Structural/Size3To2Adapter_v2/Size2to3_W_Diffuse
[LOG 23:21:36.345] Load DDS texture: Squad/Parts/Structural/Size3To2Adapter_v2/Size2to3_W_NRM
[LOG 23:21:36.356] Load DDS texture: Squad/Parts/Structural/stackAdapters/Assets/stackAdapters_diffuse
[LOG 23:21:36.357] Load DDS texture: Squad/Parts/Structural/stackAdapters/Assets/stackAdapters_diffuse_Dark
[LOG 23:21:36.358] Load DDS texture: Squad/Parts/Structural/stackAdapters/Assets/stackAdapters_diffuse_Orange
[LOG 23:21:36.360] Load DDS texture: Squad/Parts/Structural/stackAdapters/Assets/stackAdapters_normal
[LOG 23:21:36.361] Load DDS texture: Squad/Parts/Structural/stackAdapters/Assets/stackAdapters_normal_Orange
[LOG 23:21:36.361] Load DDS texture: Squad/Parts/Structural/stationHub/model000
[LOG 23:21:36.361] Load DDS texture: Squad/Parts/Structural/stationHub/model001
[LOG 23:21:36.362] Load DDS texture: Squad/Parts/Structural/structuralIBeam200/model000
[LOG 23:21:36.362] Load DDS texture: Squad/Parts/Structural/structuralIBeam200Pocket/model000
[LOG 23:21:36.362] Load DDS texture: Squad/Parts/Structural/structuralIBeam650/model000
[LOG 23:21:36.362] Load DDS texture: Squad/Parts/Structural/structuralMicronode/model000
[LOG 23:21:36.363] Load DDS texture: Squad/Parts/Structural/structuralPanel1x1/model000
[LOG 23:21:36.363] Load DDS texture: Squad/Parts/Structural/structuralPanel1x1/model001
[LOG 23:21:36.363] Load DDS texture: Squad/Parts/Structural/structuralPanel2x2/model000
[LOG 23:21:36.363] Load DDS texture: Squad/Parts/Structural/structuralPanel2x2/model001
[LOG 23:21:36.363] Load DDS texture: Squad/Parts/Structural/structuralPylons/Pylons
[LOG 23:21:36.364] Load DDS texture: Squad/Parts/Structural/strutCubicOcto/cubestrut
[LOG 23:21:36.364] Load DDS texture: Squad/Parts/Structural/strutOcto/model000
[LOG 23:21:36.364] Load DDS texture: Squad/Parts/Structural/trussGirderAdapter/model000
[LOG 23:21:36.364] Load DDS texture: Squad/Parts/Structural/trussGirderAdapter/model001
[LOG 23:21:36.364] Load DDS texture: Squad/Parts/Structural/trussGirderL/model000
[LOG 23:21:36.364] Load DDS texture: Squad/Parts/Structural/trussGirderXL/model000
[LOG 23:21:36.365] Load DDS texture: Squad/Parts/Thermal/FoldingRadiators/radiator
[LOG 23:21:36.365] Load DDS texture: Squad/Parts/Thermal/FoldingRadiators/radiator_N_NRM
[LOG 23:21:36.367] Load DDS texture: Squad/Parts/Thermal/RadiatorPanels/radPanel
[LOG 23:21:36.368] Load DDS texture: Squad/Parts/Thermal/RadiatorPanels/radPanel_N_NRM
[LOG 23:21:36.370] Load DDS texture: Squad/Parts/Utility/commDish88-88/comm_dish_array
[LOG 23:21:36.370] Load DDS texture: Squad/Parts/Utility/commDish88-88/comm_dish_v2_diff
[LOG 23:21:36.370] Load DDS texture: Squad/Parts/Utility/commDish88-88/model000
[LOG 23:21:36.371] Load DDS texture: Squad/Parts/Utility/commsAntennaDTS-M1/mediumDishAntenna
[LOG 23:21:36.372] Load DDS texture: Squad/Parts/Utility/commsAntennaDTS-M1/mediumDishAntenna_Emit
[LOG 23:21:36.372] Load DDS texture: Squad/Parts/Utility/commsDish16/model000
[LOG 23:21:36.375] Load DDS texture: Squad/Parts/Utility/decouplerRadialHDM/model000
[LOG 23:21:36.375] Load DDS texture: Squad/Parts/Utility/decouplerRadialTT-38K/model000
[LOG 23:21:36.375] Load DDS texture: Squad/Parts/Utility/decouplerRadialTT-38K/model001
[LOG 23:21:36.375] Load DDS texture: Squad/Parts/Utility/decouplerRadialTT-70/model000
[LOG 23:21:36.375] Load DDS texture: Squad/Parts/Utility/DirectAntennas/MiniAntenna
[LOG 23:21:36.376] Load DDS texture: Squad/Parts/Utility/dockingPort/Arrow Pointer
[LOG 23:21:36.376] Load DDS texture: Squad/Parts/Utility/dockingPort/DockingPorts_Clampotron_Diffuse
[LOG 23:21:36.383] Load DDS texture: Squad/Parts/Utility/dockingPort/DockingPorts_Clampotron_Emissive
[LOG 23:21:36.384] Load DDS texture: Squad/Parts/Utility/dockingPort/DockingPorts_Clampotron_Normal
[LOG 23:21:36.398] Load DDS texture: Squad/Parts/Utility/dockingPortInline/Arrow Pointer
[LOG 23:21:36.398] Load DDS texture: Squad/Parts/Utility/dockingPortInline/ClampotronLinear_ClampotronLinear_Diffuse
[LOG 23:21:36.403] Load DDS texture: Squad/Parts/Utility/dockingPortInline/ClampotronLinear_ClampotronLinear_Emissive
[LOG 23:21:36.407] Load DDS texture: Squad/Parts/Utility/dockingPortInline/ClampotronLinear_ClampotronLinear_Normal
[LOG 23:21:36.414] Load DDS texture: Squad/Parts/Utility/dockingPortInline/DockingPorts_Clampotron_Diffuse
[LOG 23:21:36.429] Load DDS texture: Squad/Parts/Utility/dockingPortInline/DockingPorts_Clampotron_Emissive
[LOG 23:21:36.429] Load DDS texture: Squad/Parts/Utility/dockingPortInline/DockingPorts_Clampotron_Normal
[LOG 23:21:36.436] Load DDS texture: Squad/Parts/Utility/dockingPortJr/Arrow Pointer
[LOG 23:21:36.436] Load DDS texture: Squad/Parts/Utility/dockingPortJr/DockingPorts_ClampotronJR_Diffuse
[LOG 23:21:36.437] Load DDS texture: Squad/Parts/Utility/dockingPortJr/DockingPorts_ClampotronJR_Normal
[LOG 23:21:36.438] Load DDS texture: Squad/Parts/Utility/dockingPortJr/model000
[LOG 23:21:36.438] Load DDS texture: Squad/Parts/Utility/dockingPortShielded/Arrow Pointer
[LOG 23:21:36.439] Load DDS texture: Squad/Parts/Utility/dockingPortShielded/Clamp-O-Tron Shielded Docking Port_ClampotronShielded_Diffuse
[LOG 23:21:36.445] Load DDS texture: Squad/Parts/Utility/dockingPortShielded/Clamp-O-Tron Shielded Docking Port_ClampotronShielded_Normal
[LOG 23:21:36.451] Load DDS texture: Squad/Parts/Utility/dockingPortShielded/DockingPorts_Clampotron_Diffuse
[LOG 23:21:36.458] Load DDS texture: Squad/Parts/Utility/dockingPortShielded/DockingPorts_Clampotron_Emissive
[LOG 23:21:36.460] Load DDS texture: Squad/Parts/Utility/dockingPortShielded/DockingPorts_Clampotron_Normal
[LOG 23:21:36.473] Load DDS texture: Squad/Parts/Utility/dockingPortSr/Arrow Pointer
[LOG 23:21:36.474] Load DDS texture: Squad/Parts/Utility/dockingPortSr/ClampotronSr_ClampotronSr_Diffuse
[LOG 23:21:36.479] Load DDS texture: Squad/Parts/Utility/dockingPortSr/ClampotronSr_ClampotronSr_Diffuse_gray
[LOG 23:21:36.487] Load DDS texture: Squad/Parts/Utility/dockingPortSr/ClampotronSr_ClampotronSr_Emissive
[LOG 23:21:36.488] Load DDS texture: Squad/Parts/Utility/dockingPortSr/ClampotronSr_ClampotronSr_Normal
[LOG 23:21:36.493] Load Cached PNG Texture: Squad/Parts/Utility/Fireworks/Assets/fireworks_launcher_big 1
[LOG 23:21:36.498] Load Cached PNG Texture: Squad/Parts/Utility/Fireworks/Assets/fireworks_launcher_big
[LOG 23:21:36.510] Load Cached PNG Texture: Squad/Parts/Utility/flags/backgroundTextures/dark_background
[LOG 23:21:36.512] Load Cached PNG Texture: Squad/Parts/Utility/flags/backgroundTextures/orange_background
[LOG 23:21:36.512] Load Cached PNG Texture: Squad/Parts/Utility/flags/backgroundTextures/white_background
[LOG 23:21:36.512] Load DDS texture: Squad/Parts/Utility/GrapplingDevice/grabberDiffuse
[LOG 23:21:36.512] Load DDS texture: Squad/Parts/Utility/GrapplingDevice/grabberDiffuse_dark
[LOG 23:21:36.513] Load DDS texture: Squad/Parts/Utility/GrapplingDevice/grabberNRM
[LOG 23:21:36.514] Load DDS texture: Squad/Parts/Utility/GrapplingDevice/window
[LOG 23:21:36.514] Load DDS texture: Squad/Parts/Utility/ladderRadial/model000
[LOG 23:21:36.514] Load DDS texture: Squad/Parts/Utility/ladderTelescopic/model000
[LOG 23:21:36.515] Load DDS texture: Squad/Parts/Utility/ladderTelescopic/model001
[LOG 23:21:36.516] Load DDS texture: Squad/Parts/Utility/ladderTelescopic/model002
[LOG 23:21:36.521] Load DDS texture: Squad/Parts/Utility/ladderTelescopicBay/model000
[LOG 23:21:36.521] Load DDS texture: Squad/Parts/Utility/ladderTelescopicBay/model001
[LOG 23:21:36.522] Load DDS texture: Squad/Parts/Utility/landingLegLT-1/ksp_r_landingStrut_diff
[LOG 23:21:36.523] Load DDS texture: Squad/Parts/Utility/landingLegLT-2/landingLeg
[LOG 23:21:36.523] Load DDS texture: Squad/Parts/Utility/landingLegLT-5/leg
[LOG 23:21:36.524] Load DDS texture: Squad/Parts/Utility/landingLegLT-5/model000
[LOG 23:21:36.524] Load DDS texture: Squad/Parts/Utility/launchClamp1/model000
[LOG 23:21:36.524] Load DDS texture: Squad/Parts/Utility/launchClamp1/model001
[LOG 23:21:36.524] Load DDS texture: Squad/Parts/Utility/launchEscapeSystem/LES_Diffuse
[LOG 23:21:36.524] Load DDS texture: Squad/Parts/Utility/Lights/Assets/Lights_Attacheable_Lights_Diffuse
[LOG 23:21:36.525] Load DDS texture: Squad/Parts/Utility/Lights/Assets/Lights_Attacheable_Lights_Diffuse_white
[LOG 23:21:36.525] Load DDS texture: Squad/Parts/Utility/Lights/Assets/Lights_Attacheable_Lights_Emissive
[LOG 23:21:36.525] Load DDS texture: Squad/Parts/Utility/Lights/Assets/Lights_Attacheable_Lights_Normal
[LOG 23:21:36.526] Load DDS texture: Squad/Parts/Utility/Lights/Assets/Lights_Rectangle_Light_Diffuse
[LOG 23:21:36.532] Load DDS texture: Squad/Parts/Utility/Lights/Assets/Lights_Rectangle_Light_Diffuse_white
[LOG 23:21:36.548] Load DDS texture: Squad/Parts/Utility/Lights/Assets/Lights_Rectangle_Light_Emissive
[LOG 23:21:36.556] Load DDS texture: Squad/Parts/Utility/Lights/Assets/Lights_Rectangle_Light_Normal
[LOG 23:21:36.566] Load DDS texture: Squad/Parts/Utility/Lights/Assets/Lights_Worklights_Diffuse
[LOG 23:21:36.567] Load DDS texture: Squad/Parts/Utility/Lights/Assets/Lights_Worklights_Emissive
[LOG 23:21:36.569] Load DDS texture: Squad/Parts/Utility/Lights/Assets/Lights_Worklights_Normal
[LOG 23:21:36.570] Load DDS texture: Squad/Parts/Utility/Lights/Assets/Spotlight_Attacheable_Lights_Diffuse
[LOG 23:21:36.570] Load DDS texture: Squad/Parts/Utility/Lights/Assets/Spotlight_Attacheable_Lights_Diffuse_white
[LOG 23:21:36.570] Load DDS texture: Squad/Parts/Utility/Lights/Assets/Spotlight_Attacheable_Lights_Emissive
[LOG 23:21:36.570] Load DDS texture: Squad/Parts/Utility/Lights/Assets/Spotlight_Attacheable_Lights_Normal
[LOG 23:21:36.571] Load DDS texture: Squad/Parts/Utility/linearVernorRCS/Assets/linear_vernor_diffuse
[LOG 23:21:36.571] Load DDS texture: Squad/Parts/Utility/linearVernorRCS/Assets/linear_vernor_emissive
[LOG 23:21:36.571] Load DDS texture: Squad/Parts/Utility/linearVernorRCS/Assets/linear_vernor_normalDummy
[LOG 23:21:36.571] Load DDS texture: Squad/Parts/Utility/linearVernorRCS/Assets/linear_vernor_specular
[LOG 23:21:36.571] Load DDS texture: Squad/Parts/Utility/mk2CargoBay/mk2CargoBay
[LOG 23:21:36.572] Load DDS texture: Squad/Parts/Utility/mk2CrewCabin/mk2CrewCabin
[LOG 23:21:36.572] Load DDS texture: Squad/Parts/Utility/mk2CrewCabin/mk2CrewCabin_LUM
[LOG 23:21:36.572] Load DDS texture: Squad/Parts/Utility/mk2DockingPort/Arrow Pointer
[LOG 23:21:36.572] Load DDS texture: Squad/Parts/Utility/mk2DockingPort/Mk2Clampotron_Caps_Diffuse
[LOG 23:21:36.572] Load DDS texture: Squad/Parts/Utility/mk2DockingPort/Mk2Clampotron_Caps_Emmisive
[LOG 23:21:36.573] Load DDS texture: Squad/Parts/Utility/mk2DockingPort/Mk2Clampotron_Caps_Normal
[LOG 23:21:36.573] Load DDS texture: Squad/Parts/Utility/mk2DockingPort/Mk2Clampotron_Mk2Clampotron_Diffuse
[LOG 23:21:36.580] Load DDS texture: Squad/Parts/Utility/mk2DockingPort/Mk2Clampotron_Mk2Clampotron_Emissive
[LOG 23:21:36.581] Load DDS texture: Squad/Parts/Utility/mk2DockingPort/Mk2Clampotron_Mk2Clampotron_Normal
[LOG 23:21:36.590] Load DDS texture: Squad/Parts/Utility/mk2DockingPort/mk2DockingPort
[LOG 23:21:36.592] Load DDS texture: Squad/Parts/Utility/mk3CargoBay/Mk3CargoBay
[LOG 23:21:36.593] Load DDS texture: Squad/Parts/Utility/parachuteMk1/model000
[LOG 23:21:36.594] Load DDS texture: Squad/Parts/Utility/parachuteMk1/model001
[LOG 23:21:36.594] Load DDS texture: Squad/Parts/Utility/parachuteMk12-R/model000
[LOG 23:21:36.594] Load DDS texture: Squad/Parts/Utility/parachuteMk12-R/model001
[LOG 23:21:36.594] Load DDS texture: Squad/Parts/Utility/parachuteMk16-XL/model000
[LOG 23:21:36.595] Load DDS texture: Squad/Parts/Utility/parachuteMk16-XL/model001
[LOG 23:21:36.595] Load DDS texture: Squad/Parts/Utility/parachuteMk2-R/model000
[LOG 23:21:36.595] Load DDS texture: Squad/Parts/Utility/parachuteMk2-R/model001
[LOG 23:21:36.595] Load DDS texture: Squad/Parts/Utility/parachuteMk25/model000
[LOG 23:21:36.595] Load DDS texture: Squad/Parts/Utility/parachuteMk25/model001
[LOG 23:21:36.595] Load DDS texture: Squad/Parts/Utility/radialAttachmentPoint/model000
[LOG 23:21:36.595] Load DDS texture: Squad/Parts/Utility/radialAttachmentPoint/model001
[LOG 23:21:36.596] Load DDS texture: Squad/Parts/Utility/rcsBlockRV-105_v2/rcsBlock_diffuse
[LOG 23:21:36.596] Load DDS texture: Squad/Parts/Utility/rcsBlockRV-105_v2/rcsThrusterBlock_normal
[LOG 23:21:36.596] Load DDS texture: Squad/Parts/Utility/rcsBlockRV-105_v2/rcsThruster_emissive
[LOG 23:21:36.596] Load DDS texture: Squad/Parts/Utility/rcsBlockRV-105_v2/rcsThruster_specular
[LOG 23:21:36.596] Load DDS texture: Squad/Parts/Utility/rcsBlockRV-105_v2/RCS_Block_Diffuse
[LOG 23:21:36.596] Load DDS texture: Squad/Parts/Utility/rcsBlockRV-105_v2/RCS_Block_Emissive
[LOG 23:21:36.596] Load DDS texture: Squad/Parts/Utility/rcsBlockRV-105_v2/RCS_Block_Normal
[LOG 23:21:36.597] Load DDS texture: Squad/Parts/Utility/rcsBlockRV-105_v2/RCS_Block_Specular
[LOG 23:21:36.597] Load DDS texture: Squad/Parts/Utility/rcsSmallLinear/Assets/RCS_Linear_Base_Diffuse
[LOG 23:21:36.597] Load DDS texture: Squad/Parts/Utility/rcsSmallLinear/Assets/RCS_Linear_Diffuse
[LOG 23:21:36.597] Load DDS texture: Squad/Parts/Utility/rcsSmallLinear/Assets/RCS_Linear_Emissive
[LOG 23:21:36.597] Load DDS texture: Squad/Parts/Utility/rcsSmallLinear/Assets/RCS_Linear_Normal
[LOG 23:21:36.597] Load DDS texture: Squad/Parts/Utility/rcsSmallLinear/Assets/RCS_Linear_Specular
[LOG 23:21:36.597] Load DDS texture: Squad/Parts/Utility/RelayAntennas/DishAntenna
[LOG 23:21:36.598] Load DDS texture: Squad/Parts/Utility/RelayAntennas/MiniAntenna
[LOG 23:21:36.598] Load DDS texture: Squad/Parts/Utility/rockomaxAdapters/Assets/Rockomax_Adapters_diffuse
[LOG 23:21:36.600] Load DDS texture: Squad/Parts/Utility/rockomaxAdapters/Assets/Rockomax_Adapters_diffuse_O
[LOG 23:21:36.601] Load DDS texture: Squad/Parts/Utility/rockomaxAdapters/Assets/Rockomax_Adapters_diffuse_W
[LOG 23:21:36.603] Load DDS texture: Squad/Parts/Utility/rockomaxAdapters/Assets/Rockomax_Adapters_normal
[LOG 23:21:36.605] Load DDS texture: Squad/Parts/Utility/rockomaxAdapters/Assets/Rockomax_Adapters_normal_O
[LOG 23:21:36.606] Load DDS texture: Squad/Parts/Utility/ServiceBay/ServiceBay
[LOG 23:21:36.607] Load Cached PNG Texture: Squad/Parts/Utility/ServiceBay_v2/Assets/Scratch
[LOG 23:21:36.608] Load Cached PNG Texture: Squad/Parts/Utility/ServiceBay_v2/Assets/ServiceBay_bump
[LOG 23:21:36.609] Load Cached PNG Texture: Squad/Parts/Utility/ServiceBay_v2/Assets/ServiceBay_v2
[LOG 23:21:36.610] Load DDS texture: Squad/Parts/Utility/smallClaw/grabberSmallDiffuse
[LOG 23:21:36.610] Load DDS texture: Squad/Parts/Utility/smallClaw/grabberSmallDiffuseDark
[LOG 23:21:36.611] Load DDS texture: Squad/Parts/Utility/smallClaw/grabberSmallNRM
[LOG 23:21:36.611] Load DDS texture: Squad/Parts/Utility/smallClaw/window
[LOG 23:21:36.611] Load DDS texture: Squad/Parts/Utility/spotLightMk1/light1
[LOG 23:21:36.611] Load DDS texture: Squad/Parts/Utility/spotLightMk1/light1_em
[LOG 23:21:36.611] Load DDS texture: Squad/Parts/Utility/spotLightMk1_v2/spotLightMk1_Diffuse
[LOG 23:21:36.611] Load DDS texture: Squad/Parts/Utility/spotLightMk1_v2/spotLightMk1_Diffuse_white
[LOG 23:21:36.612] Load DDS texture: Squad/Parts/Utility/spotLightMk1_v2/spotLightMk1_Emissive
[LOG 23:21:36.612] Load DDS texture: Squad/Parts/Utility/spotLightMk1_v2/spotLightMk1_Normal
[LOG 23:21:36.613] Load DDS texture: Squad/Parts/Utility/spotLightMk2/light2
[LOG 23:21:36.613] Load DDS texture: Squad/Parts/Utility/spotLightMk2/light2_em
[LOG 23:21:36.613] Load DDS texture: Squad/Parts/Utility/spotLightMk2_v2/spotLightMk2_Diffuse
[LOG 23:21:36.614] Load DDS texture: Squad/Parts/Utility/spotLightMk2_v2/spotLightMk2_Diffuse_white
[LOG 23:21:36.614] Load DDS texture: Squad/Parts/Utility/spotLightMk2_v2/spotLightMk2_Emissive
[LOG 23:21:36.614] Load DDS texture: Squad/Parts/Utility/spotLightMk2_v2/spotLightMk2_Normal
[LOG 23:21:36.614] Load DDS texture: Squad/Parts/Utility/stackCouplers/Assets/stackCouplersDiffuse
[LOG 23:21:36.615] Load DDS texture: Squad/Parts/Utility/stackCouplers/Assets/stackCouplersDiffuse_Dark
[LOG 23:21:36.615] Load DDS texture: Squad/Parts/Utility/stackCouplers/Assets/stackCouplersDiffuse_Orange
[LOG 23:21:36.618] Load DDS texture: Squad/Parts/Utility/stackCouplers/Assets/stackCouplers_NRM
[LOG 23:21:36.620] Load DDS texture: Squad/Parts/Utility/stackCouplers/Assets/stackCouplers_Orange_NRM
[LOG 23:21:36.621] Load DDS texture: Squad/Parts/Wheel/LandingGear/Flare
[LOG 23:21:36.621] Load DDS texture: Squad/Parts/Wheel/LandingGear/LandingGear
[LOG 23:21:36.621] Load DDS texture: Squad/Parts/Wheel/LandingGear/LandingGear_Emissive
[LOG 23:21:36.622] Load DDS texture: Squad/Parts/Wheel/roverWheelM1/model000
[LOG 23:21:36.622] Load DDS texture: Squad/Parts/Wheel/roverWheelM1/roverwheel1
[LOG 23:21:36.622] Load DDS texture: Squad/Parts/Wheel/roverWheelS2/model000
[LOG 23:21:36.622] Load DDS texture: Squad/Parts/Wheel/roverWheelS2/model001
[LOG 23:21:36.622] Load DDS texture: Squad/Parts/Wheel/roverWheelS2/roverwheel2
[LOG 23:21:36.622] Load DDS texture: Squad/Parts/Wheel/roverWheelS2/roverwheel2_n
[LOG 23:21:36.623] Load DDS texture: Squad/Parts/Wheel/roverWheelTR-2L/ksp_r_medWheel_diff
[LOG 23:21:36.624] Load DDS texture: Squad/Parts/Wheel/roverWheelTR-2L/ksp_r_medWheel_normal
[LOG 23:21:36.625] Load DDS texture: Squad/Parts/Wheel/roverWheelTR-2L/ksp_r_medWheel_wheel_diff
[LOG 23:21:36.627] Load DDS texture: Squad/Parts/Wheel/roverWheelTR-2L/ksp_r_medWheel_wheel_normal
[LOG 23:21:36.629] Load DDS texture: Squad/Parts/Wheel/roverWheelXL3/mount
[LOG 23:21:36.631] Load DDS texture: Squad/Parts/Wheel/roverWheelXL3/mount_n
[LOG 23:21:36.631] Load DDS texture: Squad/Parts/Wheel/roverWheelXL3/wheel
[LOG 23:21:36.631] Load DDS texture: Squad/Parts/Wheel/roverWheelXL3/wheel_n
[LOG 23:21:36.631] Load DDS texture: Squad/Props/AltimeterThreeHands/model000
[LOG 23:21:36.631] Load DDS texture: Squad/Props/AltimeterThreeHands/model001
[LOG 23:21:36.632] Load DDS texture: Squad/Props/AtmosphereDepth/model000
[LOG 23:21:36.632] Load DDS texture: Squad/Props/AtmosphereDepth/model001
[LOG 23:21:36.632] Load DDS texture: Squad/Props/AxisIndicator/model000
[LOG 23:21:36.632] Load DDS texture: Squad/Props/buttonsGeneric/ButtonsAndSwitches
[LOG 23:21:36.632] Load DDS texture: Squad/Props/ButtonSquare/model000
[LOG 23:21:36.633] Load DDS texture: Squad/Props/circularButton/model000
[LOG 23:21:36.633] Load DDS texture: Squad/Props/Compass/model000
[LOG 23:21:36.634] Load DDS texture: Squad/Props/directionalKnob/model000
[LOG 23:21:36.634] Load DDS texture: Squad/Props/directionalKnob2/model000
[LOG 23:21:36.634] Load DDS texture: Squad/Props/IndicatorPanel/model000
[LOG 23:21:36.636] Load DDS texture: Squad/Props/IndicatorPanel/model001
[LOG 23:21:36.636] Load DDS texture: Squad/Props/IVANavBall/Arrows8dir
[LOG 23:21:36.636] Load DDS texture: Squad/Props/IVANavBall/IVANavBall
[LOG 23:21:36.636] Load DDS texture: Squad/Props/IVANavBall/IVANavBall_Glow
[LOG 23:21:36.636] Load DDS texture: Squad/Props/IVANavBall/ManeuverNode_vectors
[LOG 23:21:36.636] Load DDS texture: Squad/Props/IVANavBall/navball2
[LOG 23:21:36.636] Load DDS texture: Squad/Props/IVANavBall/navBall_DV_IVA
[LOG 23:21:36.637] Load DDS texture: Squad/Props/IVANavBall/navBall_vectors_IVA
[LOG 23:21:36.638] Load Cached PNG Texture: Squad/Props/IVANavBallNoBase/Arrows8dir
[LOG 23:21:36.638] Load Cached PNG Texture: Squad/Props/IVANavBallNoBase/IVANavBall
[LOG 23:21:36.638] Load Cached PNG Texture: Squad/Props/IVANavBallNoBase/ManeuverNode_vectors
[LOG 23:21:36.638] Load Cached PNG Texture: Squad/Props/IVANavBallNoBase/navball2
[LOG 23:21:36.638] Load Cached PNG Texture: Squad/Props/IVANavBallNoBase/navBall_DV_IVA
[LOG 23:21:36.638] Load Cached PNG Texture: Squad/Props/IVANavBallNoBase/navBall_vectors_IVA
[LOG 23:21:36.639] Load DDS texture: Squad/Props/ledPanelSpeed/circularButton
[LOG 23:21:36.639] Load DDS texture: Squad/Props/ledPanelSpeed/ledPanel
[LOG 23:21:36.639] Load DDS texture: Squad/Props/Monitor/Emissives
[LOG 23:21:36.639] Load DDS texture: Squad/Props/Monitor/Emissives_glow
[LOG 23:21:36.639] Load DDS texture: Squad/Props/Monitor/Monitor
[LOG 23:21:36.639] Load DDS texture: Squad/Props/NavBall/GaugeGee
[LOG 23:21:36.639] Load DDS texture: Squad/Props/NavBall/GaugeThrottle
[LOG 23:21:36.639] Load DDS texture: Squad/Props/NavBall/model000
[LOG 23:21:36.639] Load DDS texture: Squad/Props/NavBall/model001
[LOG 23:21:36.639] Load DDS texture: Squad/Props/NavBall/model002
[LOG 23:21:36.640] Load DDS texture: Squad/Props/NavBall/model003
[LOG 23:21:36.640] Load DDS texture: Squad/Props/PropsGeneric/propsGeneric
[LOG 23:21:36.640] Load DDS texture: Squad/Props/pullSwitch/model000
[LOG 23:21:36.640] Load DDS texture: Squad/Props/pullSwitch/model001
[LOG 23:21:36.641] Load DDS texture: Squad/Props/radarAltitude/model000
[LOG 23:21:36.641] Load DDS texture: Squad/Props/squareButton/model000
[LOG 23:21:36.641] Load DDS texture: Squad/Props/standingSwitch/model000
[LOG 23:21:36.641] Load DDS texture: Squad/Props/standingSwitch/model001
[LOG 23:21:36.641] Load DDS texture: Squad/Props/switch/model000
[LOG 23:21:36.641] Load DDS texture: Squad/Props/switchGuard/model000
[LOG 23:21:36.642] Load DDS texture: Squad/Props/switchWithGuards/model000
[LOG 23:21:36.642] Load DDS texture: Squad/Props/switchWithGuards/model001
[LOG 23:21:36.642] Load DDS texture: Squad/Props/switchWithGuards/model002
[LOG 23:21:36.642] Load DDS texture: Squad/Props/throttle/model000
[LOG 23:21:36.642] Load DDS texture: Squad/Props/throttle/model001
[LOG 23:21:36.643] Load DDS texture: Squad/Props/VSI/model000
[LOG 23:21:36.643] Load DDS texture: Squad/Spaces/crewCabinInternals/model000
[LOG 23:21:36.643] Load DDS texture: Squad/Spaces/crewCabinInternals/model001
[LOG 23:21:36.648] Load DDS texture: Squad/Spaces/crewCabinInternals/model002
[LOG 23:21:36.648] Load DDS texture: Squad/Spaces/crewCabinInternals/model003
[LOG 23:21:36.649] Load DDS texture: Squad/Spaces/crewCabinInternals/model004
[LOG 23:21:36.649] Load DDS texture: Squad/Spaces/crewCabinInternals/model005
[LOG 23:21:36.650] Load DDS texture: Squad/Spaces/cupolaInternal/ksp_l_cupola_internal_diff
[LOG 23:21:36.655] Load DDS texture: Squad/Spaces/cupolaInternal/ksp_l_cupola_internal_normal
[LOG 23:21:36.664] Load DDS texture: Squad/Spaces/cupolaInternal/ksp_l_cupola_internal_windows_alpha
[LOG 23:21:36.665] Load DDS texture: Squad/Spaces/cupolaInternal/pilot Seat
[LOG 23:21:36.666] Load DDS texture: Squad/Spaces/GenericSpace1/model000
[LOG 23:21:36.669] Load DDS texture: Squad/Spaces/GenericSpace1/model001
[LOG 23:21:36.671] Load DDS texture: Squad/Spaces/GenericSpace1/model002
[LOG 23:21:36.672] Load DDS texture: Squad/Spaces/GenericSpace1/model003
[LOG 23:21:36.675] Load DDS texture: Squad/Spaces/GenericSpace1/model004
[LOG 23:21:36.677] Load DDS texture: Squad/Spaces/GenericSpace1/model005
[LOG 23:21:36.679] Load DDS texture: Squad/Spaces/GenericSpace3/model000
[LOG 23:21:36.680] Load DDS texture: Squad/Spaces/GenericSpace3/model001
[LOG 23:21:36.680] Load DDS texture: Squad/Spaces/GenericSpace3/model002
[LOG 23:21:36.685] Load DDS texture: Squad/Spaces/GenericSpace3/model003
[LOG 23:21:36.688] Load DDS texture: Squad/Spaces/GenericSpace3/model004
[LOG 23:21:36.689] Load DDS texture: Squad/Spaces/GenericSpace3/model005
[LOG 23:21:36.690] Load DDS texture: Squad/Spaces/GenericSpace3/model006
[LOG 23:21:36.691] Load DDS texture: Squad/Spaces/GenericSpace3/model007
[LOG 23:21:36.692] Load DDS texture: Squad/Spaces/landerCabinInternals/model000
[LOG 23:21:36.693] Load DDS texture: Squad/Spaces/landerCabinInternals/model001
[LOG 23:21:36.696] Load DDS texture: Squad/Spaces/landerCabinInternals/model002
[LOG 23:21:36.700] Load DDS texture: Squad/Spaces/landerCabinInternals/model003
[LOG 23:21:36.709] Load DDS texture: Squad/Spaces/landerCabinInternals/model004
[LOG 23:21:36.710] Load DDS texture: Squad/Spaces/landerCabinInternals/model005
[LOG 23:21:36.710] Load DDS texture: Squad/Spaces/landerCabinInternals/model006
[LOG 23:21:36.711] Load DDS texture: Squad/Spaces/landerCabinInternals/model007
[LOG 23:21:36.711] Load DDS texture: Squad/Spaces/landerCabinSmallInternal/ksp_s_landerCan_internal_diff
[LOG 23:21:36.721] Load DDS texture: Squad/Spaces/landerCabinSmallInternal/ksp_s_landerCan_internal_normal
[LOG 23:21:36.730] Load DDS texture: Squad/Spaces/landerCabinSmallInternal/ksp_s_landerCan_internal_window_alpha
[LOG 23:21:36.732] Load DDS texture: Squad/Spaces/landerCabinSmallInternal/pilot Seat
[LOG 23:21:36.733] Load DDS texture: Squad/Spaces/LargeCrewedLabInternals/Glass
[LOG 23:21:36.733] Load DDS texture: Squad/Spaces/LargeCrewedLabInternals/MPL_Int
[LOG 23:21:36.737] Load DDS texture: Squad/Spaces/LargeCrewedLabInternals/MPL_Int_n_NRM
[LOG 23:21:36.739] Load DDS texture: Squad/Spaces/Mk1-3/Mk1_3_IvaProps_Diffuse
[LOG 23:21:36.744] Load DDS texture: Squad/Spaces/Mk1-3/Mk1_3_IvaProps_Normal
[LOG 23:21:36.750] Load DDS texture: Squad/Spaces/Mk1-3/Mk1_3_IvaShell_Diffuse
[LOG 23:21:36.759] Load DDS texture: Squad/Spaces/Mk1-3/Mk1_3_IvaShell_Emissive
[LOG 23:21:36.765] Load DDS texture: Squad/Spaces/Mk1-3/Mk1_3_IvaShell_Normal
[LOG 23:21:36.771] Load DDS texture: Squad/Spaces/Mk1-3/pilot Seat
[LOG 23:21:36.773] Load DDS texture: Squad/Spaces/mk1CabinInternal/Cabin_Lightmap
[LOG 23:21:36.773] Load DDS texture: Squad/Spaces/mk1CabinInternal/CockpitGeneric
[LOG 23:21:36.773] Load DDS texture: Squad/Spaces/mk1CabinInternal/CockpitGeneric_NRM
[LOG 23:21:36.774] Load DDS texture: Squad/Spaces/mk1CockpitInternal/CockpitGeneric
[LOG 23:21:36.774] Load DDS texture: Squad/Spaces/mk1CockpitInternal/CockpitGeneric_NRM
[LOG 23:21:36.774] Load DDS texture: Squad/Spaces/mk1CockpitInternal/IVAMAP
[LOG 23:21:36.774] Load DDS texture: Squad/Spaces/mk1CockpitInternal/Windows
[LOG 23:21:36.774] Load DDS texture: Squad/Spaces/mk1InlineInternal/Canopy
[LOG 23:21:36.775] Load DDS texture: Squad/Spaces/mk1InlineInternal/CockpitGeneric
[LOG 23:21:36.775] Load DDS texture: Squad/Spaces/mk1InlineInternal/CockpitGeneric_NRM
[LOG 23:21:36.775] Load DDS texture: Squad/Spaces/mk1InlineInternal/Mk1Inline_Lightmap
[LOG 23:21:36.775] Load DDS texture: Squad/Spaces/mk1PodCockpit/model000
[LOG 23:21:36.776] Load DDS texture: Squad/Spaces/mk1PodCockpit/model001
[LOG 23:21:36.777] Load DDS texture: Squad/Spaces/mk1PodCockpit/model002
[LOG 23:21:36.778] Load DDS texture: Squad/Spaces/mk1PodCockpit/model003
[LOG 23:21:36.778] Load DDS texture: Squad/Spaces/mk1PodCockpit/model004
[LOG 23:21:36.785] Load DDS texture: Squad/Spaces/mk1PodCockpit/model005
[LOG 23:21:36.785] Load DDS texture: Squad/Spaces/mk1PodCockpit/model006
[LOG 23:21:36.786] Load DDS texture: Squad/Spaces/mk1PodCockpit/model007
[LOG 23:21:36.786] Load DDS texture: Squad/Spaces/mk1pod_IVA/mk1pod_iva_props_diffuse
[LOG 23:21:36.798] Load DDS texture: Squad/Spaces/mk1pod_IVA/mk1pod_iva_props_emissive
[LOG 23:21:36.798] Load DDS texture: Squad/Spaces/mk1pod_IVA/mk1pod_iva_props_normal
[LOG 23:21:36.805] Load DDS texture: Squad/Spaces/mk1pod_IVA/mk1pod_iva_shell_diffuse
[LOG 23:21:36.814] Load DDS texture: Squad/Spaces/mk1pod_IVA/mk1pod_iva_shell_normal
[LOG 23:21:36.823] Load MBM texture: Squad/Spaces/mk1pod_IVA/pilot Seat
[LOG 23:21:36.877] Load DDS texture: Squad/Spaces/mk2CockpitStandardInternal/CargoBagA
[LOG 23:21:36.877] Load DDS texture: Squad/Spaces/mk2CockpitStandardInternal/Mk2StandardIVA
[LOG 23:21:36.878] Load DDS texture: Squad/Spaces/mk2CockpitStandardInternal/Pilotseat
[LOG 23:21:36.878] Load DDS texture: Squad/Spaces/mk2CockpitStandardInternal/Windows
[LOG 23:21:36.878] Load DDS texture: Squad/Spaces/Mk2CrewCabinInternal/CargoBagA
[LOG 23:21:36.878] Load DDS texture: Squad/Spaces/Mk2CrewCabinInternal/Glass
[LOG 23:21:36.879] Load DDS texture: Squad/Spaces/Mk2CrewCabinInternal/Mk2StandardIVA
[LOG 23:21:36.879] Load DDS texture: Squad/Spaces/Mk2CrewCabinInternal/Pilotseat
[LOG 23:21:36.879] Load DDS texture: Squad/Spaces/mk2InlineInternal/CockpitGeneric
[LOG 23:21:36.880] Load DDS texture: Squad/Spaces/mk2InlineInternal/CockpitGeneric_NRM
[LOG 23:21:36.881] Load DDS texture: Squad/Spaces/mk2InlineInternal/Mk2InlineLightmap
[LOG 23:21:36.881] Load DDS texture: Squad/Spaces/mk2InlineInternal/propsGeneric
[LOG 23:21:36.882] Load DDS texture: Squad/Spaces/mk2LanderCanInternal/mk2LanderCan_props_diffuse
[LOG 23:21:36.889] Load DDS texture: Squad/Spaces/mk2LanderCanInternal/mk2LanderCan_props_normal
[LOG 23:21:36.895] Load DDS texture: Squad/Spaces/mk2LanderCanInternal/mk2LanderCan_shell_diffuse
[LOG 23:21:36.903] Load DDS texture: Squad/Spaces/mk2LanderCanInternal/mk2LanderCan_shell_normal
[LOG 23:21:36.912] Load MBM texture: Squad/Spaces/mk2LanderCanInternal/pilot Seat
[LOG 23:21:36.957] Load DDS texture: Squad/Spaces/MK3CockpitInternal/Glass
[LOG 23:21:36.957] Load DDS texture: Squad/Spaces/MK3CockpitInternal/Mk2StandardIVA
[LOG 23:21:36.957] Load DDS texture: Squad/Spaces/MK3_CrewCab_Int/Glass
[LOG 23:21:36.957] Load DDS texture: Squad/Spaces/MK3_CrewCab_Int/GlassMK3CC
[LOG 23:21:36.957] Load DDS texture: Squad/Spaces/MK3_CrewCab_Int/Mk2StandardIVA
[LOG 23:21:36.958] Load DDS texture: Squad/Spaces/MK3_CrewCab_Int/MK3_CrewCab_Int
[LOG 23:21:36.958] Load DDS texture: Squad/Spaces/MK3_CrewCab_Int/MK3_CrewCab_Int_n
[LOG 23:21:36.958] Load DDS texture: Squad/Spaces/MK3_CrewCab_Int/Pilotseat
[LOG 23:21:36.958] Load DDS texture: Squad/Spaces/Placeholder/PlaceholderIVA
[LOG 23:21:36.958] Load DDS texture: Squad/Spaces/PodCockpit/model000
[LOG 23:21:36.959] Load DDS texture: Squad/Spaces/PodCockpit/model001
[LOG 23:21:36.960] Load DDS texture: Squad/Spaces/PodCockpit/model002
[LOG 23:21:36.960] Load DDS texture: Squad/Spaces/PodCockpit/model003
[LOG 23:21:36.962] Load DDS texture: Squad/Spaces/PodCockpit/model004
[LOG 23:21:36.963] Load DDS texture: Squad/Spaces/PodCockpit/model005
[LOG 23:21:36.965] Load DDS texture: Squad/Spaces/PodCockpit/model006
[LOG 23:21:36.965] Load DDS texture: Squad/Spaces/PodCockpit/model007
[LOG 23:21:36.966] Load DDS texture: Squad/Spaces/sharedAssets/CockpitGeneric
[LOG 23:21:36.967] Load DDS texture: Squad/Spaces/sharedAssets/CockpitGeneric_NRM
[LOG 23:21:36.968] Load Cached PNG Texture: Squad/Strategies/Icons/AggressiveNegotiations
[LOG 23:21:36.969] Load Cached PNG Texture: Squad/Strategies/Icons/AppreciationCampaign
[LOG 23:21:36.969] Load Cached PNG Texture: Squad/Strategies/Icons/BailOutGrant
[LOG 23:21:36.969] Load Cached PNG Texture: Squad/Strategies/Icons/FundraisingCampaign
[LOG 23:21:36.969] Load Cached PNG Texture: Squad/Strategies/Icons/LeadershipInitiative
[LOG 23:21:36.970] Load Cached PNG Texture: Squad/Strategies/Icons/OpenSourceTechProgram
[LOG 23:21:36.970] Load Cached PNG Texture: Squad/Strategies/Icons/OutsourcedResearch
[LOG 23:21:36.970] Load Cached PNG Texture: Squad/Strategies/Icons/PatentsLicensing
[LOG 23:21:36.970] Load Cached PNG Texture: Squad/Strategies/Icons/RecoveryTransponderFitting
[LOG 23:21:36.970] Load Cached PNG Texture: Squad/Strategies/Icons/ResearchRightsSellOut
[LOG 23:21:36.970] Load Cached PNG Texture: Squad/Strategies/Icons/UnpaidResearchProgram
[LOG 23:21:36.970] Load Cached PNG Texture: Squad/Tutorials/ChuteColors
[LOG 23:21:36.971] Load DDS texture: Squad/Tutorials/EditorCoM
[LOG 23:21:36.973] Load Cached PNG Texture: Squad/Tutorials/EditorSnap
[LOG 23:21:36.973] Load Cached PNG Texture: Squad/Tutorials/EditorSnap4x
[LOG 23:21:36.973] Load Cached PNG Texture: Squad/Tutorials/EditorSymm
[LOG 23:21:36.979] Load Cached PNG Texture: Squad/Tutorials/StagingStack
[LOG 23:21:36.979] Load PNG texture: Squad/Tutorials/YPRDiagram
[WRN 23:21:36.986] Texture isn't eligible for DXT compression, width and height must be multiples of 4
[LOG 23:21:36.986] Load Cached PNG Texture: SquadExpansion/MakingHistory/Banners/Fail/default
[LOG 23:21:36.986] Load Cached PNG Texture: SquadExpansion/MakingHistory/Banners/Fail/fail01
[LOG 23:21:36.987] Load Cached PNG Texture: SquadExpansion/MakingHistory/Banners/Fail/fail02
[LOG 23:21:36.987] Load PNG texture: SquadExpansion/MakingHistory/Banners/Menu/default
[WRN 23:21:36.990] Texture isn't eligible for DXT compression, width and height must be multiples of 4
[LOG 23:21:36.998] Load PNG texture: SquadExpansion/MakingHistory/Banners/Menu/MBanner_01
[WRN 23:21:37.002] Texture isn't eligible for DXT compression, width and height must be multiples of 4
[LOG 23:21:37.011] Load PNG texture: SquadExpansion/MakingHistory/Banners/Menu/MBanner_02
[WRN 23:21:37.015] Texture isn't eligible for DXT compression, width and height must be multiples of 4
[LOG 23:21:37.016] Load PNG texture: SquadExpansion/MakingHistory/Banners/Menu/MBanner_03
[WRN 23:21:37.020] Texture isn't eligible for DXT compression, width and height must be multiples of 4
[LOG 23:21:37.020] Load Cached PNG Texture: SquadExpansion/MakingHistory/Banners/Success/default
[LOG 23:21:37.020] Load Cached PNG Texture: SquadExpansion/MakingHistory/Banners/Success/success01
[LOG 23:21:37.021] Load Cached PNG Texture: SquadExpansion/MakingHistory/Banners/Success/success02
[LOG 23:21:37.021] Load Cached PNG Texture: SquadExpansion/MakingHistory/Missions/Acapello 13/Banners/Fail/fail01
[LOG 23:21:37.021] Load PNG texture: SquadExpansion/MakingHistory/Missions/Acapello 13/Banners/Menu/Mun
[WRN 23:21:37.025] Texture isn't eligible for DXT compression, width and height must be multiples of 4
[LOG 23:21:37.026] Load Cached PNG Texture: SquadExpansion/MakingHistory/Missions/Acapello 13/Banners/Success/success01
[LOG 23:21:37.026] Load Cached PNG Texture: SquadExpansion/MakingHistory/Missions/Acapello 15/Banners/Fail/default
[LOG 23:21:37.026] Load Cached PNG Texture: SquadExpansion/MakingHistory/Missions/Acapello 15/Banners/Fail/fail02
[LOG 23:21:37.027] Load PNG texture: SquadExpansion/MakingHistory/Missions/Acapello 15/Banners/Menu/default
[WRN 23:21:37.030] Texture isn't eligible for DXT compression, width and height must be multiples of 4
[LOG 23:21:37.031] Load Cached PNG Texture: SquadExpansion/MakingHistory/Missions/Acapello 15/Banners/Success/default
[LOG 23:21:37.033] Load Cached PNG Texture: SquadExpansion/MakingHistory/Missions/Blue Mun/Banners/Fail/fail01
[LOG 23:21:37.033] Load PNG texture: SquadExpansion/MakingHistory/Missions/Blue Mun/Banners/Menu/default
[WRN 23:21:37.037] Texture isn't eligible for DXT compression, width and height must be multiples of 4
[LOG 23:21:37.037] Load Cached PNG Texture: SquadExpansion/MakingHistory/Missions/Blue Mun/Banners/Success/success02
[LOG 23:21:37.037] Load Cached PNG Texture: SquadExpansion/MakingHistory/Missions/Dawn of the Space Age/Banners/Fail/default
[LOG 23:21:37.038] Load PNG texture: SquadExpansion/MakingHistory/Missions/Dawn of the Space Age/Banners/Menu/default
[WRN 23:21:37.041] Texture isn't eligible for DXT compression, width and height must be multiples of 4
[LOG 23:21:37.042] Load Cached PNG Texture: SquadExpansion/MakingHistory/Missions/Dawn of the Space Age/Banners/Success/default
[LOG 23:21:37.042] Load Cached PNG Texture: SquadExpansion/MakingHistory/Missions/Meet Me in Zero G/Banners/Fail/default
[LOG 23:21:37.042] Load Cached PNG Texture: SquadExpansion/MakingHistory/Missions/Meet Me in Zero G/Banners/Fail/fail01
[LOG 23:21:37.042] Load PNG texture: SquadExpansion/MakingHistory/Missions/Meet Me in Zero G/Banners/Menu/default
[WRN 23:21:37.044] Texture isn't eligible for DXT compression, width and height must be multiples of 4
[LOG 23:21:37.044] Load Cached PNG Texture: SquadExpansion/MakingHistory/Missions/Meet Me in Zero G/Banners/Success/default
[LOG 23:21:37.046] Load Cached PNG Texture: SquadExpansion/MakingHistory/Missions/Meet Me in Zero G/Banners/Success/success02
[LOG 23:21:37.046] Load Cached PNG Texture: SquadExpansion/MakingHistory/Missions/Munar 1/Banners/Fail/default
[LOG 23:21:37.048] Load Cached PNG Texture: SquadExpansion/MakingHistory/Missions/Munar 1/Banners/Fail/fail02
[LOG 23:21:37.048] Load PNG texture: SquadExpansion/MakingHistory/Missions/Munar 1/Banners/Menu/default
[WRN 23:21:37.051] Texture isn't eligible for DXT compression, width and height must be multiples of 4
[LOG 23:21:37.051] Load Cached PNG Texture: SquadExpansion/MakingHistory/Missions/Munar 1/Banners/Success/default
[LOG 23:21:37.052] Load Cached PNG Texture: SquadExpansion/MakingHistory/Missions/Munar 1/Banners/Success/success01
[LOG 23:21:37.052] Load Cached PNG Texture: SquadExpansion/MakingHistory/Missions/Sally-Hut 1/Banners/Fail/default
[LOG 23:21:37.052] Load Cached PNG Texture: SquadExpansion/MakingHistory/Missions/Sally-Hut 1/Banners/Fail/fail01
[LOG 23:21:37.052] Load Cached PNG Texture: SquadExpansion/MakingHistory/Missions/Sally-Hut 1/Banners/Menu/bannerSatellite
[LOG 23:21:37.052] Load Cached PNG Texture: SquadExpansion/MakingHistory/Missions/Sally-Hut 1/Banners/Success/default
[LOG 23:21:37.052] Load Cached PNG Texture: SquadExpansion/MakingHistory/Missions/Sally-Hut 1/Banners/Success/success02
[LOG 23:21:37.052] Load Cached PNG Texture: SquadExpansion/MakingHistory/Missions/To the Mun Via Minmus/Banners/Fail/fail02
[LOG 23:21:37.053] Load PNG texture: SquadExpansion/MakingHistory/Missions/To the Mun Via Minmus/Banners/Menu/MissionBannerKerbin
[WRN 23:21:37.057] Texture isn't eligible for DXT compression, width and height must be multiples of 4
[LOG 23:21:37.057] Load Cached PNG Texture: SquadExpansion/MakingHistory/Missions/To the Mun Via Minmus/Banners/Success/success01
[LOG 23:21:37.057] Load Cached PNG Texture: SquadExpansion/MakingHistory/Missions/Trouble in the Void/Banners/Fail/fail01
[LOG 23:21:37.058] Load PNG texture: SquadExpansion/MakingHistory/Missions/Trouble in the Void/Banners/Menu/default
[WRN 23:21:37.060] Texture isn't eligible for DXT compression, width and height must be multiples of 4
[LOG 23:21:37.061] Load Cached PNG Texture: SquadExpansion/MakingHistory/Missions/Trouble in the Void/Banners/Success/success02
[LOG 23:21:37.061] Load Cached PNG Texture: SquadExpansion/MakingHistory/Missions/Ziggy Kerman and the Spiders from Duna/Banners/Fail/fail02
[LOG 23:21:37.062] Load Cached PNG Texture: SquadExpansion/MakingHistory/Missions/Ziggy Kerman and the Spiders from Duna/Banners/Menu/bannerSatellite
[LOG 23:21:37.062] Load Cached PNG Texture: SquadExpansion/MakingHistory/Missions/Ziggy Kerman and the Spiders from Duna/Banners/Success/success01
[LOG 23:21:37.062] Load Cached PNG Texture: SquadExpansion/MakingHistory/Parts/@thumbs/Decoupler.1p5_icon0
[LOG 23:21:37.062] Load Cached PNG Texture: SquadExpansion/MakingHistory/Parts/@thumbs/Decoupler.1p5_icon1
[LOG 23:21:37.063] Load Cached PNG Texture: SquadExpansion/MakingHistory/Parts/@thumbs/EquiTriangle0_icon0
[LOG 23:21:37.063] Load Cached PNG Texture: SquadExpansion/MakingHistory/Parts/@thumbs/EquiTriangle0_icon1
[LOG 23:21:37.063] Load Cached PNG Texture: SquadExpansion/MakingHistory/Parts/@thumbs/EquiTriangle0_icon2
[LOG 23:21:37.063] Load Cached PNG Texture: SquadExpansion/MakingHistory/Parts/@thumbs/EquiTriangle0_icon3
[LOG 23:21:37.063] Load Cached PNG Texture: SquadExpansion/MakingHistory/Parts/@thumbs/EquiTriangle1p5_icon0
[LOG 23:21:37.064] Load Cached PNG Texture: SquadExpansion/MakingHistory/Parts/@thumbs/EquiTriangle1p5_icon1
[LOG 23:21:37.064] Load Cached PNG Texture: SquadExpansion/MakingHistory/Parts/@thumbs/EquiTriangle1p5_icon2
[LOG 23:21:37.064] Load Cached PNG Texture: SquadExpansion/MakingHistory/Parts/@thumbs/EquiTriangle1p5_icon3
[LOG 23:21:37.064] Load Cached PNG Texture: SquadExpansion/MakingHistory/Parts/@thumbs/EquiTriangle1_icon0
[LOG 23:21:37.064] Load Cached PNG Texture: SquadExpansion/MakingHistory/Parts/@thumbs/EquiTriangle1_icon1
[LOG 23:21:37.064] Load Cached PNG Texture: SquadExpansion/MakingHistory/Parts/@thumbs/EquiTriangle1_icon2
[LOG 23:21:37.064] Load Cached PNG Texture: SquadExpansion/MakingHistory/Parts/@thumbs/EquiTriangle1_icon3
[LOG 23:21:37.065] Load Cached PNG Texture: SquadExpansion/MakingHistory/Parts/@thumbs/EquiTriangle2_icon0
[LOG 23:21:37.065] Load Cached PNG Texture: SquadExpansion/MakingHistory/Parts/@thumbs/EquiTriangle2_icon1
[LOG 23:21:37.065] Load Cached PNG Texture: SquadExpansion/MakingHistory/Parts/@thumbs/EquiTriangle2_icon2
[LOG 23:21:37.065] Load Cached PNG Texture: SquadExpansion/MakingHistory/Parts/@thumbs/EquiTriangle2_icon3
[LOG 23:21:37.065] Load Cached PNG Texture: SquadExpansion/MakingHistory/Parts/@thumbs/HeatShield1p5_icon
[LOG 23:21:37.065] Load Cached PNG Texture: SquadExpansion/MakingHistory/Parts/@thumbs/InflatableAirlock_icon
[LOG 23:21:37.065] Load Cached PNG Texture: SquadExpansion/MakingHistory/Parts/@thumbs/LiquidEngineRV-1_icon
[LOG 23:21:37.065] Load Cached PNG Texture: SquadExpansion/MakingHistory/Parts/@thumbs/monopropMiniSphere_icon
[LOG 23:21:37.067] Load Cached PNG Texture: SquadExpansion/MakingHistory/Parts/@thumbs/Panel0_icon0
[LOG 23:21:37.068] Load Cached PNG Texture: SquadExpansion/MakingHistory/Parts/@thumbs/Panel0_icon1
[LOG 23:21:37.068] Load Cached PNG Texture: SquadExpansion/MakingHistory/Parts/@thumbs/Panel0_icon2
[LOG 23:21:37.068] Load Cached PNG Texture: SquadExpansion/MakingHistory/Parts/@thumbs/Panel0_icon3
[LOG 23:21:37.069] Load Cached PNG Texture: SquadExpansion/MakingHistory/Parts/@thumbs/Panel1p5_icon0
[LOG 23:21:37.069] Load Cached PNG Texture: SquadExpansion/MakingHistory/Parts/@thumbs/Panel1p5_icon1
[LOG 23:21:37.069] Load Cached PNG Texture: SquadExpansion/MakingHistory/Parts/@thumbs/Panel1p5_icon2
[LOG 23:21:37.069] Load Cached PNG Texture: SquadExpansion/MakingHistory/Parts/@thumbs/Panel1p5_icon3
[LOG 23:21:37.069] Load Cached PNG Texture: SquadExpansion/MakingHistory/Parts/@thumbs/Panel1_icon0
[LOG 23:21:37.069] Load Cached PNG Texture: SquadExpansion/MakingHistory/Parts/@thumbs/Panel1_icon1
[LOG 23:21:37.069] Load Cached PNG Texture: SquadExpansion/MakingHistory/Parts/@thumbs/Panel1_icon2
[LOG 23:21:37.070] Load Cached PNG Texture: SquadExpansion/MakingHistory/Parts/@thumbs/Panel1_icon3
[LOG 23:21:37.070] Load Cached PNG Texture: SquadExpansion/MakingHistory/Parts/@thumbs/roverWheelM1-F_icon0
[LOG 23:21:37.070] Load Cached PNG Texture: SquadExpansion/MakingHistory/Parts/@thumbs/roverWheelM1-F_icon1
[LOG 23:21:37.070] Load Cached PNG Texture: SquadExpansion/MakingHistory/Parts/@thumbs/Separator.1p5_icon0
[LOG 23:21:37.070] Load Cached PNG Texture: SquadExpansion/MakingHistory/Parts/@thumbs/Separator.1p5_icon1
[LOG 23:21:37.070] Load Cached PNG Texture: SquadExpansion/MakingHistory/Parts/@thumbs/Size1p5.Strut.Decoupler_icon0
[LOG 23:21:37.070] Load Cached PNG Texture: SquadExpansion/MakingHistory/Parts/@thumbs/Size1p5.Strut.Decoupler_icon1
[LOG 23:21:37.070] Load Cached PNG Texture: SquadExpansion/MakingHistory/Parts/@thumbs/Size1to0ServiceModule_icon
[LOG 23:21:37.070] Load Cached PNG Texture: SquadExpansion/MakingHistory/Parts/@thumbs/Triangle0_icon0
[LOG 23:21:37.070] Load Cached PNG Texture: SquadExpansion/MakingHistory/Parts/@thumbs/Triangle0_icon1
[LOG 23:21:37.071] Load Cached PNG Texture: SquadExpansion/MakingHistory/Parts/@thumbs/Triangle0_icon2
[LOG 23:21:37.071] Load Cached PNG Texture: SquadExpansion/MakingHistory/Parts/@thumbs/Triangle0_icon3
[LOG 23:21:37.071] Load Cached PNG Texture: SquadExpansion/MakingHistory/Parts/@thumbs/Triangle1p5_icon0
[LOG 23:21:37.071] Load Cached PNG Texture: SquadExpansion/MakingHistory/Parts/@thumbs/Triangle1p5_icon1
[LOG 23:21:37.071] Load Cached PNG Texture: SquadExpansion/MakingHistory/Parts/@thumbs/Triangle1p5_icon2
[LOG 23:21:37.071] Load Cached PNG Texture: SquadExpansion/MakingHistory/Parts/@thumbs/Triangle1p5_icon3
[LOG 23:21:37.072] Load Cached PNG Texture: SquadExpansion/MakingHistory/Parts/@thumbs/Triangle1_icon0
[LOG 23:21:37.072] Load Cached PNG Texture: SquadExpansion/MakingHistory/Parts/@thumbs/Triangle1_icon1
[LOG 23:21:37.072] Load Cached PNG Texture: SquadExpansion/MakingHistory/Parts/@thumbs/Triangle1_icon2
[LOG 23:21:37.072] Load Cached PNG Texture: SquadExpansion/MakingHistory/Parts/@thumbs/Triangle1_icon3
[LOG 23:21:37.073] Load Cached PNG Texture: SquadExpansion/MakingHistory/Parts/@thumbs/Triangle2_icon0
[LOG 23:21:37.073] Load Cached PNG Texture: SquadExpansion/MakingHistory/Parts/@thumbs/Triangle2_icon1
[LOG 23:21:37.073] Load Cached PNG Texture: SquadExpansion/MakingHistory/Parts/@thumbs/Triangle2_icon2
[LOG 23:21:37.073] Load Cached PNG Texture: SquadExpansion/MakingHistory/Parts/@thumbs/Triangle2_icon3
[LOG 23:21:37.073] Load Cached PNG Texture: SquadExpansion/MakingHistory/Parts/@thumbs/Tube1_icon0
[LOG 23:21:37.074] Load Cached PNG Texture: SquadExpansion/MakingHistory/Parts/@thumbs/Tube1_icon1
[LOG 23:21:37.074] Load Cached PNG Texture: SquadExpansion/MakingHistory/Parts/@thumbs/Tube1_icon2
[LOG 23:21:37.074] Load Cached PNG Texture: SquadExpansion/MakingHistory/Parts/@thumbs/Tube1_icon3
[LOG 23:21:37.074] Load Cached PNG Texture: SquadExpansion/MakingHistory/Parts/@thumbs/Tube1_icon4
[LOG 23:21:37.074] Load Cached PNG Texture: SquadExpansion/MakingHistory/Parts/Aero/protectiveRocketNoseMk5A/s1p5_cone
[LOG 23:21:37.074] Load Cached PNG Texture: SquadExpansion/MakingHistory/Parts/Aero/protectiveRocketNoseMk5A/s1p5_cone_Orange
[LOG 23:21:37.075] Load DDS texture: SquadExpansion/MakingHistory/Parts/Coupling/Assets/airlock
[LOG 23:21:37.075] Load DDS texture: SquadExpansion/MakingHistory/Parts/Coupling/Assets/airlock_N
[LOG 23:21:37.076] Load DDS texture: SquadExpansion/MakingHistory/Parts/Coupling/Assets/EnginePlate
[LOG 23:21:37.076] Load DDS texture: SquadExpansion/MakingHistory/Parts/Coupling/Assets/Size1_5_Decoupler_grey
[LOG 23:21:37.076] Load DDS texture: SquadExpansion/MakingHistory/Parts/Coupling/Assets/Size1_5_Decoupler_orange
[LOG 23:21:37.076] Load DDS texture: SquadExpansion/MakingHistory/Parts/Engine/Assets/KE-1
[LOG 23:21:37.077] Load DDS texture: SquadExpansion/MakingHistory/Parts/Engine/Assets/KE-1_BASE
[LOG 23:21:37.078] Load DDS texture: SquadExpansion/MakingHistory/Parts/Engine/Assets/LV-T87
[LOG 23:21:37.079] Load DDS texture: SquadExpansion/MakingHistory/Parts/Engine/Assets/LV-T91
[LOG 23:21:37.081] Load DDS texture: SquadExpansion/MakingHistory/Parts/Engine/Assets/RE-I2
[LOG 23:21:37.084] Load DDS texture: SquadExpansion/MakingHistory/Parts/Engine/Assets/RE-J10
[LOG 23:21:37.085] Load DDS texture: SquadExpansion/MakingHistory/Parts/Engine/Assets/RE-J10_N
[LOG 23:21:37.086] Load DDS texture: SquadExpansion/MakingHistory/Parts/Engine/Assets/RK-7
[LOG 23:21:37.091] Load DDS texture: SquadExpansion/MakingHistory/Parts/Engine/Assets/RK-7_N
[LOG 23:21:37.092] Load DDS texture: SquadExpansion/MakingHistory/Parts/Engine/solidBoosterTHK/SolidBoosterS2-17_emissive
[LOG 23:21:37.104] Load DDS texture: SquadExpansion/MakingHistory/Parts/Engine/solidBoosterTHK/solidBoosterTHK_diffuse
[LOG 23:21:37.110] Load DDS texture: SquadExpansion/MakingHistory/Parts/FuelTank/Assets/Size1p5_02
[LOG 23:21:37.112] Load DDS texture: SquadExpansion/MakingHistory/Parts/FuelTank/Assets/Size1p5_02_ALT01
[LOG 23:21:37.113] Load DDS texture: SquadExpansion/MakingHistory/Parts/FuelTank/Assets/Size1p5_02_ALT02
[LOG 23:21:37.114] Load DDS texture: SquadExpansion/MakingHistory/Parts/FuelTank/Assets/Size1p5_02_ALT02_normal
[LOG 23:21:37.116] Load DDS texture: SquadExpansion/MakingHistory/Parts/FuelTank/Assets/Size1p5_mono
[LOG 23:21:37.117] Load DDS texture: SquadExpansion/MakingHistory/Parts/FuelTank/Assets/Size1p5_mono_2
[LOG 23:21:37.118] Load DDS texture: SquadExpansion/MakingHistory/Parts/FuelTank/Assets/Size1p5_mono_N
[LOG 23:21:37.120] Load DDS texture: SquadExpansion/MakingHistory/Parts/FuelTank/Assets/Size1_5_TankAdapters
[LOG 23:21:37.120] Load DDS texture: SquadExpansion/MakingHistory/Parts/FuelTank/Assets/Size1_5_TankAdapters_ALT01
[LOG 23:21:37.121] Load DDS texture: SquadExpansion/MakingHistory/Parts/FuelTank/Assets/Size1_5_TankAdapters_ALT02
[LOG 23:21:37.123] Load DDS texture: SquadExpansion/MakingHistory/Parts/FuelTank/Assets/Size1_5_TankAdapters_ALT02nm
[LOG 23:21:37.124] Load DDS texture: SquadExpansion/MakingHistory/Parts/FuelTank/Assets/Size1_5_TankAdapters_N
[LOG 23:21:37.125] Load DDS texture: SquadExpansion/MakingHistory/Parts/FuelTank/Assets/Size1_5_Tanks
[LOG 23:21:37.126] Load DDS texture: SquadExpansion/MakingHistory/Parts/FuelTank/Assets/Size1_5_Tanks_ALT02
[LOG 23:21:37.127] Load DDS texture: SquadExpansion/MakingHistory/Parts/FuelTank/Assets/Size1_5_Tanks_ALT02_nm
[LOG 23:21:37.128] Load DDS texture: SquadExpansion/MakingHistory/Parts/FuelTank/Assets/Size1_5_Tanks_grey
[LOG 23:21:37.129] Load DDS texture: SquadExpansion/MakingHistory/Parts/FuelTank/Assets/Size4_Tanks
[LOG 23:21:37.137] Load DDS texture: SquadExpansion/MakingHistory/Parts/FuelTank/Assets/Size4_Tanks_N
[LOG 23:21:37.145] Load DDS texture: SquadExpansion/MakingHistory/Parts/Ground/Assets/RoverWheel
[LOG 23:21:37.146] Load DDS texture: SquadExpansion/MakingHistory/Parts/Ground/Assets/RoverWheelG
[LOG 23:21:37.147] Load DDS texture: SquadExpansion/MakingHistory/Parts/Payload/Assets/Size1to0ServiceBay
[LOG 23:21:37.148] Load DDS texture: SquadExpansion/MakingHistory/Parts/Payload/Assets/Size1to0ServiceBay_n
[LOG 23:21:37.148] Load DDS texture: SquadExpansion/MakingHistory/Parts/Payload/Assets/SM18_diffuse
[LOG 23:21:37.156] Load Cached PNG Texture: SquadExpansion/MakingHistory/Parts/Payload/Assets/SM18_NRM
[LOG 23:21:37.164] Load DDS texture: SquadExpansion/MakingHistory/Parts/Payload/Assets/SM18_specular
[LOG 23:21:37.171] Load DDS texture: SquadExpansion/MakingHistory/Parts/Payload/Assets/SM25_diffuse
[LOG 23:21:37.172] Load DDS texture: SquadExpansion/MakingHistory/Parts/Payload/Assets/SM25_normals
[LOG 23:21:37.173] Load DDS texture: SquadExpansion/MakingHistory/Parts/Pods/Assets/KV1
[LOG 23:21:37.175] Load DDS texture: SquadExpansion/MakingHistory/Parts/Pods/Assets/KV1_GLOW
[LOG 23:21:37.175] Load DDS texture: SquadExpansion/MakingHistory/Parts/Pods/Assets/KV2
[LOG 23:21:37.176] Load DDS texture: SquadExpansion/MakingHistory/Parts/Pods/Assets/KV3
[LOG 23:21:37.179] Load DDS texture: SquadExpansion/MakingHistory/Parts/Pods/Assets/Mk2Pod
[LOG 23:21:37.180] Load DDS texture: SquadExpansion/MakingHistory/Parts/Pods/Assets/Mk2Pod_GLOW
[LOG 23:21:37.181] Load DDS texture: SquadExpansion/MakingHistory/Parts/Pods/Assets/Mk2Pod_n
[LOG 23:21:37.184] Load DDS texture: SquadExpansion/MakingHistory/Parts/Pods/Assets/Size1_5_Lander
[LOG 23:21:37.184] Load DDS texture: SquadExpansion/MakingHistory/Parts/Pods/Assets/Size1_5_Lander_GLOW
[LOG 23:21:37.185] Load DDS texture: SquadExpansion/MakingHistory/Parts/SharedAssets/Shrouds
[LOG 23:21:37.188] Load DDS texture: SquadExpansion/MakingHistory/Parts/SharedAssets/Shrouds_N
[LOG 23:21:37.189] Load DDS texture: SquadExpansion/MakingHistory/Parts/Structural/Assets/NormalMap
[LOG 23:21:37.190] Load DDS texture: SquadExpansion/MakingHistory/Parts/Structural/Assets/Panels
[LOG 23:21:37.194] Load DDS texture: SquadExpansion/MakingHistory/Parts/Structural/Assets/Panels_Dark_D
[LOG 23:21:37.196] Load DDS texture: SquadExpansion/MakingHistory/Parts/Structural/Assets/Panels_Gold_D
[LOG 23:21:37.200] Load Cached PNG Texture: SquadExpansion/MakingHistory/Parts/Structural/Assets/Panels_Gold_NRM
[LOG 23:21:37.209] Load DDS texture: SquadExpansion/MakingHistory/Parts/Structural/Assets/Panels_Gold_S
[LOG 23:21:37.210] Load DDS texture: SquadExpansion/MakingHistory/Parts/Structural/Assets/Panels_Silver_D
[LOG 23:21:37.212] Load DDS texture: SquadExpansion/MakingHistory/Parts/Structural/Assets/Panels_Silver_S
[LOG 23:21:37.215] Load Cached PNG Texture: SquadExpansion/MakingHistory/Ships/@thumbs/VAB/Acapello
[LOG 23:21:37.215] Load Cached PNG Texture: SquadExpansion/MakingHistory/Ships/@thumbs/VAB/Beta Centaurus
[LOG 23:21:37.215] Load Cached PNG Texture: SquadExpansion/MakingHistory/Ships/@thumbs/VAB/Goliath II HLV
[LOG 23:21:37.215] Load Cached PNG Texture: SquadExpansion/MakingHistory/Ships/@thumbs/VAB/Muna 1
[LOG 23:21:37.215] Load Cached PNG Texture: SquadExpansion/MakingHistory/Ships/@thumbs/VAB/Sally-Hut 1
[LOG 23:21:37.219] Load Cached PNG Texture: SquadExpansion/MakingHistory/Ships/@thumbs/VAB/SWM-94 Communications Satellite
[LOG 23:21:37.219] Load Cached PNG Texture: SquadExpansion/MakingHistory/Ships/@thumbs/VAB/Valshkod 2
[LOG 23:21:37.219] Load DDS texture: SquadExpansion/MakingHistory/Spaces/KVPods/airlock
[LOG 23:21:37.219] Load DDS texture: SquadExpansion/MakingHistory/Spaces/KVPods/airlock_N
[LOG 23:21:37.220] Load DDS texture: SquadExpansion/MakingHistory/Spaces/KVPods/KV1_Props_Diffuse
[LOG 23:21:37.229] Load DDS texture: SquadExpansion/MakingHistory/Spaces/KVPods/KV1_Props_Normal
[LOG 23:21:37.235] Load DDS texture: SquadExpansion/MakingHistory/Spaces/KVPods/KV1_Shell_Diffuse
[LOG 23:21:37.243] Load DDS texture: SquadExpansion/MakingHistory/Spaces/KVPods/KV1_Shell_Emissive
[LOG 23:21:37.245] Load DDS texture: SquadExpansion/MakingHistory/Spaces/KVPods/KV1_Shell_Normal
[LOG 23:21:37.255] Load DDS texture: SquadExpansion/MakingHistory/Spaces/KVPods/KV1_Vzor_Diffuse
[LOG 23:21:37.256] Load DDS texture: SquadExpansion/MakingHistory/Spaces/KVPods/KV2_Props_Diffuse
[LOG 23:21:37.261] Load DDS texture: SquadExpansion/MakingHistory/Spaces/KVPods/KV2_Props_Emissive
[LOG 23:21:37.268] Load DDS texture: SquadExpansion/MakingHistory/Spaces/KVPods/KV2_Props_Normal
[LOG 23:21:37.276] Load DDS texture: SquadExpansion/MakingHistory/Spaces/KVPods/KV2_Shell_Diffuse
[LOG 23:21:37.282] Load DDS texture: SquadExpansion/MakingHistory/Spaces/KVPods/KV2_Shell_Normal
[LOG 23:21:37.289] Load DDS texture: SquadExpansion/MakingHistory/Spaces/KVPods/KV3_Props_Diffuse
[LOG 23:21:37.294] Load DDS texture: SquadExpansion/MakingHistory/Spaces/KVPods/KV3_Props_Normal
[LOG 23:21:37.298] Load DDS texture: SquadExpansion/MakingHistory/Spaces/KVPods/KV3_Shell_Diffuse
[LOG 23:21:37.308] Load DDS texture: SquadExpansion/MakingHistory/Spaces/KVPods/KV3_Shell_Normal
[LOG 23:21:37.314] Load DDS texture: SquadExpansion/MakingHistory/Spaces/KVPods/motor
[LOG 23:21:37.314] Load DDS texture: SquadExpansion/MakingHistory/Spaces/KVPods/pilot Seat
[LOG 23:21:37.314] Load DDS texture: SquadExpansion/MakingHistory/Spaces/MEM/PANELS_AO
[LOG 23:21:37.318] Load DDS texture: SquadExpansion/MakingHistory/Spaces/MEM/PANELS_EMISSIVE
[LOG 23:21:37.323] Load DDS texture: SquadExpansion/MakingHistory/Spaces/MEM/PANELS_NORMAL
[LOG 23:21:37.327] Load DDS texture: SquadExpansion/MakingHistory/Spaces/MEM/pilot Seat
[LOG 23:21:37.328] Load DDS texture: SquadExpansion/MakingHistory/Spaces/MEM/propsGeneric
[LOG 23:21:37.329] Load DDS texture: SquadExpansion/MakingHistory/Spaces/MEM/PROPS_AO
[LOG 23:21:37.333] Load DDS texture: SquadExpansion/MakingHistory/Spaces/MEM/PROPS_EMISSIVE
[LOG 23:21:37.334] Load DDS texture: SquadExpansion/MakingHistory/Spaces/MEM/PROPS_NORMAL
[LOG 23:21:37.338] Load DDS texture: SquadExpansion/MakingHistory/Spaces/Mk2Pod/DIfuse_controlboard
[LOG 23:21:37.345] Load DDS texture: SquadExpansion/MakingHistory/Spaces/Mk2Pod/Normal_controlbard
[LOG 23:21:37.359] Load DDS texture: SquadExpansion/MakingHistory/Spaces/Mk2Pod/Outershell_Base_Color
[LOG 23:21:37.366] Load DDS texture: SquadExpansion/MakingHistory/Spaces/Mk2Pod/Outershell_Normal
[LOG 23:21:37.372] Load DDS texture: SquadExpansion/MakingHistory/Spaces/Mk2Pod/pilot Seat
[LOG 23:21:37.374] Load Cached PNG Texture: SquadExpansion/Serenity/Parts/@thumbs/controller1000_icon
[LOG 23:21:37.375] Load Cached PNG Texture: SquadExpansion/Serenity/Parts/@thumbs/DeployedCentralStation_icon
[LOG 23:21:37.375] Load Cached PNG Texture: SquadExpansion/Serenity/Parts/@thumbs/DeployedGoExOb_icon
[LOG 23:21:37.375] Load Cached PNG Texture: SquadExpansion/Serenity/Parts/@thumbs/DeployedIONExp_icon
[LOG 23:21:37.375] Load Cached PNG Texture: SquadExpansion/Serenity/Parts/@thumbs/DeployedRTG_icon
[LOG 23:21:37.375] Load Cached PNG Texture: SquadExpansion/Serenity/Parts/@thumbs/DeployedSatDish_icon
[LOG 23:21:37.375] Load Cached PNG Texture: SquadExpansion/Serenity/Parts/@thumbs/DeployedSeismicSensor_icon
[LOG 23:21:37.375] Load Cached PNG Texture: SquadExpansion/Serenity/Parts/@thumbs/DeployedSolarPanel_icon
[LOG 23:21:37.375] Load Cached PNG Texture: SquadExpansion/Serenity/Parts/@thumbs/DeployedWeatherStn_icon
[LOG 23:21:37.375] Load Cached PNG Texture: SquadExpansion/Serenity/Parts/@thumbs/FanShroud.01_icon0
[LOG 23:21:37.375] Load Cached PNG Texture: SquadExpansion/Serenity/Parts/@thumbs/FanShroud.01_icon1
[LOG 23:21:37.375] Load Cached PNG Texture: SquadExpansion/Serenity/Parts/@thumbs/FanShroud.02_icon0
[LOG 23:21:37.375] Load Cached PNG Texture: SquadExpansion/Serenity/Parts/@thumbs/FanShroud.02_icon1
[LOG 23:21:37.375] Load Cached PNG Texture: SquadExpansion/Serenity/Parts/@thumbs/hinge.01.s_icon0
[LOG 23:21:37.376] Load Cached PNG Texture: SquadExpansion/Serenity/Parts/@thumbs/hinge.01.s_icon1
[LOG 23:21:37.376] Load Cached PNG Texture: SquadExpansion/Serenity/Parts/@thumbs/hinge.01_icon0
[LOG 23:21:37.376] Load Cached PNG Texture: SquadExpansion/Serenity/Parts/@thumbs/hinge.01_icon1
[LOG 23:21:37.376] Load Cached PNG Texture: SquadExpansion/Serenity/Parts/@thumbs/hinge.03.s_icon0
[LOG 23:21:37.376] Load Cached PNG Texture: SquadExpansion/Serenity/Parts/@thumbs/hinge.03.s_icon1
[LOG 23:21:37.376] Load Cached PNG Texture: SquadExpansion/Serenity/Parts/@thumbs/hinge.03_icon0
[LOG 23:21:37.376] Load Cached PNG Texture: SquadExpansion/Serenity/Parts/@thumbs/hinge.03_icon1
[LOG 23:21:37.376] Load Cached PNG Texture: SquadExpansion/Serenity/Parts/@thumbs/largeFanBlade_icon0
[LOG 23:21:37.376] Load Cached PNG Texture: SquadExpansion/Serenity/Parts/@thumbs/largeFanBlade_icon1
[LOG 23:21:37.376] Load Cached PNG Texture: SquadExpansion/Serenity/Parts/@thumbs/largePropeller_icon0
[LOG 23:21:37.376] Load Cached PNG Texture: SquadExpansion/Serenity/Parts/@thumbs/largePropeller_icon1
[LOG 23:21:37.376] Load Cached PNG Texture: SquadExpansion/Serenity/Parts/@thumbs/lGripPad_icon0
[LOG 23:21:37.377] Load Cached PNG Texture: SquadExpansion/Serenity/Parts/@thumbs/lGripPad_icon1
[LOG 23:21:37.377] Load Cached PNG Texture: SquadExpansion/Serenity/Parts/@thumbs/lGripStrip_icon
[LOG 23:21:37.377] Load Cached PNG Texture: SquadExpansion/Serenity/Parts/@thumbs/mediumFanBlade_icon0
[LOG 23:21:37.377] Load Cached PNG Texture: SquadExpansion/Serenity/Parts/@thumbs/mediumFanBlade_icon1
[LOG 23:21:37.377] Load Cached PNG Texture: SquadExpansion/Serenity/Parts/@thumbs/mediumPropeller_icon0
[LOG 23:21:37.377] Load Cached PNG Texture: SquadExpansion/Serenity/Parts/@thumbs/mediumPropeller_icon1
[LOG 23:21:37.377] Load Cached PNG Texture: SquadExpansion/Serenity/Parts/@thumbs/mGripPad_icon0
[LOG 23:21:37.377] Load Cached PNG Texture: SquadExpansion/Serenity/Parts/@thumbs/mGripPad_icon1
[LOG 23:21:37.377] Load Cached PNG Texture: SquadExpansion/Serenity/Parts/@thumbs/noseconeTiny_icon
[LOG 23:21:37.377] Load Cached PNG Texture: SquadExpansion/Serenity/Parts/@thumbs/noseconeVS_icon
[LOG 23:21:37.377] Load Cached PNG Texture: SquadExpansion/Serenity/Parts/@thumbs/piston.01_icon0
[LOG 23:21:37.377] Load Cached PNG Texture: SquadExpansion/Serenity/Parts/@thumbs/piston.01_icon1
[LOG 23:21:37.378] Load Cached PNG Texture: SquadExpansion/Serenity/Parts/@thumbs/piston.02_icon0
[LOG 23:21:37.378] Load Cached PNG Texture: SquadExpansion/Serenity/Parts/@thumbs/piston.02_icon1
[LOG 23:21:37.378] Load Cached PNG Texture: SquadExpansion/Serenity/Parts/@thumbs/piston.03_icon0
[LOG 23:21:37.407] Load Cached PNG Texture: SquadExpansion/Serenity/Parts/@thumbs/piston.03_icon1
[LOG 23:21:37.408] Load Cached PNG Texture: SquadExpansion/Serenity/Parts/@thumbs/piston.04_icon0
[LOG 23:21:37.408] Load Cached PNG Texture: SquadExpansion/Serenity/Parts/@thumbs/piston.04_icon1
[LOG 23:21:37.408] Load Cached PNG Texture: SquadExpansion/Serenity/Parts/@thumbs/RobotArmScanner.S1_icon
[LOG 23:21:37.408] Load Cached PNG Texture: SquadExpansion/Serenity/Parts/@thumbs/RobotArmScanner.S2_icon
[LOG 23:21:37.409] Load Cached PNG Texture: SquadExpansion/Serenity/Parts/@thumbs/RobotArmScanner.S3_icon
[LOG 23:21:37.409] Load Cached PNG Texture: SquadExpansion/Serenity/Parts/@thumbs/rotor.01s_icon0
[LOG 23:21:37.409] Load Cached PNG Texture: SquadExpansion/Serenity/Parts/@thumbs/rotor.01s_icon1
[LOG 23:21:37.409] Load Cached PNG Texture: SquadExpansion/Serenity/Parts/@thumbs/rotor.01_icon0
[LOG 23:21:37.409] Load Cached PNG Texture: SquadExpansion/Serenity/Parts/@thumbs/rotor.01_icon1
[LOG 23:21:37.409] Load Cached PNG Texture: SquadExpansion/Serenity/Parts/@thumbs/rotor.02s_icon0
[LOG 23:21:37.409] Load Cached PNG Texture: SquadExpansion/Serenity/Parts/@thumbs/rotor.02s_icon1
[LOG 23:21:37.409] Load Cached PNG Texture: SquadExpansion/Serenity/Parts/@thumbs/rotor.02_icon0
[LOG 23:21:37.409] Load Cached PNG Texture: SquadExpansion/Serenity/Parts/@thumbs/rotor.02_icon1
[LOG 23:21:37.410] Load Cached PNG Texture: SquadExpansion/Serenity/Parts/@thumbs/RotorEngine.02_icon
[LOG 23:21:37.410] Load Cached PNG Texture: SquadExpansion/Serenity/Parts/@thumbs/rotoServo.00_icon0
[LOG 23:21:37.410] Load Cached PNG Texture: SquadExpansion/Serenity/Parts/@thumbs/rotoServo.00_icon1
[LOG 23:21:37.410] Load Cached PNG Texture: SquadExpansion/Serenity/Parts/@thumbs/rotoServo.02_icon0
[LOG 23:21:37.410] Load Cached PNG Texture: SquadExpansion/Serenity/Parts/@thumbs/rotoServo.02_icon1
[LOG 23:21:37.410] Load Cached PNG Texture: SquadExpansion/Serenity/Parts/@thumbs/rotoServo.03_icon0
[LOG 23:21:37.410] Load Cached PNG Texture: SquadExpansion/Serenity/Parts/@thumbs/rotoServo.03_icon1
[LOG 23:21:37.410] Load Cached PNG Texture: SquadExpansion/Serenity/Parts/@thumbs/sGripPad_icon0
[LOG 23:21:37.410] Load Cached PNG Texture: SquadExpansion/Serenity/Parts/@thumbs/sGripPad_icon1
[LOG 23:21:37.410] Load Cached PNG Texture: SquadExpansion/Serenity/Parts/@thumbs/sGripStrip_icon
[LOG 23:21:37.410] Load Cached PNG Texture: SquadExpansion/Serenity/Parts/@thumbs/smallFanBlade_icon0
[LOG 23:21:37.410] Load Cached PNG Texture: SquadExpansion/Serenity/Parts/@thumbs/smallFanBlade_icon1
[LOG 23:21:37.411] Load Cached PNG Texture: SquadExpansion/Serenity/Parts/@thumbs/smallHeliBlade_icon0
[LOG 23:21:37.411] Load Cached PNG Texture: SquadExpansion/Serenity/Parts/@thumbs/smallHeliBlade_icon1
[LOG 23:21:37.411] Load Cached PNG Texture: SquadExpansion/Serenity/Parts/@thumbs/smallPropeller_icon0
[LOG 23:21:37.411] Load Cached PNG Texture: SquadExpansion/Serenity/Parts/@thumbs/smallPropeller_icon1
[LOG 23:21:37.411] Load DDS texture: SquadExpansion/Serenity/Parts/Aero/Assets/copterBlades_diffuse
[LOG 23:21:37.411] Load DDS texture: SquadExpansion/Serenity/Parts/Aero/Assets/shroudsDiffuse_color
[LOG 23:21:37.411] Load DDS texture: SquadExpansion/Serenity/Parts/Aero/Assets/shroudsDiffuse_plain
[LOG 23:21:37.417] Load Cached PNG Texture: SquadExpansion/Serenity/Parts/DeployedScience/MockupTexture
[LOG 23:21:37.417] Load DDS texture: SquadExpansion/Serenity/Parts/DeployedScience/Assets/centralStation_diffuse
[LOG 23:21:37.418] Load DDS texture: SquadExpansion/Serenity/Parts/DeployedScience/Assets/centralStation_emissive
[LOG 23:21:37.440] Load DDS texture: SquadExpansion/Serenity/Parts/DeployedScience/Assets/GenericParts_diffuse
[LOG 23:21:37.443] Load DDS texture: SquadExpansion/Serenity/Parts/DeployedScience/Assets/GenericParts_emissive
[LOG 23:21:37.444] Load DDS texture: SquadExpansion/Serenity/Parts/DeployedScience/Assets/GenericParts_normal
[LOG 23:21:37.447] Load DDS texture: SquadExpansion/Serenity/Parts/DeployedScience/Assets/goex_diffuse
[LOG 23:21:37.450] Load DDS texture: SquadExpansion/Serenity/Parts/DeployedScience/Assets/goex_specMapped
[LOG 23:21:37.453] Load DDS texture: SquadExpansion/Serenity/Parts/DeployedScience/Assets/Grid
[LOG 23:21:37.453] Load DDS texture: SquadExpansion/Serenity/Parts/DeployedScience/Assets/IonExperiment_diffuse
[LOG 23:21:37.454] Load DDS texture: SquadExpansion/Serenity/Parts/DeployedScience/Assets/RTGCask_diffuse
[LOG 23:21:37.454] Load DDS texture: SquadExpansion/Serenity/Parts/DeployedScience/Assets/satDish_diffuse
[LOG 23:21:37.456] Load Cached PNG Texture: SquadExpansion/Serenity/Parts/DeployedScience/Assets/Scratch
[LOG 23:21:37.457] Load DDS texture: SquadExpansion/Serenity/Parts/DeployedScience/Assets/Screen2
[LOG 23:21:37.457] Load DDS texture: SquadExpansion/Serenity/Parts/DeployedScience/Assets/Screen3
[LOG 23:21:37.457] Load DDS texture: SquadExpansion/Serenity/Parts/DeployedScience/Assets/ScreenReadout
[LOG 23:21:37.458] Load DDS texture: SquadExpansion/Serenity/Parts/DeployedScience/Assets/seismicSensor_diffuse
[LOG 23:21:37.458] Load DDS texture: SquadExpansion/Serenity/Parts/DeployedScience/Assets/seismicSensor_nrm
[LOG 23:21:37.458] Load DDS texture: SquadExpansion/Serenity/Parts/DeployedScience/Assets/seismicSensor_specularMapped
[LOG 23:21:37.460] Load DDS texture: SquadExpansion/Serenity/Parts/DeployedScience/Assets/SolarGraph
[LOG 23:21:37.460] Load DDS texture: SquadExpansion/Serenity/Parts/DeployedScience/Assets/solarPanel_diffuse
[LOG 23:21:37.463] Load DDS texture: SquadExpansion/Serenity/Parts/DeployedScience/Assets/Waveleght3
[LOG 23:21:37.463] Load DDS texture: SquadExpansion/Serenity/Parts/DeployedScience/Assets/Wavelenght
[LOG 23:21:37.463] Load DDS texture: SquadExpansion/Serenity/Parts/DeployedScience/Assets/Wavelenght2
[LOG 23:21:37.463] Load DDS texture: SquadExpansion/Serenity/Parts/DeployedScience/Assets/wavelenght4
[LOG 23:21:37.463] Load DDS texture: SquadExpansion/Serenity/Parts/DeployedScience/Assets/wavelenght5
[LOG 23:21:37.464] Load DDS texture: SquadExpansion/Serenity/Parts/DeployedScience/Assets/WeatherStation [Normal]
[LOG 23:21:37.492] Load DDS texture: SquadExpansion/Serenity/Parts/DeployedScience/Assets/Weather_Station_diffuse
[LOG 23:21:37.502] Load DDS texture: SquadExpansion/Serenity/Parts/DeployedScience/Assets/Weather_Station_normal
[LOG 23:21:37.509] Load DDS texture: SquadExpansion/Serenity/Parts/Propellers/Assets/blade_diffuse
[LOG 23:21:37.510] Load DDS texture: SquadExpansion/Serenity/Parts/Propellers/Assets/copterBlades_diffuse
[LOG 23:21:37.511] Load DDS texture: SquadExpansion/Serenity/Parts/Propellers/Assets/fan_diffuse
[LOG 23:21:37.511] Load DDS texture: SquadExpansion/Serenity/Parts/Robotics/Assets/hinges-03-s_diffuse_Color
[LOG 23:21:37.511] Load DDS texture: SquadExpansion/Serenity/Parts/Robotics/Assets/hinges-03_diffuse_color
[LOG 23:21:37.512] Load DDS texture: SquadExpansion/Serenity/Parts/Robotics/Assets/hinges-03_diffuse_plain
[LOG 23:21:37.513] Load DDS texture: SquadExpansion/Serenity/Parts/Robotics/Assets/hinges_diffuse
[LOG 23:21:37.513] Load DDS texture: SquadExpansion/Serenity/Parts/Robotics/Assets/Hinge_diffuse_G-00_Color
[LOG 23:21:37.513] Load DDS texture: SquadExpansion/Serenity/Parts/Robotics/Assets/Hinge_diffuse_G-11_Color
[LOG 23:21:37.514] Load DDS texture: SquadExpansion/Serenity/Parts/Robotics/Assets/Hinge_diffuse_G-11_plain
[LOG 23:21:37.514] Load DDS texture: SquadExpansion/Serenity/Parts/Robotics/Assets/Hinge_normal
[LOG 23:21:37.514] Load DDS texture: SquadExpansion/Serenity/Parts/Robotics/Assets/RotorEngine_02_diffuse
[LOG 23:21:37.514] Load DDS texture: SquadExpansion/Serenity/Parts/Robotics/Assets/RotorEngine_03_diffuse
[LOG 23:21:37.515] Load DDS texture: SquadExpansion/Serenity/Parts/Robotics/Assets/RotorEngine_03_normal
[LOG 23:21:37.517] Load DDS texture: SquadExpansion/Serenity/Parts/Robotics/Assets/Rotor_01_diffuse_color
[LOG 23:21:37.518] Load DDS texture: SquadExpansion/Serenity/Parts/Robotics/Assets/Rotor_01_diffuse_plain
[LOG 23:21:37.518] Load DDS texture: SquadExpansion/Serenity/Parts/Robotics/Assets/Rotor_01_normal
[LOG 23:21:37.519] Load DDS texture: SquadExpansion/Serenity/Parts/Robotics/Assets/Rotor_01_specular_D
[LOG 23:21:37.519] Load DDS texture: SquadExpansion/Serenity/Parts/Robotics/Assets/Rotor_02_diffuse_color
[LOG 23:21:37.519] Load DDS texture: SquadExpansion/Serenity/Parts/Robotics/Assets/Rotor_03_diffuse_color
[LOG 23:21:37.521] Load DDS texture: SquadExpansion/Serenity/Parts/Robotics/Assets/Rotor_03_diffuse_plain
[LOG 23:21:37.524] Load DDS texture: SquadExpansion/Serenity/Parts/Robotics/Assets/Rotor_03_normal
[LOG 23:21:37.525] Load DDS texture: SquadExpansion/Serenity/Parts/Robotics/Assets/rotoServos_diffuse_color
[LOG 23:21:37.526] Load DDS texture: SquadExpansion/Serenity/Parts/Robotics/Assets/rotoServos_diffuse_plain
[LOG 23:21:37.527] Load DDS texture: SquadExpansion/Serenity/Parts/Robotics/Assets/rotoServos_nrm
[LOG 23:21:37.529] Load DDS texture: SquadExpansion/Serenity/Parts/Robotics/Controllers/roboController_diffuse
[LOG 23:21:37.530] Load DDS texture: SquadExpansion/Serenity/Parts/Robotics/Controllers/roboController_emissive
[LOG 23:21:37.531] Load Cached PNG Texture: SquadExpansion/Serenity/Parts/Science/RobotArmScanner/Assets/DrillBits
[LOG 23:21:37.531] Load DDS texture: SquadExpansion/Serenity/Parts/Science/RobotArmScanner/Assets/DustParticle
[WRN 23:21:37.531] Duplicate PNG texture 'SquadExpansion/Serenity/Parts/Science/RobotArmScanner/Assets/DustParticle' with extension 'png' won't be loaded
[LOG 23:21:37.531] Load DDS texture: SquadExpansion/Serenity/Parts/Science/RobotArmScanner/Assets/GenericParts_diffuse
[LOG 23:21:37.538] Load DDS texture: SquadExpansion/Serenity/Parts/Science/RobotArmScanner/Assets/GenericParts_normal
[LOG 23:21:37.545] Load DDS texture: SquadExpansion/Serenity/Parts/Science/RobotArmScanner/Assets/ROCArm3_diffuse
[LOG 23:21:37.554] Load DDS texture: SquadExpansion/Serenity/Parts/Science/RobotArmScanner/Assets/ROCArm3_normal
[LOG 23:21:37.563] Load DDS texture: SquadExpansion/Serenity/Parts/Science/RobotArmScanner/Assets/ROCArm_2_diffuse
[LOG 23:21:37.566] Load DDS texture: SquadExpansion/Serenity/Parts/Science/RobotArmScanner/Assets/ROCArm_2_normal
[LOG 23:21:37.569] Load Cached PNG Texture: SquadExpansion/Serenity/Parts/Science/RobotArmScanner/Assets/Scratch
[LOG 23:21:37.570] Load DDS texture: SquadExpansion/Serenity/Parts/Science/RobotArmScanner/Assets/SmallArm_diffuse
[LOG 23:21:37.571] Load DDS texture: SquadExpansion/Serenity/Parts/Science/RobotArmScanner/Assets/SmallArm_normal
[LOG 23:21:37.573] Load DDS texture: SquadExpansion/Serenity/Parts/Structural/gripPads/Assets/gripPads_diffuse
[LOG 23:21:37.574] Load DDS texture: SquadExpansion/Serenity/Parts/Structural/gripPads/Assets/gripPads_nrm
[LOG 23:21:37.574] Load Cached PNG Texture: SquadExpansion/Serenity/Ships/@thumbs/SPH/Arrow-E
[LOG 23:21:37.575] Load Cached PNG Texture: SquadExpansion/Serenity/Ships/@thumbs/SPH/Butterfly Rover
[LOG 23:21:37.575] Load Cached PNG Texture: SquadExpansion/Serenity/Ships/@thumbs/SPH/Jeb_s Quadtaxi
[LOG 23:21:37.575] Load Cached PNG Texture: SquadExpansion/Serenity/Ships/@thumbs/SPH/Kerbodyne Rotodyne
[LOG 23:21:37.575] Load Cached PNG Texture: SquadExpansion/Serenity/Ships/@thumbs/SPH/Seahawk
[LOG 23:21:37.575] Load Cached PNG Texture: SquadExpansion/Serenity/Ships/@thumbs/SPH/Val-Thopter
[LOG 23:21:37.578] Load MU model: Squad/FX/afterburner_flame
[LOG 23:21:37.593] Load MU model: Squad/FX/afterburner_shock
[LOG 23:21:37.594] Load MU model: Squad/FX/diamondBlue
[LOG 23:21:37.594] Load MU model: Squad/FX/exhaustFlames_blue
[LOG 23:21:37.742] Load MU model: Squad/FX/hydroLOXFlame
[LOG 23:21:37.743] Load MU model: Squad/FX/IonPlume
[LOG 23:21:37.743] Load MU model: Squad/FX/ks1_Exhaust
[LOG 23:21:37.744] Load MU model: Squad/FX/ks25_Exhaust
[LOG 23:21:37.744] Load MU model: Squad/FX/ksX_Exhaust
[LOG 23:21:37.745] Load MU model: Squad/FX/LES_Thruster
[LOG 23:21:37.745] Load MU model: Squad/FX/Monoprop_big
[LOG 23:21:37.746] Load MU model: Squad/FX/Monoprop_medium
[LOG 23:21:37.746] Load MU model: Squad/FX/Monoprop_small
[LOG 23:21:37.747] Load MU model: Squad/FX/shockExhaust_blue
[LOG 23:21:37.748] Load MU model: Squad/FX/shockExhaust_blue_small
[LOG 23:21:37.748] Load MU model: Squad/FX/shockExhaust_red_small
[LOG 23:21:37.749] Load MU model: Squad/FX/SRB_Large
[LOG 23:21:37.749] Load MU model: Squad/FX/SRB_LargeSparks
[LOG 23:21:37.750] Load MU model: Squad/Parts/Aero/aerodynamicNoseCone/aerodynamicNoseCone
[LOG 23:21:37.753] Load MU model: Squad/Parts/Aero/airbrake/Airbrake
[LOG 23:21:37.754] Load MU model: Squad/Parts/Aero/airIntakeRadialXM-G50/RadialIntake
[LOG 23:21:37.754] Load MU model: Squad/Parts/Aero/airlinerWings/ControlSurface
[LOG 23:21:37.755] Load MU model: Squad/Parts/Aero/airlinerWings/MainWing
[LOG 23:21:37.755] Load MU model: Squad/Parts/Aero/airlinerWings/TailFin
[LOG 23:21:37.757] Load MU model: Squad/Parts/Aero/airplaneFins/AdvCanard
[LOG 23:21:37.757] Load MU model: Squad/Parts/Aero/airplaneFins/Canard
[LOG 23:21:37.757] Load MU model: Squad/Parts/Aero/airplaneFins/Swept
[LOG 23:21:37.757] Load MU model: Squad/Parts/Aero/airplaneFins/TailFin
[LOG 23:21:37.758] Load MU model: Squad/Parts/Aero/basicFin/basicFin
[LOG 23:21:37.758] Load MU model: Squad/Parts/Aero/circularIntake/CircularIntake
[LOG 23:21:37.760] Load MU model: Squad/Parts/Aero/circularIntake/ConeIntake
[LOG 23:21:37.761] Load MU model: Squad/Parts/Aero/cones/Assets/AvioCone
[LOG 23:21:37.761] Load MU model: Squad/Parts/Aero/cones/Assets/ConeA
[LOG 23:21:37.762] Load MU model: Squad/Parts/Aero/cones/Assets/ConeB
[LOG 23:21:37.762] Load MU model: Squad/Parts/Aero/cones/Assets/NCS
[LOG 23:21:37.763] Load MU model: Squad/Parts/Aero/cones/Assets/orangeNoseCone
[LOG 23:21:37.763] Load MU model: Squad/Parts/Aero/cones/Assets/rocketNoseCone
[LOG 23:21:37.764] Load MU model: Squad/Parts/Aero/cones/Assets/rocketNoseCone_v2
[LOG 23:21:37.764] Load MU model: Squad/Parts/Aero/cones/Assets/rocketNoseCone_v3
[LOG 23:21:37.765] Load MU model: Squad/Parts/Aero/cones/Assets/TailA
[LOG 23:21:37.765] Load MU model: Squad/Parts/Aero/cones/Assets/TailB
[LOG 23:21:37.765] Load MU model: Squad/Parts/Aero/cones/Assets/TinyCone
[LOG 23:21:37.766] Load MU model: Squad/Parts/Aero/fairings/AutoTruss
[LOG 23:21:37.767] Load MU model: Squad/Parts/Aero/fairings/fairingSize1
[LOG 23:21:37.767] Load MU model: Squad/Parts/Aero/fairings/fairingSize2
[LOG 23:21:37.767] Load MU model: Squad/Parts/Aero/fairings/fairingSize3
[LOG 23:21:37.768] Load MU model: Squad/Parts/Aero/HeatShield/HeatShield0
[LOG 23:21:37.768] Load MU model: Squad/Parts/Aero/HeatShield/HeatShield1
[LOG 23:21:37.768] Load MU model: Squad/Parts/Aero/HeatShield/HeatShield2
[LOG 23:21:37.769] Load MU model: Squad/Parts/Aero/HeatShield/HeatShield3
[LOG 23:21:37.769] Load MU model: Squad/Parts/Aero/InflatableHeatShield/HeatShield
[LOG 23:21:37.771] Load MU model: Squad/Parts/Aero/intakeRadialLong/IntakeRadial
[LOG 23:21:37.771] Load MU model: Squad/Parts/Aero/miniIntake/SmallIntake
[LOG 23:21:37.772] Load MU model: Squad/Parts/Aero/ramAirIntake/RampIntake
[LOG 23:21:37.772] Load MU model: Squad/Parts/Aero/shuttleWings/ShuttleDeltaWing
[LOG 23:21:37.772] Load MU model: Squad/Parts/Aero/shuttleWings/ShuttleElevonA
[LOG 23:21:37.772] Load MU model: Squad/Parts/Aero/shuttleWings/ShuttleElevonB
[LOG 23:21:37.773] Load MU model: Squad/Parts/Aero/shuttleWings/ShuttleRudder
[LOG 23:21:37.773] Load MU model: Squad/Parts/Aero/shuttleWings/ShuttleStrake
[LOG 23:21:37.773] Load MU model: Squad/Parts/Aero/wingletAV-R8/model
[LOG 23:21:37.773] Load MU model: Squad/Parts/Aero/wingletAV-T1/model
[LOG 23:21:37.774] Load MU model: Squad/Parts/Aero/wingletDeltaDeluxe/model
[LOG 23:21:37.774] Load MU model: Squad/Parts/Aero/wings/connector1
[LOG 23:21:37.774] Load MU model: Squad/Parts/Aero/wings/connector2
[LOG 23:21:37.775] Load MU model: Squad/Parts/Aero/wings/connector3
[LOG 23:21:37.775] Load MU model: Squad/Parts/Aero/wings/connector4
[LOG 23:21:37.775] Load MU model: Squad/Parts/Aero/wings/connector5
[LOG 23:21:37.775] Load MU model: Squad/Parts/Aero/wings/delta
[LOG 23:21:37.776] Load MU model: Squad/Parts/Aero/wings/delta_small
[LOG 23:21:37.776] Load MU model: Squad/Parts/Aero/wings/elevon1
[LOG 23:21:37.776] Load MU model: Squad/Parts/Aero/wings/elevon2
[LOG 23:21:37.776] Load MU model: Squad/Parts/Aero/wings/elevon3
[LOG 23:21:37.777] Load MU model: Squad/Parts/Aero/wings/elevon4
[LOG 23:21:37.777] Load MU model: Squad/Parts/Aero/wings/elevon5
[LOG 23:21:37.777] Load MU model: Squad/Parts/Aero/wings/strake
[LOG 23:21:37.777] Load MU model: Squad/Parts/Aero/wings/structural1
[LOG 23:21:37.778] Load MU model: Squad/Parts/Aero/wings/structural2
[LOG 23:21:37.778] Load MU model: Squad/Parts/Aero/wings/structural3
[LOG 23:21:37.778] Load MU model: Squad/Parts/Aero/wings/structural4
[LOG 23:21:37.778] Load MU model: Squad/Parts/Aero/wings/swept1
[LOG 23:21:37.778] Load MU model: Squad/Parts/Aero/wings/swept2
[LOG 23:21:37.778] Load MU model: Squad/Parts/Cargo/CargoContainers/cargoContainer
[LOG 23:21:37.778] Load MU model: Squad/Parts/Cargo/CargoContainers/smallCargoContainer
[LOG 23:21:37.779] Load MU model: Squad/Parts/Cargo/Cylinder/EVAcylinder
[LOG 23:21:37.779] Load MU model: Squad/Parts/Cargo/GroundAnchor/groundAnchor
[LOG 23:21:37.780] Load MU model: Squad/Parts/Cargo/Jetpack/Jetpack
[LOG 23:21:37.780] Load MU model: Squad/Parts/Cargo/Parachute/Parachute
[LOG 23:21:37.780] Load MU model: Squad/Parts/Cargo/RepairKit/RepairKit
[LOG 23:21:37.799] Load MU model: Squad/Parts/Cargo/ScienceKit/ExperimentKit
[LOG 23:21:37.800] Load MU model: Squad/Parts/Cargo/StorageUnits/Assets/CargoStorageUnit
[LOG 23:21:37.800] Load MU model: Squad/Parts/Cargo/StorageUnits/Assets/ConformalStorageUnit
[LOG 23:21:37.801] Load MU model: Squad/Parts/Command/advancedSasModuleLarge/model
[LOG 23:21:37.801] Load MU model: Squad/Parts/Command/cupola/model
[LOG 23:21:37.802] Load MU model: Squad/Parts/Command/externalCommandSeat/model
[LOG 23:21:37.802] Load MU model: Squad/Parts/Command/hitchhikerStorageContainer/model
[LOG 23:21:37.803] Load MU model: Squad/Parts/Command/inlineAdvancedStabilizer/model
[LOG 23:21:37.803] Load MU model: Squad/Parts/Command/inlineReactionWheel/model
[LOG 23:21:37.803] Load MU model: Squad/Parts/Command/Mk1-3Pod/Mk1-3
[LOG 23:21:37.804] Load MU model: Squad/Parts/Command/mk1Cockpits/Cabin
[LOG 23:21:37.805] Load MU model: Squad/Parts/Command/mk1Cockpits/CockpitInline
[LOG 23:21:37.806] Load MU model: Squad/Parts/Command/mk1Cockpits/CockpitStandard
[LOG 23:21:37.826] Load MU model: Squad/Parts/Command/mk1LanderCan/model
[LOG 23:21:37.827] Load MU model: Squad/Parts/Command/mk1pod_v2/Mk1Pod_v2
[LOG 23:21:37.828] Load MU model: Squad/Parts/Command/mk2CockpitInline/model
[LOG 23:21:37.828] Load MU model: Squad/Parts/Command/mk2CockpitStandard/model
[LOG 23:21:37.828] Load MU model: Squad/Parts/Command/mk2DroneCore/model
[LOG 23:21:37.829] Load MU model: Squad/Parts/Command/mk2LanderCan/model
[LOG 23:21:37.829] Load MU model: Squad/Parts/Command/mk2LanderCan_v2/mk2LanderCan
[LOG 23:21:37.830] Load MU model: Squad/Parts/Command/mk3CockpitShuttle/model
[LOG 23:21:37.831] Load MU model: Squad/Parts/Command/MpoProbe/MpoProbe
[LOG 23:21:37.831] Load MU model: Squad/Parts/Command/MtmStage/MTM_Stage
[LOG 23:21:37.832] Load MU model: Squad/Parts/Command/probeCoreCube/probeCoreCube
[LOG 23:21:37.832] Load MU model: Squad/Parts/Command/probeCoreHex/model
[LOG 23:21:37.832] Load MU model: Squad/Parts/Command/probeCoreHex_v2/model
[LOG 23:21:37.832] Load MU model: Squad/Parts/Command/probeCoreOcto2_v2/probeCoreOcto2_v2
[LOG 23:21:37.833] Load MU model: Squad/Parts/Command/probeCoreOcto_v2/probeCoreOcto_v2
[LOG 23:21:37.833] Load MU model: Squad/Parts/Command/probeRoverBody/model
[LOG 23:21:37.833] Load MU model: Squad/Parts/Command/probeRoverBody_v2/probeRoverBody_v2
[LOG 23:21:37.834] Load MU model: Squad/Parts/Command/probeStackLarge/model
[LOG 23:21:37.834] Load MU model: Squad/Parts/Command/probeStackSmall/model
[LOG 23:21:37.834] Load MU model: Squad/Parts/Command/probeStackSphere_v2/probeStackSphere_v2
[LOG 23:21:37.835] Load MU model: Squad/Parts/CompoundParts/FuelLine/model
[LOG 23:21:37.835] Load MU model: Squad/Parts/CompoundParts/strutConnector/model
[LOG 23:21:37.835] Load MU model: Squad/Parts/Coupling/Assets/Decoupler_0
[LOG 23:21:37.835] Load MU model: Squad/Parts/Coupling/Assets/Decoupler_1
[LOG 23:21:37.836] Load MU model: Squad/Parts/Coupling/Assets/Decoupler_1p5
[LOG 23:21:37.836] Load MU model: Squad/Parts/Coupling/Assets/Decoupler_2
[LOG 23:21:37.837] Load MU model: Squad/Parts/Coupling/Assets/Decoupler_3
[LOG 23:21:37.837] Load MU model: Squad/Parts/Coupling/Assets/Decoupler_4
[LOG 23:21:37.837] Load MU model: Squad/Parts/Coupling/Assets/Separator_0
[LOG 23:21:37.838] Load MU model: Squad/Parts/Coupling/Assets/Separator_1
[LOG 23:21:37.838] Load MU model: Squad/Parts/Coupling/Assets/Separator_1p5
[LOG 23:21:37.838] Load MU model: Squad/Parts/Coupling/Assets/Separator_2
[LOG 23:21:37.839] Load MU model: Squad/Parts/Coupling/Assets/Separator_3
[LOG 23:21:37.839] Load MU model: Squad/Parts/Coupling/Assets/Separator_4
[LOG 23:21:37.840] Load MU model: Squad/Parts/Electrical/10CSolarPanels/assets/OX-10C
[LOG 23:21:37.842] Load MU model: Squad/Parts/Electrical/10CSolarPanels/assets/SP-10C
[LOG 23:21:37.844] Load MU model: Squad/Parts/Electrical/10LSolarPanels/assets/OX-10L
[LOG 23:21:37.845] Load MU model: Squad/Parts/Electrical/10LSolarPanels/assets/SP-10L
[LOG 23:21:37.846] Load MU model: Squad/Parts/Electrical/1x6ShroudSolarPanels/model
[LOG 23:21:37.847] Load MU model: Squad/Parts/Electrical/1x6SolarPanels/model
[LOG 23:21:37.848] Load MU model: Squad/Parts/Electrical/3x2ShroudSolarPanels/model
[LOG 23:21:37.848] Load MU model: Squad/Parts/Electrical/3x2SolarPanels/model
[LOG 23:21:37.849] Load MU model: Squad/Parts/Electrical/gigantorXlSolarArray/model
[LOG 23:21:37.849] Load MU model: Squad/Parts/Electrical/radialFlatSolarPanel/model
[LOG 23:21:37.850] Load MU model: Squad/Parts/Electrical/RTG/model
[LOG 23:21:37.850] Load MU model: Squad/Parts/Electrical/z-100Battery/model
[LOG 23:21:37.850] Load MU model: Squad/Parts/Electrical/z-1kBattery/model
[LOG 23:21:37.850] Load MU model: Squad/Parts/Electrical/z-200Battery/model
[LOG 23:21:37.850] Load MU model: Squad/Parts/Electrical/z-400Battery/model
[LOG 23:21:37.851] Load MU model: Squad/Parts/Electrical/z-4kBattery/model
[LOG 23:21:37.851] Load MU model: Squad/Parts/Engine/ionEngine/model
[LOG 23:21:37.851] Load MU model: Squad/Parts/Engine/jetEngines/turbineInside
[LOG 23:21:37.851] Load MU model: Squad/Parts/Engine/jetEngines/turboFanSize1
[LOG 23:21:37.852] Load MU model: Squad/Parts/Engine/jetEngines/turboFanSize2
[LOG 23:21:37.853] Load MU model: Squad/Parts/Engine/jetEngines/turboJet
[LOG 23:21:37.853] Load MU model: Squad/Parts/Engine/jetEngines/turboRamJet
[LOG 23:21:37.854] Load MU model: Squad/Parts/Engine/liquidEngine24-77/model
[LOG 23:21:37.854] Load MU model: Squad/Parts/Engine/liquidEngine24-77_v2/Twitch_v2
[LOG 23:21:37.855] Load MU model: Squad/Parts/Engine/liquidEngine48-7S_v2/SparkV2
[LOG 23:21:37.856] Load MU model: Squad/Parts/Engine/liquidEngineAerospike/AeroSpike
[LOG 23:21:37.856] Load MU model: Squad/Parts/Engine/liquidEngineLV-1_v2/Assets/Ant
[LOG 23:21:37.856] Load MU model: Squad/Parts/Engine/liquidEngineLV-1_v2/Assets/Spider
[LOG 23:21:37.857] Load MU model: Squad/Parts/Engine/liquidEngineLV-909_v2/TerrierV2
[LOG 23:21:37.859] Load MU model: Squad/Parts/Engine/liquidEngineLV-N/model
[LOG 23:21:37.860] Load MU model: Squad/Parts/Engine/liquidEngineLV-T30/model
[LOG 23:21:37.861] Load MU model: Squad/Parts/Engine/liquidEngineLV-T30_v2/Reliant_v2
[LOG 23:21:37.862] Load MU model: Squad/Parts/Engine/liquidEngineLV-T45/model
[LOG 23:21:37.863] Load MU model: Squad/Parts/Engine/liquidEngineLV-T45_v2/Swivel_v2
[LOG 23:21:37.864] Load MU model: Squad/Parts/Engine/liquidEngineMainsail_v2/liquidEngineMainsail_v2
[LOG 23:21:37.866] Load MU model: Squad/Parts/Engine/liquidEngineMk55/Thud
[LOG 23:21:37.869] Load MU model: Squad/Parts/Engine/liquidEnginePoodle_v2/LqdEnginePoodle_v2
[LOG 23:21:37.873] Load MU model: Squad/Parts/Engine/liquidEngineSkipper_v2/skipper_v2
[LOG 23:21:37.874] Load MU model: Squad/Parts/Engine/liquidEngineSSME/SSME
[LOG 23:21:37.875] Load MU model: Squad/Parts/Engine/MassiveSRB/MassiveSRB
[LOG 23:21:37.875] Load MU model: Squad/Parts/Engine/miniJet/SmallJet
[LOG 23:21:37.876] Load MU model: Squad/Parts/Engine/OMSEngine/Puff_v2
[LOG 23:21:37.876] Load MU model: Squad/Parts/Engine/rapierEngine/rapier
[LOG 23:21:37.877] Load MU model: Squad/Parts/Engine/Size1_SRBs/SRB10
[LOG 23:21:37.877] Load MU model: Squad/Parts/Engine/Size1_SRBs/SRB5
[LOG 23:21:37.878] Load MU model: Squad/Parts/Engine/Size2LFB/Size2LFB
[LOG 23:21:37.878] Load MU model: Squad/Parts/Engine/Size2LFB_v2/Size2LFB_v2
[LOG 23:21:37.880] Load MU model: Squad/Parts/Engine/Size3AdvancedEngine/Size3AdvancedEngine
[LOG 23:21:37.880] Load MU model: Squad/Parts/Engine/Size3EngineCluster/Size3EngineCluster
[LOG 23:21:37.882] Load MU model: Squad/Parts/Engine/solidBoosterBACC/model
[LOG 23:21:37.882] Load MU model: Squad/Parts/Engine/solidBoosterS2-17/solidBoosterS2-17
[LOG 23:21:37.883] Load MU model: Squad/Parts/Engine/solidBoosterS2-33/solidBoosterS2-33
[LOG 23:21:37.884] Load MU model: Squad/Parts/Engine/solidBoosterSep/model
[LOG 23:21:37.884] Load MU model: Squad/Parts/Engine/SolidBoostersF/Assets/SolidBoosterF3S0
[LOG 23:21:37.885] Load MU model: Squad/Parts/Engine/SolidBoostersF/Assets/SolidBoosterFM1
[LOG 23:21:37.885] Load MU model: Squad/Parts/FuelTank/adapterTanks/Mk3-Mk2
[LOG 23:21:37.885] Load MU model: Squad/Parts/FuelTank/adapterTanks/Mk3-Size2
[LOG 23:21:37.886] Load MU model: Squad/Parts/FuelTank/adapterTanks/Mk3-Size2Slant
[LOG 23:21:37.886] Load MU model: Squad/Parts/FuelTank/adapterTanks/ShuttleAdapter
[LOG 23:21:37.886] Load MU model: Squad/Parts/FuelTank/adapterTanks/Size2-Mk2
[LOG 23:21:37.887] Load MU model: Squad/Parts/FuelTank/adapterTanks/Size2-Size1
[LOG 23:21:37.887] Load MU model: Squad/Parts/FuelTank/adapterTanks/Size2-Size1Slant
[LOG 23:21:37.887] Load MU model: Squad/Parts/FuelTank/adapterTanks/Size3-Mk3
[LOG 23:21:37.887] Load MU model: Squad/Parts/FuelTank/drainTankFTE-1/fuelValve
[LOG 23:21:37.888] Load MU model: Squad/Parts/FuelTank/FoilTanks/RadialTank_Capsule
[LOG 23:21:37.888] Load MU model: Squad/Parts/FuelTank/FoilTanks/RadialTank_Round
[LOG 23:21:37.888] Load MU model: Squad/Parts/FuelTank/FoilTanks/ToroidTank
[LOG 23:21:37.889] Load MU model: Squad/Parts/FuelTank/fuelTankOscarB/model
[LOG 23:21:37.889] Load MU model: Squad/Parts/FuelTank/miniFuselage/Fuselage
[LOG 23:21:37.889] Load MU model: Squad/Parts/FuelTank/mk2Adapters/bicoupler
[LOG 23:21:37.889] Load MU model: Squad/Parts/FuelTank/mk2Adapters/long
[LOG 23:21:37.890] Load MU model: Squad/Parts/FuelTank/mk2Adapters/standard
[LOG 23:21:37.890] Load MU model: Squad/Parts/FuelTank/mk2FuselageLong/FuselageLongLFO
[LOG 23:21:37.890] Load MU model: Squad/Parts/FuelTank/mk2FuselageLong/FuselageLongLiquid
[LOG 23:21:37.890] Load MU model: Squad/Parts/FuelTank/mk2FuselageShort/FuselageShortLFO
[LOG 23:21:37.890] Load MU model: Squad/Parts/FuelTank/mk2FuselageShort/FuselageShortLiquid
[LOG 23:21:37.891] Load MU model: Squad/Parts/FuelTank/mk2FuselageShort/FuselageShortMono
[LOG 23:21:37.891] Load MU model: Squad/Parts/FuelTank/mk3Fuselage/CREW
[LOG 23:21:37.891] Load MU model: Squad/Parts/FuelTank/mk3Fuselage/LFO_100
[LOG 23:21:37.891] Load MU model: Squad/Parts/FuelTank/mk3Fuselage/LFO_25
[LOG 23:21:37.892] Load MU model: Squad/Parts/FuelTank/mk3Fuselage/LFO_50
[LOG 23:21:37.893] Load MU model: Squad/Parts/FuelTank/mk3Fuselage/LF_100
[LOG 23:21:37.893] Load MU model: Squad/Parts/FuelTank/mk3Fuselage/LF_25
[LOG 23:21:37.893] Load MU model: Squad/Parts/FuelTank/mk3Fuselage/LF_50
[LOG 23:21:37.893] Load MU model: Squad/Parts/FuelTank/mk3Fuselage/MONO
[LOG 23:21:37.894] Load MU model: Squad/Parts/FuelTank/RCSFuelTankR1/RCSFuelTankR1_01
[LOG 23:21:37.894] Load MU model: Squad/Parts/FuelTank/RCSFuelTankR10/model
[LOG 23:21:37.894] Load MU model: Squad/Parts/FuelTank/RCSFuelTankR25/RCSFuelTankR25
[LOG 23:21:37.895] Load MU model: Squad/Parts/FuelTank/RCSTankRadial/model
[LOG 23:21:37.895] Load MU model: Squad/Parts/FuelTank/RCStankRadialLong/model
[LOG 23:21:37.895] Load MU model: Squad/Parts/FuelTank/RockomaxTanks/Assets/Rockomax16
[LOG 23:21:37.895] Load MU model: Squad/Parts/FuelTank/RockomaxTanks/Assets/Rockomax32
[LOG 23:21:37.896] Load MU model: Squad/Parts/FuelTank/RockomaxTanks/Assets/Rockomax64
[LOG 23:21:37.896] Load MU model: Squad/Parts/FuelTank/RockomaxTanks/Assets/Rockomax8
[LOG 23:21:37.896] Load MU model: Squad/Parts/FuelTank/Size1_Tanks/Size1Tank_01
[LOG 23:21:37.897] Load MU model: Squad/Parts/FuelTank/Size1_Tanks/Size1Tank_02
[LOG 23:21:37.897] Load MU model: Squad/Parts/FuelTank/Size1_Tanks/Size1Tank_03
[LOG 23:21:37.897] Load MU model: Squad/Parts/FuelTank/Size1_Tanks/Size1Tank_04
[LOG 23:21:37.897] Load MU model: Squad/Parts/FuelTank/Size3Tanks/Size3LargeTank
[LOG 23:21:37.898] Load MU model: Squad/Parts/FuelTank/Size3Tanks/Size3MediumTank
[LOG 23:21:37.898] Load MU model: Squad/Parts/FuelTank/Size3Tanks/Size3SmallTank
[LOG 23:21:37.898] Load MU model: Squad/Parts/FuelTank/xenonTank/model
[LOG 23:21:37.899] Load MU model: Squad/Parts/FuelTank/xenonTankLarge/model
[LOG 23:21:37.899] Load MU model: Squad/Parts/FuelTank/xenonTankRadial/model
[LOG 23:21:37.900] Load MU model: Squad/Parts/Misc/AsteroidDay/CamSat
[LOG 23:21:37.900] Load MU model: Squad/Parts/Misc/AsteroidDay/HECS2
[LOG 23:21:37.900] Load MU model: Squad/Parts/Misc/AsteroidDay/HighGainAntenna
[LOG 23:21:37.902] Load MU model: Squad/Parts/Misc/AsteroidDay/LgRadialSolar
[LOG 23:21:37.902] Load MU model: Squad/Parts/Misc/PotatoComet/Cube
[LOG 23:21:37.902] Load MU model: Squad/Parts/Misc/PotatoRoid/Cube
[LOG 23:21:37.902] Load MU model: Squad/Parts/Resources/FuelCell/FuelCell
[LOG 23:21:37.902] Load MU model: Squad/Parts/Resources/FuelCell/FuelCellArray
[LOG 23:21:37.903] Load MU model: Squad/Parts/Resources/ISRU/ISRU
[LOG 23:21:37.904] Load MU model: Squad/Parts/Resources/LargeTank/LargeTank
[LOG 23:21:37.904] Load MU model: Squad/Parts/Resources/MiniDrill/MiniDrill
[LOG 23:21:37.905] Load MU model: Squad/Parts/Resources/MiniISRU/MiniISRU
[LOG 23:21:37.906] Load MU model: Squad/Parts/Resources/OrbitalScanner/OrbitalScanner
[LOG 23:21:37.906] Load MU model: Squad/Parts/Resources/RadialDrill/TriBitDrill
[LOG 23:21:37.910] Load MU model: Squad/Parts/Resources/RadialTank/RadialOreTank
[LOG 23:21:37.910] Load MU model: Squad/Parts/Resources/SmallTank/SmallTank
[LOG 23:21:37.911] Load MU model: Squad/Parts/Resources/SurfaceScanner/SurfaceScanner
[LOG 23:21:37.911] Load MU model: Squad/Parts/Resources/SurveyScanner/SurveyScanner
[LOG 23:21:37.911] Load MU model: Squad/Parts/Science/AtmosphereSensor/model
[LOG 23:21:37.912] Load MU model: Squad/Parts/Science/GooExperiment/GooExperiment
[LOG 23:21:37.912] Load MU model: Squad/Parts/Science/LargeCrewedLab/large_crewed_lab
[LOG 23:21:37.913] Load MU model: Squad/Parts/Science/Magnetometer/Magnetometer
[LOG 23:21:37.918] Load MU model: Squad/Parts/Science/MaterialBay/science_module_small
[LOG 23:21:37.919] Load MU model: Squad/Parts/Science/ScienceBox/ScienceBox
[LOG 23:21:37.919] Load MU model: Squad/Parts/Science/sensorAccelerometer/model
[LOG 23:21:37.919] Load MU model: Squad/Parts/Science/sensorBarometer/model
[LOG 23:21:37.919] Load MU model: Squad/Parts/Science/sensorGravimeter/model
[LOG 23:21:37.919] Load MU model: Squad/Parts/Science/sensorThermometer/model
[LOG 23:21:37.920] Load MU model: Squad/Parts/Structural/FLAdapters/Assets/adapterSmallMiniShort_v2
[LOG 23:21:37.920] Load MU model: Squad/Parts/Structural/FLAdapters/Assets/adapterSmallMiniTall_v2
[LOG 23:21:37.920] Load MU model: Squad/Parts/Structural/mk1Parts/Fuselage
[LOG 23:21:37.920] Load MU model: Squad/Parts/Structural/mk1Parts/IntakeFuselage
[LOG 23:21:37.921] Load MU model: Squad/Parts/Structural/mk1Parts/Nacelle1
[LOG 23:21:37.921] Load MU model: Squad/Parts/Structural/mk1Parts/Nacelle2
[LOG 23:21:37.921] Load MU model: Squad/Parts/Structural/mk1Parts/Structural
[LOG 23:21:37.922] Load MU model: Squad/Parts/Structural/mk1Parts/StructuralHollow
[LOG 23:21:37.922] Load MU model: Squad/Parts/Structural/Size3To2Adapter_v2/Size2to3_v2
[LOG 23:21:37.922] Load MU model: Squad/Parts/Structural/stackAdapters/Assets/adapterLargeSmallBi
[LOG 23:21:37.923] Load MU model: Squad/Parts/Structural/stackAdapters/Assets/adapterLargeSmallQuad
[LOG 23:21:37.923] Load MU model: Squad/Parts/Structural/stackAdapters/Assets/adapterLargeSmallTri
[LOG 23:21:37.923] Load MU model: Squad/Parts/Structural/stationHub/model
[LOG 23:21:37.924] Load MU model: Squad/Parts/Structural/structuralIBeam200/model
[LOG 23:21:37.924] Load MU model: Squad/Parts/Structural/structuralIBeam200Pocket/model
[LOG 23:21:37.924] Load MU model: Squad/Parts/Structural/structuralIBeam650/model
[LOG 23:21:37.925] Load MU model: Squad/Parts/Structural/structuralMicronode/model
[LOG 23:21:37.925] Load MU model: Squad/Parts/Structural/structuralPanel1x1/model
[LOG 23:21:37.925] Load MU model: Squad/Parts/Structural/structuralPanel2x2/model
[LOG 23:21:37.925] Load MU model: Squad/Parts/Structural/structuralPylons/PylonBig
[LOG 23:21:37.926] Load MU model: Squad/Parts/Structural/structuralPylons/PylonSmall
[LOG 23:21:37.926] Load MU model: Squad/Parts/Structural/strutCubicOcto/model
[LOG 23:21:37.927] Load MU model: Squad/Parts/Structural/strutOcto/model
[LOG 23:21:37.927] Load MU model: Squad/Parts/Structural/trussGirderAdapter/model
[LOG 23:21:37.927] Load MU model: Squad/Parts/Structural/trussGirderL/model
[LOG 23:21:37.927] Load MU model: Squad/Parts/Structural/trussGirderXL/model
[LOG 23:21:37.927] Load MU model: Squad/Parts/Thermal/FoldingRadiators/foldingRadLarge
[LOG 23:21:37.933] Load MU model: Squad/Parts/Thermal/FoldingRadiators/foldingRadMed
[LOG 23:21:37.936] Load MU model: Squad/Parts/Thermal/FoldingRadiators/foldingRadSmall
[LOG 23:21:37.939] Load MU model: Squad/Parts/Thermal/RadiatorPanels/radPanelEdge
[LOG 23:21:37.939] Load MU model: Squad/Parts/Thermal/RadiatorPanels/radPanelLg
[LOG 23:21:37.939] Load MU model: Squad/Parts/Thermal/RadiatorPanels/radPanelSm
[LOG 23:21:37.940] Load MU model: Squad/Parts/Utility/commDish88-88/model
[LOG 23:21:37.947] Load MU model: Squad/Parts/Utility/commsAntennaDTS-M1/mediumDishAntenna
[LOG 23:21:37.949] Load MU model: Squad/Parts/Utility/commsDish16/model
[LOG 23:21:37.950] Load MU model: Squad/Parts/Utility/decouplerRadialHDM/model
[LOG 23:21:37.951] Load MU model: Squad/Parts/Utility/decouplerRadialTT-38K/model
[LOG 23:21:37.951] Load MU model: Squad/Parts/Utility/decouplerRadialTT-70/model
[LOG 23:21:37.951] Load MU model: Squad/Parts/Utility/DirectAntennas/HGAntenna
[LOG 23:21:37.952] Load MU model: Squad/Parts/Utility/DirectAntennas/HGAntenna_v2
[LOG 23:21:37.954] Load MU model: Squad/Parts/Utility/DirectAntennas/SurfAntenna
[LOG 23:21:37.954] Load MU model: Squad/Parts/Utility/dockingPort/dockingPort
[LOG 23:21:37.955] Load MU model: Squad/Parts/Utility/dockingPortInline/dockingPortInline
[LOG 23:21:37.956] Load MU model: Squad/Parts/Utility/dockingPortJr/dockingPortJr
[LOG 23:21:37.956] Load MU model: Squad/Parts/Utility/dockingPortShielded/dockingPortShielded
[LOG 23:21:37.957] Load MU model: Squad/Parts/Utility/dockingPortSr/dockingPortSr
[LOG 23:21:37.958] Load MU model: Squad/Parts/Utility/Fireworks/Assets/fireworksLauncherBig
[LOG 23:21:37.959] Load MU model: Squad/Parts/Utility/Fireworks/Assets/fireworksLauncherSmall
[LOG 23:21:37.960] Load MU model: Squad/Parts/Utility/flags/flagFlat/flagFlatMeshes
[LOG 23:21:37.964] Load MU model: Squad/Parts/Utility/flags/flagSize0/flagSize0Meshes
[LOG 23:21:37.966] Load MU model: Squad/Parts/Utility/flags/flagSize1/flagSize1Meshes
[LOG 23:21:37.968] Load MU model: Squad/Parts/Utility/flags/flagSize2/flagSize2Meshes
[LOG 23:21:37.969] Load MU model: Squad/Parts/Utility/flags/flagSize3/flagSize3Meshes
[LOG 23:21:37.971] Load MU model: Squad/Parts/Utility/GrapplingDevice/GrapplingArm
[LOG 23:21:37.976] Load MU model: Squad/Parts/Utility/ladderRadial/model
[LOG 23:21:37.976] Load MU model: Squad/Parts/Utility/ladderTelescopic/model
[LOG 23:21:37.977] Load MU model: Squad/Parts/Utility/ladderTelescopicBay/model
[LOG 23:21:37.979] Load MU model: Squad/Parts/Utility/landingLegLT-1/model
[LOG 23:21:37.980] Load MU model: Squad/Parts/Utility/landingLegLT-2/model
[LOG 23:21:37.981] Load MU model: Squad/Parts/Utility/landingLegLT-5/model
[WRN 23:21:37.982] WheelCollider requires an attached Rigidbody to function.
[WRN 23:21:37.983] WheelCollider requires an attached Rigidbody to function.
[LOG 23:21:37.984] Load MU model: Squad/Parts/Utility/launchClamp1/model
[LOG 23:21:37.985] Load MU model: Squad/Parts/Utility/launchEscapeSystem/LaunchEscapeSystem
[LOG 23:21:37.986] Load MU model: Squad/Parts/Utility/Lights/Assets/light_02
[LOG 23:21:37.986] Load MU model: Squad/Parts/Utility/Lights/Assets/light_03
[LOG 23:21:37.986] Load MU model: Squad/Parts/Utility/Lights/Assets/light_04
[LOG 23:21:37.987] Load MU model: Squad/Parts/Utility/Lights/Assets/light_07
[LOG 23:21:37.988] Load MU model: Squad/Parts/Utility/Lights/Assets/light_08
[LOG 23:21:37.988] Load MU model: Squad/Parts/Utility/Lights/Assets/light_12
[LOG 23:21:37.989] Load MU model: Squad/Parts/Utility/linearVernorRCS/Assets/linearRCS
[LOG 23:21:37.989] Load MU model: Squad/Parts/Utility/linearVernorRCS/Assets/vernorEngine
[LOG 23:21:37.990] Load MU model: Squad/Parts/Utility/mk2CargoBay/BayLarge
[LOG 23:21:37.990] Load MU model: Squad/Parts/Utility/mk2CargoBay/BaySmall
[LOG 23:21:37.991] Load MU model: Squad/Parts/Utility/mk2CrewCabin/model
[LOG 23:21:37.991] Load MU model: Squad/Parts/Utility/mk2DockingPort/mk2Dockingport
[LOG 23:21:37.993] Load MU model: Squad/Parts/Utility/mk3CargoBay/long
[LOG 23:21:37.994] Load MU model: Squad/Parts/Utility/mk3CargoBay/medium
[LOG 23:21:37.995] Load MU model: Squad/Parts/Utility/mk3CargoBay/ramp
[LOG 23:21:37.996] Load MU model: Squad/Parts/Utility/mk3CargoBay/short
[LOG 23:21:37.997] Load MU model: Squad/Parts/Utility/parachuteMk1/model
[LOG 23:21:37.998] Load MU model: Squad/Parts/Utility/parachuteMk12-R/model
[LOG 23:21:37.998] Load MU model: Squad/Parts/Utility/parachuteMk16-XL/model
[LOG 23:21:37.998] Load MU model: Squad/Parts/Utility/parachuteMk2-R/model
[LOG 23:21:37.999] Load MU model: Squad/Parts/Utility/parachuteMk25/model
[LOG 23:21:37.999] Load MU model: Squad/Parts/Utility/radialAttachmentPoint/model
[LOG 23:21:38.003] Load MU model: Squad/Parts/Utility/rcsBlockRV-105_v2/rcsBlock105
[LOG 23:21:38.004] Load MU model: Squad/Parts/Utility/rcsSmallLinear/Assets/RCSLinearSmall
[LOG 23:21:38.004] Load MU model: Squad/Parts/Utility/RelayAntennas/HGAntenna
[LOG 23:21:38.005] Load MU model: Squad/Parts/Utility/RelayAntennas/RA-100
[LOG 23:21:38.006] Load MU model: Squad/Parts/Utility/RelayAntennas/RA-5
[LOG 23:21:38.006] Load MU model: Squad/Parts/Utility/RelayAntennas/RA-50
[LOG 23:21:38.006] Load MU model: Squad/Parts/Utility/rockomaxAdapters/Assets/brandAdapter
[LOG 23:21:38.006] Load MU model: Squad/Parts/Utility/rockomaxAdapters/Assets/brandAdapter02
[LOG 23:21:38.007] Load MU model: Squad/Parts/Utility/ServiceBay_v2/Assets/ServiceBay_125_v2
[LOG 23:21:38.008] Load MU model: Squad/Parts/Utility/ServiceBay_v2/Assets/ServiceBay_250_v2
[LOG 23:21:38.010] Load MU model: Squad/Parts/Utility/smallClaw/smallClaw
[LOG 23:21:38.022] Load MU model: Squad/Parts/Utility/spotLightMk1/model
[LOG 23:21:38.022] Load MU model: Squad/Parts/Utility/spotLightMk1_v2/model
[LOG 23:21:38.023] Load MU model: Squad/Parts/Utility/spotLightMk2/model
[LOG 23:21:38.023] Load MU model: Squad/Parts/Utility/spotLightMk2_v2/model
[LOG 23:21:38.024] Load MU model: Squad/Parts/Utility/stackCouplers/Assets/stackBiCoupler_v2
[LOG 23:21:38.024] Load MU model: Squad/Parts/Utility/stackCouplers/Assets/stackQuadCoupler
[LOG 23:21:38.025] Load MU model: Squad/Parts/Utility/stackCouplers/Assets/stackTriCoupler_v2
[LOG 23:21:38.025] Load MU model: Squad/Parts/Wheel/LandingGear/GearExtraLarge
[WRN 23:21:38.027] WheelCollider requires an attached Rigidbody to function.
[WRN 23:21:38.027] WheelCollider requires an attached Rigidbody to function.
[LOG 23:21:38.030] Load MU model: Squad/Parts/Wheel/LandingGear/GearFixed
[WRN 23:21:38.030] WheelCollider requires an attached Rigidbody to function.
[WRN 23:21:38.030] WheelCollider requires an attached Rigidbody to function.
[LOG 23:21:38.031] Load MU model: Squad/Parts/Wheel/LandingGear/GearFree
[WRN 23:21:38.031] WheelCollider requires an attached Rigidbody to function.
[WRN 23:21:38.031] WheelCollider requires an attached Rigidbody to function.
[LOG 23:21:38.031] Load MU model: Squad/Parts/Wheel/LandingGear/GearLarge
[WRN 23:21:38.031] WheelCollider requires an attached Rigidbody to function.
[WRN 23:21:38.031] WheelCollider requires an attached Rigidbody to function.
[LOG 23:21:38.032] Load MU model: Squad/Parts/Wheel/LandingGear/GearMedium
[WRN 23:21:38.034] WheelCollider requires an attached Rigidbody to function.
[WRN 23:21:38.034] WheelCollider requires an attached Rigidbody to function.
[LOG 23:21:38.034] Load MU model: Squad/Parts/Wheel/LandingGear/GearSmall
[WRN 23:21:38.034] WheelCollider requires an attached Rigidbody to function.
[WRN 23:21:38.034] WheelCollider requires an attached Rigidbody to function.
[LOG 23:21:38.035] Load MU model: Squad/Parts/Wheel/roverWheelM1/model
[WRN 23:21:38.036] WheelCollider requires an attached Rigidbody to function.
[WRN 23:21:38.036] WheelCollider requires an attached Rigidbody to function.
[LOG 23:21:38.036] Load MU model: Squad/Parts/Wheel/roverWheelS2/model
[WRN 23:21:38.036] WheelCollider requires an attached Rigidbody to function.
[WRN 23:21:38.036] WheelCollider requires an attached Rigidbody to function.
[LOG 23:21:38.037] Load MU model: Squad/Parts/Wheel/roverWheelTR-2L/model
[WRN 23:21:38.037] WheelCollider requires an attached Rigidbody to function.
[WRN 23:21:38.037] WheelCollider requires an attached Rigidbody to function.
[LOG 23:21:38.037] Load MU model: Squad/Parts/Wheel/roverWheelXL3/model
[WRN 23:21:38.039] WheelCollider requires an attached Rigidbody to function.
[WRN 23:21:38.039] WheelCollider requires an attached Rigidbody to function.
[LOG 23:21:38.039] Load MU model: Squad/Props/AltimeterThreeHands/model
[LOG 23:21:38.039] Load MU model: Squad/Props/AtmosphereDepth/model
[LOG 23:21:38.039] Load MU model: Squad/Props/AxisIndicator/model
[LOG 23:21:38.039] Load MU model: Squad/Props/buttonsGeneric/circularButton
[LOG 23:21:38.040] Load MU model: Squad/Props/buttonsGeneric/clusterButtons
[LOG 23:21:38.040] Load MU model: Squad/Props/buttonsGeneric/clusterButtons2
[LOG 23:21:38.040] Load MU model: Squad/Props/buttonsGeneric/clusterKnob
[LOG 23:21:38.040] Load MU model: Squad/Props/buttonsGeneric/clusterKnob2
[LOG 23:21:38.040] Load MU model: Squad/Props/buttonsGeneric/clusterMixed
[LOG 23:21:38.041] Load MU model: Squad/Props/buttonsGeneric/clusterSwitches01
[LOG 23:21:38.041] Load MU model: Squad/Props/buttonsGeneric/clusterSwitches02
[LOG 23:21:38.042] Load MU model: Squad/Props/buttonsGeneric/clusterSwitches03
[LOG 23:21:38.042] Load MU model: Squad/Props/buttonsGeneric/clusterSwitches04
[LOG 23:21:38.042] Load MU model: Squad/Props/buttonsGeneric/clusterSwitches05
[LOG 23:21:38.042] Load MU model: Squad/Props/buttonsGeneric/clusterSwitches06
[LOG 23:21:38.043] Load MU model: Squad/Props/buttonsGeneric/clusterSwitches07
[LOG 23:21:38.043] Load MU model: Squad/Props/buttonsGeneric/directionalKnob
[LOG 23:21:38.043] Load MU model: Squad/Props/buttonsGeneric/directionalKnob2
[LOG 23:21:38.043] Load MU model: Squad/Props/buttonsGeneric/pullSwitch
[LOG 23:21:38.043] Load MU model: Squad/Props/buttonsGeneric/squareButton
[LOG 23:21:38.043] Load MU model: Squad/Props/buttonsGeneric/standingSwitch
[LOG 23:21:38.043] Load MU model: Squad/Props/buttonsGeneric/switch
[LOG 23:21:38.044] Load MU model: Squad/Props/buttonsGeneric/switchWithGuards
[LOG 23:21:38.044] Load MU model: Squad/Props/ButtonSquare/model
[LOG 23:21:38.044] Load MU model: Squad/Props/circularButton/model
[LOG 23:21:38.044] Load MU model: Squad/Props/Compass/model
[LOG 23:21:38.044] Load MU model: Squad/Props/directionalKnob/model
[LOG 23:21:38.044] Load MU model: Squad/Props/directionalKnob2/model
[LOG 23:21:38.044] Load MU model: Squad/Props/IndicatorPanel/model
[LOG 23:21:38.045] Load MU model: Squad/Props/IVANavBall/model
[LOG 23:21:38.045] Load MU model: Squad/Props/IVANavBallNoBase/model
[LOG 23:21:38.046] Load MU model: Squad/Props/ledPanelSpeed/model
[LOG 23:21:38.046] Load MU model: Squad/Props/Monitor/MonitorDockingMode
[LOG 23:21:38.046] Load MU model: Squad/Props/NavBall/model
[LOG 23:21:38.047] Load MU model: Squad/Props/PropsGeneric/Button_DockingMode
[LOG 23:21:38.047] Load MU model: Squad/Props/PropsGeneric/CargoBagA
[LOG 23:21:38.049] Load MU model: Squad/Props/PropsGeneric/CargoBagB
[LOG 23:21:38.049] Load MU model: Squad/Props/PropsGeneric/CargoBagC
[LOG 23:21:38.049] Load MU model: Squad/Props/PropsGeneric/Hatch_Plane
[LOG 23:21:38.050] Load MU model: Squad/Props/PropsGeneric/Hatch_Plane_Curve90
[LOG 23:21:38.050] Load MU model: Squad/Props/PropsGeneric/Hatch_Plane_Frame
[LOG 23:21:38.050] Load MU model: Squad/Props/PropsGeneric/Seat_Passenger
[LOG 23:21:38.050] Load MU model: Squad/Props/PropsGeneric/Seat_Pilot
[LOG 23:21:38.050] Load MU model: Squad/Props/PropsGeneric/Seat_Pilot_Helmet
[LOG 23:21:38.050] Load MU model: Squad/Props/PropsGeneric/SideStick
[LOG 23:21:38.051] Load MU model: Squad/Props/pullSwitch/model
[LOG 23:21:38.051] Load MU model: Squad/Props/radarAltitude/model
[LOG 23:21:38.051] Load MU model: Squad/Props/squareButton/model
[LOG 23:21:38.051] Load MU model: Squad/Props/standingSwitch/model
[LOG 23:21:38.051] Load MU model: Squad/Props/switch/model
[LOG 23:21:38.051] Load MU model: Squad/Props/switchGuard/model
[LOG 23:21:38.051] Load MU model: Squad/Props/switchWithGuards/model
[LOG 23:21:38.052] Load MU model: Squad/Props/throttle/model
[LOG 23:21:38.052] Load MU model: Squad/Props/VSI/model
[LOG 23:21:38.052] Load MU model: Squad/Spaces/crewCabinInternals/model
[LOG 23:21:38.054] Load MU model: Squad/Spaces/cupolaInternal/model
[LOG 23:21:38.056] Load MU model: Squad/Spaces/GenericSpace1/model
[LOG 23:21:38.057] Load MU model: Squad/Spaces/GenericSpace3/model
[LOG 23:21:38.059] Load MU model: Squad/Spaces/landerCabinInternals/model
[LOG 23:21:38.060] Load MU model: Squad/Spaces/landerCabinSmallInternal/model
[LOG 23:21:38.061] Load MU model: Squad/Spaces/LargeCrewedLabInternals/Large_Crewed_lab_Int
[LOG 23:21:38.064] Load MU model: Squad/Spaces/Mk1-3/model
[LOG 23:21:38.068] Load MU model: Squad/Spaces/mk1CabinInternal/mk1cabin
[LOG 23:21:38.072] Load MU model: Squad/Spaces/mk1CockpitInternal/Mk1StandardIVA
[LOG 23:21:38.074] Load MU model: Squad/Spaces/mk1InlineInternal/Mk1InlineIVA
[LOG 23:21:38.075] Load MU model: Squad/Spaces/mk1PodCockpit/model
[LOG 23:21:38.076] Load MU model: Squad/Spaces/mk1pod_IVA/mk1pod_IVA
[LOG 23:21:38.077] Load MU model: Squad/Spaces/mk2CockpitStandardInternal/model
[LOG 23:21:38.078] Load MU model: Squad/Spaces/Mk2CrewCabinInternal/MK2_CrewCab_Int
[LOG 23:21:38.080] Load MU model: Squad/Spaces/mk2InlineInternal/mk2InlineIVA
[LOG 23:21:38.082] Load MU model: Squad/Spaces/mk2LanderCanInternal/mk2LanderCanInternal
[LOG 23:21:38.083] Load MU model: Squad/Spaces/MK3CockpitInternal/MK3_Cockpit_Int
[LOG 23:21:38.084] Load MU model: Squad/Spaces/MK3_CrewCab_Int/MK3_CrewCab_Int
[LOG 23:21:38.089] Load MU model: Squad/Spaces/OverlayMasks/CupolaMask
[LOG 23:21:38.089] Load MU model: Squad/Spaces/OverlayMasks/HitchhikerBorder
[LOG 23:21:38.089] Load MU model: Squad/Spaces/OverlayMasks/HitchhikerMask
[LOG 23:21:38.090] Load MU model: Squad/Spaces/OverlayMasks/LargeLabBorder
[LOG 23:21:38.090] Load MU model: Squad/Spaces/OverlayMasks/LargeLabMask
[LOG 23:21:38.090] Load MU model: Squad/Spaces/OverlayMasks/Mk1CabinBorder
[LOG 23:21:38.090] Load MU model: Squad/Spaces/OverlayMasks/Mk1CabinMask
[LOG 23:21:38.090] Load MU model: Squad/Spaces/OverlayMasks/Mk1InlineMask
[LOG 23:21:38.090] Load MU model: Squad/Spaces/OverlayMasks/Mk1InlineMask2
[LOG 23:21:38.090] Load MU model: Squad/Spaces/OverlayMasks/Mk1StandardBorder2
[LOG 23:21:38.090] Load MU model: Squad/Spaces/OverlayMasks/Mk1StandardBorder3
[LOG 23:21:38.090] Load MU model: Squad/Spaces/OverlayMasks/Mk1StandardMask
[LOG 23:21:38.091] Load MU model: Squad/Spaces/OverlayMasks/Mk1StandardMask2
[LOG 23:21:38.091] Load MU model: Squad/Spaces/OverlayMasks/Mk1StandardMask3
[LOG 23:21:38.091] Load MU model: Squad/Spaces/OverlayMasks/Mk2CabinBorder
[LOG 23:21:38.091] Load MU model: Squad/Spaces/OverlayMasks/Mk2CabinMask
[LOG 23:21:38.091] Load MU model: Squad/Spaces/OverlayMasks/Mk2InlineBorder
[LOG 23:21:38.091] Load MU model: Squad/Spaces/OverlayMasks/Mk2InlineMask
[LOG 23:21:38.091] Load MU model: Squad/Spaces/OverlayMasks/Mk2StandardBorder
[LOG 23:21:38.092] Load MU model: Squad/Spaces/OverlayMasks/Mk2StandardMask
[LOG 23:21:38.092] Load MU model: Squad/Spaces/OverlayMasks/Mk3CabinBorder
[LOG 23:21:38.092] Load MU model: Squad/Spaces/OverlayMasks/Mk3CabinMask
[LOG 23:21:38.092] Load MU model: Squad/Spaces/OverlayMasks/Mk3CabinMask2
[LOG 23:21:38.092] Load MU model: Squad/Spaces/OverlayMasks/Mk3ShuttleBorder
[LOG 23:21:38.092] Load MU model: Squad/Spaces/OverlayMasks/Mk3ShuttleMask
[LOG 23:21:38.092] Load MU model: Squad/Spaces/OverlayMasks/Size1LanderBorder
[LOG 23:21:38.092] Load MU model: Squad/Spaces/OverlayMasks/Size1LanderMask
[LOG 23:21:38.093] Load MU model: Squad/Spaces/OverlayMasks/Size1PodBorder
[LOG 23:21:38.093] Load MU model: Squad/Spaces/OverlayMasks/Size1PodMask
[LOG 23:21:38.093] Load MU model: Squad/Spaces/OverlayMasks/Size2LanderBorder
[LOG 23:21:38.093] Load MU model: Squad/Spaces/OverlayMasks/Size2LanderMask
[LOG 23:21:38.093] Load MU model: Squad/Spaces/OverlayMasks/Size2PodBorder
[LOG 23:21:38.093] Load MU model: Squad/Spaces/OverlayMasks/Size2PodMask
[LOG 23:21:38.093] Load MU model: Squad/Spaces/Placeholder/PlaceholderIVA
[LOG 23:21:38.094] Load MU model: Squad/Spaces/PodCockpit/model
[LOG 23:21:38.096] Load MU model: SquadExpansion/MakingHistory/Parts/Aero/protectiveRocketNoseMk5A/Size_1_5_Cone
[LOG 23:21:38.098] Load MU model: SquadExpansion/MakingHistory/Parts/Coupling/Assets/EnginePlate
[LOG 23:21:38.099] Load MU model: SquadExpansion/MakingHistory/Parts/Coupling/Assets/InflatableAirlock
[LOG 23:21:38.099] Load MU model: SquadExpansion/MakingHistory/Parts/Coupling/Assets/Size1_5_Decoupler
[LOG 23:21:38.101] Load MU model: SquadExpansion/MakingHistory/Parts/Engine/Assets/KE-1
[LOG 23:21:38.107] Load MU model: SquadExpansion/MakingHistory/Parts/Engine/Assets/LV-T87
[LOG 23:21:38.109] Load MU model: SquadExpansion/MakingHistory/Parts/Engine/Assets/LV-T91
[LOG 23:21:38.110] Load MU model: SquadExpansion/MakingHistory/Parts/Engine/Assets/RE-I2
[LOG 23:21:38.111] Load MU model: SquadExpansion/MakingHistory/Parts/Engine/Assets/RE-J10
[LOG 23:21:38.112] Load MU model: SquadExpansion/MakingHistory/Parts/Engine/Assets/RK-7
[LOG 23:21:38.114] Load MU model: SquadExpansion/MakingHistory/Parts/Engine/Assets/RV-1
[LOG 23:21:38.114] Load MU model: SquadExpansion/MakingHistory/Parts/Engine/solidBoosterTHK/solidBoosterTHK
[LOG 23:21:38.115] Load MU model: SquadExpansion/MakingHistory/Parts/FuelTank/Assets/MiniMonoTank
[LOG 23:21:38.115] Load MU model: SquadExpansion/MakingHistory/Parts/FuelTank/Assets/Size1_5_Size0_Adapter_01
[LOG 23:21:38.115] Load MU model: SquadExpansion/MakingHistory/Parts/FuelTank/Assets/Size1_5_Size1_Adapter_01
[LOG 23:21:38.116] Load MU model: SquadExpansion/MakingHistory/Parts/FuelTank/Assets/Size1_5_Size1_Adapter_02
[LOG 23:21:38.117] Load MU model: SquadExpansion/MakingHistory/Parts/FuelTank/Assets/Size1_5_Size2_Adapter_01
[LOG 23:21:38.117] Load MU model: SquadExpansion/MakingHistory/Parts/FuelTank/Assets/Size1_5_Tank_01
[LOG 23:21:38.117] Load MU model: SquadExpansion/MakingHistory/Parts/FuelTank/Assets/Size1_5_Tank_02
[LOG 23:21:38.117] Load MU model: SquadExpansion/MakingHistory/Parts/FuelTank/Assets/Size1_5_Tank_03
[LOG 23:21:38.117] Load MU model: SquadExpansion/MakingHistory/Parts/FuelTank/Assets/Size1_5_Tank_04
[LOG 23:21:38.118] Load MU model: SquadExpansion/MakingHistory/Parts/FuelTank/Assets/Size1_5_Tank_05
[LOG 23:21:38.119] Load MU model: SquadExpansion/MakingHistory/Parts/FuelTank/Assets/Size3_Size4_Adapter_01
[LOG 23:21:38.119] Load MU model: SquadExpansion/MakingHistory/Parts/FuelTank/Assets/Size4_EngineAdapter_01
[LOG 23:21:38.120] Load MU model: SquadExpansion/MakingHistory/Parts/FuelTank/Assets/Size4_Tank_01
[LOG 23:21:38.120] Load MU model: SquadExpansion/MakingHistory/Parts/FuelTank/Assets/Size4_Tank_02
[LOG 23:21:38.120] Load MU model: SquadExpansion/MakingHistory/Parts/FuelTank/Assets/Size4_Tank_03
[LOG 23:21:38.121] Load MU model: SquadExpansion/MakingHistory/Parts/FuelTank/Assets/Size4_Tank_04
[LOG 23:21:38.121] Load MU model: SquadExpansion/MakingHistory/Parts/FuelTank/Assets/Size_1p5_Monoprop
[LOG 23:21:38.122] Load MU model: SquadExpansion/MakingHistory/Parts/Ground/Assets/RoverWheel
[WRN 23:21:38.122] WheelCollider requires an attached Rigidbody to function.
[WRN 23:21:38.122] WheelCollider requires an attached Rigidbody to function.
[LOG 23:21:38.123] Load MU model: SquadExpansion/MakingHistory/Parts/Payload/Assets/ServiceModule18
[LOG 23:21:38.123] Load MU model: SquadExpansion/MakingHistory/Parts/Payload/Assets/ServiceModule25
[LOG 23:21:38.124] Load MU model: SquadExpansion/MakingHistory/Parts/Payload/Assets/Size1to0ServiceModule
[LOG 23:21:38.125] Load MU model: SquadExpansion/MakingHistory/Parts/Pods/Assets/Mk2Pod
[LOG 23:21:38.125] Load MU model: SquadExpansion/MakingHistory/Parts/Pods/Assets/RoundPod
[LOG 23:21:38.126] Load MU model: SquadExpansion/MakingHistory/Parts/Pods/Assets/Size1_5_Lander
[LOG 23:21:38.127] Load MU model: SquadExpansion/MakingHistory/Parts/SharedAssets/Shroud1p5x0
[LOG 23:21:38.127] Load MU model: SquadExpansion/MakingHistory/Parts/SharedAssets/Shroud1p5x1
[LOG 23:21:38.127] Load MU model: SquadExpansion/MakingHistory/Parts/SharedAssets/Shroud1p5x2
[LOG 23:21:38.127] Load MU model: SquadExpansion/MakingHistory/Parts/SharedAssets/Shroud1p5x3
[LOG 23:21:38.127] Load MU model: SquadExpansion/MakingHistory/Parts/SharedAssets/Shroud1p5x4
[LOG 23:21:38.127] Load MU model: SquadExpansion/MakingHistory/Parts/SharedAssets/Shroud1x0
[LOG 23:21:38.127] Load MU model: SquadExpansion/MakingHistory/Parts/SharedAssets/Shroud1x1
[LOG 23:21:38.127] Load MU model: SquadExpansion/MakingHistory/Parts/SharedAssets/Shroud1x2
[LOG 23:21:38.128] Load MU model: SquadExpansion/MakingHistory/Parts/SharedAssets/Shroud1x3
[LOG 23:21:38.128] Load MU model: SquadExpansion/MakingHistory/Parts/SharedAssets/Shroud1x4
[LOG 23:21:38.128] Load MU model: SquadExpansion/MakingHistory/Parts/SharedAssets/Shroud2x0
[LOG 23:21:38.128] Load MU model: SquadExpansion/MakingHistory/Parts/SharedAssets/Shroud2x1
[LOG 23:21:38.128] Load MU model: SquadExpansion/MakingHistory/Parts/SharedAssets/Shroud2x2
[LOG 23:21:38.128] Load MU model: SquadExpansion/MakingHistory/Parts/SharedAssets/Shroud2x3
[LOG 23:21:38.128] Load MU model: SquadExpansion/MakingHistory/Parts/SharedAssets/Shroud2x4
[LOG 23:21:38.128] Load MU model: SquadExpansion/MakingHistory/Parts/SharedAssets/Shroud3x0
[LOG 23:21:38.129] Load MU model: SquadExpansion/MakingHistory/Parts/SharedAssets/Shroud3x1
[LOG 23:21:38.129] Load MU model: SquadExpansion/MakingHistory/Parts/SharedAssets/Shroud3x2
[LOG 23:21:38.129] Load MU model: SquadExpansion/MakingHistory/Parts/SharedAssets/Shroud3x3
[LOG 23:21:38.129] Load MU model: SquadExpansion/MakingHistory/Parts/SharedAssets/Shroud3x4
[LOG 23:21:38.129] Load MU model: SquadExpansion/MakingHistory/Parts/SharedAssets/Shroud4x0
[LOG 23:21:38.129] Load MU model: SquadExpansion/MakingHistory/Parts/SharedAssets/Shroud4x1
[LOG 23:21:38.129] Load MU model: SquadExpansion/MakingHistory/Parts/SharedAssets/Shroud4x2
[LOG 23:21:38.129] Load MU model: SquadExpansion/MakingHistory/Parts/SharedAssets/Shroud4x3
[LOG 23:21:38.130] Load MU model: SquadExpansion/MakingHistory/Parts/SharedAssets/Shroud4x4
[LOG 23:21:38.130] Load MU model: SquadExpansion/MakingHistory/Parts/SharedAssets/ShroudCollider0
[LOG 23:21:38.130] Load MU model: SquadExpansion/MakingHistory/Parts/SharedAssets/ShroudCollider1
[LOG 23:21:38.131] Load MU model: SquadExpansion/MakingHistory/Parts/SharedAssets/ShroudCollider1p5
[LOG 23:21:38.132] Load MU model: SquadExpansion/MakingHistory/Parts/SharedAssets/ShroudCollider2
[LOG 23:21:38.132] Load MU model: SquadExpansion/MakingHistory/Parts/SharedAssets/ShroudCollider3
[LOG 23:21:38.132] Load MU model: SquadExpansion/MakingHistory/Parts/SharedAssets/ShroudCollider4
[LOG 23:21:38.133] Load MU model: SquadExpansion/MakingHistory/Parts/Structural/Assets/EquiTriangle0
[LOG 23:21:38.133] Load MU model: SquadExpansion/MakingHistory/Parts/Structural/Assets/EquiTriangle1
[LOG 23:21:38.133] Load MU model: SquadExpansion/MakingHistory/Parts/Structural/Assets/EquiTriangle1p5
[LOG 23:21:38.134] Load MU model: SquadExpansion/MakingHistory/Parts/Structural/Assets/EquiTriangle2
[LOG 23:21:38.134] Load MU model: SquadExpansion/MakingHistory/Parts/Structural/Assets/Panel0
[LOG 23:21:38.134] Load MU model: SquadExpansion/MakingHistory/Parts/Structural/Assets/Panel1
[LOG 23:21:38.134] Load MU model: SquadExpansion/MakingHistory/Parts/Structural/Assets/Panel1p5
[LOG 23:21:38.135] Load MU model: SquadExpansion/MakingHistory/Parts/Structural/Assets/Panel2
[LOG 23:21:38.135] Load MU model: SquadExpansion/MakingHistory/Parts/Structural/Assets/Triangle0
[LOG 23:21:38.135] Load MU model: SquadExpansion/MakingHistory/Parts/Structural/Assets/Triangle1
[LOG 23:21:38.135] Load MU model: SquadExpansion/MakingHistory/Parts/Structural/Assets/Triangle1p5
[LOG 23:21:38.135] Load MU model: SquadExpansion/MakingHistory/Parts/Structural/Assets/Triangle2
[LOG 23:21:38.136] Load MU model: SquadExpansion/MakingHistory/Parts/Utility/flags/flagSize1p5/flagSize1p5Meshes
[LOG 23:21:38.137] Load MU model: SquadExpansion/MakingHistory/Parts/Utility/flags/flagSize4/flagSize4Meshes
[LOG 23:21:38.139] Load MU model: SquadExpansion/MakingHistory/Spaces/KVPods/Airlock_IVA
[LOG 23:21:38.140] Load MU model: SquadExpansion/MakingHistory/Spaces/KVPods/KV1_IVA
[LOG 23:21:38.141] Load MU model: SquadExpansion/MakingHistory/Spaces/KVPods/KV2_IVA
[LOG 23:21:38.143] Load MU model: SquadExpansion/MakingHistory/Spaces/KVPods/KV3_IVA
[LOG 23:21:38.145] Load MU model: SquadExpansion/MakingHistory/Spaces/MEM/MEM_IVA
[LOG 23:21:38.148] Load MU model: SquadExpansion/MakingHistory/Spaces/Mk2Pod/MK2POD_IVA
[LOG 23:21:38.149] Load MU model: SquadExpansion/Serenity/Parts/Aero/Assets/FanShroud_01
[LOG 23:21:38.149] Load MU model: SquadExpansion/Serenity/Parts/Aero/Assets/FanShroud_02
[LOG 23:21:38.150] Load MU model: SquadExpansion/Serenity/Parts/Aero/Assets/FanShroud_03
[LOG 23:21:38.151] Load MU model: SquadExpansion/Serenity/Parts/Aero/Assets/noseconeTiny
[LOG 23:21:38.152] Load MU model: SquadExpansion/Serenity/Parts/Aero/Assets/noseconeVS
[LOG 23:21:38.152] Load MU model: SquadExpansion/Serenity/Parts/DeployedScience/Assets/CentralStation
[LOG 23:21:38.154] Load MU model: SquadExpansion/Serenity/Parts/DeployedScience/Assets/GoExOb
[LOG 23:21:38.156] Load MU model: SquadExpansion/Serenity/Parts/DeployedScience/Assets/IonExperiment
[LOG 23:21:38.157] Load MU model: SquadExpansion/Serenity/Parts/DeployedScience/Assets/RTGCask
[LOG 23:21:38.158] Load MU model: SquadExpansion/Serenity/Parts/DeployedScience/Assets/satDish
[LOG 23:21:38.161] Load MU model: SquadExpansion/Serenity/Parts/DeployedScience/Assets/seismicSensor
[LOG 23:21:38.166] Load MU model: SquadExpansion/Serenity/Parts/DeployedScience/Assets/solarPanel
[LOG 23:21:38.168] Load MU model: SquadExpansion/Serenity/Parts/DeployedScience/Assets/WeatherStation
[LOG 23:21:38.172] Load MU model: SquadExpansion/Serenity/Parts/Propellers/Assets/largeFanBlade
[LOG 23:21:38.172] Load MU model: SquadExpansion/Serenity/Parts/Propellers/Assets/largeHeliBlade
[LOG 23:21:38.172] Load MU model: SquadExpansion/Serenity/Parts/Propellers/Assets/largePropeller
[LOG 23:21:38.172] Load MU model: SquadExpansion/Serenity/Parts/Propellers/Assets/mediumFanBlade
[LOG 23:21:38.173] Load MU model: SquadExpansion/Serenity/Parts/Propellers/Assets/mediumHeliBlade
[LOG 23:21:38.173] Load MU model: SquadExpansion/Serenity/Parts/Propellers/Assets/mediumPropeller
[LOG 23:21:38.173] Load MU model: SquadExpansion/Serenity/Parts/Propellers/Assets/smallFanBlade
[LOG 23:21:38.173] Load MU model: SquadExpansion/Serenity/Parts/Propellers/Assets/smallHeliBlade
[LOG 23:21:38.174] Load MU model: SquadExpansion/Serenity/Parts/Propellers/Assets/smallPropeller
[LOG 23:21:38.174] Load MU model: SquadExpansion/Serenity/Parts/Robotics/Assets/hinge_01
[LOG 23:21:38.174] Load MU model: SquadExpansion/Serenity/Parts/Robotics/Assets/hinge_01_s
[LOG 23:21:38.175] Load MU model: SquadExpansion/Serenity/Parts/Robotics/Assets/hinge_03
[LOG 23:21:38.175] Load MU model: SquadExpansion/Serenity/Parts/Robotics/Assets/hinge_03_s
[LOG 23:21:38.175] Load MU model: SquadExpansion/Serenity/Parts/Robotics/Assets/hinge_04
[LOG 23:21:38.176] Load MU model: SquadExpansion/Serenity/Parts/Robotics/Assets/piston_01
[LOG 23:21:38.176] Load MU model: SquadExpansion/Serenity/Parts/Robotics/Assets/piston_02
[LOG 23:21:38.176] Load MU model: SquadExpansion/Serenity/Parts/Robotics/Assets/piston_03
[LOG 23:21:38.176] Load MU model: SquadExpansion/Serenity/Parts/Robotics/Assets/piston_04
[LOG 23:21:38.177] Load MU model: SquadExpansion/Serenity/Parts/Robotics/Assets/RotorEngine_02
[LOG 23:21:38.177] Load MU model: SquadExpansion/Serenity/Parts/Robotics/Assets/RotorEngine_03
[LOG 23:21:38.178] Load MU model: SquadExpansion/Serenity/Parts/Robotics/Assets/rotor_01
[LOG 23:21:38.179] Load MU model: SquadExpansion/Serenity/Parts/Robotics/Assets/rotor_01s
[LOG 23:21:38.180] Load MU model: SquadExpansion/Serenity/Parts/Robotics/Assets/rotor_02
[LOG 23:21:38.181] Load MU model: SquadExpansion/Serenity/Parts/Robotics/Assets/rotor_02s
[LOG 23:21:38.182] Load MU model: SquadExpansion/Serenity/Parts/Robotics/Assets/rotor_03
[LOG 23:21:38.183] Load MU model: SquadExpansion/Serenity/Parts/Robotics/Assets/rotor_03s
[LOG 23:21:38.184] Load MU model: SquadExpansion/Serenity/Parts/Robotics/Assets/RotoServo_00
[LOG 23:21:38.185] Load MU model: SquadExpansion/Serenity/Parts/Robotics/Assets/RotoServo_02
[LOG 23:21:38.185] Load MU model: SquadExpansion/Serenity/Parts/Robotics/Assets/RotoServo_03
[LOG 23:21:38.186] Load MU model: SquadExpansion/Serenity/Parts/Robotics/Assets/RotoServo_04
[LOG 23:21:38.186] Load MU model: SquadExpansion/Serenity/Parts/Robotics/Controllers/controller1000
[LOG 23:21:38.186] Load MU model: SquadExpansion/Serenity/Parts/Science/RobotArmScanner/Assets/ROCArm_01
[LOG 23:21:38.187] Load MU model: SquadExpansion/Serenity/Parts/Science/RobotArmScanner/Assets/ROCArm_02
[LOG 23:21:38.189] Load MU model: SquadExpansion/Serenity/Parts/Science/RobotArmScanner/Assets/ROCArm_03
[LOG 23:21:38.192] Load MU model: SquadExpansion/Serenity/Parts/Structural/gripPads/Assets/lGripPad
[LOG 23:21:38.192] Load MU model: SquadExpansion/Serenity/Parts/Structural/gripPads/Assets/lGripStrip
[LOG 23:21:38.193] Load MU model: SquadExpansion/Serenity/Parts/Structural/gripPads/Assets/mGripPad
[LOG 23:21:38.193] Load MU model: SquadExpansion/Serenity/Parts/Structural/gripPads/Assets/sGripPad
[LOG 23:21:38.193] Load MU model: SquadExpansion/Serenity/Parts/Structural/gripPads/Assets/sGripStrip
[LOG 23:21:38.194] Loading Asset Bundle Definitions
[LOG 23:21:38.195] AssetLoader: Loading bundle definitions
[LOG 23:21:38.367] AssetLoader: Loaded bundle 'squadcore'
[LOG 23:21:38.369] AssetLoader: Loaded bundle 'squadcorefx'
[LOG 23:21:38.369] AssetLoader: Loaded mod bundle 'kspedia'
[LOG 23:21:38.370] AssetLoader: Loaded mod bundle 'kspedia_actionsets'
[LOG 23:21:38.370] AssetLoader: Loaded mod bundle 'kspedia_aircraft'
[LOG 23:21:38.371] AssetLoader: Loaded mod bundle 'kspedia_aircraftbasics'
[LOG 23:21:38.371] AssetLoader: Loaded mod bundle 'kspedia_aircraftbasicsbalance'
[LOG 23:21:38.372] AssetLoader: Loaded mod bundle 'kspedia_aircraftbasicsbalance2'
[LOG 23:21:38.372] AssetLoader: Loaded mod bundle 'kspedia_aircraftbasicscol'
[LOG 23:21:38.372] AssetLoader: Loaded mod bundle 'kspedia_aircraftbasicscontrol'
[LOG 23:21:38.373] AssetLoader: Loaded mod bundle 'kspedia_aircraftbasicscontrolsurfaces'
[LOG 23:21:38.373] AssetLoader: Loaded mod bundle 'kspedia_aircraftbasicsdrag'
[LOG 23:21:38.373] AssetLoader: Loaded mod bundle 'kspedia_aircraftbasicsengines'
[LOG 23:21:38.373] AssetLoader: Loaded mod bundle 'kspedia_aircraftbasicsforces'
[LOG 23:21:38.374] AssetLoader: Loaded mod bundle 'kspedia_aircraftbasicsintakes'
[LOG 23:21:38.374] AssetLoader: Loaded mod bundle 'kspedia_aircraftbasicslandinggear'
[LOG 23:21:38.375] AssetLoader: Loaded mod bundle 'kspedia_aircraftbasicslift'
[LOG 23:21:38.375] AssetLoader: Loaded mod bundle 'kspedia_axisgroups'
[LOG 23:21:38.375] AssetLoader: Loaded mod bundle 'kspedia_career'
[LOG 23:21:38.375] AssetLoader: Loaded mod bundle 'kspedia_careerbasicscontracts'
[LOG 23:21:38.376] AssetLoader: Loaded mod bundle 'kspedia_careerbasicscrew'
[LOG 23:21:38.376] AssetLoader: Loaded mod bundle 'kspedia_careerbasicscurrencies'
[LOG 23:21:38.376] AssetLoader: Loaded mod bundle 'kspedia_careerbasicsexperience'
[LOG 23:21:38.376] AssetLoader: Loaded mod bundle 'kspedia_careerbasicsfacilities'
[LOG 23:21:38.377] AssetLoader: Loaded mod bundle 'kspedia_careerbasicsstrategies'
[LOG 23:21:38.377] AssetLoader: Loaded mod bundle 'kspedia_careerbasicstechnology'
[LOG 23:21:38.378] AssetLoader: Loaded mod bundle 'kspedia_careerui-ac'
[LOG 23:21:38.378] AssetLoader: Loaded mod bundle 'kspedia_careerui-admin'
[LOG 23:21:38.378] AssetLoader: Loaded mod bundle 'kspedia_careerui-ksc'
[LOG 23:21:38.379] AssetLoader: Loaded mod bundle 'kspedia_careerui-mc'
[LOG 23:21:38.379] AssetLoader: Loaded mod bundle 'kspedia_careerui-sciencearchives'
[LOG 23:21:38.379] AssetLoader: Loaded mod bundle 'kspedia_careerui-techtree'
[LOG 23:21:38.380] AssetLoader: Loaded mod bundle 'kspedia_careerui-ts'
[LOG 23:21:38.381] AssetLoader: Loaded mod bundle 'kspedia_careerui'
[LOG 23:21:38.381] AssetLoader: Loaded mod bundle 'kspedia_cargoapp'
[LOG 23:21:38.381] AssetLoader: Loaded mod bundle 'kspedia_cargomode'
[LOG 23:21:38.382] AssetLoader: Loaded mod bundle 'kspedia_cargosystem-placeableparts'
[LOG 23:21:38.382] AssetLoader: Loaded mod bundle 'kspedia_cargosystem'
[LOG 23:21:38.382] AssetLoader: Loaded mod bundle 'kspedia_chute'
[LOG 23:21:38.383] AssetLoader: Loaded mod bundle 'kspedia_commnet'
[LOG 23:21:38.383] AssetLoader: Loaded mod bundle 'kspedia_commnetbasics'
[LOG 23:21:38.384] AssetLoader: Loaded mod bundle 'kspedia_commnetbuildingeffectivenetworks'
[LOG 23:21:38.384] AssetLoader: Loaded mod bundle 'kspedia_commnetcalculatingrange'
[LOG 23:21:38.385] AssetLoader: Loaded mod bundle 'kspedia_commnetcontrollevels'
[LOG 23:21:38.385] AssetLoader: Loaded mod bundle 'kspedia_commnetcontrollinks'
[LOG 23:21:38.386] AssetLoader: Loaded mod bundle 'kspedia_commnetcontrolpoints'
[LOG 23:21:38.386] AssetLoader: Loaded mod bundle 'kspedia_commnetgui'
[LOG 23:21:38.386] AssetLoader: Loaded mod bundle 'kspedia_commnetgui01'
[LOG 23:21:38.386] AssetLoader: Loaded mod bundle 'kspedia_commnetgui02'
[LOG 23:21:38.387] AssetLoader: Loaded mod bundle 'kspedia_commnetrange'
[LOG 23:21:38.387] AssetLoader: Loaded mod bundle 'kspedia_commnetrelays'
[LOG 23:21:38.387] AssetLoader: Loaded mod bundle 'kspedia_commnetsciencetransmission'
[LOG 23:21:38.387] AssetLoader: Loaded mod bundle 'kspedia_commnetsignalstrength'
[LOG 23:21:38.388] AssetLoader: Loaded mod bundle 'kspedia_commnettransmission'
[LOG 23:21:38.388] AssetLoader: Loaded mod bundle 'kspedia_constructionui-actiongroups'
[LOG 23:21:38.388] AssetLoader: Loaded mod bundle 'kspedia_constructionui-applauncher'
[LOG 23:21:38.389] AssetLoader: Loaded mod bundle 'kspedia_constructionui-crew'
[LOG 23:21:38.389] AssetLoader: Loaded mod bundle 'kspedia_constructionui-engineersreport'
[LOG 23:21:38.389] AssetLoader: Loaded mod bundle 'kspedia_constructionui-gizmos'
[LOG 23:21:38.390] AssetLoader: Loaded mod bundle 'kspedia_constructionui-infos'
[LOG 23:21:38.390] AssetLoader: Loaded mod bundle 'kspedia_constructionui-partdetails'
[LOG 23:21:38.390] AssetLoader: Loaded mod bundle 'kspedia_constructionui-parts'
[LOG 23:21:38.391] AssetLoader: Loaded mod bundle 'kspedia_constructionui-symmetry'
[LOG 23:21:38.391] AssetLoader: Loaded mod bundle 'kspedia_constructionui-vesseldetails'
[LOG 23:21:38.391] AssetLoader: Loaded mod bundle 'kspedia_constructionui'
[LOG 23:21:38.392] AssetLoader: Loaded mod bundle 'kspedia_controls-dockingmode'
[LOG 23:21:38.392] AssetLoader: Loaded mod bundle 'kspedia_controls-editor'
[LOG 23:21:38.392] AssetLoader: Loaded mod bundle 'kspedia_controls-editorgizmos'
[LOG 23:21:38.393] AssetLoader: Loaded mod bundle 'kspedia_controls-eva'
[LOG 23:21:38.393] AssetLoader: Loaded mod bundle 'kspedia_controls-flight'
[LOG 23:21:38.393] AssetLoader: Loaded mod bundle 'kspedia_controls-flightactivities'
[LOG 23:21:38.394] AssetLoader: Loaded mod bundle 'kspedia_controls-flightdirections'
[LOG 23:21:38.394] AssetLoader: Loaded mod bundle 'kspedia_controls-general'
[LOG 23:21:38.394] AssetLoader: Loaded mod bundle 'kspedia_controls-mapandtime'
[LOG 23:21:38.395] AssetLoader: Loaded mod bundle 'kspedia_controls-mouseconstruction'
[LOG 23:21:38.395] AssetLoader: Loaded mod bundle 'kspedia_controls-mouseflight'
[LOG 23:21:38.395] AssetLoader: Loaded mod bundle 'kspedia_controls-rcs'
[LOG 23:21:38.395] AssetLoader: Loaded mod bundle 'kspedia_controls'
[LOG 23:21:38.396] AssetLoader: Loaded mod bundle 'kspedia_eastereggs'
[LOG 23:21:38.396] AssetLoader: Loaded mod bundle 'kspedia_evaconstructionmode'
[LOG 23:21:38.396] AssetLoader: Loaded mod bundle 'kspedia_facilities-ac'
[LOG 23:21:38.397] AssetLoader: Loaded mod bundle 'kspedia_facilities-admin'
[LOG 23:21:38.397] AssetLoader: Loaded mod bundle 'kspedia_facilities-context'
[LOG 23:21:38.397] AssetLoader: Loaded mod bundle 'kspedia_facilities-ksc'
[LOG 23:21:38.397] AssetLoader: Loaded mod bundle 'kspedia_facilities-launchpad'
[LOG 23:21:38.398] AssetLoader: Loaded mod bundle 'kspedia_facilities-mc'
[LOG 23:21:38.398] AssetLoader: Loaded mod bundle 'kspedia_facilities-randd'
[LOG 23:21:38.398] AssetLoader: Loaded mod bundle 'kspedia_facilities-runway'
[LOG 23:21:38.398] AssetLoader: Loaded mod bundle 'kspedia_facilities-sph'
[LOG 23:21:38.399] AssetLoader: Loaded mod bundle 'kspedia_facilities-ts'
[LOG 23:21:38.399] AssetLoader: Loaded mod bundle 'kspedia_facilities-vab'
[LOG 23:21:38.399] AssetLoader: Loaded mod bundle 'kspedia_flightui-altimeter'
[LOG 23:21:38.400] AssetLoader: Loaded mod bundle 'kspedia_flightui-applauncher'
[LOG 23:21:38.400] AssetLoader: Loaded mod bundle 'kspedia_flightui-evaactivities'
[LOG 23:21:38.401] AssetLoader: Loaded mod bundle 'kspedia_flightui-maneuvermodeeditor'
[LOG 23:21:38.401] AssetLoader: Loaded mod bundle 'kspedia_flightui-maneuvermodeeditorcont'
[LOG 23:21:38.402] AssetLoader: Loaded mod bundle 'kspedia_flightui-maneuvermodeorbit'
[LOG 23:21:38.402] AssetLoader: Loaded mod bundle 'kspedia_flightui-maneuvertoolinfo'
[LOG 23:21:38.402] AssetLoader: Loaded mod bundle 'kspedia_flightui-maneuvertoolmain'
[LOG 23:21:38.403] AssetLoader: Loaded mod bundle 'kspedia_flightui-modecontrol'
[LOG 23:21:38.403] AssetLoader: Loaded mod bundle 'kspedia_flightui-navball'
[LOG 23:21:38.403] AssetLoader: Loaded mod bundle 'kspedia_flightui-partrepairs'
[LOG 23:21:38.404] AssetLoader: Loaded mod bundle 'kspedia_flightui-portraits'
[LOG 23:21:38.404] AssetLoader: Loaded mod bundle 'kspedia_flightui-staging'
[LOG 23:21:38.404] AssetLoader: Loaded mod bundle 'kspedia_flightui-timeandaction'
[LOG 23:21:38.404] AssetLoader: Loaded mod bundle 'kspedia_flightui'
[LOG 23:21:38.405] AssetLoader: Loaded mod bundle 'kspedia_heat'
[LOG 23:21:38.405] AssetLoader: Loaded mod bundle 'kspedia_heatactiveradiators'
[LOG 23:21:38.405] AssetLoader: Loaded mod bundle 'kspedia_heatengines'
[LOG 23:21:38.406] AssetLoader: Loaded mod bundle 'kspedia_heatflow'
[LOG 23:21:38.406] AssetLoader: Loaded mod bundle 'kspedia_heatpart'
[LOG 23:21:38.406] AssetLoader: Loaded mod bundle 'kspedia_heatpassiveradiators'
[LOG 23:21:38.407] AssetLoader: Loaded mod bundle 'kspedia_heatshields'
[LOG 23:21:38.407] AssetLoader: Loaded mod bundle 'kspedia_kerbnet'
[LOG 23:21:38.407] AssetLoader: Loaded mod bundle 'kspedia_kerbnetinterface'
[LOG 23:21:38.407] AssetLoader: Loaded mod bundle 'kspedia_kerbnetmodes'
[LOG 23:21:38.408] AssetLoader: Loaded mod bundle 'kspedia_kerbnetwaypoints'
[LOG 23:21:38.408] AssetLoader: Loaded mod bundle 'kspedia_locations'
[LOG 23:21:38.408] AssetLoader: Loaded mod bundle 'kspedia_manual'
[LOG 23:21:38.409] AssetLoader: Loaded mod bundle 'kspedia_mapui-alarmclockcreation'
[LOG 23:21:38.409] AssetLoader: Loaded mod bundle 'kspedia_mapui-alarmclockmain'
[LOG 23:21:38.409] AssetLoader: Loaded mod bundle 'kspedia_mapui-burnindicator'
[LOG 23:21:38.409] AssetLoader: Loaded mod bundle 'kspedia_mapui-dvtoolsflight'
[LOG 23:21:38.410] AssetLoader: Loaded mod bundle 'kspedia_mapui-dvtoolsvab'
[LOG 23:21:38.410] AssetLoader: Loaded mod bundle 'kspedia_mapui-mannodes'
[LOG 23:21:38.410] AssetLoader: Loaded mod bundle 'kspedia_mapui-orbitnodes'
[LOG 23:21:38.411] AssetLoader: Loaded mod bundle 'kspedia_mapui-orbitnodes2'
[LOG 23:21:38.411] AssetLoader: Loaded mod bundle 'kspedia_mapui'
[LOG 23:21:38.411] AssetLoader: Loaded mod bundle 'kspedia_orbitalbasics-atmosphere'
[LOG 23:21:38.411] AssetLoader: Loaded mod bundle 'kspedia_orbitalbasics-gettingbackdown'
[LOG 23:21:38.412] AssetLoader: Loaded mod bundle 'kspedia_orbitalbasics-gettingupthere'
[LOG 23:21:38.412] AssetLoader: Loaded mod bundle 'kspedia_orbitalbasics-gravityturn'
[LOG 23:21:38.412] AssetLoader: Loaded mod bundle 'kspedia_orbitalbasics-orbits'
[LOG 23:21:38.412] AssetLoader: Loaded mod bundle 'kspedia_orbitalbasics-stayingupthere'
[LOG 23:21:38.413] AssetLoader: Loaded mod bundle 'kspedia_orbitalbasics'
[LOG 23:21:38.413] AssetLoader: Loaded mod bundle 'kspedia_orbitaldefinitions-appe'
[LOG 23:21:38.413] AssetLoader: Loaded mod bundle 'kspedia_orbitaldefinitions-dirandinc'
[LOG 23:21:38.414] AssetLoader: Loaded mod bundle 'kspedia_orbitaldefinitions-directions'
[LOG 23:21:38.414] AssetLoader: Loaded mod bundle 'kspedia_orbitaldefinitions-eccentricity'
[LOG 23:21:38.414] AssetLoader: Loaded mod bundle 'kspedia_orbitaldefinitions'
[LOG 23:21:38.415] AssetLoader: Loaded mod bundle 'kspedia_orbitalmaneuvers-adjustinginclination'
[LOG 23:21:38.415] AssetLoader: Loaded mod bundle 'kspedia_orbitalmaneuvers-deltav'
[LOG 23:21:38.415] AssetLoader: Loaded mod bundle 'kspedia_orbitalmaneuvers-efficiency'
[LOG 23:21:38.415] AssetLoader: Loaded mod bundle 'kspedia_orbitalmaneuvers-hohmanntransfer'
[LOG 23:21:38.416] AssetLoader: Loaded mod bundle 'kspedia_orbitalmaneuvers-hohmanntransfer2'
[LOG 23:21:38.416] AssetLoader: Loaded mod bundle 'kspedia_orbitalmaneuvers-orbittypes'
[LOG 23:21:38.416] AssetLoader: Loaded mod bundle 'kspedia_orbitalmaneuvers-radandantirad'
[LOG 23:21:38.416] AssetLoader: Loaded mod bundle 'kspedia_orbitalmaneuvers-shapingup'
[LOG 23:21:38.417] AssetLoader: Loaded mod bundle 'kspedia_orbitalmaneuvers'
[LOG 23:21:38.417] AssetLoader: Loaded mod bundle 'kspedia_planets-dres'
[LOG 23:21:38.417] AssetLoader: Loaded mod bundle 'kspedia_planets-duna'
[LOG 23:21:38.418] AssetLoader: Loaded mod bundle 'kspedia_planets-eeloo'
[LOG 23:21:38.418] AssetLoader: Loaded mod bundle 'kspedia_planets-eve'
[LOG 23:21:38.418] AssetLoader: Loaded mod bundle 'kspedia_planets-jool'
[LOG 23:21:38.419] AssetLoader: Loaded mod bundle 'kspedia_planets-kerbin'
[LOG 23:21:38.419] AssetLoader: Loaded mod bundle 'kspedia_planets-moho'
[LOG 23:21:38.419] AssetLoader: Loaded mod bundle 'kspedia_planets-sun'
[LOG 23:21:38.420] AssetLoader: Loaded mod bundle 'kspedia_planets-system'
[LOG 23:21:38.420] AssetLoader: Loaded mod bundle 'kspedia_resources-asteroidmining'
[LOG 23:21:38.420] AssetLoader: Loaded mod bundle 'kspedia_resources-conversionmanagement'
[LOG 23:21:38.420] AssetLoader: Loaded mod bundle 'kspedia_resources-drilling'
[LOG 23:21:38.421] AssetLoader: Loaded mod bundle 'kspedia_resources-findingit'
[LOG 23:21:38.421] AssetLoader: Loaded mod bundle 'kspedia_resources-findingit2'
[LOG 23:21:38.421] AssetLoader: Loaded mod bundle 'kspedia_resources-storageandconversion'
[LOG 23:21:38.422] AssetLoader: Loaded mod bundle 'kspedia_resources'
[LOG 23:21:38.422] AssetLoader: Loaded mod bundle 'kspedia_rocketry'
[LOG 23:21:38.422] AssetLoader: Loaded mod bundle 'kspedia_rocketryadvanced-fairings'
[LOG 23:21:38.422] AssetLoader: Loaded mod bundle 'kspedia_rocketryadvanced-girders'
[LOG 23:21:38.422] AssetLoader: Loaded mod bundle 'kspedia_rocketryadvanced'
[LOG 23:21:38.422] AssetLoader: Loaded mod bundle 'kspedia_rocketrybasics'
[LOG 23:21:38.423] AssetLoader: Loaded mod bundle 'kspedia_rocketrybasicsaero'
[LOG 23:21:38.423] AssetLoader: Loaded mod bundle 'kspedia_rocketrybasicscentered'
[LOG 23:21:38.423] AssetLoader: Loaded mod bundle 'kspedia_rocketrybasicschutes'
[LOG 23:21:38.424] AssetLoader: Loaded mod bundle 'kspedia_rocketrybasicscontrol'
[LOG 23:21:38.424] AssetLoader: Loaded mod bundle 'kspedia_rocketrybasicsecrecharging'
[LOG 23:21:38.424] AssetLoader: Loaded mod bundle 'kspedia_rocketrybasicsengines'
[LOG 23:21:38.425] AssetLoader: Loaded mod bundle 'kspedia_rocketrybasicsforces'
[LOG 23:21:38.425] AssetLoader: Loaded mod bundle 'kspedia_rocketrybasicshatchesandladders'
[LOG 23:21:38.425] AssetLoader: Loaded mod bundle 'kspedia_rocketrybasicshibernation'
[LOG 23:21:38.425] AssetLoader: Loaded mod bundle 'kspedia_rocketrybasicsresources'
[LOG 23:21:38.426] AssetLoader: Loaded mod bundle 'kspedia_rocketrybasicsservicecontainers'
[LOG 23:21:38.426] AssetLoader: Loaded mod bundle 'kspedia_rocketrybasicsstability'
[LOG 23:21:38.426] AssetLoader: Loaded mod bundle 'kspedia_rocketrybasicsstabilityassist'
[LOG 23:21:38.426] AssetLoader: Loaded mod bundle 'kspedia_rocketrybasicsstaging'
[LOG 23:21:38.427] AssetLoader: Loaded mod bundle 'kspedia_rocketrybasicssymmetry'
[LOG 23:21:38.427] AssetLoader: Loaded mod bundle 'kspedia_science'
[LOG 23:21:38.427] AssetLoader: Loaded mod bundle 'kspedia_sciencedata'
[LOG 23:21:38.427] AssetLoader: Loaded mod bundle 'kspedia_scienceexperiments'
[LOG 23:21:38.428] AssetLoader: Loaded mod bundle 'kspedia_sciencelab'
[LOG 23:21:38.428] AssetLoader: Loaded mod bundle 'kspedia_sciencetransmitted'
[LOG 23:21:38.428] AssetLoader: Loaded mod bundle 'kspedia_spacetravel'
[LOG 23:21:38.428] AssetLoader: Loaded mod bundle 'kspedia_variantswitcher'
[LOG 23:21:38.429] AssetLoader: Loaded mod bundle 'kspfonts'
[LOG 23:21:38.607] AssetLoader: Loaded bundle 'squadcore'
[LOG 23:21:38.607] AssetLoader: Loaded bundle 'squadcorefx'
[LOG 23:21:38.607] AssetLoader: Loaded mod bundle 'kspedia_builder'
[LOG 23:21:38.608] AssetLoader: Loaded mod bundle 'kspedia_buildertoolbar'
[LOG 23:21:38.608] AssetLoader: Loaded mod bundle 'kspedia_canvas'
[LOG 23:21:38.608] AssetLoader: Loaded mod bundle 'kspedia_exportingvalidation'
[LOG 23:21:38.609] AssetLoader: Loaded mod bundle 'kspedia_flight'
[LOG 23:21:38.609] AssetLoader: Loaded mod bundle 'kspedia_flightapp'
[LOG 23:21:38.609] AssetLoader: Loaded mod bundle 'kspedia_gap'
[LOG 23:21:38.610] AssetLoader: Loaded mod bundle 'kspedia_gaptools'
[LOG 23:21:38.610] AssetLoader: Loaded mod bundle 'kspedia_makinghistory'
[LOG 23:21:38.610] AssetLoader: Loaded mod bundle 'kspedia_missionbriefing'
[LOG 23:21:38.610] AssetLoader: Loaded mod bundle 'kspedia_nodedocking'
[LOG 23:21:38.611] AssetLoader: Loaded mod bundle 'kspedia_nodesconnectors'
[LOG 23:21:38.611] AssetLoader: Loaded mod bundle 'kspedia_sap'
[LOG 23:21:38.611] AssetLoader: Loaded mod bundle 'kspedia_sidebar'
[LOG 23:21:38.612] AssetLoader: Loaded mod bundle 'kspedia_testingcheckpoints'
[LOG 23:21:38.612] AssetLoader: Loaded bundle 'makinghistory'
[LOG 23:21:38.612] AssetLoader: Loaded mod bundle 'kspedia_bladecyclic-collective-behaviour'
[LOG 23:21:38.612] AssetLoader: Loaded mod bundle 'kspedia_bladecyclic-collective-controls'
[LOG 23:21:38.613] AssetLoader: Loaded mod bundle 'kspedia_deployedscience-experiments'
[LOG 23:21:38.613] AssetLoader: Loaded mod bundle 'kspedia_deployedscience'
[LOG 23:21:38.613] AssetLoader: Loaded mod bundle 'kspedia_grippads'
[LOG 23:21:38.614] AssetLoader: Loaded mod bundle 'kspedia_layindtracks'
[LOG 23:21:38.614] AssetLoader: Loaded mod bundle 'kspedia_propellers'
[LOG 23:21:38.614] AssetLoader: Loaded mod bundle 'kspedia_propellersaerodynamics'
[LOG 23:21:38.615] AssetLoader: Loaded mod bundle 'kspedia_roboticcontroller'
[LOG 23:21:38.615] AssetLoader: Loaded mod bundle 'kspedia_roboticparts'
[LOG 23:21:38.615] AssetLoader: Loaded mod bundle 'kspedia_surface features-overview'
[LOG 23:21:38.616] AssetLoader: Loaded mod bundle 'kspedia_surface features-roverarmdetails'
[LOG 23:21:38.616] AssetLoader: Loaded mod bundle 'kspedia_trackeditor'
[LOG 23:21:38.616] AssetLoader: Loaded mod bundle 'kspedia_trackeditortoolbar'
[LOG 23:21:38.617] AssetLoader: Loaded mod bundle 'serenity'
[LOG 23:21:38.618] AssetLoader: Finished loading. 226 bundle definitions loaded.
[LOG 23:21:38.618] Compiling Configs:
[LOG 23:21:38.618] Config(DRAG_TIP) /Physics/DRAG_TIP
[LOG 23:21:38.619] Config(DRAG_SURFACE) /Physics/DRAG_SURFACE
[LOG 23:21:38.619] Config(DRAG_TAIL) /Physics/DRAG_TAIL
[LOG 23:21:38.619] Config(DRAG_MULTIPLIER) /Physics/DRAG_MULTIPLIER
[LOG 23:21:38.619] Config(DRAG_CD) /Physics/DRAG_CD
[LOG 23:21:38.619] Config(DRAG_CD_POWER) /Physics/DRAG_CD_POWER
[LOG 23:21:38.619] Config(DRAG_PSEUDOREYNOLDS) /Physics/DRAG_PSEUDOREYNOLDS
[LOG 23:21:38.619] Config(LIFTING_SURFACE_CURVES) /Physics/LIFTING_SURFACE_CURVES
[LOG 23:21:38.619] Config(VesselRanges) /Physics/VesselRanges
[LOG 23:21:38.619] Config(KSP_COMMUNITY_FIXES) KSPCommunityFixes/Settings/KSP_COMMUNITY_FIXES
[LOG 23:21:38.619] Config(Localization) KSPCommunityFixes/Localization/en-us/Localization
[LOG 23:21:38.619] Config(Localization) KSPCommunityFixes/Localization/fr-fr/Localization
[LOG 23:21:38.619] Config(Localization) KSPCommunityFixes/Localization/ru/Localization
[LOG 23:21:38.619] Config(Localization) KSPCommunityFixes/Localization/zh-cn/Localization
[LOG 23:21:38.619] Config(@PART[*]:HAS[@MODULE[ModuleDockingNodeFixed]]:NEEDS[FixDockingNodes]:FINAL) KSPCommunityFixes/MMPatches/ModSupport/FixDockingNodes/@PART[*]:HAS[@MODULE[ModuleDockingNodeFixed]]:NEEDS[FixDockingNodes]:FINAL
[LOG 23:21:38.619] Config(@PART[*]:HAS[@MODULE[Refunding]]:LAST[999_KSP-Recall]) KSPCommunityFixes/MMPatches/ModSupport/KSPRecall/@PART[*]:HAS[@MODULE[Refunding]]:LAST[999_KSP-Recall]
[LOG 23:21:38.619] Config(@PART[*]:HAS[#hasRefundingOnRecovery[?rue]]:LAST[999_KSP-Recall]) KSPCommunityFixes/MMPatches/ModSupport/KSPRecall/@PART[*]:HAS[#hasRefundingOnRecovery[?rue]]:LAST[999_KSP-Recall]
[LOG 23:21:38.619] Config(@PART[*]:HAS[#hasRefundingOnRecovery]:LAST[999_KSP-Recall]) KSPCommunityFixes/MMPatches/ModSupport/KSPRecall/@PART[*]:HAS[#hasRefundingOnRecovery]:LAST[999_KSP-Recall]
[LOG 23:21:38.619] Config(@KSP-Recall:LAST[999_KSP-Recall]) KSPCommunityFixes/MMPatches/ModSupport/KSPRecall/@KSP-Recall:LAST[999_KSP-Recall]
[LOG 23:21:38.619] Config(@KSP-Recall:HAS[#hasRefundingOnRecovery[?rue]]:LAST[999_KSP-Recall]) KSPCommunityFixes/MMPatches/ModSupport/KSPRecall/@KSP-Recall:HAS[#hasRefundingOnRecovery[?rue]]:LAST[999_KSP-Recall]
[LOG 23:21:38.620] Config(@KSP-Recall:HAS[#hasRefundingOnRecovery]:LAST[999_KSP-Recall]) KSPCommunityFixes/MMPatches/ModSupport/KSPRecall/@KSP-Recall:HAS[#hasRefundingOnRecovery]:LAST[999_KSP-Recall]
[LOG 23:21:38.620] Config(@KSP_COMMUNITY_FIXES:NEEDS[AttachedOnEditor]) KSPCommunityFixes/MMPatches/ModSupport/KSPRecall/@KSP_COMMUNITY_FIXES:NEEDS[AttachedOnEditor]
[LOG 23:21:38.620] Config(@KSP_COMMUNITY_FIXES:NEEDS[UniversalStorage2]) KSPCommunityFixes/MMPatches/ModSupport/UniversalStorage/@KSP_COMMUNITY_FIXES:NEEDS[UniversalStorage2]
[LOG 23:21:38.620] Config(@PART[telescopicLadderBay]:FIRST) KSPCommunityFixes/MMPatches/StockTweaks/LadderToggleableLight/@PART[telescopicLadderBay]:FIRST
[LOG 23:21:38.620] Config(@PART[telescopicLadderBay]:HAS[#LadderToggleableLight[?rue]]:FIRST) KSPCommunityFixes/MMPatches/StockTweaks/LadderToggleableLight/@PART[telescopicLadderBay]:HAS[#LadderToggleableLight[?rue]]:FIRST
[LOG 23:21:38.620] Config(@PART[telescopicLadderBay]:HAS[#LadderToggleableLight]:FIRST) KSPCommunityFixes/MMPatches/StockTweaks/LadderToggleableLight/@PART[telescopicLadderBay]:HAS[#LadderToggleableLight]:FIRST
[LOG 23:21:38.620] Config(@PART[GearSmall]:FIRST) KSPCommunityFixes/MMPatches/StockTweaks/LandingGearLights/@PART[GearSmall]:FIRST
[LOG 23:21:38.620] Config(@PART[SmallGearBay]:FIRST) KSPCommunityFixes/MMPatches/StockTweaks/LandingGearLights/@PART[SmallGearBay]:FIRST
[LOG 23:21:38.620] Config(@PART[sasModule]:FOR[KSPCommunityFixes]) KSPCommunityFixes/MMPatches/StockTweaks/ManufacturerFixes/@PART[sasModule]:FOR[KSPCommunityFixes]
[LOG 23:21:38.620] Config(@PART[xenonTankRadial]:FOR[KSPCommunityFixes]) KSPCommunityFixes/MMPatches/StockTweaks/ManufacturerFixes/@PART[xenonTankRadial]:FOR[KSPCommunityFixes]
[LOG 23:21:38.620] Config(@PART[winglet|fireworksLauncherSmall|fireworksLauncherBig]:FOR[KSPCommunityFixes]) KSPCommunityFixes/MMPatches/StockTweaks/ManufacturerFixes/@PART[winglet|fireworksLauncherSmall|fireworksLauncherBig]:FOR[KSPCommunityFixes]
[LOG 23:21:38.620] Config(@PART[solidBooster_sm_v2|solidBooster_v2]:FOR[KSPCommunityFixes]) KSPCommunityFixes/MMPatches/StockTweaks/ManufacturerFixes/@PART[solidBooster_sm_v2|solidBooster_v2]:FOR[KSPCommunityFixes]
[LOG 23:21:38.620] Config(@PART[ServiceBay_125_v2|ServiceBay_250_v2]:FOR[KSPCommunityFixes]) KSPCommunityFixes/MMPatches/StockTweaks/ManufacturerFixes/@PART[ServiceBay_125_v2|ServiceBay_250_v2]:FOR[KSPCommunityFixes]
[LOG 23:21:38.620] Config(@PART[externalTankCapsule]:FOR[KSPCommunityFixes]) KSPCommunityFixes/MMPatches/StockTweaks/ManufacturerFixes/@PART[externalTankCapsule]:FOR[KSPCommunityFixes]
[LOG 23:21:38.620] Config(@PART[RCSFuelTank|rcsTankMini|RCSTank1-2]:FOR[KSPCommunityFixes]) KSPCommunityFixes/MMPatches/StockTweaks/ManufacturerFixes/@PART[RCSFuelTank|rcsTankMini|RCSTank1-2]:FOR[KSPCommunityFixes]
[LOG 23:21:38.620] Config(@PART[landerCabinSmall]:FOR[KSPCommunityFixes]) KSPCommunityFixes/MMPatches/StockTweaks/ManufacturerFixes/@PART[landerCabinSmall]:FOR[KSPCommunityFixes]
[LOG 23:21:38.620] Config(@PART[dockingPortLateral]:FOR[KSPCommunityFixes]) KSPCommunityFixes/MMPatches/StockTweaks/ManufacturerFixes/@PART[dockingPortLateral]:FOR[KSPCommunityFixes]
[LOG 23:21:38.620] Config(@PART[EnginePlate4]:FOR[KSPCommunityFixes]:NEEDS[SquadExpansion/MakingHistory]) KSPCommunityFixes/MMPatches/StockTweaks/ManufacturerFixes/@PART[EnginePlate4]:FOR[KSPCommunityFixes]:NEEDS[SquadExpansion/MakingHistory]
[LOG 23:21:38.620] Config(@PART[Mk2Pod]:FOR[KSPCommunityFixes]:NEEDS[SquadExpansion/MakingHistory]) KSPCommunityFixes/MMPatches/StockTweaks/ManufacturerFixes/@PART[Mk2Pod]:FOR[KSPCommunityFixes]:NEEDS[SquadExpansion/MakingHistory]
[LOG 23:21:38.620] Config(@PART[evaChute|parachuteSingle|parachuteRadial|radialDrogue|parachuteLarge|parachuteDrogue]:FOR[KSPCommunityFixes]) KSPCommunityFixes/MMPatches/StockTweaks/ManufacturerFixes/@PART[evaChute|parachuteSingle|parachuteRadial|radialDrogue|parachuteLarge|parachuteDrogue]:FOR[KSPCommunityFixes]
[LOG 23:21:38.620] Config(@PART[stackPoint1|dockingPort1|dockingPort2|dockingPort3|dockingPortLarge]:FOR[KSPCommunityFixes]) KSPCommunityFixes/MMPatches/StockTweaks/ManufacturerFixes/@PART[stackPoint1|dockingPort1|dockingPort2|dockingPort3|dockingPortLarge]:FOR[KSPCommunityFixes]
[LOG 23:21:38.620] Config(AGENT) KSPCommunityFixes/MMPatches/StockTweaks/ManufacturerFixes/Clamp-O-Tron
[LOG 23:21:38.620] Config(AGENT) KSPCommunityFixes/MMPatches/StockTweaks/ManufacturerFixes/FreeFall Parachutes
[LOG 23:21:38.620] Config(AGENT) KSPCommunityFixes/MMPatches/StockTweaks/ManufacturerFixes/LightYear Tire Company
[LOG 23:21:38.620] Config(AGENT) KSPCommunityFixes/MMPatches/StockTweaks/ManufacturerFixes/Stratus Corporation
[LOG 23:21:38.620] Config(Localization) KSPCommunityFixes/MMPatches/StockTweaks/ManufacturerFixes/Localization
[LOG 23:21:38.621] Config(AGENT) Squad/Agencies/Agents/C7 Aerospace Division
[LOG 23:21:38.621] Config(AGENT) Squad/Agencies/Agents/Dinkelstein Kerman's Construction Emporium
[LOG 23:21:38.621] Config(AGENT) Squad/Agencies/Agents/Experimental Engineering Group
[LOG 23:21:38.621] Config(AGENT) Squad/Agencies/Agents/FLOOYD Dynamics Research Labs
[LOG 23:21:38.621] Config(AGENT) Squad/Agencies/Agents/Goliath National Products
[LOG 23:21:38.621] Config(AGENT) Squad/Agencies/Agents/Integrated Integrals
[LOG 23:21:38.621] Config(AGENT) Squad/Agencies/Agents/Ionic Symphonic Protonic Electronics
[LOG 23:21:38.621] Config(AGENT) Squad/Agencies/Agents/Jebediah Kerman's Junkyard and Spacecraft Parts Co
[LOG 23:21:38.621] Config(AGENT) Squad/Agencies/Agents/Kerbal Motion LLC
[LOG 23:21:38.621] Config(AGENT) Squad/Agencies/Agents/Kerbin World-Firsts Record-Keeping Society
[LOG 23:21:38.621] Config(AGENT) Squad/Agencies/Agents/Kerbodyne
[LOG 23:21:38.621] Config(AGENT) Squad/Agencies/Agents/Kerlington Model Rockets and Paper Products Inc
[LOG 23:21:38.621] Config(AGENT) Squad/Agencies/Agents/Maxo Construction Toys
[LOG 23:21:38.621] Config(AGENT) Squad/Agencies/Agents/Moving Parts Experts Group
[LOG 23:21:38.621] Config(AGENT) Squad/Agencies/Agents/O.M.B. Demolition Enterprises
[LOG 23:21:38.621] Config(AGENT) Squad/Agencies/Agents/Periapsis Rocket Supplies Co
[LOG 23:21:38.621] Config(AGENT) Squad/Agencies/Agents/Probodobodyne Inc
[LOG 23:21:38.621] Config(AGENT) Squad/Agencies/Agents/Research & Development Department
[LOG 23:21:38.621] Config(AGENT) Squad/Agencies/Agents/Reaction Systems Ltd
[LOG 23:21:38.621] Config(AGENT) Squad/Agencies/Agents/Rockomax Conglomerate
[LOG 23:21:38.621] Config(AGENT) Squad/Agencies/Agents/Rokea Inc
[LOG 23:21:38.621] Config(AGENT) Squad/Agencies/Agents/Sean's Cannery
[LOG 23:21:38.621] Config(AGENT) Squad/Agencies/Agents/STEADLER Engineering Corps
[LOG 23:21:38.621] Config(AGENT) Squad/Agencies/Agents/StrutCo
[LOG 23:21:38.621] Config(AGENT) Squad/Agencies/Agents/Vac-Co Advanced Suction Systems
[LOG 23:21:38.621] Config(AGENT) Squad/Agencies/Agents/WinterOwl Aircraft Emporium
[LOG 23:21:38.621] Config(AGENT) Squad/Agencies/Agents/Zaltonic Electronics
[LOG 23:21:38.621] Config(CONTRACT_CONSTRUCTION_PARTS) Squad/Contracts/constructionContractParts/CONTRACT_CONSTRUCTION_PARTS
[LOG 23:21:38.622] Config(Contracts) Squad/Contracts/Contracts/Contracts
[LOG 23:21:38.622] Config(CONTRACTCRAFT) Squad/Contracts/PrebuiltCraft/prebuiltData/CONTRACTCRAFT
[LOG 23:21:38.622] Config(CONTRACTCRAFT) Squad/Contracts/PrebuiltCraft/OrbitalConstructionContract/orbitalConstructionContractCraft/CONTRACTCRAFT
[LOG 23:21:38.622] Config(CONTRACTCRAFT) Squad/Contracts/PrebuiltCraft/RepairContract/repairContractCraft/CONTRACTCRAFT
[LOG 23:21:38.622] Config(CONTRACTCRAFT) Squad/Contracts/PrebuiltCraft/RoverContract/roverContractCraft/CONTRACTCRAFT
[LOG 23:21:38.622] Config(KEYBOARD_LAYOUT) Squad/Controls/Azerty/#autoLOC_6001233
[LOG 23:21:38.622] Config(PITCH_DOWN) Squad/Controls/Azerty/PITCH_DOWN
[LOG 23:21:38.622] Config(PITCH_UP) Squad/Controls/Azerty/PITCH_UP
[LOG 23:21:38.622] Config(YAW_LEFT) Squad/Controls/Azerty/YAW_LEFT
[LOG 23:21:38.622] Config(YAW_RIGHT) Squad/Controls/Azerty/YAW_RIGHT
[LOG 23:21:38.622] Config(ROLL_LEFT) Squad/Controls/Azerty/ROLL_LEFT
[LOG 23:21:38.622] Config(ROLL_RIGHT) Squad/Controls/Azerty/ROLL_RIGHT
[LOG 23:21:38.622] Config(THROTTLE_UP) Squad/Controls/Azerty/THROTTLE_UP
[LOG 23:21:38.622] Config(THROTTLE_DOWN) Squad/Controls/Azerty/THROTTLE_DOWN
[LOG 23:21:38.622] Config(SAS_HOLD) Squad/Controls/Azerty/SAS_HOLD
[LOG 23:21:38.622] Config(SAS_TOGGLE) Squad/Controls/Azerty/SAS_TOGGLE
[LOG 23:21:38.622] Config(LAUNCH_STAGES) Squad/Controls/Azerty/LAUNCH_STAGES
[LOG 23:21:38.622] Config(Docking_toggleRotLin) Squad/Controls/Azerty/Docking_toggleRotLin
[LOG 23:21:38.622] Config(CAMERA_MODE) Squad/Controls/Azerty/CAMERA_MODE
[LOG 23:21:38.622] Config(CAMERA_NEXT) Squad/Controls/Azerty/CAMERA_NEXT
[LOG 23:21:38.622] Config(PAUSE) Squad/Controls/Azerty/PAUSE
[LOG 23:21:38.622] Config(PRECISION_CTRL) Squad/Controls/Azerty/PRECISION_CTRL
[LOG 23:21:38.622] Config(ZOOM_IN) Squad/Controls/Azerty/ZOOM_IN
[LOG 23:21:38.622] Config(ZOOM_OUT) Squad/Controls/Azerty/ZOOM_OUT
[LOG 23:21:38.622] Config(SCROLL_VIEW_UP) Squad/Controls/Azerty/SCROLL_VIEW_UP
[LOG 23:21:38.622] Config(SCROLL_VIEW_DOWN) Squad/Controls/Azerty/SCROLL_VIEW_DOWN
[LOG 23:21:38.622] Config(SCROLL_ICONS_UP) Squad/Controls/Azerty/SCROLL_ICONS_UP
[LOG 23:21:38.622] Config(SCROLL_ICONS_DOWN) Squad/Controls/Azerty/SCROLL_ICONS_DOWN
[LOG 23:21:38.622] Config(CAMERA_ORBIT_UP) Squad/Controls/Azerty/CAMERA_ORBIT_UP
[LOG 23:21:38.622] Config(CAMERA_ORBIT_DOWN) Squad/Controls/Azerty/CAMERA_ORBIT_DOWN
[LOG 23:21:38.622] Config(CAMERA_ORBIT_LEFT) Squad/Controls/Azerty/CAMERA_ORBIT_LEFT
[LOG 23:21:38.622] Config(CAMERA_ORBIT_RIGHT) Squad/Controls/Azerty/CAMERA_ORBIT_RIGHT
[LOG 23:21:38.622] Config(CAMERA_RESET) Squad/Controls/Azerty/CAMERA_RESET
[LOG 23:21:38.622] Config(CAMERA_MOUSE_TOGGLE) Squad/Controls/Azerty/CAMERA_MOUSE_TOGGLE
[LOG 23:21:38.622] Config(TIME_WARP_INCREASE) Squad/Controls/Azerty/TIME_WARP_INCREASE
[LOG 23:21:38.622] Config(TIME_WARP_DECREASE) Squad/Controls/Azerty/TIME_WARP_DECREASE
[LOG 23:21:38.622] Config(TIME_WARP_STOP) Squad/Controls/Azerty/TIME_WARP_STOP
[LOG 23:21:38.622] Config(MAP_VIEW_TOGGLE) Squad/Controls/Azerty/MAP_VIEW_TOGGLE
[LOG 23:21:38.622] Config(NAVBALL_TOGGLE) Squad/Controls/Azerty/NAVBALL_TOGGLE
[LOG 23:21:38.622] Config(UIMODE_STAGING) Squad/Controls/Azerty/UIMODE_STAGING
[LOG 23:21:38.623] Config(UIMODE_DOCKING) Squad/Controls/Azerty/UIMODE_DOCKING
[LOG 23:21:38.623] Config(TRANSLATE_DOWN) Squad/Controls/Azerty/TRANSLATE_DOWN
[LOG 23:21:38.623] Config(TRANSLATE_UP) Squad/Controls/Azerty/TRANSLATE_UP
[LOG 23:21:38.623] Config(TRANSLATE_LEFT) Squad/Controls/Azerty/TRANSLATE_LEFT
[LOG 23:21:38.623] Config(TRANSLATE_RIGHT) Squad/Controls/Azerty/TRANSLATE_RIGHT
[LOG 23:21:38.623] Config(TRANSLATE_FWD) Squad/Controls/Azerty/TRANSLATE_FWD
[LOG 23:21:38.623] Config(TRANSLATE_BACK) Squad/Controls/Azerty/TRANSLATE_BACK
[LOG 23:21:38.623] Config(RCS_TOGGLE) Squad/Controls/Azerty/RCS_TOGGLE
[LOG 23:21:38.623] Config(FOCUS_NEXT_VESSEL) Squad/Controls/Azerty/FOCUS_NEXT_VESSEL
[LOG 23:21:38.623] Config(FOCUS_PREV_VESSEL) Squad/Controls/Azerty/FOCUS_PREV_VESSEL
[LOG 23:21:38.623] Config(TOGGLE_UI) Squad/Controls/Azerty/TOGGLE_UI
[LOG 23:21:38.623] Config(TOGGLE_STATUS_SCREEN) Squad/Controls/Azerty/TOGGLE_STATUS_SCREEN
[LOG 23:21:38.623] Config(TAKE_SCREENSHOT) Squad/Controls/Azerty/TAKE_SCREENSHOT
[LOG 23:21:38.623] Config(TOGGLE_LABELS) Squad/Controls/Azerty/TOGGLE_LABELS
[LOG 23:21:38.623] Config(TOGGLE_TEMP_GAUGES) Squad/Controls/Azerty/TOGGLE_TEMP_GAUGES
[LOG 23:21:38.623] Config(TOGGLE_TEMP_OVERLAY) Squad/Controls/Azerty/TOGGLE_TEMP_OVERLAY
[LOG 23:21:38.623] Config(TOGGLE_FLIGHT_FORCES) Squad/Controls/Azerty/TOGGLE_FLIGHT_FORCES
[LOG 23:21:38.623] Config(QUICKSAVE) Squad/Controls/Azerty/QUICKSAVE
[LOG 23:21:38.623] Config(QUICKLOAD) Squad/Controls/Azerty/QUICKLOAD
[LOG 23:21:38.623] Config(THROTTLE_CUTOFF) Squad/Controls/Azerty/THROTTLE_CUTOFF
[LOG 23:21:38.623] Config(THROTTLE_FULL) Squad/Controls/Azerty/THROTTLE_FULL
[LOG 23:21:38.623] Config(LANDING_GEAR) Squad/Controls/Azerty/LANDING_GEAR
[LOG 23:21:38.623] Config(HEADLIGHT_TOGGLE) Squad/Controls/Azerty/HEADLIGHT_TOGGLE
[LOG 23:21:38.623] Config(BRAKES) Squad/Controls/Azerty/BRAKES
[LOG 23:21:38.623] Config(TOGGLE_SPACENAV_FLIGHT_CONTROL) Squad/Controls/Azerty/TOGGLE_SPACENAV_FLIGHT_CONTROL
[LOG 23:21:38.623] Config(TOGGLE_SPACENAV_ROLL_LOCK) Squad/Controls/Azerty/TOGGLE_SPACENAV_ROLL_LOCK
[LOG 23:21:38.623] Config(WHEEL_STEER_LEFT) Squad/Controls/Azerty/WHEEL_STEER_LEFT
[LOG 23:21:38.623] Config(WHEEL_STEER_RIGHT) Squad/Controls/Azerty/WHEEL_STEER_RIGHT
[LOG 23:21:38.623] Config(WHEEL_THROTTLE_DOWN) Squad/Controls/Azerty/WHEEL_THROTTLE_DOWN
[LOG 23:21:38.624] Config(WHEEL_THROTTLE_UP) Squad/Controls/Azerty/WHEEL_THROTTLE_UP
[LOG 23:21:38.624] Config(EVA_forward) Squad/Controls/Azerty/EVA_forward
[LOG 23:21:38.624] Config(EVA_back) Squad/Controls/Azerty/EVA_back
[LOG 23:21:38.624] Config(EVA_left) Squad/Controls/Azerty/EVA_left
[LOG 23:21:38.624] Config(EVA_right) Squad/Controls/Azerty/EVA_right
[LOG 23:21:38.624] Config(EVA_yaw_left) Squad/Controls/Azerty/EVA_yaw_left
[LOG 23:21:38.624] Config(EVA_yaw_right) Squad/Controls/Azerty/EVA_yaw_right
[LOG 23:21:38.624] Config(EVA_Pack_forward) Squad/Controls/Azerty/EVA_Pack_forward
[LOG 23:21:38.624] Config(EVA_Pack_back) Squad/Controls/Azerty/EVA_Pack_back
[LOG 23:21:38.624] Config(EVA_Pack_left) Squad/Controls/Azerty/EVA_Pack_left
[LOG 23:21:38.624] Config(EVA_Pack_right) Squad/Controls/Azerty/EVA_Pack_right
[LOG 23:21:38.624] Config(EVA_Pack_up) Squad/Controls/Azerty/EVA_Pack_up
[LOG 23:21:38.624] Config(EVA_Pack_down) Squad/Controls/Azerty/EVA_Pack_down
[LOG 23:21:38.624] Config(EVA_Jump) Squad/Controls/Azerty/EVA_Jump
[LOG 23:21:38.624] Config(EVA_Run) Squad/Controls/Azerty/EVA_Run
[LOG 23:21:38.624] Config(EVA_ToggleMovementMode) Squad/Controls/Azerty/EVA_ToggleMovementMode
[LOG 23:21:38.624] Config(EVA_TogglePack) Squad/Controls/Azerty/EVA_TogglePack
[LOG 23:21:38.624] Config(EVA_Use) Squad/Controls/Azerty/EVA_Use
[LOG 23:21:38.624] Config(EVA_Board) Squad/Controls/Azerty/EVA_Board
[LOG 23:21:38.624] Config(EVA_Orient) Squad/Controls/Azerty/EVA_Orient
[LOG 23:21:38.624] Config(EVA_Lights) Squad/Controls/Azerty/EVA_Lights
[LOG 23:21:38.625] Config(EVA_ChuteDeploy) Squad/Controls/Azerty/EVA_ChuteDeploy
[LOG 23:21:38.625] Config(Editor_pitchUp) Squad/Controls/Azerty/Editor_pitchUp
[LOG 23:21:38.625] Config(Editor_pitchDown) Squad/Controls/Azerty/Editor_pitchDown
[LOG 23:21:38.625] Config(Editor_yawLeft) Squad/Controls/Azerty/Editor_yawLeft
[LOG 23:21:38.625] Config(Editor_yawRight) Squad/Controls/Azerty/Editor_yawRight
[LOG 23:21:38.625] Config(Editor_rollLeft) Squad/Controls/Azerty/Editor_rollLeft
[LOG 23:21:38.625] Config(Editor_rollRight) Squad/Controls/Azerty/Editor_rollRight
[LOG 23:21:38.625] Config(Editor_resetRotation) Squad/Controls/Azerty/Editor_resetRotation
[LOG 23:21:38.625] Config(Editor_modePlace) Squad/Controls/Azerty/Editor_modePlace
[LOG 23:21:38.625] Config(Editor_modeOffset) Squad/Controls/Azerty/Editor_modeOffset
[LOG 23:21:38.625] Config(Editor_modeRotate) Squad/Controls/Azerty/Editor_modeRotate
[LOG 23:21:38.625] Config(Editor_modeRoot) Squad/Controls/Azerty/Editor_modeRoot
[LOG 23:21:38.625] Config(Editor_coordSystem) Squad/Controls/Azerty/Editor_coordSystem
[LOG 23:21:38.625] Config(Editor_toggleSymMethod) Squad/Controls/Azerty/Editor_toggleSymMethod
[LOG 23:21:38.625] Config(Editor_toggleSymMode) Squad/Controls/Azerty/Editor_toggleSymMode
[LOG 23:21:38.625] Config(Editor_toggleAngleSnap) Squad/Controls/Azerty/Editor_toggleAngleSnap
[LOG 23:21:38.625] Config(Editor_fineTweak) Squad/Controls/Azerty/Editor_fineTweak
[LOG 23:21:38.625] Config(Editor_partSearch) Squad/Controls/Azerty/Editor_partSearch
[LOG 23:21:38.625] Config(Editor_zoomScrollModifier) Squad/Controls/Azerty/Editor_zoomScrollModifier
[LOG 23:21:38.625] Config(MODIFIER_KEY) Squad/Controls/Azerty/MODIFIER_KEY
[LOG 23:21:38.625] Config(AbortActionGroup) Squad/Controls/Azerty/AbortActionGroup
[LOG 23:21:38.625] Config(CustomActionGroup1) Squad/Controls/Azerty/CustomActionGroup1
[LOG 23:21:38.625] Config(CustomActionGroup2) Squad/Controls/Azerty/CustomActionGroup2
[LOG 23:21:38.625] Config(CustomActionGroup3) Squad/Controls/Azerty/CustomActionGroup3
[LOG 23:21:38.625] Config(CustomActionGroup4) Squad/Controls/Azerty/CustomActionGroup4
[LOG 23:21:38.625] Config(CustomActionGroup5) Squad/Controls/Azerty/CustomActionGroup5
[LOG 23:21:38.625] Config(CustomActionGroup6) Squad/Controls/Azerty/CustomActionGroup6
[LOG 23:21:38.625] Config(CustomActionGroup7) Squad/Controls/Azerty/CustomActionGroup7
[LOG 23:21:38.626] Config(CustomActionGroup8) Squad/Controls/Azerty/CustomActionGroup8
[LOG 23:21:38.626] Config(CustomActionGroup9) Squad/Controls/Azerty/CustomActionGroup9
[LOG 23:21:38.626] Config(CustomActionGroup10) Squad/Controls/Azerty/CustomActionGroup10
[LOG 23:21:38.626] Config(KEY_MAP) Squad/Controls/Azerty/KEY_MAP
[LOG 23:21:38.626] Config(KEYBOARD_LAYOUT) Squad/Controls/Dvorak/#autoLOC_6001234
[LOG 23:21:38.626] Config(PITCH_DOWN) Squad/Controls/Dvorak/PITCH_DOWN
[LOG 23:21:38.626] Config(PITCH_UP) Squad/Controls/Dvorak/PITCH_UP
[LOG 23:21:38.626] Config(YAW_LEFT) Squad/Controls/Dvorak/YAW_LEFT
[LOG 23:21:38.626] Config(YAW_RIGHT) Squad/Controls/Dvorak/YAW_RIGHT
[LOG 23:21:38.626] Config(ROLL_LEFT) Squad/Controls/Dvorak/ROLL_LEFT
[LOG 23:21:38.626] Config(ROLL_RIGHT) Squad/Controls/Dvorak/ROLL_RIGHT
[LOG 23:21:38.626] Config(THROTTLE_UP) Squad/Controls/Dvorak/THROTTLE_UP
[LOG 23:21:38.626] Config(THROTTLE_DOWN) Squad/Controls/Dvorak/THROTTLE_DOWN
[LOG 23:21:38.626] Config(SAS_HOLD) Squad/Controls/Dvorak/SAS_HOLD
[LOG 23:21:38.626] Config(SAS_TOGGLE) Squad/Controls/Dvorak/SAS_TOGGLE
[LOG 23:21:38.626] Config(LAUNCH_STAGES) Squad/Controls/Dvorak/LAUNCH_STAGES
[LOG 23:21:38.626] Config(Docking_toggleRotLin) Squad/Controls/Dvorak/Docking_toggleRotLin
[LOG 23:21:38.626] Config(CAMERA_MODE) Squad/Controls/Dvorak/CAMERA_MODE
[LOG 23:21:38.626] Config(CAMERA_NEXT) Squad/Controls/Dvorak/CAMERA_NEXT
[LOG 23:21:38.626] Config(PAUSE) Squad/Controls/Dvorak/PAUSE
[LOG 23:21:38.626] Config(PRECISION_CTRL) Squad/Controls/Dvorak/PRECISION_CTRL
[LOG 23:21:38.626] Config(ZOOM_IN) Squad/Controls/Dvorak/ZOOM_IN
[LOG 23:21:38.626] Config(ZOOM_OUT) Squad/Controls/Dvorak/ZOOM_OUT
[LOG 23:21:38.626] Config(SCROLL_VIEW_UP) Squad/Controls/Dvorak/SCROLL_VIEW_UP
[LOG 23:21:38.626] Config(SCROLL_VIEW_DOWN) Squad/Controls/Dvorak/SCROLL_VIEW_DOWN
[LOG 23:21:38.626] Config(SCROLL_ICONS_UP) Squad/Controls/Dvorak/SCROLL_ICONS_UP
[LOG 23:21:38.626] Config(SCROLL_ICONS_DOWN) Squad/Controls/Dvorak/SCROLL_ICONS_DOWN
[LOG 23:21:38.627] Config(CAMERA_ORBIT_UP) Squad/Controls/Dvorak/CAMERA_ORBIT_UP
[LOG 23:21:38.627] Config(CAMERA_ORBIT_DOWN) Squad/Controls/Dvorak/CAMERA_ORBIT_DOWN
[LOG 23:21:38.627] Config(CAMERA_ORBIT_LEFT) Squad/Controls/Dvorak/CAMERA_ORBIT_LEFT
[LOG 23:21:38.627] Config(CAMERA_ORBIT_RIGHT) Squad/Controls/Dvorak/CAMERA_ORBIT_RIGHT
[LOG 23:21:38.627] Config(CAMERA_RESET) Squad/Controls/Dvorak/CAMERA_RESET
[LOG 23:21:38.627] Config(CAMERA_MOUSE_TOGGLE) Squad/Controls/Dvorak/CAMERA_MOUSE_TOGGLE
[LOG 23:21:38.627] Config(TIME_WARP_INCREASE) Squad/Controls/Dvorak/TIME_WARP_INCREASE
[LOG 23:21:38.627] Config(TIME_WARP_DECREASE) Squad/Controls/Dvorak/TIME_WARP_DECREASE
[LOG 23:21:38.627] Config(TIME_WARP_STOP) Squad/Controls/Dvorak/TIME_WARP_STOP
[LOG 23:21:38.627] Config(MAP_VIEW_TOGGLE) Squad/Controls/Dvorak/MAP_VIEW_TOGGLE
[LOG 23:21:38.627] Config(NAVBALL_TOGGLE) Squad/Controls/Dvorak/NAVBALL_TOGGLE
[LOG 23:21:38.627] Config(UIMODE_STAGING) Squad/Controls/Dvorak/UIMODE_STAGING
[LOG 23:21:38.627] Config(UIMODE_DOCKING) Squad/Controls/Dvorak/UIMODE_DOCKING
[LOG 23:21:38.627] Config(TRANSLATE_DOWN) Squad/Controls/Dvorak/TRANSLATE_DOWN
[LOG 23:21:38.627] Config(TRANSLATE_UP) Squad/Controls/Dvorak/TRANSLATE_UP
[LOG 23:21:38.627] Config(TRANSLATE_LEFT) Squad/Controls/Dvorak/TRANSLATE_LEFT
[LOG 23:21:38.627] Config(TRANSLATE_RIGHT) Squad/Controls/Dvorak/TRANSLATE_RIGHT
[LOG 23:21:38.627] Config(TRANSLATE_FWD) Squad/Controls/Dvorak/TRANSLATE_FWD
[LOG 23:21:38.627] Config(TRANSLATE_BACK) Squad/Controls/Dvorak/TRANSLATE_BACK
[LOG 23:21:38.627] Config(RCS_TOGGLE) Squad/Controls/Dvorak/RCS_TOGGLE
[LOG 23:21:38.627] Config(FOCUS_NEXT_VESSEL) Squad/Controls/Dvorak/FOCUS_NEXT_VESSEL
[LOG 23:21:38.627] Config(FOCUS_PREV_VESSEL) Squad/Controls/Dvorak/FOCUS_PREV_VESSEL
[LOG 23:21:38.627] Config(TOGGLE_UI) Squad/Controls/Dvorak/TOGGLE_UI
[LOG 23:21:38.627] Config(TOGGLE_STATUS_SCREEN) Squad/Controls/Dvorak/TOGGLE_STATUS_SCREEN
[LOG 23:21:38.627] Config(TAKE_SCREENSHOT) Squad/Controls/Dvorak/TAKE_SCREENSHOT
[LOG 23:21:38.627] Config(TOGGLE_LABELS) Squad/Controls/Dvorak/TOGGLE_LABELS
[LOG 23:21:38.627] Config(TOGGLE_TEMP_GAUGES) Squad/Controls/Dvorak/TOGGLE_TEMP_GAUGES
[LOG 23:21:38.627] Config(TOGGLE_TEMP_OVERLAY) Squad/Controls/Dvorak/TOGGLE_TEMP_OVERLAY
[LOG 23:21:38.627] Config(TOGGLE_FLIGHT_FORCES) Squad/Controls/Dvorak/TOGGLE_FLIGHT_FORCES
[LOG 23:21:38.627] Config(QUICKSAVE) Squad/Controls/Dvorak/QUICKSAVE
[LOG 23:21:38.628] Config(QUICKLOAD) Squad/Controls/Dvorak/QUICKLOAD
[LOG 23:21:38.628] Config(THROTTLE_CUTOFF) Squad/Controls/Dvorak/THROTTLE_CUTOFF
[LOG 23:21:38.628] Config(THROTTLE_FULL) Squad/Controls/Dvorak/THROTTLE_FULL
[LOG 23:21:38.628] Config(LANDING_GEAR) Squad/Controls/Dvorak/LANDING_GEAR
[LOG 23:21:38.628] Config(HEADLIGHT_TOGGLE) Squad/Controls/Dvorak/HEADLIGHT_TOGGLE
[LOG 23:21:38.628] Config(BRAKES) Squad/Controls/Dvorak/BRAKES
[LOG 23:21:38.628] Config(TOGGLE_SPACENAV_FLIGHT_CONTROL) Squad/Controls/Dvorak/TOGGLE_SPACENAV_FLIGHT_CONTROL
[LOG 23:21:38.628] Config(TOGGLE_SPACENAV_ROLL_LOCK) Squad/Controls/Dvorak/TOGGLE_SPACENAV_ROLL_LOCK
[LOG 23:21:38.628] Config(WHEEL_STEER_LEFT) Squad/Controls/Dvorak/WHEEL_STEER_LEFT
[LOG 23:21:38.628] Config(WHEEL_STEER_RIGHT) Squad/Controls/Dvorak/WHEEL_STEER_RIGHT
[LOG 23:21:38.628] Config(WHEEL_THROTTLE_DOWN) Squad/Controls/Dvorak/WHEEL_THROTTLE_DOWN
[LOG 23:21:38.628] Config(WHEEL_THROTTLE_UP) Squad/Controls/Dvorak/WHEEL_THROTTLE_UP
[LOG 23:21:38.628] Config(EVA_forward) Squad/Controls/Dvorak/EVA_forward
[LOG 23:21:38.628] Config(EVA_back) Squad/Controls/Dvorak/EVA_back
[LOG 23:21:38.628] Config(EVA_left) Squad/Controls/Dvorak/EVA_left
[LOG 23:21:38.628] Config(EVA_right) Squad/Controls/Dvorak/EVA_right
[LOG 23:21:38.628] Config(EVA_yaw_left) Squad/Controls/Dvorak/EVA_yaw_left
[LOG 23:21:38.628] Config(EVA_yaw_right) Squad/Controls/Dvorak/EVA_yaw_right
[LOG 23:21:38.628] Config(EVA_Pack_forward) Squad/Controls/Dvorak/EVA_Pack_forward
[LOG 23:21:38.628] Config(EVA_Pack_back) Squad/Controls/Dvorak/EVA_Pack_back
[LOG 23:21:38.628] Config(EVA_Pack_left) Squad/Controls/Dvorak/EVA_Pack_left
[LOG 23:21:38.628] Config(EVA_Pack_right) Squad/Controls/Dvorak/EVA_Pack_right
[LOG 23:21:38.628] Config(EVA_Pack_up) Squad/Controls/Dvorak/EVA_Pack_up
[LOG 23:21:38.628] Config(EVA_Pack_down) Squad/Controls/Dvorak/EVA_Pack_down
[LOG 23:21:38.628] Config(EVA_Jump) Squad/Controls/Dvorak/EVA_Jump
[LOG 23:21:38.628] Config(EVA_Run) Squad/Controls/Dvorak/EVA_Run
[LOG 23:21:38.628] Config(EVA_ToggleMovementMode) Squad/Controls/Dvorak/EVA_ToggleMovementMode
[LOG 23:21:38.628] Config(EVA_TogglePack) Squad/Controls/Dvorak/EVA_TogglePack
[LOG 23:21:38.628] Config(EVA_Use) Squad/Controls/Dvorak/EVA_Use
[LOG 23:21:38.629] Config(EVA_Board) Squad/Controls/Dvorak/EVA_Board
[LOG 23:21:38.629] Config(EVA_Orient) Squad/Controls/Dvorak/EVA_Orient
[LOG 23:21:38.629] Config(EVA_Lights) Squad/Controls/Dvorak/EVA_Lights
[LOG 23:21:38.629] Config(EVA_ChuteDeploy) Squad/Controls/Dvorak/EVA_ChuteDeploy
[LOG 23:21:38.629] Config(Editor_pitchUp) Squad/Controls/Dvorak/Editor_pitchUp
[LOG 23:21:38.629] Config(Editor_pitchDown) Squad/Controls/Dvorak/Editor_pitchDown
[LOG 23:21:38.629] Config(Editor_yawLeft) Squad/Controls/Dvorak/Editor_yawLeft
[LOG 23:21:38.629] Config(Editor_yawRight) Squad/Controls/Dvorak/Editor_yawRight
[LOG 23:21:38.629] Config(Editor_rollLeft) Squad/Controls/Dvorak/Editor_rollLeft
[LOG 23:21:38.629] Config(Editor_rollRight) Squad/Controls/Dvorak/Editor_rollRight
[LOG 23:21:38.629] Config(Editor_resetRotation) Squad/Controls/Dvorak/Editor_resetRotation
[LOG 23:21:38.629] Config(Editor_modePlace) Squad/Controls/Dvorak/Editor_modePlace
[LOG 23:21:38.629] Config(Editor_modeOffset) Squad/Controls/Dvorak/Editor_modeOffset
[LOG 23:21:38.629] Config(Editor_modeRotate) Squad/Controls/Dvorak/Editor_modeRotate
[LOG 23:21:38.629] Config(Editor_modeRoot) Squad/Controls/Dvorak/Editor_modeRoot
[LOG 23:21:38.629] Config(Editor_coordSystem) Squad/Controls/Dvorak/Editor_coordSystem
[LOG 23:21:38.629] Config(Editor_toggleSymMethod) Squad/Controls/Dvorak/Editor_toggleSymMethod
[LOG 23:21:38.629] Config(Editor_toggleSymMode) Squad/Controls/Dvorak/Editor_toggleSymMode
[LOG 23:21:38.629] Config(Editor_toggleAngleSnap) Squad/Controls/Dvorak/Editor_toggleAngleSnap
[LOG 23:21:38.629] Config(Editor_fineTweak) Squad/Controls/Dvorak/Editor_fineTweak
[LOG 23:21:38.629] Config(Editor_partSearch) Squad/Controls/Dvorak/Editor_partSearch
[LOG 23:21:38.629] Config(Editor_zoomScrollModifier) Squad/Controls/Dvorak/Editor_zoomScrollModifier
[LOG 23:21:38.629] Config(MODIFIER_KEY) Squad/Controls/Dvorak/MODIFIER_KEY
[LOG 23:21:38.629] Config(AbortActionGroup) Squad/Controls/Dvorak/AbortActionGroup
[LOG 23:21:38.629] Config(CustomActionGroup1) Squad/Controls/Dvorak/CustomActionGroup1
[LOG 23:21:38.629] Config(CustomActionGroup2) Squad/Controls/Dvorak/CustomActionGroup2
[LOG 23:21:38.629] Config(CustomActionGroup3) Squad/Controls/Dvorak/CustomActionGroup3
[LOG 23:21:38.630] Config(CustomActionGroup4) Squad/Controls/Dvorak/CustomActionGroup4
[LOG 23:21:38.630] Config(CustomActionGroup5) Squad/Controls/Dvorak/CustomActionGroup5
[LOG 23:21:38.630] Config(CustomActionGroup6) Squad/Controls/Dvorak/CustomActionGroup6
[LOG 23:21:38.630] Config(CustomActionGroup7) Squad/Controls/Dvorak/CustomActionGroup7
[LOG 23:21:38.630] Config(CustomActionGroup8) Squad/Controls/Dvorak/CustomActionGroup8
[LOG 23:21:38.630] Config(CustomActionGroup9) Squad/Controls/Dvorak/CustomActionGroup9
[LOG 23:21:38.630] Config(CustomActionGroup10) Squad/Controls/Dvorak/CustomActionGroup10
[LOG 23:21:38.630] Config(KEY_MAP) Squad/Controls/Dvorak/KEY_MAP
[LOG 23:21:38.630] Config(KEYBOARD_LAYOUT) Squad/Controls/Qwerty/#autoLOC_6001227
[LOG 23:21:38.630] Config(PITCH_DOWN) Squad/Controls/Qwerty/PITCH_DOWN
[LOG 23:21:38.630] Config(PITCH_UP) Squad/Controls/Qwerty/PITCH_UP
[LOG 23:21:38.630] Config(YAW_LEFT) Squad/Controls/Qwerty/YAW_LEFT
[LOG 23:21:38.630] Config(YAW_RIGHT) Squad/Controls/Qwerty/YAW_RIGHT
[LOG 23:21:38.630] Config(ROLL_LEFT) Squad/Controls/Qwerty/ROLL_LEFT
[LOG 23:21:38.630] Config(ROLL_RIGHT) Squad/Controls/Qwerty/ROLL_RIGHT
[LOG 23:21:38.630] Config(THROTTLE_UP) Squad/Controls/Qwerty/THROTTLE_UP
[LOG 23:21:38.630] Config(THROTTLE_DOWN) Squad/Controls/Qwerty/THROTTLE_DOWN
[LOG 23:21:38.630] Config(SAS_HOLD) Squad/Controls/Qwerty/SAS_HOLD
[LOG 23:21:38.630] Config(SAS_TOGGLE) Squad/Controls/Qwerty/SAS_TOGGLE
[LOG 23:21:38.630] Config(LAUNCH_STAGES) Squad/Controls/Qwerty/LAUNCH_STAGES
[LOG 23:21:38.630] Config(Docking_toggleRotLin) Squad/Controls/Qwerty/Docking_toggleRotLin
[LOG 23:21:38.630] Config(CAMERA_MODE) Squad/Controls/Qwerty/CAMERA_MODE
[LOG 23:21:38.630] Config(CAMERA_NEXT) Squad/Controls/Qwerty/CAMERA_NEXT
[LOG 23:21:38.630] Config(PAUSE) Squad/Controls/Qwerty/PAUSE
[LOG 23:21:38.630] Config(PRECISION_CTRL) Squad/Controls/Qwerty/PRECISION_CTRL
[LOG 23:21:38.630] Config(ZOOM_IN) Squad/Controls/Qwerty/ZOOM_IN
[LOG 23:21:38.630] Config(ZOOM_OUT) Squad/Controls/Qwerty/ZOOM_OUT
[LOG 23:21:38.630] Config(SCROLL_VIEW_UP) Squad/Controls/Qwerty/SCROLL_VIEW_UP
[LOG 23:21:38.631] Config(SCROLL_VIEW_DOWN) Squad/Controls/Qwerty/SCROLL_VIEW_DOWN
[LOG 23:21:38.631] Config(SCROLL_ICONS_UP) Squad/Controls/Qwerty/SCROLL_ICONS_UP
[LOG 23:21:38.631] Config(SCROLL_ICONS_DOWN) Squad/Controls/Qwerty/SCROLL_ICONS_DOWN
[LOG 23:21:38.631] Config(CAMERA_ORBIT_UP) Squad/Controls/Qwerty/CAMERA_ORBIT_UP
[LOG 23:21:38.631] Config(CAMERA_ORBIT_DOWN) Squad/Controls/Qwerty/CAMERA_ORBIT_DOWN
[LOG 23:21:38.631] Config(CAMERA_ORBIT_LEFT) Squad/Controls/Qwerty/CAMERA_ORBIT_LEFT
[LOG 23:21:38.631] Config(CAMERA_ORBIT_RIGHT) Squad/Controls/Qwerty/CAMERA_ORBIT_RIGHT
[LOG 23:21:38.631] Config(CAMERA_RESET) Squad/Controls/Qwerty/CAMERA_RESET
[LOG 23:21:38.631] Config(CAMERA_MOUSE_TOGGLE) Squad/Controls/Qwerty/CAMERA_MOUSE_TOGGLE
[LOG 23:21:38.631] Config(TIME_WARP_INCREASE) Squad/Controls/Qwerty/TIME_WARP_INCREASE
[LOG 23:21:38.631] Config(TIME_WARP_DECREASE) Squad/Controls/Qwerty/TIME_WARP_DECREASE
[LOG 23:21:38.631] Config(TIME_WARP_STOP) Squad/Controls/Qwerty/TIME_WARP_STOP
[LOG 23:21:38.631] Config(MAP_VIEW_TOGGLE) Squad/Controls/Qwerty/MAP_VIEW_TOGGLE
[LOG 23:21:38.631] Config(NAVBALL_TOGGLE) Squad/Controls/Qwerty/NAVBALL_TOGGLE
[LOG 23:21:38.631] Config(UIMODE_STAGING) Squad/Controls/Qwerty/UIMODE_STAGING
[LOG 23:21:38.631] Config(UIMODE_DOCKING) Squad/Controls/Qwerty/UIMODE_DOCKING
[LOG 23:21:38.631] Config(TRANSLATE_DOWN) Squad/Controls/Qwerty/TRANSLATE_DOWN
[LOG 23:21:38.631] Config(TRANSLATE_UP) Squad/Controls/Qwerty/TRANSLATE_UP
[LOG 23:21:38.631] Config(TRANSLATE_LEFT) Squad/Controls/Qwerty/TRANSLATE_LEFT
[LOG 23:21:38.632] Config(TRANSLATE_RIGHT) Squad/Controls/Qwerty/TRANSLATE_RIGHT
[LOG 23:21:38.632] Config(TRANSLATE_FWD) Squad/Controls/Qwerty/TRANSLATE_FWD
[LOG 23:21:38.632] Config(TRANSLATE_BACK) Squad/Controls/Qwerty/TRANSLATE_BACK
[LOG 23:21:38.632] Config(RCS_TOGGLE) Squad/Controls/Qwerty/RCS_TOGGLE
[LOG 23:21:38.632] Config(FOCUS_NEXT_VESSEL) Squad/Controls/Qwerty/FOCUS_NEXT_VESSEL
[LOG 23:21:38.632] Config(FOCUS_PREV_VESSEL) Squad/Controls/Qwerty/FOCUS_PREV_VESSEL
[LOG 23:21:38.632] Config(TOGGLE_UI) Squad/Controls/Qwerty/TOGGLE_UI
[LOG 23:21:38.632] Config(TOGGLE_STATUS_SCREEN) Squad/Controls/Qwerty/TOGGLE_STATUS_SCREEN
[LOG 23:21:38.632] Config(TAKE_SCREENSHOT) Squad/Controls/Qwerty/TAKE_SCREENSHOT
[LOG 23:21:38.632] Config(TOGGLE_LABELS) Squad/Controls/Qwerty/TOGGLE_LABELS
[LOG 23:21:38.632] Config(TOGGLE_TEMP_GAUGES) Squad/Controls/Qwerty/TOGGLE_TEMP_GAUGES
[LOG 23:21:38.632] Config(TOGGLE_TEMP_OVERLAY) Squad/Controls/Qwerty/TOGGLE_TEMP_OVERLAY
[LOG 23:21:38.632] Config(TOGGLE_FLIGHT_FORCES) Squad/Controls/Qwerty/TOGGLE_FLIGHT_FORCES
[LOG 23:21:38.632] Config(QUICKSAVE) Squad/Controls/Qwerty/QUICKSAVE
[LOG 23:21:38.632] Config(QUICKLOAD) Squad/Controls/Qwerty/QUICKLOAD
[LOG 23:21:38.633] Config(THROTTLE_CUTOFF) Squad/Controls/Qwerty/THROTTLE_CUTOFF
[LOG 23:21:38.633] Config(THROTTLE_FULL) Squad/Controls/Qwerty/THROTTLE_FULL
[LOG 23:21:38.633] Config(LANDING_GEAR) Squad/Controls/Qwerty/LANDING_GEAR
[LOG 23:21:38.633] Config(HEADLIGHT_TOGGLE) Squad/Controls/Qwerty/HEADLIGHT_TOGGLE
[LOG 23:21:38.633] Config(BRAKES) Squad/Controls/Qwerty/BRAKES
[LOG 23:21:38.633] Config(TOGGLE_SPACENAV_FLIGHT_CONTROL) Squad/Controls/Qwerty/TOGGLE_SPACENAV_FLIGHT_CONTROL
[LOG 23:21:38.633] Config(TOGGLE_SPACENAV_ROLL_LOCK) Squad/Controls/Qwerty/TOGGLE_SPACENAV_ROLL_LOCK
[LOG 23:21:38.633] Config(WHEEL_STEER_LEFT) Squad/Controls/Qwerty/WHEEL_STEER_LEFT
[LOG 23:21:38.633] Config(WHEEL_STEER_RIGHT) Squad/Controls/Qwerty/WHEEL_STEER_RIGHT
[LOG 23:21:38.633] Config(WHEEL_THROTTLE_DOWN) Squad/Controls/Qwerty/WHEEL_THROTTLE_DOWN
[LOG 23:21:38.633] Config(WHEEL_THROTTLE_UP) Squad/Controls/Qwerty/WHEEL_THROTTLE_UP
[LOG 23:21:38.633] Config(EVA_forward) Squad/Controls/Qwerty/EVA_forward
[LOG 23:21:38.633] Config(EVA_back) Squad/Controls/Qwerty/EVA_back
[LOG 23:21:38.633] Config(EVA_left) Squad/Controls/Qwerty/EVA_left
[LOG 23:21:38.633] Config(EVA_right) Squad/Controls/Qwerty/EVA_right
[LOG 23:21:38.633] Config(EVA_yaw_left) Squad/Controls/Qwerty/EVA_yaw_left
[LOG 23:21:38.633] Config(EVA_yaw_right) Squad/Controls/Qwerty/EVA_yaw_right
[LOG 23:21:38.633] Config(EVA_Pack_forward) Squad/Controls/Qwerty/EVA_Pack_forward
[LOG 23:21:38.633] Config(EVA_Pack_back) Squad/Controls/Qwerty/EVA_Pack_back
[LOG 23:21:38.633] Config(EVA_Pack_left) Squad/Controls/Qwerty/EVA_Pack_left
[LOG 23:21:38.633] Config(EVA_Pack_right) Squad/Controls/Qwerty/EVA_Pack_right
[LOG 23:21:38.633] Config(EVA_Pack_up) Squad/Controls/Qwerty/EVA_Pack_up
[LOG 23:21:38.634] Config(EVA_Pack_down) Squad/Controls/Qwerty/EVA_Pack_down
[LOG 23:21:38.634] Config(EVA_Jump) Squad/Controls/Qwerty/EVA_Jump
[LOG 23:21:38.634] Config(EVA_Run) Squad/Controls/Qwerty/EVA_Run
[LOG 23:21:38.634] Config(EVA_ToggleMovementMode) Squad/Controls/Qwerty/EVA_ToggleMovementMode
[LOG 23:21:38.634] Config(EVA_TogglePack) Squad/Controls/Qwerty/EVA_TogglePack
[LOG 23:21:38.634] Config(EVA_Use) Squad/Controls/Qwerty/EVA_Use
[LOG 23:21:38.634] Config(EVA_Board) Squad/Controls/Qwerty/EVA_Board
[LOG 23:21:38.634] Config(EVA_Orient) Squad/Controls/Qwerty/EVA_Orient
[LOG 23:21:38.634] Config(EVA_Lights) Squad/Controls/Qwerty/EVA_Lights
[LOG 23:21:38.634] Config(EVA_ChuteDeploy) Squad/Controls/Qwerty/EVA_ChuteDeploy
[LOG 23:21:38.634] Config(Editor_pitchUp) Squad/Controls/Qwerty/Editor_pitchUp
[LOG 23:21:38.634] Config(Editor_pitchDown) Squad/Controls/Qwerty/Editor_pitchDown
[LOG 23:21:38.634] Config(Editor_yawLeft) Squad/Controls/Qwerty/Editor_yawLeft
[LOG 23:21:38.634] Config(Editor_yawRight) Squad/Controls/Qwerty/Editor_yawRight
[LOG 23:21:38.634] Config(Editor_rollLeft) Squad/Controls/Qwerty/Editor_rollLeft
[LOG 23:21:38.634] Config(Editor_rollRight) Squad/Controls/Qwerty/Editor_rollRight
[LOG 23:21:38.634] Config(Editor_resetRotation) Squad/Controls/Qwerty/Editor_resetRotation
[LOG 23:21:38.634] Config(Editor_modePlace) Squad/Controls/Qwerty/Editor_modePlace
[LOG 23:21:38.634] Config(Editor_modeOffset) Squad/Controls/Qwerty/Editor_modeOffset
[LOG 23:21:38.634] Config(Editor_modeRotate) Squad/Controls/Qwerty/Editor_modeRotate
[LOG 23:21:38.634] Config(Editor_modeRoot) Squad/Controls/Qwerty/Editor_modeRoot
[LOG 23:21:38.634] Config(Editor_coordSystem) Squad/Controls/Qwerty/Editor_coordSystem
[LOG 23:21:38.634] Config(Editor_toggleSymMethod) Squad/Controls/Qwerty/Editor_toggleSymMethod
[LOG 23:21:38.634] Config(Editor_toggleSymMode) Squad/Controls/Qwerty/Editor_toggleSymMode
[LOG 23:21:38.634] Config(Editor_toggleAngleSnap) Squad/Controls/Qwerty/Editor_toggleAngleSnap
[LOG 23:21:38.635] Config(Editor_fineTweak) Squad/Controls/Qwerty/Editor_fineTweak
[LOG 23:21:38.635] Config(Editor_partSearch) Squad/Controls/Qwerty/Editor_partSearch
[LOG 23:21:38.635] Config(Editor_zoomScrollModifier) Squad/Controls/Qwerty/Editor_zoomScrollModifier
[LOG 23:21:38.635] Config(MODIFIER_KEY) Squad/Controls/Qwerty/MODIFIER_KEY
[LOG 23:21:38.635] Config(AbortActionGroup) Squad/Controls/Qwerty/AbortActionGroup
[LOG 23:21:38.635] Config(CustomActionGroup1) Squad/Controls/Qwerty/CustomActionGroup1
[LOG 23:21:38.635] Config(CustomActionGroup2) Squad/Controls/Qwerty/CustomActionGroup2
[LOG 23:21:38.635] Config(CustomActionGroup3) Squad/Controls/Qwerty/CustomActionGroup3
[LOG 23:21:38.635] Config(CustomActionGroup4) Squad/Controls/Qwerty/CustomActionGroup4
[LOG 23:21:38.635] Config(CustomActionGroup5) Squad/Controls/Qwerty/CustomActionGroup5
[LOG 23:21:38.635] Config(CustomActionGroup6) Squad/Controls/Qwerty/CustomActionGroup6
[LOG 23:21:38.635] Config(CustomActionGroup7) Squad/Controls/Qwerty/CustomActionGroup7
[LOG 23:21:38.635] Config(CustomActionGroup8) Squad/Controls/Qwerty/CustomActionGroup8
[LOG 23:21:38.635] Config(CustomActionGroup9) Squad/Controls/Qwerty/CustomActionGroup9
[LOG 23:21:38.635] Config(CustomActionGroup10) Squad/Controls/Qwerty/CustomActionGroup10
[LOG 23:21:38.635] Config(KEY_MAP) Squad/Controls/Qwerty/KEY_MAP
[LOG 23:21:38.635] Config(KEYBOARD_LAYOUT) Squad/Controls/Qwerty_en-GB/#autoLOC_6001228
[LOG 23:21:38.635] Config(KEY_MAP) Squad/Controls/Qwerty_en-GB/KEY_MAP
[LOG 23:21:38.635] Config(KEYBOARD_LAYOUT) Squad/Controls/Qwerty_es-LA/#autoLOC_6001229
[LOG 23:21:38.635] Config(CAMERA_MOUSE_TOGGLE) Squad/Controls/Qwerty_es-LA/CAMERA_MOUSE_TOGGLE
[LOG 23:21:38.635] Config(TIME_WARP_STOP) Squad/Controls/Qwerty_es-LA/TIME_WARP_STOP
[LOG 23:21:38.635] Config(FOCUS_NEXT_VESSEL) Squad/Controls/Qwerty_es-LA/FOCUS_NEXT_VESSEL
[LOG 23:21:38.635] Config(FOCUS_PREV_VESSEL) Squad/Controls/Qwerty_es-LA/FOCUS_PREV_VESSEL
[LOG 23:21:38.635] Config(CAMERA_RESET) Squad/Controls/Qwerty_es-LA/CAMERA_RESET
[LOG 23:21:38.635] Config(Editor_partSearch) Squad/Controls/Qwerty_es-LA/Editor_partSearch
[LOG 23:21:38.635] Config(KEY_MAP) Squad/Controls/Qwerty_es-LA/KEY_MAP
[LOG 23:21:38.635] Config(KEYBOARD_LAYOUT) Squad/Controls/Qwerty_it-IT/#autoLOC_6001230
[LOG 23:21:38.635] Config(FOCUS_NEXT_VESSEL) Squad/Controls/Qwerty_it-IT/FOCUS_NEXT_VESSEL
[LOG 23:21:38.635] Config(FOCUS_PREV_VESSEL) Squad/Controls/Qwerty_it-IT/FOCUS_PREV_VESSEL
[LOG 23:21:38.636] Config(CAMERA_MOUSE_TOGGLE) Squad/Controls/Qwerty_it-IT/CAMERA_MOUSE_TOGGLE
[LOG 23:21:38.636] Config(TIME_WARP_STOP) Squad/Controls/Qwerty_it-IT/TIME_WARP_STOP
[LOG 23:21:38.636] Config(CAMERA_RESET) Squad/Controls/Qwerty_it-IT/CAMERA_RESET
[LOG 23:21:38.636] Config(Editor_partSearch) Squad/Controls/Qwerty_it-IT/Editor_partSearch
[LOG 23:21:38.636] Config(KEY_MAP) Squad/Controls/Qwerty_it-IT/KEY_MAP
[LOG 23:21:38.636] Config(KEYBOARD_LAYOUT) Squad/Controls/Qwerty_ja-JP/#autoLOC_6001231
[LOG 23:21:38.636] Config(FOCUS_NEXT_VESSEL) Squad/Controls/Qwerty_ja-JP/FOCUS_NEXT_VESSEL
[LOG 23:21:38.636] Config(FOCUS_PREV_VESSEL) Squad/Controls/Qwerty_ja-JP/FOCUS_PREV_VESSEL
[LOG 23:21:38.636] Config(PRECISION_CTRL) Squad/Controls/Qwerty_ja-JP/PRECISION_CTRL
[LOG 23:21:38.636] Config(CAMERA_MOUSE_TOGGLE) Squad/Controls/Qwerty_ja-JP/CAMERA_MOUSE_TOGGLE
[LOG 23:21:38.636] Config(Editor_partSearch) Squad/Controls/Qwerty_ja-JP/Editor_partSearch
[LOG 23:21:38.636] Config(CAMERA_RESET) Squad/Controls/Qwerty_ja-JP/CAMERA_RESET
[LOG 23:21:38.636] Config(KEY_MAP) Squad/Controls/Qwerty_ja-JP/KEY_MAP
[LOG 23:21:38.636] Config(KEYBOARD_LAYOUT) Squad/Controls/Qwerty_pt-PT/#autoLOC_6001230
[LOG 23:21:38.636] Config(FOCUS_NEXT_VESSEL) Squad/Controls/Qwerty_pt-PT/FOCUS_NEXT_VESSEL
[LOG 23:21:38.636] Config(FOCUS_PREV_VESSEL) Squad/Controls/Qwerty_pt-PT/FOCUS_PREV_VESSEL
[LOG 23:21:38.636] Config(CAMERA_MOUSE_TOGGLE) Squad/Controls/Qwerty_pt-PT/CAMERA_MOUSE_TOGGLE
[LOG 23:21:38.636] Config(TIME_WARP_STOP) Squad/Controls/Qwerty_pt-PT/TIME_WARP_STOP
[LOG 23:21:38.636] Config(CAMERA_RESET) Squad/Controls/Qwerty_pt-PT/CAMERA_RESET
[LOG 23:21:38.636] Config(Editor_partSearch) Squad/Controls/Qwerty_pt-PT/Editor_partSearch
[LOG 23:21:38.636] Config(KEY_MAP) Squad/Controls/Qwerty_pt-PT/KEY_MAP
[LOG 23:21:38.636] Config(KEYBOARD_LAYOUT) Squad/Controls/Qwertz/#autoLOC_6001232
[LOG 23:21:38.636] Config(PITCH_DOWN) Squad/Controls/Qwertz/PITCH_DOWN
[LOG 23:21:38.636] Config(PITCH_UP) Squad/Controls/Qwertz/PITCH_UP
[LOG 23:21:38.636] Config(YAW_LEFT) Squad/Controls/Qwertz/YAW_LEFT
[LOG 23:21:38.636] Config(YAW_RIGHT) Squad/Controls/Qwertz/YAW_RIGHT
[LOG 23:21:38.636] Config(ROLL_LEFT) Squad/Controls/Qwertz/ROLL_LEFT
[LOG 23:21:38.636] Config(ROLL_RIGHT) Squad/Controls/Qwertz/ROLL_RIGHT
[LOG 23:21:38.636] Config(THROTTLE_UP) Squad/Controls/Qwertz/THROTTLE_UP
[LOG 23:21:38.637] Config(THROTTLE_DOWN) Squad/Controls/Qwertz/THROTTLE_DOWN
[LOG 23:21:38.637] Config(SAS_HOLD) Squad/Controls/Qwertz/SAS_HOLD
[LOG 23:21:38.637] Config(SAS_TOGGLE) Squad/Controls/Qwertz/SAS_TOGGLE
[LOG 23:21:38.637] Config(LAUNCH_STAGES) Squad/Controls/Qwertz/LAUNCH_STAGES
[LOG 23:21:38.637] Config(Docking_toggleRotLin) Squad/Controls/Qwertz/Docking_toggleRotLin
[LOG 23:21:38.637] Config(CAMERA_MODE) Squad/Controls/Qwertz/CAMERA_MODE
[LOG 23:21:38.637] Config(CAMERA_NEXT) Squad/Controls/Qwertz/CAMERA_NEXT
[LOG 23:21:38.637] Config(PAUSE) Squad/Controls/Qwertz/PAUSE
[LOG 23:21:38.637] Config(PRECISION_CTRL) Squad/Controls/Qwertz/PRECISION_CTRL
[LOG 23:21:38.637] Config(ZOOM_IN) Squad/Controls/Qwertz/ZOOM_IN
[LOG 23:21:38.637] Config(ZOOM_OUT) Squad/Controls/Qwertz/ZOOM_OUT
[LOG 23:21:38.637] Config(SCROLL_VIEW_UP) Squad/Controls/Qwertz/SCROLL_VIEW_UP
[LOG 23:21:38.637] Config(SCROLL_VIEW_DOWN) Squad/Controls/Qwertz/SCROLL_VIEW_DOWN
[LOG 23:21:38.637] Config(SCROLL_ICONS_UP) Squad/Controls/Qwertz/SCROLL_ICONS_UP
[LOG 23:21:38.637] Config(SCROLL_ICONS_DOWN) Squad/Controls/Qwertz/SCROLL_ICONS_DOWN
[LOG 23:21:38.637] Config(CAMERA_ORBIT_UP) Squad/Controls/Qwertz/CAMERA_ORBIT_UP
[LOG 23:21:38.637] Config(CAMERA_ORBIT_DOWN) Squad/Controls/Qwertz/CAMERA_ORBIT_DOWN
[LOG 23:21:38.637] Config(CAMERA_ORBIT_LEFT) Squad/Controls/Qwertz/CAMERA_ORBIT_LEFT
[LOG 23:21:38.637] Config(CAMERA_ORBIT_RIGHT) Squad/Controls/Qwertz/CAMERA_ORBIT_RIGHT
[LOG 23:21:38.637] Config(CAMERA_RESET) Squad/Controls/Qwertz/CAMERA_RESET
[LOG 23:21:38.637] Config(CAMERA_MOUSE_TOGGLE) Squad/Controls/Qwertz/CAMERA_MOUSE_TOGGLE
[LOG 23:21:38.637] Config(TIME_WARP_INCREASE) Squad/Controls/Qwertz/TIME_WARP_INCREASE
[LOG 23:21:38.637] Config(TIME_WARP_DECREASE) Squad/Controls/Qwertz/TIME_WARP_DECREASE
[LOG 23:21:38.637] Config(TIME_WARP_STOP) Squad/Controls/Qwertz/TIME_WARP_STOP
[LOG 23:21:38.637] Config(MAP_VIEW_TOGGLE) Squad/Controls/Qwertz/MAP_VIEW_TOGGLE
[LOG 23:21:38.637] Config(NAVBALL_TOGGLE) Squad/Controls/Qwertz/NAVBALL_TOGGLE
[LOG 23:21:38.637] Config(UIMODE_STAGING) Squad/Controls/Qwertz/UIMODE_STAGING
[LOG 23:21:38.637] Config(UIMODE_DOCKING) Squad/Controls/Qwertz/UIMODE_DOCKING
[LOG 23:21:38.637] Config(TRANSLATE_DOWN) Squad/Controls/Qwertz/TRANSLATE_DOWN
[LOG 23:21:38.638] Config(TRANSLATE_UP) Squad/Controls/Qwertz/TRANSLATE_UP
[LOG 23:21:38.638] Config(TRANSLATE_LEFT) Squad/Controls/Qwertz/TRANSLATE_LEFT
[LOG 23:21:38.638] Config(TRANSLATE_RIGHT) Squad/Controls/Qwertz/TRANSLATE_RIGHT
[LOG 23:21:38.638] Config(TRANSLATE_FWD) Squad/Controls/Qwertz/TRANSLATE_FWD
[LOG 23:21:38.638] Config(TRANSLATE_BACK) Squad/Controls/Qwertz/TRANSLATE_BACK
[LOG 23:21:38.638] Config(RCS_TOGGLE) Squad/Controls/Qwertz/RCS_TOGGLE
[LOG 23:21:38.638] Config(FOCUS_NEXT_VESSEL) Squad/Controls/Qwertz/FOCUS_NEXT_VESSEL
[LOG 23:21:38.638] Config(FOCUS_PREV_VESSEL) Squad/Controls/Qwertz/FOCUS_PREV_VESSEL
[LOG 23:21:38.638] Config(TOGGLE_UI) Squad/Controls/Qwertz/TOGGLE_UI
[LOG 23:21:38.638] Config(TOGGLE_STATUS_SCREEN) Squad/Controls/Qwertz/TOGGLE_STATUS_SCREEN
[LOG 23:21:38.638] Config(TAKE_SCREENSHOT) Squad/Controls/Qwertz/TAKE_SCREENSHOT
[LOG 23:21:38.638] Config(TOGGLE_LABELS) Squad/Controls/Qwertz/TOGGLE_LABELS
[LOG 23:21:38.638] Config(TOGGLE_TEMP_GAUGES) Squad/Controls/Qwertz/TOGGLE_TEMP_GAUGES
[LOG 23:21:38.638] Config(TOGGLE_TEMP_OVERLAY) Squad/Controls/Qwertz/TOGGLE_TEMP_OVERLAY
[LOG 23:21:38.638] Config(TOGGLE_FLIGHT_FORCES) Squad/Controls/Qwertz/TOGGLE_FLIGHT_FORCES
[LOG 23:21:38.638] Config(QUICKSAVE) Squad/Controls/Qwertz/QUICKSAVE
[LOG 23:21:38.638] Config(QUICKLOAD) Squad/Controls/Qwertz/QUICKLOAD
[LOG 23:21:38.638] Config(THROTTLE_CUTOFF) Squad/Controls/Qwertz/THROTTLE_CUTOFF
[LOG 23:21:38.638] Config(THROTTLE_FULL) Squad/Controls/Qwertz/THROTTLE_FULL
[LOG 23:21:38.638] Config(LANDING_GEAR) Squad/Controls/Qwertz/LANDING_GEAR
[LOG 23:21:38.638] Config(HEADLIGHT_TOGGLE) Squad/Controls/Qwertz/HEADLIGHT_TOGGLE
[LOG 23:21:38.638] Config(BRAKES) Squad/Controls/Qwertz/BRAKES
[LOG 23:21:38.638] Config(TOGGLE_SPACENAV_FLIGHT_CONTROL) Squad/Controls/Qwertz/TOGGLE_SPACENAV_FLIGHT_CONTROL
[LOG 23:21:38.638] Config(TOGGLE_SPACENAV_ROLL_LOCK) Squad/Controls/Qwertz/TOGGLE_SPACENAV_ROLL_LOCK
[LOG 23:21:38.638] Config(WHEEL_STEER_LEFT) Squad/Controls/Qwertz/WHEEL_STEER_LEFT
[LOG 23:21:38.638] Config(WHEEL_STEER_RIGHT) Squad/Controls/Qwertz/WHEEL_STEER_RIGHT
[LOG 23:21:38.638] Config(WHEEL_THROTTLE_DOWN) Squad/Controls/Qwertz/WHEEL_THROTTLE_DOWN
[LOG 23:21:38.638] Config(WHEEL_THROTTLE_UP) Squad/Controls/Qwertz/WHEEL_THROTTLE_UP
[LOG 23:21:38.638] Config(EVA_forward) Squad/Controls/Qwertz/EVA_forward
[LOG 23:21:38.639] Config(EVA_back) Squad/Controls/Qwertz/EVA_back
[LOG 23:21:38.639] Config(EVA_left) Squad/Controls/Qwertz/EVA_left
[LOG 23:21:38.639] Config(EVA_right) Squad/Controls/Qwertz/EVA_right
[LOG 23:21:38.639] Config(EVA_yaw_left) Squad/Controls/Qwertz/EVA_yaw_left
[LOG 23:21:38.639] Config(EVA_yaw_right) Squad/Controls/Qwertz/EVA_yaw_right
[LOG 23:21:38.639] Config(EVA_Pack_forward) Squad/Controls/Qwertz/EVA_Pack_forward
[LOG 23:21:38.639] Config(EVA_Pack_back) Squad/Controls/Qwertz/EVA_Pack_back
[LOG 23:21:38.639] Config(EVA_Pack_left) Squad/Controls/Qwertz/EVA_Pack_left
[LOG 23:21:38.639] Config(EVA_Pack_right) Squad/Controls/Qwertz/EVA_Pack_right
[LOG 23:21:38.639] Config(EVA_Pack_up) Squad/Controls/Qwertz/EVA_Pack_up
[LOG 23:21:38.639] Config(EVA_Pack_down) Squad/Controls/Qwertz/EVA_Pack_down
[LOG 23:21:38.639] Config(EVA_Jump) Squad/Controls/Qwertz/EVA_Jump
[LOG 23:21:38.639] Config(EVA_Run) Squad/Controls/Qwertz/EVA_Run
[LOG 23:21:38.639] Config(EVA_ToggleMovementMode) Squad/Controls/Qwertz/EVA_ToggleMovementMode
[LOG 23:21:38.639] Config(EVA_TogglePack) Squad/Controls/Qwertz/EVA_TogglePack
[LOG 23:21:38.639] Config(EVA_Use) Squad/Controls/Qwertz/EVA_Use
[LOG 23:21:38.639] Config(EVA_Board) Squad/Controls/Qwertz/EVA_Board
[LOG 23:21:38.639] Config(EVA_Orient) Squad/Controls/Qwertz/EVA_Orient
[LOG 23:21:38.639] Config(EVA_Lights) Squad/Controls/Qwertz/EVA_Lights
[LOG 23:21:38.639] Config(Editor_pitchUp) Squad/Controls/Qwertz/Editor_pitchUp
[LOG 23:21:38.639] Config(Editor_pitchDown) Squad/Controls/Qwertz/Editor_pitchDown
[LOG 23:21:38.639] Config(Editor_yawLeft) Squad/Controls/Qwertz/Editor_yawLeft
[LOG 23:21:38.639] Config(Editor_yawRight) Squad/Controls/Qwertz/Editor_yawRight
[LOG 23:21:38.639] Config(Editor_rollLeft) Squad/Controls/Qwertz/Editor_rollLeft
[LOG 23:21:38.639] Config(Editor_rollRight) Squad/Controls/Qwertz/Editor_rollRight
[LOG 23:21:38.639] Config(Editor_resetRotation) Squad/Controls/Qwertz/Editor_resetRotation
[LOG 23:21:38.639] Config(Editor_modePlace) Squad/Controls/Qwertz/Editor_modePlace
[LOG 23:21:38.639] Config(Editor_modeOffset) Squad/Controls/Qwertz/Editor_modeOffset
[LOG 23:21:38.639] Config(Editor_modeRotate) Squad/Controls/Qwertz/Editor_modeRotate
[LOG 23:21:38.640] Config(Editor_modeRoot) Squad/Controls/Qwertz/Editor_modeRoot
[LOG 23:21:38.640] Config(Editor_coordSystem) Squad/Controls/Qwertz/Editor_coordSystem
[LOG 23:21:38.640] Config(Editor_toggleSymMethod) Squad/Controls/Qwertz/Editor_toggleSymMethod
[LOG 23:21:38.640] Config(Editor_toggleSymMode) Squad/Controls/Qwertz/Editor_toggleSymMode
[LOG 23:21:38.640] Config(Editor_toggleAngleSnap) Squad/Controls/Qwertz/Editor_toggleAngleSnap
[LOG 23:21:38.640] Config(Editor_fineTweak) Squad/Controls/Qwertz/Editor_fineTweak
[LOG 23:21:38.640] Config(Editor_partSearch) Squad/Controls/Qwertz/Editor_partSearch
[LOG 23:21:38.640] Config(Editor_zoomScrollModifier) Squad/Controls/Qwertz/Editor_zoomScrollModifier
[LOG 23:21:38.640] Config(MODIFIER_KEY) Squad/Controls/Qwertz/MODIFIER_KEY
[LOG 23:21:38.640] Config(AbortActionGroup) Squad/Controls/Qwertz/AbortActionGroup
[LOG 23:21:38.640] Config(CustomActionGroup1) Squad/Controls/Qwertz/CustomActionGroup1
[LOG 23:21:38.640] Config(CustomActionGroup2) Squad/Controls/Qwertz/CustomActionGroup2
[LOG 23:21:38.640] Config(CustomActionGroup3) Squad/Controls/Qwertz/CustomActionGroup3
[LOG 23:21:38.640] Config(CustomActionGroup4) Squad/Controls/Qwertz/CustomActionGroup4
[LOG 23:21:38.640] Config(CustomActionGroup5) Squad/Controls/Qwertz/CustomActionGroup5
[LOG 23:21:38.640] Config(CustomActionGroup6) Squad/Controls/Qwertz/CustomActionGroup6
[LOG 23:21:38.640] Config(CustomActionGroup7) Squad/Controls/Qwertz/CustomActionGroup7
[LOG 23:21:38.640] Config(CustomActionGroup8) Squad/Controls/Qwertz/CustomActionGroup8
[LOG 23:21:38.640] Config(CustomActionGroup9) Squad/Controls/Qwertz/CustomActionGroup9
[LOG 23:21:38.640] Config(CustomActionGroup10) Squad/Controls/Qwertz/CustomActionGroup10
[LOG 23:21:38.640] Config(KEY_MAP) Squad/Controls/Qwertz/KEY_MAP
[LOG 23:21:38.640] Config(EXPERIENCE_TRAIT) Squad/Experience/Traits/Pilot
[LOG 23:21:38.640] Config(EXPERIENCE_TRAIT) Squad/Experience/Traits/Engineer
[LOG 23:21:38.640] Config(EXPERIENCE_TRAIT) Squad/Experience/Traits/Scientist
[LOG 23:21:38.640] Config(EXPERIENCE_TRAIT) Squad/Experience/Traits/Tourist
[LOG 23:21:38.640] Config(Localization) Squad/Localization/dictionary/Localization
[LOG 23:21:38.641] Config(MISSIONPACK) Squad/Missions/MissionPacks/squad_ESA
[LOG 23:21:38.641] Config(VARIANTTHEME) Squad/Parts/VariantThemes/White
[LOG 23:21:38.641] Config(VARIANTTHEME) Squad/Parts/VariantThemes/BlackAndWhite
[LOG 23:21:38.641] Config(VARIANTTHEME) Squad/Parts/VariantThemes/GrayAndOrange
[LOG 23:21:38.641] Config(VARIANTTHEME) Squad/Parts/VariantThemes/Dark
[LOG 23:21:38.641] Config(VARIANTTHEME) Squad/Parts/VariantThemes/Gray
[LOG 23:21:38.641] Config(VARIANTTHEME) Squad/Parts/VariantThemes/Orange
[LOG 23:21:38.641] Config(VARIANTTHEME) Squad/Parts/VariantThemes/Gold
[LOG 23:21:38.641] Config(VARIANTTHEME) Squad/Parts/VariantThemes/Bare
[LOG 23:21:38.641] Config(VARIANTTHEME) Squad/Parts/VariantThemes/Shroud
[LOG 23:21:38.641] Config(VARIANTTHEME) Squad/Parts/VariantThemes/GrayAndWhite
[LOG 23:21:38.641] Config(VARIANTTHEME) Squad/Parts/VariantThemes/YellowAndWhite
[LOG 23:21:38.641] Config(VARIANTTHEME) Squad/Parts/VariantThemes/Silver
[LOG 23:21:38.641] Config(VARIANTTHEME) Squad/Parts/VariantThemes/Gray with Stripes
[LOG 23:21:38.641] Config(PART) Squad/Parts/Aero/aerodynamicNoseCone/aerodynamicNoseCone/noseCone
[LOG 23:21:38.641] Config(PART) Squad/Parts/Aero/airbrake/Airbrake/airbrake1
[LOG 23:21:38.641] Config(PART) Squad/Parts/Aero/airIntakeRadialXM-G50/airIntakeRadialXM-G50/airScoop
[LOG 23:21:38.641] Config(PART) Squad/Parts/Aero/airlinerWings/ControlSurface/airlinerCtrlSrf
[LOG 23:21:38.641] Config(PART) Squad/Parts/Aero/airlinerWings/MainWing/airlinerMainWing
[LOG 23:21:38.641] Config(PART) Squad/Parts/Aero/airlinerWings/TailFin/airlinerTailFin
[LOG 23:21:38.641] Config(PART) Squad/Parts/Aero/airplaneFins/advancedCanard/AdvancedCanard
[LOG 23:21:38.641] Config(PART) Squad/Parts/Aero/airplaneFins/standardCanard/CanardController
[LOG 23:21:38.642] Config(PART) Squad/Parts/Aero/airplaneFins/sweptWing/sweptWing
[LOG 23:21:38.642] Config(PART) Squad/Parts/Aero/airplaneFins/tailfin/tailfin
[LOG 23:21:38.642] Config(PART) Squad/Parts/Aero/basicFin/basicFin/basicFin
[LOG 23:21:38.642] Config(PART) Squad/Parts/Aero/circularIntake/circularIntake/CircularIntake
[LOG 23:21:38.642] Config(PART) Squad/Parts/Aero/circularIntake/intakeShockCone/shockConeIntake
[LOG 23:21:38.642] Config(PART) Squad/Parts/Aero/cones/avionicsNoseCone/avionicsNoseCone
[LOG 23:21:38.642] Config(PART) Squad/Parts/Aero/cones/ConeA/pointyNoseConeA
[LOG 23:21:38.642] Config(PART) Squad/Parts/Aero/cones/ConeB/pointyNoseConeB
[LOG 23:21:38.642] Config(PART) Squad/Parts/Aero/cones/noseConeAdapter/noseConeAdapter
[LOG 23:21:38.642] Config(PART) Squad/Parts/Aero/cones/protectiveRocketNoseMk7_v2/rocketNoseCone_v2
[LOG 23:21:38.642] Config(PART) Squad/Parts/Aero/cones/protectiveRocketNoseMk7_v3/rocketNoseCone_v3
[LOG 23:21:38.642] Config(PART) Squad/Parts/Aero/cones/rocketNoseCone_size3/rocketNoseConeSize3
[LOG 23:21:38.642] Config(PART) Squad/Parts/Aero/cones/smallNoseCone/standardNoseCone
[LOG 23:21:38.642] Config(PART) Squad/Parts/Aero/cones/tailConnectorA/airplaneTail
[LOG 23:21:38.642] Config(PART) Squad/Parts/Aero/cones/tailConnectorB/airplaneTailB
[LOG 23:21:38.642] Config(PART) Squad/Parts/Aero/fairings/fairingSize1/fairingSize1
[LOG 23:21:38.642] Config(PART) Squad/Parts/Aero/fairings/fairingSize2/fairingSize2
[LOG 23:21:38.642] Config(PART) Squad/Parts/Aero/fairings/fairingSize3/fairingSize3
[LOG 23:21:38.642] Config(PART) Squad/Parts/Aero/HeatShield/HeatShield0/HeatShield0
[LOG 23:21:38.642] Config(PART) Squad/Parts/Aero/HeatShield/HeatShield1/HeatShield1
[LOG 23:21:38.642] Config(PART) Squad/Parts/Aero/HeatShield/HeatShield2/HeatShield2
[LOG 23:21:38.642] Config(PART) Squad/Parts/Aero/HeatShield/HeatShield3/HeatShield3
[LOG 23:21:38.642] Config(PART) Squad/Parts/Aero/InflatableHeatShield/HeatShield/InflatableHeatShield
[LOG 23:21:38.642] Config(PART) Squad/Parts/Aero/intakeRadialLong/intakeRadialLong/IntakeRadialLong
[LOG 23:21:38.643] Config(PART) Squad/Parts/Aero/miniIntake/SmallIntake/miniIntake
[LOG 23:21:38.643] Config(PART) Squad/Parts/Aero/ramAirIntake/ramAirIntake/ramAirIntake
[LOG 23:21:38.643] Config(PART) Squad/Parts/Aero/shuttleWings/delta/wingShuttleDelta
[LOG 23:21:38.643] Config(PART) Squad/Parts/Aero/shuttleWings/elevon1/wingShuttleElevon1
[LOG 23:21:38.643] Config(PART) Squad/Parts/Aero/shuttleWings/elevon2/wingShuttleElevon2
[LOG 23:21:38.643] Config(PART) Squad/Parts/Aero/shuttleWings/rudder/wingShuttleRudder
[LOG 23:21:38.643] Config(PART) Squad/Parts/Aero/shuttleWings/strake/wingShuttleStrake
[LOG 23:21:38.643] Config(PART) Squad/Parts/Aero/wingletAV-R8/wingletAV-R8/R8winglet
[LOG 23:21:38.643] Config(PART) Squad/Parts/Aero/wingletAV-T1/wingletAV-T1/winglet
[LOG 23:21:38.643] Config(PART) Squad/Parts/Aero/wingletDeltaDeluxe/wingletDeltaDeluxe/winglet3
[LOG 23:21:38.643] Config(PART) Squad/Parts/Aero/wings/connector1/wingConnector
[LOG 23:21:38.643] Config(PART) Squad/Parts/Aero/wings/connector2/wingConnector2
[LOG 23:21:38.643] Config(PART) Squad/Parts/Aero/wings/connector3/wingConnector3
[LOG 23:21:38.643] Config(PART) Squad/Parts/Aero/wings/connector4/wingConnector4
[LOG 23:21:38.643] Config(PART) Squad/Parts/Aero/wings/connector5/wingConnector5
[LOG 23:21:38.643] Config(PART) Squad/Parts/Aero/wings/delta/deltaWing
[LOG 23:21:38.643] Config(PART) Squad/Parts/Aero/wings/delta_small/delta_small
[LOG 23:21:38.643] Config(PART) Squad/Parts/Aero/wings/elevon1/StandardCtrlSrf
[LOG 23:21:38.643] Config(PART) Squad/Parts/Aero/wings/elevon2/elevon2
[LOG 23:21:38.643] Config(PART) Squad/Parts/Aero/wings/elevon3/elevon3
[LOG 23:21:38.643] Config(PART) Squad/Parts/Aero/wings/elevon4/smallCtrlSrf
[LOG 23:21:38.643] Config(PART) Squad/Parts/Aero/wings/elevon5/elevon5
[LOG 23:21:38.643] Config(PART) Squad/Parts/Aero/wings/strake/wingStrake
[LOG 23:21:38.644] Config(PART) Squad/Parts/Aero/wings/structural1/structuralWing
[LOG 23:21:38.644] Config(PART) Squad/Parts/Aero/wings/structural2/structuralWing2
[LOG 23:21:38.644] Config(PART) Squad/Parts/Aero/wings/structural3/structuralWing3
[LOG 23:21:38.644] Config(PART) Squad/Parts/Aero/wings/structural4/structuralWing4
[LOG 23:21:38.644] Config(PART) Squad/Parts/Aero/wings/swept1/sweptWing1
[LOG 23:21:38.644] Config(PART) Squad/Parts/Aero/wings/swept2/sweptWing2
[LOG 23:21:38.644] Config(PART) Squad/Parts/Cargo/CargoContainers/cargoContainer/cargoContainer
[LOG 23:21:38.644] Config(PART) Squad/Parts/Cargo/CargoContainers/smallCargoContainer/smallCargoContainer
[LOG 23:21:38.644] Config(PART) Squad/Parts/Cargo/Cylinder/Cylinder/evaCylinder
[LOG 23:21:38.644] Config(PART) Squad/Parts/Cargo/GroundAnchor/groundAnchor/groundAnchor
[LOG 23:21:38.644] Config(PART) Squad/Parts/Cargo/Jetpack/Jetpack/evaJetpack
[LOG 23:21:38.644] Config(PART) Squad/Parts/Cargo/Parachute/Parachute/evaChute
[LOG 23:21:38.644] Config(PART) Squad/Parts/Cargo/RepairKit/RepairKit/evaRepairKit
[LOG 23:21:38.644] Config(PART) Squad/Parts/Cargo/ScienceKit/evaScienceKit/evaScienceKit
[LOG 23:21:38.644] Config(PART) Squad/Parts/Cargo/StorageUnits/CargoStorageUnit/CargoStorageUnit
[LOG 23:21:38.644] Config(PART) Squad/Parts/Cargo/StorageUnits/ConformalStorageUnit/ConformalStorageUnit
[LOG 23:21:38.644] Config(PART) Squad/Parts/Command/advancedSasModuleLarge/advSasModuleLarge/asasmodule1-2
[LOG 23:21:38.644] Config(PART) Squad/Parts/Command/cupola/cupola/cupola
[LOG 23:21:38.644] Config(PART) Squad/Parts/Command/externalCommandSeat/externalCommandSeat/seatExternalCmd
[LOG 23:21:38.644] Config(PART) Squad/Parts/Command/hitchhikerStorageContainer/hitchikerStorageContainer/crewCabin
[LOG 23:21:38.644] Config(PART) Squad/Parts/Command/inlineAdvancedStabilizer/inlineAdvancedStabilizer/advSasModule
[LOG 23:21:38.644] Config(PART) Squad/Parts/Command/inlineReactionWheel/inlineReactionWheel/sasModule
[LOG 23:21:38.644] Config(PART) Squad/Parts/Command/Mk1-3Pod/mk1-3/mk1-3pod
[LOG 23:21:38.644] Config(PART) Squad/Parts/Command/mk1Cockpits/mk1Cockpit/Mark1Cockpit
[LOG 23:21:38.645] Config(PART) Squad/Parts/Command/mk1Cockpits/mk1CrewCabin/MK1CrewCabin
[LOG 23:21:38.645] Config(PART) Squad/Parts/Command/mk1Cockpits/mk1InlineCockpit/Mark2Cockpit
[LOG 23:21:38.645] Config(PART) Squad/Parts/Command/mk1LanderCan/mk1LanderCan/landerCabinSmall
[LOG 23:21:38.645] Config(PART) Squad/Parts/Command/mk1pod_v2/mk1Pod_v2/mk1pod_v2
[LOG 23:21:38.645] Config(PART) Squad/Parts/Command/mk2CockpitInline/mk2CockpitInline/mk2Cockpit_Inline
[LOG 23:21:38.645] Config(PART) Squad/Parts/Command/mk2CockpitStandard/mk2CockpitStandard/mk2Cockpit_Standard
[LOG 23:21:38.645] Config(PART) Squad/Parts/Command/mk2DroneCore/mk2Dronecore/mk2DroneCore
[LOG 23:21:38.645] Config(PART) Squad/Parts/Command/mk2LanderCan/mk2LanderCan/mk2LanderCabin
[LOG 23:21:38.645] Config(PART) Squad/Parts/Command/mk2LanderCan_v2/mk2LanderCan_v2/mk2LanderCabin_v2
[LOG 23:21:38.645] Config(PART) Squad/Parts/Command/mk3CockpitShuttle/mk3CockpitShuttle/mk3Cockpit_Shuttle
[LOG 23:21:38.645] Config(PART) Squad/Parts/Command/MpoProbe/MpoProbe/MpoProbe
[LOG 23:21:38.645] Config(PART) Squad/Parts/Command/MtmStage/MTM_Stage/MtmStage
[LOG 23:21:38.645] Config(PART) Squad/Parts/Command/probeCoreCube/probeCoreCube/probeCoreCube
[LOG 23:21:38.645] Config(PART) Squad/Parts/Command/probeCoreHex/probeCoreHex/probeCoreHex
[LOG 23:21:38.645] Config(PART) Squad/Parts/Command/probeCoreHex_v2/probeCoreHex_v2/probeCoreHex_v2
[LOG 23:21:38.645] Config(PART) Squad/Parts/Command/probeCoreOcto2_v2/probeCoreOcto2_v2/probeCoreOcto2_v2
[LOG 23:21:38.645] Config(PART) Squad/Parts/Command/probeCoreOcto_v2/probeCoreOcto_v2/probeCoreOcto_v2
[LOG 23:21:38.645] Config(PART) Squad/Parts/Command/probeRoverBody/probeRoverBody/roverBody
[LOG 23:21:38.645] Config(PART) Squad/Parts/Command/probeRoverBody_v2/probeRoverBody_v2/roverBody_v2
[LOG 23:21:38.645] Config(PART) Squad/Parts/Command/probeStackLarge/probeStackLarge/probeStackLarge
[LOG 23:21:38.645] Config(PART) Squad/Parts/Command/probeStackSmall/probeStackSmall/probeStackSmall
[LOG 23:21:38.646] Config(PART) Squad/Parts/Command/probeStackSphere_v2/probeStackSphere_v2/probeCoreSphere_v2
[LOG 23:21:38.646] Config(PART) Squad/Parts/CompoundParts/FuelLine/fuelLine/fuelLine
[LOG 23:21:38.646] Config(PART) Squad/Parts/CompoundParts/strutConnector/strutConnector/strutConnector
[LOG 23:21:38.646] Config(PART) Squad/Parts/Coupling/Decoupler_0/Decoupler_0
[LOG 23:21:38.646] Config(PART) Squad/Parts/Coupling/Decoupler_1/Decoupler_1
[LOG 23:21:38.646] Config(PART) Squad/Parts/Coupling/Decoupler_2/Decoupler_2
[LOG 23:21:38.646] Config(PART) Squad/Parts/Coupling/Decoupler_3/Decoupler_3
[LOG 23:21:38.646] Config(PART) Squad/Parts/Coupling/Separator_0/Separator_0
[LOG 23:21:38.646] Config(PART) Squad/Parts/Coupling/Separator_1/Separator_1
[LOG 23:21:38.646] Config(PART) Squad/Parts/Coupling/Separator_2/Separator_2
[LOG 23:21:38.646] Config(PART) Squad/Parts/Coupling/Separator_3/Separator_3
[LOG 23:21:38.646] Config(PART) Squad/Parts/Electrical/10CSolarPanels/OX-10C/solarPanelOX10C
[LOG 23:21:38.646] Config(PART) Squad/Parts/Electrical/10CSolarPanels/SP-10C/solarPanelSP10C
[LOG 23:21:38.646] Config(PART) Squad/Parts/Electrical/10LSolarPanels/OX-10L/solarPanelOX10L
[LOG 23:21:38.646] Config(PART) Squad/Parts/Electrical/10LSolarPanels/SP-10L/solarPanelSP10L
[LOG 23:21:38.646] Config(PART) Squad/Parts/Electrical/1x6ShroudSolarPanels/1x6ShroudSolarPanels/solarPanels2
[LOG 23:21:38.646] Config(PART) Squad/Parts/Electrical/1x6SolarPanels/1x6SolarPanels/solarPanels4
[LOG 23:21:38.646] Config(PART) Squad/Parts/Electrical/3x2ShroudSolarPanels/3x2ShroudSolarPanels/solarPanels1
[LOG 23:21:38.646] Config(PART) Squad/Parts/Electrical/3x2SolarPanels/3x2SolarPanels/solarPanels3
[LOG 23:21:38.646] Config(PART) Squad/Parts/Electrical/gigantorXlSolarArray/gigantorXlSolarArray/largeSolarPanel
[LOG 23:21:38.646] Config(PART) Squad/Parts/Electrical/radialFlatSolarPanel/radialFlatSolarPanel/solarPanels5
[LOG 23:21:38.646] Config(PART) Squad/Parts/Electrical/RTG/RTG/rtg
[LOG 23:21:38.646] Config(PART) Squad/Parts/Electrical/z-100Battery/z-100Battery/batteryPack
[LOG 23:21:38.647] Config(PART) Squad/Parts/Electrical/z-1kBattery/z-1kBattery/batteryBank
[LOG 23:21:38.647] Config(PART) Squad/Parts/Electrical/z-200Battery/z-200Battery/batteryBankMini
[LOG 23:21:38.647] Config(PART) Squad/Parts/Electrical/z-400Battery/z-400Battery/ksp_r_largeBatteryPack
[LOG 23:21:38.647] Config(PART) Squad/Parts/Electrical/z-4kBattery/z-4kBattery/batteryBankLarge
[LOG 23:21:38.647] Config(PART) Squad/Parts/Engine/ionEngine/ionEngine/ionEngine
[LOG 23:21:38.647] Config(PART) Squad/Parts/Engine/jetEngines/jetEngineAfterburning/turboJet
[LOG 23:21:38.647] Config(PART) Squad/Parts/Engine/jetEngines/jetEngineBasic/JetEngine
[LOG 23:21:38.647] Config(PART) Squad/Parts/Engine/jetEngines/jetEngineBig/turboFanSize2
[LOG 23:21:38.647] Config(PART) Squad/Parts/Engine/jetEngines/jetEngineTurbo/turboFanEngine
[LOG 23:21:38.647] Config(PART) Squad/Parts/Engine/liquidEngine24-77/liquidEngine24-77/smallRadialEngine
[LOG 23:21:38.647] Config(PART) Squad/Parts/Engine/liquidEngine24-77_v2/liquidEngine24-77_v2/smallRadialEngine_v2
[LOG 23:21:38.647] Config(PART) Squad/Parts/Engine/liquidEngine48-7S_v2/liquidEngine48-7S_v2/liquidEngineMini_v2
[LOG 23:21:38.647] Config(PART) Squad/Parts/Engine/liquidEngineAerospike/liquidEngineAerospike/toroidalAerospike
[LOG 23:21:38.647] Config(PART) Squad/Parts/Engine/liquidEngineLV-1_v2/liquidEngineLV-1R _v2/radialEngineMini_v2
[LOG 23:21:38.647] Config(PART) Squad/Parts/Engine/liquidEngineLV-1_v2/liquidEngineLV-1_v2/microEngine_v2
[LOG 23:21:38.647] Config(PART) Squad/Parts/Engine/liquidEngineLV-909_v2/liquidEngineLV-909_v2/liquidEngine3_v2
[LOG 23:21:38.647] Config(PART) Squad/Parts/Engine/liquidEngineLV-N/liquidEngineLV-N/nuclearEngine
[LOG 23:21:38.647] Config(PART) Squad/Parts/Engine/liquidEngineLV-T30/liquidEngineLV-T30/liquidEngine
[LOG 23:21:38.647] Config(PART) Squad/Parts/Engine/liquidEngineLV-T30_v2/liquidEngineLV-T30_v2/liquidEngine_v2
[LOG 23:21:38.647] Config(PART) Squad/Parts/Engine/liquidEngineLV-T45/liquidEngineLV-T45/liquidEngine2
[LOG 23:21:38.647] Config(PART) Squad/Parts/Engine/liquidEngineLV-T45_v2/liquidEngineLV-T45_v2/liquidEngine2_v2
[LOG 23:21:38.648] Config(PART) Squad/Parts/Engine/liquidEngineMainsail_v2/liquidEngineMainsail_v2/liquidEngineMainsail_v2
[LOG 23:21:38.648] Config(PART) Squad/Parts/Engine/liquidEngineMk55/liquidEngineMk55/radialLiquidEngine1-2
[LOG 23:21:38.648] Config(PART) Squad/Parts/Engine/liquidEnginePoodle_v2/liquidEnginePoodle_v2/liquidEngine2-2_v2
[LOG 23:21:38.648] Config(PART) Squad/Parts/Engine/liquidEngineSkipper_v2/skipperLiquidEngine_v2/engineLargeSkipper_v2
[LOG 23:21:38.648] Config(PART) Squad/Parts/Engine/liquidEngineSSME/SSME/SSME
[LOG 23:21:38.648] Config(PART) Squad/Parts/Engine/MassiveSRB/part/MassiveBooster
[LOG 23:21:38.648] Config(PART) Squad/Parts/Engine/miniJet/SmallJetEngine/miniJetEngine
[LOG 23:21:38.648] Config(PART) Squad/Parts/Engine/OMSEngine/omsEngine/omsEngine
[LOG 23:21:38.648] Config(PART) Squad/Parts/Engine/rapierEngine/rapierEngine/RAPIER
[LOG 23:21:38.648] Config(PART) Squad/Parts/Engine/Size1_SRBs/solidBoosterRT-10_v2/solidBooster_v2
[LOG 23:21:38.648] Config(PART) Squad/Parts/Engine/Size1_SRBs/solidBoosterRT-5_v2/solidBooster_sm_v2
[LOG 23:21:38.648] Config(PART) Squad/Parts/Engine/Size2LFB/part/Size2LFB
[LOG 23:21:38.648] Config(PART) Squad/Parts/Engine/Size2LFB_v2/part/Size2LFB_v2
[LOG 23:21:38.648] Config(PART) Squad/Parts/Engine/Size3AdvancedEngine/part/Size3AdvancedEngine
[LOG 23:21:38.648] Config(PART) Squad/Parts/Engine/Size3EngineCluster/part/Size3EngineCluster
[LOG 23:21:38.648] Config(PART) Squad/Parts/Engine/solidBoosterBACC/solidBoosterBACC/solidBooster1-1
[LOG 23:21:38.648] Config(PART) Squad/Parts/Engine/solidBoosterS2-17/solidBoosterS2-17/Thoroughbred
[LOG 23:21:38.648] Config(PART) Squad/Parts/Engine/solidBoosterS2-33/solidBoosterS2-33/Clydesdale
[LOG 23:21:38.648] Config(PART) Squad/Parts/Engine/solidBoosterSep/solidBoosterSep/sepMotor1
[LOG 23:21:38.648] Config(PART) Squad/Parts/Engine/SolidBoostersF/SolidBoosterF3S0/Shrimp
[LOG 23:21:38.649] Config(PART) Squad/Parts/Engine/SolidBoostersF/SolidBoosterFM1/Mite
[LOG 23:21:38.649] Config(PART) Squad/Parts/FuelTank/adapterTanks/Mk3-Mk2/adapterMk3-Mk2
[LOG 23:21:38.649] Config(PART) Squad/Parts/FuelTank/adapterTanks/Mk3-ShuttleAdapter/adapterEngines
[LOG 23:21:38.649] Config(PART) Squad/Parts/FuelTank/adapterTanks/Mk3-Size2/adapterMk3-Size2
[LOG 23:21:38.649] Config(PART) Squad/Parts/FuelTank/adapterTanks/Mk3-Size2Slant/adapterMk3-Size2Slant
[LOG 23:21:38.649] Config(PART) Squad/Parts/FuelTank/adapterTanks/Size2-Mk2/adapterSize2-Mk2
[LOG 23:21:38.649] Config(PART) Squad/Parts/FuelTank/adapterTanks/Size2-Size1/adapterSize2-Size1
[LOG 23:21:38.649] Config(PART) Squad/Parts/FuelTank/adapterTanks/Size2-Size1Slant/adapterSize2-Size1Slant
[LOG 23:21:38.649] Config(PART) Squad/Parts/FuelTank/adapterTanks/Size3-Mk3/adapterSize3-Mk3
[LOG 23:21:38.649] Config(PART) Squad/Parts/FuelTank/drainTankFTE-1/ReleaseValve/ReleaseValve
[LOG 23:21:38.649] Config(PART) Squad/Parts/FuelTank/FoilTanks/RadialTank_Capsule/externalTankCapsule
[LOG 23:21:38.649] Config(PART) Squad/Parts/FuelTank/FoilTanks/RadialTank_Round/externalTankRound
[LOG 23:21:38.649] Config(PART) Squad/Parts/FuelTank/FoilTanks/ToroidTank/externalTankToroid
[LOG 23:21:38.649] Config(PART) Squad/Parts/FuelTank/fuelTankOscarB/fuelTankOscarB/miniFuelTank
[LOG 23:21:38.649] Config(PART) Squad/Parts/FuelTank/miniFuselage/miniFuselage/miniFuselage
[LOG 23:21:38.649] Config(PART) Squad/Parts/FuelTank/mk2Adapters/bicoupler/mk2_1m_Bicoupler
[LOG 23:21:38.649] Config(PART) Squad/Parts/FuelTank/mk2Adapters/long/mk2_1m_AdapterLong
[LOG 23:21:38.649] Config(PART) Squad/Parts/FuelTank/mk2Adapters/standard/mk2SpacePlaneAdapter
[LOG 23:21:38.649] Config(PART) Squad/Parts/FuelTank/mk2FuselageLong/LFO_long/mk2FuselageLongLFO
[LOG 23:21:38.649] Config(PART) Squad/Parts/FuelTank/mk2FuselageLong/L_long/mk2Fuselage
[LOG 23:21:38.649] Config(PART) Squad/Parts/FuelTank/mk2FuselageShort/LFO_short/mk2FuselageShortLFO
[LOG 23:21:38.649] Config(PART) Squad/Parts/FuelTank/mk2FuselageShort/L_short/mk2FuselageShortLiquid
[LOG 23:21:38.650] Config(PART) Squad/Parts/FuelTank/mk2FuselageShort/Mono_short/mk2FuselageShortMono
[LOG 23:21:38.650] Config(PART) Squad/Parts/FuelTank/mk3Fuselage/CREW/mk3CrewCabin
[LOG 23:21:38.650] Config(PART) Squad/Parts/FuelTank/mk3Fuselage/LFO_100/mk3FuselageLFO_100
[LOG 23:21:38.650] Config(PART) Squad/Parts/FuelTank/mk3Fuselage/LFO_25/mk3FuselageLFO_25
[LOG 23:21:38.650] Config(PART) Squad/Parts/FuelTank/mk3Fuselage/LFO_50/mk3FuselageLFO_50
[LOG 23:21:38.650] Config(PART) Squad/Parts/FuelTank/mk3Fuselage/LF_100/mk3FuselageLF_100
[LOG 23:21:38.650] Config(PART) Squad/Parts/FuelTank/mk3Fuselage/LF_25/mk3FuselageLF_25
[LOG 23:21:38.650] Config(PART) Squad/Parts/FuelTank/mk3Fuselage/LF_50/mk3FuselageLF_50
[LOG 23:21:38.650] Config(PART) Squad/Parts/FuelTank/mk3Fuselage/MONO/mk3FuselageMONO
[LOG 23:21:38.650] Config(PART) Squad/Parts/FuelTank/RCSFuelTankR1/RCSFuelTankR1/RCSTank1-2
[LOG 23:21:38.650] Config(PART) Squad/Parts/FuelTank/RCSFuelTankR10/RCSFuelTankR10/rcsTankMini
[LOG 23:21:38.650] Config(PART) Squad/Parts/FuelTank/RCSFuelTankR25/RCSFuelTankR25/RCSFuelTank
[LOG 23:21:38.650] Config(PART) Squad/Parts/FuelTank/RCSTankRadial/radialRCSTank/radialRCSTank
[LOG 23:21:38.650] Config(PART) Squad/Parts/FuelTank/RCStankRadialLong/RCSTankRadialLong/rcsTankRadialLong
[LOG 23:21:38.650] Config(PART) Squad/Parts/FuelTank/RockomaxTanks/Rockomax16/Rockomax16_BW
[LOG 23:21:38.650] Config(PART) Squad/Parts/FuelTank/RockomaxTanks/Rockomax32/Rockomax32_BW
[LOG 23:21:38.650] Config(PART) Squad/Parts/FuelTank/RockomaxTanks/Rockomax64/Rockomax64_BW
[LOG 23:21:38.650] Config(PART) Squad/Parts/FuelTank/RockomaxTanks/Rockomax8/Rockomax8BW
[LOG 23:21:38.650] Config(PART) Squad/Parts/FuelTank/Size1_Tanks/fuelTankT100/fuelTankSmallFlat
[LOG 23:21:38.650] Config(PART) Squad/Parts/FuelTank/Size1_Tanks/fuelTankT200/fuelTankSmall
[LOG 23:21:38.650] Config(PART) Squad/Parts/FuelTank/Size1_Tanks/fuelTankT400/fuelTank
[LOG 23:21:38.650] Config(PART) Squad/Parts/FuelTank/Size1_Tanks/fuelTankT800/fuelTank_long
[LOG 23:21:38.650] Config(PART) Squad/Parts/FuelTank/Size3Tanks/large/Size3LargeTank
[LOG 23:21:38.650] Config(PART) Squad/Parts/FuelTank/Size3Tanks/medium/Size3MediumTank
[LOG 23:21:38.650] Config(PART) Squad/Parts/FuelTank/Size3Tanks/small/Size3SmallTank
[LOG 23:21:38.651] Config(PART) Squad/Parts/FuelTank/xenonTank/xenonTank/xenonTank
[LOG 23:21:38.651] Config(PART) Squad/Parts/FuelTank/xenonTankLarge/xenonTankLarge/xenonTankLarge
[LOG 23:21:38.651] Config(PART) Squad/Parts/FuelTank/xenonTankRadial/xenonTankRadial/xenonTankRadial
[LOG 23:21:38.651] Config(PART) Squad/Parts/Misc/AsteroidDay/CamSat/InfraredTelescope
[LOG 23:21:38.651] Config(PART) Squad/Parts/Misc/AsteroidDay/HECS2/HECS2_ProbeCore
[LOG 23:21:38.651] Config(PART) Squad/Parts/Misc/AsteroidDay/HighGainAntenna/HighGainAntenna
[LOG 23:21:38.651] Config(PART) Squad/Parts/Misc/AsteroidDay/LgRadialSolar/LgRadialSolarPanel
[LOG 23:21:38.651] Config(PART) Squad/Parts/Misc/PotatoComet/part/PotatoComet
[LOG 23:21:38.651] Config(PART) Squad/Parts/Misc/PotatoRoid/part/PotatoRoid
[LOG 23:21:38.651] Config(PART) Squad/Parts/Prebuilt/flag/flag
[LOG 23:21:38.651] Config(PART) Squad/Parts/Prebuilt/kerbalEVA/kerbalEVA
[LOG 23:21:38.651] Config(PART) Squad/Parts/Prebuilt/kerbalEVAfemale/kerbalEVAfemale
[LOG 23:21:38.651] Config(PART) Squad/Parts/Prebuilt/kerbalEVASlimSuit/kerbalEVASlimSuit
[LOG 23:21:38.651] Config(PART) Squad/Parts/Prebuilt/kerbalEVASlimSuitFemale/kerbalEVASlimSuitFemale
[LOG 23:21:38.651] Config(PART) Squad/Parts/Resources/FuelCell/FuelCell/FuelCell
[LOG 23:21:38.651] Config(PART) Squad/Parts/Resources/FuelCell/FuelCellArray/FuelCellArray
[LOG 23:21:38.651] Config(PART) Squad/Parts/Resources/ISRU/ISRU/ISRU
[LOG 23:21:38.651] Config(PART) Squad/Parts/Resources/LargeTank/LargeTank/LargeTank
[LOG 23:21:38.651] Config(PART) Squad/Parts/Resources/MiniDrill/MiniDrill/MiniDrill
[LOG 23:21:38.651] Config(PART) Squad/Parts/Resources/MiniISRU/MiniISRU/MiniISRU
[LOG 23:21:38.651] Config(PART) Squad/Parts/Resources/OrbitalScanner/OrbitalScanner/OrbitalScanner
[LOG 23:21:38.651] Config(PART) Squad/Parts/Resources/RadialDrill/RadialDrill/RadialDrill
[LOG 23:21:38.652] Config(PART) Squad/Parts/Resources/RadialTank/RadialTank/RadialOreTank
[LOG 23:21:38.652] Config(PART) Squad/Parts/Resources/SmallTank/SmallTank/SmallTank
[LOG 23:21:38.652] Config(PART) Squad/Parts/Resources/SurfaceScanner/SurfaceScanner/SurfaceScanner
[LOG 23:21:38.652] Config(PART) Squad/Parts/Resources/SurveyScanner/SurveyScanner/SurveyScanner
[LOG 23:21:38.652] Config(PART) Squad/Parts/Science/AtmosphereSensor/sensorAtmosphere/sensorAtmosphere
[LOG 23:21:38.652] Config(PART) Squad/Parts/Science/GooExperiment/gooExperiment/GooExperiment
[LOG 23:21:38.652] Config(PART) Squad/Parts/Science/LargeCrewedLab/largeCrewedLab/Large_Crewed_Lab
[LOG 23:21:38.652] Config(PART) Squad/Parts/Science/Magnetometer/Magnetometer/Magnetometer
[LOG 23:21:38.652] Config(PART) Squad/Parts/Science/MaterialBay/materialBay/science_module
[LOG 23:21:38.652] Config(PART) Squad/Parts/Science/ScienceBox/ScienceBox/ScienceBox
[LOG 23:21:38.652] Config(PART) Squad/Parts/Science/sensorAccelerometer/sensorAccelerometer/sensorAccelerometer
[LOG 23:21:38.652] Config(PART) Squad/Parts/Science/sensorBarometer/sensorBarometer/sensorBarometer
[LOG 23:21:38.652] Config(PART) Squad/Parts/Science/sensorGravimeter/sensorGravimeter/sensorGravimeter
[LOG 23:21:38.652] Config(PART) Squad/Parts/Science/sensorThermometer/sensorThermometer/sensorThermometer
[LOG 23:21:38.652] Config(PART) Squad/Parts/Structural/FLAdapters/adapterSmallMiniShort/adapterSmallMiniShort
[LOG 23:21:38.652] Config(PART) Squad/Parts/Structural/FLAdapters/adapterSmallMiniTall/adapterSmallMiniTall
[LOG 23:21:38.652] Config(PART) Squad/Parts/Structural/mk1Parts/engineBodyRadial/radialEngineBody
[LOG 23:21:38.652] Config(PART) Squad/Parts/Structural/mk1Parts/engineNacelle/nacelleBody
[LOG 23:21:38.652] Config(PART) Squad/Parts/Structural/mk1Parts/mk1Fuselage/MK1Fuselage
[LOG 23:21:38.652] Config(PART) Squad/Parts/Structural/mk1Parts/mk1FuselageIntake/MK1IntakeFuselage
[LOG 23:21:38.652] Config(PART) Squad/Parts/Structural/mk1Parts/mk1Structural/Mk1FuselageStructural
[LOG 23:21:38.652] Config(PART) Squad/Parts/Structural/Size3To2Adapter_v2/Size2to3_v2/Size3To2Adapter_v2
[LOG 23:21:38.652] Config(PART) Squad/Parts/Structural/stackAdapters/adapterLargeSmallBi/adapterLargeSmallBi
[LOG 23:21:38.652] Config(PART) Squad/Parts/Structural/stackAdapters/adapterLargeSmallQuad/adapterLargeSmallQuad
[LOG 23:21:38.652] Config(PART) Squad/Parts/Structural/stackAdapters/adapterLargeSmallTri/adapterLargeSmallTri
[LOG 23:21:38.653] Config(PART) Squad/Parts/Structural/stationHub/stationHub/stationHub
[LOG 23:21:38.653] Config(PART) Squad/Parts/Structural/structuralIBeam200/structuralIBeam200/structuralIBeam2
[LOG 23:21:38.653] Config(PART) Squad/Parts/Structural/structuralIBeam200Pocket/structuralIBeam200Pocket/structuralIBeam3
[LOG 23:21:38.653] Config(PART) Squad/Parts/Structural/structuralIBeam650/structuralIBeam650/structuralIBeam1
[LOG 23:21:38.653] Config(PART) Squad/Parts/Structural/structuralMicronode/structuralMicronode/structuralMiniNode
[LOG 23:21:38.653] Config(PART) Squad/Parts/Structural/structuralPanel1x1/structuralPanel1x1/structuralPanel1
[LOG 23:21:38.653] Config(PART) Squad/Parts/Structural/structuralPanel2x2/structuralPanel2x2/structuralPanel2
[LOG 23:21:38.653] Config(PART) Squad/Parts/Structural/structuralPylons/smallHardpoint/smallHardpoint
[LOG 23:21:38.653] Config(PART) Squad/Parts/Structural/structuralPylons/structuralPylon/structuralPylon
[LOG 23:21:38.653] Config(PART) Squad/Parts/Structural/strutCubicOcto/strutCubicOcto/strutCube
[LOG 23:21:38.653] Config(PART) Squad/Parts/Structural/strutOcto/strutOcto/strutOcto
[LOG 23:21:38.653] Config(PART) Squad/Parts/Structural/trussGirderAdapter/trussGirderAdapter/trussAdapter
[LOG 23:21:38.653] Config(PART) Squad/Parts/Structural/trussGirderL/trussGirderL/trussPiece1x
[LOG 23:21:38.653] Config(PART) Squad/Parts/Structural/trussGirderXL/trussGirderXL/trussPiece3x
[LOG 23:21:38.653] Config(PART) Squad/Parts/Thermal/FoldingRadiators/foldingRadLarge/foldingRadLarge
[LOG 23:21:38.653] Config(PART) Squad/Parts/Thermal/FoldingRadiators/foldingRadMed/foldingRadMed
[LOG 23:21:38.653] Config(PART) Squad/Parts/Thermal/FoldingRadiators/foldingRadSmall/foldingRadSmall
[LOG 23:21:38.653] Config(PART) Squad/Parts/Thermal/RadiatorPanels/radPanelEdge/radPanelEdge
[LOG 23:21:38.653] Config(PART) Squad/Parts/Thermal/RadiatorPanels/radPanelLg/radPanelLg
[LOG 23:21:38.653] Config(PART) Squad/Parts/Thermal/RadiatorPanels/radPanelSm/radPanelSm
[LOG 23:21:38.653] Config(PART) Squad/Parts/Utility/commDish88-88/commDish88-88/commDish
[LOG 23:21:38.653] Config(PART) Squad/Parts/Utility/commsAntennaDTS-M1/commsAntennaDTS-M1/mediumDishAntenna
[LOG 23:21:38.653] Config(PART) Squad/Parts/Utility/commsDish16/commsAntenna16/longAntenna
[LOG 23:21:38.653] Config(PART) Squad/Parts/Utility/decouplerRadialHDM/decouplerRadialHDM/radialDecoupler1-2
[LOG 23:21:38.653] Config(PART) Squad/Parts/Utility/decouplerRadialTT-38K/decouplerRadialTT-38K/radialDecoupler
[LOG 23:21:38.654] Config(PART) Squad/Parts/Utility/decouplerRadialTT-70/decouplerRadialTT-70/radialDecoupler2
[LOG 23:21:38.654] Config(PART) Squad/Parts/Utility/DirectAntennas/C16S/SurfAntenna
[LOG 23:21:38.654] Config(PART) Squad/Parts/Utility/DirectAntennas/HG-5/HighGainAntenna5
[LOG 23:21:38.654] Config(PART) Squad/Parts/Utility/DirectAntennas/HG-5_v2/HighGainAntenna5_v2
[LOG 23:21:38.654] Config(PART) Squad/Parts/Utility/dockingPort/dockingPort/dockingPort2
[LOG 23:21:38.654] Config(PART) Squad/Parts/Utility/dockingPortInline/dockingPortInline/dockingPortLateral
[LOG 23:21:38.654] Config(PART) Squad/Parts/Utility/dockingPortJr/dockingPortJr/dockingPort3
[LOG 23:21:38.654] Config(PART) Squad/Parts/Utility/dockingPortShielded/dockingPortShielded/dockingPort1
[LOG 23:21:38.654] Config(PART) Squad/Parts/Utility/dockingPortSr/dockingPortSr/dockingPortLarge
[LOG 23:21:38.654] Config(PART) Squad/Parts/Utility/Fireworks/fireworksLauncherBig/fireworksLauncherBig
[LOG 23:21:38.654] Config(PART) Squad/Parts/Utility/Fireworks/fireworksLauncherSmall/fireworksLauncherSmall
[LOG 23:21:38.654] Config(PART) Squad/Parts/Utility/flags/flagFlat/flagFlat/flagPartFlat
[LOG 23:21:38.654] Config(PART) Squad/Parts/Utility/flags/flagSize0/flagSize0/flagPartSize0
[LOG 23:21:38.654] Config(PART) Squad/Parts/Utility/flags/flagSize1/flagSize1/flagPartSize1
[LOG 23:21:38.654] Config(PART) Squad/Parts/Utility/flags/flagSize2/flagSize2/flagPartSize2
[LOG 23:21:38.654] Config(PART) Squad/Parts/Utility/flags/flagSize3/flagSize3/flagPartSize3
[LOG 23:21:38.654] Config(PART) Squad/Parts/Utility/GrapplingDevice/part/GrapplingDevice
[LOG 23:21:38.654] Config(PART) Squad/Parts/Utility/ladderRadial/ladderRadial/ladder1
[LOG 23:21:38.654] Config(PART) Squad/Parts/Utility/ladderTelescopic/ladderTelescopic/telescopicLadder
[LOG 23:21:38.654] Config(PART) Squad/Parts/Utility/ladderTelescopicBay/ladderTelescopicBay/telescopicLadderBay
[LOG 23:21:38.654] Config(PART) Squad/Parts/Utility/landingLegLT-1/landingLegLT-1/landingLeg1
[LOG 23:21:38.654] Config(PART) Squad/Parts/Utility/landingLegLT-2/landingLegLT-2/landingLeg1-2
[LOG 23:21:38.654] Config(PART) Squad/Parts/Utility/landingLegLT-5/landingLegLT-5/miniLandingLeg
[LOG 23:21:38.654] Config(PART) Squad/Parts/Utility/launchClamp1/launchClamp1/launchClamp1
[LOG 23:21:38.654] Config(PART) Squad/Parts/Utility/launchEscapeSystem/part/LaunchEscapeSystem
[LOG 23:21:38.655] Config(PART) Squad/Parts/Utility/Lights/domeLight1/domeLight1
[LOG 23:21:38.655] Config(PART) Squad/Parts/Utility/Lights/groundLight1/groundLight1
[LOG 23:21:38.655] Config(PART) Squad/Parts/Utility/Lights/groundLight2/groundLight2
[LOG 23:21:38.655] Config(PART) Squad/Parts/Utility/Lights/navLight1/navLight1
[LOG 23:21:38.655] Config(PART) Squad/Parts/Utility/Lights/spotLight1/spotLight3
[LOG 23:21:38.655] Config(PART) Squad/Parts/Utility/Lights/stripLight1/stripLight1
[LOG 23:21:38.655] Config(PART) Squad/Parts/Utility/linearVernorRCS/linearRCS/linearRcs
[LOG 23:21:38.655] Config(PART) Squad/Parts/Utility/linearVernorRCS/vernorEngine/vernierEngine
[LOG 23:21:38.655] Config(PART) Squad/Parts/Utility/mk2CargoBay/BayL/mk2CargoBayL
[LOG 23:21:38.655] Config(PART) Squad/Parts/Utility/mk2CargoBay/BayS/mk2CargoBayS
[LOG 23:21:38.655] Config(PART) Squad/Parts/Utility/mk2CrewCabin/mk2CrewCabin/mk2CrewCabin
[LOG 23:21:38.655] Config(PART) Squad/Parts/Utility/mk2DockingPort/mk2DockingPort/mk2DockingPort
[LOG 23:21:38.655] Config(PART) Squad/Parts/Utility/mk3CargoBay/long/mk3CargoBayL
[LOG 23:21:38.655] Config(PART) Squad/Parts/Utility/mk3CargoBay/medium/mk3CargoBayM
[LOG 23:21:38.655] Config(PART) Squad/Parts/Utility/mk3CargoBay/ramp/mk3CargoRamp
[LOG 23:21:38.655] Config(PART) Squad/Parts/Utility/mk3CargoBay/short/mk3CargoBayS
[LOG 23:21:38.655] Config(PART) Squad/Parts/Utility/parachuteMk1/parachuteMk1/parachuteSingle
[LOG 23:21:38.655] Config(PART) Squad/Parts/Utility/parachuteMk12-R/parachuteMk12-R/radialDrogue
[LOG 23:21:38.655] Config(PART) Squad/Parts/Utility/parachuteMk16-XL/parachuteMk16-XL/parachuteLarge
[LOG 23:21:38.655] Config(PART) Squad/Parts/Utility/parachuteMk2-R/parachuteMk2-R/parachuteRadial
[LOG 23:21:38.655] Config(PART) Squad/Parts/Utility/parachuteMk25/parachuteMk25/parachuteDrogue
[LOG 23:21:38.655] Config(PART) Squad/Parts/Utility/radialAttachmentPoint/radialAttachmentPoint/stackPoint1
[LOG 23:21:38.655] Config(PART) Squad/Parts/Utility/rcsBlockRV-105_v2/rcsBlockRV-105/RCSBlock_v2
[LOG 23:21:38.655] Config(PART) Squad/Parts/Utility/rcsBlockRV-105_v2/RCSblock_01_small/RCSblock_01_small
[LOG 23:21:38.655] Config(PART) Squad/Parts/Utility/rcsSmallLinear/RCSLinearSmall/RCSLinearSmall
[LOG 23:21:38.656] Config(PART) Squad/Parts/Utility/RelayAntennas/RA-100/RelayAntenna100
[LOG 23:21:38.656] Config(PART) Squad/Parts/Utility/RelayAntennas/RA-5/RelayAntenna5
[LOG 23:21:38.656] Config(PART) Squad/Parts/Utility/RelayAntennas/RA-50/RelayAntenna50
[LOG 23:21:38.656] Config(PART) Squad/Parts/Utility/rockomaxAdapters/largeAdapter/largeAdapter
[LOG 23:21:38.656] Config(PART) Squad/Parts/Utility/rockomaxAdapters/largeAdapterShort/largeAdapter2
[LOG 23:21:38.656] Config(PART) Squad/Parts/Utility/ServiceBay_v2/ServiceBay_125_v2/ServiceBay_125_v2
[LOG 23:21:38.656] Config(PART) Squad/Parts/Utility/ServiceBay_v2/ServiceBay_250_v2/ServiceBay_250_v2
[LOG 23:21:38.656] Config(PART) Squad/Parts/Utility/smallClaw/smallClaw/smallClaw
[LOG 23:21:38.656] Config(PART) Squad/Parts/Utility/spotLightMk1/spotLightMk1/spotLight1
[LOG 23:21:38.656] Config(PART) Squad/Parts/Utility/spotLightMk1_v2/spotLightMk1_v2/spotLight1_v2
[LOG 23:21:38.656] Config(PART) Squad/Parts/Utility/spotLightMk2/spotLightMk2/spotLight2
[LOG 23:21:38.656] Config(PART) Squad/Parts/Utility/spotLightMk2_v2/spotLightMk2_v2/spotLight2_v2
[LOG 23:21:38.656] Config(PART) Squad/Parts/Utility/stackCouplers/stackBiCoupler_v2/stackBiCoupler_v2
[LOG 23:21:38.656] Config(PART) Squad/Parts/Utility/stackCouplers/stackQuadCoupler/stackQuadCoupler
[LOG 23:21:38.656] Config(PART) Squad/Parts/Utility/stackCouplers/stackTriCoupler_v2/stackTriCoupler_v2
[LOG 23:21:38.656] Config(PART) Squad/Parts/Wheel/LandingGear/GearExtraLarge/GearLarge
[LOG 23:21:38.656] Config(PART) Squad/Parts/Wheel/LandingGear/GearFixed/GearFixed
[LOG 23:21:38.656] Config(PART) Squad/Parts/Wheel/LandingGear/GearFree/GearFree
[LOG 23:21:38.656] Config(PART) Squad/Parts/Wheel/LandingGear/GearLarge/GearMedium
[LOG 23:21:38.656] Config(PART) Squad/Parts/Wheel/LandingGear/GearMedium/GearSmall
[LOG 23:21:38.656] Config(PART) Squad/Parts/Wheel/LandingGear/GearSmall/SmallGearBay
[LOG 23:21:38.656] Config(PART) Squad/Parts/Wheel/roverWheelM1/roverWheelM1/roverWheel1
[LOG 23:21:38.656] Config(PART) Squad/Parts/Wheel/roverWheelS2/roverWheelS2/roverWheel2
[LOG 23:21:38.656] Config(PART) Squad/Parts/Wheel/roverWheelTR-2L/roverWheelTR-2L/wheelMed
[LOG 23:21:38.657] Config(PART) Squad/Parts/Wheel/roverWheelXL3/roverWheelXL3/roverWheel3
[LOG 23:21:38.657] Config(PROP) Squad/Props/AltimeterThreeHands/prop/AltimeterThreeHands
[LOG 23:21:38.657] Config(PROP) Squad/Props/AtmosphereDepth/prop/AtmosphereDepth
[LOG 23:21:38.657] Config(PROP) Squad/Props/AxisIndicator/pitchConfig/AxisIndicatorPitch
[LOG 23:21:38.657] Config(PROP) Squad/Props/AxisIndicator/rollConfig/AxisIndicatorRoll
[LOG 23:21:38.657] Config(PROP) Squad/Props/AxisIndicator/yawConfig/AxisIndicatorYaw
[LOG 23:21:38.657] Config(PROP) Squad/Props/buttonsGeneric/circularButton/genericCircularButton
[LOG 23:21:38.657] Config(PROP) Squad/Props/buttonsGeneric/clusterButtons/genericClusterButtons
[LOG 23:21:38.657] Config(PROP) Squad/Props/buttonsGeneric/clusterButtons2/genericClusterButtons2
[LOG 23:21:38.657] Config(PROP) Squad/Props/buttonsGeneric/clusterKnob/genericClusterKnobs
[LOG 23:21:38.657] Config(PROP) Squad/Props/buttonsGeneric/clusterKnob2/genericClusterKnobs2
[LOG 23:21:38.657] Config(PROP) Squad/Props/buttonsGeneric/clusterMixed/genericClusterMixed
[LOG 23:21:38.657] Config(PROP) Squad/Props/buttonsGeneric/clusterSwitches01/genericClusterSwitches01
[LOG 23:21:38.657] Config(PROP) Squad/Props/buttonsGeneric/clusterSwitches02/genericClusterSwitches02
[LOG 23:21:38.657] Config(PROP) Squad/Props/buttonsGeneric/clusterSwitches03/genericClusterSwitches03
[LOG 23:21:38.657] Config(PROP) Squad/Props/buttonsGeneric/clusterSwitches04/genericClusterSwitches04
[LOG 23:21:38.657] Config(PROP) Squad/Props/buttonsGeneric/clusterSwitches05/genericClusterSwitches05
[LOG 23:21:38.657] Config(PROP) Squad/Props/buttonsGeneric/clusterSwitches06/genericClusterSwitches06
[LOG 23:21:38.657] Config(PROP) Squad/Props/buttonsGeneric/clusterSwitches07/genericClusterSwitches07
[LOG 23:21:38.657] Config(PROP) Squad/Props/buttonsGeneric/directionalKnob/genericDirectionalKnob
[LOG 23:21:38.657] Config(PROP) Squad/Props/buttonsGeneric/directionalKnob2/genericDirectionalKnob2
[LOG 23:21:38.657] Config(PROP) Squad/Props/buttonsGeneric/pullSwitch/genericPullSwitch
[LOG 23:21:38.657] Config(PROP) Squad/Props/buttonsGeneric/squareButton/genericSquareButton
[LOG 23:21:38.657] Config(PROP) Squad/Props/buttonsGeneric/standingSwitch/genericStandingSwitch
[LOG 23:21:38.658] Config(PROP) Squad/Props/buttonsGeneric/switch/genericSwitch
[LOG 23:21:38.658] Config(PROP) Squad/Props/buttonsGeneric/switchWithGuards/genericSwitchWithGuards
[LOG 23:21:38.658] Config(PROP) Squad/Props/ButtonSquare/prop/ButtonSquare
[LOG 23:21:38.658] Config(PROP) Squad/Props/circularButton/prop/circularButton
[LOG 23:21:38.658] Config(PROP) Squad/Props/Compass/prop/Compass
[LOG 23:21:38.658] Config(PROP) Squad/Props/directionalKnob/prop/directionalKnob
[LOG 23:21:38.658] Config(PROP) Squad/Props/directionalKnob2/prop/directionalKnob2
[LOG 23:21:38.658] Config(PROP) Squad/Props/IndicatorPanel/prop/IndicatorPanel
[LOG 23:21:38.658] Config(PROP) Squad/Props/IVANavBall/prop/NavBall
[LOG 23:21:38.658] Config(PROP) Squad/Props/IVANavBallNoBase/prop/NavBallNoBase
[LOG 23:21:38.658] Config(PROP) Squad/Props/ledPanelSpeed/prop/ledPanelSpeed
[LOG 23:21:38.658] Config(PROP) Squad/Props/Monitor/DockingMode/MonitorDockingMode
[LOG 23:21:38.658] Config(PROP) Squad/Props/NavBall/prop/NavBall
[LOG 23:21:38.658] Config(PROP) Squad/Props/PropsGeneric/Button_DockingMode/Button_DockingMode
[LOG 23:21:38.658] Config(PROP) Squad/Props/PropsGeneric/CargoBagA/CargoBagA
[LOG 23:21:38.658] Config(PROP) Squad/Props/PropsGeneric/CargoBagB/CargoBagB
[LOG 23:21:38.658] Config(PROP) Squad/Props/PropsGeneric/CargoBagC/CargoBagC
[LOG 23:21:38.658] Config(PROP) Squad/Props/PropsGeneric/Hatch_Plane/Hatch_Plane
[LOG 23:21:38.658] Config(PROP) Squad/Props/PropsGeneric/Hatch_Plane_Curve90/Hatch_Plane_Curve90
[LOG 23:21:38.658] Config(PROP) Squad/Props/PropsGeneric/Hatch_Plane_Frame/Hatch_Plane_Frame
[LOG 23:21:38.658] Config(PROP) Squad/Props/PropsGeneric/Seat_Passenger/Seat_Passenger
[LOG 23:21:38.658] Config(PROP) Squad/Props/PropsGeneric/Seat_Pilot/Seat_Pilot
[LOG 23:21:38.659] Config(PROP) Squad/Props/PropsGeneric/Seat_Pilot_Helmet/Seat_Pilot_Helmet
[LOG 23:21:38.659] Config(PROP) Squad/Props/PropsGeneric/SideStick/SideStick
[LOG 23:21:38.659] Config(PROP) Squad/Props/pullSwitch/prop/pullSwitch
[LOG 23:21:38.659] Config(PROP) Squad/Props/radarAltitude/prop/RadarAltimeter
[LOG 23:21:38.659] Config(PROP) Squad/Props/squareButton/prop/squareButton
[LOG 23:21:38.659] Config(PROP) Squad/Props/standingSwitch/prop/standingSwitch
[LOG 23:21:38.659] Config(PROP) Squad/Props/switch/prop/switch
[LOG 23:21:38.659] Config(PROP) Squad/Props/switchGuard/prop/switchGuard
[LOG 23:21:38.659] Config(PROP) Squad/Props/switchWithGuards/prop/switchWithGuards
[LOG 23:21:38.659] Config(PROP) Squad/Props/throttle/prop/throttle
[LOG 23:21:38.659] Config(PROP) Squad/Props/VSI/prop/VSI
[LOG 23:21:38.659] Config(SPACEOBJECTS_LIMITS) Squad/Resources/CometDefs/SPACEOBJECTS_LIMITS
[LOG 23:21:38.659] Config(COMET_MANAGER) Squad/Resources/CometDefs/COMET_MANAGER
[LOG 23:21:38.659] Config(COMET_ORBIT_TYPE) Squad/Resources/CometDefs/short
[LOG 23:21:38.659] Config(COMET_ORBIT_TYPE) Squad/Resources/CometDefs/intermediate
[LOG 23:21:38.659] Config(COMET_ORBIT_TYPE) Squad/Resources/CometDefs/long
[LOG 23:21:38.659] Config(COMET_ORBIT_TYPE) Squad/Resources/CometDefs/interstellar
[LOG 23:21:38.659] Config(FIREWORKFX_DEFINITION) Squad/Resources/FireworkFXDefinitions/classicTrail
[LOG 23:21:38.659] Config(FIREWORKFX_DEFINITION) Squad/Resources/FireworkFXDefinitions/whirlyTrail
[LOG 23:21:38.659] Config(FIREWORKFX_DEFINITION) Squad/Resources/FireworkFXDefinitions/strobeTrail
[LOG 23:21:38.659] Config(FIREWORKFX_DEFINITION) Squad/Resources/FireworkFXDefinitions/bareTrail
[LOG 23:21:38.659] Config(FIREWORKFX_DEFINITION) Squad/Resources/FireworkFXDefinitions/classicBurst
[LOG 23:21:38.659] Config(FIREWORKFX_DEFINITION) Squad/Resources/FireworkFXDefinitions/chrysBurst
[LOG 23:21:38.659] Config(FIREWORKFX_DEFINITION) Squad/Resources/FireworkFXDefinitions/palmBurst
[LOG 23:21:38.659] Config(FIREWORKFX_DEFINITION) Squad/Resources/FireworkFXDefinitions/ringBurst
[LOG 23:21:38.659] Config(FIREWORKFX_DEFINITION) Squad/Resources/FireworkFXDefinitions/crosetteBurst
[LOG 23:21:38.659] Config(FIREWORKFX_DEFINITION) Squad/Resources/FireworkFXDefinitions/willowBurst
[LOG 23:21:38.659] Config(FIREWORKFX_DEFINITION) Squad/Resources/FireworkFXDefinitions/crackeBurst
[LOG 23:21:38.660] Config(FIREWORKFX_DEFINITION) Squad/Resources/FireworkFXDefinitions/palmCrackleBurst
[LOG 23:21:38.660] Config(FIREWORKFX_DEFINITION) Squad/Resources/FireworkFXDefinitions/dragonBurst
[LOG 23:21:38.660] Config(GLOBAL_RESOURCE) Squad/Resources/Ore/GLOBAL_RESOURCE
[LOG 23:21:38.660] Config(PLANETARY_RESOURCE) Squad/Resources/Ore/PLANETARY_RESOURCE
[LOG 23:21:38.660] Config(PLANETARY_RESOURCE) Squad/Resources/Ore/PLANETARY_RESOURCE
[LOG 23:21:38.660] Config(RESOURCE_OVERLAY_CONFIGURATION_SOLID) Squad/Resources/Overlay/RESOURCE_OVERLAY_CONFIGURATION_SOLID
[LOG 23:21:38.660] Config(RESOURCE_OVERLAY_CONFIGURATION_LINES) Squad/Resources/Overlay/RESOURCE_OVERLAY_CONFIGURATION_LINES
[LOG 23:21:38.660] Config(RESOURCE_OVERLAY_CONFIGURATION_DOTS) Squad/Resources/Overlay/RESOURCE_OVERLAY_CONFIGURATION_DOTS
[LOG 23:21:38.660] Config(RESOURCE_CONFIGURATION) Squad/Resources/ResourceDefaults/RESOURCE_CONFIGURATION
[LOG 23:21:38.660] Config(RESOURCE_DEFINITION) Squad/Resources/ResourcesGeneric/LiquidFuel
[LOG 23:21:38.660] Config(RESOURCE_DEFINITION) Squad/Resources/ResourcesGeneric/Oxidizer
[LOG 23:21:38.660] Config(RESOURCE_DEFINITION) Squad/Resources/ResourcesGeneric/SolidFuel
[LOG 23:21:38.660] Config(RESOURCE_DEFINITION) Squad/Resources/ResourcesGeneric/MonoPropellant
[LOG 23:21:38.660] Config(RESOURCE_DEFINITION) Squad/Resources/ResourcesGeneric/XenonGas
[LOG 23:21:38.660] Config(RESOURCE_DEFINITION) Squad/Resources/ResourcesGeneric/ElectricCharge
[LOG 23:21:38.660] Config(RESOURCE_DEFINITION) Squad/Resources/ResourcesGeneric/IntakeAir
[LOG 23:21:38.660] Config(RESOURCE_DEFINITION) Squad/Resources/ResourcesGeneric/EVA Propellant
[LOG 23:21:38.660] Config(RESOURCE_DEFINITION) Squad/Resources/ResourcesGeneric/Ore
[LOG 23:21:38.660] Config(RESOURCE_DEFINITION) Squad/Resources/ResourcesGeneric/Ablator
[LOG 23:21:38.660] Config(EXPERIMENT_DEFINITION) Squad/Resources/ScienceDefs/EXPERIMENT_DEFINITION
[LOG 23:21:38.660] Config(EXPERIMENT_DEFINITION) Squad/Resources/ScienceDefs/EXPERIMENT_DEFINITION
[LOG 23:21:38.660] Config(EXPERIMENT_DEFINITION) Squad/Resources/ScienceDefs/EXPERIMENT_DEFINITION
[LOG 23:21:38.660] Config(EXPERIMENT_DEFINITION) Squad/Resources/ScienceDefs/EXPERIMENT_DEFINITION
[LOG 23:21:38.660] Config(EXPERIMENT_DEFINITION) Squad/Resources/ScienceDefs/EXPERIMENT_DEFINITION
[LOG 23:21:38.660] Config(EXPERIMENT_DEFINITION) Squad/Resources/ScienceDefs/EXPERIMENT_DEFINITION
[LOG 23:21:38.660] Config(EXPERIMENT_DEFINITION) Squad/Resources/ScienceDefs/EXPERIMENT_DEFINITION
[LOG 23:21:38.661] Config(EXPERIMENT_DEFINITION) Squad/Resources/ScienceDefs/EXPERIMENT_DEFINITION
[LOG 23:21:38.661] Config(EXPERIMENT_DEFINITION) Squad/Resources/ScienceDefs/EXPERIMENT_DEFINITION
[LOG 23:21:38.661] Config(EXPERIMENT_DEFINITION) Squad/Resources/ScienceDefs/EXPERIMENT_DEFINITION
[LOG 23:21:38.661] Config(EXPERIMENT_DEFINITION) Squad/Resources/ScienceDefs/EXPERIMENT_DEFINITION
[LOG 23:21:38.661] Config(EXPERIMENT_DEFINITION) Squad/Resources/ScienceDefs/EXPERIMENT_DEFINITION
[LOG 23:21:38.661] Config(EXPERIMENT_DEFINITION) Squad/Resources/ScienceDefs/EXPERIMENT_DEFINITION
[LOG 23:21:38.661] Config(EXPERIMENT_DEFINITION) Squad/Resources/ScienceDefs/EXPERIMENT_DEFINITION
[LOG 23:21:38.661] Config(EXPERIMENT_DEFINITION) Squad/Resources/ScienceDefs/EXPERIMENT_DEFINITION
[LOG 23:21:38.661] Config(EXPERIMENT_DEFINITION) Squad/Resources/ScienceDefs/EXPERIMENT_DEFINITION
[LOG 23:21:38.661] Config(EXPERIMENT_DEFINITION) Squad/Resources/ScienceDefs/EXPERIMENT_DEFINITION
[LOG 23:21:38.661] Config(EXPERIMENT_DEFINITION) Squad/Resources/ScienceDefs/EXPERIMENT_DEFINITION
[LOG 23:21:38.661] Config(STORY_DEF) Squad/Resources/StoryDefs/STORY_DEF
[LOG 23:21:38.661] Config(TechTree) Squad/Resources/TechTree/TechTree
[LOG 23:21:38.661] Config(INTERNAL) Squad/Spaces/crewCabinInternals/internal/crewCabinInternals
[LOG 23:21:38.661] Config(INTERNAL) Squad/Spaces/cupolaInternal/internal/cupolaInternal
[LOG 23:21:38.661] Config(INTERNAL) Squad/Spaces/GenericSpace1/internal/GenericSpace1
[LOG 23:21:38.661] Config(INTERNAL) Squad/Spaces/GenericSpace3/internal/GenericSpace3
[LOG 23:21:38.661] Config(INTERNAL) Squad/Spaces/landerCabinInternals/internal/landerCabinInternals
[LOG 23:21:38.661] Config(INTERNAL) Squad/Spaces/landerCabinSmallInternal/internal/landerCabinSmallInternal
[LOG 23:21:38.661] Config(INTERNAL) Squad/Spaces/LargeCrewedLabInternals/internal/Mobile_Processing_Lab_Int
[LOG 23:21:38.661] Config(INTERNAL) Squad/Spaces/Mk1-3/internal/Mk1-3
[LOG 23:21:38.661] Config(INTERNAL) Squad/Spaces/mk1CabinInternal/internal/mk1CabinInternal
[LOG 23:21:38.661] Config(INTERNAL) Squad/Spaces/mk1CockpitInternal/internal/mk1CockpitInternal
[LOG 23:21:38.661] Config(INTERNAL) Squad/Spaces/mk1InlineInternal/internal/mk1InlineInternal
[LOG 23:21:38.661] Config(INTERNAL) Squad/Spaces/mk1PodCockpit/internal/mk1PodCockpit
[LOG 23:21:38.662] Config(INTERNAL) Squad/Spaces/mk1pod_IVA/mk1pod_Internal/mk1pod_IVA
[LOG 23:21:38.662] Config(INTERNAL) Squad/Spaces/mk2CockpitStandardInternal/internal/mk2CockpitStandardInternals
[LOG 23:21:38.662] Config(INTERNAL) Squad/Spaces/Mk2CrewCabinInternal/internal_MK2_CrewCab/MK2_CrewCab_Int
[LOG 23:21:38.662] Config(INTERNAL) Squad/Spaces/mk2InlineInternal/internal/mk2InlineInternal
[LOG 23:21:38.662] Config(INTERNAL) Squad/Spaces/mk2LanderCanInternal/internal/mk2LanderCanInternal
[LOG 23:21:38.662] Config(INTERNAL) Squad/Spaces/MK3CockpitInternal/internal_MK3/MK3_Cockpit_Int
[LOG 23:21:38.662] Config(INTERNAL) Squad/Spaces/MK3_CrewCab_Int/internal_MK3_CrewCab/MK3_CrewCab_Int
[LOG 23:21:38.662] Config(INTERNAL) Squad/Spaces/Placeholder/internal/Placeholder
[LOG 23:21:38.662] Config(INTERNAL) Squad/Spaces/PodCockpit/internal/PodCockpit
[LOG 23:21:38.662] Config(STRATEGY_DEPARTMENT) Squad/Strategies/Departments/Finances
[LOG 23:21:38.662] Config(STRATEGY_DEPARTMENT) Squad/Strategies/Departments/Science
[LOG 23:21:38.662] Config(STRATEGY_DEPARTMENT) Squad/Strategies/Departments/Public Relations
[LOG 23:21:38.662] Config(STRATEGY_DEPARTMENT) Squad/Strategies/Departments/Operations
[LOG 23:21:38.662] Config(STRATEGY) Squad/Strategies/Strategies/AppreciationCampaignCfg
[LOG 23:21:38.662] Config(STRATEGY) Squad/Strategies/Strategies/FundraisingCampaignCfg
[LOG 23:21:38.662] Config(STRATEGY) Squad/Strategies/Strategies/OpenSourceTechProgramCfg
[LOG 23:21:38.662] Config(STRATEGY) Squad/Strategies/Strategies/UnpaidResearchProgramCfg
[LOG 23:21:38.662] Config(STRATEGY) Squad/Strategies/Strategies/OutsourcedResearchCfg
[LOG 23:21:38.662] Config(STRATEGY) Squad/Strategies/Strategies/PatentsLicensingCfg
[LOG 23:21:38.662] Config(STRATEGY) Squad/Strategies/Strategies/AgressiveNegotiations
[LOG 23:21:38.662] Config(STRATEGY) Squad/Strategies/Strategies/RecoveryTransponders
[LOG 23:21:38.662] Config(STRATEGY) Squad/Strategies/Strategies/BailoutGrant
[LOG 23:21:38.662] Config(STRATEGY) Squad/Strategies/Strategies/researchIPsellout
[LOG 23:21:38.662] Config(STRATEGY) Squad/Strategies/Strategies/LeadershipInitiative
[LOG 23:21:38.662] Config(TUTORIAL) Squad/Tutorials/FlightSuborbital/FlightSuborbital
[LOG 23:21:38.663] Config(TUTORIAL) Squad/Tutorials/FromMun/FromMun
[LOG 23:21:38.663] Config(TUTORIAL) Squad/Tutorials/GoForOrbit/GoForOrbit
[LOG 23:21:38.663] Config(MISSIONPACK) SquadExpansion/MakingHistory/Missions/MissionPacks/squad_MakingHistory
[LOG 23:21:38.663] Config(MISSIONPACK) SquadExpansion/MakingHistory/Missions/MissionPacks/squad_MakingHistory_Other
[LOG 23:21:38.663] Config(MISSIONPACK) SquadExpansion/MakingHistory/Missions/MissionPacks/squad_MakingHistory_Tutorial
[LOG 23:21:38.663] Config(MEBASICNODE) SquadExpansion/MakingHistory/Nodes/AccuracyLogic/TestAccuracyLogic
[LOG 23:21:38.663] Config(MEBASICNODE) SquadExpansion/MakingHistory/Nodes/ActionChancePartResourceLevels/ActionPartResourceAmount
[LOG 23:21:38.663] Config(MEBASICNODE) SquadExpansion/MakingHistory/Nodes/ActionExplode/ActionVesselExplode
[LOG 23:21:38.663] Config(MEBASICNODE) SquadExpansion/MakingHistory/Nodes/ActionMissionScore/MissionScore
[LOG 23:21:38.663] Config(MEBASICNODE) SquadExpansion/MakingHistory/Nodes/ActionModifierFunds/ModifyFunds
[LOG 23:21:38.663] Config(MEBASICNODE) SquadExpansion/MakingHistory/Nodes/ActionModifierScore/MissionScore
[LOG 23:21:38.663] Config(MEBASICNODE) SquadExpansion/MakingHistory/Nodes/ActionPartExplode/ActionPartExplode
[LOG 23:21:38.663] Config(MEBASICNODE) SquadExpansion/MakingHistory/Nodes/ActionPartResourceDrain/ActionPartResourceDrain
[LOG 23:21:38.663] Config(MEBASICNODE) SquadExpansion/MakingHistory/Nodes/ActionVesselActionGroup/ActionVesselActionGroup
[LOG 23:21:38.663] Config(MEBASICNODE) SquadExpansion/MakingHistory/Nodes/ActionVesselStage/ActionVesselStage
[LOG 23:21:38.663] Config(MEBASICNODE) SquadExpansion/MakingHistory/Nodes/CreateAsteroid/CreateAsteroid
[LOG 23:21:38.663] Config(MEBASICNODE) SquadExpansion/MakingHistory/Nodes/CreateComet/CreateComet
[LOG 23:21:38.663] Config(MEBASICNODE) SquadExpansion/MakingHistory/Nodes/CreateFlag/CreateFlag
[LOG 23:21:38.663] Config(MEBASICNODE) SquadExpansion/MakingHistory/Nodes/CreateLaunchSite/CreateLaunchSite
[LOG 23:21:38.663] Config(MEBASICNODE) SquadExpansion/MakingHistory/Nodes/CreateVessel/CreateVessel
[LOG 23:21:38.663] Config(MEBASICNODE) SquadExpansion/MakingHistory/Nodes/CrewAssignment/TestCrewAssignment
[LOG 23:21:38.663] Config(MEBASICNODE) SquadExpansion/MakingHistory/Nodes/Destroyed/Crashed
[LOG 23:21:38.663] Config(MEBASICNODE) SquadExpansion/MakingHistory/Nodes/DialogMessage/DialogMessage
[LOG 23:21:38.663] Config(MEBASICNODE) SquadExpansion/MakingHistory/Nodes/Distance/Distance
[LOG 23:21:38.663] Config(MEBASICNODE) SquadExpansion/MakingHistory/Nodes/EmptyFalse/EmptyFalse
[LOG 23:21:38.663] Config(MEBASICNODE) SquadExpansion/MakingHistory/Nodes/EmptyTrue/EmptyTrue
[LOG 23:21:38.664] Config(MEBASICNODE) SquadExpansion/MakingHistory/Nodes/EscapeSOI/SOILeft
[LOG 23:21:38.664] Config(MEBASICNODE) SquadExpansion/MakingHistory/Nodes/EVA/EVA
[LOG 23:21:38.664] Config(MEBASICNODE) SquadExpansion/MakingHistory/Nodes/Flying/Flying
[LOG 23:21:38.664] Config(MEBASICNODE) SquadExpansion/MakingHistory/Nodes/FundsRecovery/FundsRecovery
[LOG 23:21:38.664] Config(MEBASICNODE) SquadExpansion/MakingHistory/Nodes/KerbalBoarded/TestKerbalBoarded
[LOG 23:21:38.664] Config(MEBASICNODE) SquadExpansion/MakingHistory/Nodes/KerbalKilled/EVA
[LOG 23:21:38.664] Config(MEBASICNODE) SquadExpansion/MakingHistory/Nodes/KerbalRecovery/KerbalRecovery
[LOG 23:21:38.664] Config(MEBASICNODE) SquadExpansion/MakingHistory/Nodes/KerbalRescue/KerbalRescue
[LOG 23:21:38.664] Config(MEBASICNODE) SquadExpansion/MakingHistory/Nodes/Landed/Landed
[LOG 23:21:38.664] Config(MEBASICNODE) SquadExpansion/MakingHistory/Nodes/Message/Message
[LOG 23:21:38.664] Config(MEBASICNODE) SquadExpansion/MakingHistory/Nodes/MissionFunds/MissionFunds
[LOG 23:21:38.664] Config(MEBASICNODE) SquadExpansion/MakingHistory/Nodes/MissionScore/MissionScore
[LOG 23:21:38.664] Config(MEBASICNODE) SquadExpansion/MakingHistory/Nodes/Orbit/Orbit
[LOG 23:21:38.664] Config(MEBASICNODE) SquadExpansion/MakingHistory/Nodes/OrbitParams/OrbitParams
[LOG 23:21:38.664] Config(MEBASICNODE) SquadExpansion/MakingHistory/Nodes/PartDocking/TestPartDocking
[LOG 23:21:38.664] Config(MEBASICNODE) SquadExpansion/MakingHistory/Nodes/PartFailure/PartFailure
[LOG 23:21:38.664] Config(MEBASICNODE) SquadExpansion/MakingHistory/Nodes/PartGrapple/TestGrapple
[LOG 23:21:38.664] Config(MEBASICNODE) SquadExpansion/MakingHistory/Nodes/PartRepair/PartRepair
[LOG 23:21:38.664] Config(MEBASICNODE) SquadExpansion/MakingHistory/Nodes/PlaceKerbal/CreateKerbal
[LOG 23:21:38.664] Config(MEBASICNODE) SquadExpansion/MakingHistory/Nodes/PlantFlag/PlantFlag
[LOG 23:21:38.664] Config(MEBASICNODE) SquadExpansion/MakingHistory/Nodes/ReachSOI/ReachSOI
[LOG 23:21:38.664] Config(MEBASICNODE) SquadExpansion/MakingHistory/Nodes/Resource/ResourceAmount
[LOG 23:21:38.664] Config(MEBASICNODE) SquadExpansion/MakingHistory/Nodes/ResourceRecovery/TestResourcesRecovery
[LOG 23:21:38.664] Config(MEBASICNODE) SquadExpansion/MakingHistory/Nodes/ScienceExperiment/ScienceExperiment
[LOG 23:21:38.664] Config(MEBASICNODE) SquadExpansion/MakingHistory/Nodes/SetCamera/SetCamera
[LOG 23:21:38.664] Config(MEBASICNODE) SquadExpansion/MakingHistory/Nodes/SplashDown/SplashDown
[LOG 23:21:38.664] Config(MEBASICNODE) SquadExpansion/MakingHistory/Nodes/StageActivated/TestVesselStageActivated
[LOG 23:21:38.665] Config(MEBASICNODE) SquadExpansion/MakingHistory/Nodes/TakeKerbal/TestTakeKerbal
[LOG 23:21:38.665] Config(MEBASICNODE) SquadExpansion/MakingHistory/Nodes/TestFlyThrough/TestFlyThrough
[LOG 23:21:38.665] Config(MEBASICNODE) SquadExpansion/MakingHistory/Nodes/TestGoTo/TestGoTo
[LOG 23:21:38.665] Config(MEBASICNODE) SquadExpansion/MakingHistory/Nodes/TimeMET/TimeMET
[LOG 23:21:38.665] Config(MEBASICNODE) SquadExpansion/MakingHistory/Nodes/TimeOfMission/TimeOfMission
[LOG 23:21:38.665] Config(MEBASICNODE) SquadExpansion/MakingHistory/Nodes/TimeSinceNode/TestTimeSinceNode
[LOG 23:21:38.665] Config(MEBASICNODE) SquadExpansion/MakingHistory/Nodes/VesselActiveCount/TestVesselActiveCount
[LOG 23:21:38.665] Config(MEBASICNODE) SquadExpansion/MakingHistory/Nodes/VesselAltitudeGoal/VesselAltitudeGoal
[LOG 23:21:38.665] Config(MEBASICNODE) SquadExpansion/MakingHistory/Nodes/VesselCrewCount/VeselCrewCount
[LOG 23:21:38.665] Config(MEBASICNODE) SquadExpansion/MakingHistory/Nodes/VesselMassLogic/VesselMass
[LOG 23:21:38.665] Config(MEBASICNODE) SquadExpansion/MakingHistory/Nodes/VesselPartCount/PartCount
[LOG 23:21:38.665] Config(MEBASICNODE) SquadExpansion/MakingHistory/Nodes/VesselRecovery/TestVesselRecovery
[LOG 23:21:38.665] Config(MEBASICNODE) SquadExpansion/MakingHistory/Nodes/VesselStage/TestVesselStage
[LOG 23:21:38.665] Config(MEBASICNODE) SquadExpansion/MakingHistory/Nodes/VesselVelocity/VesselVelocity
[LOG 23:21:38.665] Config(PART) SquadExpansion/MakingHistory/Parts/Aero/protectiveRocketNoseMk16/rocketNoseCone_size4/rocketNoseConeSize4
[LOG 23:21:38.665] Config(PART) SquadExpansion/MakingHistory/Parts/Aero/protectiveRocketNoseMk5A/Size_1_5_Cone/Size_1_5_Cone
[LOG 23:21:38.665] Config(PART) SquadExpansion/MakingHistory/Parts/Coupling/Decoupler_1p5/Decoupler_1p5
[LOG 23:21:38.665] Config(PART) SquadExpansion/MakingHistory/Parts/Coupling/Decoupler_4/Decoupler_4
[LOG 23:21:38.665] Config(PART) SquadExpansion/MakingHistory/Parts/Coupling/EnginePlate_1p5/EnginePlate1p5
[LOG 23:21:38.665] Config(PART) SquadExpansion/MakingHistory/Parts/Coupling/EnginePlate_2/EnginePlate2
[LOG 23:21:38.665] Config(PART) SquadExpansion/MakingHistory/Parts/Coupling/EnginePlate_3/EnginePlate3
[LOG 23:21:38.665] Config(PART) SquadExpansion/MakingHistory/Parts/Coupling/EnginePlate_4/EnginePlate4
[LOG 23:21:38.665] Config(PART) SquadExpansion/MakingHistory/Parts/Coupling/EnginePlate_5/EnginePlate5
[LOG 23:21:38.665] Config(PART) SquadExpansion/MakingHistory/Parts/Coupling/InflatableAirlock/InflatableAirlock
[LOG 23:21:38.666] Config(PART) SquadExpansion/MakingHistory/Parts/Coupling/Separator_1p5/Separator_1p5
[LOG 23:21:38.666] Config(PART) SquadExpansion/MakingHistory/Parts/Coupling/Separator_4/Separator_4
[LOG 23:21:38.666] Config(PART) SquadExpansion/MakingHistory/Parts/Coupling/Size1p5_Strut_Decoupler/Size1p5_Strut_Decoupler
[LOG 23:21:38.666] Config(PART) SquadExpansion/MakingHistory/Parts/Engine/LiquidEngineKE-1/LiquidEngineKE-1
[LOG 23:21:38.666] Config(PART) SquadExpansion/MakingHistory/Parts/Engine/LiquidEngineLV-T91/LiquidEngineLV-T91
[LOG 23:21:38.666] Config(PART) SquadExpansion/MakingHistory/Parts/Engine/LiquidEngineLV-TX87/LiquidEngineLV-TX87
[LOG 23:21:38.666] Config(PART) SquadExpansion/MakingHistory/Parts/Engine/LiquidEngineRE-I2/LiquidEngineRE-I2
[LOG 23:21:38.666] Config(PART) SquadExpansion/MakingHistory/Parts/Engine/LiquidEngineRE-J10/LiquidEngineRE-J10
[LOG 23:21:38.666] Config(PART) SquadExpansion/MakingHistory/Parts/Engine/LiquidEngineRK-7/LiquidEngineRK-7
[LOG 23:21:38.666] Config(PART) SquadExpansion/MakingHistory/Parts/Engine/LiquidEngineRV-1/LiquidEngineRV-1
[LOG 23:21:38.666] Config(PART) SquadExpansion/MakingHistory/Parts/Engine/solidBoosterTHK/solidBoosterTHK/Pollux
[LOG 23:21:38.666] Config(PART) SquadExpansion/MakingHistory/Parts/FuelTank/MonoPropMini/monopropMiniSphere
[LOG 23:21:38.666] Config(PART) SquadExpansion/MakingHistory/Parts/FuelTank/Size1p5_Monoprop/Size1p5_Monoprop
[LOG 23:21:38.666] Config(PART) SquadExpansion/MakingHistory/Parts/FuelTank/Size1p5_Size0_Adapter_01/Size1p5_Size0_Adapter_01
[LOG 23:21:38.666] Config(PART) SquadExpansion/MakingHistory/Parts/FuelTank/Size1p5_Size1_Adapter_01/Size1p5_Size1_Adapter_01
[LOG 23:21:38.666] Config(PART) SquadExpansion/MakingHistory/Parts/FuelTank/Size1p5_Size1_Adapter_02/Size1p5_Size1_Adapter_02
[LOG 23:21:38.667] Config(PART) SquadExpansion/MakingHistory/Parts/FuelTank/Size1p5_Size2_Adapter_01/Size1p5_Size2_Adapter_01
[LOG 23:21:38.667] Config(PART) SquadExpansion/MakingHistory/Parts/FuelTank/Size1p5_Tank_01/Size1p5_Tank_01
[LOG 23:21:38.667] Config(PART) SquadExpansion/MakingHistory/Parts/FuelTank/Size1p5_Tank_02/Size1p5_Tank_02
[LOG 23:21:38.667] Config(PART) SquadExpansion/MakingHistory/Parts/FuelTank/Size1p5_Tank_03/Size1p5_Tank_03
[LOG 23:21:38.667] Config(PART) SquadExpansion/MakingHistory/Parts/FuelTank/Size1p5_Tank_04/Size1p5_Tank_04
[LOG 23:21:38.667] Config(PART) SquadExpansion/MakingHistory/Parts/FuelTank/Size1p5_Tank_05/Size1p5_Tank_05
[LOG 23:21:38.667] Config(PART) SquadExpansion/MakingHistory/Parts/FuelTank/Size3_Size4_Adapter_01/Size3_Size4_Adapter_01
[LOG 23:21:38.667] Config(PART) SquadExpansion/MakingHistory/Parts/FuelTank/Size4_EngineAdapter_01/Size4_EngineAdapter_01
[LOG 23:21:38.667] Config(PART) SquadExpansion/MakingHistory/Parts/FuelTank/Size4_Tank_01/Size4_Tank_01
[LOG 23:21:38.667] Config(PART) SquadExpansion/MakingHistory/Parts/FuelTank/Size4_Tank_02/Size4_Tank_02
[LOG 23:21:38.667] Config(PART) SquadExpansion/MakingHistory/Parts/FuelTank/Size4_Tank_03/Size4_Tank_03
[LOG 23:21:38.667] Config(PART) SquadExpansion/MakingHistory/Parts/FuelTank/Size4_Tank_04/Size4_Tank_04
[LOG 23:21:38.667] Config(PART) SquadExpansion/MakingHistory/Parts/Ground/RoverWheel/roverWheelM1-F
[LOG 23:21:38.667] Config(PART) SquadExpansion/MakingHistory/Parts/Payload/fairingSize1p5/fairingSize1p5
[LOG 23:21:38.667] Config(PART) SquadExpansion/MakingHistory/Parts/Payload/fairingSize4/fairingSize4
[LOG 23:21:38.667] Config(PART) SquadExpansion/MakingHistory/Parts/Payload/Size1to0ServiceModule/Size1to0ServiceModule
[LOG 23:21:38.667] Config(PART) SquadExpansion/MakingHistory/Parts/Payload/SM18/ServiceModule18
[LOG 23:21:38.667] Config(PART) SquadExpansion/MakingHistory/Parts/Payload/SM25/ServiceModule25
[LOG 23:21:38.667] Config(PART) SquadExpansion/MakingHistory/Parts/Pods/KV1Pod/kv1Pod
[LOG 23:21:38.667] Config(PART) SquadExpansion/MakingHistory/Parts/Pods/KV2Pod/kv2Pod
[LOG 23:21:38.667] Config(PART) SquadExpansion/MakingHistory/Parts/Pods/KV3Pod/kv3Pod
[LOG 23:21:38.667] Config(PART) SquadExpansion/MakingHistory/Parts/Pods/Mk2Pod/Mk2Pod
[LOG 23:21:38.667] Config(PART) SquadExpansion/MakingHistory/Parts/Pods/Size1_5_Lander/MEMLander
[LOG 23:21:38.668] Config(PART) SquadExpansion/MakingHistory/Parts/Prebuilt/kerbalEVAfemaleVintage/kerbalEVAfemaleVintage
[LOG 23:21:38.668] Config(PART) SquadExpansion/MakingHistory/Parts/Prebuilt/kerbalEVAVintage/kerbalEVAVintage
[LOG 23:21:38.668] Config(PART) SquadExpansion/MakingHistory/Parts/Structural/EquiTriangle0/EquiTriangle0
[LOG 23:21:38.668] Config(PART) SquadExpansion/MakingHistory/Parts/Structural/EquiTriangle1/EquiTriangle1
[LOG 23:21:38.668] Config(PART) SquadExpansion/MakingHistory/Parts/Structural/EquiTriangle1p5/EquiTriangle1p5
[LOG 23:21:38.668] Config(PART) SquadExpansion/MakingHistory/Parts/Structural/EquiTriangle2/EquiTriangle2
[LOG 23:21:38.668] Config(PART) SquadExpansion/MakingHistory/Parts/Structural/Panel0/Panel0
[LOG 23:21:38.668] Config(PART) SquadExpansion/MakingHistory/Parts/Structural/Panel1/Panel1
[LOG 23:21:38.668] Config(PART) SquadExpansion/MakingHistory/Parts/Structural/Panel1p5/Panel1p5
[LOG 23:21:38.668] Config(PART) SquadExpansion/MakingHistory/Parts/Structural/Panel2/Panel2
[LOG 23:21:38.668] Config(PART) SquadExpansion/MakingHistory/Parts/Structural/Triangle0/Triangle0
[LOG 23:21:38.668] Config(PART) SquadExpansion/MakingHistory/Parts/Structural/Triangle1/Triangle1
[LOG 23:21:38.668] Config(PART) SquadExpansion/MakingHistory/Parts/Structural/Triangle1p5/Triangle1p5
[LOG 23:21:38.668] Config(PART) SquadExpansion/MakingHistory/Parts/Structural/Triangle2/Triangle2
[LOG 23:21:38.668] Config(PART) SquadExpansion/MakingHistory/Parts/Structural/Tube1/Tube1
[LOG 23:21:38.668] Config(PART) SquadExpansion/MakingHistory/Parts/Structural/Tube1p5/Tube1p5
[LOG 23:21:38.668] Config(PART) SquadExpansion/MakingHistory/Parts/Structural/Tube2/Tube2
[LOG 23:21:38.668] Config(PART) SquadExpansion/MakingHistory/Parts/Structural/Tube3/Tube3
[LOG 23:21:38.668] Config(PART) SquadExpansion/MakingHistory/Parts/Structural/Tube4/Tube4
[LOG 23:21:38.668] Config(PART) SquadExpansion/MakingHistory/Parts/Thermal/HeatShield1p5/HeatShield1p5
[LOG 23:21:38.668] Config(PART) SquadExpansion/MakingHistory/Parts/Utility/flags/flagSize1p5/flagSize1p5/flagPartSize1p5
[LOG 23:21:38.668] Config(PART) SquadExpansion/MakingHistory/Parts/Utility/flags/flagSize4/flagSize4/flagPartSize4
[LOG 23:21:38.668] Config(INTERNAL) SquadExpansion/MakingHistory/Spaces/KVPods/Airlock_Internal/Airlock_IVA
[LOG 23:21:38.668] Config(INTERNAL) SquadExpansion/MakingHistory/Spaces/KVPods/KV1_Internal/KV1_IVA
[LOG 23:21:38.669] Config(INTERNAL) SquadExpansion/MakingHistory/Spaces/KVPods/KV2_Internal/KV2_IVA
[LOG 23:21:38.669] Config(INTERNAL) SquadExpansion/MakingHistory/Spaces/KVPods/KV3_Internal/KV3_IVA
[LOG 23:21:38.669] Config(INTERNAL) SquadExpansion/MakingHistory/Spaces/MEM/MEM_IVA/MEM_IVA
[LOG 23:21:38.669] Config(INTERNAL) SquadExpansion/MakingHistory/Spaces/Mk2Pod/Mk2Pod_Internal/MK2POD_IVA
[LOG 23:21:38.669] Config(Contracts) SquadExpansion/Serenity/Contracts/contracts/Contracts
[LOG 23:21:38.669] Config(EXPERIENCE_TRAIT) SquadExpansion/Serenity/Experience/Traits/Engineer
[LOG 23:21:38.669] Config(EXPERIENCE_TRAIT) SquadExpansion/Serenity/Experience/Traits/Scientist
[LOG 23:21:38.669] Config(Localization) SquadExpansion/Serenity/Localization/dictionary/Localization
[LOG 23:21:38.669] Config(PART) SquadExpansion/Serenity/Parts/Aero/FanShroud_01/FanShroud_01
[LOG 23:21:38.669] Config(PART) SquadExpansion/Serenity/Parts/Aero/FanShroud_02/FanShroud_02
[LOG 23:21:38.669] Config(PART) SquadExpansion/Serenity/Parts/Aero/FanShroud_03/FanShroud_03
[LOG 23:21:38.669] Config(PART) SquadExpansion/Serenity/Parts/Aero/noseconeTiny/noseconeTiny
[LOG 23:21:38.669] Config(PART) SquadExpansion/Serenity/Parts/Aero/noseconeVS/noseconeVS
[LOG 23:21:38.669] Config(PART) SquadExpansion/Serenity/Parts/DeployedScience/centralStation/DeployedCentralStation
[LOG 23:21:38.669] Config(PART) SquadExpansion/Serenity/Parts/DeployedScience/gooObservation/DeployedGoExOb
[LOG 23:21:38.669] Config(PART) SquadExpansion/Serenity/Parts/DeployedScience/ionCollector/DeployedIONExp
[LOG 23:21:38.669] Config(PART) SquadExpansion/Serenity/Parts/DeployedScience/rtg/DeployedRTG
[LOG 23:21:38.669] Config(PART) SquadExpansion/Serenity/Parts/DeployedScience/satDish/DeployedSatDish
[LOG 23:21:38.669] Config(PART) SquadExpansion/Serenity/Parts/DeployedScience/seismicSensor/DeployedSeismicSensor
[LOG 23:21:38.669] Config(PART) SquadExpansion/Serenity/Parts/DeployedScience/solarPanel/DeployedSolarPanel
[LOG 23:21:38.669] Config(PART) SquadExpansion/Serenity/Parts/DeployedScience/weatherStation/DeployedWeatherStn
[LOG 23:21:38.669] Config(PART) SquadExpansion/Serenity/Parts/Prebuilt/kerbalEVA/kerbalEVA
[LOG 23:21:38.669] Config(PART) SquadExpansion/Serenity/Parts/Prebuilt/kerbalEVAfemale/kerbalEVAfemale
[LOG 23:21:38.669] Config(PART) SquadExpansion/Serenity/Parts/Prebuilt/kerbalEVAfemaleFuture/kerbalEVAfemaleFuture
[LOG 23:21:38.670] Config(PART) SquadExpansion/Serenity/Parts/Prebuilt/kerbalEVAfemaleVintage/kerbalEVAfemaleVintage
[LOG 23:21:38.670] Config(PART) SquadExpansion/Serenity/Parts/Prebuilt/kerbalEVAFuture/kerbalEVAFuture
[LOG 23:21:38.670] Config(PART) SquadExpansion/Serenity/Parts/Prebuilt/kerbalEVASlimSuit/kerbalEVASlimSuit
[LOG 23:21:38.670] Config(PART) SquadExpansion/Serenity/Parts/Prebuilt/kerbalEVASlimSuitFemale/kerbalEVASlimSuitFemale
[LOG 23:21:38.670] Config(PART) SquadExpansion/Serenity/Parts/Prebuilt/kerbalEVAVintage/kerbalEVAVintage
[LOG 23:21:38.670] Config(PART) SquadExpansion/Serenity/Parts/Propellers/largeFanBlade/largeFanBlade
[LOG 23:21:38.670] Config(PART) SquadExpansion/Serenity/Parts/Propellers/largeHeliBlade/largeHeliBlade
[LOG 23:21:38.670] Config(PART) SquadExpansion/Serenity/Parts/Propellers/largePropeller/largePropeller
[LOG 23:21:38.670] Config(PART) SquadExpansion/Serenity/Parts/Propellers/mediumFanBlade/mediumFanBlade
[LOG 23:21:38.670] Config(PART) SquadExpansion/Serenity/Parts/Propellers/mediumHeliBlade/mediumHeliBlade
[LOG 23:21:38.670] Config(PART) SquadExpansion/Serenity/Parts/Propellers/mediumPropeller/mediumPropeller
[LOG 23:21:38.670] Config(PART) SquadExpansion/Serenity/Parts/Propellers/smallFanBlade/smallFanBlade
[LOG 23:21:38.670] Config(PART) SquadExpansion/Serenity/Parts/Propellers/smallHeliBlade/smallHeliBlade
[LOG 23:21:38.670] Config(PART) SquadExpansion/Serenity/Parts/Propellers/smallPropeller/smallPropeller
[LOG 23:21:38.670] Config(PART) SquadExpansion/Serenity/Parts/Robotics/hinge_01/hinge_01
[LOG 23:21:38.670] Config(PART) SquadExpansion/Serenity/Parts/Robotics/hinge_01_s/hinge_01_s
[LOG 23:21:38.670] Config(PART) SquadExpansion/Serenity/Parts/Robotics/hinge_03/hinge_03
[LOG 23:21:38.670] Config(PART) SquadExpansion/Serenity/Parts/Robotics/hinge_03_s/hinge_03_s
[LOG 23:21:38.670] Config(PART) SquadExpansion/Serenity/Parts/Robotics/hinge_04/hinge_04
[LOG 23:21:38.670] Config(PART) SquadExpansion/Serenity/Parts/Robotics/piston_01/piston_01
[LOG 23:21:38.670] Config(PART) SquadExpansion/Serenity/Parts/Robotics/piston_02/piston_02
[LOG 23:21:38.670] Config(PART) SquadExpansion/Serenity/Parts/Robotics/piston_03/piston_03
[LOG 23:21:38.670] Config(PART) SquadExpansion/Serenity/Parts/Robotics/piston_04/piston_04
[LOG 23:21:38.670] Config(PART) SquadExpansion/Serenity/Parts/Robotics/RotorEngine_02/RotorEngine_02
[LOG 23:21:38.670] Config(PART) SquadExpansion/Serenity/Parts/Robotics/RotorEngine_03/RotorEngine_03
[LOG 23:21:38.671] Config(PART) SquadExpansion/Serenity/Parts/Robotics/rotor_01/rotor_01
[LOG 23:21:38.671] Config(PART) SquadExpansion/Serenity/Parts/Robotics/rotor_01s/rotor_01s
[LOG 23:21:38.671] Config(PART) SquadExpansion/Serenity/Parts/Robotics/rotor_02/rotor_02
[LOG 23:21:38.671] Config(PART) SquadExpansion/Serenity/Parts/Robotics/rotor_02s/rotor_02s
[LOG 23:21:38.671] Config(PART) SquadExpansion/Serenity/Parts/Robotics/rotor_03/rotor_03
[LOG 23:21:38.671] Config(PART) SquadExpansion/Serenity/Parts/Robotics/rotor_03s/rotor_03s
[LOG 23:21:38.671] Config(PART) SquadExpansion/Serenity/Parts/Robotics/rotoServo_00/rotoServo_00
[LOG 23:21:38.671] Config(PART) SquadExpansion/Serenity/Parts/Robotics/rotoServo_02/rotoServo_02
[LOG 23:21:38.671] Config(PART) SquadExpansion/Serenity/Parts/Robotics/rotoServo_03/rotoServo_03
[LOG 23:21:38.671] Config(PART) SquadExpansion/Serenity/Parts/Robotics/rotoServo_04/rotoServo_04
[LOG 23:21:38.671] Config(PART) SquadExpansion/Serenity/Parts/Robotics/Controllers/KAL1000/controller1000
[LOG 23:21:38.671] Config(PART) SquadExpansion/Serenity/Parts/Science/RobotArmScanner/RobotArmScanner_S1/RobotArmScanner_S1
[LOG 23:21:38.671] Config(PART) SquadExpansion/Serenity/Parts/Science/RobotArmScanner/RobotArmScanner_S2/RobotArmScanner_S2
[LOG 23:21:38.671] Config(PART) SquadExpansion/Serenity/Parts/Science/RobotArmScanner/RobotArmScanner_S3/RobotArmScanner_S3
[LOG 23:21:38.671] Config(PART) SquadExpansion/Serenity/Parts/Structural/gripPads/lGripPad/lGripPad
[LOG 23:21:38.671] Config(PART) SquadExpansion/Serenity/Parts/Structural/gripPads/lGripStrip/lGripStrip
[LOG 23:21:38.671] Config(PART) SquadExpansion/Serenity/Parts/Structural/gripPads/mGripPad/mGripPad
[LOG 23:21:38.671] Config(PART) SquadExpansion/Serenity/Parts/Structural/gripPads/sGripPad/sGripPad
[LOG 23:21:38.671] Config(PART) SquadExpansion/Serenity/Parts/Structural/gripPads/sGripStrip/sGripStrip
[LOG 23:21:38.671] Config(DEPLOYEDSCIENCE) SquadExpansion/Serenity/Resources/DeployedScience/DEPLOYEDSCIENCE
[LOG 23:21:38.671] Config(PHYSICMATERIAL_DEFINITION) SquadExpansion/Serenity/Resources/PhysicsMaterials/MediumGrip
[LOG 23:21:38.672] Config(PHYSICMATERIAL_DEFINITION) SquadExpansion/Serenity/Resources/PhysicsMaterials/HighGrip
[LOG 23:21:38.672] Config(PHYSICMATERIAL_DEFINITION) SquadExpansion/Serenity/Resources/PhysicsMaterials/ExtremeGrip
[LOG 23:21:38.672] Config(PHYSICMATERIAL_DEFINITION) SquadExpansion/Serenity/Resources/PhysicsMaterials/LowGrip
[LOG 23:21:38.672] Config(PHYSICMATERIAL_DEFINITION) SquadExpansion/Serenity/Resources/PhysicsMaterials/Default
[LOG 23:21:38.672] Config(ROC_DEFINITION) SquadExpansion/Serenity/Resources/rocsdef/ROC_DEFINITION
[LOG 23:21:38.672] Config(ROC_DEFINITION) SquadExpansion/Serenity/Resources/rocsdef/ROC_DEFINITION
[LOG 23:21:38.672] Config(ROC_DEFINITION) SquadExpansion/Serenity/Resources/rocsdef/ROC_DEFINITION
[LOG 23:21:38.672] Config(ROC_DEFINITION) SquadExpansion/Serenity/Resources/rocsdef/ROC_DEFINITION
[LOG 23:21:38.672] Config(ROC_DEFINITION) SquadExpansion/Serenity/Resources/rocsdef/ROC_DEFINITION
[LOG 23:21:38.672] Config(ROC_DEFINITION) SquadExpansion/Serenity/Resources/rocsdef/ROC_DEFINITION
[LOG 23:21:38.672] Config(ROC_DEFINITION) SquadExpansion/Serenity/Resources/rocsdef/ROC_DEFINITION
[LOG 23:21:38.672] Config(ROC_DEFINITION) SquadExpansion/Serenity/Resources/rocsdef/ROC_DEFINITION
[LOG 23:21:38.672] Config(ROC_DEFINITION) SquadExpansion/Serenity/Resources/rocsdef/ROC_DEFINITION
[LOG 23:21:38.672] Config(ROC_DEFINITION) SquadExpansion/Serenity/Resources/rocsdef/ROC_DEFINITION
[LOG 23:21:38.672] Config(ROC_DEFINITION) SquadExpansion/Serenity/Resources/rocsdef/ROC_DEFINITION
[LOG 23:21:38.672] Config(ROC_DEFINITION) SquadExpansion/Serenity/Resources/rocsdef/ROC_DEFINITION
[LOG 23:21:38.672] Config(ROC_DEFINITION) SquadExpansion/Serenity/Resources/rocsdef/ROC_DEFINITION
[LOG 23:21:38.672] Config(ROC_DEFINITION) SquadExpansion/Serenity/Resources/rocsdef/ROC_DEFINITION
[LOG 23:21:38.672] Config(ROC_DEFINITION) SquadExpansion/Serenity/Resources/rocsdef/ROC_DEFINITION
[LOG 23:21:38.672] Config(ROC_DEFINITION) SquadExpansion/Serenity/Resources/rocsdef/ROC_DEFINITION
[LOG 23:21:38.672] Config(ROC_DEFINITION) SquadExpansion/Serenity/Resources/rocsdef/ROC_DEFINITION
[LOG 23:21:38.672] Config(ROC_DEFINITION) SquadExpansion/Serenity/Resources/rocsdef/ROC_DEFINITION
[LOG 23:21:38.672] Config(ROC_DEFINITION) SquadExpansion/Serenity/Resources/rocsdef/ROC_DEFINITION
[LOG 23:21:38.672] Config(ROC_DEFINITION) SquadExpansion/Serenity/Resources/rocsdef/ROC_DEFINITION
[LOG 23:21:38.673] Config(ROC_DEFINITION) SquadExpansion/Serenity/Resources/rocsdef/ROC_DEFINITION
[LOG 23:21:38.673] Config(ROC_DEFINITION) SquadExpansion/Serenity/Resources/rocsdef/ROC_DEFINITION
[LOG 23:21:38.673] Config(ROC_DEFINITION) SquadExpansion/Serenity/Resources/rocsdef/ROC_DEFINITION
[LOG 23:21:38.673] Config(ROC_DEFINITION) SquadExpansion/Serenity/Resources/rocsdef/ROC_DEFINITION
[LOG 23:21:38.673] Config(ROC_DEFINITION) SquadExpansion/Serenity/Resources/rocsdef/ROC_DEFINITION
[LOG 23:21:38.673] Config(ROC_DEFINITION) SquadExpansion/Serenity/Resources/rocsdef/ROC_DEFINITION
[LOG 23:21:38.673] Config(ROC_DEFINITION) SquadExpansion/Serenity/Resources/rocsdef/ROC_DEFINITION
[LOG 23:21:38.673] Config(ROC_DEFINITION) SquadExpansion/Serenity/Resources/rocsdef/ROC_DEFINITION
[LOG 23:21:38.673] Config(ROC_DEFINITION) SquadExpansion/Serenity/Resources/rocsdef/ROC_DEFINITION
[LOG 23:21:38.673] Config(ROC_DEFINITION) SquadExpansion/Serenity/Resources/rocsdef/ROC_DEFINITION
[LOG 23:21:38.673] Config(ROC_DEFINITION) SquadExpansion/Serenity/Resources/rocsdef/ROC_DEFINITION
[LOG 23:21:38.673] Config(ROC_DEFINITION) SquadExpansion/Serenity/Resources/rocsdef/ROC_DEFINITION
[LOG 23:21:38.673] Config(ROC_DEFINITION) SquadExpansion/Serenity/Resources/rocsdef/ROC_DEFINITION
[LOG 23:21:38.673] Config(ROC_DEFINITION) SquadExpansion/Serenity/Resources/rocsdef/ROC_DEFINITION
[LOG 23:21:38.673] Config(EXPERIMENT_DEFINITION) SquadExpansion/Serenity/Resources/ScienceDefs/EXPERIMENT_DEFINITION
[LOG 23:21:38.673] Config(EXPERIMENT_DEFINITION) SquadExpansion/Serenity/Resources/ScienceDefs/EXPERIMENT_DEFINITION
[LOG 23:21:38.673] Config(EXPERIMENT_DEFINITION) SquadExpansion/Serenity/Resources/ScienceDefs/EXPERIMENT_DEFINITION
[LOG 23:21:38.673] Config(EXPERIMENT_DEFINITION) SquadExpansion/Serenity/Resources/ScienceDefs/EXPERIMENT_DEFINITION
[LOG 23:21:38.673] Config(EXPERIMENT_DEFINITION) SquadExpansion/Serenity/Resources/ScienceDefs/EXPERIMENT_DEFINITION
[LOG 23:21:38.673] Config(EXPERIMENT_DEFINITION) SquadExpansion/Serenity/Resources/ScienceDefs/EXPERIMENT_DEFINITION
[LOG 23:21:38.673] Config(EXPERIMENT_DEFINITION) SquadExpansion/Serenity/Resources/ScienceDefs/EXPERIMENT_DEFINITION
[LOG 23:21:38.673] Config(EXPERIMENT_DEFINITION) SquadExpansion/Serenity/Resources/ScienceDefs/EXPERIMENT_DEFINITION
[LOG 23:21:38.673] Config(EXPERIMENT_DEFINITION) SquadExpansion/Serenity/Resources/ScienceDefs/EXPERIMENT_DEFINITION
[LOG 23:21:38.673] Config(EXPERIMENT_DEFINITION) SquadExpansion/Serenity/Resources/ScienceDefs/EXPERIMENT_DEFINITION
[LOG 23:21:38.673] Config(EXPERIMENT_DEFINITION) SquadExpansion/Serenity/Resources/ScienceDefs/EXPERIMENT_DEFINITION
[LOG 23:21:38.673] Config(EXPERIMENT_DEFINITION) SquadExpansion/Serenity/Resources/ScienceDefs/EXPERIMENT_DEFINITION
[LOG 23:21:38.673] Config(EXPERIMENT_DEFINITION) SquadExpansion/Serenity/Resources/ScienceDefs/EXPERIMENT_DEFINITION
[LOG 23:21:38.674] Config(EXPERIMENT_DEFINITION) SquadExpansion/Serenity/Resources/ScienceDefs/EXPERIMENT_DEFINITION
[LOG 23:21:38.674] Config(EXPERIMENT_DEFINITION) SquadExpansion/Serenity/Resources/ScienceDefs/EXPERIMENT_DEFINITION
[LOG 23:21:38.674] Config(EXPERIMENT_DEFINITION) SquadExpansion/Serenity/Resources/ScienceDefs/EXPERIMENT_DEFINITION
[LOG 23:21:38.674] Config(EXPERIMENT_DEFINITION) SquadExpansion/Serenity/Resources/ScienceDefs/EXPERIMENT_DEFINITION
[LOG 23:21:38.674] Config(EXPERIMENT_DEFINITION) SquadExpansion/Serenity/Resources/ScienceDefs/EXPERIMENT_DEFINITION
[LOG 23:21:38.674] Config(EXPERIMENT_DEFINITION) SquadExpansion/Serenity/Resources/ScienceDefs/EXPERIMENT_DEFINITION
[LOG 23:21:38.674] Config(EXPERIMENT_DEFINITION) SquadExpansion/Serenity/Resources/ScienceDefs/EXPERIMENT_DEFINITION
[LOG 23:21:38.674] Config(EXPERIMENT_DEFINITION) SquadExpansion/Serenity/Resources/ScienceDefs/EXPERIMENT_DEFINITION
[LOG 23:21:38.674] Config(EXPERIMENT_DEFINITION) SquadExpansion/Serenity/Resources/ScienceDefs/EXPERIMENT_DEFINITION
[LOG 23:21:38.674] Config(EXPERIMENT_DEFINITION) SquadExpansion/Serenity/Resources/ScienceDefs/EXPERIMENT_DEFINITION
[LOG 23:21:38.674] Config(EXPERIMENT_DEFINITION) SquadExpansion/Serenity/Resources/ScienceDefs/EXPERIMENT_DEFINITION
[LOG 23:21:38.674] Config(EXPERIMENT_DEFINITION) SquadExpansion/Serenity/Resources/ScienceDefs/EXPERIMENT_DEFINITION
[LOG 23:21:38.674] Config(EXPERIMENT_DEFINITION) SquadExpansion/Serenity/Resources/ScienceDefs/EXPERIMENT_DEFINITION
[LOG 23:21:38.674] Config(EXPERIMENT_DEFINITION) SquadExpansion/Serenity/Resources/ScienceDefs/EXPERIMENT_DEFINITION
[LOG 23:21:38.674] Config(EXPERIMENT_DEFINITION) SquadExpansion/Serenity/Resources/ScienceDefs/EXPERIMENT_DEFINITION
[LOG 23:21:38.674] Config(EXPERIMENT_DEFINITION) SquadExpansion/Serenity/Resources/ScienceDefs/EXPERIMENT_DEFINITION
[LOG 23:21:38.674] Config(EXPERIMENT_DEFINITION) SquadExpansion/Serenity/Resources/ScienceDefs/EXPERIMENT_DEFINITION
[LOG 23:21:38.674] Config(EXPERIMENT_DEFINITION) SquadExpansion/Serenity/Resources/ScienceDefs/EXPERIMENT_DEFINITION
[LOG 23:21:38.674] Config(EXPERIMENT_DEFINITION) SquadExpansion/Serenity/Resources/ScienceDefs/EXPERIMENT_DEFINITION
[LOG 23:21:38.674] Config(EXPERIMENT_DEFINITION) SquadExpansion/Serenity/Resources/ScienceDefs/EXPERIMENT_DEFINITION
[LOG 23:21:38.674] Config(EXPERIMENT_DEFINITION) SquadExpansion/Serenity/Resources/ScienceDefs/EXPERIMENT_DEFINITION
[LOG 23:21:38.674] Config(EXPERIMENT_DEFINITION) SquadExpansion/Serenity/Resources/ScienceDefs/EXPERIMENT_DEFINITION
[LOG 23:21:38.674] Config(EXPERIMENT_DEFINITION) SquadExpansion/Serenity/Resources/ScienceDefs/EXPERIMENT_DEFINITION
[LOG 23:21:38.674] Config(EXPERIMENT_DEFINITION) SquadExpansion/Serenity/Resources/ScienceDefs/EXPERIMENT_DEFINITION
[LOG 23:21:38.674] Config(EXPERIMENT_DEFINITION) SquadExpansion/Serenity/Resources/ScienceDefs/EXPERIMENT_DEFINITION
[LOG 23:21:38.674] Config(STORY_DEF) SquadExpansion/Serenity/Resources/StoryDefs/STORY_DEF
[LOG 23:21:38.674] Compiling Configs Completed.
[LOG 23:21:38.677] Resource LiquidFuel added to database
[LOG 23:21:38.677] Resource Oxidizer added to database
[LOG 23:21:38.677] Resource SolidFuel added to database
[LOG 23:21:38.678] Resource MonoPropellant added to database
[LOG 23:21:38.678] Resource XenonGas added to database
[LOG 23:21:38.678] Resource ElectricCharge added to database
[LOG 23:21:38.678] Resource IntakeAir added to database
[LOG 23:21:38.678] Resource EVA Propellant added to database
[LOG 23:21:38.678] Resource Ore added to database
[LOG 23:21:38.678] Resource Ablator added to database
[LOG 23:21:38.679] Resource MediumGrip added to database
[LOG 23:21:38.679] Resource HighGrip added to database
[LOG 23:21:38.679] Resource ExtremeGrip added to database
[LOG 23:21:38.679] Resource LowGrip added to database
[LOG 23:21:38.679] Resource Default added to database
[LOG 23:21:38.680] CodeAssetLoader: Compiling all code assets
[LOG 23:21:38.684] ExperienceSystemConfig: Added Effect 'DeployedSciencePowerSkill' to Trait 'Ingénieur'
[LOG 23:21:38.685] ExperienceSystemConfig: Added Effect 'DeployedScienceExpSkill' to Trait 'Scientifique'
[LOG 23:21:38.690] ConfigNode[]
[LOG 23:21:38.690] GameDatabase: Assets loaded in 8.987s
[LOG 23:21:38.691] [ModuleManager] Waited 0.000s for patching to finish
[LOG 23:21:38.691] [ModuleManager] Applying patched game database
[LOG 23:21:38.694] [ModuleManager] Dumping ModuleManager log to main log
[LOG 23:21:38.694] [ModuleManager] 
#### BEGIN MODULEMANAGER LOG ####


[LOG 23:21:31.049] Log started at 2026-10-05 23:21:31.049
[LOG 23:21:33.995] Checking Cache
[LOG 23:21:34.354] SHA generated in 0.356s
[LOG 23:21:34.354]       SHA = 2C-F0-89-2C-A3-88-C0-68-87-D6-37-D9-41-EF-C1-43-27-D3-D5-15-5F-5A-E1-71-5B-33-D3-BD-0F-0A-1E-78
[LOG 23:21:34.377] Cache SHA = 2C-F0-89-2C-A3-88-C0-68-87-D6-37-D9-41-EF-C1-43-27-D3-D5-15-5F-5A-E1-71-5B-33-D3-BD-0F-0A-1E-78
[LOG 23:21:34.377] useCache = True
[LOG 23:21:34.377] Loading from Cache
[LOG 23:21:34.569] Cache Loaded
[LOG 23:21:34.569] Dumping patch log
[LOG 23:21:34.569] 
#### BEGIN PATCH LOG ####


[LOG 23:13:28.640] Log started at 2026-10-05 23:13:28.640
[LOG 23:13:28.640] Pre patch init
[LOG 23:13:28.972] compiling list of loaded mods...
Mod DLLs found:
  Name                                    Assembly Version         Assembly File Version    KSPAssembly Version      SHA256

  Assembly-CSharp                         0.0.0.0                  0.0.0.0                  1.12                     d9e42483f25ee80a9c11d6c1c0a0d29b4ec78c1e08d76c971b71580c9cce51e4
  ModuleManager                           4.2.3.0                  4.2.3.0                  2.5                      95847827ab293b9e82a19b7efb97ffea3e98cc03b181862536ac8eb572e30d7d
  0Harmony                                2.2.1.0                  2.2.1.0                                           19ce60ac3280f72ec1751d36a40cb7e2fece2934df8345969dc7feb83bd633e4
  HarmonyInstallChecker                   2.2.1.0                  2.2.1.0                  1.0                      f11e659e91a52c21c5bda78e52b82a7bdc246bcab6a999733af3c69a11a9dc0e
  0_MultipleModuleInPartAPI               1.0.0.0                  1.0.0.0                  1.0                      df4a22fb0535de7fa154ca234b50dd7c2fc6be879e4a877d9bad1f87bafafcbf
  KSPCommunityFixes                       1.41.0.0                 1.41.1.0                 1.41                     e08ebbec7ab34f4f7ff56d6e900051bb0d259a4bc092881d7db3ca2f9f2e9a11
  KSPDiagTerrainHeight                    1.0.9774.41791           1.0.9774.41791                                    2f11cda7f94b6fd0fbb257a341592fdb210c465557a58b3ab693c86a2d47841d
  KSPMCPServer                            0.0.0.0                  0.0.0.0                                           2ce9d509647c4173b85380de8c78ded4b3fd5db7a3179427ce3c57233dd01b2c
Non-DLL mods added (:FOR[xxx]):
Mods by directory (sub directories of GameData):
  000_Harmony
  Squad
  SquadExpansion
Mods added by assemblies:

[LOG 23:13:28.976] Extracting patches
[LOG 23:13:28.988] Deleting root node in file KSPCommunityFixes/MMPatches/ModSupport/FixDockingNodes node: @PART[*]:HAS[@MODULE[ModuleDockingNodeFixed]]:NEEDS[FixDockingNodes]:FINAL as it can't satisfy its NEEDS
[LOG 23:13:28.990] Deleting root node in file KSPCommunityFixes/MMPatches/ModSupport/KSPRecall node: @KSP_COMMUNITY_FIXES:NEEDS[AttachedOnEditor] as it can't satisfy its NEEDS
[LOG 23:13:28.990] Deleting root node in file KSPCommunityFixes/MMPatches/ModSupport/UniversalStorage node: @KSP_COMMUNITY_FIXES:NEEDS[UniversalStorage2] as it can't satisfy its NEEDS
[LOG 23:13:29.190] Applying patches
[LOG 23:13:29.191] :INSERT (initial) pass
[LOG 23:13:29.289] :FIRST pass
[LOG 23:13:29.294] Applying update KSPCommunityFixes/MMPatches/StockTweaks/LadderToggleableLight/@PART[telescopicLadderBay]:FIRST to Squad/Parts/Utility/ladderTelescopicBay/ladderTelescopicBay.cfg/PART[telescopicLadderBay]
[LOG 23:13:29.306] Applying update KSPCommunityFixes/MMPatches/StockTweaks/LadderToggleableLight/@PART[telescopicLadderBay]:HAS[#LadderToggleableLight[?rue]]:FIRST to Squad/Parts/Utility/ladderTelescopicBay/ladderTelescopicBay.cfg/PART[telescopicLadderBay]
[LOG 23:13:29.306] Applying update KSPCommunityFixes/MMPatches/StockTweaks/LadderToggleableLight/@PART[telescopicLadderBay]:HAS[#LadderToggleableLight]:FIRST to Squad/Parts/Utility/ladderTelescopicBay/ladderTelescopicBay.cfg/PART[telescopicLadderBay]
[LOG 23:13:29.307] Applying update KSPCommunityFixes/MMPatches/StockTweaks/LandingGearLights/@PART[GearSmall]:FIRST to Squad/Parts/Wheel/LandingGear/GearMedium.cfg/PART[GearSmall]
[LOG 23:13:29.309] Applying update KSPCommunityFixes/MMPatches/StockTweaks/LandingGearLights/@PART[SmallGearBay]:FIRST to Squad/Parts/Wheel/LandingGear/GearSmall.cfg/PART[SmallGearBay]
[LOG 23:13:29.309] :LEGACY (default) pass
[LOG 23:13:29.311] :BEFORE[0_MULTIPLEMODULEINPARTAPI] pass
[LOG 23:13:29.311] :FOR[0_MULTIPLEMODULEINPARTAPI] pass
[LOG 23:13:29.311] :AFTER[0_MULTIPLEMODULEINPARTAPI] pass
[LOG 23:13:29.311] :BEFORE[000_HARMONY] pass
[LOG 23:13:29.311] :FOR[000_HARMONY] pass
[LOG 23:13:29.311] :AFTER[000_HARMONY] pass
[LOG 23:13:29.311] :BEFORE[0HARMONY] pass
[LOG 23:13:29.311] :FOR[0HARMONY] pass
[LOG 23:13:29.311] :AFTER[0HARMONY] pass
[LOG 23:13:29.311] :BEFORE[ASSEMBLY-CSHARP] pass
[LOG 23:13:29.311] :FOR[ASSEMBLY-CSHARP] pass
[LOG 23:13:29.311] :AFTER[ASSEMBLY-CSHARP] pass
[LOG 23:13:29.311] :BEFORE[HARMONYINSTALLCHECKER] pass
[LOG 23:13:29.311] :FOR[HARMONYINSTALLCHECKER] pass
[LOG 23:13:29.311] :AFTER[HARMONYINSTALLCHECKER] pass
[LOG 23:13:29.311] :BEFORE[KSPCOMMUNITYFIXES] pass
[LOG 23:13:29.311] :FOR[KSPCOMMUNITYFIXES] pass
[LOG 23:13:29.311] Applying update KSPCommunityFixes/MMPatches/StockTweaks/ManufacturerFixes/@PART[sasModule]:FOR[KSPCommunityFixes] to Squad/Parts/Command/inlineReactionWheel/inlineReactionWheel.cfg/PART[sasModule]
[LOG 23:13:29.312] Applying update KSPCommunityFixes/MMPatches/StockTweaks/ManufacturerFixes/@PART[xenonTankRadial]:FOR[KSPCommunityFixes] to Squad/Parts/FuelTank/xenonTankRadial/xenonTankRadial.cfg/PART[xenonTankRadial]
[LOG 23:13:29.313] Applying update KSPCommunityFixes/MMPatches/StockTweaks/ManufacturerFixes/@PART[winglet|fireworksLauncherSmall|fireworksLauncherBig]:FOR[KSPCommunityFixes] to Squad/Parts/Aero/wingletAV-T1/wingletAV-T1.cfg/PART[winglet]
[LOG 23:13:29.314] Applying update KSPCommunityFixes/MMPatches/StockTweaks/ManufacturerFixes/@PART[winglet|fireworksLauncherSmall|fireworksLauncherBig]:FOR[KSPCommunityFixes] to Squad/Parts/Utility/Fireworks/fireworksLauncherBig.cfg/PART[fireworksLauncherBig]
[LOG 23:13:29.314] Applying update KSPCommunityFixes/MMPatches/StockTweaks/ManufacturerFixes/@PART[winglet|fireworksLauncherSmall|fireworksLauncherBig]:FOR[KSPCommunityFixes] to Squad/Parts/Utility/Fireworks/fireworksLauncherSmall.cfg/PART[fireworksLauncherSmall]
[LOG 23:13:29.315] Applying update KSPCommunityFixes/MMPatches/StockTweaks/ManufacturerFixes/@PART[solidBooster_sm_v2|solidBooster_v2]:FOR[KSPCommunityFixes] to Squad/Parts/Engine/Size1_SRBs/solidBoosterRT-10_v2.cfg/PART[solidBooster_v2]
[LOG 23:13:29.319] Applying update KSPCommunityFixes/MMPatches/StockTweaks/ManufacturerFixes/@PART[solidBooster_sm_v2|solidBooster_v2]:FOR[KSPCommunityFixes] to Squad/Parts/Engine/Size1_SRBs/solidBoosterRT-5_v2.cfg/PART[solidBooster_sm_v2]
[LOG 23:13:29.321] Applying update KSPCommunityFixes/MMPatches/StockTweaks/ManufacturerFixes/@PART[ServiceBay_125_v2|ServiceBay_250_v2]:FOR[KSPCommunityFixes] to Squad/Parts/Utility/ServiceBay_v2/ServiceBay_125_v2.cfg/PART[ServiceBay_125_v2]
[LOG 23:13:29.321] Applying update KSPCommunityFixes/MMPatches/StockTweaks/ManufacturerFixes/@PART[ServiceBay_125_v2|ServiceBay_250_v2]:FOR[KSPCommunityFixes] to Squad/Parts/Utility/ServiceBay_v2/ServiceBay_250_v2.cfg/PART[ServiceBay_250_v2]
[LOG 23:13:29.321] Applying update KSPCommunityFixes/MMPatches/StockTweaks/ManufacturerFixes/@PART[externalTankCapsule]:FOR[KSPCommunityFixes] to Squad/Parts/FuelTank/FoilTanks/RadialTank_Capsule.cfg/PART[externalTankCapsule]
[LOG 23:13:29.323] Applying update KSPCommunityFixes/MMPatches/StockTweaks/ManufacturerFixes/@PART[RCSFuelTank|rcsTankMini|RCSTank1-2]:FOR[KSPCommunityFixes] to Squad/Parts/FuelTank/RCSFuelTankR1/RCSFuelTankR1.cfg/PART[RCSTank1-2]
[LOG 23:13:29.323] Applying update KSPCommunityFixes/MMPatches/StockTweaks/ManufacturerFixes/@PART[RCSFuelTank|rcsTankMini|RCSTank1-2]:FOR[KSPCommunityFixes] to Squad/Parts/FuelTank/RCSFuelTankR10/RCSFuelTankR10.cfg/PART[rcsTankMini]
[LOG 23:13:29.323] Applying update KSPCommunityFixes/MMPatches/StockTweaks/ManufacturerFixes/@PART[RCSFuelTank|rcsTankMini|RCSTank1-2]:FOR[KSPCommunityFixes] to Squad/Parts/FuelTank/RCSFuelTankR25/RCSFuelTankR25.cfg/PART[RCSFuelTank]
[LOG 23:13:29.324] Applying update KSPCommunityFixes/MMPatches/StockTweaks/ManufacturerFixes/@PART[landerCabinSmall]:FOR[KSPCommunityFixes] to Squad/Parts/Command/mk1LanderCan/mk1LanderCan.cfg/PART[landerCabinSmall]
[LOG 23:13:29.325] Applying update KSPCommunityFixes/MMPatches/StockTweaks/ManufacturerFixes/@PART[dockingPortLateral]:FOR[KSPCommunityFixes] to Squad/Parts/Utility/dockingPortInline/dockingPortInline.cfg/PART[dockingPortLateral]
[LOG 23:13:29.326] Applying update KSPCommunityFixes/MMPatches/StockTweaks/ManufacturerFixes/@PART[EnginePlate4]:FOR[KSPCommunityFixes]:NEEDS[SquadExpansion/MakingHistory] to SquadExpansion/MakingHistory/Parts/Coupling/EnginePlate_4.cfg/PART[EnginePlate4]
[LOG 23:13:29.329] Applying update KSPCommunityFixes/MMPatches/StockTweaks/ManufacturerFixes/@PART[Mk2Pod]:FOR[KSPCommunityFixes]:NEEDS[SquadExpansion/MakingHistory] to SquadExpansion/MakingHistory/Parts/Pods/Mk2Pod.cfg/PART[Mk2Pod]
[LOG 23:13:29.331] Applying update KSPCommunityFixes/MMPatches/StockTweaks/ManufacturerFixes/@PART[evaChute|parachuteSingle|parachuteRadial|radialDrogue|parachuteLarge|parachuteDrogue]:FOR[KSPCommunityFixes] to Squad/Parts/Cargo/Parachute/Parachute.cfg/PART[evaChute]
[LOG 23:13:29.340] Applying update KSPCommunityFixes/MMPatches/StockTweaks/ManufacturerFixes/@PART[evaChute|parachuteSingle|parachuteRadial|radialDrogue|parachuteLarge|parachuteDrogue]:FOR[KSPCommunityFixes] to Squad/Parts/Utility/parachuteMk1/parachuteMk1.cfg/PART[parachuteSingle]
[LOG 23:13:29.340] Applying update KSPCommunityFixes/MMPatches/StockTweaks/ManufacturerFixes/@PART[evaChute|parachuteSingle|parachuteRadial|radialDrogue|parachuteLarge|parachuteDrogue]:FOR[KSPCommunityFixes] to Squad/Parts/Utility/parachuteMk12-R/parachuteMk12-R.cfg/PART[radialDrogue]
[LOG 23:13:29.340] Applying update KSPCommunityFixes/MMPatches/StockTweaks/ManufacturerFixes/@PART[evaChute|parachuteSingle|parachuteRadial|radialDrogue|parachuteLarge|parachuteDrogue]:FOR[KSPCommunityFixes] to Squad/Parts/Utility/parachuteMk16-XL/parachuteMk16-XL.cfg/PART[parachuteLarge]
[LOG 23:13:29.341] Applying update KSPCommunityFixes/MMPatches/StockTweaks/ManufacturerFixes/@PART[evaChute|parachuteSingle|parachuteRadial|radialDrogue|parachuteLarge|parachuteDrogue]:FOR[KSPCommunityFixes] to Squad/Parts/Utility/parachuteMk2-R/parachuteMk2-R.cfg/PART[parachuteRadial]
[LOG 23:13:29.341] Applying update KSPCommunityFixes/MMPatches/StockTweaks/ManufacturerFixes/@PART[evaChute|parachuteSingle|parachuteRadial|radialDrogue|parachuteLarge|parachuteDrogue]:FOR[KSPCommunityFixes] to Squad/Parts/Utility/parachuteMk25/parachuteMk25.cfg/PART[parachuteDrogue]
[LOG 23:13:29.343] Applying update KSPCommunityFixes/MMPatches/StockTweaks/ManufacturerFixes/@PART[stackPoint1|dockingPort1|dockingPort2|dockingPort3|dockingPortLarge]:FOR[KSPCommunityFixes] to Squad/Parts/Utility/dockingPort/dockingPort.cfg/PART[dockingPort2]
[LOG 23:13:29.343] Applying update KSPCommunityFixes/MMPatches/StockTweaks/ManufacturerFixes/@PART[stackPoint1|dockingPort1|dockingPort2|dockingPort3|dockingPortLarge]:FOR[KSPCommunityFixes] to Squad/Parts/Utility/dockingPortJr/dockingPortJr.cfg/PART[dockingPort3]
[LOG 23:13:29.343] Applying update KSPCommunityFixes/MMPatches/StockTweaks/ManufacturerFixes/@PART[stackPoint1|dockingPort1|dockingPort2|dockingPort3|dockingPortLarge]:FOR[KSPCommunityFixes] to Squad/Parts/Utility/dockingPortShielded/dockingPortShielded.cfg/PART[dockingPort1]
[LOG 23:13:29.343] Applying update KSPCommunityFixes/MMPatches/StockTweaks/ManufacturerFixes/@PART[stackPoint1|dockingPort1|dockingPort2|dockingPort3|dockingPortLarge]:FOR[KSPCommunityFixes] to Squad/Parts/Utility/dockingPortSr/dockingPortSr.cfg/PART[dockingPortLarge]
[LOG 23:13:29.343] Applying update KSPCommunityFixes/MMPatches/StockTweaks/ManufacturerFixes/@PART[stackPoint1|dockingPort1|dockingPort2|dockingPort3|dockingPortLarge]:FOR[KSPCommunityFixes] to Squad/Parts/Utility/radialAttachmentPoint/radialAttachmentPoint.cfg/PART[stackPoint1]
[LOG 23:13:29.344] :AFTER[KSPCOMMUNITYFIXES] pass
[LOG 23:13:29.344] :BEFORE[KSPDIAGTERRAINHEIGHT] pass
[LOG 23:13:29.344] :FOR[KSPDIAGTERRAINHEIGHT] pass
[LOG 23:13:29.344] :AFTER[KSPDIAGTERRAINHEIGHT] pass
[LOG 23:13:29.344] :BEFORE[KSPMCPSERVER] pass
[LOG 23:13:29.344] :FOR[KSPMCPSERVER] pass
[LOG 23:13:29.344] :AFTER[KSPMCPSERVER] pass
[LOG 23:13:29.344] :BEFORE[MODULEMANAGER] pass
[LOG 23:13:29.344] :FOR[MODULEMANAGER] pass
[LOG 23:13:29.344] :AFTER[MODULEMANAGER] pass
[LOG 23:13:29.344] :BEFORE[SQUAD] pass
[LOG 23:13:29.344] :FOR[SQUAD] pass
[LOG 23:13:29.344] :AFTER[SQUAD] pass
[LOG 23:13:29.344] :BEFORE[SQUADEXPANSION] pass
[LOG 23:13:29.344] :FOR[SQUADEXPANSION] pass
[LOG 23:13:29.344] :AFTER[SQUADEXPANSION] pass
[LOG 23:13:29.345] :LAST[999_KSP-RECALL] pass
[LOG 23:13:29.363] :FINAL pass
[LOG 23:13:29.363] Done patching
[LOG 23:13:29.363] Saving Cache
[LOG 23:13:29.601] Done!



#### END PATCH LOG ####
[LOG 23:21:35.082] ModuleManager: 33 patches loaded from cache

[LOG 23:21:35.082] Ran in 1.086s
[LOG 23:21:35.106] Done!



#### END MODULEMANAGER LOG ####
[LOG 23:21:38.696] [ModuleManager] Running tests...
[LOG 23:21:38.697] [ModuleManager] tests complete.
[LOG 23:21:38.697] [ModuleManager] Reloading resources definitions
[LOG 23:21:38.698] Resource LiquidFuel added to database
[LOG 23:21:38.698] Resource Oxidizer added to database
[LOG 23:21:38.698] Resource SolidFuel added to database
[LOG 23:21:38.698] Resource MonoPropellant added to database
[LOG 23:21:38.698] Resource XenonGas added to database
[LOG 23:21:38.698] Resource ElectricCharge added to database
[LOG 23:21:38.698] Resource IntakeAir added to database
[LOG 23:21:38.698] Resource EVA Propellant added to database
[LOG 23:21:38.698] Resource Ore added to database
[LOG 23:21:38.699] Resource Ablator added to database
[LOG 23:21:38.699] [ModuleManager] Reloading Trait configs
[LOG 23:21:38.700] ExperienceSystemConfig: Added Effect 'DeployedSciencePowerSkill' to Trait 'Ingénieur'
[LOG 23:21:38.700] ExperienceSystemConfig: Added Effect 'DeployedScienceExpSkill' to Trait 'Scientifique'
[LOG 23:21:38.700] [ModuleManager] Reloading Part Upgrades
[LOG 23:21:38.702] [ModuleManager] Setting modded physics as the active one
[LOG 23:21:38.703] PhysicsGlobals: Loading database
[LOG 23:21:38.704] [ModuleManager] Running post patch callbacks
[LOG 23:21:38.717] [KSPCommunityFixes] Patch AutoStrutDrift applied.
[LOG 23:21:38.720] [KSPCommunityFixes] Patch EditorAnimatedPartsShipModified applied.
[LOG 23:21:38.728] [KSPCommunityFixes] Patch DragCubeLoadException applied.
[LOG 23:21:38.734] [KSPCommunityFixes] Patch DoubleCurvePreserveTangents applied.
[LOG 23:21:38.791] [KSPCommunityFixes] Patch DockingPortRotationDriftAndFixes applied.
[LOG 23:21:38.854] [KSPCommunityFixes] Patch DockingPortConserveMomentum applied.
[LOG 23:21:38.862] [KSPCommunityFixes] Patch DebugConsoleDontStealInput applied.
[LOG 23:21:38.870] [KSPCommunityFixes] Patch CorrectDragForFlags applied.
[LOG 23:21:38.871] [KSPCommunityFixes] Patch CometMiningNotRemovingMass applied.
[LOG 23:21:38.882] [KSPCommunityFixes] Patch ChutePhantomSymmetry applied.
[LOG 23:21:38.887] [KSPCommunityFixes] Patch CometSpawnerUniqueFlightId applied.
[LOG 23:21:38.890] [KSPCommunityFixes] Patch AsteroidSpawnerUniqueFlightId applied.
[LOG 23:21:38.891] [KSPCommunityFixes] Patch AsteroidInfiniteMining applied.
[LOG 23:21:38.931] [KSPCommunityFixes] Patch PersistentIConfigNode applied.
[LOG 23:21:38.932] [KSPCommunityFixes] Patch OnSymmetryFieldChanged not applied (not enabled in Settings.cfg)
[LOG 23:21:38.932] [KSPCommunityFixes] Patch ModUpgradePipeline not applied (not enabled in Settings.cfg)
[LOG 23:21:38.932] [KSPCommunityFixes] Patch KSPFieldEnumDesc not applied (not enabled in Settings.cfg)
[LOG 23:21:38.934] [KSPCommunityFixes] Patch EventProfilerMarkers not applied (not enabled in Settings.cfg)
[LOG 23:21:38.934] [KSPCommunityFixes] Patch DockingPortLockedEvents not applied (not enabled in Settings.cfg)
[LOG 23:21:38.938] [KSPCommunityFixes] Patch DepartmentHeadImage applied.
[LOG 23:21:38.962] [KSPCommunityFixes] Patch BaseFieldListUseFieldHost applied.
[LOG 23:21:39.004] [KSPCommunityFixes] Patch ResourceConverterPerf applied.
[LOG 23:21:39.013] [KSPCommunityFixes] Patch ProgressTrackingSpeedBoost applied.
[LOG 23:21:39.018] [KSPCommunityFixes] Patch PQSUpdateNoMemoryAlloc applied.
[LOG 23:21:39.018] [KSPCommunityFixes] Patch PQSOnlyStartOnce not applied (not enabled in Settings.cfg)
[LOG 23:21:39.032] [KSPCommunityFixes] Patch PQSCoroutineLeak applied.
[LOG 23:21:39.072] [KSPCommunityFixes] Patch PartSystemsFastUpdate applied.
[LOG 23:21:39.097] [KSPCommunityFixes] Patch PartParsingPerf applied.
[LOG 23:21:39.108] [KSPCommunityFixes] Patch EnginePlateAirstreamShieldedTopPart applied.
[LOG 23:21:39.118] [KSPCommunityFixes] Patch EVAConstructionMass applied.
[LOG 23:21:39.128] [KSPCommunityFixes] Patch EVAConstructionUninitializedInventory applied.
[LOG 23:21:39.136] [KSPCommunityFixes] Patch EVAKerbalRecovery applied.
[LOG 23:21:39.143] [KSPCommunityFixes] Patch TimeWarpOrbitShift applied.
[LOG 23:21:39.146] [KSPCommunityFixes] Patch TimeWarpBodyCollision applied.
[LOG 23:21:39.163] [KSPCommunityFixes] Patch ThumbnailSpotlight applied.
[LOG 23:21:39.170] [KSPCommunityFixes] Patch SymmetryReferenceOnDelete applied.
[LOG 23:21:39.170] [KSPCommunityFixes] Patch StrategyDuration not applied (not enabled in Settings.cfg)
[LOG 23:21:39.173] [KSPCommunityFixes] Patch StockAlarmDescPreserveLineBreak applied.
[LOG 23:21:39.226] [KSPCommunityFixes] Patch StickySplashedFixer applied.
[LOG 23:21:39.245] [KSPCommunityFixes] Patch ScatterDistribution applied.
[LOG 23:21:39.284] [KSPCommunityFixes] Patch RoboticsDrift applied.
[LOG 23:21:39.287] [KSPCommunityFixes] Patch RestoreMaxPhysicsDT applied.
[LOG 23:21:39.315] [KSPCommunityFixes] Patch RespawnDeadKerbals applied.
[LOG 23:21:39.324] [KSPCommunityFixes] Patch RescaledRoboticParts applied.
[LOG 23:21:39.328] [KSPCommunityFixes] Patch ReRootPreserveSurfaceAttach applied.
[LOG 23:21:39.360] [KSPCommunityFixes] Patch OptimizedModuleRaycasts applied.
[LOG 23:21:39.368] GetSubclassesOfParentClass: Found 1 types with ModuleInventoryPart parent in 8 assemblies.
[LOG 23:21:39.373] [KSPCommunityFixes] Patch RefundingOnRecovery applied.
[LOG 23:21:39.373] [KSPCommunityFixes] Patch PatchedConicEncounterFlickering applied.
[LOG 23:21:39.388] [KSPCommunityFixes] Patch PartListTooltipIconSpin applied.
[LOG 23:21:39.393] [KSPCommunityFixes] Patch PackedPartsRotation applied.
[LOG 23:21:39.408] [KSPCommunityFixes] Patch ModulePartVariantsNodePersistence applied.
[LOG 23:21:39.411] [KSPCommunityFixes] Patch ModuleAnimateGenericCrewModSpawnIVA applied.
[LOG 23:21:39.412] [KSPCommunityFixes] Patch ModuleActiveRadiatorNoParentException applied.
[LOG 23:21:39.416] [KSPCommunityFixes] Patch MapTargetBodyWithEncounter applied.
[LOG 23:21:39.420] [KSPCommunityFixes] Patch LostSoundAfterSceneSwitch applied.
[LOG 23:21:39.430] [KSPCommunityFixes] Patch LadderToggleableLight applied.
[LOG 23:21:39.449] [KSPCommunityFixes] Patch InventoryPartMass applied.
[LOG 23:21:39.456] [KSPCommunityFixes] Patch HarvesterECConsumption applied.
[LOG 23:21:39.458] [KSPCommunityFixes] Patch FixGetUnivseralTime applied.
[LOG 23:21:39.472] [KSPCommunityFixes] Patch ExtendedDeployableParts applied.
[LOG 23:21:39.474] [KSPCommunityFixes] Patch PropellantFlowDescription applied.
[LOG 23:21:39.501] [KSPCommunityFixes] Patch OptimisedVectorLines applied.
[LOG 23:21:39.515] [KSPCommunityFixes] Patch ModuleDockingNodeFindOtherNodesFaster applied.
[LOG 23:21:39.520] [KSPCommunityFixes] Patch ModuleColorChangerOptimization applied.
[LOG 23:21:39.528] [KSPCommunityFixes] Patch AutoSavedCraftNameAtLaunch applied.
[LOG 23:21:39.556] [KSPCommunityFixes] Patch PAWCollapsedInventories applied.
[LOG 23:21:39.561] [KSPCommunityFixes] Patch UIFloatEditNumericInput applied.
[LOG 23:21:39.593] [KSPCommunityFixes] Patch PAWStockGroups applied.
[LOG 23:21:39.606] [KSPCommunityFixes] Patch AltimeterHorizontalPosition applied.
[LOG 23:21:39.621] [KSPCommunityFixes] Patch SceneLoadSpeedBoost applied.
[LOG 23:21:39.685] [KSPCommunityFixes] Patch OnDemandPartBuoyancy applied.
[LOG 23:21:39.686] [KSPCommunityFixes] Patch ForceSyncSceneSwitch applied.
[LOG 23:21:39.686] [KSPCommunityFixes] Patch FewerSaves not applied (not enabled in Settings.cfg)
[LOG 23:21:39.688] [KSPCommunityFixes] Patch WheelInertiaLimit applied.
[LOG 23:21:39.688] [KSPCommunityFixes] Patch StockAlarmCustomFormatterDate isn't applicable to this KSP version.
[LOG 23:21:39.696] [KSPCommunityFixes] Patch ROCValidationOOR applied.
[LOG 23:21:39.701] [KSPCommunityFixes] Patch ZeroCostTechNodes applied.
[LOG 23:21:39.704] [KSPCommunityFixes] Patch ReactionWheelsPotentialTorque applied.
[LOG 23:21:39.710] [KSPCommunityFixes] Patch PAWGroupMemory applied.
[LOG 23:21:39.761] [KSPCommunityFixes] Patch PartStartStability applied.
[LOG 23:21:39.770] [KSPCommunityFixes] Patch PartBoundsIgnoreDisabledTransforms applied.
[LOG 23:21:39.841] [KSPCommunityFixes] Patch ModuleIndexingMismatch applied.
[LOG 23:21:39.847] [KSPCommunityFixes] Patch MapSOCorrectWrapping applied.
[LOG 23:21:39.848] [KSPCommunityFixes] Patch KerbalTooltipMaxSustainedG applied.
[LOG 23:21:39.852] [KSPCommunityFixes] Patch KerbalInventoryPersistence applied.
[LOG 23:21:39.852] [KSPCommunityFixes] Patch FlightSceneLoadKraken not applied (not enabled in Settings.cfg)
[LOG 23:21:39.856] [KSPCommunityFixes] Patch FIUpdateRadiation applied.
[LOG 23:21:39.858] [KSPCommunityFixes] Patch FastAndFixedEnumExtensions applied.
[LOG 23:21:39.912] [KSPCommunityFixes] Patch DeltaVHideWhenDisabled applied.
[LOG 23:21:39.918] [KSPCommunityFixes] Patch BlockMapViewPartClick applied.
[LOG 23:21:39.922] [KSPCommunityFixes] Patch PAWItemsOrder applied.
[LOG 23:21:40.029] [KSPCommunityFixes] Patch BetterEditorUndoRedo applied.
[LOG 23:21:40.046] [KSPCommunityFixes] Patch AutostrutActions applied.
[LOG 23:21:40.046] [KSPCommunityFixes] Patch DisableNewGameIntro not applied (not enabled in Settings.cfg)
[LOG 23:21:40.095] [KSPCommunityFixes] Patch MinorPerfTweaks applied.
[LOG 23:21:40.207] [KSPCommunityFixes] Patch MemoryLeaks applied.
[LOG 23:21:40.216] [KSPCommunityFixes] Patch LowerMinPhysicsDTPerFrame applied.
[LOG 23:21:40.222] [KSPCommunityFixes] Patch LocalizerPerf applied.
[LOG 23:21:40.225] [KSPCommunityFixes] Patch IMGUIOptimization applied.
[LOG 23:21:40.245] [KSPCommunityFixes] Patch FloatingOriginPerf applied.
[LOG 23:21:40.323] [KSPCommunityFixes] Patch FlightIntegratorPerf applied.
[LOG 23:21:40.333] [KSPCommunityFixes] Patch FasterPartFindTransform applied.
[LOG 23:21:40.360] [KSPCommunityFixes] Patch FasterEditorPartList applied.
[LOG 23:21:40.363] [KSPCommunityFixes] Patch ExpansionBundlePreload applied.
[LOG 23:21:40.379] [KSPCommunityFixes] Patch DragCubeGeneration applied.
[LOG 23:21:40.385] [KSPCommunityFixes] Patch DisableMapUpdateInFlight applied.
[LOG 23:21:40.386] [KSPCommunityFixes] Patch DisableHiddenPortraits applied.
[LOG 23:21:40.388] [KSPCommunityFixes] Patch DisableManeuverTool applied.
[LOG 23:21:40.414] [KSPCommunityFixes] Patch CraftBrowserOptimisations applied.
[LOG 23:21:40.418] [KSPCommunityFixes] Patch CommNetThrottling applied.
[LOG 23:21:40.427] [KSPCommunityFixes] Patch FairingMouseOverPersistence applied.
[LOG 23:21:40.452] [KSPCommunityFixes] Patch OptionalMakingHistoryDLCFeatures applied.
[LOG 23:21:40.460] [KSPCommunityFixes] Patch ResourceLockActions applied.
[LOG 23:21:40.477] [KSPCommunityFixes] Patch ShowContractFinishDates applied.
[LOG 23:21:40.527] [KSPCommunityFixes] Patch TargetParentBody applied.
[LOG 23:21:40.595] [KSPCommunityFixes] Patch ToolbarShowHide applied.
[LOG 23:21:40.598] [KSPCommunityFixes] Patch ContractProgressEnumCache applied.
[LOG 23:21:40.610] [KSPCommunityFixes] Patch ActiveRadiatorPerf applied.
[LOG 23:21:40.615] [KSPCommunityFixes] Patch CargoBayPerf applied.
[LOG 23:21:40.627] [KSPCommunityFixes] Patch CollisionEnhancerFastUpdate applied.
[LOG 23:21:40.633] [KSPCommunityFixes] Patch CollisionManagerFastUpdate applied.
[LOG 23:21:40.639] [KSPCommunityFixes] Patch AsteroidAndCometDrillCache applied.
[LOG 23:21:40.655] [KSPCommunityFixes] Patch TweakableWheelsAutostrut applied.
[LOG 23:21:40.692] [KSPCommunityFixes] Patch PatchSettings applied.
[LOG 23:21:40.761] [KSPCommunityFixes] Patch UpgradeBugs applied.
[LOG 23:21:40.761] [KSPCommunityFixes] Patch PartTooltipUpgradesApplyToSubstituteParts not applied (not enabled in Settings.cfg)
[LOG 23:21:40.871] [ModuleManager] Calling ConfigNodePerf.ModuleManagerPostLoad()
[LOG 23:21:40.881] [ModuleManager] Post patch ran in 2.186s
[LOG 23:21:41.094] PartLoader: Loading part database
[LOG 23:21:41.095] PartLoader: Compiling Part 'Squad/Parts/Aero/aerodynamicNoseCone/aerodynamicNoseCone/noseCone'
[LOG 23:21:41.137] EffectList: Created 15 effect types
[LOG 23:21:41.314] PartLoader: Compiling Part 'Squad/Parts/Aero/airbrake/Airbrake/airbrake1'
[LOG 23:21:41.393] PartLoader: Compiling Part 'Squad/Parts/Aero/airIntakeRadialXM-G50/airIntakeRadialXM-G50/airScoop'
[LOG 23:21:41.413] PartLoader: Compiling Part 'Squad/Parts/Aero/airlinerWings/ControlSurface/airlinerCtrlSrf'
[LOG 23:21:41.437] PartLoader: Compiling Part 'Squad/Parts/Aero/airlinerWings/MainWing/airlinerMainWing'
[LOG 23:21:41.450] PartLoader: Compiling Part 'Squad/Parts/Aero/airlinerWings/TailFin/airlinerTailFin'
[LOG 23:21:41.479] PartLoader: Compiling Part 'Squad/Parts/Aero/airplaneFins/advancedCanard/AdvancedCanard'
[LOG 23:21:41.490] PartLoader: Compiling Part 'Squad/Parts/Aero/airplaneFins/standardCanard/CanardController'
[LOG 23:21:41.500] PartLoader: Compiling Part 'Squad/Parts/Aero/airplaneFins/sweptWing/sweptWing'
[LOG 23:21:41.506] PartLoader: Compiling Part 'Squad/Parts/Aero/airplaneFins/tailfin/tailfin'
[LOG 23:21:41.518] PartLoader: Compiling Part 'Squad/Parts/Aero/basicFin/basicFin/basicFin'
[LOG 23:21:41.526] PartLoader: Compiling Part 'Squad/Parts/Aero/circularIntake/circularIntake/CircularIntake'
[LOG 23:21:41.544] PartLoader: Compiling Part 'Squad/Parts/Aero/circularIntake/intakeShockCone/shockConeIntake'
[LOG 23:21:41.553] PartLoader: Compiling Part 'Squad/Parts/Aero/cones/avionicsNoseCone/avionicsNoseCone'
[LOG 23:21:41.589] PartLoader: Compiling Part 'Squad/Parts/Aero/cones/ConeA/pointyNoseConeA'
[LOG 23:21:41.597] PartLoader: Compiling Part 'Squad/Parts/Aero/cones/ConeB/pointyNoseConeB'
[LOG 23:21:41.605] PartLoader: Compiling Part 'Squad/Parts/Aero/cones/noseConeAdapter/noseConeAdapter'
[LOG 23:21:41.610] PartLoader: Compiling Part 'Squad/Parts/Aero/cones/protectiveRocketNoseMk7_v2/rocketNoseCone_v2'
[LOG 23:21:41.622] PartLoader: Compiling Part 'Squad/Parts/Aero/cones/protectiveRocketNoseMk7_v3/rocketNoseCone_v3'
[LOG 23:21:41.628] PartLoader: Compiling Part 'Squad/Parts/Aero/cones/rocketNoseCone_size3/rocketNoseConeSize3'
[LOG 23:21:41.635] PartLoader: Compiling Part 'Squad/Parts/Aero/cones/smallNoseCone/standardNoseCone'
[LOG 23:21:41.640] PartLoader: Compiling Part 'Squad/Parts/Aero/cones/tailConnectorA/airplaneTail'
[LOG 23:21:41.646] PartLoader: Compiling Part 'Squad/Parts/Aero/cones/tailConnectorB/airplaneTailB'
[LOG 23:21:41.655] PartLoader: Compiling Part 'Squad/Parts/Aero/fairings/fairingSize1/fairingSize1'
[LOG 23:21:41.743] PartLoader: Compiling Part 'Squad/Parts/Aero/fairings/fairingSize2/fairingSize2'
[LOG 23:21:41.772] PartLoader: Compiling Part 'Squad/Parts/Aero/fairings/fairingSize3/fairingSize3'
[LOG 23:21:41.795] PartLoader: Compiling Part 'Squad/Parts/Aero/HeatShield/HeatShield0/HeatShield0'
[LOG 23:21:41.823] PartLoader: Compiling Part 'Squad/Parts/Aero/HeatShield/HeatShield1/HeatShield1'
[LOG 23:21:41.835] PartLoader: Compiling Part 'Squad/Parts/Aero/HeatShield/HeatShield2/HeatShield2'
[LOG 23:21:41.842] PartLoader: Compiling Part 'Squad/Parts/Aero/HeatShield/HeatShield3/HeatShield3'
[LOG 23:21:41.849] PartLoader: Compiling Part 'Squad/Parts/Aero/InflatableHeatShield/HeatShield/InflatableHeatShield'
[LOG 23:21:41.862] PartLoader: Compiling Part 'Squad/Parts/Aero/intakeRadialLong/intakeRadialLong/IntakeRadialLong'
[LOG 23:21:41.866] PartLoader: Compiling Part 'Squad/Parts/Aero/miniIntake/SmallIntake/miniIntake'
[LOG 23:21:41.872] PartLoader: Compiling Part 'Squad/Parts/Aero/ramAirIntake/ramAirIntake/ramAirIntake'
[LOG 23:21:41.875] PartLoader: Compiling Part 'Squad/Parts/Aero/shuttleWings/delta/wingShuttleDelta'
[LOG 23:21:41.879] PartLoader: Compiling Part 'Squad/Parts/Aero/shuttleWings/elevon1/wingShuttleElevon1'
[LOG 23:21:41.887] PartLoader: Compiling Part 'Squad/Parts/Aero/shuttleWings/elevon2/wingShuttleElevon2'
[LOG 23:21:41.894] PartLoader: Compiling Part 'Squad/Parts/Aero/shuttleWings/rudder/wingShuttleRudder'
[LOG 23:21:41.898] PartLoader: Compiling Part 'Squad/Parts/Aero/shuttleWings/strake/wingShuttleStrake'
[LOG 23:21:41.905] PartLoader: Compiling Part 'Squad/Parts/Aero/wingletAV-R8/wingletAV-R8/R8winglet'
[LOG 23:21:41.911] PartLoader: Compiling Part 'Squad/Parts/Aero/wingletAV-T1/wingletAV-T1/winglet'
[LOG 23:21:41.917] PartLoader: Compiling Part 'Squad/Parts/Aero/wingletDeltaDeluxe/wingletDeltaDeluxe/winglet3'
[LOG 23:21:41.924] PartLoader: Compiling Part 'Squad/Parts/Aero/wings/connector1/wingConnector'
[LOG 23:21:41.927] PartLoader: Compiling Part 'Squad/Parts/Aero/wings/connector2/wingConnector2'
[LOG 23:21:41.930] PartLoader: Compiling Part 'Squad/Parts/Aero/wings/connector3/wingConnector3'
[LOG 23:21:41.933] PartLoader: Compiling Part 'Squad/Parts/Aero/wings/connector4/wingConnector4'
[LOG 23:21:41.936] PartLoader: Compiling Part 'Squad/Parts/Aero/wings/connector5/wingConnector5'
[LOG 23:21:41.941] PartLoader: Compiling Part 'Squad/Parts/Aero/wings/delta/deltaWing'
[LOG 23:21:41.946] PartLoader: Compiling Part 'Squad/Parts/Aero/wings/delta_small/delta_small'
[LOG 23:21:41.952] PartLoader: Compiling Part 'Squad/Parts/Aero/wings/elevon1/StandardCtrlSrf'
[LOG 23:21:41.960] PartLoader: Compiling Part 'Squad/Parts/Aero/wings/elevon2/elevon2'
[LOG 23:21:41.966] PartLoader: Compiling Part 'Squad/Parts/Aero/wings/elevon3/elevon3'
[LOG 23:21:41.973] PartLoader: Compiling Part 'Squad/Parts/Aero/wings/elevon4/smallCtrlSrf'
[LOG 23:21:41.977] PartLoader: Compiling Part 'Squad/Parts/Aero/wings/elevon5/elevon5'
[LOG 23:21:41.983] PartLoader: Compiling Part 'Squad/Parts/Aero/wings/strake/wingStrake'
[LOG 23:21:41.991] PartLoader: Compiling Part 'Squad/Parts/Aero/wings/structural1/structuralWing'
[LOG 23:21:41.997] PartLoader: Compiling Part 'Squad/Parts/Aero/wings/structural2/structuralWing2'
[LOG 23:21:42.002] PartLoader: Compiling Part 'Squad/Parts/Aero/wings/structural3/structuralWing3'
[LOG 23:21:42.007] PartLoader: Compiling Part 'Squad/Parts/Aero/wings/structural4/structuralWing4'
[LOG 23:21:42.012] PartLoader: Compiling Part 'Squad/Parts/Aero/wings/swept1/sweptWing1'
[LOG 23:21:42.016] PartLoader: Compiling Part 'Squad/Parts/Aero/wings/swept2/sweptWing2'
[LOG 23:21:42.023] PartLoader: Compiling Part 'Squad/Parts/Cargo/CargoContainers/cargoContainer/cargoContainer'
[WRN 23:21:42.026] [Part]: Cannot have ModuleCargoPart and ModuleInventoryPart on same Part [cargoContainer'. Removed ModuleCargoPart
[LOG 23:21:42.039] PartLoader: Compiling Part 'Squad/Parts/Cargo/CargoContainers/smallCargoContainer/smallCargoContainer'
[WRN 23:21:42.042] [Part]: Cannot have ModuleCargoPart and ModuleInventoryPart on same Part [smallCargoContainer'. Removed ModuleCargoPart
[LOG 23:21:42.044] PartLoader: Compiling Part 'Squad/Parts/Cargo/Cylinder/Cylinder/evaCylinder'
[LOG 23:21:42.047] PartLoader: Compiling Part 'Squad/Parts/Cargo/GroundAnchor/groundAnchor/groundAnchor'
[LOG 23:21:42.074] PartLoader: Compiling Part 'Squad/Parts/Cargo/Jetpack/Jetpack/evaJetpack'
[LOG 23:21:42.077] PartLoader: Compiling Part 'Squad/Parts/Cargo/Parachute/Parachute/evaChute'
[LOG 23:21:42.079] PartLoader: Compiling Part 'Squad/Parts/Cargo/RepairKit/RepairKit/evaRepairKit'
[LOG 23:21:42.084] PartLoader: Compiling Part 'Squad/Parts/Cargo/ScienceKit/evaScienceKit/evaScienceKit'
[LOG 23:21:42.088] PartLoader: Compiling Part 'Squad/Parts/Cargo/StorageUnits/CargoStorageUnit/CargoStorageUnit'
[WRN 23:21:42.089] [Part]: Cannot have ModuleCargoPart and ModuleInventoryPart on same Part [CargoStorageUnit'. Removed ModuleCargoPart
[LOG 23:21:42.092] PartLoader: Compiling Part 'Squad/Parts/Cargo/StorageUnits/ConformalStorageUnit/ConformalStorageUnit'
[WRN 23:21:42.094] [Part]: Cannot have ModuleCargoPart and ModuleInventoryPart on same Part [ConformalStorageUnit'. Removed ModuleCargoPart
[LOG 23:21:42.097] PartLoader: Compiling Part 'Squad/Parts/Command/advancedSasModuleLarge/advSasModuleLarge/asasmodule1-2'
[LOG 23:21:42.109] PartLoader: Compiling Part 'Squad/Parts/Command/cupola/cupola/cupola'
[LOG 23:21:42.150] PartLoader: Compiling Part 'Squad/Parts/Command/externalCommandSeat/externalCommandSeat/seatExternalCmd'
[LOG 23:21:42.157] PartLoader: Compiling Part 'Squad/Parts/Command/hitchhikerStorageContainer/hitchikerStorageContainer/crewCabin'
[LOG 23:21:42.164] PartLoader: Compiling Part 'Squad/Parts/Command/inlineAdvancedStabilizer/inlineAdvancedStabilizer/advSasModule'
[LOG 23:21:42.169] PartLoader: Compiling Part 'Squad/Parts/Command/inlineReactionWheel/inlineReactionWheel/sasModule'
[LOG 23:21:42.175] PartLoader: Compiling Part 'Squad/Parts/Command/Mk1-3Pod/mk1-3/mk1-3pod'
[LOG 23:21:42.216] PartLoader: Compiling Part 'Squad/Parts/Command/mk1Cockpits/mk1Cockpit/Mark1Cockpit'
[WRN 23:21:42.221] [Part]: Cannot have ModuleCargoPart and ModuleInventoryPart on same Part [Mark1Cockpit'. Removed ModuleCargoPart
[LOG 23:21:42.225] PartLoader: Compiling Part 'Squad/Parts/Command/mk1Cockpits/mk1CrewCabin/MK1CrewCabin'
[WRN 23:21:42.228] [Part]: Cannot have ModuleCargoPart and ModuleInventoryPart on same Part [MK1CrewCabin'. Removed ModuleCargoPart
[LOG 23:21:42.232] PartLoader: Compiling Part 'Squad/Parts/Command/mk1Cockpits/mk1InlineCockpit/Mark2Cockpit'
[WRN 23:21:42.237] [Part]: Cannot have ModuleCargoPart and ModuleInventoryPart on same Part [Mark2Cockpit'. Removed ModuleCargoPart
[LOG 23:21:42.244] PartLoader: Compiling Part 'Squad/Parts/Command/mk1LanderCan/mk1LanderCan/landerCabinSmall'
[WRN 23:21:42.247] [Part]: Cannot have ModuleCargoPart and ModuleInventoryPart on same Part [landerCabinSmall'. Removed ModuleCargoPart
[LOG 23:21:42.254] PartLoader: Compiling Part 'Squad/Parts/Command/mk1pod_v2/mk1Pod_v2/mk1pod_v2'
[WRN 23:21:42.258] [Part]: Cannot have ModuleCargoPart and ModuleInventoryPart on same Part [mk1pod.v2'. Removed ModuleCargoPart
[LOG 23:21:42.269] PartLoader: Compiling Part 'Squad/Parts/Command/mk2CockpitInline/mk2CockpitInline/mk2Cockpit_Inline'
[WRN 23:21:42.276] [Part]: Cannot have ModuleCargoPart and ModuleInventoryPart on same Part [mk2Cockpit.Inline'. Removed ModuleCargoPart
[LOG 23:21:42.285] PartLoader: Compiling Part 'Squad/Parts/Command/mk2CockpitStandard/mk2CockpitStandard/mk2Cockpit_Standard'
[WRN 23:21:42.289] [Part]: Cannot have ModuleCargoPart and ModuleInventoryPart on same Part [mk2Cockpit.Standard'. Removed ModuleCargoPart
[LOG 23:21:42.303] PartLoader: Compiling Part 'Squad/Parts/Command/mk2DroneCore/mk2Dronecore/mk2DroneCore'
[LOG 23:21:42.317] PartLoader: Compiling Part 'Squad/Parts/Command/mk2LanderCan/mk2LanderCan/mk2LanderCabin'
[WRN 23:21:42.325] [Part]: Cannot have ModuleCargoPart and ModuleInventoryPart on same Part [mk2LanderCabin'. Removed ModuleCargoPart
[LOG 23:21:42.333] PartLoader: Compiling Part 'Squad/Parts/Command/mk2LanderCan_v2/mk2LanderCan_v2/mk2LanderCabin_v2'
[WRN 23:21:42.342] [Part]: Cannot have ModuleCargoPart and ModuleInventoryPart on same Part [mk2LanderCabin.v2'. Removed ModuleCargoPart
[LOG 23:21:42.352] PartLoader: Compiling Part 'Squad/Parts/Command/mk3CockpitShuttle/mk3CockpitShuttle/mk3Cockpit_Shuttle'
[LOG 23:21:42.368] PartLoader: Compiling Part 'Squad/Parts/Command/MpoProbe/MpoProbe/MpoProbe'
[LOG 23:21:42.377] PartLoader: Compiling Part 'Squad/Parts/Command/MtmStage/MTM_Stage/MtmStage'
[LOG 23:21:42.391] PartLoader: Compiling Part 'Squad/Parts/Command/probeCoreCube/probeCoreCube/probeCoreCube'
[LOG 23:21:42.400] PartLoader: Compiling Part 'Squad/Parts/Command/probeCoreHex/probeCoreHex/probeCoreHex'
[LOG 23:21:42.411] PartLoader: Compiling Part 'Squad/Parts/Command/probeCoreHex_v2/probeCoreHex_v2/probeCoreHex_v2'
[LOG 23:21:42.419] PartLoader: Compiling Part 'Squad/Parts/Command/probeCoreOcto2_v2/probeCoreOcto2_v2/probeCoreOcto2_v2'
[LOG 23:21:42.430] PartLoader: Compiling Part 'Squad/Parts/Command/probeCoreOcto_v2/probeCoreOcto_v2/probeCoreOcto_v2'
[LOG 23:21:42.442] PartLoader: Compiling Part 'Squad/Parts/Command/probeRoverBody/probeRoverBody/roverBody'
[LOG 23:21:42.451] PartLoader: Compiling Part 'Squad/Parts/Command/probeRoverBody_v2/probeRoverBody_v2/roverBody_v2'
[LOG 23:21:42.462] PartLoader: Compiling Part 'Squad/Parts/Command/probeStackLarge/probeStackLarge/probeStackLarge'
[LOG 23:21:42.474] PartLoader: Compiling Part 'Squad/Parts/Command/probeStackSmall/probeStackSmall/probeStackSmall'
[LOG 23:21:42.482] PartLoader: Compiling Part 'Squad/Parts/Command/probeStackSphere_v2/probeStackSphere_v2/probeCoreSphere_v2'
[LOG 23:21:42.491] PartLoader: Compiling Part 'Squad/Parts/CompoundParts/FuelLine/fuelLine/fuelLine'
[LOG 23:21:42.525] PartLoader: Compiling Part 'Squad/Parts/CompoundParts/strutConnector/strutConnector/strutConnector'
[LOG 23:21:42.536] PartLoader: Compiling Part 'Squad/Parts/Coupling/Decoupler_0/Decoupler_0'
[LOG 23:21:42.549] PartLoader: Compiling Part 'Squad/Parts/Coupling/Decoupler_1/Decoupler_1'
[LOG 23:21:42.563] PartLoader: Compiling Part 'Squad/Parts/Coupling/Decoupler_2/Decoupler_2'
[LOG 23:21:42.573] PartLoader: Compiling Part 'Squad/Parts/Coupling/Decoupler_3/Decoupler_3'
[LOG 23:21:42.584] PartLoader: Compiling Part 'Squad/Parts/Coupling/Separator_0/Separator_0'
[LOG 23:21:42.594] PartLoader: Compiling Part 'Squad/Parts/Coupling/Separator_1/Separator_1'
[LOG 23:21:42.604] PartLoader: Compiling Part 'Squad/Parts/Coupling/Separator_2/Separator_2'
[LOG 23:21:42.618] PartLoader: Compiling Part 'Squad/Parts/Coupling/Separator_3/Separator_3'
[LOG 23:21:42.630] PartLoader: Compiling Part 'Squad/Parts/Electrical/10CSolarPanels/OX-10C/solarPanelOX10C'
[LOG 23:21:42.659] PartLoader: Compiling Part 'Squad/Parts/Electrical/10CSolarPanels/SP-10C/solarPanelSP10C'
[LOG 23:21:42.668] PartLoader: Compiling Part 'Squad/Parts/Electrical/10LSolarPanels/OX-10L/solarPanelOX10L'
[LOG 23:21:42.675] PartLoader: Compiling Part 'Squad/Parts/Electrical/10LSolarPanels/SP-10L/solarPanelSP10L'
[LOG 23:21:42.682] PartLoader: Compiling Part 'Squad/Parts/Electrical/1x6ShroudSolarPanels/1x6ShroudSolarPanels/solarPanels2'
[LOG 23:21:42.688] PartLoader: Compiling Part 'Squad/Parts/Electrical/1x6SolarPanels/1x6SolarPanels/solarPanels4'
[LOG 23:21:42.695] PartLoader: Compiling Part 'Squad/Parts/Electrical/3x2ShroudSolarPanels/3x2ShroudSolarPanels/solarPanels1'
[LOG 23:21:42.703] PartLoader: Compiling Part 'Squad/Parts/Electrical/3x2SolarPanels/3x2SolarPanels/solarPanels3'
[LOG 23:21:42.708] PartLoader: Compiling Part 'Squad/Parts/Electrical/gigantorXlSolarArray/gigantorXlSolarArray/largeSolarPanel'
[LOG 23:21:42.713] PartLoader: Compiling Part 'Squad/Parts/Electrical/radialFlatSolarPanel/radialFlatSolarPanel/solarPanels5'
[LOG 23:21:42.716] PartLoader: Compiling Part 'Squad/Parts/Electrical/RTG/RTG/rtg'
[LOG 23:21:42.733] PartLoader: Compiling Part 'Squad/Parts/Electrical/z-100Battery/z-100Battery/batteryPack'
[LOG 23:21:42.739] PartLoader: Compiling Part 'Squad/Parts/Electrical/z-1kBattery/z-1kBattery/batteryBank'
[LOG 23:21:42.743] PartLoader: Compiling Part 'Squad/Parts/Electrical/z-200Battery/z-200Battery/batteryBankMini'
[LOG 23:21:42.746] PartLoader: Compiling Part 'Squad/Parts/Electrical/z-400Battery/z-400Battery/ksp_r_largeBatteryPack'
[LOG 23:21:42.748] PartLoader: Compiling Part 'Squad/Parts/Electrical/z-4kBattery/z-4kBattery/batteryBankLarge'
[LOG 23:21:42.752] PartLoader: Compiling Part 'Squad/Parts/Engine/ionEngine/ionEngine/ionEngine'
[LOG 23:21:42.775] PartLoader: Compiling Part 'Squad/Parts/Engine/jetEngines/jetEngineAfterburning/turboJet'
[LOG 23:21:42.815] PartLoader: Compiling Part 'Squad/Parts/Engine/jetEngines/jetEngineBasic/JetEngine'
[LOG 23:21:42.829] PartLoader: Compiling Part 'Squad/Parts/Engine/jetEngines/jetEngineBig/turboFanSize2'
[LOG 23:21:42.845] PartLoader: Compiling Part 'Squad/Parts/Engine/jetEngines/jetEngineTurbo/turboFanEngine'
[LOG 23:21:42.857] PartLoader: Compiling Part 'Squad/Parts/Engine/liquidEngine24-77/liquidEngine24-77/smallRadialEngine'
[LOG 23:21:42.866] PartLoader: Compiling Part 'Squad/Parts/Engine/liquidEngine24-77_v2/liquidEngine24-77_v2/smallRadialEngine_v2'
[LOG 23:21:42.881] PartLoader: Compiling Part 'Squad/Parts/Engine/liquidEngine48-7S_v2/liquidEngine48-7S_v2/liquidEngineMini_v2'
[LOG 23:21:42.896] PartLoader: Compiling Part 'Squad/Parts/Engine/liquidEngineAerospike/liquidEngineAerospike/toroidalAerospike'
[LOG 23:21:42.918] PartLoader: Compiling Part 'Squad/Parts/Engine/liquidEngineLV-1_v2/liquidEngineLV-1R _v2/radialEngineMini_v2'
[LOG 23:21:42.931] PartLoader: Compiling Part 'Squad/Parts/Engine/liquidEngineLV-1_v2/liquidEngineLV-1_v2/microEngine_v2'
[LOG 23:21:42.945] PartLoader: Compiling Part 'Squad/Parts/Engine/liquidEngineLV-909_v2/liquidEngineLV-909_v2/liquidEngine3_v2'
[LOG 23:21:42.959] PartLoader: Compiling Part 'Squad/Parts/Engine/liquidEngineLV-N/liquidEngineLV-N/nuclearEngine'
[LOG 23:21:42.974] PartLoader: Compiling Part 'Squad/Parts/Engine/liquidEngineLV-T30/liquidEngineLV-T30/liquidEngine'
[LOG 23:21:42.986] PartLoader: Compiling Part 'Squad/Parts/Engine/liquidEngineLV-T30_v2/liquidEngineLV-T30_v2/liquidEngine_v2'
[LOG 23:21:43.001] PartLoader: Compiling Part 'Squad/Parts/Engine/liquidEngineLV-T45/liquidEngineLV-T45/liquidEngine2'
[LOG 23:21:43.014] PartLoader: Compiling Part 'Squad/Parts/Engine/liquidEngineLV-T45_v2/liquidEngineLV-T45_v2/liquidEngine2_v2'
[LOG 23:21:43.032] PartLoader: Compiling Part 'Squad/Parts/Engine/liquidEngineMainsail_v2/liquidEngineMainsail_v2/liquidEngineMainsail_v2'
[LOG 23:21:43.056] PartLoader: Compiling Part 'Squad/Parts/Engine/liquidEngineMk55/liquidEngineMk55/radialLiquidEngine1-2'
[LOG 23:21:43.069] PartLoader: Compiling Part 'Squad/Parts/Engine/liquidEnginePoodle_v2/liquidEnginePoodle_v2/liquidEngine2-2_v2'
[LOG 23:21:43.087] PartLoader: Compiling Part 'Squad/Parts/Engine/liquidEngineSkipper_v2/skipperLiquidEngine_v2/engineLargeSkipper_v2'
[LOG 23:21:43.105] PartLoader: Compiling Part 'Squad/Parts/Engine/liquidEngineSSME/SSME/SSME'
[LOG 23:21:43.118] PartLoader: Compiling Part 'Squad/Parts/Engine/MassiveSRB/part/MassiveBooster'
[LOG 23:21:43.131] PartLoader: Compiling Part 'Squad/Parts/Engine/miniJet/SmallJetEngine/miniJetEngine'
[LOG 23:21:43.144] PartLoader: Compiling Part 'Squad/Parts/Engine/OMSEngine/omsEngine/omsEngine'
[LOG 23:21:43.159] PartLoader: Compiling Part 'Squad/Parts/Engine/rapierEngine/rapierEngine/RAPIER'
[LOG 23:21:43.182] PartLoader: Compiling Part 'Squad/Parts/Engine/Size1_SRBs/solidBoosterRT-10_v2/solidBooster_v2'
[LOG 23:21:43.198] PartLoader: Compiling Part 'Squad/Parts/Engine/Size1_SRBs/solidBoosterRT-5_v2/solidBooster_sm_v2'
[LOG 23:21:43.215] PartLoader: Compiling Part 'Squad/Parts/Engine/Size2LFB/part/Size2LFB'
[LOG 23:21:43.230] PartLoader: Compiling Part 'Squad/Parts/Engine/Size2LFB_v2/part/Size2LFB_v2'
[LOG 23:21:43.245] PartLoader: Compiling Part 'Squad/Parts/Engine/Size3AdvancedEngine/part/Size3AdvancedEngine'
[LOG 23:21:43.260] PartLoader: Compiling Part 'Squad/Parts/Engine/Size3EngineCluster/part/Size3EngineCluster'
[LOG 23:21:43.275] PartLoader: Compiling Part 'Squad/Parts/Engine/solidBoosterBACC/solidBoosterBACC/solidBooster1-1'
[LOG 23:21:43.284] PartLoader: Compiling Part 'Squad/Parts/Engine/solidBoosterS2-17/solidBoosterS2-17/Thoroughbred'
[LOG 23:21:43.294] PartLoader: Compiling Part 'Squad/Parts/Engine/solidBoosterS2-33/solidBoosterS2-33/Clydesdale'
[LOG 23:21:43.306] PartLoader: Compiling Part 'Squad/Parts/Engine/solidBoosterSep/solidBoosterSep/sepMotor1'
[LOG 23:21:43.310] [ModuleCargoPart]: Setting stackableQuantity to 1 as sepMotor1 contains resources
[LOG 23:21:43.313] PartLoader: Compiling Part 'Squad/Parts/Engine/SolidBoostersF/SolidBoosterF3S0/Shrimp'
[LOG 23:21:43.321] PartLoader: Compiling Part 'Squad/Parts/Engine/SolidBoostersF/SolidBoosterFM1/Mite'
[LOG 23:21:43.330] PartLoader: Compiling Part 'Squad/Parts/FuelTank/adapterTanks/Mk3-Mk2/adapterMk3-Mk2'
[LOG 23:21:43.334] PartLoader: Compiling Part 'Squad/Parts/FuelTank/adapterTanks/Mk3-ShuttleAdapter/adapterEngines'
[LOG 23:21:43.336] PartLoader: Compiling Part 'Squad/Parts/FuelTank/adapterTanks/Mk3-Size2/adapterMk3-Size2'
[LOG 23:21:43.338] PartLoader: Compiling Part 'Squad/Parts/FuelTank/adapterTanks/Mk3-Size2Slant/adapterMk3-Size2Slant'
[LOG 23:21:43.340] PartLoader: Compiling Part 'Squad/Parts/FuelTank/adapterTanks/Size2-Mk2/adapterSize2-Mk2'
[LOG 23:21:43.343] PartLoader: Compiling Part 'Squad/Parts/FuelTank/adapterTanks/Size2-Size1/adapterSize2-Size1'
[LOG 23:21:43.345] PartLoader: Compiling Part 'Squad/Parts/FuelTank/adapterTanks/Size2-Size1Slant/adapterSize2-Size1Slant'
[LOG 23:21:43.348] PartLoader: Compiling Part 'Squad/Parts/FuelTank/adapterTanks/Size3-Mk3/adapterSize3-Mk3'
[LOG 23:21:43.352] PartLoader: Compiling Part 'Squad/Parts/FuelTank/drainTankFTE-1/ReleaseValve/ReleaseValve'
[LOG 23:21:43.370] PartLoader: Compiling Part 'Squad/Parts/FuelTank/FoilTanks/RadialTank_Capsule/externalTankCapsule'
[LOG 23:21:43.375] PartLoader: Compiling Part 'Squad/Parts/FuelTank/FoilTanks/RadialTank_Round/externalTankRound'
[LOG 23:21:43.378] PartLoader: Compiling Part 'Squad/Parts/FuelTank/FoilTanks/ToroidTank/externalTankToroid'
[LOG 23:21:43.386] PartLoader: Compiling Part 'Squad/Parts/FuelTank/fuelTankOscarB/fuelTankOscarB/miniFuelTank'
[LOG 23:21:43.390] PartLoader: Compiling Part 'Squad/Parts/FuelTank/miniFuselage/miniFuselage/miniFuselage'
[LOG 23:21:43.394] PartLoader: Compiling Part 'Squad/Parts/FuelTank/mk2Adapters/bicoupler/mk2_1m_Bicoupler'
[LOG 23:21:43.400] PartLoader: Compiling Part 'Squad/Parts/FuelTank/mk2Adapters/long/mk2_1m_AdapterLong'
[LOG 23:21:43.406] PartLoader: Compiling Part 'Squad/Parts/FuelTank/mk2Adapters/standard/mk2SpacePlaneAdapter'
[LOG 23:21:43.413] PartLoader: Compiling Part 'Squad/Parts/FuelTank/mk2FuselageLong/LFO_long/mk2FuselageLongLFO'
[LOG 23:21:43.418] PartLoader: Compiling Part 'Squad/Parts/FuelTank/mk2FuselageLong/L_long/mk2Fuselage'
[LOG 23:21:43.424] PartLoader: Compiling Part 'Squad/Parts/FuelTank/mk2FuselageShort/LFO_short/mk2FuselageShortLFO'
[LOG 23:21:43.430] PartLoader: Compiling Part 'Squad/Parts/FuelTank/mk2FuselageShort/L_short/mk2FuselageShortLiquid'
[LOG 23:21:43.434] PartLoader: Compiling Part 'Squad/Parts/FuelTank/mk2FuselageShort/Mono_short/mk2FuselageShortMono'
[LOG 23:21:43.442] PartLoader: Compiling Part 'Squad/Parts/FuelTank/mk3Fuselage/CREW/mk3CrewCabin'
[LOG 23:21:43.448] PartLoader: Compiling Part 'Squad/Parts/FuelTank/mk3Fuselage/LFO_100/mk3FuselageLFO_100'
[LOG 23:21:43.451] PartLoader: Compiling Part 'Squad/Parts/FuelTank/mk3Fuselage/LFO_25/mk3FuselageLFO_25'
[LOG 23:21:43.457] PartLoader: Compiling Part 'Squad/Parts/FuelTank/mk3Fuselage/LFO_50/mk3FuselageLFO_50'
[LOG 23:21:43.461] PartLoader: Compiling Part 'Squad/Parts/FuelTank/mk3Fuselage/LF_100/mk3FuselageLF_100'
[LOG 23:21:43.466] PartLoader: Compiling Part 'Squad/Parts/FuelTank/mk3Fuselage/LF_25/mk3FuselageLF_25'
[LOG 23:21:43.472] PartLoader: Compiling Part 'Squad/Parts/FuelTank/mk3Fuselage/LF_50/mk3FuselageLF_50'
[LOG 23:21:43.479] PartLoader: Compiling Part 'Squad/Parts/FuelTank/mk3Fuselage/MONO/mk3FuselageMONO'
[LOG 23:21:43.482] PartLoader: Compiling Part 'Squad/Parts/FuelTank/RCSFuelTankR1/RCSFuelTankR1/RCSTank1-2'
[LOG 23:21:43.484] PartLoader: Compiling Part 'Squad/Parts/FuelTank/RCSFuelTankR10/RCSFuelTankR10/rcsTankMini'
[LOG 23:21:43.488] PartLoader: Compiling Part 'Squad/Parts/FuelTank/RCSFuelTankR25/RCSFuelTankR25/RCSFuelTank'
[LOG 23:21:43.494] PartLoader: Compiling Part 'Squad/Parts/FuelTank/RCSTankRadial/radialRCSTank/radialRCSTank'
[LOG 23:21:43.498] PartLoader: Compiling Part 'Squad/Parts/FuelTank/RCStankRadialLong/RCSTankRadialLong/rcsTankRadialLong'
[LOG 23:21:43.506] PartLoader: Compiling Part 'Squad/Parts/FuelTank/RockomaxTanks/Rockomax16/Rockomax16_BW'
[LOG 23:21:43.513] PartLoader: Compiling Part 'Squad/Parts/FuelTank/RockomaxTanks/Rockomax32/Rockomax32_BW'
[LOG 23:21:43.519] PartLoader: Compiling Part 'Squad/Parts/FuelTank/RockomaxTanks/Rockomax64/Rockomax64_BW'
[LOG 23:21:43.524] PartLoader: Compiling Part 'Squad/Parts/FuelTank/RockomaxTanks/Rockomax8/Rockomax8BW'
[LOG 23:21:43.531] PartLoader: Compiling Part 'Squad/Parts/FuelTank/Size1_Tanks/fuelTankT100/fuelTankSmallFlat'
[LOG 23:21:43.537] PartLoader: Compiling Part 'Squad/Parts/FuelTank/Size1_Tanks/fuelTankT200/fuelTankSmall'
[LOG 23:21:43.544] PartLoader: Compiling Part 'Squad/Parts/FuelTank/Size1_Tanks/fuelTankT400/fuelTank'
[LOG 23:21:43.553] PartLoader: Compiling Part 'Squad/Parts/FuelTank/Size1_Tanks/fuelTankT800/fuelTank_long'
[LOG 23:21:43.556] PartLoader: Compiling Part 'Squad/Parts/FuelTank/Size3Tanks/large/Size3LargeTank'
[LOG 23:21:43.559] PartLoader: Compiling Part 'Squad/Parts/FuelTank/Size3Tanks/medium/Size3MediumTank'
[LOG 23:21:43.562] PartLoader: Compiling Part 'Squad/Parts/FuelTank/Size3Tanks/small/Size3SmallTank'
[LOG 23:21:43.565] PartLoader: Compiling Part 'Squad/Parts/FuelTank/xenonTank/xenonTank/xenonTank'
[LOG 23:21:43.569] PartLoader: Compiling Part 'Squad/Parts/FuelTank/xenonTankLarge/xenonTankLarge/xenonTankLarge'
[LOG 23:21:43.572] PartLoader: Compiling Part 'Squad/Parts/FuelTank/xenonTankRadial/xenonTankRadial/xenonTankRadial'
[LOG 23:21:43.575] PartLoader: Compiling Part 'Squad/Parts/Misc/AsteroidDay/CamSat/InfraredTelescope'
[LOG 23:21:43.589] PartLoader: Compiling Part 'Squad/Parts/Misc/AsteroidDay/HECS2/HECS2_ProbeCore'
[LOG 23:21:43.603] PartLoader: Compiling Part 'Squad/Parts/Misc/AsteroidDay/HighGainAntenna/HighGainAntenna'
[LOG 23:21:43.624] PartLoader: Compiling Part 'Squad/Parts/Misc/AsteroidDay/LgRadialSolar/LgRadialSolarPanel'
[LOG 23:21:43.630] PartLoader: Compiling Part 'Squad/Parts/Misc/PotatoComet/part/PotatoComet'
[LOG 23:21:43.652] PartLoader: Compiling Part 'Squad/Parts/Misc/PotatoRoid/part/PotatoRoid'
[LOG 23:21:43.678] PartLoader: Compiling Part 'Squad/Parts/Prebuilt/flag/flag'
[LOG 23:21:43.681] PartLoader: Compiling Part 'Squad/Parts/Prebuilt/kerbalEVA/kerbalEVA'
[LOG 23:21:43.707] PartLoader: Compiling Part 'Squad/Parts/Prebuilt/kerbalEVAfemale/kerbalEVAfemale'
[LOG 23:21:43.717] PartLoader: Compiling Part 'Squad/Parts/Prebuilt/kerbalEVASlimSuit/kerbalEVASlimSuit'
[LOG 23:21:43.723] PartLoader: Compiling Part 'Squad/Parts/Prebuilt/kerbalEVASlimSuitFemale/kerbalEVASlimSuitFemale'
[LOG 23:21:43.732] PartLoader: Compiling Part 'Squad/Parts/Resources/FuelCell/FuelCell/FuelCell'
[LOG 23:21:43.744] PartLoader: Compiling Part 'Squad/Parts/Resources/FuelCell/FuelCellArray/FuelCellArray'
[LOG 23:21:43.748] PartLoader: Compiling Part 'Squad/Parts/Resources/ISRU/ISRU/ISRU'
[LOG 23:21:43.763] PartLoader: Compiling Part 'Squad/Parts/Resources/LargeTank/LargeTank/LargeTank'
[LOG 23:21:43.770] PartLoader: Compiling Part 'Squad/Parts/Resources/MiniDrill/MiniDrill/MiniDrill'
[LOG 23:21:43.795] PartLoader: Compiling Part 'Squad/Parts/Resources/MiniISRU/MiniISRU/MiniISRU'
[LOG 23:21:43.802] PartLoader: Compiling Part 'Squad/Parts/Resources/OrbitalScanner/OrbitalScanner/OrbitalScanner'
[LOG 23:21:43.812] PartLoader: Compiling Part 'Squad/Parts/Resources/RadialDrill/RadialDrill/RadialDrill'
[LOG 23:21:43.822] PartLoader: Compiling Part 'Squad/Parts/Resources/RadialTank/RadialTank/RadialOreTank'
[LOG 23:21:43.828] PartLoader: Compiling Part 'Squad/Parts/Resources/SmallTank/SmallTank/SmallTank'
[LOG 23:21:43.831] PartLoader: Compiling Part 'Squad/Parts/Resources/SurfaceScanner/SurfaceScanner/SurfaceScanner'
[LOG 23:21:43.863] PartLoader: Compiling Part 'Squad/Parts/Resources/SurveyScanner/SurveyScanner/SurveyScanner'
[LOG 23:21:43.876] PartLoader: Compiling Part 'Squad/Parts/Science/AtmosphereSensor/sensorAtmosphere/sensorAtmosphere'
[LOG 23:21:43.880] PartLoader: Compiling Part 'Squad/Parts/Science/GooExperiment/gooExperiment/GooExperiment'
[LOG 23:21:43.886] PartLoader: Compiling Part 'Squad/Parts/Science/LargeCrewedLab/largeCrewedLab/Large_Crewed_Lab'
[LOG 23:21:43.912] PartLoader: Compiling Part 'Squad/Parts/Science/Magnetometer/Magnetometer/Magnetometer'
[LOG 23:21:43.922] PartLoader: Compiling Part 'Squad/Parts/Science/MaterialBay/materialBay/science_module'
[LOG 23:21:43.927] PartLoader: Compiling Part 'Squad/Parts/Science/ScienceBox/ScienceBox/ScienceBox'
[LOG 23:21:43.929] PartLoader: Compiling Part 'Squad/Parts/Science/sensorAccelerometer/sensorAccelerometer/sensorAccelerometer'
[LOG 23:21:43.938] PartLoader: Compiling Part 'Squad/Parts/Science/sensorBarometer/sensorBarometer/sensorBarometer'
[LOG 23:21:43.945] PartLoader: Compiling Part 'Squad/Parts/Science/sensorGravimeter/sensorGravimeter/sensorGravimeter'
[LOG 23:21:43.951] PartLoader: Compiling Part 'Squad/Parts/Science/sensorThermometer/sensorThermometer/sensorThermometer'
[LOG 23:21:43.955] PartLoader: Compiling Part 'Squad/Parts/Structural/FLAdapters/adapterSmallMiniShort/adapterSmallMiniShort'
[LOG 23:21:43.958] PartLoader: Compiling Part 'Squad/Parts/Structural/FLAdapters/adapterSmallMiniTall/adapterSmallMiniTall'
[LOG 23:21:43.960] PartLoader: Compiling Part 'Squad/Parts/Structural/mk1Parts/engineBodyRadial/radialEngineBody'
[LOG 23:21:43.966] PartLoader: Compiling Part 'Squad/Parts/Structural/mk1Parts/engineNacelle/nacelleBody'
[LOG 23:21:43.970] PartLoader: Compiling Part 'Squad/Parts/Structural/mk1Parts/mk1Fuselage/MK1Fuselage'
[LOG 23:21:43.973] PartLoader: Compiling Part 'Squad/Parts/Structural/mk1Parts/mk1FuselageIntake/MK1IntakeFuselage'
[LOG 23:21:43.976] PartLoader: Compiling Part 'Squad/Parts/Structural/mk1Parts/mk1Structural/Mk1FuselageStructural'
[LOG 23:21:43.979] PartLoader: Compiling Part 'Squad/Parts/Structural/Size3To2Adapter_v2/Size2to3_v2/Size3To2Adapter_v2'
[LOG 23:21:43.985] PartLoader: Compiling Part 'Squad/Parts/Structural/stackAdapters/adapterLargeSmallBi/adapterLargeSmallBi'
[LOG 23:21:43.991] PartLoader: Compiling Part 'Squad/Parts/Structural/stackAdapters/adapterLargeSmallQuad/adapterLargeSmallQuad'
[LOG 23:21:43.995] PartLoader: Compiling Part 'Squad/Parts/Structural/stackAdapters/adapterLargeSmallTri/adapterLargeSmallTri'
[LOG 23:21:43.998] PartLoader: Compiling Part 'Squad/Parts/Structural/stationHub/stationHub/stationHub'
[LOG 23:21:44.001] PartLoader: Compiling Part 'Squad/Parts/Structural/structuralIBeam200/structuralIBeam200/structuralIBeam2'
[LOG 23:21:44.004] PartLoader: Compiling Part 'Squad/Parts/Structural/structuralIBeam200Pocket/structuralIBeam200Pocket/structuralIBeam3'
[LOG 23:21:44.006] PartLoader: Compiling Part 'Squad/Parts/Structural/structuralIBeam650/structuralIBeam650/structuralIBeam1'
[LOG 23:21:44.009] PartLoader: Compiling Part 'Squad/Parts/Structural/structuralMicronode/structuralMicronode/structuralMiniNode'
[LOG 23:21:44.015] PartLoader: Compiling Part 'Squad/Parts/Structural/structuralPanel1x1/structuralPanel1x1/structuralPanel1'
[LOG 23:21:44.020] PartLoader: Compiling Part 'Squad/Parts/Structural/structuralPanel2x2/structuralPanel2x2/structuralPanel2'
[LOG 23:21:44.028] PartLoader: Compiling Part 'Squad/Parts/Structural/structuralPylons/smallHardpoint/smallHardpoint'
[LOG 23:21:44.040] PartLoader: Compiling Part 'Squad/Parts/Structural/structuralPylons/structuralPylon/structuralPylon'
[LOG 23:21:44.050] PartLoader: Compiling Part 'Squad/Parts/Structural/strutCubicOcto/strutCubicOcto/strutCube'
[LOG 23:21:44.055] PartLoader: Compiling Part 'Squad/Parts/Structural/strutOcto/strutOcto/strutOcto'
[LOG 23:21:44.060] PartLoader: Compiling Part 'Squad/Parts/Structural/trussGirderAdapter/trussGirderAdapter/trussAdapter'
[LOG 23:21:44.070] PartLoader: Compiling Part 'Squad/Parts/Structural/trussGirderL/trussGirderL/trussPiece1x'
[LOG 23:21:44.075] PartLoader: Compiling Part 'Squad/Parts/Structural/trussGirderXL/trussGirderXL/trussPiece3x'
[LOG 23:21:44.079] PartLoader: Compiling Part 'Squad/Parts/Thermal/FoldingRadiators/foldingRadLarge/foldingRadLarge'
[LOG 23:21:44.106] PartLoader: Compiling Part 'Squad/Parts/Thermal/FoldingRadiators/foldingRadMed/foldingRadMed'
[LOG 23:21:44.118] PartLoader: Compiling Part 'Squad/Parts/Thermal/FoldingRadiators/foldingRadSmall/foldingRadSmall'
[LOG 23:21:44.144] PartLoader: Compiling Part 'Squad/Parts/Thermal/RadiatorPanels/radPanelEdge/radPanelEdge'
[LOG 23:21:44.149] PartLoader: Compiling Part 'Squad/Parts/Thermal/RadiatorPanels/radPanelLg/radPanelLg'
[LOG 23:21:44.156] PartLoader: Compiling Part 'Squad/Parts/Thermal/RadiatorPanels/radPanelSm/radPanelSm'
[LOG 23:21:44.163] PartLoader: Compiling Part 'Squad/Parts/Utility/commDish88-88/commDish88-88/commDish'
[LOG 23:21:44.175] PartLoader: Compiling Part 'Squad/Parts/Utility/commsAntennaDTS-M1/commsAntennaDTS-M1/mediumDishAntenna'
[LOG 23:21:44.185] PartLoader: Compiling Part 'Squad/Parts/Utility/commsDish16/commsAntenna16/longAntenna'
[LOG 23:21:44.193] PartLoader: Compiling Part 'Squad/Parts/Utility/decouplerRadialHDM/decouplerRadialHDM/radialDecoupler1-2'
[LOG 23:21:44.202] PartLoader: Compiling Part 'Squad/Parts/Utility/decouplerRadialTT-38K/decouplerRadialTT-38K/radialDecoupler'
[LOG 23:21:44.207] PartLoader: Compiling Part 'Squad/Parts/Utility/decouplerRadialTT-70/decouplerRadialTT-70/radialDecoupler2'
[LOG 23:21:44.210] PartLoader: Compiling Part 'Squad/Parts/Utility/DirectAntennas/C16S/SurfAntenna'
[LOG 23:21:44.215] PartLoader: Compiling Part 'Squad/Parts/Utility/DirectAntennas/HG-5/HighGainAntenna5'
[LOG 23:21:44.223] PartLoader: Compiling Part 'Squad/Parts/Utility/DirectAntennas/HG-5_v2/HighGainAntenna5_v2'
[LOG 23:21:44.228] PartLoader: Compiling Part 'Squad/Parts/Utility/dockingPort/dockingPort/dockingPort2'
[LOG 23:21:44.246] PartLoader: Compiling Part 'Squad/Parts/Utility/dockingPortInline/dockingPortInline/dockingPortLateral'
[LOG 23:21:44.257] PartLoader: Compiling Part 'Squad/Parts/Utility/dockingPortJr/dockingPortJr/dockingPort3'
[LOG 23:21:44.262] PartLoader: Compiling Part 'Squad/Parts/Utility/dockingPortShielded/dockingPortShielded/dockingPort1'
[LOG 23:21:44.270] PartLoader: Compiling Part 'Squad/Parts/Utility/dockingPortSr/dockingPortSr/dockingPortLarge'
[LOG 23:21:44.278] PartLoader: Compiling Part 'Squad/Parts/Utility/Fireworks/fireworksLauncherBig/fireworksLauncherBig'
[LOG 23:21:44.301] PartLoader: Compiling Part 'Squad/Parts/Utility/Fireworks/fireworksLauncherSmall/fireworksLauncherSmall'
[LOG 23:21:44.311] PartLoader: Compiling Part 'Squad/Parts/Utility/flags/flagFlat/flagFlat/flagPartFlat'
[LOG 23:21:44.321] PartLoader: Compiling Part 'Squad/Parts/Utility/flags/flagSize0/flagSize0/flagPartSize0'
[LOG 23:21:44.327] PartLoader: Compiling Part 'Squad/Parts/Utility/flags/flagSize1/flagSize1/flagPartSize1'
[LOG 23:21:44.333] PartLoader: Compiling Part 'Squad/Parts/Utility/flags/flagSize2/flagSize2/flagPartSize2'
[LOG 23:21:44.340] PartLoader: Compiling Part 'Squad/Parts/Utility/flags/flagSize3/flagSize3/flagPartSize3'
[LOG 23:21:44.347] PartLoader: Compiling Part 'Squad/Parts/Utility/GrapplingDevice/part/GrapplingDevice'
[LOG 23:21:44.359] PartLoader: Compiling Part 'Squad/Parts/Utility/ladderRadial/ladderRadial/ladder1'
[LOG 23:21:44.362] PartLoader: Compiling Part 'Squad/Parts/Utility/ladderTelescopic/ladderTelescopic/telescopicLadder'
[LOG 23:21:44.369] PartLoader: Compiling Part 'Squad/Parts/Utility/ladderTelescopicBay/ladderTelescopicBay/telescopicLadderBay'
[LOG 23:21:44.385] PartLoader: Compiling Part 'Squad/Parts/Utility/landingLegLT-1/landingLegLT-1/landingLeg1'
[LOG 23:21:44.415] PartLoader: Compiling Part 'Squad/Parts/Utility/landingLegLT-2/landingLegLT-2/landingLeg1-2'
[LOG 23:21:44.425] PartLoader: Compiling Part 'Squad/Parts/Utility/landingLegLT-5/landingLegLT-5/miniLandingLeg'
[LOG 23:21:44.432] PartLoader: Compiling Part 'Squad/Parts/Utility/launchClamp1/launchClamp1/launchClamp1'
[LOG 23:21:44.447] PartLoader: Compiling Part 'Squad/Parts/Utility/launchEscapeSystem/part/LaunchEscapeSystem'
[LOG 23:21:44.455] PartLoader: Compiling Part 'Squad/Parts/Utility/Lights/domeLight1/domeLight1'
[LOG 23:21:44.460] PartLoader: Compiling Part 'Squad/Parts/Utility/Lights/groundLight1/groundLight1'
[LOG 23:21:44.471] PartLoader: Compiling Part 'Squad/Parts/Utility/Lights/groundLight2/groundLight2'
[LOG 23:21:44.476] PartLoader: Compiling Part 'Squad/Parts/Utility/Lights/navLight1/navLight1'
[LOG 23:21:44.482] PartLoader: Compiling Part 'Squad/Parts/Utility/Lights/spotLight1/spotLight3'
[LOG 23:21:44.488] PartLoader: Compiling Part 'Squad/Parts/Utility/Lights/stripLight1/stripLight1'
[LOG 23:21:44.493] PartLoader: Compiling Part 'Squad/Parts/Utility/linearVernorRCS/linearRCS/linearRcs'
[LOG 23:21:44.503] PartLoader: Compiling Part 'Squad/Parts/Utility/linearVernorRCS/vernorEngine/vernierEngine'
[LOG 23:21:44.511] PartLoader: Compiling Part 'Squad/Parts/Utility/mk2CargoBay/BayL/mk2CargoBayL'
[LOG 23:21:44.515] PartLoader: Compiling Part 'Squad/Parts/Utility/mk2CargoBay/BayS/mk2CargoBayS'
[LOG 23:21:44.520] PartLoader: Compiling Part 'Squad/Parts/Utility/mk2CrewCabin/mk2CrewCabin/mk2CrewCabin'
[WRN 23:21:44.523] [Part]: Cannot have ModuleCargoPart and ModuleInventoryPart on same Part [mk2CrewCabin'. Removed ModuleCargoPart
[LOG 23:21:44.533] PartLoader: Compiling Part 'Squad/Parts/Utility/mk2DockingPort/mk2DockingPort/mk2DockingPort'
[LOG 23:21:44.545] PartLoader: Compiling Part 'Squad/Parts/Utility/mk3CargoBay/long/mk3CargoBayL'
[LOG 23:21:44.553] PartLoader: Compiling Part 'Squad/Parts/Utility/mk3CargoBay/medium/mk3CargoBayM'
[LOG 23:21:44.560] PartLoader: Compiling Part 'Squad/Parts/Utility/mk3CargoBay/ramp/mk3CargoRamp'
[LOG 23:21:44.567] PartLoader: Compiling Part 'Squad/Parts/Utility/mk3CargoBay/short/mk3CargoBayS'
[LOG 23:21:44.573] PartLoader: Compiling Part 'Squad/Parts/Utility/parachuteMk1/parachuteMk1/parachuteSingle'
[LOG 23:21:44.602] PartLoader: Compiling Part 'Squad/Parts/Utility/parachuteMk12-R/parachuteMk12-R/radialDrogue'
[LOG 23:21:44.611] PartLoader: Compiling Part 'Squad/Parts/Utility/parachuteMk16-XL/parachuteMk16-XL/parachuteLarge'
[LOG 23:21:44.636] PartLoader: Compiling Part 'Squad/Parts/Utility/parachuteMk2-R/parachuteMk2-R/parachuteRadial'
[LOG 23:21:44.646] PartLoader: Compiling Part 'Squad/Parts/Utility/parachuteMk25/parachuteMk25/parachuteDrogue'
[LOG 23:21:44.653] PartLoader: Compiling Part 'Squad/Parts/Utility/radialAttachmentPoint/radialAttachmentPoint/stackPoint1'
[LOG 23:21:44.656] PartLoader: Compiling Part 'Squad/Parts/Utility/rcsBlockRV-105_v2/rcsBlockRV-105/RCSBlock_v2'
[LOG 23:21:44.664] PartLoader: Compiling Part 'Squad/Parts/Utility/rcsBlockRV-105_v2/RCSblock_01_small/RCSblock_01_small'
[LOG 23:21:44.676] PartLoader: Compiling Part 'Squad/Parts/Utility/rcsSmallLinear/RCSLinearSmall/RCSLinearSmall'
[LOG 23:21:44.682] PartLoader: Compiling Part 'Squad/Parts/Utility/RelayAntennas/RA-100/RelayAntenna100'
[LOG 23:21:44.686] PartLoader: Compiling Part 'Squad/Parts/Utility/RelayAntennas/RA-5/RelayAntenna5'
[LOG 23:21:44.689] PartLoader: Compiling Part 'Squad/Parts/Utility/RelayAntennas/RA-50/RelayAntenna50'
[LOG 23:21:44.694] PartLoader: Compiling Part 'Squad/Parts/Utility/rockomaxAdapters/largeAdapter/largeAdapter'
[LOG 23:21:44.698] PartLoader: Compiling Part 'Squad/Parts/Utility/rockomaxAdapters/largeAdapterShort/largeAdapter2'
[LOG 23:21:44.704] PartLoader: Compiling Part 'Squad/Parts/Utility/ServiceBay_v2/ServiceBay_125_v2/ServiceBay_125_v2'
[LOG 23:21:44.714] PartLoader: Compiling Part 'Squad/Parts/Utility/ServiceBay_v2/ServiceBay_250_v2/ServiceBay_250_v2'
[LOG 23:21:44.720] PartLoader: Compiling Part 'Squad/Parts/Utility/smallClaw/smallClaw/smallClaw'
[LOG 23:21:44.728] PartLoader: Compiling Part 'Squad/Parts/Utility/spotLightMk1/spotLightMk1/spotLight1'
[LOG 23:21:44.733] PartLoader: Compiling Part 'Squad/Parts/Utility/spotLightMk1_v2/spotLightMk1_v2/spotLight1_v2'
[LOG 23:21:44.740] PartLoader: Compiling Part 'Squad/Parts/Utility/spotLightMk2/spotLightMk2/spotLight2'
[LOG 23:21:44.744] PartLoader: Compiling Part 'Squad/Parts/Utility/spotLightMk2_v2/spotLightMk2_v2/spotLight2_v2'
[LOG 23:21:44.751] PartLoader: Compiling Part 'Squad/Parts/Utility/stackCouplers/stackBiCoupler_v2/stackBiCoupler_v2'
[LOG 23:21:44.757] PartLoader: Compiling Part 'Squad/Parts/Utility/stackCouplers/stackQuadCoupler/stackQuadCoupler'
[LOG 23:21:44.762] PartLoader: Compiling Part 'Squad/Parts/Utility/stackCouplers/stackTriCoupler_v2/stackTriCoupler_v2'
[LOG 23:21:44.766] PartLoader: Compiling Part 'Squad/Parts/Wheel/LandingGear/GearExtraLarge/GearLarge'
[LOG 23:21:44.793] PartLoader: Compiling Part 'Squad/Parts/Wheel/LandingGear/GearFixed/GearFixed'
[LOG 23:21:44.798] PartLoader: Compiling Part 'Squad/Parts/Wheel/LandingGear/GearFree/GearFree'
[LOG 23:21:44.809] PartLoader: Compiling Part 'Squad/Parts/Wheel/LandingGear/GearLarge/GearMedium'
[LOG 23:21:44.829] PartLoader: Compiling Part 'Squad/Parts/Wheel/LandingGear/GearMedium/GearSmall'
[LOG 23:21:44.851] PartLoader: Compiling Part 'Squad/Parts/Wheel/LandingGear/GearSmall/SmallGearBay'
[LOG 23:21:44.873] PartLoader: Compiling Part 'Squad/Parts/Wheel/roverWheelM1/roverWheelM1/roverWheel1'
[LOG 23:21:44.891] PartLoader: Compiling Part 'Squad/Parts/Wheel/roverWheelS2/roverWheelS2/roverWheel2'
[LOG 23:21:44.903] PartLoader: Compiling Part 'Squad/Parts/Wheel/roverWheelTR-2L/roverWheelTR-2L/wheelMed'
[LOG 23:21:44.915] PartLoader: Compiling Part 'Squad/Parts/Wheel/roverWheelXL3/roverWheelXL3/roverWheel3'
[LOG 23:21:44.931] PartLoader: Compiling Part 'SquadExpansion/MakingHistory/Parts/Aero/protectiveRocketNoseMk16/rocketNoseCone_size4/rocketNoseConeSize4'
[LOG 23:21:44.935] PartLoader: Compiling Part 'SquadExpansion/MakingHistory/Parts/Aero/protectiveRocketNoseMk5A/Size_1_5_Cone/Size_1_5_Cone'
[LOG 23:21:44.941] PartLoader: Compiling Part 'SquadExpansion/MakingHistory/Parts/Coupling/Decoupler_1p5/Decoupler_1p5'
[LOG 23:21:44.948] PartLoader: Compiling Part 'SquadExpansion/MakingHistory/Parts/Coupling/Decoupler_4/Decoupler_4'
[LOG 23:21:44.959] PartLoader: Compiling Part 'SquadExpansion/MakingHistory/Parts/Coupling/EnginePlate_1p5/EnginePlate1p5'
[LOG 23:21:44.979] PartLoader: Compiling Part 'SquadExpansion/MakingHistory/Parts/Coupling/EnginePlate_2/EnginePlate2'
[LOG 23:21:44.990] PartLoader: Compiling Part 'SquadExpansion/MakingHistory/Parts/Coupling/EnginePlate_3/EnginePlate3'
[LOG 23:21:44.997] PartLoader: Compiling Part 'SquadExpansion/MakingHistory/Parts/Coupling/EnginePlate_4/EnginePlate4'
[LOG 23:21:45.003] PartLoader: Compiling Part 'SquadExpansion/MakingHistory/Parts/Coupling/EnginePlate_5/EnginePlate5'
[LOG 23:21:45.009] PartLoader: Compiling Part 'SquadExpansion/MakingHistory/Parts/Coupling/InflatableAirlock/InflatableAirlock'
[LOG 23:21:45.015] PartLoader: Compiling Part 'SquadExpansion/MakingHistory/Parts/Coupling/Separator_1p5/Separator_1p5'
[LOG 23:21:45.023] PartLoader: Compiling Part 'SquadExpansion/MakingHistory/Parts/Coupling/Separator_4/Separator_4'
[LOG 23:21:45.028] PartLoader: Compiling Part 'SquadExpansion/MakingHistory/Parts/Coupling/Size1p5_Strut_Decoupler/Size1p5_Strut_Decoupler'
[LOG 23:21:45.035] PartLoader: Compiling Part 'SquadExpansion/MakingHistory/Parts/Engine/LiquidEngineKE-1/LiquidEngineKE-1'
[LOG 23:21:45.048] PartLoader: Compiling Part 'SquadExpansion/MakingHistory/Parts/Engine/LiquidEngineLV-T91/LiquidEngineLV-T91'
[LOG 23:21:45.061] PartLoader: Compiling Part 'SquadExpansion/MakingHistory/Parts/Engine/LiquidEngineLV-TX87/LiquidEngineLV-TX87'
[LOG 23:21:45.074] PartLoader: Compiling Part 'SquadExpansion/MakingHistory/Parts/Engine/LiquidEngineRE-I2/LiquidEngineRE-I2'
[LOG 23:21:45.084] PartLoader: Compiling Part 'SquadExpansion/MakingHistory/Parts/Engine/LiquidEngineRE-J10/LiquidEngineRE-J10'
[LOG 23:21:45.095] PartLoader: Compiling Part 'SquadExpansion/MakingHistory/Parts/Engine/LiquidEngineRK-7/LiquidEngineRK-7'
[LOG 23:21:45.107] PartLoader: Compiling Part 'SquadExpansion/MakingHistory/Parts/Engine/LiquidEngineRV-1/LiquidEngineRV-1'
[LOG 23:21:45.115] PartLoader: Compiling Part 'SquadExpansion/MakingHistory/Parts/Engine/solidBoosterTHK/solidBoosterTHK/Pollux'
[LOG 23:21:45.121] PartLoader: Compiling Part 'SquadExpansion/MakingHistory/Parts/FuelTank/MonoPropMini/monopropMiniSphere'
[LOG 23:21:45.123] PartLoader: Compiling Part 'SquadExpansion/MakingHistory/Parts/FuelTank/Size1p5_Monoprop/Size1p5_Monoprop'
[LOG 23:21:45.127] PartLoader: Compiling Part 'SquadExpansion/MakingHistory/Parts/FuelTank/Size1p5_Size0_Adapter_01/Size1p5_Size0_Adapter_01'
[LOG 23:21:45.130] PartLoader: Compiling Part 'SquadExpansion/MakingHistory/Parts/FuelTank/Size1p5_Size1_Adapter_01/Size1p5_Size1_Adapter_01'
[LOG 23:21:45.133] PartLoader: Compiling Part 'SquadExpansion/MakingHistory/Parts/FuelTank/Size1p5_Size1_Adapter_02/Size1p5_Size1_Adapter_02'
[LOG 23:21:45.136] PartLoader: Compiling Part 'SquadExpansion/MakingHistory/Parts/FuelTank/Size1p5_Size2_Adapter_01/Size1p5_Size2_Adapter_01'
[LOG 23:21:45.138] PartLoader: Compiling Part 'SquadExpansion/MakingHistory/Parts/FuelTank/Size1p5_Tank_01/Size1p5_Tank_01'
[LOG 23:21:45.142] PartLoader: Compiling Part 'SquadExpansion/MakingHistory/Parts/FuelTank/Size1p5_Tank_02/Size1p5_Tank_02'
[LOG 23:21:45.147] PartLoader: Compiling Part 'SquadExpansion/MakingHistory/Parts/FuelTank/Size1p5_Tank_03/Size1p5_Tank_03'
[LOG 23:21:45.150] PartLoader: Compiling Part 'SquadExpansion/MakingHistory/Parts/FuelTank/Size1p5_Tank_04/Size1p5_Tank_04'
[LOG 23:21:45.154] PartLoader: Compiling Part 'SquadExpansion/MakingHistory/Parts/FuelTank/Size1p5_Tank_05/Size1p5_Tank_05'
[LOG 23:21:45.159] PartLoader: Compiling Part 'SquadExpansion/MakingHistory/Parts/FuelTank/Size3_Size4_Adapter_01/Size3_Size4_Adapter_01'
[LOG 23:21:45.162] PartLoader: Compiling Part 'SquadExpansion/MakingHistory/Parts/FuelTank/Size4_EngineAdapter_01/Size4_EngineAdapter_01'
[LOG 23:21:45.166] PartLoader: Compiling Part 'SquadExpansion/MakingHistory/Parts/FuelTank/Size4_Tank_01/Size4_Tank_01'
[LOG 23:21:45.170] PartLoader: Compiling Part 'SquadExpansion/MakingHistory/Parts/FuelTank/Size4_Tank_02/Size4_Tank_02'
[LOG 23:21:45.172] PartLoader: Compiling Part 'SquadExpansion/MakingHistory/Parts/FuelTank/Size4_Tank_03/Size4_Tank_03'
[LOG 23:21:45.174] PartLoader: Compiling Part 'SquadExpansion/MakingHistory/Parts/FuelTank/Size4_Tank_04/Size4_Tank_04'
[LOG 23:21:45.176] PartLoader: Compiling Part 'SquadExpansion/MakingHistory/Parts/Ground/RoverWheel/roverWheelM1-F'
[LOG 23:21:45.192] PartLoader: Compiling Part 'SquadExpansion/MakingHistory/Parts/Payload/fairingSize1p5/fairingSize1p5'
[LOG 23:21:45.203] PartLoader: Compiling Part 'SquadExpansion/MakingHistory/Parts/Payload/fairingSize4/fairingSize4'
[LOG 23:21:45.215] PartLoader: Compiling Part 'SquadExpansion/MakingHistory/Parts/Payload/Size1to0ServiceModule/Size1to0ServiceModule'
[LOG 23:21:45.230] PartLoader: Compiling Part 'SquadExpansion/MakingHistory/Parts/Payload/SM18/ServiceModule18'
[LOG 23:21:45.240] PartLoader: Compiling Part 'SquadExpansion/MakingHistory/Parts/Payload/SM25/ServiceModule25'
[LOG 23:21:45.250] PartLoader: Compiling Part 'SquadExpansion/MakingHistory/Parts/Pods/KV1Pod/kv1Pod'
[WRN 23:21:45.254] [Part]: Cannot have ModuleCargoPart and ModuleInventoryPart on same Part [kv1Pod'. Removed ModuleCargoPart
[LOG 23:21:45.260] PartLoader: Compiling Part 'SquadExpansion/MakingHistory/Parts/Pods/KV2Pod/kv2Pod'
[WRN 23:21:45.266] [Part]: Cannot have ModuleCargoPart and ModuleInventoryPart on same Part [kv2Pod'. Removed ModuleCargoPart
[LOG 23:21:45.273] PartLoader: Compiling Part 'SquadExpansion/MakingHistory/Parts/Pods/KV3Pod/kv3Pod'
[WRN 23:21:45.278] [Part]: Cannot have ModuleCargoPart and ModuleInventoryPart on same Part [kv3Pod'. Removed ModuleCargoPart
[LOG 23:21:45.284] PartLoader: Compiling Part 'SquadExpansion/MakingHistory/Parts/Pods/Mk2Pod/Mk2Pod'
[WRN 23:21:45.287] [Part]: Cannot have ModuleCargoPart and ModuleInventoryPart on same Part [Mk2Pod'. Removed ModuleCargoPart
[LOG 23:21:45.294] PartLoader: Compiling Part 'SquadExpansion/MakingHistory/Parts/Pods/Size1_5_Lander/MEMLander'
[WRN 23:21:45.303] [Part]: Cannot add ModuleCargoPart as this Part 'MEMLander' already has a ModuleInventoryPart PartModule and they are mutually exclusive.
[LOG 23:21:45.310] PartLoader: Compiling Part 'SquadExpansion/MakingHistory/Parts/Prebuilt/kerbalEVAfemaleVintage/kerbalEVAfemaleVintage'
[LOG 23:21:45.320] PartLoader: Compiling Part 'SquadExpansion/MakingHistory/Parts/Prebuilt/kerbalEVAVintage/kerbalEVAVintage'
[LOG 23:21:45.328] PartLoader: Compiling Part 'SquadExpansion/MakingHistory/Parts/Structural/EquiTriangle0/EquiTriangle0'
[LOG 23:21:45.336] PartLoader: Compiling Part 'SquadExpansion/MakingHistory/Parts/Structural/EquiTriangle1/EquiTriangle1'
[LOG 23:21:45.341] PartLoader: Compiling Part 'SquadExpansion/MakingHistory/Parts/Structural/EquiTriangle1p5/EquiTriangle1p5'
[LOG 23:21:45.345] PartLoader: Compiling Part 'SquadExpansion/MakingHistory/Parts/Structural/EquiTriangle2/EquiTriangle2'
[LOG 23:21:45.349] PartLoader: Compiling Part 'SquadExpansion/MakingHistory/Parts/Structural/Panel0/Panel0'
[LOG 23:21:45.354] PartLoader: Compiling Part 'SquadExpansion/MakingHistory/Parts/Structural/Panel1/Panel1'
[LOG 23:21:45.359] PartLoader: Compiling Part 'SquadExpansion/MakingHistory/Parts/Structural/Panel1p5/Panel1p5'
[LOG 23:21:45.362] PartLoader: Compiling Part 'SquadExpansion/MakingHistory/Parts/Structural/Panel2/Panel2'
[LOG 23:21:45.365] PartLoader: Compiling Part 'SquadExpansion/MakingHistory/Parts/Structural/Triangle0/Triangle0'
[LOG 23:21:45.372] PartLoader: Compiling Part 'SquadExpansion/MakingHistory/Parts/Structural/Triangle1/Triangle1'
[LOG 23:21:45.377] PartLoader: Compiling Part 'SquadExpansion/MakingHistory/Parts/Structural/Triangle1p5/Triangle1p5'
[LOG 23:21:45.383] PartLoader: Compiling Part 'SquadExpansion/MakingHistory/Parts/Structural/Triangle2/Triangle2'
[LOG 23:21:45.390] PartLoader: Compiling Part 'SquadExpansion/MakingHistory/Parts/Structural/Tube1/Tube1'
[LOG 23:21:45.395] PartLoader: Compiling Part 'SquadExpansion/MakingHistory/Parts/Structural/Tube1p5/Tube1p5'
[LOG 23:21:45.398] PartLoader: Compiling Part 'SquadExpansion/MakingHistory/Parts/Structural/Tube2/Tube2'
[LOG 23:21:45.405] PartLoader: Compiling Part 'SquadExpansion/MakingHistory/Parts/Structural/Tube3/Tube3'
[LOG 23:21:45.410] PartLoader: Compiling Part 'SquadExpansion/MakingHistory/Parts/Structural/Tube4/Tube4'
[LOG 23:21:45.415] PartLoader: Compiling Part 'SquadExpansion/MakingHistory/Parts/Thermal/HeatShield1p5/HeatShield1p5'
[LOG 23:21:45.426] PartLoader: Compiling Part 'SquadExpansion/MakingHistory/Parts/Utility/flags/flagSize1p5/flagSize1p5/flagPartSize1p5'
[LOG 23:21:45.434] PartLoader: Compiling Part 'SquadExpansion/MakingHistory/Parts/Utility/flags/flagSize4/flagSize4/flagPartSize4'
[LOG 23:21:45.440] PartLoader: Compiling Part 'SquadExpansion/Serenity/Parts/Aero/FanShroud_01/FanShroud_01'
[LOG 23:21:45.444] PartLoader: Compiling Part 'SquadExpansion/Serenity/Parts/Aero/FanShroud_02/FanShroud_02'
[LOG 23:21:45.449] PartLoader: Compiling Part 'SquadExpansion/Serenity/Parts/Aero/FanShroud_03/FanShroud_03'
[LOG 23:21:45.454] PartLoader: Compiling Part 'SquadExpansion/Serenity/Parts/Aero/noseconeTiny/noseconeTiny'
[LOG 23:21:45.460] PartLoader: Compiling Part 'SquadExpansion/Serenity/Parts/Aero/noseconeVS/noseconeVS'
[LOG 23:21:45.464] PartLoader: Compiling Part 'SquadExpansion/Serenity/Parts/DeployedScience/centralStation/DeployedCentralStation'
[LOG 23:21:45.485] PartLoader: Compiling Part 'SquadExpansion/Serenity/Parts/DeployedScience/gooObservation/DeployedGoExOb'
[LOG 23:21:45.504] PartLoader: Compiling Part 'SquadExpansion/Serenity/Parts/DeployedScience/ionCollector/DeployedIONExp'
[LOG 23:21:45.512] PartLoader: Compiling Part 'SquadExpansion/Serenity/Parts/DeployedScience/rtg/DeployedRTG'
[LOG 23:21:45.526] PartLoader: Compiling Part 'SquadExpansion/Serenity/Parts/DeployedScience/satDish/DeployedSatDish'
[LOG 23:21:45.537] PartLoader: Compiling Part 'SquadExpansion/Serenity/Parts/DeployedScience/seismicSensor/DeployedSeismicSensor'
[LOG 23:21:45.543] PartLoader: Compiling Part 'SquadExpansion/Serenity/Parts/DeployedScience/solarPanel/DeployedSolarPanel'
[LOG 23:21:45.550] PartLoader: Compiling Part 'SquadExpansion/Serenity/Parts/DeployedScience/weatherStation/DeployedWeatherStn'
[LOG 23:21:45.557] PartLoader: Compiling Part 'SquadExpansion/Serenity/Parts/Prebuilt/kerbalEVA/kerbalEVA'
[LOG 23:21:45.559] PartLoader: Compiling Part 'SquadExpansion/Serenity/Parts/Prebuilt/kerbalEVAfemale/kerbalEVAfemale'
[LOG 23:21:45.561] PartLoader: Compiling Part 'SquadExpansion/Serenity/Parts/Prebuilt/kerbalEVAfemaleFuture/kerbalEVAfemaleFuture'
[LOG 23:21:45.570] PartLoader: Compiling Part 'SquadExpansion/Serenity/Parts/Prebuilt/kerbalEVAfemaleVintage/kerbalEVAfemaleVintage'
[LOG 23:21:45.571] PartLoader: Compiling Part 'SquadExpansion/Serenity/Parts/Prebuilt/kerbalEVAFuture/kerbalEVAFuture'
[LOG 23:21:45.579] PartLoader: Compiling Part 'SquadExpansion/Serenity/Parts/Prebuilt/kerbalEVASlimSuit/kerbalEVASlimSuit'
[LOG 23:21:45.583] PartLoader: Compiling Part 'SquadExpansion/Serenity/Parts/Prebuilt/kerbalEVASlimSuitFemale/kerbalEVASlimSuitFemale'
[LOG 23:21:45.587] PartLoader: Compiling Part 'SquadExpansion/Serenity/Parts/Prebuilt/kerbalEVAVintage/kerbalEVAVintage'
[LOG 23:21:45.591] PartLoader: Compiling Part 'SquadExpansion/Serenity/Parts/Propellers/largeFanBlade/largeFanBlade'
[LOG 23:21:45.609] PartLoader: Compiling Part 'SquadExpansion/Serenity/Parts/Propellers/largeHeliBlade/largeHeliBlade'
[LOG 23:21:45.618] PartLoader: Compiling Part 'SquadExpansion/Serenity/Parts/Propellers/largePropeller/largePropeller'
[LOG 23:21:45.631] PartLoader: Compiling Part 'SquadExpansion/Serenity/Parts/Propellers/mediumFanBlade/mediumFanBlade'
[LOG 23:21:45.646] PartLoader: Compiling Part 'SquadExpansion/Serenity/Parts/Propellers/mediumHeliBlade/mediumHeliBlade'
[LOG 23:21:45.656] PartLoader: Compiling Part 'SquadExpansion/Serenity/Parts/Propellers/mediumPropeller/mediumPropeller'
[LOG 23:21:45.665] PartLoader: Compiling Part 'SquadExpansion/Serenity/Parts/Propellers/smallFanBlade/smallFanBlade'
[LOG 23:21:45.679] PartLoader: Compiling Part 'SquadExpansion/Serenity/Parts/Propellers/smallHeliBlade/smallHeliBlade'
[LOG 23:21:45.685] PartLoader: Compiling Part 'SquadExpansion/Serenity/Parts/Propellers/smallPropeller/smallPropeller'
[LOG 23:21:45.695] PartLoader: Compiling Part 'SquadExpansion/Serenity/Parts/Robotics/hinge_01/hinge_01'
[LOG 23:21:45.737] PartLoader: Compiling Part 'SquadExpansion/Serenity/Parts/Robotics/hinge_01_s/hinge_01_s'
[LOG 23:21:45.748] PartLoader: Compiling Part 'SquadExpansion/Serenity/Parts/Robotics/hinge_03/hinge_03'
[LOG 23:21:45.761] PartLoader: Compiling Part 'SquadExpansion/Serenity/Parts/Robotics/hinge_03_s/hinge_03_s'
[LOG 23:21:45.774] PartLoader: Compiling Part 'SquadExpansion/Serenity/Parts/Robotics/hinge_04/hinge_04'
[LOG 23:21:45.784] PartLoader: Compiling Part 'SquadExpansion/Serenity/Parts/Robotics/piston_01/piston_01'
[LOG 23:21:45.797] PartLoader: Compiling Part 'SquadExpansion/Serenity/Parts/Robotics/piston_02/piston_02'
[LOG 23:21:45.807] PartLoader: Compiling Part 'SquadExpansion/Serenity/Parts/Robotics/piston_03/piston_03'
[LOG 23:21:45.816] PartLoader: Compiling Part 'SquadExpansion/Serenity/Parts/Robotics/piston_04/piston_04'
[LOG 23:21:45.830] PartLoader: Compiling Part 'SquadExpansion/Serenity/Parts/Robotics/RotorEngine_02/RotorEngine_02'
[LOG 23:21:45.851] PartLoader: Compiling Part 'SquadExpansion/Serenity/Parts/Robotics/RotorEngine_03/RotorEngine_03'
[LOG 23:21:45.859] PartLoader: Compiling Part 'SquadExpansion/Serenity/Parts/Robotics/rotor_01/rotor_01'
[LOG 23:21:45.870] PartLoader: Compiling Part 'SquadExpansion/Serenity/Parts/Robotics/rotor_01s/rotor_01s'
[LOG 23:21:45.877] PartLoader: Compiling Part 'SquadExpansion/Serenity/Parts/Robotics/rotor_02/rotor_02'
[LOG 23:21:45.888] PartLoader: Compiling Part 'SquadExpansion/Serenity/Parts/Robotics/rotor_02s/rotor_02s'
[LOG 23:21:45.902] PartLoader: Compiling Part 'SquadExpansion/Serenity/Parts/Robotics/rotor_03/rotor_03'
[LOG 23:21:45.912] PartLoader: Compiling Part 'SquadExpansion/Serenity/Parts/Robotics/rotor_03s/rotor_03s'
[LOG 23:21:45.920] PartLoader: Compiling Part 'SquadExpansion/Serenity/Parts/Robotics/rotoServo_00/rotoServo_00'
[LOG 23:21:45.935] PartLoader: Compiling Part 'SquadExpansion/Serenity/Parts/Robotics/rotoServo_02/rotoServo_02'
[LOG 23:21:45.944] PartLoader: Compiling Part 'SquadExpansion/Serenity/Parts/Robotics/rotoServo_03/rotoServo_03'
[LOG 23:21:45.951] PartLoader: Compiling Part 'SquadExpansion/Serenity/Parts/Robotics/rotoServo_04/rotoServo_04'
[LOG 23:21:45.963] PartLoader: Compiling Part 'SquadExpansion/Serenity/Parts/Robotics/Controllers/KAL1000/controller1000'
[LOG 23:21:45.980] PartLoader: Compiling Part 'SquadExpansion/Serenity/Parts/Science/RobotArmScanner/RobotArmScanner_S1/RobotArmScanner_S1'
[LOG 23:21:46.000] PartLoader: Compiling Part 'SquadExpansion/Serenity/Parts/Science/RobotArmScanner/RobotArmScanner_S2/RobotArmScanner_S2'
[LOG 23:21:46.007] PartLoader: Compiling Part 'SquadExpansion/Serenity/Parts/Science/RobotArmScanner/RobotArmScanner_S3/RobotArmScanner_S3'
[LOG 23:21:46.018] PartLoader: Compiling Part 'SquadExpansion/Serenity/Parts/Structural/gripPads/lGripPad/lGripPad'
[LOG 23:21:46.032] PartLoader: Compiling Part 'SquadExpansion/Serenity/Parts/Structural/gripPads/lGripStrip/lGripStrip'
[LOG 23:21:46.037] PartLoader: Compiling Part 'SquadExpansion/Serenity/Parts/Structural/gripPads/mGripPad/mGripPad'
[LOG 23:21:46.041] PartLoader: Compiling Part 'SquadExpansion/Serenity/Parts/Structural/gripPads/sGripPad/sGripPad'
[LOG 23:21:46.044] PartLoader: Compiling Part 'SquadExpansion/Serenity/Parts/Structural/gripPads/sGripStrip/sGripStrip'
[LOG 23:21:46.049] PartLoader: Compiling Internal Prop 'Squad/Props/AltimeterThreeHands/prop/AltimeterThreeHands'
[LOG 23:21:46.055] PartLoader: Compiling Internal Prop 'Squad/Props/AtmosphereDepth/prop/AtmosphereDepth'
[LOG 23:21:46.057] PartLoader: Compiling Internal Prop 'Squad/Props/AxisIndicator/pitchConfig/AxisIndicatorPitch'
[LOG 23:21:46.059] PartLoader: Compiling Internal Prop 'Squad/Props/AxisIndicator/rollConfig/AxisIndicatorRoll'
[LOG 23:21:46.063] PartLoader: Compiling Internal Prop 'Squad/Props/AxisIndicator/yawConfig/AxisIndicatorYaw'
[LOG 23:21:46.066] PartLoader: Compiling Internal Prop 'Squad/Props/buttonsGeneric/circularButton/genericCircularButton'
[LOG 23:21:46.069] PartLoader: Compiling Internal Prop 'Squad/Props/buttonsGeneric/clusterButtons/genericClusterButtons'
[LOG 23:21:46.070] PartLoader: Compiling Internal Prop 'Squad/Props/buttonsGeneric/clusterButtons2/genericClusterButtons2'
[LOG 23:21:46.071] PartLoader: Compiling Internal Prop 'Squad/Props/buttonsGeneric/clusterKnob/genericClusterKnobs'
[LOG 23:21:46.072] PartLoader: Compiling Internal Prop 'Squad/Props/buttonsGeneric/clusterKnob2/genericClusterKnobs2'
[LOG 23:21:46.073] PartLoader: Compiling Internal Prop 'Squad/Props/buttonsGeneric/clusterMixed/genericClusterMixed'
[LOG 23:21:46.074] PartLoader: Compiling Internal Prop 'Squad/Props/buttonsGeneric/clusterSwitches01/genericClusterSwitches01'
[LOG 23:21:46.075] PartLoader: Compiling Internal Prop 'Squad/Props/buttonsGeneric/clusterSwitches02/genericClusterSwitches02'
[LOG 23:21:46.076] PartLoader: Compiling Internal Prop 'Squad/Props/buttonsGeneric/clusterSwitches03/genericClusterSwitches03'
[LOG 23:21:46.077] PartLoader: Compiling Internal Prop 'Squad/Props/buttonsGeneric/clusterSwitches04/genericClusterSwitches04'
[LOG 23:21:46.078] PartLoader: Compiling Internal Prop 'Squad/Props/buttonsGeneric/clusterSwitches05/genericClusterSwitches05'
[LOG 23:21:46.078] PartLoader: Compiling Internal Prop 'Squad/Props/buttonsGeneric/clusterSwitches06/genericClusterSwitches06'
[LOG 23:21:46.079] PartLoader: Compiling Internal Prop 'Squad/Props/buttonsGeneric/clusterSwitches07/genericClusterSwitches07'
[LOG 23:21:46.081] PartLoader: Compiling Internal Prop 'Squad/Props/buttonsGeneric/directionalKnob/genericDirectionalKnob'
[LOG 23:21:46.081] PartLoader: Compiling Internal Prop 'Squad/Props/buttonsGeneric/directionalKnob2/genericDirectionalKnob2'
[LOG 23:21:46.082] PartLoader: Compiling Internal Prop 'Squad/Props/buttonsGeneric/pullSwitch/genericPullSwitch'
[LOG 23:21:46.083] PartLoader: Compiling Internal Prop 'Squad/Props/buttonsGeneric/squareButton/genericSquareButton'
[LOG 23:21:46.084] PartLoader: Compiling Internal Prop 'Squad/Props/buttonsGeneric/standingSwitch/genericStandingSwitch'
[LOG 23:21:46.085] PartLoader: Compiling Internal Prop 'Squad/Props/buttonsGeneric/switch/genericSwitch'
[LOG 23:21:46.085] PartLoader: Compiling Internal Prop 'Squad/Props/buttonsGeneric/switchWithGuards/genericSwitchWithGuards'
[LOG 23:21:46.086] PartLoader: Compiling Internal Prop 'Squad/Props/ButtonSquare/prop/ButtonSquare'
[LOG 23:21:46.089] PartLoader: Compiling Internal Prop 'Squad/Props/circularButton/prop/circularButton'
[LOG 23:21:46.091] PartLoader: Compiling Internal Prop 'Squad/Props/Compass/prop/Compass'
[LOG 23:21:46.093] PartLoader: Compiling Internal Prop 'Squad/Props/directionalKnob/prop/directionalKnob'
[LOG 23:21:46.094] PartLoader: Compiling Internal Prop 'Squad/Props/directionalKnob2/prop/directionalKnob2'
[LOG 23:21:46.094] PartLoader: Compiling Internal Prop 'Squad/Props/IndicatorPanel/prop/IndicatorPanel'
[LOG 23:21:46.098] PartLoader: Compiling Internal Prop 'Squad/Props/IVANavBall/prop/NavBall'
[LOG 23:21:46.104] PartLoader: Compiling Internal Prop 'Squad/Props/IVANavBallNoBase/prop/NavBallNoBase'
[LOG 23:21:46.106] PartLoader: Compiling Internal Prop 'Squad/Props/ledPanelSpeed/prop/ledPanelSpeed'
[LOG 23:21:46.109] PartLoader: Compiling Internal Prop 'Squad/Props/Monitor/DockingMode/MonitorDockingMode'
[LOG 23:21:46.110] PartLoader: Compiling Internal Prop 'Squad/Props/NavBall/prop/NavBall'
[LOG 23:21:46.110] PartLoader: Compiling Internal Prop 'Squad/Props/PropsGeneric/Button_DockingMode/Button_DockingMode'
[LOG 23:21:46.111] PartLoader: Compiling Internal Prop 'Squad/Props/PropsGeneric/CargoBagA/CargoBagA'
[LOG 23:21:46.111] PartLoader: Compiling Internal Prop 'Squad/Props/PropsGeneric/CargoBagB/CargoBagB'
[LOG 23:21:46.112] PartLoader: Compiling Internal Prop 'Squad/Props/PropsGeneric/CargoBagC/CargoBagC'
[LOG 23:21:46.113] PartLoader: Compiling Internal Prop 'Squad/Props/PropsGeneric/Hatch_Plane/Hatch_Plane'
[LOG 23:21:46.113] PartLoader: Compiling Internal Prop 'Squad/Props/PropsGeneric/Hatch_Plane_Curve90/Hatch_Plane_Curve90'
[LOG 23:21:46.114] PartLoader: Compiling Internal Prop 'Squad/Props/PropsGeneric/Hatch_Plane_Frame/Hatch_Plane_Frame'
[LOG 23:21:46.114] PartLoader: Compiling Internal Prop 'Squad/Props/PropsGeneric/Seat_Passenger/Seat_Passenger'
[LOG 23:21:46.115] PartLoader: Compiling Internal Prop 'Squad/Props/PropsGeneric/Seat_Pilot/Seat_Pilot'
[LOG 23:21:46.115] PartLoader: Compiling Internal Prop 'Squad/Props/PropsGeneric/Seat_Pilot_Helmet/Seat_Pilot_Helmet'
[LOG 23:21:46.116] PartLoader: Compiling Internal Prop 'Squad/Props/PropsGeneric/SideStick/SideStick'
[LOG 23:21:46.117] PartLoader: Compiling Internal Prop 'Squad/Props/pullSwitch/prop/pullSwitch'
[LOG 23:21:46.118] PartLoader: Compiling Internal Prop 'Squad/Props/radarAltitude/prop/RadarAltimeter'
[LOG 23:21:46.120] PartLoader: Compiling Internal Prop 'Squad/Props/squareButton/prop/squareButton'
[LOG 23:21:46.120] PartLoader: Compiling Internal Prop 'Squad/Props/standingSwitch/prop/standingSwitch'
[LOG 23:21:46.121] PartLoader: Compiling Internal Prop 'Squad/Props/switch/prop/switch'
[LOG 23:21:46.121] PartLoader: Compiling Internal Prop 'Squad/Props/switchGuard/prop/switchGuard'
[LOG 23:21:46.122] PartLoader: Compiling Internal Prop 'Squad/Props/switchWithGuards/prop/switchWithGuards'
[LOG 23:21:46.123] PartLoader: Compiling Internal Prop 'Squad/Props/throttle/prop/throttle'
[LOG 23:21:46.124] PartLoader: Compiling Internal Prop 'Squad/Props/VSI/prop/VSI'
[LOG 23:21:46.126] PartLoader: Compiling Internal Space 'Squad/Spaces/crewCabinInternals/internal/crewCabinInternals'
[LOG 23:21:46.137] PartLoader: Compiling Internal Space 'Squad/Spaces/cupolaInternal/internal/cupolaInternal'
[LOG 23:21:46.155] PartLoader: Compiling Internal Space 'Squad/Spaces/GenericSpace1/internal/GenericSpace1'
[LOG 23:21:46.156] PartLoader: Compiling Internal Space 'Squad/Spaces/GenericSpace3/internal/GenericSpace3'
[LOG 23:21:46.158] PartLoader: Compiling Internal Space 'Squad/Spaces/landerCabinInternals/internal/landerCabinInternals'
[LOG 23:21:46.160] PartLoader: Compiling Internal Space 'Squad/Spaces/landerCabinSmallInternal/internal/landerCabinSmallInternal'
[LOG 23:21:46.164] PartLoader: Compiling Internal Space 'Squad/Spaces/LargeCrewedLabInternals/internal/Mobile_Processing_Lab_Int'
[LOG 23:21:46.166] PartLoader: Compiling Internal Space 'Squad/Spaces/Mk1-3/internal/Mk1-3'
[LOG 23:21:46.174] PartLoader: Compiling Internal Space 'Squad/Spaces/mk1CabinInternal/internal/mk1CabinInternal'
[LOG 23:21:46.182] PartLoader: Compiling Internal Space 'Squad/Spaces/mk1CockpitInternal/internal/mk1CockpitInternal'
[LOG 23:21:46.193] PartLoader: Compiling Internal Space 'Squad/Spaces/mk1InlineInternal/internal/mk1InlineInternal'
[LOG 23:21:46.202] PartLoader: Compiling Internal Space 'Squad/Spaces/mk1PodCockpit/internal/mk1PodCockpit'
[LOG 23:21:46.205] PartLoader: Compiling Internal Space 'Squad/Spaces/mk1pod_IVA/mk1pod_Internal/mk1pod_IVA'
[LOG 23:21:46.215] PartLoader: Compiling Internal Space 'Squad/Spaces/mk2CockpitStandardInternal/internal/mk2CockpitStandardInternals'
[LOG 23:21:46.228] PartLoader: Compiling Internal Space 'Squad/Spaces/Mk2CrewCabinInternal/internal_MK2_CrewCab/MK2_CrewCab_Int'
[LOG 23:21:46.237] PartLoader: Compiling Internal Space 'Squad/Spaces/mk2InlineInternal/internal/mk2InlineInternal'
[LOG 23:21:46.249] PartLoader: Compiling Internal Space 'Squad/Spaces/mk2LanderCanInternal/internal/mk2LanderCanInternal'
[LOG 23:21:46.260] PartLoader: Compiling Internal Space 'Squad/Spaces/MK3CockpitInternal/internal_MK3/MK3_Cockpit_Int'
[LOG 23:21:46.281] PartLoader: Compiling Internal Space 'Squad/Spaces/MK3_CrewCab_Int/internal_MK3_CrewCab/MK3_CrewCab_Int'
[LOG 23:21:46.285] InternalSeat: Cannot find portraitCamera of name 'Camera_Left003'
[LOG 23:21:46.293] PartLoader: Compiling Internal Space 'Squad/Spaces/Placeholder/internal/Placeholder'
[LOG 23:21:46.308] PartLoader: Compiling Internal Space 'Squad/Spaces/PodCockpit/internal/PodCockpit'
[LOG 23:21:46.321] PartLoader: Compiling Internal Space 'SquadExpansion/MakingHistory/Spaces/KVPods/Airlock_Internal/Airlock_IVA'
[LOG 23:21:46.323] PartLoader: Compiling Internal Space 'SquadExpansion/MakingHistory/Spaces/KVPods/KV1_Internal/KV1_IVA'
[LOG 23:21:46.329] PartLoader: Compiling Internal Space 'SquadExpansion/MakingHistory/Spaces/KVPods/KV2_Internal/KV2_IVA'
[LOG 23:21:46.339] PartLoader: Compiling Internal Space 'SquadExpansion/MakingHistory/Spaces/KVPods/KV3_Internal/KV3_IVA'
[LOG 23:21:46.347] PartLoader: Compiling Internal Space 'SquadExpansion/MakingHistory/Spaces/MEM/MEM_IVA/MEM_IVA'
[LOG 23:21:46.363] PartLoader: Compiling Internal Space 'SquadExpansion/MakingHistory/Spaces/Mk2Pod/Mk2Pod_Internal/MK2POD_IVA'
[LOG 23:21:51.333] Assets:
[LOG 23:21:51.333] anim_missionsapp_idle.anim
[LOG 23:21:51.333] anim_missionsapp_idle_warning.anim
[LOG 23:21:51.333] anim_missionsapp_warning.anim
[LOG 23:21:51.333] anim_missionssapp.anim
[LOG 23:21:51.333] animcontroller_missionsappmaster.controller
[LOG 23:21:51.333] app_bg.tif
[LOG 23:21:51.333] app_bottom_gray.tif
[LOG 23:21:51.333] app_divider_pulldown_body.tif
[LOG 23:21:51.334] app_divider_pulldown_footer.tif
[LOG 23:21:51.334] app_divider_pulldown_header.tif
[LOG 23:21:51.334] app_divider_pulldown_header_over.tif
[LOG 23:21:51.334] app_header_gray.tif
[LOG 23:21:51.334] app_missions_icon_active.tif
[LOG 23:21:51.334] app_missions_icon_complete.tif
[LOG 23:21:51.334] app_missions_icon_failed.tif
[LOG 23:21:51.334] app_missions_icon_inactive.tif
[LOG 23:21:51.334] spritesheet_missionsapp.tif
[LOG 23:21:51.334] spritesheet_missionsappwarning.tif
[LOG 23:21:51.334] missionbriefingdialog.prefab
[LOG 23:21:51.334] missionbriefingtag.prefab
[LOG 23:21:51.334] awardwidget.prefab
[LOG 23:21:51.334] missionenddialog.prefab
[LOG 23:21:51.334] missionitemwidget.prefab
[LOG 23:21:51.334] missionplaybutton.prefab
[LOG 23:21:51.334] missionplaydialog.prefab
[LOG 23:21:51.335] missionsteamitemwidget.prefab
[LOG 23:21:51.335] missionvalidationdialog.prefab
[LOG 23:21:51.335] validationentry.prefab
[LOG 23:21:51.335] comettoken.fbx
[LOG 23:21:51.335] comettoken.jpg
[LOG 23:21:51.335] placementegizmo_comet.mat
[LOG 23:21:51.335] placementegizmo_comet_tail.mat
[LOG 23:21:51.335] femalevintagepreview.prefab
[LOG 23:21:51.335] malevintagepreview.prefab
[LOG 23:21:51.335] checkpointentrywidget.prefab
[LOG 23:21:51.335] crewmanagementdialog.prefab
[LOG 23:21:51.335] listitem_vesseltitle.prefab
[LOG 23:21:51.335] missionbrowser.prefab
[LOG 23:21:51.335] missioncheckpointbrowser.prefab
[LOG 23:21:51.335] missioncrewlistitem.prefab
[LOG 23:21:51.335] missionentrywidget.prefab
[LOG 23:21:51.335] missiontemplateentrywidget.prefab
[LOG 23:21:51.335] partcategorizerbutton.prefab
[LOG 23:21:51.335] partselectorbrowser.prefab
[LOG 23:21:51.336] partselectorentry.prefab
[LOG 23:21:51.336] gaputil_vesselframe.prefab
[LOG 23:21:51.336] meguiconnector.prefab
[LOG 23:21:51.336] meguinode.prefab
[LOG 23:21:51.336] meguinodecategorybutton.prefab
[LOG 23:21:51.336] meguinodeicon.prefab
[LOG 23:21:51.336] meguinodeicongroup.prefab
[LOG 23:21:51.336] meguiscrollviewitem.prefab
[LOG 23:21:51.336] meiconloaderbasicnode.prefab
[LOG 23:21:51.336] meiconloadergap.prefab
[LOG 23:21:51.336] meiconloadernodecategorizer.prefab
[LOG 23:21:51.336] menodecanvas.prefab
[LOG 23:21:51.336] missioneditorscreen.prefab
[LOG 23:21:51.336] nodelisttooltip.prefab
[LOG 23:21:51.336] nodelisttooltipextinfolistspacer.prefab
[LOG 23:21:51.336] orbitgizmo.prefab
[LOG 23:21:51.336] biomeshighlight.shader
[LOG 23:21:51.336] projector-surfacegizmo.shader
[LOG 23:21:51.336] scaledplanetbiomeshighlight.shader
[LOG 23:21:51.336] sprites-alwaysover.shader
[LOG 23:21:51.336] ui-unlit-infinite.shader
[LOG 23:21:51.336] ui-unlit-solid.shader
[LOG 23:21:51.336] assetgraph_connectionpoint_inputmark.png
[LOG 23:21:51.337] assetgraph_inputbg.png
[LOG 23:21:51.337] boldly.png
[LOG 23:21:51.337] carpool.png
[LOG 23:21:51.337] frugal.png
[LOG 23:21:51.337] homesick.png
[LOG 23:21:51.337] keys.png
[LOG 23:21:51.337] saint.png
[LOG 23:21:51.337] sinner.png
[LOG 23:21:51.337] thespot.png
[LOG 23:21:51.337] timekeeper.png
[LOG 23:21:51.337] helmetbronze.png
[LOG 23:21:51.337] helmetgold.png
[LOG 23:21:51.337] helmetsilver.png
[LOG 23:21:51.337] action-part-resource-drain.png
[LOG 23:21:51.337] change-part-resource-levels.png
[LOG 23:21:51.337] create-asteroid.png
[LOG 23:21:51.337] create-kerbal.png
[LOG 23:21:51.337] create-vessel.png
[LOG 23:21:51.337] crew-assignment.png
[LOG 23:21:51.337] dialog-message.png
[LOG 23:21:51.337] display-message.png
[LOG 23:21:51.337] fail-part.png
[LOG 23:21:51.337] fly-through.png
[LOG 23:21:51.337] funds-recovery.png
[LOG 23:21:51.338] generic-node.png
[LOG 23:21:51.338] go-to.png
[LOG 23:21:51.338] kerbal-boarded.png
[LOG 23:21:51.338] kerbal-recovery.png
[LOG 23:21:51.338] kerbal-rescue.png
[LOG 23:21:51.338] launch-site.png
[LOG 23:21:51.338] leave-soi.png
[LOG 23:21:51.338] orbit.png
[LOG 23:21:51.338] part-explode.png
[LOG 23:21:51.338] plant-flag.png
[LOG 23:21:51.338] reach-soi.png
[LOG 23:21:51.338] repair-part.png
[LOG 23:21:51.338] resource-amount.png
[LOG 23:21:51.338] resource-recovery.png
[LOG 23:21:51.338] science-experiment.png
[LOG 23:21:51.338] score.png
[LOG 23:21:51.339] take-tourist.png
[LOG 23:21:51.339] test-altitude.png
[LOG 23:21:51.339] test-eva.png
[LOG 23:21:51.339] test-grapple.png
[LOG 23:21:51.339] time-of-flight.png
[LOG 23:21:51.339] time-of-mission.png
[LOG 23:21:51.339] time-since-node.png
[LOG 23:21:51.339] vessel-crashed.png
[LOG 23:21:51.339] vessel-crew-count.png
[LOG 23:21:51.339] vessel-explode.png
[LOG 23:21:51.339] vessel-flying.png
[LOG 23:21:51.339] vessel-landed.png
[LOG 23:21:51.339] vessel-mass.png
[LOG 23:21:51.339] vessel-splashed.png
[LOG 23:21:51.339] vessel-stage-activated.png
[LOG 23:21:51.339] vessel-stage.png
[LOG 23:21:51.339] arrange-graph.png
[LOG 23:21:51.340] builderbuttons_briefing.png
[LOG 23:21:51.340] builderbuttons_reset.png
[LOG 23:21:51.340] builderbuttons_trackingstation.png
[LOG 23:21:51.340] frame-graph.png
[LOG 23:21:51.340] lock.png
[LOG 23:21:51.340] maximize.png
[LOG 23:21:51.340] minimize.png
[LOG 23:21:51.340] pin.png
[LOG 23:21:51.340] pin_down.png
[LOG 23:21:51.340] redo.png
[LOG 23:21:51.340] reset.png
[LOG 23:21:51.340] tracking-station.png
[LOG 23:21:51.340] undo.png
[LOG 23:21:51.340] visible-in-gap.png
[LOG 23:21:51.340] location.png
[LOG 23:21:51.340] logic.png
[LOG 23:21:51.340] science.png
[LOG 23:21:51.340] utility.png
[LOG 23:21:51.340] vessel.png
[LOG 23:21:51.341] eye.png
[LOG 23:21:51.341] iconmb.png
[LOG 23:21:51.341] me_btn_generic_normal.tif
[LOG 23:21:51.341] me_button_generic_normal.tif
[LOG 23:21:51.341] nodecat_bg.png
[LOG 23:21:51.341] nodecat_divider.tif
[LOG 23:21:51.341] nodecat_divider_bottom.tif
[LOG 23:21:51.341] pholderwarningicon.png
[LOG 23:21:51.341] reseticon.png
[LOG 23:21:51.341] validityindicator.controller
[LOG 23:21:51.341] validtyinidicatorpulse.anim
[LOG 23:21:51.341] broadorbittoggle button.png
[LOG 23:21:51.341] maneuvertoggle button.png
[LOG 23:21:51.341] orbitalgizmoicons.png
[LOG 23:21:51.341] reset orbit button.png
[LOG 23:21:51.341] nodelabel.prefab
[LOG 23:21:51.342] kerbaleva_female_exp.prefab
[LOG 23:21:51.342] kerbaleva_rd_exp.prefab
[LOG 23:21:51.342] missioneditorevabody.mat
[LOG 23:21:51.342] missioneditorevabodyalternate.mat
[LOG 23:21:51.342] missioneditorevabodybrown.mat
[LOG 23:21:51.342] missioneditorevaeyeballs.mat
[LOG 23:21:51.342] missioneditorevaeyes.mat
[LOG 23:21:51.342] missioneditorevahead.mat
[LOG 23:21:51.342] missioneditorevahelmet.mat
[LOG 23:21:51.342] missioneditorevahelmetred.mat
[LOG 23:21:51.342] missioneditorevajetpack.mat
[LOG 23:21:51.342] missioneditorevalight.mat
[LOG 23:21:51.342] kbevafemalevintage.prefab
[LOG 23:21:51.342] kbevavintage.prefab
[LOG 23:21:51.342] evalight.fbx
[LOG 23:21:51.342] kbeva@new.fbx
[LOG 23:21:51.343] kbeva@newfem.fbx
[LOG 23:21:51.343] mevahelmetlight.fbx
[LOG 23:21:51.343] evajetpackscondary.dds
[LOG 23:21:51.343] evajetpacksecondary_n.dds
[LOG 23:21:51.343] evalight.png
[LOG 23:21:51.343] kerbalmainnrm.dds
[LOG 23:21:51.343] me_suit_difuse_blue.dds
[LOG 23:21:51.343] me_suit_difuse_low_polybrown.dds
[LOG 23:21:51.343] me_suit_difuse_orange.dds
[LOG 23:21:51.343] kerbalfemalevintage.prefab
[LOG 23:21:51.343] kerbalmalevintage.prefab
[LOG 23:21:51.343] evahelmet.mat
[LOG 23:21:51.343] evatexture.mat
[LOG 23:21:51.343] kerbalgirl_06_basecolor.mat
[LOG 23:21:51.343] kerbalhead.mat
[LOG 23:21:51.343] lambert6.mat
[LOG 23:21:51.343] mat_eyeballs.mat
[LOG 23:21:51.343] mat_eyes01.mat
[LOG 23:21:51.343] material #4.mat
[LOG 23:21:51.343] mesh_female_kerbalastronaut01_kerbalgirl_export_15_lambert20.mat
[LOG 23:21:51.343] mesh_female_kerbalastronaut01_kerbalgirl_export_15_lambert21.mat
[LOG 23:21:51.343] kbfemale_iva_mecanim.fbx
[LOG 23:21:51.343] kbiva_mecanim.fbx
[LOG 23:21:51.343] kerbalicon_eva_female_vintage.tif
[LOG 23:21:51.343] kerbalicon_eva_vintage.tif
[LOG 23:21:51.344] kerbalicon_suit_female_vintage.tif
[LOG 23:21:51.344] kerbalicon_suit_orange_female_vintage.tif
[LOG 23:21:51.344] kerbalicon_suit_orange_vintage.tif
[LOG 23:21:51.344] kerbalicon_suit_vintage.tif
[LOG 23:21:51.344] gap_celestialbody_camerasetup.prefab
[LOG 23:21:51.344] gap_celestialbody_collisionsphere.prefab
[LOG 23:21:51.344] gap_celestialbody_surfacegizmo_area.prefab
[LOG 23:21:51.344] gap_celestialbody_surfacegizmo_basic.prefab
[LOG 23:21:51.344] gap_celestialbody_surfacegizmo_icon.prefab
[LOG 23:21:51.344] gap_celestialbody_surfacegizmo_vessel.prefab
[LOG 23:21:51.344] gap_celestialbody_surfacegizmo_volume.prefab
[LOG 23:21:51.344] gap_proceduralasteroid.prefab
[LOG 23:21:51.344] gap_proceduralcomet.prefab
[LOG 23:21:51.344] gapbuttonprefab.prefab
[LOG 23:21:51.344] gapkerbal_femaleveteran.prefab
[LOG 23:21:51.344] gapkerbal_femaleveteran_vintage.prefab
[LOG 23:21:51.344] gapkerbal_male_slimsuit.prefab
[LOG 23:21:51.344] gapkerbal_maleveteran.prefab
[LOG 23:21:51.344] gapkerbal_maleveteran_vintage.prefab
[LOG 23:21:51.344] gapscrollablesidebarbutton.prefab
[LOG 23:21:51.344] gapsidebarbutton.prefab
[LOG 23:21:51.344] gaptoggleprefab.prefab
[LOG 23:21:51.344] gaputil_biselector.prefab
[LOG 23:21:51.344] gaputil_celestialbody.prefab
[LOG 23:21:51.345] vesseldisplay_camerasetup.prefab
[LOG 23:21:51.345] desert_airfield.prefab
[LOG 23:21:51.345] desert_groundobjects.prefab
[LOG 23:21:51.345] desert_launch_site.prefab
[LOG 23:21:51.345] larkes.prefab
[LOG 23:21:51.345] floor bottom.mat
[LOG 23:21:51.345] floor top.mat
[LOG 23:21:51.345] legs.mat
[LOG 23:21:51.345] ramp.mat
[LOG 23:21:51.345] stairs grid lights pivot.mat
[LOG 23:21:51.345] supports 1.mat
[LOG 23:21:51.345] supports 2.mat
[LOG 23:21:51.345] tunnels.mat
[LOG 23:21:51.345] floor bottom.dds
[LOG 23:21:51.345] floor top.dds
[LOG 23:21:51.345] floor top_normal.dds
[LOG 23:21:51.345] legs.dds
[LOG 23:21:51.345] ramp.dds
[LOG 23:21:51.345] stairs grid lights pivot.dds
[LOG 23:21:51.345] supports 1.dds
[LOG 23:21:51.345] supports 2.dds
[LOG 23:21:51.345] tunnels.dds
[LOG 23:21:51.345] diffuse.mat
[LOG 23:21:51.345] floor bottom_base_color.mat
[LOG 23:21:51.346] floor top_base_color.mat
[LOG 23:21:51.346] legs_base_color.mat
[LOG 23:21:51.346] ramp_base_color.mat
[LOG 23:21:51.346] stairs grid lights pivot_base_colormodpsd.mat
[LOG 23:21:51.346] stairs_grid_lights_pivot_base_color.mat
[LOG 23:21:51.346] supports 1_base_color.mat
[LOG 23:21:51.346] supports 2_base_color.mat
[LOG 23:21:51.346] tunnels_base_color.mat
[LOG 23:21:51.346] mobilelaunchpad_19.fbx
[LOG 23:21:51.346] pontoons.fbx
[LOG 23:21:51.346] pontoons_diffuse.dds
[LOG 23:21:51.346] ramp_normal.png
[LOG 23:21:51.346] 1001_base_color.mat
[LOG 23:21:51.346] desert groundtransition.mat
[LOG 23:21:51.346] desert groundtransition_highquality.mat
[LOG 23:21:51.346] desert groundtransition_lowquality.mat
[LOG 23:21:51.346] desert groundtransition_mediumquality.mat
[LOG 23:21:51.346] desert groundtransition_ultraquality.mat
[LOG 23:21:51.346] desert runway sand.mat
[LOG 23:21:51.346] desert runway stone.mat
[LOG 23:21:51.346] mobilelaunchpad.prefab
[LOG 23:21:51.346] woomerang_groundobjects.prefab
[LOG 23:21:51.346] woomerang_launch_site.prefab
[LOG 23:21:51.347] Scenes:
[LOG 23:21:51.347] kspMissionEditor.unity
[LOG 23:22:01.641] Assets:
[LOG 23:22:01.641] appanim_missionsapp.prefab
[LOG 23:22:01.641] cascading_body_missionheader.prefab
[LOG 23:22:01.642] cascading_body_missioninfo.prefab
[LOG 23:22:01.642] cascading_body_missionobjective.prefab
[LOG 23:22:01.642] cascading_body_missionsvesselheader.prefab
[LOG 23:22:01.642] cascading_body_missionsvesselitem.prefab
[LOG 23:22:01.642] cascading_body_settingsbutton.prefab
[LOG 23:22:01.642] cascading_body_settingstoggle.prefab
[LOG 23:22:01.642] missionsapp.prefab
[LOG 23:22:01.642] axislimitline.prefab
[LOG 23:22:01.642] controlleraction.prefab
[LOG 23:22:01.642] controlleraxis.prefab
[LOG 23:22:01.642] controllerwindow.prefab
[LOG 23:22:01.642] curvepanelpoint.prefab
[LOG 23:22:01.642] curvepanelpointaction.prefab
[LOG 23:22:01.642] axis_align_ends.png
[LOG 23:22:01.642] axis_clamp_values.png
[LOG 23:22:01.642] axis_copy.png
[LOG 23:22:01.642] axis_flip_horizontal.png
[LOG 23:22:01.642] axis_flip_vertical.png
[LOG 23:22:01.642] axis_move_down-trackrow.png
[LOG 23:22:01.642] axis_move_down.png
[LOG 23:22:01.642] axis_move_up-trackrow.png
[LOG 23:22:01.642] axis_move_up.png
[LOG 23:22:01.642] axis_paste.png
[LOG 23:22:01.642] axis_preset_flat.png
[LOG 23:22:01.642] axis_preset_sawtooth.png
[LOG 23:22:01.642] axis_preset_sine.png
[LOG 23:22:01.642] axis_preset_square.png
[LOG 23:22:01.643] axis_preset_triangle.png
[LOG 23:22:01.643] axis_select_all.png
[LOG 23:22:01.643] background_squared_inset.png
[LOG 23:22:01.643] close.png
[LOG 23:22:01.643] direction_forward.png
[LOG 23:22:01.643] direction_reverse.png
[LOG 23:22:01.643] edit.png
[LOG 23:22:01.643] fieldlimitline.png
[LOG 23:22:01.643] keyframe_add.png
[LOG 23:22:01.643] keyframe_clamp_value.png
[LOG 23:22:01.643] keyframe_delete.png
[LOG 23:22:01.643] keyframe_linear.png
[LOG 23:22:01.643] keyframe_smooth.png
[LOG 23:22:01.643] keyframe_step_backward.png
[LOG 23:22:01.643] keyframe_step_forward.png
[LOG 23:22:01.643] line.png
[LOG 23:22:01.643] line_dashed.png
[LOG 23:22:01.643] loop_pingpong.png
[LOG 23:22:01.643] loop_playonce.png
[LOG 23:22:01.643] loop_repeat.png
[LOG 23:22:01.643] node.png
[LOG 23:22:01.643] node_circle.png
[LOG 23:22:01.643] node_square.png
[LOG 23:22:01.643] pause.png
[LOG 23:22:01.643] play.png
[LOG 23:22:01.643] pointer.png
[LOG 23:22:01.643] remove-axis.png
[LOG 23:22:01.643] remove_key.png
[LOG 23:22:01.643] resize_icon.png
[LOG 23:22:01.644] sequence_resize_button_states.png
[LOG 23:22:01.644] sequence_resize_maintain.png
[LOG 23:22:01.644] sequence_resize_scale.png
[LOG 23:22:01.644] sequence_speed.png
[LOG 23:22:01.644] tracking_editor_button_states.png
[LOG 23:22:01.644] femalefuturepreview.prefab
[LOG 23:22:01.644] malefuturepreview.prefab
[LOG 23:22:01.644] kbfemale@controlpanel_a.fbx
[LOG 23:22:01.644] kbfemale@controlpanel_b.fbx
[LOG 23:22:01.644] kbfemale@controlpanel_c.fbx
[LOG 23:22:01.644] kbfemale@rocksample.fbx
[LOG 23:22:01.644] hammerfemale.fbx
[LOG 23:22:01.644] hammermale.fbx
[LOG 23:22:01.644] kbeva@controlpanel_a.fbx
[LOG 23:22:01.644] kbeva@controlpanel_b.fbx
[LOG 23:22:01.644] kbeva@controlpanel_c.fbx
[LOG 23:22:01.644] kbeva@rocksample.fbx
[LOG 23:22:01.644] kerbaleva_female_future.prefab
[LOG 23:22:01.644] kerbaleva_rd_future.prefab
[LOG 23:22:01.644] futureevabody.mat
[LOG 23:22:01.644] futureevabodyalternate.mat
[LOG 23:22:01.644] futureevajetpack.mat
[LOG 23:22:01.644] futureevalight.mat
[LOG 23:22:01.644] futurehelmet.mat
[LOG 23:22:01.644] kbevafemalefuture.prefab
[LOG 23:22:01.644] kbevafuture.prefab
[LOG 23:22:01.644] kbeva@new.fbx
[LOG 23:22:01.644] kbeva@newfem.fbx
[LOG 23:22:01.644] mevahelmetlight.fbx
[LOG 23:22:01.645] serenityfemaleeva.fbx
[LOG 23:22:01.645] serenityflares.fbx
[LOG 23:22:01.645] serenitymaleeva.fbx
[LOG 23:22:01.645] evajetpacknrm.dds
[LOG 23:22:01.645] futuresuit_diffuse_orange.dds
[LOG 23:22:01.645] futuresuit_diffuse_whiteblue.dds
[LOG 23:22:01.645] futuresuit_diffuse_whiteorange.dds
[LOG 23:22:01.645] futuresuit_emissive.dds
[LOG 23:22:01.645] futuresuit_evalight.png
[LOG 23:22:01.645] futuresuitmainnrm.dds
[LOG 23:22:01.645] ksp_ig_jetpack_diffuse.jpg
[LOG 23:22:01.645] kerbalfemalefuture.prefab
[LOG 23:22:01.645] kerbalmalefuture.prefab
[LOG 23:22:01.645] futuresuit_diffuse.mat
[LOG 23:22:01.645] serenityfemaleiva.fbx
[LOG 23:22:01.645] serenitymaleiva.fbx
[LOG 23:22:01.645] kerbalicon_eva_female_future.tif
[LOG 23:22:01.645] kerbalicon_eva_future.tif
[LOG 23:22:01.645] kerbalicon_suit_female_future.tif
[LOG 23:22:01.645] kerbalicon_suit_future.tif
[LOG 23:22:01.645] kerbalicon_suit_orange_female_future.tif
[LOG 23:22:01.645] kerbalicon_suit_orange_future.tif
[LOG 23:22:01.645] bottom_emissor.mat
[LOG 23:22:01.645] burst_emissor.mat
[LOG 23:22:01.645] burstprojectiles_emissor.mat
[LOG 23:22:01.645] constantburst_emissor.mat
[LOG 23:22:01.645] snowflakes_emissor.mat
[LOG 23:22:01.645] vapor_emissor.mat
[LOG 23:22:01.646] base_0.mat
[LOG 23:22:01.646] base_1.mat
[LOG 23:22:01.646] base_2.mat
[LOG 23:22:01.646] base_3_1.mat
[LOG 23:22:01.646] base_3_2.mat
[LOG 23:22:01.646] vapor.mat
[LOG 23:22:01.646] burst.png
[LOG 23:22:01.646] cloud2.png
[LOG 23:22:01.646] v1.png
[LOG 23:22:01.646] v2.png
[LOG 23:22:01.646] v3.png
[LOG 23:22:01.646] v5.png
[LOG 23:22:01.646] gapkerbal_female_future.prefab
[LOG 23:22:01.646] gapkerbal_male_future.prefab
[LOG 23:22:01.646] hammerfemale.prefab
[LOG 23:22:01.646] hammermale.prefab
[LOG 23:22:01.646] bopgravelpile.prefab
[LOG 23:22:01.646] bopgravelpile.fbx
[LOG 23:22:01.646] bop_gravel pile_d.mat
[LOG 23:22:01.646] lambert1.mat
[LOG 23:22:01.646] bop_gravel pile_d.png
[LOG 23:22:01.646] bop_gravel pile_d.tga
[LOG 23:22:01.646] bop_gravel pile_n.png
[LOG 23:22:01.646] bop_gravel pile_s.png
[LOG 23:22:01.646] drescrater.prefab
[LOG 23:22:01.646] dresmeteorite.prefab
[LOG 23:22:01.646] drescrater.fbx
[LOG 23:22:01.646] dresmeteorite.fbx
[LOG 23:22:01.646] dres_crater_d.mat
[LOG 23:22:01.647] dres_meteorite_d.mat
[LOG 23:22:01.647] lambert1.mat
[LOG 23:22:01.647] dres_crater_d.tga
[LOG 23:22:01.647] dres_crater_n.png
[LOG 23:22:01.647] dres_meteorite_d.tga
[LOG 23:22:01.647] dres_meteorite_n.png
[LOG 23:22:01.647] dunablueberries.prefab
[LOG 23:22:01.647] dunadune.prefab
[LOG 23:22:01.647] dunameteorite.prefab
[LOG 23:22:01.647] dunastone.prefab
[LOG 23:22:01.647] dunaasteroid.fbx
[LOG 23:22:01.647] dunablueberries.fbx
[LOG 23:22:01.647] dunadune.fbx
[LOG 23:22:01.647] dunastone.fbx
[LOG 23:22:01.647] duna_asteroid_d.mat
[LOG 23:22:01.647] duna_dune_d.mat
[LOG 23:22:01.647] duna_stone_d.mat
[LOG 23:22:01.647] dune_blueberries_d.mat
[LOG 23:22:01.647] lambert1.mat
[LOG 23:22:01.647] duna_asteroid_d.tga
[LOG 23:22:01.647] duna_asteroid_n.png
[LOG 23:22:01.647] duna_dune_d.tga
[LOG 23:22:01.647] duna_dune_n.tga
[LOG 23:22:01.647] duna_stone_d.tga
[LOG 23:22:01.647] duna_stone_n.png
[LOG 23:22:01.647] dune_blueberries_d.tga
[LOG 23:22:01.647] dune_blueberries_n.png
[LOG 23:22:01.647] eelooberg.prefab
[LOG 23:22:01.648] eeloobrownboulder.prefab
[LOG 23:22:01.648] eelooicechunk.prefab
[LOG 23:22:01.648] eelooberg.fbx
[LOG 23:22:01.648] eelooboulder.fbx
[LOG 23:22:01.648] eelooicechunk.fbx
[LOG 23:22:01.648] eeloo_alien_glacier_d.mat
[LOG 23:22:01.648] eeloo_brown_ boulder_d.mat
[LOG 23:22:01.648] eeloo_ice chunk_d.mat
[LOG 23:22:01.648] lambert1.mat
[LOG 23:22:01.648] eeloo_alien_glacier_d.tga
[LOG 23:22:01.648] eeloo_alien_glacier_e.tga
[LOG 23:22:01.648] eeloo_alien_glacier_n.png
[LOG 23:22:01.648] eeloo_brown_ boulder_d.tga
[LOG 23:22:01.648] eeloo_brown_ boulder_n.png
[LOG 23:22:01.648] eeloo_ice chunk_d.tga
[LOG 23:22:01.648] eeloo_ice chunk_e.tga
[LOG 23:22:01.648] eeloo_ice chunk_n.png
[LOG 23:22:01.648] eeloo_ice chunk_s.tga
[LOG 23:22:01.648] evebasaltformation.prefab
[LOG 23:22:01.648] evepancakedome.prefab
[LOG 23:22:01.648] evevolcanicrock.prefab
[LOG 23:22:01.648] evebasaltformation.fbx
[LOG 23:22:01.648] evepancakeformation.fbx
[LOG 23:22:01.648] evevolcanicrock.fbx
[LOG 23:22:01.648] eve basalt formation_d.mat
[LOG 23:22:01.648] eve pancake formation_d.mat
[LOG 23:22:01.648] eve volcanic rock_d.mat
[LOG 23:22:01.648] lambert1.mat
[LOG 23:22:01.648] eve basalt formation_d.tga
[LOG 23:22:01.649] eve basalt formation_n.tga
[LOG 23:22:01.649] eve pancake formation_d.tga
[LOG 23:22:01.649] eve pancake formation_e.png
[LOG 23:22:01.649] eve pancake formation_n.png
[LOG 23:22:01.649] eve volcanic rock_d.tga
[LOG 23:22:01.649] eve volcanic rock_n.png
[LOG 23:22:01.649] gillyridgeline.fbx
[LOG 23:22:01.649] gilly ridegeline_d.mat
[LOG 23:22:01.649] lambert1.mat
[LOG 23:22:01.649] gillyridgeline.prefab
[LOG 23:22:01.649] gilly ridegeline_d.tga
[LOG 23:22:01.649] gilly ridegeline_n.png
[LOG 23:22:01.649] dunaejecta.prefab
[LOG 23:22:01.649] ikedunaejecta.fbx
[LOG 23:22:01.649] ike_duna_ejecta_mat.mat
[LOG 23:22:01.649] ike duna ejecta_d.tga
[LOG 23:22:01.649] ike duna ejecta_n.png
[LOG 23:22:01.649] kerbinbaobabtree.fbx
[LOG 23:22:01.649] kerbinquartz.fbx
[LOG 23:22:01.649] baobaptree.mat
[LOG 23:22:01.649] kerbin_baobab_tree_d.mat
[LOG 23:22:01.649] kerbin_boabob_tree_d.mat
[LOG 23:22:01.649] kerbin_giant_quartz_d.mat
[LOG 23:22:01.649] lambert1.mat
[LOG 23:22:01.650] lambert2.mat
[LOG 23:22:01.650] kerbinbaobabtree.prefab
[LOG 23:22:01.650] kerbinquartz.prefab
[LOG 23:22:01.650] kerbin_baobab_tree_alpha.png
[LOG 23:22:01.650] kerbin_baobab_tree_d.tga
[LOG 23:22:01.650] kerbin_baobab_tree_n.png
[LOG 23:22:01.650] kerbin_giant_quartz_d.tga
[LOG 23:22:01.650] kerbin_giant_quartz_e.tga
[LOG 23:22:01.650] kerbin_giant_quartz_n.tga
[LOG 23:22:01.650] kerbin_giant_quartz_s.tga
[LOG 23:22:01.650] laytheboulder.fbx
[LOG 23:22:01.650] laythegeyser.fbx
[LOG 23:22:01.650] laythestone.fbx
[LOG 23:22:01.650] lambert1.mat
[LOG 23:22:01.650] laythe_boulder_d.mat
[LOG 23:22:01.650] laythe_geyser_d.mat
[LOG 23:22:01.650] laythe_stone_d.mat
[LOG 23:22:01.650] laytheboulder.prefab
[LOG 23:22:01.650] laythegeyser.prefab
[LOG 23:22:01.650] laythestone.prefab
[LOG 23:22:01.650] laythe_boulder_d.tga
[LOG 23:22:01.650] laythe_boulder_n.png
[LOG 23:22:01.651] laythe_geyser_d.tga
[LOG 23:22:01.651] laythe_geyser_n.png
[LOG 23:22:01.651] laythe_stone_d.tga
[LOG 23:22:01.651] laythe_stone_n.png
[LOG 23:22:01.651] greensandstone.fbx
[LOG 23:22:01.651] lambert1.mat
[LOG 23:22:01.651] minmus_green_sandstone_d.mat
[LOG 23:22:01.651] minmus_olivine_formation_d.mat
[LOG 23:22:01.651] minmusolivineformation.fbx
[LOG 23:22:01.651] minmus_greensandstone.prefab
[LOG 23:22:01.651] minmus_olivineformation.prefab
[LOG 23:22:01.651] minmus_green_sandstone_d.tga
[LOG 23:22:01.651] minmus_green_sandstone_n.png
[LOG 23:22:01.651] minmus_olivine_formation_d.tga
[LOG 23:22:01.651] minmus_olivine_formation_n.png
[LOG 23:22:01.651] lambert1.mat
[LOG 23:22:01.651] moho wrinkleridge_d.mat
[LOG 23:22:01.651] moho_stone_d.mat
[LOG 23:22:01.651] mohostone.fbx
[LOG 23:22:01.651] mohowrinkleridge.fbx
[LOG 23:22:01.651] mohostone.prefab
[LOG 23:22:01.651] mohowrinkleridge.prefab
[LOG 23:22:01.651] moho wrinkleridge_d.tga
[LOG 23:22:01.651] moho wrinkleridge_e.png
[LOG 23:22:01.651] moho wrinkleridge_n.png
[LOG 23:22:01.651] moho_stone_d.tga
[LOG 23:22:01.651] moho_stone_n.png
[LOG 23:22:01.652] lambert1.mat
[LOG 23:22:01.652] mun_crater_d.mat
[LOG 23:22:01.652] mun_large_crater_d.mat
[LOG 23:22:01.652] mun_stone_d.mat
[LOG 23:22:01.652] muncrater.fbx
[LOG 23:22:01.652] munlargecrater.fbx
[LOG 23:22:01.652] munstone.fbx
[LOG 23:22:01.652] muncrater.prefab
[LOG 23:22:01.652] munlargecrater.prefab
[LOG 23:22:01.652] munstone.prefab
[LOG 23:22:01.652] mun_crater_d.tga
[LOG 23:22:01.652] mun_crater_n.png
[LOG 23:22:01.652] mun_large_crater_d.tga
[LOG 23:22:01.652] mun_large_crater_n.png
[LOG 23:22:01.652] mun_stone_d.tga
[LOG 23:22:01.652] mun_stone_n.png
[LOG 23:22:01.652] lambert1.mat
[LOG 23:22:01.652] pol_yellowstone_d.mat
[LOG 23:22:01.652] polyellowstone.fbx
[LOG 23:22:01.652] pol_yellowstones.prefab
[LOG 23:22:01.652] pol_yellowstone_d.png
[LOG 23:22:01.652] pol_yellowstone_n.png
[LOG 23:22:01.652] lambert1.mat
[LOG 23:22:01.652] tylo_checkerboard_d.mat
[LOG 23:22:01.652] tylo_dark boulder_d.mat
[LOG 23:22:01.653] tylo_light_d.mat
[LOG 23:22:01.653] tyloboulder.fbx
[LOG 23:22:01.653] tylocheckerboard.fbx
[LOG 23:22:01.653] tylolightstone.fbx
[LOG 23:22:01.653] tylo_ checkerboard_n.png
[LOG 23:22:01.653] tylo_checkerboard_d.png
[LOG 23:22:01.653] tylo_dark boulder_d.tga
[LOG 23:22:01.653] tylo_dark boulder_n.png
[LOG 23:22:01.653] tylo_light_d.tga
[LOG 23:22:01.653] tylo_light_n.png
[LOG 23:22:01.653] tylocheckerboard.prefab
[LOG 23:22:01.653] tylodarkboulder.prefab
[LOG 23:22:01.653] tylolightstone.prefab
[LOG 23:22:01.653] cryovolcano_d.mat
[LOG 23:22:01.653] lambert1.mat
[LOG 23:22:01.653] vallicechunk_d.mat
[LOG 23:22:01.653] vallstone_d.mat
[LOG 23:22:01.653] vall_cryovolcano.fbx
[LOG 23:22:01.653] vall_icechunk.fbx
[LOG 23:22:01.653] vall_stone.fbx
[LOG 23:22:01.653] cryovolcano_d.tga
[LOG 23:22:01.653] cryovolcano_e.png
[LOG 23:22:01.653] cryovolcano_n.jpg
[LOG 23:22:01.653] cryovolcano_s.jpg
[LOG 23:22:01.653] vallicechunk_d.jpg
[LOG 23:22:01.654] vallicechunk_e.jpg
[LOG 23:22:01.654] vallicechunk_n.jpg
[LOG 23:22:01.654] vallicechunk_s.jpg
[LOG 23:22:01.654] vallstone_d.jpg
[LOG 23:22:01.654] vallstone_e.jpg
[LOG 23:22:01.654] vallstone_n.jpg
[LOG 23:22:01.654] vallstone_s.jpg
[LOG 23:22:01.654] vallcryovolcano.prefab
[LOG 23:22:01.654] vallicechunk.prefab
[LOG 23:22:01.654] vallstone.prefab
[LOG 23:22:01.654] vfx_spark.mat
[LOG 23:22:01.654] vfx_welding_flare.mat
[LOG 23:22:01.654] cometdustmaterial.mat
[LOG 23:22:01.654] cometgeysermat.mat
[LOG 23:22:01.662] GetTypesOfModulesImplementingInterface2: Found 69 types with IPartModuleAdjuster interface in 8 assemblies.
[LOG 23:22:01.673] GetSubclassesOfParentClass: Found 0 types with ModuleActiveRadiator parent in 8 assemblies.
[LOG 23:22:01.681] GetSubclassesOfParentClass: Found 0 types with ModuleAlternator parent in 8 assemblies.
[LOG 23:22:01.689] GetSubclassesOfParentClass: Found 1 types with ModuleControlSurface parent in 8 assemblies.
[LOG 23:22:01.697] GetSubclassesOfParentClass: Found 0 types with ModuleDataTransmitter parent in 8 assemblies.
[LOG 23:22:01.707] GetSubclassesOfParentClass: Found 0 types with ModuleDeployableSolarPanel parent in 8 assemblies.
[LOG 23:22:01.715] GetSubclassesOfParentClass: Found 1 types with ModuleEngines parent in 8 assemblies.
[LOG 23:22:01.723] GetSubclassesOfParentClass: Found 0 types with ModuleGenerator parent in 8 assemblies.
[LOG 23:22:01.729] GetSubclassesOfParentClass: Found 0 types with ModuleGimbal parent in 8 assemblies.
[LOG 23:22:01.736] GetSubclassesOfParentClass: Found 2 types with ModuleLiftingSurface parent in 8 assemblies.
[LOG 23:22:01.744] GetSubclassesOfParentClass: Found 0 types with ModuleLight parent in 8 assemblies.
[LOG 23:22:01.752] GetSubclassesOfParentClass: Found 0 types with ModuleReactionWheel parent in 8 assemblies.
[LOG 23:22:01.760] GetSubclassesOfParentClass: Found 0 types with ModuleSAS parent in 8 assemblies.
[LOG 23:22:01.766] GetSubclassesOfParentClass: Found 0 types with ModuleWheelBrakes parent in 8 assemblies.
[LOG 23:22:01.773] GetSubclassesOfParentClass: Found 1 types with ModuleWheelMotor parent in 8 assemblies.
[LOG 23:22:01.773] GetSubclassesOfParentClass: Using cached results for ModuleActiveRadiator
[LOG 23:22:01.780] GetSubclassesOfParentClass: Found 0 types with ModuleAnchoredDecoupler parent in 8 assemblies.
[LOG 23:22:01.790] GetSubclassesOfParentClass: Found 0 types with ModuleCargoBay parent in 8 assemblies.
[LOG 23:22:01.790] GetSubclassesOfParentClass: Using cached results for ModuleControlSurface
[LOG 23:22:01.790] GetSubclassesOfParentClass: Using cached results for ModuleDataTransmitter
[LOG 23:22:01.797] GetSubclassesOfParentClass: Found 0 types with ModuleDecouple parent in 8 assemblies.
[LOG 23:22:01.804] GetSubclassesOfParentClass: Found 4 types with ModuleDeployablePart parent in 8 assemblies.
[LOG 23:22:01.811] GetSubclassesOfParentClass: Found 0 types with ModuleDockingNode parent in 8 assemblies.
[LOG 23:22:01.811] GetSubclassesOfParentClass: Using cached results for ModuleEngines
[LOG 23:22:01.818] GetSubclassesOfParentClass: Found 0 types with CModuleFuelLine parent in 8 assemblies.
[LOG 23:22:01.826] GetSubclassesOfParentClass: Found 0 types with ModuleGPS parent in 8 assemblies.
[LOG 23:22:01.833] GetSubclassesOfParentClass: Found 0 types with ModuleGrappleNode parent in 8 assemblies.
[LOG 23:22:01.833] GetSubclassesOfParentClass: Using cached results for ModuleGrappleNode
[LOG 23:22:01.841] GetSubclassesOfParentClass: Found 0 types with ModuleKerbNetAccess parent in 8 assemblies.
[LOG 23:22:01.841] GetSubclassesOfParentClass: Using cached results for ModuleLight
[LOG 23:22:01.841] GetSubclassesOfParentClass: Using cached results for ModuleLight
[LOG 23:22:01.848] GetSubclassesOfParentClass: Found 0 types with ModuleProbeControlPoint parent in 8 assemblies.
[LOG 23:22:01.855] GetSubclassesOfParentClass: Found 1 types with ModuleRCS parent in 8 assemblies.
[LOG 23:22:01.855] GetSubclassesOfParentClass: Using cached results for ModuleRCS
[LOG 23:22:01.855] GetSubclassesOfParentClass: Using cached results for ModuleReactionWheel
[LOG 23:22:01.856] GetSubclassesOfParentClass: Using cached results for ModuleReactionWheel
[LOG 23:22:01.864] GetSubclassesOfParentClass: Found 0 types with ModuleResourceIntake parent in 8 assemblies.
[LOG 23:22:01.872] GetSubclassesOfParentClass: Found 0 types with ModuleScienceExperiment parent in 8 assemblies.
[LOG 23:22:01.879] GetSubclassesOfParentClass: Found 0 types with ModuleToggleCrossfeed parent in 8 assemblies.
[LOG 23:22:01.886] GetSubclassesOfParentClass: Found 0 types with ModuleWheelDeployment parent in 8 assemblies.
[LOG 23:22:01.910] ExpansionsLoader: Expansions loaded in 15.420s
[LOG 23:22:01.910] Loading Systems: Elapsed time is 32.46555s
[LOG 23:22:05.485] [AddonLoader]: Instantiating addon 'KSPCFFastLoaderPSystemSetup' from assembly 'KSPCommunityFixes'
[LOG 23:22:05.873] [Agent]: Found 19 agent mentality types
[LOG 23:22:05.876] [AgentList]: 31 agents parsed and loaded.
[LOG 23:22:05.915] [UIMasterController]: HideUI
[LOG 23:22:06.088] [CelestialBody]: Kerbin's solar day length is 1d, 0h, 0m long. sidereal day length is 5h, 59m, 9s long
[LOG 23:22:12.317] [UIMasterController]: HideUI
[LOG 23:22:12.323] [HighLogic]: =========================== Scene Change : From LOADING to MAINMENU =====================
[LOG 23:22:12.945] [AddonLoader]: Instantiating addon 'ContractDefs' from assembly 'KSP'
[LOG 23:22:12.976] [AddonLoader]: Instantiating addon 'KSPCFFastLoaderReport' from assembly 'KSPCommunityFixes'
[LOG 23:22:13.008] [UIMasterController]: ShowUI
[LOG 23:22:13.296] [GameParameters]: Loaded custom parameter class CommNetParams.
[LOG 23:22:13.297] [GameParameters]: Loaded custom parameter class MissionParamsGeneral.
[LOG 23:22:13.297] [GameParameters]: Loaded custom parameter class MissionParamsFacilities.
[LOG 23:22:13.297] [GameParameters]: Loaded custom parameter class MissionParamsExtras.
[LOG 23:22:13.297] [GameParameters]: Loaded custom parameter class AdvancedParams.
[LOG 23:22:13.322] [ReflectionUtil]: Found 40 types with UpgradeModule attribute in 8 assemblies.
[LOG 23:22:13.341] [KSPCF:FastLoader] Intel(R) Core(TM) i7-4790K CPU @ 4.00GHz | 32687 MB | NVIDIA GeForce GTX 1060 6GB (6029 MB)
Total loading time to main menu : 47.746s
- Configs and assemblies loaded in 5.781s
- Configs reload done in 1.639s
- Configs translated in 0.021s
- 2338 assets loaded in 4.201s :
  - 86 audio assets (79.689 MiB) in 0.858s, 92.859 MiB/s
  - 1625 texture assets (1.293 GiB) in 2.724s, 486.217 MiB/s
  - 626 model assets (64.41 MiB) in 0.617s, 104.378 MiB/s
- Asset bundles loaded in 0.575s
- GameDatabase (configs, resources, traits, upgrades...) loaded in 0.072s
- Built-in parts copied in 0.039s
- Part and internal configs extracted in 0.003s
- 483 parts and 1927 modules compiled in 4.954s
  - 4.0 modules/part, 10.256 ms/part, 2.571 ms/module
  - PartIcon compilation : 1.417s
- 27 internal spaces and 56 props compiled in 0.326s
- 2 DLC (Making History, Breaking Ground) loaded in 15.494s
- Planetary system loaded in 8.290s
[LOG 23:22:13.342] Texture queries : 1709, slow path : 1 (0.06 %)
[LOG 23:22:13.344] [ModuleManager] Total loading Time = 42.303s
[LOG 23:22:13.381] [ScenarioTypes]: List Created 23 scenario types loaded from 8 loaded assemblies.
[LOG 23:22:13.396] [ApplicationLauncher] Awake False
[LOG 23:22:13.397] [ApplicationLauncher] SpawnSimpleLayout: VerticalTopDown
[LOG 23:22:13.412] [UiApp] Awake: 
[LOG 23:22:13.413] [ApplicationLauncher] OnSceneLoadedGUIReady: scene MAINMENU ShouldBeVisible() True ShouldBeOnTop() True iIsPositionedAtTop True
[LOG 23:22:13.435] [UIApp] Adding  to Application Launcher
[LOG 23:22:13.439] [ApplicationLauncher] SetHidden: 
[LOG 23:22:13.445] [MessageSystem] OnAppInitialized
[LOG 23:22:13.445] [MessageSystem] Reposition 0.0426297 36870
[LOG 23:22:16.129] [ExperienceSystem]: Found 0 trait types
[LOG 23:22:16.139] [ExperienceSystem]: Found 20 effect types
[LOG 23:22:16.173] [ScenarioTypes]: List Created 23 scenario types loaded from 8 loaded assemblies.
[LOG 23:22:16.175] [MessageSystem] Load Messages
[LOG 23:22:16.177] [UIMasterController]: HideUI
[LOG 23:22:16.178] [HighLogic]: =========================== Scene Change : From MAINMENU to SPACECENTER =====================
[LOG 23:22:16.551] [AddonLoader]: Instantiating addon 'CustomConfigsManager' from assembly 'ModuleManager'
[LOG 23:22:19.865] [UIMasterController]: ShowUI
[LOG 23:22:20.196] [SceneLoadSpeedBoost] Save loaded from disk in 1ms
[LOG 23:22:20.209] GetSubclassesOfParentClass: Found 7 types with AlarmTypeBase parent in 8 assemblies.
[LOG 23:22:20.218] Loading Depletion Nodes
[LOG 23:22:20.218] DepNodeCount:  0
[LOG 23:22:20.218] Loading Biome Nodes
[LOG 23:22:20.218] BiomeNodeCount:  0
[LOG 23:22:20.218] Loading Planet Nodes
[LOG 23:22:20.218] PlanetNodeCount:  0
[LOG 23:22:20.235] [ScenarioDestructibles]: Loading... 0 objects registered
[LOG 23:22:20.372] [UiApp] Awake: KSPedia
[LOG 23:22:20.372] [UiApp] Awake: Missions App
[LOG 23:22:20.372] [UiApp] Awake: AlarmClock
[LOG 23:22:20.373] [GenericAppFrame] Reposition 0 37703
[LOG 23:22:20.374] [ApplicationLauncher] OnSceneLoadedGUIReady: scene SPACECENTER ShouldBeVisible() True ShouldBeOnTop() False iIsPositionedAtTop True
[LOG 23:22:20.374] [ApplicationLauncher] SpawnSimpleLayout: HorizontalRightLeft
[LOG 23:22:20.376] [ApplicationLauncher] SetVisible: 
[LOG 23:22:20.425] [UIApp] OnDestroy: Contracts
[LOG 23:22:20.436] [MessageSystem] Reposition 0.02 37704
[LOG 23:22:20.436] [GenericAppFrame] Reposition 0.02 37704
[LOG 23:22:20.437] [GenericAppFrame] Reposition 0.02 37704
[LOG 23:22:20.587] [Crew Assignment]: Part Capsule de commande Mk1 holds 1 crew, but only 0 are available. Auto-hiring is disabled or not allowed at this point.
[LOG 23:22:20.587] Launching vessel from Desert_Launch_Site. Craft file: D:\ksp-dev\saves\claude\Ships\VAB\Capsule.craft
[LOG 23:22:20.588] Flight State Captured
[LOG 23:22:20.593] Saving Achievements Tree...
[LOG 23:22:20.593] Saving Achievements Tree...
[LOG 23:22:20.594] Saving Achievements Tree...
[LOG 23:22:20.594] Saving Achievements Tree...
[LOG 23:22:20.594] Saving Achievements Tree...
[LOG 23:22:20.594] Saving Achievements Tree...
[LOG 23:22:20.594] Saving Achievements Tree...
[LOG 23:22:20.594] Saving Achievements Tree...
[LOG 23:22:20.594] Saving Achievements Tree...
[LOG 23:22:20.594] Saving Achievements Tree...
[LOG 23:22:20.595] Saving Achievements Tree...
[LOG 23:22:20.595] Saving Achievements Tree...
[LOG 23:22:20.595] Saving Achievements Tree...
[LOG 23:22:20.598] [MessageSystem] Save Messages
[LOG 23:22:20.621] Game State Saved to saves/claude/persistent
[LOG 23:22:20.637] [UIMasterController]: HideUI
[LOG 23:22:20.645] [HighLogic]: =========================== Scene Change : From SPACECENTER to FLIGHT =====================
[LOG 23:22:20.981] [UIApp] OnDestroy: Missions App
[LOG 23:22:20.981] [UIApp] OnDestroy: AlarmClock
[LOG 23:22:20.982] [UIApp] OnDestroy: KSPedia
[LOG 23:22:20.988] [KSPCF:MemoryLeaks] Removed a onPlanetariumTargetChange callback owned by a destroyed Assembly-CSharp:CommNetVessel instance
[LOG 23:22:20.998] [KSPCF:MemoryLeaks] Leaving scene "SpaceCenter", cleaned 3 memory leaks in 0.013s. GameEvents callbacks : 467. Allocated memory : 669.055 MiB (managed heap), 2.176 GiB (unmanaged)
[LOG 23:22:21.010] UICanvasPrefabSpawner FlightUI spawning Flight
[LOG 23:22:21.049] UICanvasPrefabSpawner FlightUI spawning VesselLabels
[LOG 23:22:21.049] [UiApp] Awake: ResourceDisplay
[LOG 23:22:21.152] [AddonLoader]: Instantiating addon 'AeroGUI' from assembly 'KSP'
[LOG 23:22:21.167] [AddonLoader]: Instantiating addon 'KSPDiagTerrainHeight' from assembly 'KSPDiagTerrainHeight'
[LOG 23:22:21.170] [PlanetariumCamera]: Focus: Kerbin
[LOG 23:22:21.171] [UIMasterController]: HideUI
[LOG 23:22:21.497] [UIMasterController]: HideUI
[LOG 23:22:21.497] ------------------- initializing flight mode... ------------------
[LOG 23:22:21.497] [SceneLoadSpeedBoost] Save loaded from cache in 0ms
[LOG 23:22:21.502] [MessageSystem] Save Messages
[LOG 23:22:21.504] Vessel Capsule recovered
[LOG 23:22:21.505] GetSubclassesOfParentClass: Using cached results for AlarmTypeBase
[LOG 23:22:21.506] Loading Depletion Nodes
[LOG 23:22:21.506] DepNodeCount:  0
[LOG 23:22:21.506] Loading Biome Nodes
[LOG 23:22:21.506] BiomeNodeCount:  0
[LOG 23:22:21.506] Loading Planet Nodes
[LOG 23:22:21.506] PlanetNodeCount:  0
[LOG 23:22:21.509] [ScenarioDestructibles]: Loading... 0 objects registered
[LOG 23:22:21.549] Loading ship from file: D:\ksp-dev\saves\claude\Ships\VAB\Capsule.craft
[LOG 23:22:21.550] [UIMasterController]: HideUI
[LOG 23:22:21.566] Capsule loaded!
[LOG 23:22:25.030] [PositionMobileLaunchPad] Moving City Desert_Launch_Site Up 0.02490234 so legs are above ground.
[LOG 23:22:25.032] [PositionMobileLaunchPad]: Desert_Launch_Site leg1 InitialHeight:0.8715403 ScaleFactor:1.72034 DistanceMoved:1.073941
[LOG 23:22:25.032] [PositionMobileLaunchPad]: Desert_Launch_Site leg2 InitialHeight:0.8506661 ScaleFactor:1.790717 DistanceMoved:1.095234
[LOG 23:22:25.033] [PositionMobileLaunchPad]: Desert_Launch_Site leg3 InitialHeight:0.8165838 ScaleFactor:1.855453 DistanceMoved:1.057301
[LOG 23:22:25.033] [PositionMobileLaunchPad]: Desert_Launch_Site leg4 InitialHeight:0.8504149 ScaleFactor:1.74446 DistanceMoved:1.031519
[LOG 23:22:25.150] putting ship to ground: 9.41468
[LOG 23:22:25.158] [Capsule]: Ready to Launch - waiting to start physics...
[LOG 23:22:25.172] [FLIGHT GLOBALS]: Switching To Vessel Capsule ---------------------- 
[LOG 23:22:25.173] setting new dominant body: Kerbin
FlightGlobals.mainBody: Kerbin
[LOG 23:22:25.175] Reference Frame: Rotating
[LOG 23:22:25.197] Vessel assembly complete!
[LOG 23:22:29.914] all systems started
[LOG 23:22:30.305] [UiApp] Awake: CurrencyWidgetsApp
[LOG 23:22:30.305] [UiApp] Awake: ResourceDisplay
[LOG 23:22:30.305] [UiApp] Awake: KSPedia
[LOG 23:22:30.305] [UiApp] Awake: Missions App
[LOG 23:22:30.305] [UiApp] Awake: DeltaVApp
[LOG 23:22:30.305] [UiApp] Awake: ActionGroupsApp
[LOG 23:22:30.305] [UiApp] Awake: Construction
[LOG 23:22:30.305] [UiApp] Awake: Cargo
[LOG 23:22:30.305] [UiApp] Awake: AlarmClock
[LOG 23:22:30.305] [UiApp] Awake: ManeuverTool
[LOG 23:22:30.306] [ApplicationLauncher] OnSceneLoadedGUIReady: scene FLIGHT ShouldBeVisible() True ShouldBeOnTop() True iIsPositionedAtTop False
[LOG 23:22:30.306] [ApplicationLauncher] SpawnSimpleLayout: VerticalTopDown
[LOG 23:22:30.311] [KnowledgeBase] OnAppLauncherReady 37710
[LOG 23:22:30.328] [CometManager]: Generated Dust Tail Color: #0 = RGBA(0.991, 0.943, 0.743, 0.031)
[LOG 23:22:30.328] [CometManager]: Generated Ion Tail Color: #1 = RGBA(0.045, 0.182, 0.868, 0.451)
[LOG 23:22:30.332] [UIApp] OnDestroy: Contracts
[LOG 23:22:30.364] [FlightIntegrator]: Reloaded drag cube for zeroed cube root part fuelTankSmallFlat on vessel Capsule
[LOG 23:22:30.375] [FlightIntegrator]: Vessel Capsule has been unloaded 1.79769313486232E+308, applying analytic temperature 302.048502899406
[LOG 23:22:30.380] [MessageSystem] Reposition 0.02 37711
[LOG 23:22:30.380] [GenericAppFrame] Reposition 0.02 37711
[LOG 23:22:30.380] [GenericAppFrame] Reposition 0.02 37711
[LOG 23:22:30.526] [PlanetariumCamera]: Focus: Capsule
[LOG 23:22:30.547] [UIApp] Adding ResourceDisplay to Application Launcher
[LOG 23:22:30.549] [UIApp] Adding ResourceDisplay to Application Launcher
[LOG 23:22:30.561] [ResourceDisplay] OnAppStarted(): id: -388030
[LOG 23:22:30.562] [GenericAppFrame] Reposition 0.1346049 37715
[LOG 23:22:30.563] [ResourceDisplay] OnAppStarted(): id: 264296
[LOG 23:22:30.563] ResourceDisplay already exist, destroying this instance
[LOG 23:22:30.563] [UIApp] OnDestroy: ResourceDisplay
[LOG 23:22:30.580] [UIApp] Adding AlarmClock to Application Launcher
[LOG 23:22:30.582] [UIApp] Adding ActionGroupsApp to Application Launcher
[LOG 23:22:30.584] [UIApp] Adding Missions App to Application Launcher
[LOG 23:22:30.587] CURRENCY WIDGET False False False
[LOG 23:22:30.589] [UIApp] OnDestroy: CurrencyWidgetsApp
[LOG 23:22:30.621] [GenericAppFrame] Reposition 0.1708437 37717
[LOG 23:22:30.627] [ActionGroupsApp] OnAppStarted(): id: -388054
[LOG 23:22:30.628] [GenericAppFrame] Reposition 0.1708437 37717
[LOG 23:22:30.629] [UIApp] Adding DeltaVApp to Application Launcher
[LOG 23:22:30.630] [MissionsApp] OnAppStarted(): id: -388042
[LOG 23:22:30.631] MissionsApp does not execute in this game mode, destroying this instance
[LOG 23:22:30.631] [UIApp] OnDestroy: Missions App
[LOG 23:22:30.643] [GenericAppFrame] Reposition 0.2108437 37718
[LOG 23:22:30.655] [UIApp] Adding Cargo to Application Launcher
[LOG 23:22:30.656] [UIApp] Adding Construction to Application Launcher
[LOG 23:22:30.657] [UIApp] Adding KSPedia to Application Launcher
[WRN 23:22:30.667] HighlightingSystem : Framebuffer depth data is not available and can't be used to occlude highlighting. Highlighting occluders enabled.
[LOG 23:22:30.681] [UIApp] Adding ManeuverTool to Application Launcher
[LOG 23:22:30.683] [ApplicationLauncher] SetHidden: 
[LOG 23:22:30.698] [GenericAppFrame] Reposition 0.263123 37721
[LOG 23:22:30.710] [ManeuverTool]: Found 1 transfer types
[LOG 23:22:30.758] Flight State Captured
[LOG 23:22:30.758] Saving Achievements Tree...
[LOG 23:22:30.758] Saving Achievements Tree...
[LOG 23:22:30.758] Saving Achievements Tree...
[LOG 23:22:30.758] Saving Achievements Tree...
[LOG 23:22:30.759] Saving Achievements Tree...
[LOG 23:22:30.759] Saving Achievements Tree...
[LOG 23:22:30.759] Saving Achievements Tree...
[LOG 23:22:30.759] Saving Achievements Tree...
[LOG 23:22:30.759] Saving Achievements Tree...
[LOG 23:22:30.759] Saving Achievements Tree...
[LOG 23:22:30.759] Saving Achievements Tree...
[LOG 23:22:30.759] Saving Achievements Tree...
[LOG 23:22:30.759] Saving Achievements Tree...
[LOG 23:22:30.759] [MessageSystem] Save Messages
[LOG 23:22:30.771] Game State Saved as persistent
[LOG 23:22:31.313] [Capsule]: ground contact! - error. Moving Vessel  down -0.372m
[LOG 23:22:31.314] Unpacking Capsule
[LOG 23:22:31.326] [UIMasterController]: ShowUI
[LOG 23:22:40.277] [KSP-MCPServer] Quitting KSP, as asked
[LOG 23:22:41.118] [UIApp] OnDestroy: AlarmClock
[LOG 23:22:41.135] [UIApp] OnDestroy: 
[LOG 23:22:41.145] KbApp.OnDestroy NullName
[LOG 23:22:41.146] KbApp.OnDestroy Vessel Crew
[LOG 23:22:41.148] [PlanetariumCamera]: Focus: Kerbin
[ERR 23:22:41.151] Exception handling event onPlanetariumTargetChange in class KnowledgeBase:System.NullReferenceException
  at (wrapper managed-to-native) UnityEngine.Component.get_gameObject(UnityEngine.Component)
  at KSP.UI.Screens.KnowledgeBase.ActivateApps (KSP.UI.Screens.KnowledgeBase+KbTargetType targetType, MapObject target) [0x0010f] in <4b449f2841f84227adfaad3149c8fdba>:0 
  at KSP.UI.Screens.KnowledgeBase.OnMapFocusChange (MapObject target) [0x000f4] in <4b449f2841f84227adfaad3149c8fdba>:0 
  at EventData`1[T].Fire (T data) [0x000b0] in <4b449f2841f84227adfaad3149c8fdba>:0 

[EXC 23:22:41.151] NullReferenceException
	KSP.UI.Screens.KnowledgeBase.ActivateApps (KSP.UI.Screens.KnowledgeBase+KbTargetType targetType, MapObject target) (at <4b449f2841f84227adfaad3149c8fdba>:0)
	KSP.UI.Screens.KnowledgeBase.OnMapFocusChange (MapObject target) (at <4b449f2841f84227adfaad3149c8fdba>:0)
	EventData`1[T].Fire (T data) (at <4b449f2841f84227adfaad3149c8fdba>:0)
	UnityEngine.DebugLogHandler:LogException(Exception, Object)
	ModuleManager.UnityLogHandle.InterceptLogHandler:LogException(Exception, Object)
	UnityEngine.Debug:LogException(Exception)
	EventData`1:Fire(MapObject)
	PlanetariumCamera:SetTarget(MapObject)
	PlanetariumCamera:OnVesselDestroy(Vessel)
	EventData`1:Fire(Vessel)
	Vessel:OnDestroy()
