[LOG 23:14:46.300] ******* Log Initiated for Kerbal Space Program - 1.12.5.3190 (WindowsPlayer x64) fr-fr *******
Kerbal Space Program - 1.12.5.3190 (WindowsPlayer x64) fr-fr


OS: Windows 10  (10.0.0) 64bit
CPU: Intel(R) Core(TM) i7-4790K CPU @ 4.00GHz (8)
RAM: 32687
GPU: NVIDIA GeForce GTX 1060 6GB (6029MB)
SM: 50 (Direct3D 11.0 [level 11.1])
RT Formats: ARGB32, Depth, ARGBHalf, Shadowmap, RGB565, ARGB4444, ARGB1555, Default, ARGB2101010, DefaultHDR, ARGB64, ARGBFloat, RGFloat, RGHalf, RFloat, RHalf, R8, ARGBInt, RGInt, RInt, BGRA32, RGB111110Float, RG32, RGBAUShort, RG16, BGRA10101010_XR, BGR101010_XR, R16


Log started: Mon, Oct 05, 2026 23:14:46


[LOG 23:14:46.321] ActionCanvas MASK: 3458764513820540928
[LOG 23:14:46.322] AppCanvas MASK: 3458764513820540928
[LOG 23:14:46.324] MainCanvas MASK: 3458764513820540928
[LOG 23:14:47.945] Load(Assembly): /ModuleManager.4.2.3
[LOG 23:14:47.946] AssemblyLoader: Loading assembly at D:\ksp-dev\GameData\ModuleManager.4.2.3.dll
[LOG 23:14:47.972] AssemblyLoader: KSPAssembly 'ModuleManager' V2.5.0
[LOG 23:14:47.972] Load(Assembly): 000_Harmony/0Harmony
[LOG 23:14:47.972] AssemblyLoader: Loading assembly at D:\ksp-dev\GameData\000_Harmony\0Harmony.dll
[LOG 23:14:47.975] Load(Assembly): 000_Harmony/HarmonyInstallChecker
[LOG 23:14:47.975] AssemblyLoader: Loading assembly at D:\ksp-dev\GameData\000_Harmony\HarmonyInstallChecker.dll
[LOG 23:14:47.976] AssemblyLoader: KSPAssembly 'HarmonyKSP' V1.0.0
[LOG 23:14:47.977] Load(Assembly): KSPCommunityFixes/Plugins/0_MultipleModuleInPartAPI
[LOG 23:14:47.977] AssemblyLoader: Loading assembly at D:\ksp-dev\GameData\KSPCommunityFixes\Plugins\0_MultipleModuleInPartAPI.dll
[LOG 23:14:47.978] AssemblyLoader: KSPAssembly 'MultipleModulePartAPI' V1.0.0
[LOG 23:14:47.978] Load(Assembly): KSPCommunityFixes/Plugins/KSPCommunityFixes
[LOG 23:14:47.978] AssemblyLoader: Loading assembly at D:\ksp-dev\GameData\KSPCommunityFixes\Plugins\KSPCommunityFixes.dll
[LOG 23:14:47.988] AssemblyLoader: KSPAssembly 'KSPCommunityFixes' V1.41.1
[LOG 23:14:47.989] AssemblyLoader: KSPAssemblyDependency 'HarmonyKSP' V1.0.0
[LOG 23:14:47.989] AssemblyLoader: KSPAssemblyDependency 'ModuleManager' V1.0.0
[LOG 23:14:47.989] AssemblyLoader: KSPAssemblyDependency 'MultipleModulePartAPI' V1.0.0
[LOG 23:14:47.989] Load(Assembly): KSPDiagTerrainHeight/KSPDiagTerrainHeight
[LOG 23:14:47.989] AssemblyLoader: Loading assembly at D:\ksp-dev\GameData\KSPDiagTerrainHeight\KSPDiagTerrainHeight.dll
[LOG 23:14:47.990] Load(Assembly): KSPMCPServer/KSPMCPServer
[LOG 23:14:47.990] AssemblyLoader: Loading assembly at D:\ksp-dev\GameData\KSPMCPServer\KSPMCPServer.dll
[LOG 23:14:47.994] AssemblyLoader: Loading assemblies
[LOG 23:14:48.101] VesselModules: Found VesselModule of type AxisGroupsModule with order 999
[LOG 23:14:48.150] VesselModules: Found VesselModule of type CometVessel with order 999
[LOG 23:14:48.152] VesselModules: Found VesselModule of type SuspensionLoadBalancer with order 999
[LOG 23:14:48.154] VesselModules: Found VesselModule of type FlightIntegrator with order 0
[LOG 23:14:48.157] VesselModules: Found VesselModule of type CommNetVessel with order 999
[LOG 23:14:48.162] VesselModules: Found 5 VesselModule types
[LOG 23:14:48.170] 
************************************************************************

Environment Info
Win32NT 7FFFFFFFFFFFFFFF  Args: KSP_x64.exe 

Mod DLLs found:
Stock assembly: Assembly-CSharp v0.0.0.0
ModuleManager v4.2.3.0
0Harmony v2.2.1.0
HarmonyInstallChecker v2.2.1.0
0_MultipleModuleInPartAPI v1.0.0.0 / v1.0.0+7969fdc50bf4e350193abe5ba2e89533b12ca02f
KSPCommunityFixes v1.41.0.0 / v1.41.1+7969fdc50bf4e350193abe5ba2e89533b12ca02f / v1.41.1.0
KSPDiagTerrainHeight v1.0.9774.41791
KSPMCPServer v0.0.0.0

Folders and files in GameData:
000_Harmony
KSPCommunityFixes
KSPDiagTerrainHeight
KSPMCPServer
Stock folder: Squad

Stock folder: SquadExpansion

ModuleManager.4.2.3.dll
ModuleManager.ConfigCache
ModuleManager.ConfigSHA
ModuleManager.Physics
ModuleManager.TechTree

************************************************************************

[LOG 23:14:48.196] [AddonLoader]: Instantiating addon 'ModuleManager' from assembly 'ModuleManager'
[LOG 23:14:48.210] [ModuleManager] Adding post patch to the loading screen 4
[LOG 23:14:48.213] [ModuleManager] Patching started on a new thread, all output will be directed to D:\ksp-dev\Logs\ModuleManager\ModuleManager.log
[LOG 23:14:48.216] [AddonLoader]: Instantiating addon 'HarmonyInstallChecker' from assembly 'HarmonyKSP'
[LOG 23:14:48.217] [AddonLoader]: Instantiating addon 'KSPCommunityFixes' from assembly 'KSPCommunityFixes'
[LOG 23:14:48.219] [AddonLoader]: Instantiating addon 'NoIVA' from assembly 'KSPCommunityFixes'
[LOG 23:14:48.219] [AddonLoader]: Instantiating addon 'ConfigNodePerf' from assembly 'KSPCommunityFixes'
[LOG 23:14:48.494] [AddonLoader]: Instantiating addon 'KSPCFFastLoader' from assembly 'KSPCommunityFixes'
[LOG 23:14:48.496] [KSPCF] Injecting FastLoader...
[LOG 23:14:48.522] [KSPCommunityFixes] Patch GameDatabasePerf applied.
[LOG 23:14:48.636] [AddonLoader]: Instantiating addon 'ReflectionTypeLoadExceptionHandler' from assembly 'KSPCommunityFixes'
[LOG 23:14:48.640] [AddonLoader]: Instantiating addon 'KSPMCPServerMod' from assembly 'KSPMCPServer'
[LOG 23:14:48.817] [KSP-MCPServer] Tool terrainheight_record from KSPDiagTerrainHeight (com.github.lhervier.ksp.diag.terrainheight.McpTools.Record)
[LOG 23:14:48.817] [KSP-MCPServer] Tool terrainheight_read from KSPDiagTerrainHeight (com.github.lhervier.ksp.diag.terrainheight.McpTools.Read)
[LOG 23:14:48.817] [KSP-MCPServer] Tool terrainheight_clear from KSPDiagTerrainHeight (com.github.lhervier.ksp.diag.terrainheight.McpTools.Clear)
[LOG 23:14:48.817] [KSP-MCPServer] Tool terrainheight_move_window from KSPDiagTerrainHeight (com.github.lhervier.ksp.diag.terrainheight.McpTools.MoveWindow)
[LOG 23:14:48.817] [KSP-MCPServer] Tool terrainheight_show_window from KSPDiagTerrainHeight (com.github.lhervier.ksp.diag.terrainheight.McpTools.ShowWindow)
[LOG 23:14:48.833] [KSP-MCPServer] Listening on http://127.0.0.1:8770/mcp/ with 36 tools
[LOG 23:14:50.419] [KSPCF] Taking over stock loader. An exception will follow, this is intended.
[EXC 23:14:50.424] Exception: Terminating stock loader coroutine, this is intended and not an error
	KSPCommunityFixes.Performance.KSPCFFastLoader.GameDatabase_SetupMainLoaders_Prefix () (at <62bb7f5420994f409a34377c091e8538>:0)
	(wrapper dynamic-method) GameDatabase.GameDatabase.SetupMainLoaders_Patch1(GameDatabase)
	GameDatabase+<LoadObjects>d__90.MoveNext () (at <4b449f2841f84227adfaad3149c8fdba>:0)
	UnityEngine.SetupCoroutine.InvokeMoveNext (System.Collections.IEnumerator enumerator, System.IntPtr returnValueAddress) (at <12e76cd50cc64cf19e759e981cb725af>:0)
	UnityEngine.DebugLogHandler:LogException(Exception, Object)
	ModuleManager.UnityLogHandle.InterceptLogHandler:LogException(Exception, Object)
	UnityEngine.MonoBehaviour:StartCoroutine(IEnumerator)
	<CreateDatabase>d__71:MoveNext()
	UnityEngine.MonoBehaviour:StartCoroutine(IEnumerator)
	GameDatabase:StartLoad()
	<LoadSystems>d__11:MoveNext()
	UnityEngine.MonoBehaviour:StartCoroutine(IEnumerator)
	LoadingScreen:Start()
[LOG 23:14:50.620] Preloading Asset Bundle Definitions
[LOG 23:14:50.991] Load Audio: Squad/Alarms/Sounds/Chirps
[LOG 23:14:50.998] Load Audio: Squad/Alarms/Sounds/Classic
[LOG 23:14:50.998] Load Audio: Squad/Alarms/Sounds/ClockTower
[LOG 23:14:50.999] Load Audio: Squad/Alarms/Sounds/ComputerGlass1
[LOG 23:14:50.999] Load Audio: Squad/Alarms/Sounds/ComputerGlass2
[LOG 23:14:50.999] Load Audio: Squad/Alarms/Sounds/ComputerShort
[LOG 23:14:50.999] Load Audio: Squad/Alarms/Sounds/ComputerTriad
[LOG 23:14:50.999] Load Audio: Squad/Alarms/Sounds/DoorBell
[LOG 23:14:50.999] Load Audio: Squad/Alarms/Sounds/Glass
[LOG 23:14:50.999] Load Audio: Squad/Alarms/Sounds/Klaxon
[LOG 23:14:50.999] Load Audio: Squad/Alarms/Sounds/Mobile
[LOG 23:14:51.000] Load Audio: Squad/Alarms/Sounds/Morning
[LOG 23:14:51.000] Load Audio: Squad/Alarms/Sounds/OldClock
[LOG 23:14:51.000] Load Audio: Squad/Alarms/Sounds/OldHorn
[LOG 23:14:51.000] Load Audio: Squad/Alarms/Sounds/Ripple
[LOG 23:14:51.000] Load Audio: Squad/Sounds/editorLoop01
[LOG 23:14:51.001] Load Audio: Squad/Sounds/elev_loop
[LOG 23:14:51.001] Load Audio: Squad/Sounds/elev_start
[LOG 23:14:51.001] Load Audio: Squad/Sounds/elev_stop
[LOG 23:14:51.001] Load Audio: Squad/Sounds/fireworks_explosion_2
[LOG 23:14:51.001] Load Audio: Squad/Sounds/fireworks_explosion_3
[LOG 23:14:51.001] Load Audio: Squad/Sounds/fireworks_explosion_4
[LOG 23:14:51.002] Load Audio: Squad/Sounds/fireworks_launch_boom
[LOG 23:14:51.002] Load Audio: Squad/Sounds/fireworks_only_crackle_crackle_1
[LOG 23:14:51.002] Load Audio: Squad/Sounds/fireworks_only_crackle_dragon_1
[LOG 23:14:51.702] Load Audio: Squad/Sounds/fireworks_only_crackle_palm_1
[LOG 23:14:51.702] Load Audio: Squad/Sounds/fireworks_whistle
[LOG 23:14:51.702] Load Audio: Squad/Sounds/ksp1_banana_V2_01
[LOG 23:14:51.702] Load Audio: Squad/Sounds/ksp1_banana_V2_04
[LOG 23:14:51.702] Load Audio: Squad/Sounds/ksp1_banana_V2_05
[LOG 23:14:51.703] Load Audio: Squad/Sounds/ksp1_golf_swing_normal
[LOG 23:14:51.703] Load Audio: Squad/Sounds/ksp1_ground_anchor_v2_1
[LOG 23:14:51.703] Load Audio: Squad/Sounds/ksp1_strunts_disconnect_v3_pitched2
[LOG 23:14:51.703] Load Audio: Squad/Sounds/repairKit_repair1
[LOG 23:14:51.703] Load Audio: Squad/Sounds/repairKit_repair2
[LOG 23:14:51.704] Load Audio: Squad/Sounds/sound_ambience_nature
[LOG 23:14:51.704] Load Audio: Squad/Sounds/sound_click_flick
[LOG 23:14:51.704] Load Audio: Squad/Sounds/sound_click_latch
[LOG 23:14:51.704] Load Audio: Squad/Sounds/sound_click_sharp
[LOG 23:14:51.704] Load Audio: Squad/Sounds/sound_click_tick
[LOG 23:14:51.704] Load Audio: Squad/Sounds/sound_click_tock
[LOG 23:14:51.704] Load Audio: Squad/Sounds/sound_decoupler_fire
[LOG 23:14:51.705] Load Audio: Squad/Sounds/sound_delete_bin
[LOG 23:14:51.705] Load Audio: Squad/Sounds/sound_explosion_debris1
[LOG 23:14:51.705] Load Audio: Squad/Sounds/sound_explosion_debris2
[LOG 23:14:51.705] Load Audio: Squad/Sounds/sound_explosion_large
[LOG 23:14:51.705] Load Audio: Squad/Sounds/sound_rocket_mini
[LOG 23:14:51.706] Load Audio: Squad/Sounds/sound_rocket_spurts
[LOG 23:14:51.706] Load Audio: Squad/Sounds/sound_servomotor
[LOG 23:14:51.706] Load Audio: Squad/Sounds/sound_tab_extend
[LOG 23:14:51.715] Load Audio: Squad/Sounds/sound_tab_retreat
[LOG 23:14:51.715] Load Audio: SquadExpansion/Serenity/Sounds/robo_arm_large_end
[LOG 23:14:51.715] Load Audio: SquadExpansion/Serenity/Sounds/robo_arm_large_motor_00
[LOG 23:14:51.715] Load Audio: SquadExpansion/Serenity/Sounds/robo_arm_large_scan
[LOG 23:14:51.715] Load Audio: SquadExpansion/Serenity/Sounds/robo_arm_large_start
[LOG 23:14:51.715] Load Audio: SquadExpansion/Serenity/Sounds/robo_arm_medium_end
[LOG 23:14:51.716] Load Audio: SquadExpansion/Serenity/Sounds/robo_arm_medium_motor_00
[LOG 23:14:51.716] Load Audio: SquadExpansion/Serenity/Sounds/robo_arm_medium_scan
[LOG 23:14:51.716] Load Audio: SquadExpansion/Serenity/Sounds/robo_arm_medium_start
[LOG 23:14:51.716] Load Audio: SquadExpansion/Serenity/Sounds/robo_arm_small_end
[LOG 23:14:51.716] Load Audio: SquadExpansion/Serenity/Sounds/robo_arm_small_motor_00
[LOG 23:14:51.716] Load Audio: SquadExpansion/Serenity/Sounds/robo_arm_small_scan
[LOG 23:14:51.717] Load Audio: SquadExpansion/Serenity/Sounds/robo_arm_small_start
[LOG 23:14:51.717] Load Audio: SquadExpansion/Serenity/Sounds/sfx_cryoVolcano_burst
[LOG 23:14:51.717] Load Audio: SquadExpansion/Serenity/Sounds/sfx_cryoVolcano_idle
[LOG 23:14:51.717] Load Audio: SquadExpansion/Serenity/Sounds/sfx_deployable_booster_antena_end
[LOG 23:14:51.717] Load Audio: SquadExpansion/Serenity/Sounds/sfx_deployable_booster_antena_start
[LOG 23:14:51.718] Load Audio: SquadExpansion/Serenity/Sounds/sfx_deployable_central_station_end
[LOG 23:14:51.718] Load Audio: SquadExpansion/Serenity/Sounds/sfx_deployable_central_station_loop
[LOG 23:14:51.718] Load Audio: SquadExpansion/Serenity/Sounds/sfx_deployable_central_station_start
[LOG 23:14:51.718] Load Audio: SquadExpansion/Serenity/Sounds/sfx_deployable_detector_end
[LOG 23:14:51.718] Load Audio: SquadExpansion/Serenity/Sounds/sfx_deployable_detector_start
[LOG 23:14:51.718] Load Audio: SquadExpansion/Serenity/Sounds/sfx_deployable_GoObEd_end
[LOG 23:14:51.719] Load Audio: SquadExpansion/Serenity/Sounds/sfx_deployable_GoObEd_loop
[LOG 23:14:51.719] Load Audio: SquadExpansion/Serenity/Sounds/sfx_deployable_GoObEd_start
[LOG 23:14:51.763] Load Audio: SquadExpansion/Serenity/Sounds/sfx_deployable_rtg_end
[LOG 23:14:51.763] Load Audio: SquadExpansion/Serenity/Sounds/sfx_deployable_rtg_start
[LOG 23:14:51.763] Load Audio: SquadExpansion/Serenity/Sounds/sfx_deployable_seismometer_end
[LOG 23:14:51.764] Load Audio: SquadExpansion/Serenity/Sounds/sfx_deployable_seismometer_start
[LOG 23:14:51.764] Load Audio: SquadExpansion/Serenity/Sounds/sfx_deployable_solar_panel_end
[LOG 23:14:51.764] Load Audio: SquadExpansion/Serenity/Sounds/sfx_deployable_solar_panel_start
[LOG 23:14:51.764] Load Audio: SquadExpansion/Serenity/Sounds/sfx_deployable_weather_station_end
[LOG 23:14:51.764] Load Audio: SquadExpansion/Serenity/Sounds/sfx_deployable_weather_station_loop
[LOG 23:14:51.765] Load Audio: SquadExpansion/Serenity/Sounds/sfx_deployable_weather_station_start
[LOG 23:14:51.765] Load Audio: SquadExpansion/Serenity/Sounds/sfx_geyser_burst
[LOG 23:14:51.765] Load Audio: SquadExpansion/Serenity/Sounds/sfx_geyser_idle
[LOG 23:14:51.788] Load DDS texture: KSPCommunityFixes/MMPatches/StockTweaks/Icons/Clamp-O-Tron
[LOG 23:14:51.803] Load TRUECOLOR texture: KSPCommunityFixes/MMPatches/StockTweaks/Icons/Clamp-O-Tron_scaled
[LOG 23:14:51.803] Load DDS texture: KSPCommunityFixes/MMPatches/StockTweaks/Icons/FreeFallParachutes
[LOG 23:14:51.803] Load TRUECOLOR texture: KSPCommunityFixes/MMPatches/StockTweaks/Icons/FreeFallParachutes_scaled
[LOG 23:14:51.804] Load DDS texture: KSPCommunityFixes/MMPatches/StockTweaks/Icons/LightYearTireCompany
[LOG 23:14:51.804] Load TRUECOLOR texture: KSPCommunityFixes/MMPatches/StockTweaks/Icons/LightYearTireCompany_scaled
[LOG 23:14:51.805] Load DDS texture: KSPCommunityFixes/MMPatches/StockTweaks/Icons/StratusCorporation
[LOG 23:14:51.805] Load TRUECOLOR texture: KSPCommunityFixes/MMPatches/StockTweaks/Icons/StratusCorporation_scaled
[LOG 23:14:51.805] Load DDS texture: Squad/Agencies/C7AerospaceDivision
[LOG 23:14:51.806] Load TRUECOLOR texture: Squad/Agencies/C7AerospaceDivision_scaled
[LOG 23:14:51.806] Load DDS texture: Squad/Agencies/DinkelsteinKermansConstructionEmporium
[LOG 23:14:51.806] Load TRUECOLOR texture: Squad/Agencies/DinkelsteinKermansConstructionEmporium_scaled
[LOG 23:14:51.807] Load DDS texture: Squad/Agencies/ExperimentalEngineering
[LOG 23:14:51.807] Load TRUECOLOR texture: Squad/Agencies/ExperimentalEngineering_scaled
[LOG 23:14:51.807] Load DDS texture: Squad/Agencies/FlooydResearchLab
[LOG 23:14:51.807] Load TRUECOLOR texture: Squad/Agencies/FlooydResearchLab_scaled
[LOG 23:14:51.808] Load DDS texture: Squad/Agencies/GoliathNationalProducts
[LOG 23:14:51.808] Load TRUECOLOR texture: Squad/Agencies/GoliathNationalProducts_scaled
[LOG 23:14:51.808] Load DDS texture: Squad/Agencies/IntegratedIntegrals
[LOG 23:14:51.808] Load TRUECOLOR texture: Squad/Agencies/IntegratedIntegrals_scaled
[LOG 23:14:51.809] Load DDS texture: Squad/Agencies/IonicSymphonicProtonicElectronics
[LOG 23:14:51.809] Load TRUECOLOR texture: Squad/Agencies/IonicSymphonicProtonicElectronics_scaled
[LOG 23:14:51.809] Load DDS texture: Squad/Agencies/JebsJunkyard
[LOG 23:14:51.809] Load TRUECOLOR texture: Squad/Agencies/JebsJunkyard_scaled
[LOG 23:14:51.809] Load DDS texture: Squad/Agencies/KerbalMotion
[LOG 23:14:51.809] Load TRUECOLOR texture: Squad/Agencies/KerbalMotion_scaled
[LOG 23:14:51.810] Load DDS texture: Squad/Agencies/KerbinWorldFirstRecordKeepingSociety
[LOG 23:14:51.810] Load TRUECOLOR texture: Squad/Agencies/KerbinWorldFirstRecordKeepingSociety_scaled
[LOG 23:14:51.810] Load DDS texture: Squad/Agencies/Kerbodyne
[LOG 23:14:51.811] Load TRUECOLOR texture: Squad/Agencies/Kerbodyne_scaled
[LOG 23:14:51.811] Load DDS texture: Squad/Agencies/Kerlington
[LOG 23:14:51.811] Load TRUECOLOR texture: Squad/Agencies/Kerlington_scaled
[LOG 23:14:51.812] Load DDS texture: Squad/Agencies/MaxoConstructionToys
[LOG 23:14:51.812] Load TRUECOLOR texture: Squad/Agencies/MaxoConstructionToys_scaled
[LOG 23:14:51.812] Load DDS texture: Squad/Agencies/MovingPartsExpertsGroup
[LOG 23:14:51.813] Load TRUECOLOR texture: Squad/Agencies/MovingPartsExpertsGroup_scaled
[LOG 23:14:51.813] Load DDS texture: Squad/Agencies/OMBDemolition
[LOG 23:14:51.813] Load TRUECOLOR texture: Squad/Agencies/OMBDemolition_scaled
[LOG 23:14:51.814] Load DDS texture: Squad/Agencies/PeriapsisCo
[LOG 23:14:51.814] Load TRUECOLOR texture: Squad/Agencies/PeriapsisCo_scaled
[LOG 23:14:51.815] Load DDS texture: Squad/Agencies/Probodobodyne
[LOG 23:14:51.815] Load TRUECOLOR texture: Squad/Agencies/Probodobodyne_scaled
[LOG 23:14:51.816] Load DDS texture: Squad/Agencies/R&D
[LOG 23:14:51.816] Load TRUECOLOR texture: Squad/Agencies/R&D_scaled
[LOG 23:14:51.817] Load DDS texture: Squad/Agencies/ReactionSystemsLtd
[LOG 23:14:51.817] Load TRUECOLOR texture: Squad/Agencies/ReactionSystemsLtd_scaled
[LOG 23:14:51.818] Load DDS texture: Squad/Agencies/Rockomax
[LOG 23:14:51.819] Load TRUECOLOR texture: Squad/Agencies/Rockomax_scaled
[LOG 23:14:51.819] Load DDS texture: Squad/Agencies/Rokea
[LOG 23:14:51.819] Load TRUECOLOR texture: Squad/Agencies/Rokea_scaled
[LOG 23:14:51.819] Load DDS texture: Squad/Agencies/SeansCannery
[LOG 23:14:51.819] Load TRUECOLOR texture: Squad/Agencies/SeansCannery_scaled
[LOG 23:14:51.819] Load DDS texture: Squad/Agencies/SteadlerEngineeringCorps
[LOG 23:14:51.820] Load TRUECOLOR texture: Squad/Agencies/SteadlerEngineeringCorps_scaled
[LOG 23:14:51.820] Load DDS texture: Squad/Agencies/StrutCo
[LOG 23:14:51.820] Load TRUECOLOR texture: Squad/Agencies/StrutCo_scaled
[LOG 23:14:51.820] Load DDS texture: Squad/Agencies/Vac-Co
[LOG 23:14:51.820] Load TRUECOLOR texture: Squad/Agencies/Vac-Co_scaled
[LOG 23:14:51.820] Load DDS texture: Squad/Agencies/WinterOwl
[LOG 23:14:51.821] Load TRUECOLOR texture: Squad/Agencies/WinterOwl_scaled
[LOG 23:14:51.821] Load DDS texture: Squad/Agencies/ZaltonicElectronics
[LOG 23:14:51.821] Load TRUECOLOR texture: Squad/Agencies/ZaltonicElectronics_scaled
[LOG 23:14:51.821] Load Cached PNG Texture: Squad/Alarms/Icons/ap
[LOG 23:14:51.823] Load Cached PNG Texture: Squad/Alarms/Icons/default
[LOG 23:14:51.823] Load Cached PNG Texture: Squad/Alarms/Icons/maneuver
[LOG 23:14:51.823] Load Cached PNG Texture: Squad/Alarms/Icons/pe
[LOG 23:14:51.823] Load Cached PNG Texture: Squad/Alarms/Icons/raw
[LOG 23:14:51.823] Load Cached PNG Texture: Squad/Alarms/Icons/soi
[LOG 23:14:51.823] Load Cached PNG Texture: Squad/Alarms/Icons/xfer
[LOG 23:14:51.823] Load DDS texture: Squad/Contracts/Icons/balloon
[LOG 23:14:51.823] Load DDS texture: Squad/Contracts/Icons/custom
[LOG 23:14:51.823] Load DDS texture: Squad/Contracts/Icons/default
[LOG 23:14:51.824] Load DDS texture: Squad/Contracts/Icons/dish
[LOG 23:14:51.824] Load DDS texture: Squad/Contracts/Icons/eva
[LOG 23:14:51.824] Load DDS texture: Squad/Contracts/Icons/gravity
[LOG 23:14:51.824] Load Cached PNG Texture: Squad/Contracts/Icons/ksc
[LOG 23:14:51.824] Load DDS texture: Squad/Contracts/Icons/launchsite
[LOG 23:14:51.824] Load DDS texture: Squad/Contracts/Icons/marker
[LOG 23:14:51.824] Load DDS texture: Squad/Contracts/Icons/pressure
[LOG 23:14:51.824] Load DDS texture: Squad/Contracts/Icons/report
[LOG 23:14:51.824] Load DDS texture: Squad/Contracts/Icons/runway
[LOG 23:14:51.824] Load DDS texture: Squad/Contracts/Icons/sample
[LOG 23:14:51.824] Load DDS texture: Squad/Contracts/Icons/seismic
[LOG 23:14:51.824] Load DDS texture: Squad/Contracts/Icons/thermometer
[LOG 23:14:51.824] Load DDS texture: Squad/Contracts/Icons/vessel
[LOG 23:14:51.825] Load Cached PNG Texture: Squad/Flags/09
[LOG 23:14:51.825] Load Cached PNG Texture: Squad/Flags/blorbs
[LOG 23:14:51.825] Load Cached PNG Texture: Squad/Flags/bullseye
[LOG 23:14:51.825] Load Cached PNG Texture: Squad/Flags/capsule
[LOG 23:14:51.825] Load Cached PNG Texture: Squad/Flags/circles
[LOG 23:14:51.825] Load Cached PNG Texture: Squad/Flags/default
[LOG 23:14:51.825] Load Cached PNG Texture: Squad/Flags/hexagon
[LOG 23:14:51.826] Load Cached PNG Texture: Squad/Flags/hexagonCircles
[LOG 23:14:51.831] Load Cached PNG Texture: Squad/Flags/kerbal1
[LOG 23:14:51.831] Load Cached PNG Texture: Squad/Flags/kerbal2
[LOG 23:14:51.832] Load Cached PNG Texture: Squad/Flags/kerbin
[LOG 23:14:51.832] Load Cached PNG Texture: Squad/Flags/kerbinmunflag
[LOG 23:14:51.833] Load Cached PNG Texture: Squad/Flags/line
[LOG 23:14:51.835] Load Cached PNG Texture: Squad/Flags/minimalistic
[LOG 23:14:51.835] Load Cached PNG Texture: Squad/Flags/orbit
[LOG 23:14:51.836] Load Cached PNG Texture: Squad/Flags/orbs
[LOG 23:14:51.836] Load Cached PNG Texture: Squad/Flags/retro
[LOG 23:14:51.839] Load Cached PNG Texture: Squad/Flags/rings
[LOG 23:14:51.839] Load Cached PNG Texture: Squad/Flags/rocketScience
[LOG 23:14:51.845] Load Cached PNG Texture: Squad/Flags/satellite
[LOG 23:14:51.846] Load Cached PNG Texture: Squad/Flags/Sentinel_Flag
[LOG 23:14:51.850] Load Cached PNG Texture: Squad/Flags/spheres
[LOG 23:14:51.852] Load Cached PNG Texture: Squad/Flags/squadLogo
[LOG 23:14:51.852] Load Cached PNG Texture: Squad/Flags/squadLogo2
[LOG 23:14:51.852] Load Cached PNG Texture: Squad/Flags/stripes
[LOG 23:14:51.853] Load Cached PNG Texture: Squad/Flags/trees
[LOG 23:14:51.853] Load Cached PNG Texture: Squad/Flags/trippy
[LOG 23:14:51.853] Load Cached PNG Texture: Squad/FlagsAgency/esa_dark_blue
[LOG 23:14:51.854] Load Cached PNG Texture: Squad/FlagsAgency/NASA
[LOG 23:14:51.854] Load Cached PNG Texture: Squad/FlagsAgency/uk_space_agency
[LOG 23:14:51.857] Load Cached PNG Texture: Squad/FlagsOrganization/B612_Foundation_flag
[LOG 23:14:51.857] Load Cached PNG Texture: Squad/FlagsOrganization/electron
[LOG 23:14:51.862] Load Cached PNG Texture: Squad/FlagsOrganization/ESA_Arianespace
[LOG 23:14:51.862] Load Cached PNG Texture: Squad/FlagsOrganization/rocketlab
[LOG 23:14:51.863] Load DDS texture: Squad/FX/DiamondBlue
[LOG 23:14:51.863] Load DDS texture: Squad/FX/FlameBlueOrange
[LOG 23:14:51.863] Load DDS texture: Squad/FX/FlamePurple
[LOG 23:14:51.863] Load DDS texture: Squad/FX/FlameRed
[LOG 23:14:51.863] Load DDS texture: Squad/FX/FlameRedOrange
[LOG 23:14:51.864] Load DDS texture: Squad/FX/Monoprop
[LOG 23:14:51.864] Load DDS texture: Squad/FX/plasma2
[LOG 23:14:51.864] Load DDS texture: Squad/FX/rocketplume2
[LOG 23:14:51.866] Load DDS texture: Squad/FX/shockDiamond2
[LOG 23:14:51.867] Load DDS texture: Squad/FX/smokepuff1
[LOG 23:14:51.869] Load DDS texture: Squad/Interiors/Administration/AdminBuilding_Lvl1
[LOG 23:14:51.879] Load DDS texture: Squad/Interiors/Administration/AdminBuilding_Lvl2
[LOG 23:14:51.886] Load DDS texture: Squad/Interiors/Administration/AdminBuilding_Lvl3
[LOG 23:14:51.896] Load DDS texture: Squad/MenuProps/MunOrBust
[LOG 23:14:51.898] Load Cached PNG Texture: Squad/Missions/Banners/Fail/default
[LOG 23:14:51.898] Load PNG texture: Squad/Missions/Banners/Menu/default
[WRN 23:14:51.904] Texture isn't eligible for DXT compression, width and height must be multiples of 4
[LOG 23:14:51.904] Load Cached PNG Texture: Squad/Missions/Banners/Success/default
[LOG 23:14:51.904] Load PNG texture: Squad/Missions/ESA-BepiColombo/Banners/Fail/ESA_MB_Fail_01
[WRN 23:14:51.908] Texture isn't eligible for DXT compression, width and height must be multiples of 4
[LOG 23:14:51.908] Load PNG texture: Squad/Missions/ESA-BepiColombo/Banners/Menu/ESA_MB_Select_01
[WRN 23:14:51.913] Texture isn't eligible for DXT compression, width and height must be multiples of 4
[LOG 23:14:51.913] Load PNG texture: Squad/Missions/ESA-BepiColombo/Banners/Success/ESA_MB_Success_01
[WRN 23:14:51.917] Texture isn't eligible for DXT compression, width and height must be multiples of 4
[LOG 23:14:51.917] Load PNG texture: Squad/Missions/ESA-BepiColombo-Short/Banners/Fail/ESA_MB_Fail_01
[WRN 23:14:51.922] Texture isn't eligible for DXT compression, width and height must be multiples of 4
[LOG 23:14:51.923] Load PNG texture: Squad/Missions/ESA-BepiColombo-Short/Banners/Menu/ESA_MB_Select_01
[WRN 23:14:51.928] Texture isn't eligible for DXT compression, width and height must be multiples of 4
[LOG 23:14:51.928] Load PNG texture: Squad/Missions/ESA-BepiColombo-Short/Banners/Success/ESA_MB_Success_01
[WRN 23:14:51.933] Texture isn't eligible for DXT compression, width and height must be multiples of 4
[LOG 23:14:51.933] Load PNG texture: Squad/Missions/ESA-Rosetta/Banners/Fail/ESA_MB_Fail_02
[WRN 23:14:51.938] Texture isn't eligible for DXT compression, width and height must be multiples of 4
[LOG 23:14:51.938] Load PNG texture: Squad/Missions/ESA-Rosetta/Banners/Menu/ESA_MB_Select_02
[WRN 23:14:51.943] Texture isn't eligible for DXT compression, width and height must be multiples of 4
[LOG 23:14:51.943] Load PNG texture: Squad/Missions/ESA-Rosetta/Banners/Success/ESA_MB_Success_02
[WRN 23:14:51.948] Texture isn't eligible for DXT compression, width and height must be multiples of 4
[LOG 23:14:51.948] Load Cached PNG Texture: Squad/PartList/SimpleIcons/ablator
[LOG 23:14:51.948] Load Cached PNG Texture: Squad/PartList/SimpleIcons/active_radiator
[LOG 23:14:51.948] Load Cached PNG Texture: Squad/PartList/SimpleIcons/asteroid_drill
[LOG 23:14:51.948] Load Cached PNG Texture: Squad/PartList/SimpleIcons/cargo_part
[LOG 23:14:51.948] Load Cached PNG Texture: Squad/PartList/SimpleIcons/comet_drill
[LOG 23:14:51.948] Load Cached PNG Texture: Squad/PartList/SimpleIcons/core_heat
[LOG 23:14:51.949] Load Cached PNG Texture: Squad/PartList/SimpleIcons/cs_main
[LOG 23:14:51.949] Load Cached PNG Texture: Squad/PartList/SimpleIcons/cs_mk2
[LOG 23:14:51.949] Load Cached PNG Texture: Squad/PartList/SimpleIcons/cs_mk3
[LOG 23:14:51.949] Load Cached PNG Texture: Squad/PartList/SimpleIcons/cs_size0
[LOG 23:14:51.949] Load Cached PNG Texture: Squad/PartList/SimpleIcons/cs_size1
[LOG 23:14:51.949] Load Cached PNG Texture: Squad/PartList/SimpleIcons/cs_size1p5
[LOG 23:14:51.949] Load Cached PNG Texture: Squad/PartList/SimpleIcons/cs_size2
[LOG 23:14:51.950] Load Cached PNG Texture: Squad/PartList/SimpleIcons/cs_size3
[LOG 23:14:51.950] Load Cached PNG Texture: Squad/PartList/SimpleIcons/cs_size4
[LOG 23:14:51.950] Load Cached PNG Texture: Squad/PartList/SimpleIcons/cs_surface
[LOG 23:14:51.950] Load Cached PNG Texture: Squad/PartList/SimpleIcons/custom_built_fairing
[LOG 23:14:51.950] Load Cached PNG Texture: Squad/PartList/SimpleIcons/deployable_antenna
[LOG 23:14:51.951] Load Cached PNG Texture: Squad/PartList/SimpleIcons/deployable_comms_part
[LOG 23:14:51.951] Load Cached PNG Texture: Squad/PartList/SimpleIcons/deployable_ground_part
[LOG 23:14:51.951] Load Cached PNG Texture: Squad/PartList/SimpleIcons/deployable_part
[LOG 23:14:51.951] Load Cached PNG Texture: Squad/PartList/SimpleIcons/deployable_radiator
[LOG 23:14:51.951] Load Cached PNG Texture: Squad/PartList/SimpleIcons/deployed_science_control_unit
[LOG 23:14:51.951] Load Cached PNG Texture: Squad/PartList/SimpleIcons/deployed_science_experiment
[LOG 23:14:51.951] Load Cached PNG Texture: Squad/PartList/SimpleIcons/deployed_science_part
[LOG 23:14:51.952] Load Cached PNG Texture: Squad/PartList/SimpleIcons/enviro_sensor
[LOG 23:14:51.952] Load Cached PNG Texture: Squad/PartList/SimpleIcons/experience_management
[LOG 23:14:51.952] Load Cached PNG Texture: Squad/PartList/SimpleIcons/fuels_monopropellant
[LOG 23:14:51.952] Load Cached PNG Texture: Squad/PartList/SimpleIcons/fuels_ore
[LOG 23:14:51.953] Load Cached PNG Texture: Squad/PartList/SimpleIcons/fuels_oxidizer
[LOG 23:14:51.953] Load Cached PNG Texture: Squad/PartList/SimpleIcons/fuels_solidfuel
[LOG 23:14:51.953] Load Cached PNG Texture: Squad/PartList/SimpleIcons/fuels_xenongas
[LOG 23:14:51.953] Load Cached PNG Texture: Squad/PartList/SimpleIcons/inventory_part
[LOG 23:14:51.954] Load Cached PNG Texture: Squad/PartList/SimpleIcons/kerbnet_access
[LOG 23:14:51.954] Load Cached PNG Texture: Squad/PartList/SimpleIcons/number1
[LOG 23:14:51.954] Load Cached PNG Texture: Squad/PartList/SimpleIcons/number2
[LOG 23:14:51.954] Load Cached PNG Texture: Squad/PartList/SimpleIcons/number3
[LOG 23:14:51.955] Load Cached PNG Texture: Squad/PartList/SimpleIcons/number4
[LOG 23:14:51.955] Load Cached PNG Texture: Squad/PartList/SimpleIcons/number5
[LOG 23:14:51.955] Load Cached PNG Texture: Squad/PartList/SimpleIcons/number6
[LOG 23:14:51.955] Load Cached PNG Texture: Squad/PartList/SimpleIcons/number7
[LOG 23:14:51.955] Load Cached PNG Texture: Squad/PartList/SimpleIcons/number8
[LOG 23:14:51.959] Load Cached PNG Texture: Squad/PartList/SimpleIcons/number9
[LOG 23:14:51.959] Load Cached PNG Texture: Squad/PartList/SimpleIcons/probe_control_unit
[LOG 23:14:51.959] Load Cached PNG Texture: Squad/PartList/SimpleIcons/R&D_node_icon_advaerodynamics
[LOG 23:14:51.960] Load Cached PNG Texture: Squad/PartList/SimpleIcons/R&D_node_icon_advancedmotors
[LOG 23:14:51.960] Load Cached PNG Texture: Squad/PartList/SimpleIcons/R&D_node_icon_advconstruction
[LOG 23:14:51.960] Load Cached PNG Texture: Squad/PartList/SimpleIcons/R&D_node_icon_advelectrics
[LOG 23:14:51.960] Load Cached PNG Texture: Squad/PartList/SimpleIcons/R&D_node_icon_advexploration
[LOG 23:14:51.961] Load Cached PNG Texture: Squad/PartList/SimpleIcons/R&D_node_icon_advflightcontrol
[LOG 23:14:51.961] Load Cached PNG Texture: Squad/PartList/SimpleIcons/R&D_node_icon_advlanding
[LOG 23:14:51.961] Load Cached PNG Texture: Squad/PartList/SimpleIcons/R&D_node_icon_advmetalworks
[LOG 23:14:51.961] Load Cached PNG Texture: Squad/PartList/SimpleIcons/R&D_node_icon_advrocketry
[LOG 23:14:51.961] Load Cached PNG Texture: Squad/PartList/SimpleIcons/R&D_node_icon_advsciencetech
[LOG 23:14:51.961] Load Cached PNG Texture: Squad/PartList/SimpleIcons/R&D_node_icon_advunmanned
[LOG 23:14:51.961] Load Cached PNG Texture: Squad/PartList/SimpleIcons/R&D_node_icon_aerodynamicsystems
[LOG 23:14:51.962] Load Cached PNG Texture: Squad/PartList/SimpleIcons/R&D_node_icon_aerospacetech
[LOG 23:14:51.962] Load Cached PNG Texture: Squad/PartList/SimpleIcons/R&D_node_icon_automation
[LOG 23:14:51.962] Load Cached PNG Texture: Squad/PartList/SimpleIcons/R&D_node_icon_basicprobes
[LOG 23:14:51.962] Load Cached PNG Texture: Squad/PartList/SimpleIcons/R&D_node_icon_basicrocketry
[LOG 23:14:51.963] Load Cached PNG Texture: Squad/PartList/SimpleIcons/R&D_node_icon_composites
[LOG 23:14:51.963] Load Cached PNG Texture: Squad/PartList/SimpleIcons/R&D_node_icon_electrics
[LOG 23:14:51.963] Load Cached PNG Texture: Squad/PartList/SimpleIcons/R&D_node_icon_electronics
[LOG 23:14:51.963] Load Cached PNG Texture: Squad/PartList/SimpleIcons/R&D_node_icon_evatech
[LOG 23:14:51.963] Load Cached PNG Texture: Squad/PartList/SimpleIcons/R&D_node_icon_experimentalaerodynamics
[LOG 23:14:51.963] Load Cached PNG Texture: Squad/PartList/SimpleIcons/R&D_node_icon_experimentalelectrics
[LOG 23:14:51.964] Load Cached PNG Texture: Squad/PartList/SimpleIcons/R&D_node_icon_experimentalmotors
[LOG 23:14:51.964] Load Cached PNG Texture: Squad/PartList/SimpleIcons/R&D_node_icon_experimentalrocketry
[LOG 23:14:51.964] Load Cached PNG Texture: Squad/PartList/SimpleIcons/R&D_node_icon_experimentalscience
[LOG 23:14:51.964] Load Cached PNG Texture: Squad/PartList/SimpleIcons/R&D_node_icon_fieldscience
[LOG 23:14:51.965] Load Cached PNG Texture: Squad/PartList/SimpleIcons/R&D_node_icon_flightcontrol
[LOG 23:14:51.965] Load Cached PNG Texture: Squad/PartList/SimpleIcons/R&D_node_icon_fuelsystems
[LOG 23:14:51.965] Load Cached PNG Texture: Squad/PartList/SimpleIcons/R&D_node_icon_generalconstruction
[LOG 23:14:51.965] Load Cached PNG Texture: Squad/PartList/SimpleIcons/R&D_node_icon_generalrocketry
[LOG 23:14:51.965] Load Cached PNG Texture: Squad/PartList/SimpleIcons/R&D_node_icon_generic
[LOG 23:14:51.965] Load Cached PNG Texture: Squad/PartList/SimpleIcons/R&D_node_icon_heavierrocketry
[LOG 23:14:51.966] Load Cached PNG Texture: Squad/PartList/SimpleIcons/R&D_node_icon_heavyaerodynamics
[LOG 23:14:51.966] Load Cached PNG Texture: Squad/PartList/SimpleIcons/R&D_node_icon_heavyrocketry
[LOG 23:14:51.966] Load Cached PNG Texture: Squad/PartList/SimpleIcons/R&D_node_icon_highaltitudeflight
[LOG 23:14:51.966] Load Cached PNG Texture: Squad/PartList/SimpleIcons/R&D_node_icon_highaltitudepropulsion
[LOG 23:14:51.967] Load Cached PNG Texture: Squad/PartList/SimpleIcons/R&D_node_icon_hypersonicflight
[LOG 23:14:51.967] Load Cached PNG Texture: Squad/PartList/SimpleIcons/R&D_node_icon_ionpropulsion
[LOG 23:14:51.970] Load Cached PNG Texture: Squad/PartList/SimpleIcons/R&D_node_icon_landing
[LOG 23:14:51.971] Load Cached PNG Texture: Squad/PartList/SimpleIcons/R&D_node_icon_largecontrol
[LOG 23:14:51.971] Load Cached PNG Texture: Squad/PartList/SimpleIcons/R&D_node_icon_largeelectrics
[LOG 23:14:51.971] Load Cached PNG Texture: Squad/PartList/SimpleIcons/R&D_node_icon_largeprobes
[LOG 23:14:51.971] Load Cached PNG Texture: Squad/PartList/SimpleIcons/R&D_node_icon_metamaterials
[LOG 23:14:51.971] Load Cached PNG Texture: Squad/PartList/SimpleIcons/R&D_node_icon_nanolathing
[LOG 23:14:51.971] Load Cached PNG Texture: Squad/PartList/SimpleIcons/R&D_node_icon_nuclearpropulsion
[LOG 23:14:51.971] Load Cached PNG Texture: Squad/PartList/SimpleIcons/R&D_node_icon_precisionengineering
[LOG 23:14:51.972] Load Cached PNG Texture: Squad/PartList/SimpleIcons/R&D_node_icon_robotics
[LOG 23:14:51.972] Load Cached PNG Texture: Squad/PartList/SimpleIcons/R&D_node_icon_sciencetech
[LOG 23:14:51.972] Load Cached PNG Texture: Squad/PartList/SimpleIcons/R&D_node_icon_specializedconstruction
[LOG 23:14:51.972] Load Cached PNG Texture: Squad/PartList/SimpleIcons/R&D_node_icon_specializedcontrol
[LOG 23:14:51.972] Load Cached PNG Texture: Squad/PartList/SimpleIcons/R&D_node_icon_specializedelectrics
[LOG 23:14:51.972] Load Cached PNG Texture: Squad/PartList/SimpleIcons/R&D_node_icon_stability
[LOG 23:14:51.973] Load Cached PNG Texture: Squad/PartList/SimpleIcons/R&D_node_icon_start
[LOG 23:14:51.973] Load Cached PNG Texture: Squad/PartList/SimpleIcons/R&D_node_icon_supersonicflight
[LOG 23:14:51.973] Load Cached PNG Texture: Squad/PartList/SimpleIcons/R&D_node_icon_survivability
[LOG 23:14:51.973] Load Cached PNG Texture: Squad/PartList/SimpleIcons/R&D_node_icon_unmannedtech
[LOG 23:14:51.973] Load Cached PNG Texture: Squad/PartList/SimpleIcons/R&D_node_icon_veryheavyrocketry
[LOG 23:14:51.973] Load Cached PNG Texture: Squad/PartList/SimpleIcons/rcsfx
[LOG 23:14:51.974] Load Cached PNG Texture: Squad/PartList/SimpleIcons/RDicon_aerospaceTech2
[LOG 23:14:51.974] Load Cached PNG Texture: Squad/PartList/SimpleIcons/RDicon_commandmodules
[LOG 23:14:51.974] Load Cached PNG Texture: Squad/PartList/SimpleIcons/RDicon_fuelSystems-advanced
[LOG 23:14:51.974] Load Cached PNG Texture: Squad/PartList/SimpleIcons/RDicon_fuelSystems-highPerformance
[LOG 23:14:51.974] Load Cached PNG Texture: Squad/PartList/SimpleIcons/RDicon_largeVolumeContainment
[LOG 23:14:51.974] Load Cached PNG Texture: Squad/PartList/SimpleIcons/RDicon_miniaturization
[LOG 23:14:51.975] Load Cached PNG Texture: Squad/PartList/SimpleIcons/RDicon_propulsion-precision
[LOG 23:14:51.975] Load Cached PNG Texture: Squad/PartList/SimpleIcons/RDicon_propulsionSystems
[LOG 23:14:51.975] Load Cached PNG Texture: Squad/PartList/SimpleIcons/RDicon_telescope
[LOG 23:14:51.979] Load Cached PNG Texture: Squad/PartList/SimpleIcons/robotic_controller
[LOG 23:14:51.979] Load Cached PNG Texture: Squad/PartList/SimpleIcons/robotic_rotation_servo
[LOG 23:14:51.979] Load Cached PNG Texture: Squad/PartList/SimpleIcons/robotic_servo_hinge
[LOG 23:14:51.980] Load Cached PNG Texture: Squad/PartList/SimpleIcons/robotic_servo_piston
[LOG 23:14:51.980] Load Cached PNG Texture: Squad/PartList/SimpleIcons/robotic_servo_rotor
[LOG 23:14:51.980] Load Cached PNG Texture: Squad/PartList/SimpleIcons/scanner_arm
[LOG 23:14:51.980] Load Cached PNG Texture: Squad/PartList/SimpleIcons/variant
[LOG 23:14:51.980] Load Cached PNG Texture: Squad/Parts/@thumbs/adapterSmallMiniShort_icon0
[LOG 23:14:51.980] Load Cached PNG Texture: Squad/Parts/@thumbs/adapterSmallMiniShort_icon1
[LOG 23:14:51.980] Load Cached PNG Texture: Squad/Parts/@thumbs/adapterSmallMiniTall_icon0
[LOG 23:14:51.980] Load Cached PNG Texture: Squad/Parts/@thumbs/adapterSmallMiniTall_icon1
[LOG 23:14:51.980] Load Cached PNG Texture: Squad/Parts/@thumbs/AdvancedCanard_icon
[LOG 23:14:51.981] Load Cached PNG Texture: Squad/Parts/@thumbs/advSasModule_icon
[LOG 23:14:51.981] Load Cached PNG Texture: Squad/Parts/@thumbs/airbrake1_icon
[LOG 23:14:51.981] Load Cached PNG Texture: Squad/Parts/@thumbs/airScoop_icon
[LOG 23:14:51.981] Load Cached PNG Texture: Squad/Parts/@thumbs/avionicsNoseCone_icon
[LOG 23:14:51.981] Load Cached PNG Texture: Squad/Parts/@thumbs/basicFin_icon
[LOG 23:14:51.981] Load Cached PNG Texture: Squad/Parts/@thumbs/batteryBankMini_icon
[LOG 23:14:51.981] Load Cached PNG Texture: Squad/Parts/@thumbs/batteryBank_icon
[LOG 23:14:51.981] Load Cached PNG Texture: Squad/Parts/@thumbs/batteryPack_icon
[LOG 23:14:51.981] Load Cached PNG Texture: Squad/Parts/@thumbs/cargoContainer_icon
[LOG 23:14:51.981] Load Cached PNG Texture: Squad/Parts/@thumbs/CargoStorageUnit_icon
[LOG 23:14:51.982] Load Cached PNG Texture: Squad/Parts/@thumbs/CircularIntake_icon
[LOG 23:14:51.982] Load Cached PNG Texture: Squad/Parts/@thumbs/commDish_icon
[LOG 23:14:51.982] Load Cached PNG Texture: Squad/Parts/@thumbs/Decoupler.0_icon0
[LOG 23:14:51.982] Load Cached PNG Texture: Squad/Parts/@thumbs/Decoupler.0_icon1
[LOG 23:14:51.982] Load Cached PNG Texture: Squad/Parts/@thumbs/Decoupler.1_icon0
[LOG 23:14:51.982] Load Cached PNG Texture: Squad/Parts/@thumbs/Decoupler.1_icon1
[LOG 23:14:51.982] Load Cached PNG Texture: Squad/Parts/@thumbs/dockingPort1_icon
[LOG 23:14:51.982] Load Cached PNG Texture: Squad/Parts/@thumbs/dockingPort2_icon
[LOG 23:14:51.982] Load Cached PNG Texture: Squad/Parts/@thumbs/dockingPort3_icon
[LOG 23:14:51.983] Load Cached PNG Texture: Squad/Parts/@thumbs/domeLight1_icon0
[LOG 23:14:51.983] Load Cached PNG Texture: Squad/Parts/@thumbs/domeLight1_icon1
[LOG 23:14:51.983] Load Cached PNG Texture: Squad/Parts/@thumbs/elevon2_icon
[LOG 23:14:51.983] Load Cached PNG Texture: Squad/Parts/@thumbs/elevon3_icon
[LOG 23:14:51.983] Load Cached PNG Texture: Squad/Parts/@thumbs/elevon5_icon
[LOG 23:14:51.983] Load Cached PNG Texture: Squad/Parts/@thumbs/evaChute_icon
[LOG 23:14:51.983] Load Cached PNG Texture: Squad/Parts/@thumbs/evaCylinder_icon
[LOG 23:14:51.983] Load Cached PNG Texture: Squad/Parts/@thumbs/evaJetpack_icon
[LOG 23:14:51.983] Load Cached PNG Texture: Squad/Parts/@thumbs/evaRepairKit_icon
[LOG 23:14:51.984] Load Cached PNG Texture: Squad/Parts/@thumbs/evaScienceKit_icon
[LOG 23:14:51.984] Load Cached PNG Texture: Squad/Parts/@thumbs/externalTankCapsule_icon0
[LOG 23:14:51.987] Load Cached PNG Texture: Squad/Parts/@thumbs/externalTankCapsule_icon1
[LOG 23:14:51.987] Load Cached PNG Texture: Squad/Parts/@thumbs/externalTankRound_icon0
[LOG 23:14:51.987] Load Cached PNG Texture: Squad/Parts/@thumbs/externalTankRound_icon1
[LOG 23:14:51.991] Load Cached PNG Texture: Squad/Parts/@thumbs/externalTankToroid_icon0
[LOG 23:14:51.992] Load Cached PNG Texture: Squad/Parts/@thumbs/externalTankToroid_icon1
[LOG 23:14:51.992] Load Cached PNG Texture: Squad/Parts/@thumbs/fireworksLauncherBig_icon
[LOG 23:14:51.992] Load Cached PNG Texture: Squad/Parts/@thumbs/fireworksLauncherSmall_icon
[LOG 23:14:51.993] Load Cached PNG Texture: Squad/Parts/@thumbs/foldingRadMed_icon
[LOG 23:14:51.993] Load Cached PNG Texture: Squad/Parts/@thumbs/foldingRadSmall_icon
[LOG 23:14:51.994] Load Cached PNG Texture: Squad/Parts/@thumbs/FuelCellArray_icon
[LOG 23:14:51.994] Load Cached PNG Texture: Squad/Parts/@thumbs/FuelCell_icon
[LOG 23:14:51.995] Load Cached PNG Texture: Squad/Parts/@thumbs/fuelTank.long_icon0
[LOG 23:14:51.995] Load Cached PNG Texture: Squad/Parts/@thumbs/fuelTankSmallFlat_icon0
[LOG 23:14:51.996] Load Cached PNG Texture: Squad/Parts/@thumbs/fuelTankSmallFlat_icon1
[LOG 23:14:51.996] Load Cached PNG Texture: Squad/Parts/@thumbs/fuelTankSmallFlat_icon2
[LOG 23:14:51.997] Load Cached PNG Texture: Squad/Parts/@thumbs/fuelTankSmallFlat_icon3
[LOG 23:14:51.997] Load Cached PNG Texture: Squad/Parts/@thumbs/fuelTankSmall_icon0
[LOG 23:14:51.998] Load Cached PNG Texture: Squad/Parts/@thumbs/fuelTankSmall_icon1
[LOG 23:14:51.998] Load Cached PNG Texture: Squad/Parts/@thumbs/fuelTankSmall_icon2
[LOG 23:14:51.999] Load Cached PNG Texture: Squad/Parts/@thumbs/fuelTankSmall_icon3
[LOG 23:14:51.999] Load Cached PNG Texture: Squad/Parts/@thumbs/fuelTank_icon0
[LOG 23:14:52.000] Load Cached PNG Texture: Squad/Parts/@thumbs/GearFixed_icon
[LOG 23:14:52.000] Load Cached PNG Texture: Squad/Parts/@thumbs/GearFree_icon
[LOG 23:14:52.001] Load Cached PNG Texture: Squad/Parts/@thumbs/GearSmall_icon
[LOG 23:14:52.001] Load Cached PNG Texture: Squad/Parts/@thumbs/GooExperiment_icon
[LOG 23:14:52.002] Load Cached PNG Texture: Squad/Parts/@thumbs/groundAnchor_icon
[LOG 23:14:52.002] Load Cached PNG Texture: Squad/Parts/@thumbs/groundLight1_icon
[LOG 23:14:52.003] Load Cached PNG Texture: Squad/Parts/@thumbs/groundLight2_icon
[LOG 23:14:52.003] Load Cached PNG Texture: Squad/Parts/@thumbs/HeatShield0_icon
[LOG 23:14:52.004] Load Cached PNG Texture: Squad/Parts/@thumbs/HeatShield1_icon
[LOG 23:14:52.004] Load Cached PNG Texture: Squad/Parts/@thumbs/HECS2.ProbeCore_icon
[LOG 23:14:52.005] Load Cached PNG Texture: Squad/Parts/@thumbs/HighGainAntenna5.v2_icon
[LOG 23:14:52.005] Load Cached PNG Texture: Squad/Parts/@thumbs/HighGainAntenna5_icon
[LOG 23:14:52.005] Load Cached PNG Texture: Squad/Parts/@thumbs/HighGainAntenna_icon
[LOG 23:14:52.006] Load Cached PNG Texture: Squad/Parts/@thumbs/IntakeRadialLong_icon
[LOG 23:14:52.006] Load Cached PNG Texture: Squad/Parts/@thumbs/ionEngine_icon
[LOG 23:14:52.007] Load Cached PNG Texture: Squad/Parts/@thumbs/ksp.r.largeBatteryPack_icon
[LOG 23:14:52.007] Load Cached PNG Texture: Squad/Parts/@thumbs/ladder1_icon
[LOG 23:14:52.008] Load Cached PNG Texture: Squad/Parts/@thumbs/landingLeg1-2_icon
[LOG 23:14:52.008] Load Cached PNG Texture: Squad/Parts/@thumbs/landingLeg1_icon
[LOG 23:14:52.009] Load Cached PNG Texture: Squad/Parts/@thumbs/launchClamp1_icon
[LOG 23:14:52.009] Load Cached PNG Texture: Squad/Parts/@thumbs/LgRadialSolarPanel_icon
[LOG 23:14:52.010] Load Cached PNG Texture: Squad/Parts/@thumbs/linearRcs_icon
[LOG 23:14:52.010] Load Cached PNG Texture: Squad/Parts/@thumbs/liquidEngine2.v2_icon0
[LOG 23:14:52.016] Load Cached PNG Texture: Squad/Parts/@thumbs/liquidEngine3.v2_icon0
[LOG 23:14:52.016] Load Cached PNG Texture: Squad/Parts/@thumbs/liquidEngine3.v2_icon1
[LOG 23:14:52.017] Load Cached PNG Texture: Squad/Parts/@thumbs/liquidEngine3.v2_icon2
[LOG 23:14:52.021] Load Cached PNG Texture: Squad/Parts/@thumbs/liquidEngineMini.v2_icon0
[LOG 23:14:52.022] Load Cached PNG Texture: Squad/Parts/@thumbs/liquidEngineMini.v2_icon1
[LOG 23:14:52.022] Load Cached PNG Texture: Squad/Parts/@thumbs/liquidEngineMini.v2_icon2
[LOG 23:14:52.023] Load Cached PNG Texture: Squad/Parts/@thumbs/longAntenna_icon
[LOG 23:14:52.023] Load Cached PNG Texture: Squad/Parts/@thumbs/Magnetometer_icon
[LOG 23:14:52.024] Load Cached PNG Texture: Squad/Parts/@thumbs/mediumDishAntenna_icon
[LOG 23:14:52.024] Load Cached PNG Texture: Squad/Parts/@thumbs/microEngine.v2_icon0
[LOG 23:14:52.025] Load Cached PNG Texture: Squad/Parts/@thumbs/microEngine.v2_icon1
[LOG 23:14:52.033] Load Cached PNG Texture: Squad/Parts/@thumbs/MiniDrill_icon
[LOG 23:14:52.033] Load Cached PNG Texture: Squad/Parts/@thumbs/miniFuelTank_icon
[LOG 23:14:52.034] Load Cached PNG Texture: Squad/Parts/@thumbs/miniFuselage_icon
[LOG 23:14:52.034] Load Cached PNG Texture: Squad/Parts/@thumbs/miniIntake_icon
[LOG 23:14:52.036] Load Cached PNG Texture: Squad/Parts/@thumbs/miniJetEngine_icon
[LOG 23:14:52.036] Load Cached PNG Texture: Squad/Parts/@thumbs/miniLandingLeg_icon
[LOG 23:14:52.036] Load Cached PNG Texture: Squad/Parts/@thumbs/Mite_icon
[LOG 23:14:52.042] Load Cached PNG Texture: Squad/Parts/@thumbs/mk1pod.v2_icon0
[LOG 23:14:52.042] Load Cached PNG Texture: Squad/Parts/@thumbs/mk2DroneCore_icon
[LOG 23:14:52.043] Load Cached PNG Texture: Squad/Parts/@thumbs/mk2LanderCabin.v2_icon1
[LOG 23:14:52.043] Load Cached PNG Texture: Squad/Parts/@thumbs/MpoProbe_icon
[LOG 23:14:52.043] Load Cached PNG Texture: Squad/Parts/@thumbs/navLight1_icon0
[LOG 23:14:52.044] Load Cached PNG Texture: Squad/Parts/@thumbs/navLight1_icon1
[LOG 23:14:52.044] Load Cached PNG Texture: Squad/Parts/@thumbs/noseCone_icon0
[LOG 23:14:52.045] Load Cached PNG Texture: Squad/Parts/@thumbs/noseCone_icon1
[LOG 23:14:52.045] Load Cached PNG Texture: Squad/Parts/@thumbs/noseCone_icon2
[LOG 23:14:52.046] Load Cached PNG Texture: Squad/Parts/@thumbs/omsEngine_icon
[LOG 23:14:52.046] Load Cached PNG Texture: Squad/Parts/@thumbs/OrbitalScanner_icon
[LOG 23:14:52.047] Load Cached PNG Texture: Squad/Parts/@thumbs/parachuteDrogue_icon
[LOG 23:14:52.047] Load Cached PNG Texture: Squad/Parts/@thumbs/parachuteLarge_icon
[LOG 23:14:52.048] Load Cached PNG Texture: Squad/Parts/@thumbs/parachuteRadial_icon
[LOG 23:14:52.049] Load Cached PNG Texture: Squad/Parts/@thumbs/parachuteSingle_icon
[LOG 23:14:52.049] Load Cached PNG Texture: Squad/Parts/@thumbs/probeCoreCube_icon
[LOG 23:14:52.049] Load Cached PNG Texture: Squad/Parts/@thumbs/probeCoreHex.v2_icon
[LOG 23:14:52.050] Load Cached PNG Texture: Squad/Parts/@thumbs/probeCoreOcto.v2_icon
[LOG 23:14:52.050] Load Cached PNG Texture: Squad/Parts/@thumbs/probeCoreOcto2.v2_icon
[LOG 23:14:52.051] Load Cached PNG Texture: Squad/Parts/@thumbs/probeCoreSphere.v2_icon
[LOG 23:14:52.051] Load Cached PNG Texture: Squad/Parts/@thumbs/probeStackLarge_icon
[LOG 23:14:52.052] Load Cached PNG Texture: Squad/Parts/@thumbs/probeStackSmall_icon
[LOG 23:14:52.052] Load Cached PNG Texture: Squad/Parts/@thumbs/R8winglet_icon
[LOG 23:14:52.055] Load Cached PNG Texture: Squad/Parts/@thumbs/radialDecoupler1-2_icon
[LOG 23:14:52.055] Load Cached PNG Texture: Squad/Parts/@thumbs/radialDecoupler2_icon
[LOG 23:14:52.056] Load Cached PNG Texture: Squad/Parts/@thumbs/radialDecoupler_icon
[LOG 23:14:52.056] Load Cached PNG Texture: Squad/Parts/@thumbs/radialDrogue_icon
[LOG 23:14:52.059] Load Cached PNG Texture: Squad/Parts/@thumbs/radialEngineMini.v2_icon0
[LOG 23:14:52.060] Load Cached PNG Texture: Squad/Parts/@thumbs/radialEngineMini.v2_icon1
[LOG 23:14:52.060] Load Cached PNG Texture: Squad/Parts/@thumbs/radialLiquidEngine1-2_icon
[LOG 23:14:52.060] Load Cached PNG Texture: Squad/Parts/@thumbs/RadialOreTank_icon
[LOG 23:14:52.060] Load Cached PNG Texture: Squad/Parts/@thumbs/radialRCSTank_icon
[LOG 23:14:52.061] Load Cached PNG Texture: Squad/Parts/@thumbs/radPanelEdge_icon
[LOG 23:14:52.061] Load Cached PNG Texture: Squad/Parts/@thumbs/radPanelLg_icon
[LOG 23:14:52.062] Load Cached PNG Texture: Squad/Parts/@thumbs/radPanelSm_icon
[LOG 23:14:52.062] Load Cached PNG Texture: Squad/Parts/@thumbs/RCSblock.01.small_icon0
[LOG 23:14:52.062] Load Cached PNG Texture: Squad/Parts/@thumbs/RCSblock.01.small_icon1
[LOG 23:14:52.063] Load Cached PNG Texture: Squad/Parts/@thumbs/RCSblock.01.small_icon2
[LOG 23:14:52.063] Load Cached PNG Texture: Squad/Parts/@thumbs/RCSblock.01.small_icon3
[LOG 23:14:52.064] Load Cached PNG Texture: Squad/Parts/@thumbs/RCSblock.01.small_icon4
[LOG 23:14:52.064] Load Cached PNG Texture: Squad/Parts/@thumbs/RCSBlock.v2_icon
[LOG 23:14:52.065] Load Cached PNG Texture: Squad/Parts/@thumbs/RCSBlock.v2_icon0
[LOG 23:14:52.065] Load Cached PNG Texture: Squad/Parts/@thumbs/RCSBlock.v2_icon1
[LOG 23:14:52.065] Load Cached PNG Texture: Squad/Parts/@thumbs/RCSBlock.v2_icon2
[LOG 23:14:52.066] Load Cached PNG Texture: Squad/Parts/@thumbs/RCSBlock.v2_icon3
[LOG 23:14:52.067] Load Cached PNG Texture: Squad/Parts/@thumbs/RCSBlock.v2_icon4
[LOG 23:14:52.067] Load Cached PNG Texture: Squad/Parts/@thumbs/RCSFuelTank_icon
[LOG 23:14:52.067] Load Cached PNG Texture: Squad/Parts/@thumbs/RCSLinearSmall_icon
[LOG 23:14:52.072] Load Cached PNG Texture: Squad/Parts/@thumbs/rcsTankMini_icon
[LOG 23:14:52.072] Load Cached PNG Texture: Squad/Parts/@thumbs/RelayAntenna5_icon
[LOG 23:14:52.075] Load Cached PNG Texture: Squad/Parts/@thumbs/ReleaseValve_icon
[LOG 23:14:52.076] Load Cached PNG Texture: Squad/Parts/@thumbs/roverBody.v2_icon0
[LOG 23:14:52.076] Load Cached PNG Texture: Squad/Parts/@thumbs/roverBody.v2_icon1
[LOG 23:14:52.078] Load Cached PNG Texture: Squad/Parts/@thumbs/roverBody.v2_icon2
[LOG 23:14:52.078] Load Cached PNG Texture: Squad/Parts/@thumbs/roverWheel1_icon
[LOG 23:14:52.079] Load Cached PNG Texture: Squad/Parts/@thumbs/roverWheel2_icon
[LOG 23:14:52.079] Load Cached PNG Texture: Squad/Parts/@thumbs/rtg_icon
[LOG 23:14:52.079] Load Cached PNG Texture: Squad/Parts/@thumbs/sasModule_icon
[LOG 23:14:52.080] Load Cached PNG Texture: Squad/Parts/@thumbs/science.module_icon
[LOG 23:14:52.080] Load Cached PNG Texture: Squad/Parts/@thumbs/ScienceBox_icon
[LOG 23:14:52.080] Load Cached PNG Texture: Squad/Parts/@thumbs/seatExternalCmd_icon
[LOG 23:14:52.081] Load Cached PNG Texture: Squad/Parts/@thumbs/sensorAccelerometer_icon
[LOG 23:14:52.081] Load Cached PNG Texture: Squad/Parts/@thumbs/sensorAtmosphere_icon
[LOG 23:14:52.082] Load Cached PNG Texture: Squad/Parts/@thumbs/sensorBarometer_icon
[LOG 23:14:52.082] Load Cached PNG Texture: Squad/Parts/@thumbs/sensorGravimeter_icon
[LOG 23:14:52.082] Load Cached PNG Texture: Squad/Parts/@thumbs/sensorThermometer_icon
[LOG 23:14:52.083] Load Cached PNG Texture: Squad/Parts/@thumbs/Separator.0_icon0
[LOG 23:14:52.083] Load Cached PNG Texture: Squad/Parts/@thumbs/Separator.0_icon1
[LOG 23:14:52.084] Load Cached PNG Texture: Squad/Parts/@thumbs/Separator.1_icon0
[LOG 23:14:52.084] Load Cached PNG Texture: Squad/Parts/@thumbs/Separator.1_icon1
[LOG 23:14:52.086] Load Cached PNG Texture: Squad/Parts/@thumbs/sepMotor1_icon
[LOG 23:14:52.086] Load Cached PNG Texture: Squad/Parts/@thumbs/ServiceBay.125.v2_icon
[LOG 23:14:52.086] Load Cached PNG Texture: Squad/Parts/@thumbs/shockConeIntake_icon
[LOG 23:14:52.087] Load Cached PNG Texture: Squad/Parts/@thumbs/Shrimp_icon
[LOG 23:14:52.087] Load Cached PNG Texture: Squad/Parts/@thumbs/smallCargoContainer_icon
[LOG 23:14:52.089] Load Cached PNG Texture: Squad/Parts/@thumbs/smallClaw_icon0
[LOG 23:14:52.089] Load Cached PNG Texture: Squad/Parts/@thumbs/smallClaw_icon1
[LOG 23:14:52.090] Load Cached PNG Texture: Squad/Parts/@thumbs/smallCtrlSrf_icon
[LOG 23:14:52.091] Load Cached PNG Texture: Squad/Parts/@thumbs/SmallGearBay_icon
[LOG 23:14:52.091] Load Cached PNG Texture: Squad/Parts/@thumbs/smallHardpoint_icon
[LOG 23:14:52.092] Load Cached PNG Texture: Squad/Parts/@thumbs/smallRadialEngine.v2_icon0
[LOG 23:14:52.093] Load Cached PNG Texture: Squad/Parts/@thumbs/smallRadialEngine.v2_icon1
[LOG 23:14:52.094] Load Cached PNG Texture: Squad/Parts/@thumbs/solarPanelOX10C_icon
[LOG 23:14:52.094] Load Cached PNG Texture: Squad/Parts/@thumbs/solarPanelOX10L_icon
[LOG 23:14:52.094] Load Cached PNG Texture: Squad/Parts/@thumbs/solarPanels1_icon
[LOG 23:14:52.095] Load Cached PNG Texture: Squad/Parts/@thumbs/solarPanels2_icon
[LOG 23:14:52.096] Load Cached PNG Texture: Squad/Parts/@thumbs/solarPanels3_icon
[LOG 23:14:52.096] Load Cached PNG Texture: Squad/Parts/@thumbs/solarPanels4_icon
[LOG 23:14:52.097] Load Cached PNG Texture: Squad/Parts/@thumbs/solarPanels5_icon
[LOG 23:14:52.101] Load Cached PNG Texture: Squad/Parts/@thumbs/solarPanelSP10C_icon
[LOG 23:14:52.103] Load Cached PNG Texture: Squad/Parts/@thumbs/solarPanelSP10L_icon
[LOG 23:14:52.103] Load Cached PNG Texture: Squad/Parts/@thumbs/solidBooster.sm.v2_icon0
[LOG 23:14:52.105] Load Cached PNG Texture: Squad/Parts/@thumbs/solidBooster.v2_icon0
[LOG 23:14:52.105] Load Cached PNG Texture: Squad/Parts/@thumbs/spotLight1_icon
[LOG 23:14:52.106] Load Cached PNG Texture: Squad/Parts/@thumbs/spotLight2_icon
[LOG 23:14:52.106] Load Cached PNG Texture: Squad/Parts/@thumbs/spotLight3_icon0
[LOG 23:14:52.106] Load Cached PNG Texture: Squad/Parts/@thumbs/spotLight3_icon1
[LOG 23:14:52.107] Load Cached PNG Texture: Squad/Parts/@thumbs/stackPoint1_icon
[LOG 23:14:52.107] Load Cached PNG Texture: Squad/Parts/@thumbs/StandardCtrlSrf_icon
[LOG 23:14:52.110] Load Cached PNG Texture: Squad/Parts/@thumbs/standardNoseCone_icon
[LOG 23:14:52.110] Load Cached PNG Texture: Squad/Parts/@thumbs/stripLight1_icon0
[LOG 23:14:52.111] Load Cached PNG Texture: Squad/Parts/@thumbs/stripLight1_icon1
[LOG 23:14:52.111] Load Cached PNG Texture: Squad/Parts/@thumbs/structuralIBeam1_icon
[LOG 23:14:52.114] Load Cached PNG Texture: Squad/Parts/@thumbs/structuralIBeam3_icon
[LOG 23:14:52.114] Load Cached PNG Texture: Squad/Parts/@thumbs/structuralMiniNode_icon
[LOG 23:14:52.114] Load Cached PNG Texture: Squad/Parts/@thumbs/structuralPanel1_icon
[LOG 23:14:52.115] Load Cached PNG Texture: Squad/Parts/@thumbs/structuralPanel2_icon
[LOG 23:14:52.115] Load Cached PNG Texture: Squad/Parts/@thumbs/structuralWing4_icon
[LOG 23:14:52.119] Load Cached PNG Texture: Squad/Parts/@thumbs/strutCube_icon
[LOG 23:14:52.122] Load Cached PNG Texture: Squad/Parts/@thumbs/strutOcto_icon
[LOG 23:14:52.122] Load Cached PNG Texture: Squad/Parts/@thumbs/SurfaceScanner_icon
[LOG 23:14:52.125] Load Cached PNG Texture: Squad/Parts/@thumbs/SurfAntenna_icon
[LOG 23:14:52.125] Load Cached PNG Texture: Squad/Parts/@thumbs/telescopicLadderBay_icon
[LOG 23:14:52.126] Load Cached PNG Texture: Squad/Parts/@thumbs/telescopicLadder_icon
[LOG 23:14:52.128] Load Cached PNG Texture: Squad/Parts/@thumbs/toroidalAerospike_icon
[LOG 23:14:52.129] Load Cached PNG Texture: Squad/Parts/@thumbs/trussAdapter_icon
[LOG 23:14:52.129] Load Cached PNG Texture: Squad/Parts/@thumbs/trussPiece1x_icon
[LOG 23:14:52.129] Load Cached PNG Texture: Squad/Parts/@thumbs/trussPiece3x_icon
[LOG 23:14:52.130] Load Cached PNG Texture: Squad/Parts/@thumbs/vernierEngine_icon
[LOG 23:14:52.130] Load Cached PNG Texture: Squad/Parts/@thumbs/wheelMed_icon
[LOG 23:14:52.131] Load Cached PNG Texture: Squad/Parts/@thumbs/wingConnector4_icon
[LOG 23:14:52.131] Load Cached PNG Texture: Squad/Parts/@thumbs/wingConnector5_icon
[LOG 23:14:52.132] Load Cached PNG Texture: Squad/Parts/@thumbs/winglet3_icon
[LOG 23:14:52.132] Load Cached PNG Texture: Squad/Parts/@thumbs/winglet_icon
[LOG 23:14:52.132] Load Cached PNG Texture: Squad/Parts/@thumbs/wingShuttleElevon1_icon
[LOG 23:14:52.133] Load Cached PNG Texture: Squad/Parts/@thumbs/xenonTankLarge_icon
[LOG 23:14:52.133] Load Cached PNG Texture: Squad/Parts/@thumbs/xenonTankRadial_icon
[LOG 23:14:52.136] Load Cached PNG Texture: Squad/Parts/@thumbs/xenonTank_icon
[LOG 23:14:52.136] Load DDS texture: Squad/Parts/Aero/aerodynamicNoseCone/Rockomax_Adapters_diffuse
[LOG 23:14:52.136] Load DDS texture: Squad/Parts/Aero/aerodynamicNoseCone/Rockomax_Adapters_normal
[LOG 23:14:52.136] Load DDS texture: Squad/Parts/Aero/airbrake/airbrake
[LOG 23:14:52.137] Load DDS texture: Squad/Parts/Aero/airIntakeRadialXM-G50/RadialIntake
[LOG 23:14:52.140] Load DDS texture: Squad/Parts/Aero/airlinerWings/AirlinerWings
[LOG 23:14:52.154] Load DDS texture: Squad/Parts/Aero/airplaneFins/AirplaneFins
[LOG 23:14:52.157] Load DDS texture: Squad/Parts/Aero/basicFin/BasicFin
[LOG 23:14:52.159] Load DDS texture: Squad/Parts/Aero/circularIntake/CircluarIntakes
[LOG 23:14:52.159] Load DDS texture: Squad/Parts/Aero/circularIntake/CircluarIntakes_Heat
[LOG 23:14:52.159] Load DDS texture: Squad/Parts/Aero/cones/Assets/Cones
[LOG 23:14:52.160] Load DDS texture: Squad/Parts/Aero/cones/Assets/ConesDiffuse
[LOG 23:14:52.163] Load DDS texture: Squad/Parts/Aero/cones/Assets/ConesDiffuse_Orange
[LOG 23:14:52.166] Load DDS texture: Squad/Parts/Aero/cones/Assets/ConesDiffuse_White
[LOG 23:14:52.169] Load DDS texture: Squad/Parts/Aero/cones/Assets/ConesHeat
[LOG 23:14:52.171] Load DDS texture: Squad/Parts/Aero/cones/Assets/ConesHeat_Orange
[LOG 23:14:52.178] Load DDS texture: Squad/Parts/Aero/cones/Assets/ConesHeat_White
[LOG 23:14:52.180] Load DDS texture: Squad/Parts/Aero/cones/Assets/Cones_Heat
[LOG 23:14:52.181] Load Cached PNG Texture: Squad/Parts/Aero/cones/Assets/rocketNoseCones_O
[LOG 23:14:52.185] Load Cached PNG Texture: Squad/Parts/Aero/cones/Assets/rocketNoseCones_O_Normal
[LOG 23:14:52.187] Load DDS texture: Squad/Parts/Aero/cones/Assets/rocketNoseCones_W
[LOG 23:14:52.193] Load DDS texture: Squad/Parts/Aero/cones/Assets/Rockomax_Adapters_diffuse
[LOG 23:14:52.193] Load DDS texture: Squad/Parts/Aero/cones/Assets/Rockomax_Adapters_normal
[LOG 23:14:52.194] Load DDS texture: Squad/Parts/Aero/fairings/AutoTruss
[LOG 23:14:52.194] Load DDS texture: Squad/Parts/Aero/fairings/FairingBase
[LOG 23:14:52.194] Load DDS texture: Squad/Parts/Aero/fairings/FairingBaseNormals
[LOG 23:14:52.210] Load DDS texture: Squad/Parts/Aero/fairings/FairingBaseNormals_bw
[LOG 23:14:52.211] Load DDS texture: Squad/Parts/Aero/fairings/FairingBaseNormals_goldSilver
[LOG 23:14:52.211] Load DDS texture: Squad/Parts/Aero/fairings/FairingBaseNormals_orange
[LOG 23:14:52.211] Load Cached PNG Texture: Squad/Parts/Aero/fairings/FairingBase_black
[LOG 23:14:52.216] Load DDS texture: Squad/Parts/Aero/fairings/FairingBase_bw
[LOG 23:14:52.216] Load DDS texture: Squad/Parts/Aero/fairings/FairingBase_goldDiffuse
[LOG 23:14:52.216] Load DDS texture: Squad/Parts/Aero/fairings/FairingBase_goldSpecular
[LOG 23:14:52.217] Load DDS texture: Squad/Parts/Aero/fairings/FairingBase_orange
[LOG 23:14:52.217] Load DDS texture: Squad/Parts/Aero/fairings/FairingBase_silverDiffuse
[LOG 23:14:52.222] Load DDS texture: Squad/Parts/Aero/fairings/FairingBase_silverSpecular
[LOG 23:14:52.223] Load DDS texture: Squad/Parts/Aero/fairings/fairingsCap
[LOG 23:14:52.223] Load DDS texture: Squad/Parts/Aero/fairings/FairingsMat_silverSpecular
[LOG 23:14:52.235] Load DDS texture: Squad/Parts/Aero/fairings/fairings_diff
[LOG 23:14:52.238] Load DDS texture: Squad/Parts/Aero/fairings/fairings_diff_grey
[LOG 23:14:52.240] Load DDS texture: Squad/Parts/Aero/fairings/fairings_diff_orange
[LOG 23:14:52.241] Load DDS texture: Squad/Parts/Aero/fairings/fairings_grey_normals
[LOG 23:14:52.242] Load DDS texture: Squad/Parts/Aero/fairings/fairings_normals
[LOG 23:14:52.244] Load DDS texture: Squad/Parts/Aero/fairings/fairings_normals_silver
[LOG 23:14:52.247] Load DDS texture: Squad/Parts/Aero/fairings/fairings_orange_normals
[LOG 23:14:52.248] Load DDS texture: Squad/Parts/Aero/fairings/fairings_silverDiffuse
[LOG 23:14:52.250] Load DDS texture: Squad/Parts/Aero/HeatShield/Fairing
[LOG 23:14:52.250] Load DDS texture: Squad/Parts/Aero/HeatShield/heatshield
[LOG 23:14:52.250] Load DDS texture: Squad/Parts/Aero/InflatableHeatShield/HeatShield
[LOG 23:14:52.252] Load DDS texture: Squad/Parts/Aero/InflatableHeatShield/HeatShieldFairing
[LOG 23:14:52.252] Load DDS texture: Squad/Parts/Aero/InflatableHeatShield/HeatShield_NRM
[LOG 23:14:52.257] Load DDS texture: Squad/Parts/Aero/intakeRadialLong/Radial_long
[LOG 23:14:52.258] Load DDS texture: Squad/Parts/Aero/miniIntake/SmallIntake
[LOG 23:14:52.258] Load DDS texture: Squad/Parts/Aero/ramAirIntake/RampIntake
[LOG 23:14:52.258] Load DDS texture: Squad/Parts/Aero/ramAirIntake/RampIntake_Heat
[LOG 23:14:52.259] Load DDS texture: Squad/Parts/Aero/shuttleWings/ShuttleWings
[LOG 23:14:52.265] Load DDS texture: Squad/Parts/Aero/wingletAV-R8/model000
[LOG 23:14:52.266] Load DDS texture: Squad/Parts/Aero/wingletAV-R8/model001
[LOG 23:14:52.267] Load DDS texture: Squad/Parts/Aero/wingletAV-T1/model000
[LOG 23:14:52.267] Load DDS texture: Squad/Parts/Aero/wingletAV-T1/model001
[LOG 23:14:52.273] Load DDS texture: Squad/Parts/Aero/wingletDeltaDeluxe/model000
[LOG 23:14:52.273] Load DDS texture: Squad/Parts/Aero/wings/Wings
[LOG 23:14:52.275] Load DDS texture: Squad/Parts/Cargo/CargoContainers/cargoContainer_diff
[LOG 23:14:52.276] Load DDS texture: Squad/Parts/Cargo/CargoContainers/smallCargoContainer_diffuse
[LOG 23:14:52.276] Load DDS texture: Squad/Parts/Cargo/CargoContainers/smallCargoContainer_nrm
[LOG 23:14:52.278] Load DDS texture: Squad/Parts/Cargo/CargoContainers/smallCargoContainer_specular
[LOG 23:14:52.278] Load DDS texture: Squad/Parts/Cargo/Cylinder/EVAcylinder_diffuse
[LOG 23:14:52.278] Load DDS texture: Squad/Parts/Cargo/Cylinder/EVAcylinder_nrm
[LOG 23:14:52.278] Load DDS texture: Squad/Parts/Cargo/GroundAnchor/groundAnchor_diffuse
[LOG 23:14:52.278] Load DDS texture: Squad/Parts/Cargo/GroundAnchor/groundAnchor_nrm
[LOG 23:14:52.278] Load DDS texture: Squad/Parts/Cargo/Jetpack/EVAjetpack
[LOG 23:14:52.280] Load DDS texture: Squad/Parts/Cargo/Jetpack/EVAjetpackEmmisive
[LOG 23:14:52.280] Load DDS texture: Squad/Parts/Cargo/Jetpack/EVAjetpackNRM
[LOG 23:14:52.282] Load DDS texture: Squad/Parts/Cargo/Parachute/backpack_Diff
[LOG 23:14:52.289] Load DDS texture: Squad/Parts/Cargo/Parachute/backpack_NM
[LOG 23:14:52.308] Load DDS texture: Squad/Parts/Cargo/RepairKit/RepairKit_Diffuse
[LOG 23:14:52.315] Load DDS texture: Squad/Parts/Cargo/RepairKit/RepairKit_Normal
[LOG 23:14:52.316] Load DDS texture: Squad/Parts/Cargo/ScienceKit/ExperimentKit_Material_Diffuse
[LOG 23:14:52.320] Load DDS texture: Squad/Parts/Cargo/ScienceKit/ExperimentKit_Material_Emissive
[LOG 23:14:52.324] Load DDS texture: Squad/Parts/Cargo/ScienceKit/ExperimentKit_Material_Normal
[LOG 23:14:52.325] Load DDS texture: Squad/Parts/Cargo/StorageUnits/Assets/Cargo_Material_Diffuse
[LOG 23:14:52.332] Load DDS texture: Squad/Parts/Cargo/StorageUnits/Assets/Cargo_Material_Normal
[LOG 23:14:52.358] Load DDS texture: Squad/Parts/Command/advancedSasModuleLarge/model000
[LOG 23:14:52.358] Load DDS texture: Squad/Parts/Command/advancedSasModuleLarge/model001
[LOG 23:14:52.358] Load DDS texture: Squad/Parts/Command/cupola/cupola_Emissive
[LOG 23:14:52.359] Load DDS texture: Squad/Parts/Command/cupola/ksp_l_cupola_diff
[LOG 23:14:52.359] Load DDS texture: Squad/Parts/Command/cupola/ksp_l_cupola_normal
[LOG 23:14:52.362] Load DDS texture: Squad/Parts/Command/cupola/window
[LOG 23:14:52.362] Load DDS texture: Squad/Parts/Command/externalCommandSeat/model000
[LOG 23:14:52.363] Load DDS texture: Squad/Parts/Command/hitchhikerStorageContainer/cabin
[LOG 23:14:52.364] Load DDS texture: Squad/Parts/Command/hitchhikerStorageContainer/cabin_Illum
[LOG 23:14:52.364] Load DDS texture: Squad/Parts/Command/hitchhikerStorageContainer/cabin_n
[LOG 23:14:52.365] Load DDS texture: Squad/Parts/Command/hitchhikerStorageContainer/window
[LOG 23:14:52.365] Load DDS texture: Squad/Parts/Command/inlineAdvancedStabilizer/model000
[LOG 23:14:52.365] Load DDS texture: Squad/Parts/Command/inlineAdvancedStabilizer/model001
[LOG 23:14:52.366] Load DDS texture: Squad/Parts/Command/inlineReactionWheel/model000
[LOG 23:14:52.366] Load DDS texture: Squad/Parts/Command/inlineReactionWheel/model001
[LOG 23:14:52.366] Load DDS texture: Squad/Parts/Command/inlineReactionWheel/model002
[LOG 23:14:52.366] Load DDS texture: Squad/Parts/Command/Mk1-2Pod/mk 1-2 external shell Variant-Hatch
[LOG 23:14:52.367] Load DDS texture: Squad/Parts/Command/Mk1-3Pod/M1-3 Pod
[LOG 23:14:52.369] Load DDS texture: Squad/Parts/Command/Mk1-3Pod/M1-3 Pod_GLOW
[LOG 23:14:52.369] Load DDS texture: Squad/Parts/Command/mk1Cockpits/GLOW
[LOG 23:14:52.371] Load DDS texture: Squad/Parts/Command/mk1Cockpits/Mk1Cockpit
[LOG 23:14:52.372] Load DDS texture: Squad/Parts/Command/mk1LanderCan/ksp_s_landerCan_diff
[LOG 23:14:52.374] Load DDS texture: Squad/Parts/Command/mk1LanderCan/ksp_s_landerCan_normal
[LOG 23:14:52.374] Load DDS texture: Squad/Parts/Command/mk1LanderCan/ksp_s_landerCan_psd_illum
[LOG 23:14:52.375] Load DDS texture: Squad/Parts/Command/mk1pod/outer shell
[LOG 23:14:52.375] Load DDS texture: Squad/Parts/Command/mk1pod_v2/Mk1_v2
[LOG 23:14:52.376] Load DDS texture: Squad/Parts/Command/mk1pod_v2/Mk1_v2_GLOW
[LOG 23:14:52.378] Load DDS texture: Squad/Parts/Command/mk1pod_v2/Mk1_v2_GW
[LOG 23:14:52.379] Load DDS texture: Squad/Parts/Command/mk1pod_v2/Mk1_v2_N
[LOG 23:14:52.380] Load DDS texture: Squad/Parts/Command/mk1pod_v2/Mk1_v2_W
[LOG 23:14:52.381] Load DDS texture: Squad/Parts/Command/mk1pod_v2/Mk1_v2_W_N
[LOG 23:14:52.382] Load DDS texture: Squad/Parts/Command/mk2CockpitInline/Cockpit_inline_A
[LOG 23:14:52.384] Load DDS texture: Squad/Parts/Command/mk2CockpitInline/Cockpit_inline_Emissive
[LOG 23:14:52.384] Load DDS texture: Squad/Parts/Command/mk2CockpitInline/Cockpit_inline_normal
[LOG 23:14:52.387] Load DDS texture: Squad/Parts/Command/mk2CockpitStandard/Cockpit
[LOG 23:14:52.392] Load DDS texture: Squad/Parts/Command/mk2CockpitStandard/Cockpit_Lum
[LOG 23:14:52.392] Load DDS texture: Squad/Parts/Command/mk2CockpitStandard/Cockpit_NRM
[LOG 23:14:52.396] Load DDS texture: Squad/Parts/Command/mk2DroneCore/mk2Dronecore
[LOG 23:14:52.397] Load DDS texture: Squad/Parts/Command/mk2LanderCan/Illum
[LOG 23:14:52.397] Load DDS texture: Squad/Parts/Command/mk2LanderCan/ladder
[LOG 23:14:52.397] Load DDS texture: Squad/Parts/Command/mk2LanderCan/outershell
[LOG 23:14:52.397] Load DDS texture: Squad/Parts/Command/mk2LanderCan/outershell_n
[LOG 23:14:52.397] Load DDS texture: Squad/Parts/Command/mk2LanderCan/window
[LOG 23:14:52.397] Load DDS texture: Squad/Parts/Command/mk2LanderCan_v2/Mk2Can
[LOG 23:14:52.406] Load DDS texture: Squad/Parts/Command/mk2LanderCan_v2/Mk2Can_glow
[LOG 23:14:52.416] Load DDS texture: Squad/Parts/Command/mk3CockpitShuttle/Mk3CockpitShuttle
[LOG 23:14:52.423] Load DDS texture: Squad/Parts/Command/mk3CockpitShuttle/Mk3CockpitShuttle_LUM
[LOG 23:14:52.423] Load DDS texture: Squad/Parts/Command/MpoProbe/MpoProbe_diffuse
[LOG 23:14:52.425] Load DDS texture: Squad/Parts/Command/MpoProbe/MpoProbe_nrm
[LOG 23:14:52.434] Load DDS texture: Squad/Parts/Command/MpoProbe/MpoProbe_specular
[LOG 23:14:52.437] Load DDS texture: Squad/Parts/Command/MtmStage/mtmStage_diffuse
[LOG 23:14:52.442] Load DDS texture: Squad/Parts/Command/MtmStage/mtmStage_nrm
[LOG 23:14:52.443] Load DDS texture: Squad/Parts/Command/MtmStage/mtmStage_specular
[LOG 23:14:52.445] Load DDS texture: Squad/Parts/Command/probeCoreCube/QBE_New_diffuse
[LOG 23:14:52.446] Load Cached PNG Texture: Squad/Parts/Command/probeCoreCube/QBE_New_NRM
[LOG 23:14:52.448] Load DDS texture: Squad/Parts/Command/probeCoreCube/QBE_New_specular
[LOG 23:14:52.450] Load DDS texture: Squad/Parts/Command/probeCoreHex/ksp_m_hexProbe_diff
[LOG 23:14:52.452] Load DDS texture: Squad/Parts/Command/probeCoreHex/ksp_m_hexProbe_normal
[LOG 23:14:52.452] Load DDS texture: Squad/Parts/Command/probeCoreHex_v2/hecsDiffuse
[LOG 23:14:52.453] Load DDS texture: Squad/Parts/Command/probeCoreHex_v2/hecsNormal
[LOG 23:14:52.454] Load DDS texture: Squad/Parts/Command/probeCoreOcto2_v2/octoDiffuse
[LOG 23:14:52.454] Load DDS texture: Squad/Parts/Command/probeCoreOcto2_v2/octoNormal
[LOG 23:14:52.454] Load DDS texture: Squad/Parts/Command/probeCoreOcto2_v2/octoSpecular
[LOG 23:14:52.454] Load DDS texture: Squad/Parts/Command/probeCoreOcto_v2/octoDiffuse
[LOG 23:14:52.455] Load DDS texture: Squad/Parts/Command/probeCoreOcto_v2/octoNormal
[LOG 23:14:52.455] Load DDS texture: Squad/Parts/Command/probeCoreOcto_v2/octoSpecular
[LOG 23:14:52.456] Load DDS texture: Squad/Parts/Command/probeRoverBody/model000
[LOG 23:14:52.456] Load DDS texture: Squad/Parts/Command/probeRoverBody/model001
[LOG 23:14:52.456] Load DDS texture: Squad/Parts/Command/probeRoverBody_v2/probeRoverBody_v2_gold_diffuse
[LOG 23:14:52.459] Load Cached PNG Texture: Squad/Parts/Command/probeRoverBody_v2/probeRoverBody_v2_gold_NRM
[LOG 23:14:52.460] Load DDS texture: Squad/Parts/Command/probeRoverBody_v2/probeRoverBody_v2_gold_specular
[LOG 23:14:52.462] Load DDS texture: Squad/Parts/Command/probeRoverBody_v2/probeRoverBody_v2_silver_diffuse
[LOG 23:14:52.464] Load Cached PNG Texture: Squad/Parts/Command/probeRoverBody_v2/probeRoverBody_v2_silver_NRM
[LOG 23:14:52.466] Load DDS texture: Squad/Parts/Command/probeRoverBody_v2/probeRoverBody_v2_silver_specular
[LOG 23:14:52.468] Load DDS texture: Squad/Parts/Command/probeRoverBody_v2/QBE_New_diffuse
[LOG 23:14:52.469] Load DDS texture: Squad/Parts/Command/probeRoverBody_v2/QBE_New_NRM
[LOG 23:14:52.469] Load DDS texture: Squad/Parts/Command/probeRoverBody_v2/QBE_New_specular
[LOG 23:14:52.469] Load DDS texture: Squad/Parts/Command/probeStackLarge/model000
[LOG 23:14:52.470] Load DDS texture: Squad/Parts/Command/probeStackLarge/model001
[LOG 23:14:52.472] Load DDS texture: Squad/Parts/Command/probeStackSmall/model000
[LOG 23:14:52.474] Load DDS texture: Squad/Parts/Command/probeStackSmall/model001
[LOG 23:14:52.476] Load DDS texture: Squad/Parts/Command/probeStackSphere_v2/probeStackSphere_diffuse
[LOG 23:14:52.477] Load DDS texture: Squad/Parts/Command/probeStackSphere_v2/probeStackSphere_normal
[LOG 23:14:52.480] Load DDS texture: Squad/Parts/Command/probeStackSphere_v2/probeStackSphere_specular
[LOG 23:14:52.482] Load Cached PNG Texture: Squad/Parts/CompoundParts/@thumbs/fuelLine_icon0
[LOG 23:14:52.485] Load Cached PNG Texture: Squad/Parts/CompoundParts/@thumbs/fuelLine_icon1
[LOG 23:14:52.485] Load Cached PNG Texture: Squad/Parts/CompoundParts/@thumbs/strutConnector_icon0
[LOG 23:14:52.485] Load Cached PNG Texture: Squad/Parts/CompoundParts/@thumbs/strutConnector_icon1
[LOG 23:14:52.485] Load DDS texture: Squad/Parts/CompoundParts/FuelLine/FTX-2 External Fuel Duct
[LOG 23:14:52.485] Load DDS texture: Squad/Parts/CompoundParts/FuelLine/FTX-2 External Fuel Duct_ESA
[LOG 23:14:52.486] Load DDS texture: Squad/Parts/CompoundParts/strutConnector/EAS-4 Strut Connector
[LOG 23:14:52.486] Load DDS texture: Squad/Parts/CompoundParts/strutConnector/EAS-4 Strut Connector_white
[LOG 23:14:52.486] Load DDS texture: Squad/Parts/Coupling/Assets/Decouplers
[LOG 23:14:52.493] Load DDS texture: Squad/Parts/Coupling/Assets/Decouplers_N
[LOG 23:14:52.497] Load DDS texture: Squad/Parts/Coupling/Assets/Decouplers_whiteYellow
[LOG 23:14:52.501] Load DDS texture: Squad/Parts/Coupling/Assets/Decouplers_whiteYellow_N
[LOG 23:14:52.509] Load DDS texture: Squad/Parts/Electrical/10CSolarPanels/assets/circularSolarPanel_diffuse
[LOG 23:14:52.524] Load DDS texture: Squad/Parts/Electrical/10CSolarPanels/assets/circularSolarPanel_nrm
[LOG 23:14:52.529] Load DDS texture: Squad/Parts/Electrical/10LSolarPanels/assets/retractableSolarPanel_diffuse
[LOG 23:14:52.531] Load DDS texture: Squad/Parts/Electrical/10LSolarPanels/assets/retractableSolarPanel_nrm
[LOG 23:14:52.534] Load DDS texture: Squad/Parts/Electrical/1x6ShroudSolarPanels/model000
[LOG 23:14:52.535] Load DDS texture: Squad/Parts/Electrical/1x6ShroudSolarPanels/model001
[LOG 23:14:52.535] Load DDS texture: Squad/Parts/Electrical/1x6ShroudSolarPanels/model002
[LOG 23:14:52.535] Load DDS texture: Squad/Parts/Electrical/1x6SolarPanels/model000
[LOG 23:14:52.535] Load DDS texture: Squad/Parts/Electrical/1x6SolarPanels/model001
[LOG 23:14:52.535] Load DDS texture: Squad/Parts/Electrical/1x6SolarPanels/model002
[LOG 23:14:52.536] Load DDS texture: Squad/Parts/Electrical/3x2ShroudSolarPanels/model000
[LOG 23:14:52.536] Load DDS texture: Squad/Parts/Electrical/3x2ShroudSolarPanels/model001
[LOG 23:14:52.536] Load DDS texture: Squad/Parts/Electrical/3x2ShroudSolarPanels/model002
[LOG 23:14:52.536] Load DDS texture: Squad/Parts/Electrical/3x2SolarPanels/model000
[LOG 23:14:52.536] Load DDS texture: Squad/Parts/Electrical/3x2SolarPanels/model001
[LOG 23:14:52.536] Load DDS texture: Squad/Parts/Electrical/3x2SolarPanels/model002
[LOG 23:14:52.536] Load DDS texture: Squad/Parts/Electrical/gigantorXlSolarArray/panel
[LOG 23:14:52.536] Load DDS texture: Squad/Parts/Electrical/radialFlatSolarPanel/model000
[LOG 23:14:52.536] Load DDS texture: Squad/Parts/Electrical/RTG/model000
[LOG 23:14:52.537] Load DDS texture: Squad/Parts/Electrical/z-100Battery/model000
[LOG 23:14:52.537] Load DDS texture: Squad/Parts/Electrical/z-1kBattery/model000
[LOG 23:14:52.537] Load DDS texture: Squad/Parts/Electrical/z-1kBattery/model001
[LOG 23:14:52.537] Load DDS texture: Squad/Parts/Electrical/z-200Battery/ksp_m_batteryPack_diff
[LOG 23:14:52.539] Load DDS texture: Squad/Parts/Electrical/z-400Battery/model000
[LOG 23:14:52.539] Load DDS texture: Squad/Parts/Electrical/z-4kBattery/ksp_l_batteryPack_diff
[LOG 23:14:52.539] Load DDS texture: Squad/Parts/Electrical/z-4kBattery/ksp_l_batteryPack_normal
[LOG 23:14:52.539] Load DDS texture: Squad/Parts/Engine/ionEngine/model000
[LOG 23:14:52.540] Load DDS texture: Squad/Parts/Engine/jetEngines/Jet Engines
[LOG 23:14:52.541] Load DDS texture: Squad/Parts/Engine/jetEngines/Jet_Heat
[LOG 23:14:52.542] Load DDS texture: Squad/Parts/Engine/liquidEngine24-77/engine
[LOG 23:14:52.542] Load DDS texture: Squad/Parts/Engine/liquidEngine24-77_v2/Twitch
[LOG 23:14:52.544] Load DDS texture: Squad/Parts/Engine/liquidEngine24-77_v2/Twitch_G
[LOG 23:14:52.544] Load DDS texture: Squad/Parts/Engine/liquidEngine24-77_v2/Twitch_GLOW
[LOG 23:14:52.544] Load DDS texture: Squad/Parts/Engine/liquidEngine48-7S/ksp_m_liquidEngine_diff
[LOG 23:14:52.544] Load DDS texture: Squad/Parts/Engine/liquidEngine48-7S_v2/Spark
[LOG 23:14:52.544] Load DDS texture: Squad/Parts/Engine/liquidEngine48-7S_v2/Spark_Glow
[LOG 23:14:52.544] Load DDS texture: Squad/Parts/Engine/liquidEngineAerospike/Aerospike
[LOG 23:14:52.544] Load DDS texture: Squad/Parts/Engine/liquidEngineAerospike/Aerospike_Heat
[LOG 23:14:52.545] Load DDS texture: Squad/Parts/Engine/liquidEngineLV-1_v2/Assets/Ant_and_Spider_diffuse
[LOG 23:14:52.545] Load DDS texture: Squad/Parts/Engine/liquidEngineLV-1_v2/Assets/Ant_and_Spider_emissive
[LOG 23:14:52.550] Load DDS texture: Squad/Parts/Engine/liquidEngineLV-1_v2/Assets/Ant_and_Spider_normal
[LOG 23:14:52.550] Load DDS texture: Squad/Parts/Engine/liquidEngineLV-1_v2/Assets/Ant_and_Spider_specular
[LOG 23:14:52.551] Load DDS texture: Squad/Parts/Engine/liquidEngineLV-909_v2/Terrier
[LOG 23:14:52.552] Load DDS texture: Squad/Parts/Engine/liquidEngineLV-909_v2/TerrierFairing
[LOG 23:14:52.553] Load DDS texture: Squad/Parts/Engine/liquidEngineLV-909_v2/Terrier_glow
[LOG 23:14:52.574] Load DDS texture: Squad/Parts/Engine/liquidEngineLV-N/model000
[LOG 23:14:52.576] Load DDS texture: Squad/Parts/Engine/liquidEngineLV-N/model001
[LOG 23:14:52.576] Load DDS texture: Squad/Parts/Engine/liquidEngineLV-N/model002
[LOG 23:14:52.576] Load DDS texture: Squad/Parts/Engine/liquidEngineLV-N/model003
[LOG 23:14:52.579] Load DDS texture: Squad/Parts/Engine/liquidEngineLV-T30/model000
[LOG 23:14:52.579] Load DDS texture: Squad/Parts/Engine/liquidEngineLV-T30/model001
[LOG 23:14:52.579] Load DDS texture: Squad/Parts/Engine/liquidEngineLV-T30/model002
[LOG 23:14:52.582] Load DDS texture: Squad/Parts/Engine/liquidEngineLV-T30_v2/Engine_Emissive
[LOG 23:14:52.587] Load DDS texture: Squad/Parts/Engine/liquidEngineLV-T30_v2/Engine_Normal
[LOG 23:14:52.594] Load DDS texture: Squad/Parts/Engine/liquidEngineLV-T30_v2/Fairing
[LOG 23:14:52.594] Load DDS texture: Squad/Parts/Engine/liquidEngineLV-T30_v2/Reliant_v2-shroud_Diffuse
[LOG 23:14:52.600] Load DDS texture: Squad/Parts/Engine/liquidEngineLV-T30_v2/Reliant_v2_Diffuse
[LOG 23:14:52.613] Load DDS texture: Squad/Parts/Engine/liquidEngineLV-T45/model000
[LOG 23:14:52.614] Load DDS texture: Squad/Parts/Engine/liquidEngineLV-T45/model001
[LOG 23:14:52.614] Load DDS texture: Squad/Parts/Engine/liquidEngineLV-T45/model002
[LOG 23:14:52.614] Load DDS texture: Squad/Parts/Engine/liquidEngineLV-T45/model003
[LOG 23:14:52.614] Load DDS texture: Squad/Parts/Engine/liquidEngineLV-T45_v2/Engine_Emissive
[LOG 23:14:52.624] Load DDS texture: Squad/Parts/Engine/liquidEngineLV-T45_v2/Fairing
[LOG 23:14:52.626] Load DDS texture: Squad/Parts/Engine/liquidEngineLV-T45_v2/Swivel_v2_Diffuse
[LOG 23:14:52.634] Load DDS texture: Squad/Parts/Engine/liquidEngineLV-T45_v2/Swivel_v2_Normal
[LOG 23:14:52.650] Load DDS texture: Squad/Parts/Engine/liquidEngineMainsail_v2/mainsail_diffuse
[LOG 23:14:52.661] Load DDS texture: Squad/Parts/Engine/liquidEngineMainsail_v2/mainsail_emissive
[LOG 23:14:52.663] Load DDS texture: Squad/Parts/Engine/liquidEngineMainsail_v2/mainsail_nrm
[LOG 23:14:52.672] Load DDS texture: Squad/Parts/Engine/liquidEngineMainsail_v2/mainsail_specular
[LOG 23:14:52.686] Load DDS texture: Squad/Parts/Engine/liquidEngineMainsail_v2/Shroud
[LOG 23:14:52.687] Load DDS texture: Squad/Parts/Engine/liquidEngineMk55/Thud
[LOG 23:14:52.688] Load DDS texture: Squad/Parts/Engine/liquidEngineMk55/Thud_Heat
[LOG 23:14:52.689] Load DDS texture: Squad/Parts/Engine/liquidEnginePoodle_v2/poodle
[LOG 23:14:52.700] Load DDS texture: Squad/Parts/Engine/liquidEnginePoodle_v2/PoodleShroud
[LOG 23:14:52.701] Load DDS texture: Squad/Parts/Engine/liquidEnginePoodle_v2/poodle_Glow
[LOG 23:14:52.703] Load DDS texture: Squad/Parts/Engine/liquidEnginePoodle_v2/Poodle_SingleBell_Poodle_Diffuse
[LOG 23:14:52.706] Load DDS texture: Squad/Parts/Engine/liquidEnginePoodle_v2/Poodle_SingleBell_Poodle_Emissive
[LOG 23:14:52.708] Load DDS texture: Squad/Parts/Engine/liquidEnginePoodle_v2/Poodle_SingleBell_Poodle_Normal
[LOG 23:14:52.710] Load DDS texture: Squad/Parts/Engine/liquidEngineSkipper_v2/Shroud
[LOG 23:14:52.710] Load DDS texture: Squad/Parts/Engine/liquidEngineSkipper_v2/skipper_v2_diffuse
[LOG 23:14:52.722] Load DDS texture: Squad/Parts/Engine/liquidEngineSkipper_v2/skipper_v2_emissive
[LOG 23:14:52.726] Load DDS texture: Squad/Parts/Engine/liquidEngineSkipper_v2/skipper_v2_normal
[LOG 23:14:52.745] Load DDS texture: Squad/Parts/Engine/liquidEngineSSME/SSME
[LOG 23:14:52.746] Load DDS texture: Squad/Parts/Engine/liquidEngineSSME/SSME_GLOW
[LOG 23:14:52.746] Load DDS texture: Squad/Parts/Engine/liquidEngineSSME/SSME_NRM
[LOG 23:14:52.746] Load DDS texture: Squad/Parts/Engine/MassiveSRB/solid_booster_cm
[LOG 23:14:52.748] Load DDS texture: Squad/Parts/Engine/MassiveSRB/solid_booster_cm_esa
[LOG 23:14:52.750] Load DDS texture: Squad/Parts/Engine/MassiveSRB/solid_booster_em
[LOG 23:14:52.753] Load DDS texture: Squad/Parts/Engine/MassiveSRB/solid_booster_nm
[LOG 23:14:52.756] Load DDS texture: Squad/Parts/Engine/miniJet/SmallJet
[LOG 23:14:52.757] Load DDS texture: Squad/Parts/Engine/OMSEngine/Puff_diffuse
[LOG 23:14:52.757] Load DDS texture: Squad/Parts/Engine/OMSEngine/Puff_emissive
[LOG 23:14:52.757] Load DDS texture: Squad/Parts/Engine/OMSEngine/Puff_normal
[LOG 23:14:52.757] Load DDS texture: Squad/Parts/Engine/OMSEngine/Puff_specular
[LOG 23:14:52.762] Load DDS texture: Squad/Parts/Engine/rapierEngine/rapierDiffuse
[LOG 23:14:52.762] Load DDS texture: Squad/Parts/Engine/rapierEngine/rapieremit
[LOG 23:14:52.762] Load DDS texture: Squad/Parts/Engine/Size1_SRBs/SRB_O
[LOG 23:14:52.763] Load DDS texture: Squad/Parts/Engine/Size1_SRBs/SRB_W
[LOG 23:14:52.763] Load DDS texture: Squad/Parts/Engine/Size1_SRBs/SRB_Y
[LOG 23:14:52.764] Load DDS texture: Squad/Parts/Engine/Size2LFB/Size2LFBEmissive
[LOG 23:14:52.764] Load DDS texture: Squad/Parts/Engine/Size2LFB/twin_nozzle_booster_cm
[LOG 23:14:52.766] Load DDS texture: Squad/Parts/Engine/Size2LFB/twin_nozzle_booster_nm
[LOG 23:14:52.767] Load DDS texture: Squad/Parts/Engine/Size2LFB_v2/Size2LFBEmissive
[LOG 23:14:52.768] Load DDS texture: Squad/Parts/Engine/Size2LFB_v2/twin_nozzle_booster_cm
[LOG 23:14:52.770] Load DDS texture: Squad/Parts/Engine/Size2LFB_v2/twin_nozzle_booster_nm
[LOG 23:14:52.773] Load DDS texture: Squad/Parts/Engine/Size3AdvancedEngine/decoupler_and_adaptor_cm
[LOG 23:14:52.777] Load DDS texture: Squad/Parts/Engine/Size3AdvancedEngine/Size3AdvancedEngineDiffuse
[LOG 23:14:52.778] Load DDS texture: Squad/Parts/Engine/Size3AdvancedEngine/Size3AdvancedEngineEmissive
[LOG 23:14:52.779] Load DDS texture: Squad/Parts/Engine/Size3AdvancedEngine/Size3AdvancedEngineNormal
[LOG 23:14:52.779] Load DDS texture: Squad/Parts/Engine/Size3EngineCluster/ClusterEngineEmit
[LOG 23:14:52.779] Load DDS texture: Squad/Parts/Engine/Size3EngineCluster/four_nozzle_engine_cm
[LOG 23:14:52.810] Load DDS texture: Squad/Parts/Engine/Size3EngineCluster/four_nozzle_engine_nm
[LOG 23:14:52.812] Load DDS texture: Squad/Parts/Engine/solidBoosterBACC/model000
[LOG 23:14:52.814] Load DDS texture: Squad/Parts/Engine/solidBoosterBACC/model001
[LOG 23:14:52.816] Load DDS texture: Squad/Parts/Engine/solidBoosterBACC/model002
[LOG 23:14:52.818] Load DDS texture: Squad/Parts/Engine/solidBoosterRT-5/RT5
[LOG 23:14:52.818] Load DDS texture: Squad/Parts/Engine/solidBoosterS2-17/solidBoosterS2-17_diffuse
[LOG 23:14:52.832] Load DDS texture: Squad/Parts/Engine/solidBoosterS2-17/solidBoosterS2-17_emissive
[LOG 23:14:52.853] Load DDS texture: Squad/Parts/Engine/solidBoosterS2-17/solidBoosterS2-17_normal
[LOG 23:14:52.869] Load DDS texture: Squad/Parts/Engine/solidBoosterS2-33/solidBoosterS2-33_diffuse
[LOG 23:14:52.909] Load DDS texture: Squad/Parts/Engine/solidBoosterS2-33/solidBoosterS2-33_emissive
[LOG 23:14:52.953] Load DDS texture: Squad/Parts/Engine/solidBoosterS2-33/solidBoosterS2-33_normal
[LOG 23:14:53.002] Load DDS texture: Squad/Parts/Engine/solidBoosterSep/model000
[LOG 23:14:53.003] Load DDS texture: Squad/Parts/Engine/solidBoosterSep/motor
[LOG 23:14:53.003] Load DDS texture: Squad/Parts/Engine/SolidBoostersF/Assets/SolidBoosterF3S0_diffuse
[LOG 23:14:53.003] Load DDS texture: Squad/Parts/Engine/SolidBoostersF/Assets/SolidBoosterF3S0_emissive
[LOG 23:14:53.004] Load DDS texture: Squad/Parts/Engine/SolidBoostersF/Assets/SolidBoosterF3S0_normal
[LOG 23:14:53.005] Load DDS texture: Squad/Parts/FuelTank/adapterTanks/Mk3Adapters
[LOG 23:14:53.012] Load DDS texture: Squad/Parts/FuelTank/drainTankFTE-1/fuelValve_diffuse
[LOG 23:14:53.015] Load DDS texture: Squad/Parts/FuelTank/drainTankFTE-1/fuelValve_nrm
[LOG 23:14:53.015] Load DDS texture: Squad/Parts/FuelTank/FoilTanks/RadialTanks
[LOG 23:14:53.017] Load DDS texture: Squad/Parts/FuelTank/FoilTanks/RadialTanksGold_specular
[LOG 23:14:53.020] Load DDS texture: Squad/Parts/FuelTank/FoilTanks/RadialTanksSilver_specular
[LOG 23:14:53.023] Load DDS texture: Squad/Parts/FuelTank/FoilTanks/RadialTanks_N
[LOG 23:14:53.028] Load DDS texture: Squad/Parts/FuelTank/FoilTanks/RadialTanks_silver
[LOG 23:14:53.030] Load DDS texture: Squad/Parts/FuelTank/fuelTankOscarB/model000
[LOG 23:14:53.030] Load DDS texture: Squad/Parts/FuelTank/fuelTankOscarB/model001
[LOG 23:14:53.030] Load DDS texture: Squad/Parts/FuelTank/fuelTankOscarB/tank
[LOG 23:14:53.031] Load DDS texture: Squad/Parts/FuelTank/fuelTankOscarB/tank_n
[LOG 23:14:53.031] Load DDS texture: Squad/Parts/FuelTank/miniFuselage/Fuselage
[LOG 23:14:53.031] Load DDS texture: Squad/Parts/FuelTank/mk2Adapters/mk2adapters1m
[LOG 23:14:53.038] Load DDS texture: Squad/Parts/FuelTank/mk2FuselageLong/mk2Fuselage
[LOG 23:14:53.039] Load DDS texture: Squad/Parts/FuelTank/mk2FuselageShort/mk2FuselageShort
[LOG 23:14:53.045] Load DDS texture: Squad/Parts/FuelTank/mk3Fuselage/Mk3Fuselage
[LOG 23:14:53.048] Load DDS texture: Squad/Parts/FuelTank/mk3Fuselage/Mk3Fuselage_LUM
[LOG 23:14:53.048] Load DDS texture: Squad/Parts/FuelTank/RCSFuelTankR1/RCSFuelTankR1_01
[LOG 23:14:53.049] Load DDS texture: Squad/Parts/FuelTank/RCSFuelTankR1/RCSFuelTankR1_02
[LOG 23:14:53.049] Load DDS texture: Squad/Parts/FuelTank/RCSFuelTankR1/RCSFuelTankR1_N
[LOG 23:14:53.051] Load DDS texture: Squad/Parts/FuelTank/RCSFuelTankR10/ksp_m_rcsTank_diff
[LOG 23:14:53.052] Load DDS texture: Squad/Parts/FuelTank/RCSFuelTankR10/ksp_m_rcsTank_normal
[LOG 23:14:53.053] Load DDS texture: Squad/Parts/FuelTank/RCSFuelTankR25/FL-R25 RCS Fuel Tank_D
[LOG 23:14:53.053] Load DDS texture: Squad/Parts/FuelTank/RCSFuelTankR25/FL-R25 RCS Fuel Tank_N
[LOG 23:14:53.053] Load DDS texture: Squad/Parts/FuelTank/RCSTankRadial/model000
[LOG 23:14:53.053] Load DDS texture: Squad/Parts/FuelTank/RCStankRadialLong/ksp_r_rcsCylTank_diff
[LOG 23:14:53.054] Load DDS texture: Squad/Parts/FuelTank/RockomaxTanks/Assets/rockomax_16 [AlbedoM] BW
[LOG 23:14:53.064] Load DDS texture: Squad/Parts/FuelTank/RockomaxTanks/Assets/rockomax_16 [AlbedoM] ESA
[LOG 23:14:53.071] Load DDS texture: Squad/Parts/FuelTank/RockomaxTanks/Assets/rockomax_16 [AlbedoM] O
[LOG 23:14:53.080] Load DDS texture: Squad/Parts/FuelTank/RockomaxTanks/Assets/rockomax_16 [Normal] BW
[LOG 23:14:53.088] Load DDS texture: Squad/Parts/FuelTank/RockomaxTanks/Assets/rockomax_16 [Normal]ESA
[LOG 23:14:53.101] Load DDS texture: Squad/Parts/FuelTank/RockomaxTanks/Assets/rockomax_16 [Normal]O
[LOG 23:14:53.108] Load DDS texture: Squad/Parts/FuelTank/RockomaxTanks/Assets/rockomax_32 [AlbedoM] ESA
[LOG 23:14:53.111] Load DDS texture: Squad/Parts/FuelTank/RockomaxTanks/Assets/rockomax_32 [Normal]ESA
[LOG 23:14:53.113] Load DDS texture: Squad/Parts/FuelTank/Size1_Tanks/125Tanks_BW
[LOG 23:14:53.117] Load DDS texture: Squad/Parts/FuelTank/Size1_Tanks/125Tanks_D
[LOG 23:14:53.120] Load DDS texture: Squad/Parts/FuelTank/Size1_Tanks/125Tanks_N
[LOG 23:14:53.124] Load DDS texture: Squad/Parts/FuelTank/Size1_Tanks/125Tanks_O
[LOG 23:14:53.128] Load DDS texture: Squad/Parts/FuelTank/Size1_Tanks/125Tanks_W
[LOG 23:14:53.135] Load DDS texture: Squad/Parts/FuelTank/Size3Tanks/fueltTanks_cm
[LOG 23:14:53.137] Load Cached PNG Texture: Squad/Parts/FuelTank/Size3Tanks/Size3Tanks
[LOG 23:14:53.138] Load Cached PNG Texture: Squad/Parts/FuelTank/Size3Tanks/Size3Tanks_Norm
[LOG 23:14:53.138] Load Cached PNG Texture: Squad/Parts/FuelTank/Size3Tanks/Size3Tanks_Orange
[LOG 23:14:53.140] Load Cached PNG Texture: Squad/Parts/FuelTank/Size3Tanks/Size3Tanks_Orange_Norm
[LOG 23:14:53.142] Load DDS texture: Squad/Parts/FuelTank/xenonTank/model000
[LOG 23:14:53.142] Load DDS texture: Squad/Parts/FuelTank/xenonTank/model001
[LOG 23:14:53.142] Load DDS texture: Squad/Parts/FuelTank/xenonTankLarge/tank
[LOG 23:14:53.143] Load DDS texture: Squad/Parts/FuelTank/xenonTankRadial/ksp_r_xenonTank_diff
[LOG 23:14:53.143] Load DDS texture: Squad/Parts/Misc/AsteroidDay/CamSat
[LOG 23:14:53.144] Load DDS texture: Squad/Parts/Misc/AsteroidDay/CamSat_glow
[LOG 23:14:53.144] Load DDS texture: Squad/Parts/Misc/AsteroidDay/CamSat_N_NRM
[LOG 23:14:53.146] Load DDS texture: Squad/Parts/Misc/AsteroidDay/default
[LOG 23:14:53.146] Load DDS texture: Squad/Parts/Misc/AsteroidDay/hecsDiffuse
[LOG 23:14:53.146] Load DDS texture: Squad/Parts/Misc/AsteroidDay/hecsNormal
[LOG 23:14:53.146] Load DDS texture: Squad/Parts/Misc/AsteroidDay/hecsSpecular
[LOG 23:14:53.146] Load DDS texture: Squad/Parts/Misc/AsteroidDay/JumboHexProbe
[LOG 23:14:53.147] Load DDS texture: Squad/Parts/Misc/AsteroidDay/JumboHexProbe_NORM_NRM
[LOG 23:14:53.147] Load DDS texture: Squad/Parts/Resources/FuelCell/FCLamp
[LOG 23:14:53.147] Load DDS texture: Squad/Parts/Resources/FuelCell/FuelCellRack
[LOG 23:14:53.147] Load DDS texture: Squad/Parts/Resources/FuelCell/fuellcell
[LOG 23:14:53.147] Load DDS texture: Squad/Parts/Resources/ISRU/Processor_Large
[LOG 23:14:53.148] Load DDS texture: Squad/Parts/Resources/LargeTank/ksp_l_resourceContainer_diff
[LOG 23:14:53.148] Load DDS texture: Squad/Parts/Resources/LargeTank/ksp_l_resourceContainer_norm
[LOG 23:14:53.149] Load DDS texture: Squad/Parts/Resources/MiniDrill/DustParticle
[LOG 23:14:53.150] Load DDS texture: Squad/Parts/Resources/MiniDrill/ksp_r_rockProbe_diff
[LOG 23:14:53.151] Load DDS texture: Squad/Parts/Resources/MiniDrill/RockParticle
[LOG 23:14:53.151] Load DDS texture: Squad/Parts/Resources/MiniISRU/ksp_s_processorSmall_diff
[LOG 23:14:53.152] Load DDS texture: Squad/Parts/Resources/OrbitalScanner/detector
[LOG 23:14:53.154] Load DDS texture: Squad/Parts/Resources/RadialDrill/DustParticle
[LOG 23:14:53.155] Load DDS texture: Squad/Parts/Resources/RadialDrill/RockParticle
[LOG 23:14:53.155] Load DDS texture: Squad/Parts/Resources/RadialDrill/TriBitDrill
[LOG 23:14:53.155] Load DDS texture: Squad/Parts/Resources/RadialTank/ksp_r_resourceContainer_psd_2
[LOG 23:14:53.155] Load DDS texture: Squad/Parts/Resources/SmallTank/ksp_s_resourceContainer_diff
[LOG 23:14:53.156] Load DDS texture: Squad/Parts/Resources/SmallTank/ksp_s_resourceContainer_normal
[LOG 23:14:53.158] Load DDS texture: Squad/Parts/Resources/SurfaceScanner/ksp_r_samplerAir_diff
[LOG 23:14:53.159] Load DDS texture: Squad/Parts/Resources/SurveyScanner/dish
[LOG 23:14:53.161] Load DDS texture: Squad/Parts/Resources/SurveyScanner/dish_n
[LOG 23:14:53.163] Load DDS texture: Squad/Parts/Science/AtmosphereSensor/ksp_r_hydroscoop_diff
[LOG 23:14:53.164] Load DDS texture: Squad/Parts/Science/GooExperiment/GooExperiment
[LOG 23:14:53.165] Load DDS texture: Squad/Parts/Science/LargeCrewedLab/Large_Crewed_Lab
[LOG 23:14:53.166] Load DDS texture: Squad/Parts/Science/LargeCrewedLab/Large_Crewed_Lab_glow
[LOG 23:14:53.175] Load DDS texture: Squad/Parts/Science/LargeCrewedLab/window
[LOG 23:14:53.175] Load DDS texture: Squad/Parts/Science/Magnetometer/Magnetometer_diffuse
[LOG 23:14:53.176] Load DDS texture: Squad/Parts/Science/Magnetometer/Magnetometer_nrm
[LOG 23:14:53.176] Load DDS texture: Squad/Parts/Science/MaterialBay/science_module_small
[LOG 23:14:53.178] Load DDS texture: Squad/Parts/Science/MaterialBay/science_module_small_emit
[LOG 23:14:53.178] Load DDS texture: Squad/Parts/Science/MaterialBay/science_module_small_nrm
[LOG 23:14:53.178] Load DDS texture: Squad/Parts/Science/MaterialBay/wires
[LOG 23:14:53.179] Load DDS texture: Squad/Parts/Science/ScienceBox/Container
[LOG 23:14:53.179] Load DDS texture: Squad/Parts/Science/sensorAccelerometer/model000
[LOG 23:14:53.179] Load DDS texture: Squad/Parts/Science/sensorBarometer/model000
[LOG 23:14:53.179] Load DDS texture: Squad/Parts/Science/sensorGravimeter/model000
[LOG 23:14:53.179] Load DDS texture: Squad/Parts/Science/sensorThermometer/model000
[LOG 23:14:53.180] Load DDS texture: Squad/Parts/Structural/FLAdapters/Assets/FLA-Adapters_diffuse
[LOG 23:14:53.182] Load DDS texture: Squad/Parts/Structural/FLAdapters/Assets/FLA-Adapters_diffuse_O
[LOG 23:14:53.184] Load DDS texture: Squad/Parts/Structural/FLAdapters/Assets/FLA-Adapters_normal
[LOG 23:14:53.189] Load DDS texture: Squad/Parts/Structural/FLAdapters/Assets/FLA-Adapters_normal_O
[LOG 23:14:53.191] Load DDS texture: Squad/Parts/Structural/mk1Parts/Mk1Structural
[LOG 23:14:53.192] Load DDS texture: Squad/Parts/Structural/mk1Parts/Mk1StructuralHeat
[LOG 23:14:53.193] Load Cached PNG Texture: Squad/Parts/Structural/mk1Parts/@thumbs/MK1Fuselage_icon
[LOG 23:14:53.195] Load DDS texture: Squad/Parts/Structural/Size3To2Adapter_v2/Size2to3_BW_Diffuse
[LOG 23:14:53.205] Load DDS texture: Squad/Parts/Structural/Size3To2Adapter_v2/Size2to3_DUMMY_NRM
[LOG 23:14:53.208] Load DDS texture: Squad/Parts/Structural/Size3To2Adapter_v2/Size2to3_O_Diffuse
[LOG 23:14:53.216] Load DDS texture: Squad/Parts/Structural/Size3To2Adapter_v2/Size2to3_W_Diffuse
[LOG 23:14:53.223] Load DDS texture: Squad/Parts/Structural/Size3To2Adapter_v2/Size2to3_W_NRM
[LOG 23:14:53.231] Load DDS texture: Squad/Parts/Structural/stackAdapters/Assets/stackAdapters_diffuse
[LOG 23:14:53.233] Load DDS texture: Squad/Parts/Structural/stackAdapters/Assets/stackAdapters_diffuse_Dark
[LOG 23:14:53.234] Load DDS texture: Squad/Parts/Structural/stackAdapters/Assets/stackAdapters_diffuse_Orange
[LOG 23:14:53.236] Load DDS texture: Squad/Parts/Structural/stackAdapters/Assets/stackAdapters_normal
[LOG 23:14:53.238] Load DDS texture: Squad/Parts/Structural/stackAdapters/Assets/stackAdapters_normal_Orange
[LOG 23:14:53.240] Load DDS texture: Squad/Parts/Structural/stationHub/model000
[LOG 23:14:53.242] Load DDS texture: Squad/Parts/Structural/stationHub/model001
[LOG 23:14:53.243] Load DDS texture: Squad/Parts/Structural/structuralIBeam200/model000
[LOG 23:14:53.243] Load DDS texture: Squad/Parts/Structural/structuralIBeam200Pocket/model000
[LOG 23:14:53.243] Load DDS texture: Squad/Parts/Structural/structuralIBeam650/model000
[LOG 23:14:53.243] Load DDS texture: Squad/Parts/Structural/structuralMicronode/model000
[LOG 23:14:53.243] Load DDS texture: Squad/Parts/Structural/structuralPanel1x1/model000
[LOG 23:14:53.244] Load DDS texture: Squad/Parts/Structural/structuralPanel1x1/model001
[LOG 23:14:53.244] Load DDS texture: Squad/Parts/Structural/structuralPanel2x2/model000
[LOG 23:14:53.244] Load DDS texture: Squad/Parts/Structural/structuralPanel2x2/model001
[LOG 23:14:53.244] Load DDS texture: Squad/Parts/Structural/structuralPylons/Pylons
[LOG 23:14:53.245] Load DDS texture: Squad/Parts/Structural/strutCubicOcto/cubestrut
[LOG 23:14:53.245] Load DDS texture: Squad/Parts/Structural/strutOcto/model000
[LOG 23:14:53.245] Load DDS texture: Squad/Parts/Structural/trussGirderAdapter/model000
[LOG 23:14:53.245] Load DDS texture: Squad/Parts/Structural/trussGirderAdapter/model001
[LOG 23:14:53.245] Load DDS texture: Squad/Parts/Structural/trussGirderL/model000
[LOG 23:14:53.245] Load DDS texture: Squad/Parts/Structural/trussGirderXL/model000
[LOG 23:14:53.246] Load DDS texture: Squad/Parts/Thermal/FoldingRadiators/radiator
[LOG 23:14:53.246] Load DDS texture: Squad/Parts/Thermal/FoldingRadiators/radiator_N_NRM
[LOG 23:14:53.247] Load DDS texture: Squad/Parts/Thermal/RadiatorPanels/radPanel
[LOG 23:14:53.249] Load DDS texture: Squad/Parts/Thermal/RadiatorPanels/radPanel_N_NRM
[LOG 23:14:53.251] Load DDS texture: Squad/Parts/Utility/commDish88-88/comm_dish_array
[LOG 23:14:53.251] Load DDS texture: Squad/Parts/Utility/commDish88-88/comm_dish_v2_diff
[LOG 23:14:53.251] Load DDS texture: Squad/Parts/Utility/commDish88-88/model000
[LOG 23:14:53.251] Load DDS texture: Squad/Parts/Utility/commsAntennaDTS-M1/mediumDishAntenna
[LOG 23:14:53.253] Load DDS texture: Squad/Parts/Utility/commsAntennaDTS-M1/mediumDishAntenna_Emit
[LOG 23:14:53.253] Load DDS texture: Squad/Parts/Utility/commsDish16/model000
[LOG 23:14:53.253] Load DDS texture: Squad/Parts/Utility/decouplerRadialHDM/model000
[LOG 23:14:53.253] Load DDS texture: Squad/Parts/Utility/decouplerRadialTT-38K/model000
[LOG 23:14:53.253] Load DDS texture: Squad/Parts/Utility/decouplerRadialTT-38K/model001
[LOG 23:14:53.253] Load DDS texture: Squad/Parts/Utility/decouplerRadialTT-70/model000
[LOG 23:14:53.253] Load DDS texture: Squad/Parts/Utility/DirectAntennas/MiniAntenna
[LOG 23:14:53.256] Load DDS texture: Squad/Parts/Utility/dockingPort/Arrow Pointer
[LOG 23:14:53.256] Load DDS texture: Squad/Parts/Utility/dockingPort/DockingPorts_Clampotron_Diffuse
[LOG 23:14:53.264] Load DDS texture: Squad/Parts/Utility/dockingPort/DockingPorts_Clampotron_Emissive
[LOG 23:14:53.266] Load DDS texture: Squad/Parts/Utility/dockingPort/DockingPorts_Clampotron_Normal
[LOG 23:14:53.278] Load DDS texture: Squad/Parts/Utility/dockingPortInline/Arrow Pointer
[LOG 23:14:53.278] Load DDS texture: Squad/Parts/Utility/dockingPortInline/ClampotronLinear_ClampotronLinear_Diffuse
[LOG 23:14:53.285] Load DDS texture: Squad/Parts/Utility/dockingPortInline/ClampotronLinear_ClampotronLinear_Emissive
[LOG 23:14:53.287] Load DDS texture: Squad/Parts/Utility/dockingPortInline/ClampotronLinear_ClampotronLinear_Normal
[LOG 23:14:53.296] Load DDS texture: Squad/Parts/Utility/dockingPortInline/DockingPorts_Clampotron_Diffuse
[LOG 23:14:53.304] Load DDS texture: Squad/Parts/Utility/dockingPortInline/DockingPorts_Clampotron_Emissive
[LOG 23:14:53.306] Load DDS texture: Squad/Parts/Utility/dockingPortInline/DockingPorts_Clampotron_Normal
[LOG 23:14:53.316] Load DDS texture: Squad/Parts/Utility/dockingPortJr/Arrow Pointer
[LOG 23:14:53.316] Load DDS texture: Squad/Parts/Utility/dockingPortJr/DockingPorts_ClampotronJR_Diffuse
[LOG 23:14:53.317] Load DDS texture: Squad/Parts/Utility/dockingPortJr/DockingPorts_ClampotronJR_Normal
[LOG 23:14:53.319] Load DDS texture: Squad/Parts/Utility/dockingPortJr/model000
[LOG 23:14:53.319] Load DDS texture: Squad/Parts/Utility/dockingPortShielded/Arrow Pointer
[LOG 23:14:53.319] Load DDS texture: Squad/Parts/Utility/dockingPortShielded/Clamp-O-Tron Shielded Docking Port_ClampotronShielded_Diffuse
[LOG 23:14:53.325] Load DDS texture: Squad/Parts/Utility/dockingPortShielded/Clamp-O-Tron Shielded Docking Port_ClampotronShielded_Normal
[LOG 23:14:53.343] Load DDS texture: Squad/Parts/Utility/dockingPortShielded/DockingPorts_Clampotron_Diffuse
[LOG 23:14:53.354] Load DDS texture: Squad/Parts/Utility/dockingPortShielded/DockingPorts_Clampotron_Emissive
[LOG 23:14:53.357] Load DDS texture: Squad/Parts/Utility/dockingPortShielded/DockingPorts_Clampotron_Normal
[LOG 23:14:53.365] Load DDS texture: Squad/Parts/Utility/dockingPortSr/Arrow Pointer
[LOG 23:14:53.367] Load DDS texture: Squad/Parts/Utility/dockingPortSr/ClampotronSr_ClampotronSr_Diffuse
[LOG 23:14:53.374] Load DDS texture: Squad/Parts/Utility/dockingPortSr/ClampotronSr_ClampotronSr_Diffuse_gray
[LOG 23:14:53.381] Load DDS texture: Squad/Parts/Utility/dockingPortSr/ClampotronSr_ClampotronSr_Emissive
[LOG 23:14:53.383] Load DDS texture: Squad/Parts/Utility/dockingPortSr/ClampotronSr_ClampotronSr_Normal
[LOG 23:14:53.392] Load Cached PNG Texture: Squad/Parts/Utility/Fireworks/Assets/fireworks_launcher_big 1
[LOG 23:14:53.397] Load Cached PNG Texture: Squad/Parts/Utility/Fireworks/Assets/fireworks_launcher_big
[LOG 23:14:53.402] Load Cached PNG Texture: Squad/Parts/Utility/flags/backgroundTextures/dark_background
[LOG 23:14:53.403] Load Cached PNG Texture: Squad/Parts/Utility/flags/backgroundTextures/orange_background
[LOG 23:14:53.404] Load Cached PNG Texture: Squad/Parts/Utility/flags/backgroundTextures/white_background
[LOG 23:14:53.404] Load DDS texture: Squad/Parts/Utility/GrapplingDevice/grabberDiffuse
[LOG 23:14:53.406] Load DDS texture: Squad/Parts/Utility/GrapplingDevice/grabberDiffuse_dark
[LOG 23:14:53.407] Load DDS texture: Squad/Parts/Utility/GrapplingDevice/grabberNRM
[LOG 23:14:53.408] Load DDS texture: Squad/Parts/Utility/GrapplingDevice/window
[LOG 23:14:53.409] Load DDS texture: Squad/Parts/Utility/ladderRadial/model000
[LOG 23:14:53.409] Load DDS texture: Squad/Parts/Utility/ladderTelescopic/model000
[LOG 23:14:53.409] Load DDS texture: Squad/Parts/Utility/ladderTelescopic/model001
[LOG 23:14:53.411] Load DDS texture: Squad/Parts/Utility/ladderTelescopic/model002
[LOG 23:14:53.418] Load DDS texture: Squad/Parts/Utility/ladderTelescopicBay/model000
[LOG 23:14:53.420] Load DDS texture: Squad/Parts/Utility/ladderTelescopicBay/model001
[LOG 23:14:53.422] Load DDS texture: Squad/Parts/Utility/landingLegLT-1/ksp_r_landingStrut_diff
[LOG 23:14:53.422] Load DDS texture: Squad/Parts/Utility/landingLegLT-2/landingLeg
[LOG 23:14:53.422] Load DDS texture: Squad/Parts/Utility/landingLegLT-5/leg
[LOG 23:14:53.422] Load DDS texture: Squad/Parts/Utility/landingLegLT-5/model000
[LOG 23:14:53.422] Load DDS texture: Squad/Parts/Utility/launchClamp1/model000
[LOG 23:14:53.423] Load DDS texture: Squad/Parts/Utility/launchClamp1/model001
[LOG 23:14:53.423] Load DDS texture: Squad/Parts/Utility/launchEscapeSystem/LES_Diffuse
[LOG 23:14:53.429] Load DDS texture: Squad/Parts/Utility/Lights/Assets/Lights_Attacheable_Lights_Diffuse
[LOG 23:14:53.429] Load DDS texture: Squad/Parts/Utility/Lights/Assets/Lights_Attacheable_Lights_Diffuse_white
[LOG 23:14:53.429] Load DDS texture: Squad/Parts/Utility/Lights/Assets/Lights_Attacheable_Lights_Emissive
[LOG 23:14:53.430] Load DDS texture: Squad/Parts/Utility/Lights/Assets/Lights_Attacheable_Lights_Normal
[LOG 23:14:53.433] Load DDS texture: Squad/Parts/Utility/Lights/Assets/Lights_Rectangle_Light_Diffuse
[LOG 23:14:53.439] Load DDS texture: Squad/Parts/Utility/Lights/Assets/Lights_Rectangle_Light_Diffuse_white
[LOG 23:14:53.449] Load DDS texture: Squad/Parts/Utility/Lights/Assets/Lights_Rectangle_Light_Emissive
[LOG 23:14:53.467] Load DDS texture: Squad/Parts/Utility/Lights/Assets/Lights_Rectangle_Light_Normal
[LOG 23:14:53.473] Load DDS texture: Squad/Parts/Utility/Lights/Assets/Lights_Worklights_Diffuse
[LOG 23:14:53.475] Load DDS texture: Squad/Parts/Utility/Lights/Assets/Lights_Worklights_Emissive
[LOG 23:14:53.477] Load DDS texture: Squad/Parts/Utility/Lights/Assets/Lights_Worklights_Normal
[LOG 23:14:53.478] Load DDS texture: Squad/Parts/Utility/Lights/Assets/Spotlight_Attacheable_Lights_Diffuse
[LOG 23:14:53.478] Load DDS texture: Squad/Parts/Utility/Lights/Assets/Spotlight_Attacheable_Lights_Diffuse_white
[LOG 23:14:53.479] Load DDS texture: Squad/Parts/Utility/Lights/Assets/Spotlight_Attacheable_Lights_Emissive
[LOG 23:14:53.479] Load DDS texture: Squad/Parts/Utility/Lights/Assets/Spotlight_Attacheable_Lights_Normal
[LOG 23:14:53.480] Load DDS texture: Squad/Parts/Utility/linearVernorRCS/Assets/linear_vernor_diffuse
[LOG 23:14:53.480] Load DDS texture: Squad/Parts/Utility/linearVernorRCS/Assets/linear_vernor_emissive
[LOG 23:14:53.480] Load DDS texture: Squad/Parts/Utility/linearVernorRCS/Assets/linear_vernor_normalDummy
[LOG 23:14:53.480] Load DDS texture: Squad/Parts/Utility/linearVernorRCS/Assets/linear_vernor_specular
[LOG 23:14:53.480] Load DDS texture: Squad/Parts/Utility/mk2CargoBay/mk2CargoBay
[LOG 23:14:53.483] Load DDS texture: Squad/Parts/Utility/mk2CrewCabin/mk2CrewCabin
[LOG 23:14:53.483] Load DDS texture: Squad/Parts/Utility/mk2CrewCabin/mk2CrewCabin_LUM
[LOG 23:14:53.483] Load DDS texture: Squad/Parts/Utility/mk2DockingPort/Arrow Pointer
[LOG 23:14:53.483] Load DDS texture: Squad/Parts/Utility/mk2DockingPort/Mk2Clampotron_Caps_Diffuse
[LOG 23:14:53.484] Load DDS texture: Squad/Parts/Utility/mk2DockingPort/Mk2Clampotron_Caps_Emmisive
[LOG 23:14:53.484] Load DDS texture: Squad/Parts/Utility/mk2DockingPort/Mk2Clampotron_Caps_Normal
[LOG 23:14:53.484] Load DDS texture: Squad/Parts/Utility/mk2DockingPort/Mk2Clampotron_Mk2Clampotron_Diffuse
[LOG 23:14:53.498] Load DDS texture: Squad/Parts/Utility/mk2DockingPort/Mk2Clampotron_Mk2Clampotron_Emissive
[LOG 23:14:53.500] Load DDS texture: Squad/Parts/Utility/mk2DockingPort/Mk2Clampotron_Mk2Clampotron_Normal
[LOG 23:14:53.507] Load DDS texture: Squad/Parts/Utility/mk2DockingPort/mk2DockingPort
[LOG 23:14:53.509] Load DDS texture: Squad/Parts/Utility/mk3CargoBay/Mk3CargoBay
[LOG 23:14:53.511] Load DDS texture: Squad/Parts/Utility/parachuteMk1/model000
[LOG 23:14:53.512] Load DDS texture: Squad/Parts/Utility/parachuteMk1/model001
[LOG 23:14:53.514] Load DDS texture: Squad/Parts/Utility/parachuteMk12-R/model000
[LOG 23:14:53.514] Load DDS texture: Squad/Parts/Utility/parachuteMk12-R/model001
[LOG 23:14:53.514] Load DDS texture: Squad/Parts/Utility/parachuteMk16-XL/model000
[LOG 23:14:53.514] Load DDS texture: Squad/Parts/Utility/parachuteMk16-XL/model001
[LOG 23:14:53.515] Load DDS texture: Squad/Parts/Utility/parachuteMk2-R/model000
[LOG 23:14:53.515] Load DDS texture: Squad/Parts/Utility/parachuteMk2-R/model001
[LOG 23:14:53.515] Load DDS texture: Squad/Parts/Utility/parachuteMk25/model000
[LOG 23:14:53.516] Load DDS texture: Squad/Parts/Utility/parachuteMk25/model001
[LOG 23:14:53.516] Load DDS texture: Squad/Parts/Utility/radialAttachmentPoint/model000
[LOG 23:14:53.516] Load DDS texture: Squad/Parts/Utility/radialAttachmentPoint/model001
[LOG 23:14:53.517] Load DDS texture: Squad/Parts/Utility/rcsBlockRV-105_v2/rcsBlock_diffuse
[LOG 23:14:53.517] Load DDS texture: Squad/Parts/Utility/rcsBlockRV-105_v2/rcsThrusterBlock_normal
[LOG 23:14:53.517] Load DDS texture: Squad/Parts/Utility/rcsBlockRV-105_v2/rcsThruster_emissive
[LOG 23:14:53.518] Load DDS texture: Squad/Parts/Utility/rcsBlockRV-105_v2/rcsThruster_specular
[LOG 23:14:53.518] Load DDS texture: Squad/Parts/Utility/rcsBlockRV-105_v2/RCS_Block_Diffuse
[LOG 23:14:53.519] Load DDS texture: Squad/Parts/Utility/rcsBlockRV-105_v2/RCS_Block_Emissive
[LOG 23:14:53.519] Load DDS texture: Squad/Parts/Utility/rcsBlockRV-105_v2/RCS_Block_Normal
[LOG 23:14:53.519] Load DDS texture: Squad/Parts/Utility/rcsBlockRV-105_v2/RCS_Block_Specular
[LOG 23:14:53.520] Load DDS texture: Squad/Parts/Utility/rcsSmallLinear/Assets/RCS_Linear_Base_Diffuse
[LOG 23:14:53.520] Load DDS texture: Squad/Parts/Utility/rcsSmallLinear/Assets/RCS_Linear_Diffuse
[LOG 23:14:53.520] Load DDS texture: Squad/Parts/Utility/rcsSmallLinear/Assets/RCS_Linear_Emissive
[LOG 23:14:53.520] Load DDS texture: Squad/Parts/Utility/rcsSmallLinear/Assets/RCS_Linear_Normal
[LOG 23:14:53.520] Load DDS texture: Squad/Parts/Utility/rcsSmallLinear/Assets/RCS_Linear_Specular
[LOG 23:14:53.521] Load DDS texture: Squad/Parts/Utility/RelayAntennas/DishAntenna
[LOG 23:14:53.522] Load DDS texture: Squad/Parts/Utility/RelayAntennas/MiniAntenna
[LOG 23:14:53.522] Load DDS texture: Squad/Parts/Utility/rockomaxAdapters/Assets/Rockomax_Adapters_diffuse
[LOG 23:14:53.523] Load DDS texture: Squad/Parts/Utility/rockomaxAdapters/Assets/Rockomax_Adapters_diffuse_O
[LOG 23:14:53.525] Load DDS texture: Squad/Parts/Utility/rockomaxAdapters/Assets/Rockomax_Adapters_diffuse_W
[LOG 23:14:53.531] Load DDS texture: Squad/Parts/Utility/rockomaxAdapters/Assets/Rockomax_Adapters_normal
[LOG 23:14:53.534] Load DDS texture: Squad/Parts/Utility/rockomaxAdapters/Assets/Rockomax_Adapters_normal_O
[LOG 23:14:53.536] Load DDS texture: Squad/Parts/Utility/ServiceBay/ServiceBay
[LOG 23:14:53.536] Load Cached PNG Texture: Squad/Parts/Utility/ServiceBay_v2/Assets/Scratch
[LOG 23:14:53.537] Load Cached PNG Texture: Squad/Parts/Utility/ServiceBay_v2/Assets/ServiceBay_bump
[LOG 23:14:53.538] Load Cached PNG Texture: Squad/Parts/Utility/ServiceBay_v2/Assets/ServiceBay_v2
[LOG 23:14:53.540] Load DDS texture: Squad/Parts/Utility/smallClaw/grabberSmallDiffuse
[LOG 23:14:53.541] Load DDS texture: Squad/Parts/Utility/smallClaw/grabberSmallDiffuseDark
[LOG 23:14:53.542] Load DDS texture: Squad/Parts/Utility/smallClaw/grabberSmallNRM
[LOG 23:14:53.542] Load DDS texture: Squad/Parts/Utility/smallClaw/window
[LOG 23:14:53.543] Load DDS texture: Squad/Parts/Utility/spotLightMk1/light1
[LOG 23:14:53.544] Load DDS texture: Squad/Parts/Utility/spotLightMk1/light1_em
[LOG 23:14:53.546] Load DDS texture: Squad/Parts/Utility/spotLightMk1_v2/spotLightMk1_Diffuse
[LOG 23:14:53.546] Load DDS texture: Squad/Parts/Utility/spotLightMk1_v2/spotLightMk1_Diffuse_white
[LOG 23:14:53.546] Load DDS texture: Squad/Parts/Utility/spotLightMk1_v2/spotLightMk1_Emissive
[LOG 23:14:53.546] Load DDS texture: Squad/Parts/Utility/spotLightMk1_v2/spotLightMk1_Normal
[LOG 23:14:53.547] Load DDS texture: Squad/Parts/Utility/spotLightMk2/light2
[LOG 23:14:53.547] Load DDS texture: Squad/Parts/Utility/spotLightMk2/light2_em
[LOG 23:14:53.548] Load DDS texture: Squad/Parts/Utility/spotLightMk2_v2/spotLightMk2_Diffuse
[LOG 23:14:53.548] Load DDS texture: Squad/Parts/Utility/spotLightMk2_v2/spotLightMk2_Diffuse_white
[LOG 23:14:53.548] Load DDS texture: Squad/Parts/Utility/spotLightMk2_v2/spotLightMk2_Emissive
[LOG 23:14:53.554] Load DDS texture: Squad/Parts/Utility/spotLightMk2_v2/spotLightMk2_Normal
[LOG 23:14:53.555] Load DDS texture: Squad/Parts/Utility/stackCouplers/Assets/stackCouplersDiffuse
[LOG 23:14:53.556] Load DDS texture: Squad/Parts/Utility/stackCouplers/Assets/stackCouplersDiffuse_Dark
[LOG 23:14:53.558] Load DDS texture: Squad/Parts/Utility/stackCouplers/Assets/stackCouplersDiffuse_Orange
[LOG 23:14:53.559] Load DDS texture: Squad/Parts/Utility/stackCouplers/Assets/stackCouplers_NRM
[LOG 23:14:53.562] Load DDS texture: Squad/Parts/Utility/stackCouplers/Assets/stackCouplers_Orange_NRM
[LOG 23:14:53.563] Load DDS texture: Squad/Parts/Wheel/LandingGear/Flare
[LOG 23:14:53.563] Load DDS texture: Squad/Parts/Wheel/LandingGear/LandingGear
[LOG 23:14:53.564] Load DDS texture: Squad/Parts/Wheel/LandingGear/LandingGear_Emissive
[LOG 23:14:53.564] Load DDS texture: Squad/Parts/Wheel/roverWheelM1/model000
[LOG 23:14:53.564] Load DDS texture: Squad/Parts/Wheel/roverWheelM1/roverwheel1
[LOG 23:14:53.564] Load DDS texture: Squad/Parts/Wheel/roverWheelS2/model000
[LOG 23:14:53.565] Load DDS texture: Squad/Parts/Wheel/roverWheelS2/model001
[LOG 23:14:53.565] Load DDS texture: Squad/Parts/Wheel/roverWheelS2/roverwheel2
[LOG 23:14:53.565] Load DDS texture: Squad/Parts/Wheel/roverWheelS2/roverwheel2_n
[LOG 23:14:53.565] Load DDS texture: Squad/Parts/Wheel/roverWheelTR-2L/ksp_r_medWheel_diff
[LOG 23:14:53.566] Load DDS texture: Squad/Parts/Wheel/roverWheelTR-2L/ksp_r_medWheel_normal
[LOG 23:14:53.567] Load DDS texture: Squad/Parts/Wheel/roverWheelTR-2L/ksp_r_medWheel_wheel_diff
[LOG 23:14:53.569] Load DDS texture: Squad/Parts/Wheel/roverWheelTR-2L/ksp_r_medWheel_wheel_normal
[LOG 23:14:53.571] Load DDS texture: Squad/Parts/Wheel/roverWheelXL3/mount
[LOG 23:14:53.573] Load DDS texture: Squad/Parts/Wheel/roverWheelXL3/mount_n
[LOG 23:14:53.573] Load DDS texture: Squad/Parts/Wheel/roverWheelXL3/wheel
[LOG 23:14:53.573] Load DDS texture: Squad/Parts/Wheel/roverWheelXL3/wheel_n
[LOG 23:14:53.574] Load DDS texture: Squad/Props/AltimeterThreeHands/model000
[LOG 23:14:53.574] Load DDS texture: Squad/Props/AltimeterThreeHands/model001
[LOG 23:14:53.574] Load DDS texture: Squad/Props/AtmosphereDepth/model000
[LOG 23:14:53.574] Load DDS texture: Squad/Props/AtmosphereDepth/model001
[LOG 23:14:53.574] Load DDS texture: Squad/Props/AxisIndicator/model000
[LOG 23:14:53.574] Load DDS texture: Squad/Props/buttonsGeneric/ButtonsAndSwitches
[LOG 23:14:53.575] Load DDS texture: Squad/Props/ButtonSquare/model000
[LOG 23:14:53.575] Load DDS texture: Squad/Props/circularButton/model000
[LOG 23:14:53.575] Load DDS texture: Squad/Props/Compass/model000
[LOG 23:14:53.576] Load DDS texture: Squad/Props/directionalKnob/model000
[LOG 23:14:53.580] Load DDS texture: Squad/Props/directionalKnob2/model000
[LOG 23:14:53.580] Load DDS texture: Squad/Props/IndicatorPanel/model000
[LOG 23:14:53.580] Load DDS texture: Squad/Props/IndicatorPanel/model001
[LOG 23:14:53.580] Load DDS texture: Squad/Props/IVANavBall/Arrows8dir
[LOG 23:14:53.580] Load DDS texture: Squad/Props/IVANavBall/IVANavBall
[LOG 23:14:53.580] Load DDS texture: Squad/Props/IVANavBall/IVANavBall_Glow
[LOG 23:14:53.580] Load DDS texture: Squad/Props/IVANavBall/ManeuverNode_vectors
[LOG 23:14:53.581] Load DDS texture: Squad/Props/IVANavBall/navball2
[LOG 23:14:53.581] Load DDS texture: Squad/Props/IVANavBall/navBall_DV_IVA
[LOG 23:14:53.581] Load DDS texture: Squad/Props/IVANavBall/navBall_vectors_IVA
[LOG 23:14:53.581] Load Cached PNG Texture: Squad/Props/IVANavBallNoBase/Arrows8dir
[LOG 23:14:53.581] Load Cached PNG Texture: Squad/Props/IVANavBallNoBase/IVANavBall
[LOG 23:14:53.581] Load Cached PNG Texture: Squad/Props/IVANavBallNoBase/ManeuverNode_vectors
[LOG 23:14:53.581] Load Cached PNG Texture: Squad/Props/IVANavBallNoBase/navball2
[LOG 23:14:53.581] Load Cached PNG Texture: Squad/Props/IVANavBallNoBase/navBall_DV_IVA
[LOG 23:14:53.582] Load Cached PNG Texture: Squad/Props/IVANavBallNoBase/navBall_vectors_IVA
[LOG 23:14:53.582] Load DDS texture: Squad/Props/ledPanelSpeed/circularButton
[LOG 23:14:53.582] Load DDS texture: Squad/Props/ledPanelSpeed/ledPanel
[LOG 23:14:53.582] Load DDS texture: Squad/Props/Monitor/Emissives
[LOG 23:14:53.582] Load DDS texture: Squad/Props/Monitor/Emissives_glow
[LOG 23:14:53.582] Load DDS texture: Squad/Props/Monitor/Monitor
[LOG 23:14:53.583] Load DDS texture: Squad/Props/NavBall/GaugeGee
[LOG 23:14:53.583] Load DDS texture: Squad/Props/NavBall/GaugeThrottle
[LOG 23:14:53.583] Load DDS texture: Squad/Props/NavBall/model000
[LOG 23:14:53.583] Load DDS texture: Squad/Props/NavBall/model001
[LOG 23:14:53.583] Load DDS texture: Squad/Props/NavBall/model002
[LOG 23:14:53.584] Load DDS texture: Squad/Props/NavBall/model003
[LOG 23:14:53.584] Load DDS texture: Squad/Props/PropsGeneric/propsGeneric
[LOG 23:14:53.585] Load DDS texture: Squad/Props/pullSwitch/model000
[LOG 23:14:53.585] Load DDS texture: Squad/Props/pullSwitch/model001
[LOG 23:14:53.586] Load DDS texture: Squad/Props/radarAltitude/model000
[LOG 23:14:53.586] Load DDS texture: Squad/Props/squareButton/model000
[LOG 23:14:53.586] Load DDS texture: Squad/Props/standingSwitch/model000
[LOG 23:14:53.586] Load DDS texture: Squad/Props/standingSwitch/model001
[LOG 23:14:53.587] Load DDS texture: Squad/Props/switch/model000
[LOG 23:14:53.587] Load DDS texture: Squad/Props/switchGuard/model000
[LOG 23:14:53.587] Load DDS texture: Squad/Props/switchWithGuards/model000
[LOG 23:14:53.587] Load DDS texture: Squad/Props/switchWithGuards/model001
[LOG 23:14:53.587] Load DDS texture: Squad/Props/switchWithGuards/model002
[LOG 23:14:53.587] Load DDS texture: Squad/Props/throttle/model000
[LOG 23:14:53.588] Load DDS texture: Squad/Props/throttle/model001
[LOG 23:14:53.588] Load DDS texture: Squad/Props/VSI/model000
[LOG 23:14:53.589] Load DDS texture: Squad/Spaces/crewCabinInternals/model000
[LOG 23:14:53.589] Load DDS texture: Squad/Spaces/crewCabinInternals/model001
[LOG 23:14:53.598] Load DDS texture: Squad/Spaces/crewCabinInternals/model002
[LOG 23:14:53.599] Load DDS texture: Squad/Spaces/crewCabinInternals/model003
[LOG 23:14:53.600] Load DDS texture: Squad/Spaces/crewCabinInternals/model004
[LOG 23:14:53.600] Load DDS texture: Squad/Spaces/crewCabinInternals/model005
[LOG 23:14:53.602] Load DDS texture: Squad/Spaces/cupolaInternal/ksp_l_cupola_internal_diff
[LOG 23:14:53.610] Load DDS texture: Squad/Spaces/cupolaInternal/ksp_l_cupola_internal_normal
[LOG 23:14:53.622] Load DDS texture: Squad/Spaces/cupolaInternal/ksp_l_cupola_internal_windows_alpha
[LOG 23:14:53.628] Load DDS texture: Squad/Spaces/cupolaInternal/pilot Seat
[LOG 23:14:53.629] Load DDS texture: Squad/Spaces/GenericSpace1/model000
[LOG 23:14:53.633] Load DDS texture: Squad/Spaces/GenericSpace1/model001
[LOG 23:14:53.633] Load DDS texture: Squad/Spaces/GenericSpace1/model002
[LOG 23:14:53.636] Load DDS texture: Squad/Spaces/GenericSpace1/model003
[LOG 23:14:53.637] Load DDS texture: Squad/Spaces/GenericSpace1/model004
[LOG 23:14:53.637] Load DDS texture: Squad/Spaces/GenericSpace1/model005
[LOG 23:14:53.639] Load DDS texture: Squad/Spaces/GenericSpace3/model000
[LOG 23:14:53.641] Load DDS texture: Squad/Spaces/GenericSpace3/model001
[LOG 23:14:53.641] Load DDS texture: Squad/Spaces/GenericSpace3/model002
[LOG 23:14:53.642] Load DDS texture: Squad/Spaces/GenericSpace3/model003
[LOG 23:14:53.643] Load DDS texture: Squad/Spaces/GenericSpace3/model004
[LOG 23:14:53.645] Load DDS texture: Squad/Spaces/GenericSpace3/model005
[LOG 23:14:53.648] Load DDS texture: Squad/Spaces/GenericSpace3/model006
[LOG 23:14:53.648] Load DDS texture: Squad/Spaces/GenericSpace3/model007
[LOG 23:14:53.649] Load DDS texture: Squad/Spaces/landerCabinInternals/model000
[LOG 23:14:53.650] Load DDS texture: Squad/Spaces/landerCabinInternals/model001
[LOG 23:14:53.652] Load DDS texture: Squad/Spaces/landerCabinInternals/model002
[LOG 23:14:53.654] Load DDS texture: Squad/Spaces/landerCabinInternals/model003
[LOG 23:14:53.660] Load DDS texture: Squad/Spaces/landerCabinInternals/model004
[LOG 23:14:53.662] Load DDS texture: Squad/Spaces/landerCabinInternals/model005
[LOG 23:14:53.662] Load DDS texture: Squad/Spaces/landerCabinInternals/model006
[LOG 23:14:53.663] Load DDS texture: Squad/Spaces/landerCabinInternals/model007
[LOG 23:14:53.663] Load DDS texture: Squad/Spaces/landerCabinSmallInternal/ksp_s_landerCan_internal_diff
[LOG 23:14:53.669] Load DDS texture: Squad/Spaces/landerCabinSmallInternal/ksp_s_landerCan_internal_normal
[LOG 23:14:53.676] Load DDS texture: Squad/Spaces/landerCabinSmallInternal/ksp_s_landerCan_internal_window_alpha
[LOG 23:14:53.678] Load DDS texture: Squad/Spaces/landerCabinSmallInternal/pilot Seat
[LOG 23:14:53.679] Load DDS texture: Squad/Spaces/LargeCrewedLabInternals/Glass
[LOG 23:14:53.679] Load DDS texture: Squad/Spaces/LargeCrewedLabInternals/MPL_Int
[LOG 23:14:53.683] Load DDS texture: Squad/Spaces/LargeCrewedLabInternals/MPL_Int_n_NRM
[LOG 23:14:53.683] Load DDS texture: Squad/Spaces/Mk1-3/Mk1_3_IvaProps_Diffuse
[LOG 23:14:53.689] Load DDS texture: Squad/Spaces/Mk1-3/Mk1_3_IvaProps_Normal
[LOG 23:14:53.696] Load DDS texture: Squad/Spaces/Mk1-3/Mk1_3_IvaShell_Diffuse
[LOG 23:14:53.703] Load DDS texture: Squad/Spaces/Mk1-3/Mk1_3_IvaShell_Emissive
[LOG 23:14:53.709] Load DDS texture: Squad/Spaces/Mk1-3/Mk1_3_IvaShell_Normal
[LOG 23:14:53.715] Load DDS texture: Squad/Spaces/Mk1-3/pilot Seat
[LOG 23:14:53.717] Load DDS texture: Squad/Spaces/mk1CabinInternal/Cabin_Lightmap
[LOG 23:14:53.717] Load DDS texture: Squad/Spaces/mk1CabinInternal/CockpitGeneric
[LOG 23:14:53.717] Load DDS texture: Squad/Spaces/mk1CabinInternal/CockpitGeneric_NRM
[LOG 23:14:53.717] Load DDS texture: Squad/Spaces/mk1CockpitInternal/CockpitGeneric
[LOG 23:14:53.717] Load DDS texture: Squad/Spaces/mk1CockpitInternal/CockpitGeneric_NRM
[LOG 23:14:53.717] Load DDS texture: Squad/Spaces/mk1CockpitInternal/IVAMAP
[LOG 23:14:53.718] Load DDS texture: Squad/Spaces/mk1CockpitInternal/Windows
[LOG 23:14:53.718] Load DDS texture: Squad/Spaces/mk1InlineInternal/Canopy
[LOG 23:14:53.719] Load DDS texture: Squad/Spaces/mk1InlineInternal/CockpitGeneric
[LOG 23:14:53.719] Load DDS texture: Squad/Spaces/mk1InlineInternal/CockpitGeneric_NRM
[LOG 23:14:53.720] Load DDS texture: Squad/Spaces/mk1InlineInternal/Mk1Inline_Lightmap
[LOG 23:14:53.720] Load DDS texture: Squad/Spaces/mk1PodCockpit/model000
[LOG 23:14:53.721] Load DDS texture: Squad/Spaces/mk1PodCockpit/model001
[LOG 23:14:53.723] Load DDS texture: Squad/Spaces/mk1PodCockpit/model002
[LOG 23:14:53.723] Load DDS texture: Squad/Spaces/mk1PodCockpit/model003
[LOG 23:14:53.725] Load DDS texture: Squad/Spaces/mk1PodCockpit/model004
[LOG 23:14:53.729] Load DDS texture: Squad/Spaces/mk1PodCockpit/model005
[LOG 23:14:53.731] Load DDS texture: Squad/Spaces/mk1PodCockpit/model006
[LOG 23:14:53.731] Load DDS texture: Squad/Spaces/mk1PodCockpit/model007
[LOG 23:14:53.732] Load DDS texture: Squad/Spaces/mk1pod_IVA/mk1pod_iva_props_diffuse
[LOG 23:14:53.740] Load DDS texture: Squad/Spaces/mk1pod_IVA/mk1pod_iva_props_emissive
[LOG 23:14:53.741] Load DDS texture: Squad/Spaces/mk1pod_IVA/mk1pod_iva_props_normal
[LOG 23:14:53.746] Load DDS texture: Squad/Spaces/mk1pod_IVA/mk1pod_iva_shell_diffuse
[LOG 23:14:53.752] Load DDS texture: Squad/Spaces/mk1pod_IVA/mk1pod_iva_shell_normal
[LOG 23:14:53.759] Load MBM texture: Squad/Spaces/mk1pod_IVA/pilot Seat
[LOG 23:14:53.828] Load DDS texture: Squad/Spaces/mk2CockpitStandardInternal/CargoBagA
[LOG 23:14:53.829] Load DDS texture: Squad/Spaces/mk2CockpitStandardInternal/Mk2StandardIVA
[LOG 23:14:53.829] Load DDS texture: Squad/Spaces/mk2CockpitStandardInternal/Pilotseat
[LOG 23:14:53.829] Load DDS texture: Squad/Spaces/mk2CockpitStandardInternal/Windows
[LOG 23:14:53.829] Load DDS texture: Squad/Spaces/Mk2CrewCabinInternal/CargoBagA
[LOG 23:14:53.829] Load DDS texture: Squad/Spaces/Mk2CrewCabinInternal/Glass
[LOG 23:14:53.829] Load DDS texture: Squad/Spaces/Mk2CrewCabinInternal/Mk2StandardIVA
[LOG 23:14:53.830] Load DDS texture: Squad/Spaces/Mk2CrewCabinInternal/Pilotseat
[LOG 23:14:53.830] Load DDS texture: Squad/Spaces/mk2InlineInternal/CockpitGeneric
[LOG 23:14:53.831] Load DDS texture: Squad/Spaces/mk2InlineInternal/CockpitGeneric_NRM
[LOG 23:14:53.833] Load DDS texture: Squad/Spaces/mk2InlineInternal/Mk2InlineLightmap
[LOG 23:14:53.834] Load DDS texture: Squad/Spaces/mk2InlineInternal/propsGeneric
[LOG 23:14:53.835] Load DDS texture: Squad/Spaces/mk2LanderCanInternal/mk2LanderCan_props_diffuse
[LOG 23:14:53.843] Load DDS texture: Squad/Spaces/mk2LanderCanInternal/mk2LanderCan_props_normal
[LOG 23:14:53.851] Load DDS texture: Squad/Spaces/mk2LanderCanInternal/mk2LanderCan_shell_diffuse
[LOG 23:14:53.859] Load DDS texture: Squad/Spaces/mk2LanderCanInternal/mk2LanderCan_shell_normal
[LOG 23:14:53.869] Load MBM texture: Squad/Spaces/mk2LanderCanInternal/pilot Seat
[LOG 23:14:53.969] Load DDS texture: Squad/Spaces/MK3CockpitInternal/Glass
[LOG 23:14:53.969] Load DDS texture: Squad/Spaces/MK3CockpitInternal/Mk2StandardIVA
[LOG 23:14:53.970] Load DDS texture: Squad/Spaces/MK3_CrewCab_Int/Glass
[LOG 23:14:53.970] Load DDS texture: Squad/Spaces/MK3_CrewCab_Int/GlassMK3CC
[LOG 23:14:53.970] Load DDS texture: Squad/Spaces/MK3_CrewCab_Int/Mk2StandardIVA
[LOG 23:14:53.970] Load DDS texture: Squad/Spaces/MK3_CrewCab_Int/MK3_CrewCab_Int
[LOG 23:14:53.971] Load DDS texture: Squad/Spaces/MK3_CrewCab_Int/MK3_CrewCab_Int_n
[LOG 23:14:53.971] Load DDS texture: Squad/Spaces/MK3_CrewCab_Int/Pilotseat
[LOG 23:14:53.971] Load DDS texture: Squad/Spaces/Placeholder/PlaceholderIVA
[LOG 23:14:53.971] Load DDS texture: Squad/Spaces/PodCockpit/model000
[LOG 23:14:53.973] Load DDS texture: Squad/Spaces/PodCockpit/model001
[LOG 23:14:53.975] Load DDS texture: Squad/Spaces/PodCockpit/model002
[LOG 23:14:53.977] Load DDS texture: Squad/Spaces/PodCockpit/model003
[LOG 23:14:53.978] Load DDS texture: Squad/Spaces/PodCockpit/model004
[LOG 23:14:53.980] Load DDS texture: Squad/Spaces/PodCockpit/model005
[LOG 23:14:53.982] Load DDS texture: Squad/Spaces/PodCockpit/model006
[LOG 23:14:53.982] Load DDS texture: Squad/Spaces/PodCockpit/model007
[LOG 23:14:53.984] Load DDS texture: Squad/Spaces/sharedAssets/CockpitGeneric
[LOG 23:14:53.985] Load DDS texture: Squad/Spaces/sharedAssets/CockpitGeneric_NRM
[LOG 23:14:53.987] Load Cached PNG Texture: Squad/Strategies/Icons/AggressiveNegotiations
[LOG 23:14:53.987] Load Cached PNG Texture: Squad/Strategies/Icons/AppreciationCampaign
[LOG 23:14:53.987] Load Cached PNG Texture: Squad/Strategies/Icons/BailOutGrant
[LOG 23:14:53.987] Load Cached PNG Texture: Squad/Strategies/Icons/FundraisingCampaign
[LOG 23:14:53.988] Load Cached PNG Texture: Squad/Strategies/Icons/LeadershipInitiative
[LOG 23:14:53.988] Load Cached PNG Texture: Squad/Strategies/Icons/OpenSourceTechProgram
[LOG 23:14:53.988] Load Cached PNG Texture: Squad/Strategies/Icons/OutsourcedResearch
[LOG 23:14:53.988] Load Cached PNG Texture: Squad/Strategies/Icons/PatentsLicensing
[LOG 23:14:53.988] Load Cached PNG Texture: Squad/Strategies/Icons/RecoveryTransponderFitting
[LOG 23:14:53.988] Load Cached PNG Texture: Squad/Strategies/Icons/ResearchRightsSellOut
[LOG 23:14:53.988] Load Cached PNG Texture: Squad/Strategies/Icons/UnpaidResearchProgram
[LOG 23:14:53.988] Load Cached PNG Texture: Squad/Tutorials/ChuteColors
[LOG 23:14:53.989] Load DDS texture: Squad/Tutorials/EditorCoM
[LOG 23:14:53.989] Load Cached PNG Texture: Squad/Tutorials/EditorSnap
[LOG 23:14:53.989] Load Cached PNG Texture: Squad/Tutorials/EditorSnap4x
[LOG 23:14:53.989] Load Cached PNG Texture: Squad/Tutorials/EditorSymm
[LOG 23:14:53.989] Load Cached PNG Texture: Squad/Tutorials/StagingStack
[LOG 23:14:53.989] Load PNG texture: Squad/Tutorials/YPRDiagram
[WRN 23:14:53.991] Texture isn't eligible for DXT compression, width and height must be multiples of 4
[LOG 23:14:53.993] Load Cached PNG Texture: SquadExpansion/MakingHistory/Banners/Fail/default
[LOG 23:14:53.993] Load Cached PNG Texture: SquadExpansion/MakingHistory/Banners/Fail/fail01
[LOG 23:14:53.993] Load Cached PNG Texture: SquadExpansion/MakingHistory/Banners/Fail/fail02
[LOG 23:14:53.993] Load PNG texture: SquadExpansion/MakingHistory/Banners/Menu/default
[WRN 23:14:53.997] Texture isn't eligible for DXT compression, width and height must be multiples of 4
[LOG 23:14:54.000] Load PNG texture: SquadExpansion/MakingHistory/Banners/Menu/MBanner_01
[WRN 23:14:54.006] Texture isn't eligible for DXT compression, width and height must be multiples of 4
[LOG 23:14:54.006] Load PNG texture: SquadExpansion/MakingHistory/Banners/Menu/MBanner_02
[WRN 23:14:54.017] Texture isn't eligible for DXT compression, width and height must be multiples of 4
[LOG 23:14:54.017] Load PNG texture: SquadExpansion/MakingHistory/Banners/Menu/MBanner_03
[WRN 23:14:54.022] Texture isn't eligible for DXT compression, width and height must be multiples of 4
[LOG 23:14:54.022] Load Cached PNG Texture: SquadExpansion/MakingHistory/Banners/Success/default
[LOG 23:14:54.022] Load Cached PNG Texture: SquadExpansion/MakingHistory/Banners/Success/success01
[LOG 23:14:54.022] Load Cached PNG Texture: SquadExpansion/MakingHistory/Banners/Success/success02
[LOG 23:14:54.022] Load Cached PNG Texture: SquadExpansion/MakingHistory/Missions/Acapello 13/Banners/Fail/fail01
[LOG 23:14:54.022] Load PNG texture: SquadExpansion/MakingHistory/Missions/Acapello 13/Banners/Menu/Mun
[WRN 23:14:54.029] Texture isn't eligible for DXT compression, width and height must be multiples of 4
[LOG 23:14:54.029] Load Cached PNG Texture: SquadExpansion/MakingHistory/Missions/Acapello 13/Banners/Success/success01
[LOG 23:14:54.029] Load Cached PNG Texture: SquadExpansion/MakingHistory/Missions/Acapello 15/Banners/Fail/default
[LOG 23:14:54.029] Load Cached PNG Texture: SquadExpansion/MakingHistory/Missions/Acapello 15/Banners/Fail/fail02
[LOG 23:14:54.029] Load PNG texture: SquadExpansion/MakingHistory/Missions/Acapello 15/Banners/Menu/default
[WRN 23:14:54.034] Texture isn't eligible for DXT compression, width and height must be multiples of 4
[LOG 23:14:54.035] Load Cached PNG Texture: SquadExpansion/MakingHistory/Missions/Acapello 15/Banners/Success/default
[LOG 23:14:54.035] Load Cached PNG Texture: SquadExpansion/MakingHistory/Missions/Blue Mun/Banners/Fail/fail01
[LOG 23:14:54.035] Load PNG texture: SquadExpansion/MakingHistory/Missions/Blue Mun/Banners/Menu/default
[WRN 23:14:54.039] Texture isn't eligible for DXT compression, width and height must be multiples of 4
[LOG 23:14:54.040] Load Cached PNG Texture: SquadExpansion/MakingHistory/Missions/Blue Mun/Banners/Success/success02
[LOG 23:14:54.040] Load Cached PNG Texture: SquadExpansion/MakingHistory/Missions/Dawn of the Space Age/Banners/Fail/default
[LOG 23:14:54.040] Load PNG texture: SquadExpansion/MakingHistory/Missions/Dawn of the Space Age/Banners/Menu/default
[WRN 23:14:54.044] Texture isn't eligible for DXT compression, width and height must be multiples of 4
[LOG 23:14:54.044] Load Cached PNG Texture: SquadExpansion/MakingHistory/Missions/Dawn of the Space Age/Banners/Success/default
[LOG 23:14:54.044] Load Cached PNG Texture: SquadExpansion/MakingHistory/Missions/Meet Me in Zero G/Banners/Fail/default
[LOG 23:14:54.044] Load Cached PNG Texture: SquadExpansion/MakingHistory/Missions/Meet Me in Zero G/Banners/Fail/fail01
[LOG 23:14:54.044] Load PNG texture: SquadExpansion/MakingHistory/Missions/Meet Me in Zero G/Banners/Menu/default
[WRN 23:14:54.048] Texture isn't eligible for DXT compression, width and height must be multiples of 4
[LOG 23:14:54.048] Load Cached PNG Texture: SquadExpansion/MakingHistory/Missions/Meet Me in Zero G/Banners/Success/default
[LOG 23:14:54.048] Load Cached PNG Texture: SquadExpansion/MakingHistory/Missions/Meet Me in Zero G/Banners/Success/success02
[LOG 23:14:54.058] Load Cached PNG Texture: SquadExpansion/MakingHistory/Missions/Munar 1/Banners/Fail/default
[LOG 23:14:54.059] Load Cached PNG Texture: SquadExpansion/MakingHistory/Missions/Munar 1/Banners/Fail/fail02
[LOG 23:14:54.061] Load PNG texture: SquadExpansion/MakingHistory/Missions/Munar 1/Banners/Menu/default
[WRN 23:14:54.064] Texture isn't eligible for DXT compression, width and height must be multiples of 4
[LOG 23:14:54.067] Load Cached PNG Texture: SquadExpansion/MakingHistory/Missions/Munar 1/Banners/Success/default
[LOG 23:14:54.072] Load Cached PNG Texture: SquadExpansion/MakingHistory/Missions/Munar 1/Banners/Success/success01
[LOG 23:14:54.072] Load Cached PNG Texture: SquadExpansion/MakingHistory/Missions/Sally-Hut 1/Banners/Fail/default
[LOG 23:14:54.073] Load Cached PNG Texture: SquadExpansion/MakingHistory/Missions/Sally-Hut 1/Banners/Fail/fail01
[LOG 23:14:54.073] Load Cached PNG Texture: SquadExpansion/MakingHistory/Missions/Sally-Hut 1/Banners/Menu/bannerSatellite
[LOG 23:14:54.073] Load Cached PNG Texture: SquadExpansion/MakingHistory/Missions/Sally-Hut 1/Banners/Success/default
[LOG 23:14:54.073] Load Cached PNG Texture: SquadExpansion/MakingHistory/Missions/Sally-Hut 1/Banners/Success/success02
[LOG 23:14:54.073] Load Cached PNG Texture: SquadExpansion/MakingHistory/Missions/To the Mun Via Minmus/Banners/Fail/fail02
[LOG 23:14:54.073] Load PNG texture: SquadExpansion/MakingHistory/Missions/To the Mun Via Minmus/Banners/Menu/MissionBannerKerbin
[WRN 23:14:54.080] Texture isn't eligible for DXT compression, width and height must be multiples of 4
[LOG 23:14:54.080] Load Cached PNG Texture: SquadExpansion/MakingHistory/Missions/To the Mun Via Minmus/Banners/Success/success01
[LOG 23:14:54.080] Load Cached PNG Texture: SquadExpansion/MakingHistory/Missions/Trouble in the Void/Banners/Fail/fail01
[LOG 23:14:54.080] Load PNG texture: SquadExpansion/MakingHistory/Missions/Trouble in the Void/Banners/Menu/default
[WRN 23:14:54.083] Texture isn't eligible for DXT compression, width and height must be multiples of 4
[LOG 23:14:54.083] Load Cached PNG Texture: SquadExpansion/MakingHistory/Missions/Trouble in the Void/Banners/Success/success02
[LOG 23:14:54.084] Load Cached PNG Texture: SquadExpansion/MakingHistory/Missions/Ziggy Kerman and the Spiders from Duna/Banners/Fail/fail02
[LOG 23:14:54.084] Load Cached PNG Texture: SquadExpansion/MakingHistory/Missions/Ziggy Kerman and the Spiders from Duna/Banners/Menu/bannerSatellite
[LOG 23:14:54.085] Load Cached PNG Texture: SquadExpansion/MakingHistory/Missions/Ziggy Kerman and the Spiders from Duna/Banners/Success/success01
[LOG 23:14:54.085] Load Cached PNG Texture: SquadExpansion/MakingHistory/Parts/@thumbs/Decoupler.1p5_icon0
[LOG 23:14:54.085] Load Cached PNG Texture: SquadExpansion/MakingHistory/Parts/@thumbs/Decoupler.1p5_icon1
[LOG 23:14:54.085] Load Cached PNG Texture: SquadExpansion/MakingHistory/Parts/@thumbs/EquiTriangle0_icon0
[LOG 23:14:54.085] Load Cached PNG Texture: SquadExpansion/MakingHistory/Parts/@thumbs/EquiTriangle0_icon1
[LOG 23:14:54.085] Load Cached PNG Texture: SquadExpansion/MakingHistory/Parts/@thumbs/EquiTriangle0_icon2
[LOG 23:14:54.086] Load Cached PNG Texture: SquadExpansion/MakingHistory/Parts/@thumbs/EquiTriangle0_icon3
[LOG 23:14:54.086] Load Cached PNG Texture: SquadExpansion/MakingHistory/Parts/@thumbs/EquiTriangle1p5_icon0
[LOG 23:14:54.086] Load Cached PNG Texture: SquadExpansion/MakingHistory/Parts/@thumbs/EquiTriangle1p5_icon1
[LOG 23:14:54.086] Load Cached PNG Texture: SquadExpansion/MakingHistory/Parts/@thumbs/EquiTriangle1p5_icon2
[LOG 23:14:54.086] Load Cached PNG Texture: SquadExpansion/MakingHistory/Parts/@thumbs/EquiTriangle1p5_icon3
[LOG 23:14:54.086] Load Cached PNG Texture: SquadExpansion/MakingHistory/Parts/@thumbs/EquiTriangle1_icon0
[LOG 23:14:54.086] Load Cached PNG Texture: SquadExpansion/MakingHistory/Parts/@thumbs/EquiTriangle1_icon1
[LOG 23:14:54.086] Load Cached PNG Texture: SquadExpansion/MakingHistory/Parts/@thumbs/EquiTriangle1_icon2
[LOG 23:14:54.086] Load Cached PNG Texture: SquadExpansion/MakingHistory/Parts/@thumbs/EquiTriangle1_icon3
[LOG 23:14:54.087] Load Cached PNG Texture: SquadExpansion/MakingHistory/Parts/@thumbs/EquiTriangle2_icon0
[LOG 23:14:54.087] Load Cached PNG Texture: SquadExpansion/MakingHistory/Parts/@thumbs/EquiTriangle2_icon1
[LOG 23:14:54.087] Load Cached PNG Texture: SquadExpansion/MakingHistory/Parts/@thumbs/EquiTriangle2_icon2
[LOG 23:14:54.087] Load Cached PNG Texture: SquadExpansion/MakingHistory/Parts/@thumbs/EquiTriangle2_icon3
[LOG 23:14:54.087] Load Cached PNG Texture: SquadExpansion/MakingHistory/Parts/@thumbs/HeatShield1p5_icon
[LOG 23:14:54.087] Load Cached PNG Texture: SquadExpansion/MakingHistory/Parts/@thumbs/InflatableAirlock_icon
[LOG 23:14:54.087] Load Cached PNG Texture: SquadExpansion/MakingHistory/Parts/@thumbs/LiquidEngineRV-1_icon
[LOG 23:14:54.087] Load Cached PNG Texture: SquadExpansion/MakingHistory/Parts/@thumbs/monopropMiniSphere_icon
[LOG 23:14:54.087] Load Cached PNG Texture: SquadExpansion/MakingHistory/Parts/@thumbs/Panel0_icon0
[LOG 23:14:54.087] Load Cached PNG Texture: SquadExpansion/MakingHistory/Parts/@thumbs/Panel0_icon1
[LOG 23:14:54.088] Load Cached PNG Texture: SquadExpansion/MakingHistory/Parts/@thumbs/Panel0_icon2
[LOG 23:14:54.089] Load Cached PNG Texture: SquadExpansion/MakingHistory/Parts/@thumbs/Panel0_icon3
[LOG 23:14:54.089] Load Cached PNG Texture: SquadExpansion/MakingHistory/Parts/@thumbs/Panel1p5_icon0
[LOG 23:14:54.089] Load Cached PNG Texture: SquadExpansion/MakingHistory/Parts/@thumbs/Panel1p5_icon1
[LOG 23:14:54.090] Load Cached PNG Texture: SquadExpansion/MakingHistory/Parts/@thumbs/Panel1p5_icon2
[LOG 23:14:54.090] Load Cached PNG Texture: SquadExpansion/MakingHistory/Parts/@thumbs/Panel1p5_icon3
[LOG 23:14:54.090] Load Cached PNG Texture: SquadExpansion/MakingHistory/Parts/@thumbs/Panel1_icon0
[LOG 23:14:54.090] Load Cached PNG Texture: SquadExpansion/MakingHistory/Parts/@thumbs/Panel1_icon1
[LOG 23:14:54.091] Load Cached PNG Texture: SquadExpansion/MakingHistory/Parts/@thumbs/Panel1_icon2
[LOG 23:14:54.091] Load Cached PNG Texture: SquadExpansion/MakingHistory/Parts/@thumbs/Panel1_icon3
[LOG 23:14:54.091] Load Cached PNG Texture: SquadExpansion/MakingHistory/Parts/@thumbs/roverWheelM1-F_icon0
[LOG 23:14:54.091] Load Cached PNG Texture: SquadExpansion/MakingHistory/Parts/@thumbs/roverWheelM1-F_icon1
[LOG 23:14:54.091] Load Cached PNG Texture: SquadExpansion/MakingHistory/Parts/@thumbs/Separator.1p5_icon0
[LOG 23:14:54.091] Load Cached PNG Texture: SquadExpansion/MakingHistory/Parts/@thumbs/Separator.1p5_icon1
[LOG 23:14:54.091] Load Cached PNG Texture: SquadExpansion/MakingHistory/Parts/@thumbs/Size1p5.Strut.Decoupler_icon0
[LOG 23:14:54.092] Load Cached PNG Texture: SquadExpansion/MakingHistory/Parts/@thumbs/Size1p5.Strut.Decoupler_icon1
[LOG 23:14:54.092] Load Cached PNG Texture: SquadExpansion/MakingHistory/Parts/@thumbs/Size1to0ServiceModule_icon
[LOG 23:14:54.092] Load Cached PNG Texture: SquadExpansion/MakingHistory/Parts/@thumbs/Triangle0_icon0
[LOG 23:14:54.092] Load Cached PNG Texture: SquadExpansion/MakingHistory/Parts/@thumbs/Triangle0_icon1
[LOG 23:14:54.092] Load Cached PNG Texture: SquadExpansion/MakingHistory/Parts/@thumbs/Triangle0_icon2
[LOG 23:14:54.092] Load Cached PNG Texture: SquadExpansion/MakingHistory/Parts/@thumbs/Triangle0_icon3
[LOG 23:14:54.092] Load Cached PNG Texture: SquadExpansion/MakingHistory/Parts/@thumbs/Triangle1p5_icon0
[LOG 23:14:54.093] Load Cached PNG Texture: SquadExpansion/MakingHistory/Parts/@thumbs/Triangle1p5_icon1
[LOG 23:14:54.093] Load Cached PNG Texture: SquadExpansion/MakingHistory/Parts/@thumbs/Triangle1p5_icon2
[LOG 23:14:54.093] Load Cached PNG Texture: SquadExpansion/MakingHistory/Parts/@thumbs/Triangle1p5_icon3
[LOG 23:14:54.093] Load Cached PNG Texture: SquadExpansion/MakingHistory/Parts/@thumbs/Triangle1_icon0
[LOG 23:14:54.093] Load Cached PNG Texture: SquadExpansion/MakingHistory/Parts/@thumbs/Triangle1_icon1
[LOG 23:14:54.093] Load Cached PNG Texture: SquadExpansion/MakingHistory/Parts/@thumbs/Triangle1_icon2
[LOG 23:14:54.093] Load Cached PNG Texture: SquadExpansion/MakingHistory/Parts/@thumbs/Triangle1_icon3
[LOG 23:14:54.094] Load Cached PNG Texture: SquadExpansion/MakingHistory/Parts/@thumbs/Triangle2_icon0
[LOG 23:14:54.094] Load Cached PNG Texture: SquadExpansion/MakingHistory/Parts/@thumbs/Triangle2_icon1
[LOG 23:14:54.094] Load Cached PNG Texture: SquadExpansion/MakingHistory/Parts/@thumbs/Triangle2_icon2
[LOG 23:14:54.094] Load Cached PNG Texture: SquadExpansion/MakingHistory/Parts/@thumbs/Triangle2_icon3
[LOG 23:14:54.094] Load Cached PNG Texture: SquadExpansion/MakingHistory/Parts/@thumbs/Tube1_icon0
[LOG 23:14:54.094] Load Cached PNG Texture: SquadExpansion/MakingHistory/Parts/@thumbs/Tube1_icon1
[LOG 23:14:54.094] Load Cached PNG Texture: SquadExpansion/MakingHistory/Parts/@thumbs/Tube1_icon2
[LOG 23:14:54.095] Load Cached PNG Texture: SquadExpansion/MakingHistory/Parts/@thumbs/Tube1_icon3
[LOG 23:14:54.095] Load Cached PNG Texture: SquadExpansion/MakingHistory/Parts/@thumbs/Tube1_icon4
[LOG 23:14:54.095] Load Cached PNG Texture: SquadExpansion/MakingHistory/Parts/Aero/protectiveRocketNoseMk5A/s1p5_cone
[LOG 23:14:54.095] Load Cached PNG Texture: SquadExpansion/MakingHistory/Parts/Aero/protectiveRocketNoseMk5A/s1p5_cone_Orange
[LOG 23:14:54.097] Load DDS texture: SquadExpansion/MakingHistory/Parts/Coupling/Assets/airlock
[LOG 23:14:54.098] Load DDS texture: SquadExpansion/MakingHistory/Parts/Coupling/Assets/airlock_N
[LOG 23:14:54.099] Load DDS texture: SquadExpansion/MakingHistory/Parts/Coupling/Assets/EnginePlate
[LOG 23:14:54.099] Load DDS texture: SquadExpansion/MakingHistory/Parts/Coupling/Assets/Size1_5_Decoupler_grey
[LOG 23:14:54.100] Load DDS texture: SquadExpansion/MakingHistory/Parts/Coupling/Assets/Size1_5_Decoupler_orange
[LOG 23:14:54.100] Load DDS texture: SquadExpansion/MakingHistory/Parts/Engine/Assets/KE-1
[LOG 23:14:54.104] Load DDS texture: SquadExpansion/MakingHistory/Parts/Engine/Assets/KE-1_BASE
[LOG 23:14:54.106] Load DDS texture: SquadExpansion/MakingHistory/Parts/Engine/Assets/LV-T87
[LOG 23:14:54.107] Load DDS texture: SquadExpansion/MakingHistory/Parts/Engine/Assets/LV-T91
[LOG 23:14:54.109] Load DDS texture: SquadExpansion/MakingHistory/Parts/Engine/Assets/RE-I2
[LOG 23:14:54.113] Load DDS texture: SquadExpansion/MakingHistory/Parts/Engine/Assets/RE-J10
[LOG 23:14:54.116] Load DDS texture: SquadExpansion/MakingHistory/Parts/Engine/Assets/RE-J10_N
[LOG 23:14:54.117] Load DDS texture: SquadExpansion/MakingHistory/Parts/Engine/Assets/RK-7
[LOG 23:14:54.124] Load DDS texture: SquadExpansion/MakingHistory/Parts/Engine/Assets/RK-7_N
[LOG 23:14:54.125] Load DDS texture: SquadExpansion/MakingHistory/Parts/Engine/solidBoosterTHK/SolidBoosterS2-17_emissive
[LOG 23:14:54.132] Load DDS texture: SquadExpansion/MakingHistory/Parts/Engine/solidBoosterTHK/solidBoosterTHK_diffuse
[LOG 23:14:54.142] Load DDS texture: SquadExpansion/MakingHistory/Parts/FuelTank/Assets/Size1p5_02
[LOG 23:14:54.143] Load DDS texture: SquadExpansion/MakingHistory/Parts/FuelTank/Assets/Size1p5_02_ALT01
[LOG 23:14:54.146] Load DDS texture: SquadExpansion/MakingHistory/Parts/FuelTank/Assets/Size1p5_02_ALT02
[LOG 23:14:54.148] Load DDS texture: SquadExpansion/MakingHistory/Parts/FuelTank/Assets/Size1p5_02_ALT02_normal
[LOG 23:14:54.149] Load DDS texture: SquadExpansion/MakingHistory/Parts/FuelTank/Assets/Size1p5_mono
[LOG 23:14:54.151] Load DDS texture: SquadExpansion/MakingHistory/Parts/FuelTank/Assets/Size1p5_mono_2
[LOG 23:14:54.152] Load DDS texture: SquadExpansion/MakingHistory/Parts/FuelTank/Assets/Size1p5_mono_N
[LOG 23:14:54.156] Load DDS texture: SquadExpansion/MakingHistory/Parts/FuelTank/Assets/Size1_5_TankAdapters
[LOG 23:14:54.157] Load DDS texture: SquadExpansion/MakingHistory/Parts/FuelTank/Assets/Size1_5_TankAdapters_ALT01
[LOG 23:14:54.158] Load DDS texture: SquadExpansion/MakingHistory/Parts/FuelTank/Assets/Size1_5_TankAdapters_ALT02
[LOG 23:14:54.160] Load DDS texture: SquadExpansion/MakingHistory/Parts/FuelTank/Assets/Size1_5_TankAdapters_ALT02nm
[LOG 23:14:54.161] Load DDS texture: SquadExpansion/MakingHistory/Parts/FuelTank/Assets/Size1_5_TankAdapters_N
[LOG 23:14:54.163] Load DDS texture: SquadExpansion/MakingHistory/Parts/FuelTank/Assets/Size1_5_Tanks
[LOG 23:14:54.164] Load DDS texture: SquadExpansion/MakingHistory/Parts/FuelTank/Assets/Size1_5_Tanks_ALT02
[LOG 23:14:54.165] Load DDS texture: SquadExpansion/MakingHistory/Parts/FuelTank/Assets/Size1_5_Tanks_ALT02_nm
[LOG 23:14:54.166] Load DDS texture: SquadExpansion/MakingHistory/Parts/FuelTank/Assets/Size1_5_Tanks_grey
[LOG 23:14:54.168] Load DDS texture: SquadExpansion/MakingHistory/Parts/FuelTank/Assets/Size4_Tanks
[LOG 23:14:54.183] Load DDS texture: SquadExpansion/MakingHistory/Parts/FuelTank/Assets/Size4_Tanks_N
[LOG 23:14:54.190] Load DDS texture: SquadExpansion/MakingHistory/Parts/Ground/Assets/RoverWheel
[LOG 23:14:54.191] Load DDS texture: SquadExpansion/MakingHistory/Parts/Ground/Assets/RoverWheelG
[LOG 23:14:54.192] Load DDS texture: SquadExpansion/MakingHistory/Parts/Payload/Assets/Size1to0ServiceBay
[LOG 23:14:54.192] Load DDS texture: SquadExpansion/MakingHistory/Parts/Payload/Assets/Size1to0ServiceBay_n
[LOG 23:14:54.194] Load DDS texture: SquadExpansion/MakingHistory/Parts/Payload/Assets/SM18_diffuse
[LOG 23:14:54.201] Load Cached PNG Texture: SquadExpansion/MakingHistory/Parts/Payload/Assets/SM18_NRM
[LOG 23:14:54.211] Load DDS texture: SquadExpansion/MakingHistory/Parts/Payload/Assets/SM18_specular
[LOG 23:14:54.224] Load DDS texture: SquadExpansion/MakingHistory/Parts/Payload/Assets/SM25_diffuse
[LOG 23:14:54.225] Load DDS texture: SquadExpansion/MakingHistory/Parts/Payload/Assets/SM25_normals
[LOG 23:14:54.227] Load DDS texture: SquadExpansion/MakingHistory/Parts/Pods/Assets/KV1
[LOG 23:14:54.229] Load DDS texture: SquadExpansion/MakingHistory/Parts/Pods/Assets/KV1_GLOW
[LOG 23:14:54.229] Load DDS texture: SquadExpansion/MakingHistory/Parts/Pods/Assets/KV2
[LOG 23:14:54.231] Load DDS texture: SquadExpansion/MakingHistory/Parts/Pods/Assets/KV3
[LOG 23:14:54.233] Load DDS texture: SquadExpansion/MakingHistory/Parts/Pods/Assets/Mk2Pod
[LOG 23:14:54.234] Load DDS texture: SquadExpansion/MakingHistory/Parts/Pods/Assets/Mk2Pod_GLOW
[LOG 23:14:54.235] Load DDS texture: SquadExpansion/MakingHistory/Parts/Pods/Assets/Mk2Pod_n
[LOG 23:14:54.236] Load DDS texture: SquadExpansion/MakingHistory/Parts/Pods/Assets/Size1_5_Lander
[LOG 23:14:54.237] Load DDS texture: SquadExpansion/MakingHistory/Parts/Pods/Assets/Size1_5_Lander_GLOW
[LOG 23:14:54.238] Load DDS texture: SquadExpansion/MakingHistory/Parts/SharedAssets/Shrouds
[LOG 23:14:54.243] Load DDS texture: SquadExpansion/MakingHistory/Parts/SharedAssets/Shrouds_N
[LOG 23:14:54.245] Load DDS texture: SquadExpansion/MakingHistory/Parts/Structural/Assets/NormalMap
[LOG 23:14:54.250] Load DDS texture: SquadExpansion/MakingHistory/Parts/Structural/Assets/Panels
[LOG 23:14:54.257] Load DDS texture: SquadExpansion/MakingHistory/Parts/Structural/Assets/Panels_Dark_D
[LOG 23:14:54.262] Load DDS texture: SquadExpansion/MakingHistory/Parts/Structural/Assets/Panels_Gold_D
[LOG 23:14:54.266] Load Cached PNG Texture: SquadExpansion/MakingHistory/Parts/Structural/Assets/Panels_Gold_NRM
[LOG 23:14:54.270] Load DDS texture: SquadExpansion/MakingHistory/Parts/Structural/Assets/Panels_Gold_S
[LOG 23:14:54.274] Load DDS texture: SquadExpansion/MakingHistory/Parts/Structural/Assets/Panels_Silver_D
[LOG 23:14:54.279] Load DDS texture: SquadExpansion/MakingHistory/Parts/Structural/Assets/Panels_Silver_S
[LOG 23:14:54.283] Load Cached PNG Texture: SquadExpansion/MakingHistory/Ships/@thumbs/VAB/Acapello
[LOG 23:14:54.283] Load Cached PNG Texture: SquadExpansion/MakingHistory/Ships/@thumbs/VAB/Beta Centaurus
[LOG 23:14:54.283] Load Cached PNG Texture: SquadExpansion/MakingHistory/Ships/@thumbs/VAB/Goliath II HLV
[LOG 23:14:54.283] Load Cached PNG Texture: SquadExpansion/MakingHistory/Ships/@thumbs/VAB/Muna 1
[LOG 23:14:54.283] Load Cached PNG Texture: SquadExpansion/MakingHistory/Ships/@thumbs/VAB/Sally-Hut 1
[LOG 23:14:54.284] Load Cached PNG Texture: SquadExpansion/MakingHistory/Ships/@thumbs/VAB/SWM-94 Communications Satellite
[LOG 23:14:54.284] Load Cached PNG Texture: SquadExpansion/MakingHistory/Ships/@thumbs/VAB/Valshkod 2
[LOG 23:14:54.284] Load DDS texture: SquadExpansion/MakingHistory/Spaces/KVPods/airlock
[LOG 23:14:54.284] Load DDS texture: SquadExpansion/MakingHistory/Spaces/KVPods/airlock_N
[LOG 23:14:54.285] Load DDS texture: SquadExpansion/MakingHistory/Spaces/KVPods/KV1_Props_Diffuse
[LOG 23:14:54.296] Load DDS texture: SquadExpansion/MakingHistory/Spaces/KVPods/KV1_Props_Normal
[LOG 23:14:54.303] Load DDS texture: SquadExpansion/MakingHistory/Spaces/KVPods/KV1_Shell_Diffuse
[LOG 23:14:54.312] Load DDS texture: SquadExpansion/MakingHistory/Spaces/KVPods/KV1_Shell_Emissive
[LOG 23:14:54.317] Load DDS texture: SquadExpansion/MakingHistory/Spaces/KVPods/KV1_Shell_Normal
[LOG 23:14:54.330] Load DDS texture: SquadExpansion/MakingHistory/Spaces/KVPods/KV1_Vzor_Diffuse
[LOG 23:14:54.331] Load DDS texture: SquadExpansion/MakingHistory/Spaces/KVPods/KV2_Props_Diffuse
[LOG 23:14:54.336] Load DDS texture: SquadExpansion/MakingHistory/Spaces/KVPods/KV2_Props_Emissive
[LOG 23:14:54.344] Load DDS texture: SquadExpansion/MakingHistory/Spaces/KVPods/KV2_Props_Normal
[LOG 23:14:54.352] Load DDS texture: SquadExpansion/MakingHistory/Spaces/KVPods/KV2_Shell_Diffuse
[LOG 23:14:54.370] Load DDS texture: SquadExpansion/MakingHistory/Spaces/KVPods/KV2_Shell_Normal
[LOG 23:14:54.377] Load DDS texture: SquadExpansion/MakingHistory/Spaces/KVPods/KV3_Props_Diffuse
[LOG 23:14:54.382] Load DDS texture: SquadExpansion/MakingHistory/Spaces/KVPods/KV3_Props_Normal
[LOG 23:14:54.387] Load DDS texture: SquadExpansion/MakingHistory/Spaces/KVPods/KV3_Shell_Diffuse
[LOG 23:14:54.392] Load DDS texture: SquadExpansion/MakingHistory/Spaces/KVPods/KV3_Shell_Normal
[LOG 23:14:54.397] Load DDS texture: SquadExpansion/MakingHistory/Spaces/KVPods/motor
[LOG 23:14:54.397] Load DDS texture: SquadExpansion/MakingHistory/Spaces/KVPods/pilot Seat
[LOG 23:14:54.398] Load DDS texture: SquadExpansion/MakingHistory/Spaces/MEM/PANELS_AO
[LOG 23:14:54.403] Load DDS texture: SquadExpansion/MakingHistory/Spaces/MEM/PANELS_EMISSIVE
[LOG 23:14:54.408] Load DDS texture: SquadExpansion/MakingHistory/Spaces/MEM/PANELS_NORMAL
[LOG 23:14:54.413] Load DDS texture: SquadExpansion/MakingHistory/Spaces/MEM/pilot Seat
[LOG 23:14:54.415] Load DDS texture: SquadExpansion/MakingHistory/Spaces/MEM/propsGeneric
[LOG 23:14:54.415] Load DDS texture: SquadExpansion/MakingHistory/Spaces/MEM/PROPS_AO
[LOG 23:14:54.420] Load DDS texture: SquadExpansion/MakingHistory/Spaces/MEM/PROPS_EMISSIVE
[LOG 23:14:54.421] Load DDS texture: SquadExpansion/MakingHistory/Spaces/MEM/PROPS_NORMAL
[LOG 23:14:54.426] Load DDS texture: SquadExpansion/MakingHistory/Spaces/Mk2Pod/DIfuse_controlboard
[LOG 23:14:54.440] Load DDS texture: SquadExpansion/MakingHistory/Spaces/Mk2Pod/Normal_controlbard
[LOG 23:14:54.447] Load DDS texture: SquadExpansion/MakingHistory/Spaces/Mk2Pod/Outershell_Base_Color
[LOG 23:14:54.456] Load DDS texture: SquadExpansion/MakingHistory/Spaces/Mk2Pod/Outershell_Normal
[LOG 23:14:54.475] Load DDS texture: SquadExpansion/MakingHistory/Spaces/Mk2Pod/pilot Seat
[LOG 23:14:54.476] Load Cached PNG Texture: SquadExpansion/Serenity/Parts/@thumbs/controller1000_icon
[LOG 23:14:54.476] Load Cached PNG Texture: SquadExpansion/Serenity/Parts/@thumbs/DeployedCentralStation_icon
[LOG 23:14:54.477] Load Cached PNG Texture: SquadExpansion/Serenity/Parts/@thumbs/DeployedGoExOb_icon
[LOG 23:14:54.477] Load Cached PNG Texture: SquadExpansion/Serenity/Parts/@thumbs/DeployedIONExp_icon
[LOG 23:14:54.477] Load Cached PNG Texture: SquadExpansion/Serenity/Parts/@thumbs/DeployedRTG_icon
[LOG 23:14:54.477] Load Cached PNG Texture: SquadExpansion/Serenity/Parts/@thumbs/DeployedSatDish_icon
[LOG 23:14:54.477] Load Cached PNG Texture: SquadExpansion/Serenity/Parts/@thumbs/DeployedSeismicSensor_icon
[LOG 23:14:54.477] Load Cached PNG Texture: SquadExpansion/Serenity/Parts/@thumbs/DeployedSolarPanel_icon
[LOG 23:14:54.477] Load Cached PNG Texture: SquadExpansion/Serenity/Parts/@thumbs/DeployedWeatherStn_icon
[LOG 23:14:54.478] Load Cached PNG Texture: SquadExpansion/Serenity/Parts/@thumbs/FanShroud.01_icon0
[LOG 23:14:54.478] Load Cached PNG Texture: SquadExpansion/Serenity/Parts/@thumbs/FanShroud.01_icon1
[LOG 23:14:54.478] Load Cached PNG Texture: SquadExpansion/Serenity/Parts/@thumbs/FanShroud.02_icon0
[LOG 23:14:54.478] Load Cached PNG Texture: SquadExpansion/Serenity/Parts/@thumbs/FanShroud.02_icon1
[LOG 23:14:54.478] Load Cached PNG Texture: SquadExpansion/Serenity/Parts/@thumbs/hinge.01.s_icon0
[LOG 23:14:54.478] Load Cached PNG Texture: SquadExpansion/Serenity/Parts/@thumbs/hinge.01.s_icon1
[LOG 23:14:54.478] Load Cached PNG Texture: SquadExpansion/Serenity/Parts/@thumbs/hinge.01_icon0
[LOG 23:14:54.478] Load Cached PNG Texture: SquadExpansion/Serenity/Parts/@thumbs/hinge.01_icon1
[LOG 23:14:54.479] Load Cached PNG Texture: SquadExpansion/Serenity/Parts/@thumbs/hinge.03.s_icon0
[LOG 23:14:54.479] Load Cached PNG Texture: SquadExpansion/Serenity/Parts/@thumbs/hinge.03.s_icon1
[LOG 23:14:54.479] Load Cached PNG Texture: SquadExpansion/Serenity/Parts/@thumbs/hinge.03_icon0
[LOG 23:14:54.479] Load Cached PNG Texture: SquadExpansion/Serenity/Parts/@thumbs/hinge.03_icon1
[LOG 23:14:54.479] Load Cached PNG Texture: SquadExpansion/Serenity/Parts/@thumbs/largeFanBlade_icon0
[LOG 23:14:54.479] Load Cached PNG Texture: SquadExpansion/Serenity/Parts/@thumbs/largeFanBlade_icon1
[LOG 23:14:54.479] Load Cached PNG Texture: SquadExpansion/Serenity/Parts/@thumbs/largePropeller_icon0
[LOG 23:14:54.479] Load Cached PNG Texture: SquadExpansion/Serenity/Parts/@thumbs/largePropeller_icon1
[LOG 23:14:54.480] Load Cached PNG Texture: SquadExpansion/Serenity/Parts/@thumbs/lGripPad_icon0
[LOG 23:14:54.480] Load Cached PNG Texture: SquadExpansion/Serenity/Parts/@thumbs/lGripPad_icon1
[LOG 23:14:54.480] Load Cached PNG Texture: SquadExpansion/Serenity/Parts/@thumbs/lGripStrip_icon
[LOG 23:14:54.480] Load Cached PNG Texture: SquadExpansion/Serenity/Parts/@thumbs/mediumFanBlade_icon0
[LOG 23:14:54.480] Load Cached PNG Texture: SquadExpansion/Serenity/Parts/@thumbs/mediumFanBlade_icon1
[LOG 23:14:54.480] Load Cached PNG Texture: SquadExpansion/Serenity/Parts/@thumbs/mediumPropeller_icon0
[LOG 23:14:54.480] Load Cached PNG Texture: SquadExpansion/Serenity/Parts/@thumbs/mediumPropeller_icon1
[LOG 23:14:54.480] Load Cached PNG Texture: SquadExpansion/Serenity/Parts/@thumbs/mGripPad_icon0
[LOG 23:14:54.480] Load Cached PNG Texture: SquadExpansion/Serenity/Parts/@thumbs/mGripPad_icon1
[LOG 23:14:54.480] Load Cached PNG Texture: SquadExpansion/Serenity/Parts/@thumbs/noseconeTiny_icon
[LOG 23:14:54.481] Load Cached PNG Texture: SquadExpansion/Serenity/Parts/@thumbs/noseconeVS_icon
[LOG 23:14:54.481] Load Cached PNG Texture: SquadExpansion/Serenity/Parts/@thumbs/piston.01_icon0
[LOG 23:14:54.481] Load Cached PNG Texture: SquadExpansion/Serenity/Parts/@thumbs/piston.01_icon1
[LOG 23:14:54.481] Load Cached PNG Texture: SquadExpansion/Serenity/Parts/@thumbs/piston.02_icon0
[LOG 23:14:54.481] Load Cached PNG Texture: SquadExpansion/Serenity/Parts/@thumbs/piston.02_icon1
[LOG 23:14:54.481] Load Cached PNG Texture: SquadExpansion/Serenity/Parts/@thumbs/piston.03_icon0
[LOG 23:14:54.485] Load Cached PNG Texture: SquadExpansion/Serenity/Parts/@thumbs/piston.03_icon1
[LOG 23:14:54.491] Load Cached PNG Texture: SquadExpansion/Serenity/Parts/@thumbs/piston.04_icon0
[LOG 23:14:54.492] Load Cached PNG Texture: SquadExpansion/Serenity/Parts/@thumbs/piston.04_icon1
[LOG 23:14:54.492] Load Cached PNG Texture: SquadExpansion/Serenity/Parts/@thumbs/RobotArmScanner.S1_icon
[LOG 23:14:54.499] Load Cached PNG Texture: SquadExpansion/Serenity/Parts/@thumbs/RobotArmScanner.S2_icon
[LOG 23:14:54.514] Load Cached PNG Texture: SquadExpansion/Serenity/Parts/@thumbs/RobotArmScanner.S3_icon
[LOG 23:14:54.519] Load Cached PNG Texture: SquadExpansion/Serenity/Parts/@thumbs/rotor.01s_icon0
[LOG 23:14:54.520] Load Cached PNG Texture: SquadExpansion/Serenity/Parts/@thumbs/rotor.01s_icon1
[LOG 23:14:54.520] Load Cached PNG Texture: SquadExpansion/Serenity/Parts/@thumbs/rotor.01_icon0
[LOG 23:14:54.520] Load Cached PNG Texture: SquadExpansion/Serenity/Parts/@thumbs/rotor.01_icon1
[LOG 23:14:54.520] Load Cached PNG Texture: SquadExpansion/Serenity/Parts/@thumbs/rotor.02s_icon0
[LOG 23:14:54.520] Load Cached PNG Texture: SquadExpansion/Serenity/Parts/@thumbs/rotor.02s_icon1
[LOG 23:14:54.520] Load Cached PNG Texture: SquadExpansion/Serenity/Parts/@thumbs/rotor.02_icon0
[LOG 23:14:54.520] Load Cached PNG Texture: SquadExpansion/Serenity/Parts/@thumbs/rotor.02_icon1
[LOG 23:14:54.520] Load Cached PNG Texture: SquadExpansion/Serenity/Parts/@thumbs/RotorEngine.02_icon
[LOG 23:14:54.521] Load Cached PNG Texture: SquadExpansion/Serenity/Parts/@thumbs/rotoServo.00_icon0
[LOG 23:14:54.521] Load Cached PNG Texture: SquadExpansion/Serenity/Parts/@thumbs/rotoServo.00_icon1
[LOG 23:14:54.521] Load Cached PNG Texture: SquadExpansion/Serenity/Parts/@thumbs/rotoServo.02_icon0
[LOG 23:14:54.523] Load Cached PNG Texture: SquadExpansion/Serenity/Parts/@thumbs/rotoServo.02_icon1
[LOG 23:14:54.523] Load Cached PNG Texture: SquadExpansion/Serenity/Parts/@thumbs/rotoServo.03_icon0
[LOG 23:14:54.524] Load Cached PNG Texture: SquadExpansion/Serenity/Parts/@thumbs/rotoServo.03_icon1
[LOG 23:14:54.524] Load Cached PNG Texture: SquadExpansion/Serenity/Parts/@thumbs/sGripPad_icon0
[LOG 23:14:54.524] Load Cached PNG Texture: SquadExpansion/Serenity/Parts/@thumbs/sGripPad_icon1
[LOG 23:14:54.524] Load Cached PNG Texture: SquadExpansion/Serenity/Parts/@thumbs/sGripStrip_icon
[LOG 23:14:54.524] Load Cached PNG Texture: SquadExpansion/Serenity/Parts/@thumbs/smallFanBlade_icon0
[LOG 23:14:54.525] Load Cached PNG Texture: SquadExpansion/Serenity/Parts/@thumbs/smallFanBlade_icon1
[LOG 23:14:54.525] Load Cached PNG Texture: SquadExpansion/Serenity/Parts/@thumbs/smallHeliBlade_icon0
[LOG 23:14:54.525] Load Cached PNG Texture: SquadExpansion/Serenity/Parts/@thumbs/smallHeliBlade_icon1
[LOG 23:14:54.525] Load Cached PNG Texture: SquadExpansion/Serenity/Parts/@thumbs/smallPropeller_icon0
[LOG 23:14:54.525] Load Cached PNG Texture: SquadExpansion/Serenity/Parts/@thumbs/smallPropeller_icon1
[LOG 23:14:54.525] Load DDS texture: SquadExpansion/Serenity/Parts/Aero/Assets/copterBlades_diffuse
[LOG 23:14:54.525] Load DDS texture: SquadExpansion/Serenity/Parts/Aero/Assets/shroudsDiffuse_color
[LOG 23:14:54.525] Load DDS texture: SquadExpansion/Serenity/Parts/Aero/Assets/shroudsDiffuse_plain
[LOG 23:14:54.526] Load Cached PNG Texture: SquadExpansion/Serenity/Parts/DeployedScience/MockupTexture
[LOG 23:14:54.526] Load DDS texture: SquadExpansion/Serenity/Parts/DeployedScience/Assets/centralStation_diffuse
[LOG 23:14:54.528] Load DDS texture: SquadExpansion/Serenity/Parts/DeployedScience/Assets/centralStation_emissive
[LOG 23:14:54.565] Load DDS texture: SquadExpansion/Serenity/Parts/DeployedScience/Assets/GenericParts_diffuse
[LOG 23:14:54.566] Load DDS texture: SquadExpansion/Serenity/Parts/DeployedScience/Assets/GenericParts_emissive
[LOG 23:14:54.570] Load DDS texture: SquadExpansion/Serenity/Parts/DeployedScience/Assets/GenericParts_normal
[LOG 23:14:54.578] Load DDS texture: SquadExpansion/Serenity/Parts/DeployedScience/Assets/goex_diffuse
[LOG 23:14:54.586] Load DDS texture: SquadExpansion/Serenity/Parts/DeployedScience/Assets/goex_specMapped
[LOG 23:14:54.615] Load DDS texture: SquadExpansion/Serenity/Parts/DeployedScience/Assets/Grid
[LOG 23:14:54.616] Load DDS texture: SquadExpansion/Serenity/Parts/DeployedScience/Assets/IonExperiment_diffuse
[LOG 23:14:54.618] Load DDS texture: SquadExpansion/Serenity/Parts/DeployedScience/Assets/RTGCask_diffuse
[LOG 23:14:54.620] Load DDS texture: SquadExpansion/Serenity/Parts/DeployedScience/Assets/satDish_diffuse
[LOG 23:14:54.621] Load Cached PNG Texture: SquadExpansion/Serenity/Parts/DeployedScience/Assets/Scratch
[LOG 23:14:54.630] Load DDS texture: SquadExpansion/Serenity/Parts/DeployedScience/Assets/Screen2
[LOG 23:14:54.631] Load DDS texture: SquadExpansion/Serenity/Parts/DeployedScience/Assets/Screen3
[LOG 23:14:54.631] Load DDS texture: SquadExpansion/Serenity/Parts/DeployedScience/Assets/ScreenReadout
[LOG 23:14:54.631] Load DDS texture: SquadExpansion/Serenity/Parts/DeployedScience/Assets/seismicSensor_diffuse
[LOG 23:14:54.632] Load DDS texture: SquadExpansion/Serenity/Parts/DeployedScience/Assets/seismicSensor_nrm
[LOG 23:14:54.633] Load DDS texture: SquadExpansion/Serenity/Parts/DeployedScience/Assets/seismicSensor_specularMapped
[LOG 23:14:54.635] Load DDS texture: SquadExpansion/Serenity/Parts/DeployedScience/Assets/SolarGraph
[LOG 23:14:54.635] Load DDS texture: SquadExpansion/Serenity/Parts/DeployedScience/Assets/solarPanel_diffuse
[LOG 23:14:54.637] Load DDS texture: SquadExpansion/Serenity/Parts/DeployedScience/Assets/Waveleght3
[LOG 23:14:54.637] Load DDS texture: SquadExpansion/Serenity/Parts/DeployedScience/Assets/Wavelenght
[LOG 23:14:54.637] Load DDS texture: SquadExpansion/Serenity/Parts/DeployedScience/Assets/Wavelenght2
[LOG 23:14:54.637] Load DDS texture: SquadExpansion/Serenity/Parts/DeployedScience/Assets/wavelenght4
[LOG 23:14:54.638] Load DDS texture: SquadExpansion/Serenity/Parts/DeployedScience/Assets/wavelenght5
[LOG 23:14:54.638] Load DDS texture: SquadExpansion/Serenity/Parts/DeployedScience/Assets/WeatherStation [Normal]
[LOG 23:14:54.684] Load DDS texture: SquadExpansion/Serenity/Parts/DeployedScience/Assets/Weather_Station_diffuse
[LOG 23:14:54.697] Load DDS texture: SquadExpansion/Serenity/Parts/DeployedScience/Assets/Weather_Station_normal
[LOG 23:14:54.720] Load DDS texture: SquadExpansion/Serenity/Parts/Propellers/Assets/blade_diffuse
[LOG 23:14:54.721] Load DDS texture: SquadExpansion/Serenity/Parts/Propellers/Assets/copterBlades_diffuse
[LOG 23:14:54.721] Load DDS texture: SquadExpansion/Serenity/Parts/Propellers/Assets/fan_diffuse
[LOG 23:14:54.722] Load DDS texture: SquadExpansion/Serenity/Parts/Robotics/Assets/hinges-03-s_diffuse_Color
[LOG 23:14:54.722] Load DDS texture: SquadExpansion/Serenity/Parts/Robotics/Assets/hinges-03_diffuse_color
[LOG 23:14:54.725] Load DDS texture: SquadExpansion/Serenity/Parts/Robotics/Assets/hinges-03_diffuse_plain
[LOG 23:14:54.728] Load DDS texture: SquadExpansion/Serenity/Parts/Robotics/Assets/hinges_diffuse
[LOG 23:14:54.728] Load DDS texture: SquadExpansion/Serenity/Parts/Robotics/Assets/Hinge_diffuse_G-00_Color
[LOG 23:14:54.729] Load DDS texture: SquadExpansion/Serenity/Parts/Robotics/Assets/Hinge_diffuse_G-11_Color
[LOG 23:14:54.731] Load DDS texture: SquadExpansion/Serenity/Parts/Robotics/Assets/Hinge_diffuse_G-11_plain
[LOG 23:14:54.732] Load DDS texture: SquadExpansion/Serenity/Parts/Robotics/Assets/Hinge_normal
[LOG 23:14:54.732] Load DDS texture: SquadExpansion/Serenity/Parts/Robotics/Assets/RotorEngine_02_diffuse
[LOG 23:14:54.733] Load DDS texture: SquadExpansion/Serenity/Parts/Robotics/Assets/RotorEngine_03_diffuse
[LOG 23:14:54.734] Load DDS texture: SquadExpansion/Serenity/Parts/Robotics/Assets/RotorEngine_03_normal
[LOG 23:14:54.736] Load DDS texture: SquadExpansion/Serenity/Parts/Robotics/Assets/Rotor_01_diffuse_color
[LOG 23:14:54.737] Load DDS texture: SquadExpansion/Serenity/Parts/Robotics/Assets/Rotor_01_diffuse_plain
[LOG 23:14:54.738] Load DDS texture: SquadExpansion/Serenity/Parts/Robotics/Assets/Rotor_01_normal
[LOG 23:14:54.738] Load DDS texture: SquadExpansion/Serenity/Parts/Robotics/Assets/Rotor_01_specular_D
[LOG 23:14:54.739] Load DDS texture: SquadExpansion/Serenity/Parts/Robotics/Assets/Rotor_02_diffuse_color
[LOG 23:14:54.739] Load DDS texture: SquadExpansion/Serenity/Parts/Robotics/Assets/Rotor_03_diffuse_color
[LOG 23:14:54.742] Load DDS texture: SquadExpansion/Serenity/Parts/Robotics/Assets/Rotor_03_diffuse_plain
[LOG 23:14:54.743] Load DDS texture: SquadExpansion/Serenity/Parts/Robotics/Assets/Rotor_03_normal
[LOG 23:14:54.753] Load DDS texture: SquadExpansion/Serenity/Parts/Robotics/Assets/rotoServos_diffuse_color
[LOG 23:14:54.754] Load DDS texture: SquadExpansion/Serenity/Parts/Robotics/Assets/rotoServos_diffuse_plain
[LOG 23:14:54.757] Load DDS texture: SquadExpansion/Serenity/Parts/Robotics/Assets/rotoServos_nrm
[LOG 23:14:54.760] Load DDS texture: SquadExpansion/Serenity/Parts/Robotics/Controllers/roboController_diffuse
[LOG 23:14:54.761] Load DDS texture: SquadExpansion/Serenity/Parts/Robotics/Controllers/roboController_emissive
[LOG 23:14:54.763] Load Cached PNG Texture: SquadExpansion/Serenity/Parts/Science/RobotArmScanner/Assets/DrillBits
[LOG 23:14:54.763] Load DDS texture: SquadExpansion/Serenity/Parts/Science/RobotArmScanner/Assets/DustParticle
[WRN 23:14:54.763] Duplicate PNG texture 'SquadExpansion/Serenity/Parts/Science/RobotArmScanner/Assets/DustParticle' with extension 'png' won't be loaded
[LOG 23:14:54.764] Load DDS texture: SquadExpansion/Serenity/Parts/Science/RobotArmScanner/Assets/GenericParts_diffuse
[LOG 23:14:54.772] Load DDS texture: SquadExpansion/Serenity/Parts/Science/RobotArmScanner/Assets/GenericParts_normal
[LOG 23:14:54.788] Load DDS texture: SquadExpansion/Serenity/Parts/Science/RobotArmScanner/Assets/ROCArm3_diffuse
[LOG 23:14:54.794] Load DDS texture: SquadExpansion/Serenity/Parts/Science/RobotArmScanner/Assets/ROCArm3_normal
[LOG 23:14:54.801] Load DDS texture: SquadExpansion/Serenity/Parts/Science/RobotArmScanner/Assets/ROCArm_2_diffuse
[LOG 23:14:54.805] Load DDS texture: SquadExpansion/Serenity/Parts/Science/RobotArmScanner/Assets/ROCArm_2_normal
[LOG 23:14:54.810] Load Cached PNG Texture: SquadExpansion/Serenity/Parts/Science/RobotArmScanner/Assets/Scratch
[LOG 23:14:54.811] Load DDS texture: SquadExpansion/Serenity/Parts/Science/RobotArmScanner/Assets/SmallArm_diffuse
[LOG 23:14:54.812] Load DDS texture: SquadExpansion/Serenity/Parts/Science/RobotArmScanner/Assets/SmallArm_normal
[LOG 23:14:54.814] Load DDS texture: SquadExpansion/Serenity/Parts/Structural/gripPads/Assets/gripPads_diffuse
[LOG 23:14:54.815] Load DDS texture: SquadExpansion/Serenity/Parts/Structural/gripPads/Assets/gripPads_nrm
[LOG 23:14:54.816] Load Cached PNG Texture: SquadExpansion/Serenity/Ships/@thumbs/SPH/Arrow-E
[LOG 23:14:54.816] Load Cached PNG Texture: SquadExpansion/Serenity/Ships/@thumbs/SPH/Butterfly Rover
[LOG 23:14:54.817] Load Cached PNG Texture: SquadExpansion/Serenity/Ships/@thumbs/SPH/Jeb_s Quadtaxi
[LOG 23:14:54.817] Load Cached PNG Texture: SquadExpansion/Serenity/Ships/@thumbs/SPH/Kerbodyne Rotodyne
[LOG 23:14:54.817] Load Cached PNG Texture: SquadExpansion/Serenity/Ships/@thumbs/SPH/Seahawk
[LOG 23:14:54.817] Load Cached PNG Texture: SquadExpansion/Serenity/Ships/@thumbs/SPH/Val-Thopter
[LOG 23:14:54.819] Load MU model: Squad/FX/afterburner_flame
[LOG 23:14:54.831] Load MU model: Squad/FX/afterburner_shock
[LOG 23:14:54.832] Load MU model: Squad/FX/diamondBlue
[LOG 23:14:54.834] Load MU model: Squad/FX/exhaustFlames_blue
[LOG 23:14:54.993] Load MU model: Squad/FX/hydroLOXFlame
[LOG 23:14:54.994] Load MU model: Squad/FX/IonPlume
[LOG 23:14:54.994] Load MU model: Squad/FX/ks1_Exhaust
[LOG 23:14:54.995] Load MU model: Squad/FX/ks25_Exhaust
[LOG 23:14:54.995] Load MU model: Squad/FX/ksX_Exhaust
[LOG 23:14:54.996] Load MU model: Squad/FX/LES_Thruster
[LOG 23:14:54.996] Load MU model: Squad/FX/Monoprop_big
[LOG 23:14:54.996] Load MU model: Squad/FX/Monoprop_medium
[LOG 23:14:54.997] Load MU model: Squad/FX/Monoprop_small
[LOG 23:14:54.997] Load MU model: Squad/FX/shockExhaust_blue
[LOG 23:14:54.998] Load MU model: Squad/FX/shockExhaust_blue_small
[LOG 23:14:54.998] Load MU model: Squad/FX/shockExhaust_red_small
[LOG 23:14:54.999] Load MU model: Squad/FX/SRB_Large
[LOG 23:14:54.999] Load MU model: Squad/FX/SRB_LargeSparks
[LOG 23:14:55.000] Load MU model: Squad/Parts/Aero/aerodynamicNoseCone/aerodynamicNoseCone
[LOG 23:14:55.004] Load MU model: Squad/Parts/Aero/airbrake/Airbrake
[LOG 23:14:55.005] Load MU model: Squad/Parts/Aero/airIntakeRadialXM-G50/RadialIntake
[LOG 23:14:55.005] Load MU model: Squad/Parts/Aero/airlinerWings/ControlSurface
[LOG 23:14:55.005] Load MU model: Squad/Parts/Aero/airlinerWings/MainWing
[LOG 23:14:55.006] Load MU model: Squad/Parts/Aero/airlinerWings/TailFin
[LOG 23:14:55.009] Load MU model: Squad/Parts/Aero/airplaneFins/AdvCanard
[LOG 23:14:55.009] Load MU model: Squad/Parts/Aero/airplaneFins/Canard
[LOG 23:14:55.009] Load MU model: Squad/Parts/Aero/airplaneFins/Swept
[LOG 23:14:55.010] Load MU model: Squad/Parts/Aero/airplaneFins/TailFin
[LOG 23:14:55.010] Load MU model: Squad/Parts/Aero/basicFin/basicFin
[LOG 23:14:55.010] Load MU model: Squad/Parts/Aero/circularIntake/CircularIntake
[LOG 23:14:55.012] Load MU model: Squad/Parts/Aero/circularIntake/ConeIntake
[LOG 23:14:55.013] Load MU model: Squad/Parts/Aero/cones/Assets/AvioCone
[LOG 23:14:55.014] Load MU model: Squad/Parts/Aero/cones/Assets/ConeA
[LOG 23:14:55.014] Load MU model: Squad/Parts/Aero/cones/Assets/ConeB
[LOG 23:14:55.014] Load MU model: Squad/Parts/Aero/cones/Assets/NCS
[LOG 23:14:55.015] Load MU model: Squad/Parts/Aero/cones/Assets/orangeNoseCone
[LOG 23:14:55.015] Load MU model: Squad/Parts/Aero/cones/Assets/rocketNoseCone
[LOG 23:14:55.016] Load MU model: Squad/Parts/Aero/cones/Assets/rocketNoseCone_v2
[LOG 23:14:55.016] Load MU model: Squad/Parts/Aero/cones/Assets/rocketNoseCone_v3
[LOG 23:14:55.016] Load MU model: Squad/Parts/Aero/cones/Assets/TailA
[LOG 23:14:55.017] Load MU model: Squad/Parts/Aero/cones/Assets/TailB
[LOG 23:14:55.017] Load MU model: Squad/Parts/Aero/cones/Assets/TinyCone
[LOG 23:14:55.017] Load MU model: Squad/Parts/Aero/fairings/AutoTruss
[LOG 23:14:55.018] Load MU model: Squad/Parts/Aero/fairings/fairingSize1
[LOG 23:14:55.018] Load MU model: Squad/Parts/Aero/fairings/fairingSize2
[LOG 23:14:55.019] Load MU model: Squad/Parts/Aero/fairings/fairingSize3
[LOG 23:14:55.019] Load MU model: Squad/Parts/Aero/HeatShield/HeatShield0
[LOG 23:14:55.019] Load MU model: Squad/Parts/Aero/HeatShield/HeatShield1
[LOG 23:14:55.020] Load MU model: Squad/Parts/Aero/HeatShield/HeatShield2
[LOG 23:14:55.020] Load MU model: Squad/Parts/Aero/HeatShield/HeatShield3
[LOG 23:14:55.020] Load MU model: Squad/Parts/Aero/InflatableHeatShield/HeatShield
[LOG 23:14:55.024] Load MU model: Squad/Parts/Aero/intakeRadialLong/IntakeRadial
[LOG 23:14:55.024] Load MU model: Squad/Parts/Aero/miniIntake/SmallIntake
[LOG 23:14:55.024] Load MU model: Squad/Parts/Aero/ramAirIntake/RampIntake
[LOG 23:14:55.026] Load MU model: Squad/Parts/Aero/shuttleWings/ShuttleDeltaWing
[LOG 23:14:55.026] Load MU model: Squad/Parts/Aero/shuttleWings/ShuttleElevonA
[LOG 23:14:55.026] Load MU model: Squad/Parts/Aero/shuttleWings/ShuttleElevonB
[LOG 23:14:55.026] Load MU model: Squad/Parts/Aero/shuttleWings/ShuttleRudder
[LOG 23:14:55.027] Load MU model: Squad/Parts/Aero/shuttleWings/ShuttleStrake
[LOG 23:14:55.027] Load MU model: Squad/Parts/Aero/wingletAV-R8/model
[LOG 23:14:55.027] Load MU model: Squad/Parts/Aero/wingletAV-T1/model
[LOG 23:14:55.028] Load MU model: Squad/Parts/Aero/wingletDeltaDeluxe/model
[LOG 23:14:55.028] Load MU model: Squad/Parts/Aero/wings/connector1
[LOG 23:14:55.028] Load MU model: Squad/Parts/Aero/wings/connector2
[LOG 23:14:55.028] Load MU model: Squad/Parts/Aero/wings/connector3
[LOG 23:14:55.028] Load MU model: Squad/Parts/Aero/wings/connector4
[LOG 23:14:55.028] Load MU model: Squad/Parts/Aero/wings/connector5
[LOG 23:14:55.028] Load MU model: Squad/Parts/Aero/wings/delta
[LOG 23:14:55.029] Load MU model: Squad/Parts/Aero/wings/delta_small
[LOG 23:14:55.029] Load MU model: Squad/Parts/Aero/wings/elevon1
[LOG 23:14:55.029] Load MU model: Squad/Parts/Aero/wings/elevon2
[LOG 23:14:55.029] Load MU model: Squad/Parts/Aero/wings/elevon3
[LOG 23:14:55.029] Load MU model: Squad/Parts/Aero/wings/elevon4
[LOG 23:14:55.029] Load MU model: Squad/Parts/Aero/wings/elevon5
[LOG 23:14:55.030] Load MU model: Squad/Parts/Aero/wings/strake
[LOG 23:14:55.030] Load MU model: Squad/Parts/Aero/wings/structural1
[LOG 23:14:55.030] Load MU model: Squad/Parts/Aero/wings/structural2
[LOG 23:14:55.030] Load MU model: Squad/Parts/Aero/wings/structural3
[LOG 23:14:55.030] Load MU model: Squad/Parts/Aero/wings/structural4
[LOG 23:14:55.031] Load MU model: Squad/Parts/Aero/wings/swept1
[LOG 23:14:55.031] Load MU model: Squad/Parts/Aero/wings/swept2
[LOG 23:14:55.031] Load MU model: Squad/Parts/Cargo/CargoContainers/cargoContainer
[LOG 23:14:55.031] Load MU model: Squad/Parts/Cargo/CargoContainers/smallCargoContainer
[LOG 23:14:55.031] Load MU model: Squad/Parts/Cargo/Cylinder/EVAcylinder
[LOG 23:14:55.032] Load MU model: Squad/Parts/Cargo/GroundAnchor/groundAnchor
[LOG 23:14:55.032] Load MU model: Squad/Parts/Cargo/Jetpack/Jetpack
[LOG 23:14:55.033] Load MU model: Squad/Parts/Cargo/Parachute/Parachute
[LOG 23:14:55.033] Load MU model: Squad/Parts/Cargo/RepairKit/RepairKit
[LOG 23:14:55.057] Load MU model: Squad/Parts/Cargo/ScienceKit/ExperimentKit
[LOG 23:14:55.059] Load MU model: Squad/Parts/Cargo/StorageUnits/Assets/CargoStorageUnit
[LOG 23:14:55.059] Load MU model: Squad/Parts/Cargo/StorageUnits/Assets/ConformalStorageUnit
[LOG 23:14:55.060] Load MU model: Squad/Parts/Command/advancedSasModuleLarge/model
[LOG 23:14:55.060] Load MU model: Squad/Parts/Command/cupola/model
[LOG 23:14:55.061] Load MU model: Squad/Parts/Command/externalCommandSeat/model
[LOG 23:14:55.062] Load MU model: Squad/Parts/Command/hitchhikerStorageContainer/model
[LOG 23:14:55.062] Load MU model: Squad/Parts/Command/inlineAdvancedStabilizer/model
[LOG 23:14:55.062] Load MU model: Squad/Parts/Command/inlineReactionWheel/model
[LOG 23:14:55.062] Load MU model: Squad/Parts/Command/Mk1-3Pod/Mk1-3
[LOG 23:14:55.063] Load MU model: Squad/Parts/Command/mk1Cockpits/Cabin
[LOG 23:14:55.064] Load MU model: Squad/Parts/Command/mk1Cockpits/CockpitInline
[LOG 23:14:55.065] Load MU model: Squad/Parts/Command/mk1Cockpits/CockpitStandard
[LOG 23:14:55.085] Load MU model: Squad/Parts/Command/mk1LanderCan/model
[LOG 23:14:55.085] Load MU model: Squad/Parts/Command/mk1pod_v2/Mk1Pod_v2
[LOG 23:14:55.086] Load MU model: Squad/Parts/Command/mk2CockpitInline/model
[LOG 23:14:55.089] Load MU model: Squad/Parts/Command/mk2CockpitStandard/model
[LOG 23:14:55.090] Load MU model: Squad/Parts/Command/mk2DroneCore/model
[LOG 23:14:55.090] Load MU model: Squad/Parts/Command/mk2LanderCan/model
[LOG 23:14:55.091] Load MU model: Squad/Parts/Command/mk2LanderCan_v2/mk2LanderCan
[LOG 23:14:55.094] Load MU model: Squad/Parts/Command/mk3CockpitShuttle/model
[LOG 23:14:55.094] Load MU model: Squad/Parts/Command/MpoProbe/MpoProbe
[LOG 23:14:55.095] Load MU model: Squad/Parts/Command/MtmStage/MTM_Stage
[LOG 23:14:55.095] Load MU model: Squad/Parts/Command/probeCoreCube/probeCoreCube
[LOG 23:14:55.096] Load MU model: Squad/Parts/Command/probeCoreHex/model
[LOG 23:14:55.096] Load MU model: Squad/Parts/Command/probeCoreHex_v2/model
[LOG 23:14:55.096] Load MU model: Squad/Parts/Command/probeCoreOcto2_v2/probeCoreOcto2_v2
[LOG 23:14:55.096] Load MU model: Squad/Parts/Command/probeCoreOcto_v2/probeCoreOcto_v2
[LOG 23:14:55.097] Load MU model: Squad/Parts/Command/probeRoverBody/model
[LOG 23:14:55.097] Load MU model: Squad/Parts/Command/probeRoverBody_v2/probeRoverBody_v2
[LOG 23:14:55.099] Load MU model: Squad/Parts/Command/probeStackLarge/model
[LOG 23:14:55.099] Load MU model: Squad/Parts/Command/probeStackSmall/model
[LOG 23:14:55.099] Load MU model: Squad/Parts/Command/probeStackSphere_v2/probeStackSphere_v2
[LOG 23:14:55.099] Load MU model: Squad/Parts/CompoundParts/FuelLine/model
[LOG 23:14:55.100] Load MU model: Squad/Parts/CompoundParts/strutConnector/model
[LOG 23:14:55.100] Load MU model: Squad/Parts/Coupling/Assets/Decoupler_0
[LOG 23:14:55.100] Load MU model: Squad/Parts/Coupling/Assets/Decoupler_1
[LOG 23:14:55.101] Load MU model: Squad/Parts/Coupling/Assets/Decoupler_1p5
[LOG 23:14:55.101] Load MU model: Squad/Parts/Coupling/Assets/Decoupler_2
[LOG 23:14:55.101] Load MU model: Squad/Parts/Coupling/Assets/Decoupler_3
[LOG 23:14:55.104] Load MU model: Squad/Parts/Coupling/Assets/Decoupler_4
[LOG 23:14:55.104] Load MU model: Squad/Parts/Coupling/Assets/Separator_0
[LOG 23:14:55.104] Load MU model: Squad/Parts/Coupling/Assets/Separator_1
[LOG 23:14:55.105] Load MU model: Squad/Parts/Coupling/Assets/Separator_1p5
[LOG 23:14:55.105] Load MU model: Squad/Parts/Coupling/Assets/Separator_2
[LOG 23:14:55.105] Load MU model: Squad/Parts/Coupling/Assets/Separator_3
[LOG 23:14:55.106] Load MU model: Squad/Parts/Coupling/Assets/Separator_4
[LOG 23:14:55.108] Load MU model: Squad/Parts/Electrical/10CSolarPanels/assets/OX-10C
[LOG 23:14:55.112] Load MU model: Squad/Parts/Electrical/10CSolarPanels/assets/SP-10C
[LOG 23:14:55.114] Load MU model: Squad/Parts/Electrical/10LSolarPanels/assets/OX-10L
[LOG 23:14:55.115] Load MU model: Squad/Parts/Electrical/10LSolarPanels/assets/SP-10L
[LOG 23:14:55.116] Load MU model: Squad/Parts/Electrical/1x6ShroudSolarPanels/model
[LOG 23:14:55.117] Load MU model: Squad/Parts/Electrical/1x6SolarPanels/model
[LOG 23:14:55.117] Load MU model: Squad/Parts/Electrical/3x2ShroudSolarPanels/model
[LOG 23:14:55.118] Load MU model: Squad/Parts/Electrical/3x2SolarPanels/model
[LOG 23:14:55.119] Load MU model: Squad/Parts/Electrical/gigantorXlSolarArray/model
[LOG 23:14:55.119] Load MU model: Squad/Parts/Electrical/radialFlatSolarPanel/model
[LOG 23:14:55.119] Load MU model: Squad/Parts/Electrical/RTG/model
[LOG 23:14:55.119] Load MU model: Squad/Parts/Electrical/z-100Battery/model
[LOG 23:14:55.120] Load MU model: Squad/Parts/Electrical/z-1kBattery/model
[LOG 23:14:55.120] Load MU model: Squad/Parts/Electrical/z-200Battery/model
[LOG 23:14:55.120] Load MU model: Squad/Parts/Electrical/z-400Battery/model
[LOG 23:14:55.120] Load MU model: Squad/Parts/Electrical/z-4kBattery/model
[LOG 23:14:55.121] Load MU model: Squad/Parts/Engine/ionEngine/model
[LOG 23:14:55.121] Load MU model: Squad/Parts/Engine/jetEngines/turbineInside
[LOG 23:14:55.121] Load MU model: Squad/Parts/Engine/jetEngines/turboFanSize1
[LOG 23:14:55.122] Load MU model: Squad/Parts/Engine/jetEngines/turboFanSize2
[LOG 23:14:55.123] Load MU model: Squad/Parts/Engine/jetEngines/turboJet
[LOG 23:14:55.126] Load MU model: Squad/Parts/Engine/jetEngines/turboRamJet
[LOG 23:14:55.126] Load MU model: Squad/Parts/Engine/liquidEngine24-77/model
[LOG 23:14:55.127] Load MU model: Squad/Parts/Engine/liquidEngine24-77_v2/Twitch_v2
[LOG 23:14:55.128] Load MU model: Squad/Parts/Engine/liquidEngine48-7S_v2/SparkV2
[LOG 23:14:55.130] Load MU model: Squad/Parts/Engine/liquidEngineAerospike/AeroSpike
[LOG 23:14:55.131] Load MU model: Squad/Parts/Engine/liquidEngineLV-1_v2/Assets/Ant
[LOG 23:14:55.132] Load MU model: Squad/Parts/Engine/liquidEngineLV-1_v2/Assets/Spider
[LOG 23:14:55.133] Load MU model: Squad/Parts/Engine/liquidEngineLV-909_v2/TerrierV2
[LOG 23:14:55.139] Load MU model: Squad/Parts/Engine/liquidEngineLV-N/model
[LOG 23:14:55.140] Load MU model: Squad/Parts/Engine/liquidEngineLV-T30/model
[LOG 23:14:55.141] Load MU model: Squad/Parts/Engine/liquidEngineLV-T30_v2/Reliant_v2
[LOG 23:14:55.143] Load MU model: Squad/Parts/Engine/liquidEngineLV-T45/model
[LOG 23:14:55.145] Load MU model: Squad/Parts/Engine/liquidEngineLV-T45_v2/Swivel_v2
[LOG 23:14:55.146] Load MU model: Squad/Parts/Engine/liquidEngineMainsail_v2/liquidEngineMainsail_v2
[LOG 23:14:55.148] Load MU model: Squad/Parts/Engine/liquidEngineMk55/Thud
[LOG 23:14:55.148] Load MU model: Squad/Parts/Engine/liquidEnginePoodle_v2/LqdEnginePoodle_v2
[LOG 23:14:55.151] Load MU model: Squad/Parts/Engine/liquidEngineSkipper_v2/skipper_v2
[LOG 23:14:55.152] Load MU model: Squad/Parts/Engine/liquidEngineSSME/SSME
[LOG 23:14:55.153] Load MU model: Squad/Parts/Engine/MassiveSRB/MassiveSRB
[LOG 23:14:55.153] Load MU model: Squad/Parts/Engine/miniJet/SmallJet
[LOG 23:14:55.153] Load MU model: Squad/Parts/Engine/OMSEngine/Puff_v2
[LOG 23:14:55.153] Load MU model: Squad/Parts/Engine/rapierEngine/rapier
[LOG 23:14:55.154] Load MU model: Squad/Parts/Engine/Size1_SRBs/SRB10
[LOG 23:14:55.155] Load MU model: Squad/Parts/Engine/Size1_SRBs/SRB5
[LOG 23:14:55.156] Load MU model: Squad/Parts/Engine/Size2LFB/Size2LFB
[LOG 23:14:55.157] Load MU model: Squad/Parts/Engine/Size2LFB_v2/Size2LFB_v2
[LOG 23:14:55.158] Load MU model: Squad/Parts/Engine/Size3AdvancedEngine/Size3AdvancedEngine
[LOG 23:14:55.159] Load MU model: Squad/Parts/Engine/Size3EngineCluster/Size3EngineCluster
[LOG 23:14:55.161] Load MU model: Squad/Parts/Engine/solidBoosterBACC/model
[LOG 23:14:55.162] Load MU model: Squad/Parts/Engine/solidBoosterS2-17/solidBoosterS2-17
[LOG 23:14:55.163] Load MU model: Squad/Parts/Engine/solidBoosterS2-33/solidBoosterS2-33
[LOG 23:14:55.164] Load MU model: Squad/Parts/Engine/solidBoosterSep/model
[LOG 23:14:55.164] Load MU model: Squad/Parts/Engine/SolidBoostersF/Assets/SolidBoosterF3S0
[LOG 23:14:55.165] Load MU model: Squad/Parts/Engine/SolidBoostersF/Assets/SolidBoosterFM1
[LOG 23:14:55.165] Load MU model: Squad/Parts/FuelTank/adapterTanks/Mk3-Mk2
[LOG 23:14:55.165] Load MU model: Squad/Parts/FuelTank/adapterTanks/Mk3-Size2
[LOG 23:14:55.166] Load MU model: Squad/Parts/FuelTank/adapterTanks/Mk3-Size2Slant
[LOG 23:14:55.166] Load MU model: Squad/Parts/FuelTank/adapterTanks/ShuttleAdapter
[LOG 23:14:55.166] Load MU model: Squad/Parts/FuelTank/adapterTanks/Size2-Mk2
[LOG 23:14:55.167] Load MU model: Squad/Parts/FuelTank/adapterTanks/Size2-Size1
[LOG 23:14:55.167] Load MU model: Squad/Parts/FuelTank/adapterTanks/Size2-Size1Slant
[LOG 23:14:55.167] Load MU model: Squad/Parts/FuelTank/adapterTanks/Size3-Mk3
[LOG 23:14:55.167] Load MU model: Squad/Parts/FuelTank/drainTankFTE-1/fuelValve
[LOG 23:14:55.168] Load MU model: Squad/Parts/FuelTank/FoilTanks/RadialTank_Capsule
[LOG 23:14:55.168] Load MU model: Squad/Parts/FuelTank/FoilTanks/RadialTank_Round
[LOG 23:14:55.168] Load MU model: Squad/Parts/FuelTank/FoilTanks/ToroidTank
[LOG 23:14:55.169] Load MU model: Squad/Parts/FuelTank/fuelTankOscarB/model
[LOG 23:14:55.169] Load MU model: Squad/Parts/FuelTank/miniFuselage/Fuselage
[LOG 23:14:55.169] Load MU model: Squad/Parts/FuelTank/mk2Adapters/bicoupler
[LOG 23:14:55.170] Load MU model: Squad/Parts/FuelTank/mk2Adapters/long
[LOG 23:14:55.170] Load MU model: Squad/Parts/FuelTank/mk2Adapters/standard
[LOG 23:14:55.170] Load MU model: Squad/Parts/FuelTank/mk2FuselageLong/FuselageLongLFO
[LOG 23:14:55.170] Load MU model: Squad/Parts/FuelTank/mk2FuselageLong/FuselageLongLiquid
[LOG 23:14:55.171] Load MU model: Squad/Parts/FuelTank/mk2FuselageShort/FuselageShortLFO
[LOG 23:14:55.171] Load MU model: Squad/Parts/FuelTank/mk2FuselageShort/FuselageShortLiquid
[LOG 23:14:55.171] Load MU model: Squad/Parts/FuelTank/mk2FuselageShort/FuselageShortMono
[LOG 23:14:55.171] Load MU model: Squad/Parts/FuelTank/mk3Fuselage/CREW
[LOG 23:14:55.172] Load MU model: Squad/Parts/FuelTank/mk3Fuselage/LFO_100
[LOG 23:14:55.173] Load MU model: Squad/Parts/FuelTank/mk3Fuselage/LFO_25
[LOG 23:14:55.173] Load MU model: Squad/Parts/FuelTank/mk3Fuselage/LFO_50
[LOG 23:14:55.173] Load MU model: Squad/Parts/FuelTank/mk3Fuselage/LF_100
[LOG 23:14:55.174] Load MU model: Squad/Parts/FuelTank/mk3Fuselage/LF_25
[LOG 23:14:55.174] Load MU model: Squad/Parts/FuelTank/mk3Fuselage/LF_50
[LOG 23:14:55.174] Load MU model: Squad/Parts/FuelTank/mk3Fuselage/MONO
[LOG 23:14:55.174] Load MU model: Squad/Parts/FuelTank/RCSFuelTankR1/RCSFuelTankR1_01
[LOG 23:14:55.175] Load MU model: Squad/Parts/FuelTank/RCSFuelTankR10/model
[LOG 23:14:55.175] Load MU model: Squad/Parts/FuelTank/RCSFuelTankR25/RCSFuelTankR25
[LOG 23:14:55.175] Load MU model: Squad/Parts/FuelTank/RCSTankRadial/model
[LOG 23:14:55.175] Load MU model: Squad/Parts/FuelTank/RCStankRadialLong/model
[LOG 23:14:55.176] Load MU model: Squad/Parts/FuelTank/RockomaxTanks/Assets/Rockomax16
[LOG 23:14:55.176] Load MU model: Squad/Parts/FuelTank/RockomaxTanks/Assets/Rockomax32
[LOG 23:14:55.176] Load MU model: Squad/Parts/FuelTank/RockomaxTanks/Assets/Rockomax64
[LOG 23:14:55.177] Load MU model: Squad/Parts/FuelTank/RockomaxTanks/Assets/Rockomax8
[LOG 23:14:55.177] Load MU model: Squad/Parts/FuelTank/Size1_Tanks/Size1Tank_01
[LOG 23:14:55.177] Load MU model: Squad/Parts/FuelTank/Size1_Tanks/Size1Tank_02
[LOG 23:14:55.178] Load MU model: Squad/Parts/FuelTank/Size1_Tanks/Size1Tank_03
[LOG 23:14:55.178] Load MU model: Squad/Parts/FuelTank/Size1_Tanks/Size1Tank_04
[LOG 23:14:55.178] Load MU model: Squad/Parts/FuelTank/Size3Tanks/Size3LargeTank
[LOG 23:14:55.178] Load MU model: Squad/Parts/FuelTank/Size3Tanks/Size3MediumTank
[LOG 23:14:55.179] Load MU model: Squad/Parts/FuelTank/Size3Tanks/Size3SmallTank
[LOG 23:14:55.179] Load MU model: Squad/Parts/FuelTank/xenonTank/model
[LOG 23:14:55.179] Load MU model: Squad/Parts/FuelTank/xenonTankLarge/model
[LOG 23:14:55.180] Load MU model: Squad/Parts/FuelTank/xenonTankRadial/model
[LOG 23:14:55.180] Load MU model: Squad/Parts/Misc/AsteroidDay/CamSat
[LOG 23:14:55.180] Load MU model: Squad/Parts/Misc/AsteroidDay/HECS2
[LOG 23:14:55.180] Load MU model: Squad/Parts/Misc/AsteroidDay/HighGainAntenna
[LOG 23:14:55.182] Load MU model: Squad/Parts/Misc/AsteroidDay/LgRadialSolar
[LOG 23:14:55.182] Load MU model: Squad/Parts/Misc/PotatoComet/Cube
[LOG 23:14:55.182] Load MU model: Squad/Parts/Misc/PotatoRoid/Cube
[LOG 23:14:55.182] Load MU model: Squad/Parts/Resources/FuelCell/FuelCell
[LOG 23:14:55.182] Load MU model: Squad/Parts/Resources/FuelCell/FuelCellArray
[LOG 23:14:55.183] Load MU model: Squad/Parts/Resources/ISRU/ISRU
[LOG 23:14:55.184] Load MU model: Squad/Parts/Resources/LargeTank/LargeTank
[LOG 23:14:55.184] Load MU model: Squad/Parts/Resources/MiniDrill/MiniDrill
[LOG 23:14:55.185] Load MU model: Squad/Parts/Resources/MiniISRU/MiniISRU
[LOG 23:14:55.186] Load MU model: Squad/Parts/Resources/OrbitalScanner/OrbitalScanner
[LOG 23:14:55.186] Load MU model: Squad/Parts/Resources/RadialDrill/TriBitDrill
[LOG 23:14:55.190] Load MU model: Squad/Parts/Resources/RadialTank/RadialOreTank
[LOG 23:14:55.191] Load MU model: Squad/Parts/Resources/SmallTank/SmallTank
[LOG 23:14:55.191] Load MU model: Squad/Parts/Resources/SurfaceScanner/SurfaceScanner
[LOG 23:14:55.191] Load MU model: Squad/Parts/Resources/SurveyScanner/SurveyScanner
[LOG 23:14:55.192] Load MU model: Squad/Parts/Science/AtmosphereSensor/model
[LOG 23:14:55.192] Load MU model: Squad/Parts/Science/GooExperiment/GooExperiment
[LOG 23:14:55.193] Load MU model: Squad/Parts/Science/LargeCrewedLab/large_crewed_lab
[LOG 23:14:55.195] Load MU model: Squad/Parts/Science/Magnetometer/Magnetometer
[LOG 23:14:55.200] Load MU model: Squad/Parts/Science/MaterialBay/science_module_small
[LOG 23:14:55.201] Load MU model: Squad/Parts/Science/ScienceBox/ScienceBox
[LOG 23:14:55.202] Load MU model: Squad/Parts/Science/sensorAccelerometer/model
[LOG 23:14:55.202] Load MU model: Squad/Parts/Science/sensorBarometer/model
[LOG 23:14:55.202] Load MU model: Squad/Parts/Science/sensorGravimeter/model
[LOG 23:14:55.202] Load MU model: Squad/Parts/Science/sensorThermometer/model
[LOG 23:14:55.202] Load MU model: Squad/Parts/Structural/FLAdapters/Assets/adapterSmallMiniShort_v2
[LOG 23:14:55.202] Load MU model: Squad/Parts/Structural/FLAdapters/Assets/adapterSmallMiniTall_v2
[LOG 23:14:55.203] Load MU model: Squad/Parts/Structural/mk1Parts/Fuselage
[LOG 23:14:55.203] Load MU model: Squad/Parts/Structural/mk1Parts/IntakeFuselage
[LOG 23:14:55.203] Load MU model: Squad/Parts/Structural/mk1Parts/Nacelle1
[LOG 23:14:55.204] Load MU model: Squad/Parts/Structural/mk1Parts/Nacelle2
[LOG 23:14:55.204] Load MU model: Squad/Parts/Structural/mk1Parts/Structural
[LOG 23:14:55.204] Load MU model: Squad/Parts/Structural/mk1Parts/StructuralHollow
[LOG 23:14:55.204] Load MU model: Squad/Parts/Structural/Size3To2Adapter_v2/Size2to3_v2
[LOG 23:14:55.205] Load MU model: Squad/Parts/Structural/stackAdapters/Assets/adapterLargeSmallBi
[LOG 23:14:55.205] Load MU model: Squad/Parts/Structural/stackAdapters/Assets/adapterLargeSmallQuad
[LOG 23:14:55.205] Load MU model: Squad/Parts/Structural/stackAdapters/Assets/adapterLargeSmallTri
[LOG 23:14:55.206] Load MU model: Squad/Parts/Structural/stationHub/model
[LOG 23:14:55.206] Load MU model: Squad/Parts/Structural/structuralIBeam200/model
[LOG 23:14:55.206] Load MU model: Squad/Parts/Structural/structuralIBeam200Pocket/model
[LOG 23:14:55.207] Load MU model: Squad/Parts/Structural/structuralIBeam650/model
[LOG 23:14:55.207] Load MU model: Squad/Parts/Structural/structuralMicronode/model
[LOG 23:14:55.207] Load MU model: Squad/Parts/Structural/structuralPanel1x1/model
[LOG 23:14:55.207] Load MU model: Squad/Parts/Structural/structuralPanel2x2/model
[LOG 23:14:55.208] Load MU model: Squad/Parts/Structural/structuralPylons/PylonBig
[LOG 23:14:55.208] Load MU model: Squad/Parts/Structural/structuralPylons/PylonSmall
[LOG 23:14:55.208] Load MU model: Squad/Parts/Structural/strutCubicOcto/model
[LOG 23:14:55.208] Load MU model: Squad/Parts/Structural/strutOcto/model
[LOG 23:14:55.208] Load MU model: Squad/Parts/Structural/trussGirderAdapter/model
[LOG 23:14:55.209] Load MU model: Squad/Parts/Structural/trussGirderL/model
[LOG 23:14:55.209] Load MU model: Squad/Parts/Structural/trussGirderXL/model
[LOG 23:14:55.209] Load MU model: Squad/Parts/Thermal/FoldingRadiators/foldingRadLarge
[LOG 23:14:55.215] Load MU model: Squad/Parts/Thermal/FoldingRadiators/foldingRadMed
[LOG 23:14:55.217] Load MU model: Squad/Parts/Thermal/FoldingRadiators/foldingRadSmall
[LOG 23:14:55.219] Load MU model: Squad/Parts/Thermal/RadiatorPanels/radPanelEdge
[LOG 23:14:55.219] Load MU model: Squad/Parts/Thermal/RadiatorPanels/radPanelLg
[LOG 23:14:55.219] Load MU model: Squad/Parts/Thermal/RadiatorPanels/radPanelSm
[LOG 23:14:55.220] Load MU model: Squad/Parts/Utility/commDish88-88/model
[LOG 23:14:55.226] Load MU model: Squad/Parts/Utility/commsAntennaDTS-M1/mediumDishAntenna
[LOG 23:14:55.227] Load MU model: Squad/Parts/Utility/commsDish16/model
[LOG 23:14:55.227] Load MU model: Squad/Parts/Utility/decouplerRadialHDM/model
[LOG 23:14:55.228] Load MU model: Squad/Parts/Utility/decouplerRadialTT-38K/model
[LOG 23:14:55.228] Load MU model: Squad/Parts/Utility/decouplerRadialTT-70/model
[LOG 23:14:55.228] Load MU model: Squad/Parts/Utility/DirectAntennas/HGAntenna
[LOG 23:14:55.230] Load MU model: Squad/Parts/Utility/DirectAntennas/HGAntenna_v2
[LOG 23:14:55.232] Load MU model: Squad/Parts/Utility/DirectAntennas/SurfAntenna
[LOG 23:14:55.232] Load MU model: Squad/Parts/Utility/dockingPort/dockingPort
[LOG 23:14:55.233] Load MU model: Squad/Parts/Utility/dockingPortInline/dockingPortInline
[LOG 23:14:55.234] Load MU model: Squad/Parts/Utility/dockingPortJr/dockingPortJr
[LOG 23:14:55.234] Load MU model: Squad/Parts/Utility/dockingPortShielded/dockingPortShielded
[LOG 23:14:55.235] Load MU model: Squad/Parts/Utility/dockingPortSr/dockingPortSr
[LOG 23:14:55.236] Load MU model: Squad/Parts/Utility/Fireworks/Assets/fireworksLauncherBig
[LOG 23:14:55.236] Load MU model: Squad/Parts/Utility/Fireworks/Assets/fireworksLauncherSmall
[LOG 23:14:55.236] Load MU model: Squad/Parts/Utility/flags/flagFlat/flagFlatMeshes
[LOG 23:14:55.240] Load MU model: Squad/Parts/Utility/flags/flagSize0/flagSize0Meshes
[LOG 23:14:55.241] Load MU model: Squad/Parts/Utility/flags/flagSize1/flagSize1Meshes
[LOG 23:14:55.242] Load MU model: Squad/Parts/Utility/flags/flagSize2/flagSize2Meshes
[LOG 23:14:55.243] Load MU model: Squad/Parts/Utility/flags/flagSize3/flagSize3Meshes
[LOG 23:14:55.245] Load MU model: Squad/Parts/Utility/GrapplingDevice/GrapplingArm
[LOG 23:14:55.250] Load MU model: Squad/Parts/Utility/ladderRadial/model
[LOG 23:14:55.250] Load MU model: Squad/Parts/Utility/ladderTelescopic/model
[LOG 23:14:55.252] Load MU model: Squad/Parts/Utility/ladderTelescopicBay/model
[LOG 23:14:55.254] Load MU model: Squad/Parts/Utility/landingLegLT-1/model
[LOG 23:14:55.255] Load MU model: Squad/Parts/Utility/landingLegLT-2/model
[LOG 23:14:55.255] Load MU model: Squad/Parts/Utility/landingLegLT-5/model
[WRN 23:14:55.258] WheelCollider requires an attached Rigidbody to function.
[WRN 23:14:55.258] WheelCollider requires an attached Rigidbody to function.
[LOG 23:14:55.258] Load MU model: Squad/Parts/Utility/launchClamp1/model
[LOG 23:14:55.259] Load MU model: Squad/Parts/Utility/launchEscapeSystem/LaunchEscapeSystem
[LOG 23:14:55.260] Load MU model: Squad/Parts/Utility/Lights/Assets/light_02
[LOG 23:14:55.260] Load MU model: Squad/Parts/Utility/Lights/Assets/light_03
[LOG 23:14:55.260] Load MU model: Squad/Parts/Utility/Lights/Assets/light_04
[LOG 23:14:55.261] Load MU model: Squad/Parts/Utility/Lights/Assets/light_07
[LOG 23:14:55.261] Load MU model: Squad/Parts/Utility/Lights/Assets/light_08
[LOG 23:14:55.262] Load MU model: Squad/Parts/Utility/Lights/Assets/light_12
[LOG 23:14:55.263] Load MU model: Squad/Parts/Utility/linearVernorRCS/Assets/linearRCS
[LOG 23:14:55.264] Load MU model: Squad/Parts/Utility/linearVernorRCS/Assets/vernorEngine
[LOG 23:14:55.264] Load MU model: Squad/Parts/Utility/mk2CargoBay/BayLarge
[LOG 23:14:55.265] Load MU model: Squad/Parts/Utility/mk2CargoBay/BaySmall
[LOG 23:14:55.266] Load MU model: Squad/Parts/Utility/mk2CrewCabin/model
[LOG 23:14:55.266] Load MU model: Squad/Parts/Utility/mk2DockingPort/mk2Dockingport
[LOG 23:14:55.267] Load MU model: Squad/Parts/Utility/mk3CargoBay/long
[LOG 23:14:55.267] Load MU model: Squad/Parts/Utility/mk3CargoBay/medium
[LOG 23:14:55.268] Load MU model: Squad/Parts/Utility/mk3CargoBay/ramp
[LOG 23:14:55.269] Load MU model: Squad/Parts/Utility/mk3CargoBay/short
[LOG 23:14:55.270] Load MU model: Squad/Parts/Utility/parachuteMk1/model
[LOG 23:14:55.271] Load MU model: Squad/Parts/Utility/parachuteMk12-R/model
[LOG 23:14:55.271] Load MU model: Squad/Parts/Utility/parachuteMk16-XL/model
[LOG 23:14:55.272] Load MU model: Squad/Parts/Utility/parachuteMk2-R/model
[LOG 23:14:55.272] Load MU model: Squad/Parts/Utility/parachuteMk25/model
[LOG 23:14:55.273] Load MU model: Squad/Parts/Utility/radialAttachmentPoint/model
[LOG 23:14:55.273] Load MU model: Squad/Parts/Utility/rcsBlockRV-105_v2/rcsBlock105
[LOG 23:14:55.274] Load MU model: Squad/Parts/Utility/rcsSmallLinear/Assets/RCSLinearSmall
[LOG 23:14:55.275] Load MU model: Squad/Parts/Utility/RelayAntennas/HGAntenna
[LOG 23:14:55.276] Load MU model: Squad/Parts/Utility/RelayAntennas/RA-100
[LOG 23:14:55.276] Load MU model: Squad/Parts/Utility/RelayAntennas/RA-5
[LOG 23:14:55.276] Load MU model: Squad/Parts/Utility/RelayAntennas/RA-50
[LOG 23:14:55.276] Load MU model: Squad/Parts/Utility/rockomaxAdapters/Assets/brandAdapter
[LOG 23:14:55.277] Load MU model: Squad/Parts/Utility/rockomaxAdapters/Assets/brandAdapter02
[LOG 23:14:55.277] Load MU model: Squad/Parts/Utility/ServiceBay_v2/Assets/ServiceBay_125_v2
[LOG 23:14:55.279] Load MU model: Squad/Parts/Utility/ServiceBay_v2/Assets/ServiceBay_250_v2
[LOG 23:14:55.282] Load MU model: Squad/Parts/Utility/smallClaw/smallClaw
[LOG 23:14:55.289] Load MU model: Squad/Parts/Utility/spotLightMk1/model
[LOG 23:14:55.289] Load MU model: Squad/Parts/Utility/spotLightMk1_v2/model
[LOG 23:14:55.290] Load MU model: Squad/Parts/Utility/spotLightMk2/model
[LOG 23:14:55.290] Load MU model: Squad/Parts/Utility/spotLightMk2_v2/model
[LOG 23:14:55.291] Load MU model: Squad/Parts/Utility/stackCouplers/Assets/stackBiCoupler_v2
[LOG 23:14:55.292] Load MU model: Squad/Parts/Utility/stackCouplers/Assets/stackQuadCoupler
[LOG 23:14:55.292] Load MU model: Squad/Parts/Utility/stackCouplers/Assets/stackTriCoupler_v2
[LOG 23:14:55.292] Load MU model: Squad/Parts/Wheel/LandingGear/GearExtraLarge
[WRN 23:14:55.294] WheelCollider requires an attached Rigidbody to function.
[WRN 23:14:55.294] WheelCollider requires an attached Rigidbody to function.
[LOG 23:14:55.295] Load MU model: Squad/Parts/Wheel/LandingGear/GearFixed
[WRN 23:14:55.295] WheelCollider requires an attached Rigidbody to function.
[WRN 23:14:55.295] WheelCollider requires an attached Rigidbody to function.
[LOG 23:14:55.296] Load MU model: Squad/Parts/Wheel/LandingGear/GearFree
[WRN 23:14:55.296] WheelCollider requires an attached Rigidbody to function.
[WRN 23:14:55.296] WheelCollider requires an attached Rigidbody to function.
[LOG 23:14:55.296] Load MU model: Squad/Parts/Wheel/LandingGear/GearLarge
[WRN 23:14:55.296] WheelCollider requires an attached Rigidbody to function.
[WRN 23:14:55.296] WheelCollider requires an attached Rigidbody to function.
[LOG 23:14:55.298] Load MU model: Squad/Parts/Wheel/LandingGear/GearMedium
[WRN 23:14:55.299] WheelCollider requires an attached Rigidbody to function.
[WRN 23:14:55.299] WheelCollider requires an attached Rigidbody to function.
[LOG 23:14:55.300] Load MU model: Squad/Parts/Wheel/LandingGear/GearSmall
[WRN 23:14:55.300] WheelCollider requires an attached Rigidbody to function.
[WRN 23:14:55.300] WheelCollider requires an attached Rigidbody to function.
[LOG 23:14:55.300] Load MU model: Squad/Parts/Wheel/roverWheelM1/model
[WRN 23:14:55.301] WheelCollider requires an attached Rigidbody to function.
[WRN 23:14:55.301] WheelCollider requires an attached Rigidbody to function.
[LOG 23:14:55.301] Load MU model: Squad/Parts/Wheel/roverWheelS2/model
[WRN 23:14:55.301] WheelCollider requires an attached Rigidbody to function.
[WRN 23:14:55.301] WheelCollider requires an attached Rigidbody to function.
[LOG 23:14:55.302] Load MU model: Squad/Parts/Wheel/roverWheelTR-2L/model
[WRN 23:14:55.302] WheelCollider requires an attached Rigidbody to function.
[WRN 23:14:55.302] WheelCollider requires an attached Rigidbody to function.
[LOG 23:14:55.302] Load MU model: Squad/Parts/Wheel/roverWheelXL3/model
[WRN 23:14:55.304] WheelCollider requires an attached Rigidbody to function.
[WRN 23:14:55.304] WheelCollider requires an attached Rigidbody to function.
[LOG 23:14:55.304] Load MU model: Squad/Props/AltimeterThreeHands/model
[LOG 23:14:55.304] Load MU model: Squad/Props/AtmosphereDepth/model
[LOG 23:14:55.304] Load MU model: Squad/Props/AxisIndicator/model
[LOG 23:14:55.304] Load MU model: Squad/Props/buttonsGeneric/circularButton
[LOG 23:14:55.304] Load MU model: Squad/Props/buttonsGeneric/clusterButtons
[LOG 23:14:55.305] Load MU model: Squad/Props/buttonsGeneric/clusterButtons2
[LOG 23:14:55.305] Load MU model: Squad/Props/buttonsGeneric/clusterKnob
[LOG 23:14:55.305] Load MU model: Squad/Props/buttonsGeneric/clusterKnob2
[LOG 23:14:55.305] Load MU model: Squad/Props/buttonsGeneric/clusterMixed
[LOG 23:14:55.305] Load MU model: Squad/Props/buttonsGeneric/clusterSwitches01
[LOG 23:14:55.306] Load MU model: Squad/Props/buttonsGeneric/clusterSwitches02
[LOG 23:14:55.306] Load MU model: Squad/Props/buttonsGeneric/clusterSwitches03
[LOG 23:14:55.307] Load MU model: Squad/Props/buttonsGeneric/clusterSwitches04
[LOG 23:14:55.307] Load MU model: Squad/Props/buttonsGeneric/clusterSwitches05
[LOG 23:14:55.307] Load MU model: Squad/Props/buttonsGeneric/clusterSwitches06
[LOG 23:14:55.307] Load MU model: Squad/Props/buttonsGeneric/clusterSwitches07
[LOG 23:14:55.308] Load MU model: Squad/Props/buttonsGeneric/directionalKnob
[LOG 23:14:55.308] Load MU model: Squad/Props/buttonsGeneric/directionalKnob2
[LOG 23:14:55.308] Load MU model: Squad/Props/buttonsGeneric/pullSwitch
[LOG 23:14:55.308] Load MU model: Squad/Props/buttonsGeneric/squareButton
[LOG 23:14:55.308] Load MU model: Squad/Props/buttonsGeneric/standingSwitch
[LOG 23:14:55.308] Load MU model: Squad/Props/buttonsGeneric/switch
[LOG 23:14:55.308] Load MU model: Squad/Props/buttonsGeneric/switchWithGuards
[LOG 23:14:55.309] Load MU model: Squad/Props/ButtonSquare/model
[LOG 23:14:55.309] Load MU model: Squad/Props/circularButton/model
[LOG 23:14:55.309] Load MU model: Squad/Props/Compass/model
[LOG 23:14:55.309] Load MU model: Squad/Props/directionalKnob/model
[LOG 23:14:55.309] Load MU model: Squad/Props/directionalKnob2/model
[LOG 23:14:55.309] Load MU model: Squad/Props/IndicatorPanel/model
[LOG 23:14:55.310] Load MU model: Squad/Props/IVANavBall/model
[LOG 23:14:55.311] Load MU model: Squad/Props/IVANavBallNoBase/model
[LOG 23:14:55.311] Load MU model: Squad/Props/ledPanelSpeed/model
[LOG 23:14:55.311] Load MU model: Squad/Props/Monitor/MonitorDockingMode
[LOG 23:14:55.312] Load MU model: Squad/Props/NavBall/model
[LOG 23:14:55.312] Load MU model: Squad/Props/PropsGeneric/Button_DockingMode
[LOG 23:14:55.312] Load MU model: Squad/Props/PropsGeneric/CargoBagA
[LOG 23:14:55.315] Load MU model: Squad/Props/PropsGeneric/CargoBagB
[LOG 23:14:55.315] Load MU model: Squad/Props/PropsGeneric/CargoBagC
[LOG 23:14:55.315] Load MU model: Squad/Props/PropsGeneric/Hatch_Plane
[LOG 23:14:55.315] Load MU model: Squad/Props/PropsGeneric/Hatch_Plane_Curve90
[LOG 23:14:55.315] Load MU model: Squad/Props/PropsGeneric/Hatch_Plane_Frame
[LOG 23:14:55.315] Load MU model: Squad/Props/PropsGeneric/Seat_Passenger
[LOG 23:14:55.315] Load MU model: Squad/Props/PropsGeneric/Seat_Pilot
[LOG 23:14:55.316] Load MU model: Squad/Props/PropsGeneric/Seat_Pilot_Helmet
[LOG 23:14:55.316] Load MU model: Squad/Props/PropsGeneric/SideStick
[LOG 23:14:55.316] Load MU model: Squad/Props/pullSwitch/model
[LOG 23:14:55.316] Load MU model: Squad/Props/radarAltitude/model
[LOG 23:14:55.316] Load MU model: Squad/Props/squareButton/model
[LOG 23:14:55.316] Load MU model: Squad/Props/standingSwitch/model
[LOG 23:14:55.316] Load MU model: Squad/Props/switch/model
[LOG 23:14:55.317] Load MU model: Squad/Props/switchGuard/model
[LOG 23:14:55.317] Load MU model: Squad/Props/switchWithGuards/model
[LOG 23:14:55.317] Load MU model: Squad/Props/throttle/model
[LOG 23:14:55.317] Load MU model: Squad/Props/VSI/model
[LOG 23:14:55.317] Load MU model: Squad/Spaces/crewCabinInternals/model
[LOG 23:14:55.319] Load MU model: Squad/Spaces/cupolaInternal/model
[LOG 23:14:55.320] Load MU model: Squad/Spaces/GenericSpace1/model
[LOG 23:14:55.322] Load MU model: Squad/Spaces/GenericSpace3/model
[LOG 23:14:55.324] Load MU model: Squad/Spaces/landerCabinInternals/model
[LOG 23:14:55.325] Load MU model: Squad/Spaces/landerCabinSmallInternal/model
[LOG 23:14:55.326] Load MU model: Squad/Spaces/LargeCrewedLabInternals/Large_Crewed_lab_Int
[LOG 23:14:55.328] Load MU model: Squad/Spaces/Mk1-3/model
[LOG 23:14:55.332] Load MU model: Squad/Spaces/mk1CabinInternal/mk1cabin
[LOG 23:14:55.335] Load MU model: Squad/Spaces/mk1CockpitInternal/Mk1StandardIVA
[LOG 23:14:55.337] Load MU model: Squad/Spaces/mk1InlineInternal/Mk1InlineIVA
[LOG 23:14:55.338] Load MU model: Squad/Spaces/mk1PodCockpit/model
[LOG 23:14:55.340] Load MU model: Squad/Spaces/mk1pod_IVA/mk1pod_IVA
[LOG 23:14:55.341] Load MU model: Squad/Spaces/mk2CockpitStandardInternal/model
[LOG 23:14:55.342] Load MU model: Squad/Spaces/Mk2CrewCabinInternal/MK2_CrewCab_Int
[LOG 23:14:55.344] Load MU model: Squad/Spaces/mk2InlineInternal/mk2InlineIVA
[LOG 23:14:55.345] Load MU model: Squad/Spaces/mk2LanderCanInternal/mk2LanderCanInternal
[LOG 23:14:55.347] Load MU model: Squad/Spaces/MK3CockpitInternal/MK3_Cockpit_Int
[LOG 23:14:55.348] Load MU model: Squad/Spaces/MK3_CrewCab_Int/MK3_CrewCab_Int
[LOG 23:14:55.351] Load MU model: Squad/Spaces/OverlayMasks/CupolaMask
[LOG 23:14:55.351] Load MU model: Squad/Spaces/OverlayMasks/HitchhikerBorder
[LOG 23:14:55.352] Load MU model: Squad/Spaces/OverlayMasks/HitchhikerMask
[LOG 23:14:55.352] Load MU model: Squad/Spaces/OverlayMasks/LargeLabBorder
[LOG 23:14:55.352] Load MU model: Squad/Spaces/OverlayMasks/LargeLabMask
[LOG 23:14:55.352] Load MU model: Squad/Spaces/OverlayMasks/Mk1CabinBorder
[LOG 23:14:55.352] Load MU model: Squad/Spaces/OverlayMasks/Mk1CabinMask
[LOG 23:14:55.352] Load MU model: Squad/Spaces/OverlayMasks/Mk1InlineMask
[LOG 23:14:55.353] Load MU model: Squad/Spaces/OverlayMasks/Mk1InlineMask2
[LOG 23:14:55.353] Load MU model: Squad/Spaces/OverlayMasks/Mk1StandardBorder2
[LOG 23:14:55.353] Load MU model: Squad/Spaces/OverlayMasks/Mk1StandardBorder3
[LOG 23:14:55.353] Load MU model: Squad/Spaces/OverlayMasks/Mk1StandardMask
[LOG 23:14:55.353] Load MU model: Squad/Spaces/OverlayMasks/Mk1StandardMask2
[LOG 23:14:55.353] Load MU model: Squad/Spaces/OverlayMasks/Mk1StandardMask3
[LOG 23:14:55.353] Load MU model: Squad/Spaces/OverlayMasks/Mk2CabinBorder
[LOG 23:14:55.353] Load MU model: Squad/Spaces/OverlayMasks/Mk2CabinMask
[LOG 23:14:55.353] Load MU model: Squad/Spaces/OverlayMasks/Mk2InlineBorder
[LOG 23:14:55.353] Load MU model: Squad/Spaces/OverlayMasks/Mk2InlineMask
[LOG 23:14:55.354] Load MU model: Squad/Spaces/OverlayMasks/Mk2StandardBorder
[LOG 23:14:55.354] Load MU model: Squad/Spaces/OverlayMasks/Mk2StandardMask
[LOG 23:14:55.354] Load MU model: Squad/Spaces/OverlayMasks/Mk3CabinBorder
[LOG 23:14:55.354] Load MU model: Squad/Spaces/OverlayMasks/Mk3CabinMask
[LOG 23:14:55.354] Load MU model: Squad/Spaces/OverlayMasks/Mk3CabinMask2
[LOG 23:14:55.354] Load MU model: Squad/Spaces/OverlayMasks/Mk3ShuttleBorder
[LOG 23:14:55.354] Load MU model: Squad/Spaces/OverlayMasks/Mk3ShuttleMask
[LOG 23:14:55.354] Load MU model: Squad/Spaces/OverlayMasks/Size1LanderBorder
[LOG 23:14:55.354] Load MU model: Squad/Spaces/OverlayMasks/Size1LanderMask
[LOG 23:14:55.355] Load MU model: Squad/Spaces/OverlayMasks/Size1PodBorder
[LOG 23:14:55.355] Load MU model: Squad/Spaces/OverlayMasks/Size1PodMask
[LOG 23:14:55.355] Load MU model: Squad/Spaces/OverlayMasks/Size2LanderBorder
[LOG 23:14:55.355] Load MU model: Squad/Spaces/OverlayMasks/Size2LanderMask
[LOG 23:14:55.355] Load MU model: Squad/Spaces/OverlayMasks/Size2PodBorder
[LOG 23:14:55.355] Load MU model: Squad/Spaces/OverlayMasks/Size2PodMask
[LOG 23:14:55.355] Load MU model: Squad/Spaces/Placeholder/PlaceholderIVA
[LOG 23:14:55.356] Load MU model: Squad/Spaces/PodCockpit/model
[LOG 23:14:55.358] Load MU model: SquadExpansion/MakingHistory/Parts/Aero/protectiveRocketNoseMk5A/Size_1_5_Cone
[LOG 23:14:55.359] Load MU model: SquadExpansion/MakingHistory/Parts/Coupling/Assets/EnginePlate
[LOG 23:14:55.360] Load MU model: SquadExpansion/MakingHistory/Parts/Coupling/Assets/InflatableAirlock
[LOG 23:14:55.360] Load MU model: SquadExpansion/MakingHistory/Parts/Coupling/Assets/Size1_5_Decoupler
[LOG 23:14:55.360] Load MU model: SquadExpansion/MakingHistory/Parts/Engine/Assets/KE-1
[LOG 23:14:55.366] Load MU model: SquadExpansion/MakingHistory/Parts/Engine/Assets/LV-T87
[LOG 23:14:55.369] Load MU model: SquadExpansion/MakingHistory/Parts/Engine/Assets/LV-T91
[LOG 23:14:55.370] Load MU model: SquadExpansion/MakingHistory/Parts/Engine/Assets/RE-I2
[LOG 23:14:55.373] Load MU model: SquadExpansion/MakingHistory/Parts/Engine/Assets/RE-J10
[LOG 23:14:55.374] Load MU model: SquadExpansion/MakingHistory/Parts/Engine/Assets/RK-7
[LOG 23:14:55.377] Load MU model: SquadExpansion/MakingHistory/Parts/Engine/Assets/RV-1
[LOG 23:14:55.378] Load MU model: SquadExpansion/MakingHistory/Parts/Engine/solidBoosterTHK/solidBoosterTHK
[LOG 23:14:55.379] Load MU model: SquadExpansion/MakingHistory/Parts/FuelTank/Assets/MiniMonoTank
[LOG 23:14:55.379] Load MU model: SquadExpansion/MakingHistory/Parts/FuelTank/Assets/Size1_5_Size0_Adapter_01
[LOG 23:14:55.379] Load MU model: SquadExpansion/MakingHistory/Parts/FuelTank/Assets/Size1_5_Size1_Adapter_01
[LOG 23:14:55.379] Load MU model: SquadExpansion/MakingHistory/Parts/FuelTank/Assets/Size1_5_Size1_Adapter_02
[LOG 23:14:55.380] Load MU model: SquadExpansion/MakingHistory/Parts/FuelTank/Assets/Size1_5_Size2_Adapter_01
[LOG 23:14:55.380] Load MU model: SquadExpansion/MakingHistory/Parts/FuelTank/Assets/Size1_5_Tank_01
[LOG 23:14:55.380] Load MU model: SquadExpansion/MakingHistory/Parts/FuelTank/Assets/Size1_5_Tank_02
[LOG 23:14:55.381] Load MU model: SquadExpansion/MakingHistory/Parts/FuelTank/Assets/Size1_5_Tank_03
[LOG 23:14:55.381] Load MU model: SquadExpansion/MakingHistory/Parts/FuelTank/Assets/Size1_5_Tank_04
[LOG 23:14:55.382] Load MU model: SquadExpansion/MakingHistory/Parts/FuelTank/Assets/Size1_5_Tank_05
[LOG 23:14:55.383] Load MU model: SquadExpansion/MakingHistory/Parts/FuelTank/Assets/Size3_Size4_Adapter_01
[LOG 23:14:55.383] Load MU model: SquadExpansion/MakingHistory/Parts/FuelTank/Assets/Size4_EngineAdapter_01
[LOG 23:14:55.384] Load MU model: SquadExpansion/MakingHistory/Parts/FuelTank/Assets/Size4_Tank_01
[LOG 23:14:55.385] Load MU model: SquadExpansion/MakingHistory/Parts/FuelTank/Assets/Size4_Tank_02
[LOG 23:14:55.385] Load MU model: SquadExpansion/MakingHistory/Parts/FuelTank/Assets/Size4_Tank_03
[LOG 23:14:55.386] Load MU model: SquadExpansion/MakingHistory/Parts/FuelTank/Assets/Size4_Tank_04
[LOG 23:14:55.387] Load MU model: SquadExpansion/MakingHistory/Parts/FuelTank/Assets/Size_1p5_Monoprop
[LOG 23:14:55.387] Load MU model: SquadExpansion/MakingHistory/Parts/Ground/Assets/RoverWheel
[WRN 23:14:55.388] WheelCollider requires an attached Rigidbody to function.
[WRN 23:14:55.388] WheelCollider requires an attached Rigidbody to function.
[LOG 23:14:55.389] Load MU model: SquadExpansion/MakingHistory/Parts/Payload/Assets/ServiceModule18
[LOG 23:14:55.389] Load MU model: SquadExpansion/MakingHistory/Parts/Payload/Assets/ServiceModule25
[LOG 23:14:55.390] Load MU model: SquadExpansion/MakingHistory/Parts/Payload/Assets/Size1to0ServiceModule
[LOG 23:14:55.391] Load MU model: SquadExpansion/MakingHistory/Parts/Pods/Assets/Mk2Pod
[LOG 23:14:55.391] Load MU model: SquadExpansion/MakingHistory/Parts/Pods/Assets/RoundPod
[LOG 23:14:55.392] Load MU model: SquadExpansion/MakingHistory/Parts/Pods/Assets/Size1_5_Lander
[LOG 23:14:55.393] Load MU model: SquadExpansion/MakingHistory/Parts/SharedAssets/Shroud1p5x0
[LOG 23:14:55.393] Load MU model: SquadExpansion/MakingHistory/Parts/SharedAssets/Shroud1p5x1
[LOG 23:14:55.393] Load MU model: SquadExpansion/MakingHistory/Parts/SharedAssets/Shroud1p5x2
[LOG 23:14:55.393] Load MU model: SquadExpansion/MakingHistory/Parts/SharedAssets/Shroud1p5x3
[LOG 23:14:55.393] Load MU model: SquadExpansion/MakingHistory/Parts/SharedAssets/Shroud1p5x4
[LOG 23:14:55.393] Load MU model: SquadExpansion/MakingHistory/Parts/SharedAssets/Shroud1x0
[LOG 23:14:55.394] Load MU model: SquadExpansion/MakingHistory/Parts/SharedAssets/Shroud1x1
[LOG 23:14:55.394] Load MU model: SquadExpansion/MakingHistory/Parts/SharedAssets/Shroud1x2
[LOG 23:14:55.394] Load MU model: SquadExpansion/MakingHistory/Parts/SharedAssets/Shroud1x3
[LOG 23:14:55.394] Load MU model: SquadExpansion/MakingHistory/Parts/SharedAssets/Shroud1x4
[LOG 23:14:55.394] Load MU model: SquadExpansion/MakingHistory/Parts/SharedAssets/Shroud2x0
[LOG 23:14:55.394] Load MU model: SquadExpansion/MakingHistory/Parts/SharedAssets/Shroud2x1
[LOG 23:14:55.394] Load MU model: SquadExpansion/MakingHistory/Parts/SharedAssets/Shroud2x2
[LOG 23:14:55.394] Load MU model: SquadExpansion/MakingHistory/Parts/SharedAssets/Shroud2x3
[LOG 23:14:55.395] Load MU model: SquadExpansion/MakingHistory/Parts/SharedAssets/Shroud2x4
[LOG 23:14:55.395] Load MU model: SquadExpansion/MakingHistory/Parts/SharedAssets/Shroud3x0
[LOG 23:14:55.395] Load MU model: SquadExpansion/MakingHistory/Parts/SharedAssets/Shroud3x1
[LOG 23:14:55.395] Load MU model: SquadExpansion/MakingHistory/Parts/SharedAssets/Shroud3x2
[LOG 23:14:55.396] Load MU model: SquadExpansion/MakingHistory/Parts/SharedAssets/Shroud3x3
[LOG 23:14:55.396] Load MU model: SquadExpansion/MakingHistory/Parts/SharedAssets/Shroud3x4
[LOG 23:14:55.396] Load MU model: SquadExpansion/MakingHistory/Parts/SharedAssets/Shroud4x0
[LOG 23:14:55.396] Load MU model: SquadExpansion/MakingHistory/Parts/SharedAssets/Shroud4x1
[LOG 23:14:55.396] Load MU model: SquadExpansion/MakingHistory/Parts/SharedAssets/Shroud4x2
[LOG 23:14:55.396] Load MU model: SquadExpansion/MakingHistory/Parts/SharedAssets/Shroud4x3
[LOG 23:14:55.396] Load MU model: SquadExpansion/MakingHistory/Parts/SharedAssets/Shroud4x4
[LOG 23:14:55.396] Load MU model: SquadExpansion/MakingHistory/Parts/SharedAssets/ShroudCollider0
[LOG 23:14:55.397] Load MU model: SquadExpansion/MakingHistory/Parts/SharedAssets/ShroudCollider1
[LOG 23:14:55.397] Load MU model: SquadExpansion/MakingHistory/Parts/SharedAssets/ShroudCollider1p5
[LOG 23:14:55.397] Load MU model: SquadExpansion/MakingHistory/Parts/SharedAssets/ShroudCollider2
[LOG 23:14:55.398] Load MU model: SquadExpansion/MakingHistory/Parts/SharedAssets/ShroudCollider3
[LOG 23:14:55.398] Load MU model: SquadExpansion/MakingHistory/Parts/SharedAssets/ShroudCollider4
[LOG 23:14:55.398] Load MU model: SquadExpansion/MakingHistory/Parts/Structural/Assets/EquiTriangle0
[LOG 23:14:55.398] Load MU model: SquadExpansion/MakingHistory/Parts/Structural/Assets/EquiTriangle1
[LOG 23:14:55.399] Load MU model: SquadExpansion/MakingHistory/Parts/Structural/Assets/EquiTriangle1p5
[LOG 23:14:55.400] Load MU model: SquadExpansion/MakingHistory/Parts/Structural/Assets/EquiTriangle2
[LOG 23:14:55.400] Load MU model: SquadExpansion/MakingHistory/Parts/Structural/Assets/Panel0
[LOG 23:14:55.400] Load MU model: SquadExpansion/MakingHistory/Parts/Structural/Assets/Panel1
[LOG 23:14:55.401] Load MU model: SquadExpansion/MakingHistory/Parts/Structural/Assets/Panel1p5
[LOG 23:14:55.401] Load MU model: SquadExpansion/MakingHistory/Parts/Structural/Assets/Panel2
[LOG 23:14:55.401] Load MU model: SquadExpansion/MakingHistory/Parts/Structural/Assets/Triangle0
[LOG 23:14:55.402] Load MU model: SquadExpansion/MakingHistory/Parts/Structural/Assets/Triangle1
[LOG 23:14:55.402] Load MU model: SquadExpansion/MakingHistory/Parts/Structural/Assets/Triangle1p5
[LOG 23:14:55.402] Load MU model: SquadExpansion/MakingHistory/Parts/Structural/Assets/Triangle2
[LOG 23:14:55.402] Load MU model: SquadExpansion/MakingHistory/Parts/Utility/flags/flagSize1p5/flagSize1p5Meshes
[LOG 23:14:55.403] Load MU model: SquadExpansion/MakingHistory/Parts/Utility/flags/flagSize4/flagSize4Meshes
[LOG 23:14:55.405] Load MU model: SquadExpansion/MakingHistory/Spaces/KVPods/Airlock_IVA
[LOG 23:14:55.406] Load MU model: SquadExpansion/MakingHistory/Spaces/KVPods/KV1_IVA
[LOG 23:14:55.407] Load MU model: SquadExpansion/MakingHistory/Spaces/KVPods/KV2_IVA
[LOG 23:14:55.411] Load MU model: SquadExpansion/MakingHistory/Spaces/KVPods/KV3_IVA
[LOG 23:14:55.414] Load MU model: SquadExpansion/MakingHistory/Spaces/MEM/MEM_IVA
[LOG 23:14:55.415] Load MU model: SquadExpansion/MakingHistory/Spaces/Mk2Pod/MK2POD_IVA
[LOG 23:14:55.416] Load MU model: SquadExpansion/Serenity/Parts/Aero/Assets/FanShroud_01
[LOG 23:14:55.417] Load MU model: SquadExpansion/Serenity/Parts/Aero/Assets/FanShroud_02
[LOG 23:14:55.418] Load MU model: SquadExpansion/Serenity/Parts/Aero/Assets/FanShroud_03
[LOG 23:14:55.418] Load MU model: SquadExpansion/Serenity/Parts/Aero/Assets/noseconeTiny
[LOG 23:14:55.419] Load MU model: SquadExpansion/Serenity/Parts/Aero/Assets/noseconeVS
[LOG 23:14:55.419] Load MU model: SquadExpansion/Serenity/Parts/DeployedScience/Assets/CentralStation
[LOG 23:14:55.422] Load MU model: SquadExpansion/Serenity/Parts/DeployedScience/Assets/GoExOb
[LOG 23:14:55.425] Load MU model: SquadExpansion/Serenity/Parts/DeployedScience/Assets/IonExperiment
[LOG 23:14:55.426] Load MU model: SquadExpansion/Serenity/Parts/DeployedScience/Assets/RTGCask
[LOG 23:14:55.427] Load MU model: SquadExpansion/Serenity/Parts/DeployedScience/Assets/satDish
[LOG 23:14:55.430] Load MU model: SquadExpansion/Serenity/Parts/DeployedScience/Assets/seismicSensor
[LOG 23:14:55.435] Load MU model: SquadExpansion/Serenity/Parts/DeployedScience/Assets/solarPanel
[LOG 23:14:55.438] Load MU model: SquadExpansion/Serenity/Parts/DeployedScience/Assets/WeatherStation
[LOG 23:14:55.443] Load MU model: SquadExpansion/Serenity/Parts/Propellers/Assets/largeFanBlade
[LOG 23:14:55.443] Load MU model: SquadExpansion/Serenity/Parts/Propellers/Assets/largeHeliBlade
[LOG 23:14:55.443] Load MU model: SquadExpansion/Serenity/Parts/Propellers/Assets/largePropeller
[LOG 23:14:55.444] Load MU model: SquadExpansion/Serenity/Parts/Propellers/Assets/mediumFanBlade
[LOG 23:14:55.444] Load MU model: SquadExpansion/Serenity/Parts/Propellers/Assets/mediumHeliBlade
[LOG 23:14:55.444] Load MU model: SquadExpansion/Serenity/Parts/Propellers/Assets/mediumPropeller
[LOG 23:14:55.444] Load MU model: SquadExpansion/Serenity/Parts/Propellers/Assets/smallFanBlade
[LOG 23:14:55.444] Load MU model: SquadExpansion/Serenity/Parts/Propellers/Assets/smallHeliBlade
[LOG 23:14:55.444] Load MU model: SquadExpansion/Serenity/Parts/Propellers/Assets/smallPropeller
[LOG 23:14:55.444] Load MU model: SquadExpansion/Serenity/Parts/Robotics/Assets/hinge_01
[LOG 23:14:55.445] Load MU model: SquadExpansion/Serenity/Parts/Robotics/Assets/hinge_01_s
[LOG 23:14:55.445] Load MU model: SquadExpansion/Serenity/Parts/Robotics/Assets/hinge_03
[LOG 23:14:55.445] Load MU model: SquadExpansion/Serenity/Parts/Robotics/Assets/hinge_03_s
[LOG 23:14:55.446] Load MU model: SquadExpansion/Serenity/Parts/Robotics/Assets/hinge_04
[LOG 23:14:55.447] Load MU model: SquadExpansion/Serenity/Parts/Robotics/Assets/piston_01
[LOG 23:14:55.447] Load MU model: SquadExpansion/Serenity/Parts/Robotics/Assets/piston_02
[LOG 23:14:55.450] Load MU model: SquadExpansion/Serenity/Parts/Robotics/Assets/piston_03
[LOG 23:14:55.451] Load MU model: SquadExpansion/Serenity/Parts/Robotics/Assets/piston_04
[LOG 23:14:55.451] Load MU model: SquadExpansion/Serenity/Parts/Robotics/Assets/RotorEngine_02
[LOG 23:14:55.452] Load MU model: SquadExpansion/Serenity/Parts/Robotics/Assets/RotorEngine_03
[LOG 23:14:55.453] Load MU model: SquadExpansion/Serenity/Parts/Robotics/Assets/rotor_01
[LOG 23:14:55.454] Load MU model: SquadExpansion/Serenity/Parts/Robotics/Assets/rotor_01s
[LOG 23:14:55.454] Load MU model: SquadExpansion/Serenity/Parts/Robotics/Assets/rotor_02
[LOG 23:14:55.455] Load MU model: SquadExpansion/Serenity/Parts/Robotics/Assets/rotor_02s
[LOG 23:14:55.457] Load MU model: SquadExpansion/Serenity/Parts/Robotics/Assets/rotor_03
[LOG 23:14:55.457] Load MU model: SquadExpansion/Serenity/Parts/Robotics/Assets/rotor_03s
[LOG 23:14:55.458] Load MU model: SquadExpansion/Serenity/Parts/Robotics/Assets/RotoServo_00
[LOG 23:14:55.458] Load MU model: SquadExpansion/Serenity/Parts/Robotics/Assets/RotoServo_02
[LOG 23:14:55.459] Load MU model: SquadExpansion/Serenity/Parts/Robotics/Assets/RotoServo_03
[LOG 23:14:55.459] Load MU model: SquadExpansion/Serenity/Parts/Robotics/Assets/RotoServo_04
[LOG 23:14:55.460] Load MU model: SquadExpansion/Serenity/Parts/Robotics/Controllers/controller1000
[LOG 23:14:55.460] Load MU model: SquadExpansion/Serenity/Parts/Science/RobotArmScanner/Assets/ROCArm_01
[LOG 23:14:55.461] Load MU model: SquadExpansion/Serenity/Parts/Science/RobotArmScanner/Assets/ROCArm_02
[LOG 23:14:55.465] Load MU model: SquadExpansion/Serenity/Parts/Science/RobotArmScanner/Assets/ROCArm_03
[LOG 23:14:55.477] Load MU model: SquadExpansion/Serenity/Parts/Structural/gripPads/Assets/lGripPad
[LOG 23:14:55.478] Load MU model: SquadExpansion/Serenity/Parts/Structural/gripPads/Assets/lGripStrip
[LOG 23:14:55.478] Load MU model: SquadExpansion/Serenity/Parts/Structural/gripPads/Assets/mGripPad
[LOG 23:14:55.479] Load MU model: SquadExpansion/Serenity/Parts/Structural/gripPads/Assets/sGripPad
[LOG 23:14:55.479] Load MU model: SquadExpansion/Serenity/Parts/Structural/gripPads/Assets/sGripStrip
[LOG 23:14:55.480] Loading Asset Bundle Definitions
[LOG 23:14:55.482] AssetLoader: Loading bundle definitions
[LOG 23:14:55.647] AssetLoader: Loaded bundle 'squadcore'
[LOG 23:14:55.648] AssetLoader: Loaded bundle 'squadcorefx'
[LOG 23:14:55.649] AssetLoader: Loaded mod bundle 'kspedia'
[LOG 23:14:55.650] AssetLoader: Loaded mod bundle 'kspedia_actionsets'
[LOG 23:14:55.650] AssetLoader: Loaded mod bundle 'kspedia_aircraft'
[LOG 23:14:55.650] AssetLoader: Loaded mod bundle 'kspedia_aircraftbasics'
[LOG 23:14:55.651] AssetLoader: Loaded mod bundle 'kspedia_aircraftbasicsbalance'
[LOG 23:14:55.651] AssetLoader: Loaded mod bundle 'kspedia_aircraftbasicsbalance2'
[LOG 23:14:55.652] AssetLoader: Loaded mod bundle 'kspedia_aircraftbasicscol'
[LOG 23:14:55.652] AssetLoader: Loaded mod bundle 'kspedia_aircraftbasicscontrol'
[LOG 23:14:55.653] AssetLoader: Loaded mod bundle 'kspedia_aircraftbasicscontrolsurfaces'
[LOG 23:14:55.653] AssetLoader: Loaded mod bundle 'kspedia_aircraftbasicsdrag'
[LOG 23:14:55.654] AssetLoader: Loaded mod bundle 'kspedia_aircraftbasicsengines'
[LOG 23:14:55.654] AssetLoader: Loaded mod bundle 'kspedia_aircraftbasicsforces'
[LOG 23:14:55.655] AssetLoader: Loaded mod bundle 'kspedia_aircraftbasicsintakes'
[LOG 23:14:55.656] AssetLoader: Loaded mod bundle 'kspedia_aircraftbasicslandinggear'
[LOG 23:14:55.657] AssetLoader: Loaded mod bundle 'kspedia_aircraftbasicslift'
[LOG 23:14:55.659] AssetLoader: Loaded mod bundle 'kspedia_axisgroups'
[LOG 23:14:55.659] AssetLoader: Loaded mod bundle 'kspedia_career'
[LOG 23:14:55.660] AssetLoader: Loaded mod bundle 'kspedia_careerbasicscontracts'
[LOG 23:14:55.661] AssetLoader: Loaded mod bundle 'kspedia_careerbasicscrew'
[LOG 23:14:55.662] AssetLoader: Loaded mod bundle 'kspedia_careerbasicscurrencies'
[LOG 23:14:55.663] AssetLoader: Loaded mod bundle 'kspedia_careerbasicsexperience'
[LOG 23:14:55.663] AssetLoader: Loaded mod bundle 'kspedia_careerbasicsfacilities'
[LOG 23:14:55.664] AssetLoader: Loaded mod bundle 'kspedia_careerbasicsstrategies'
[LOG 23:14:55.665] AssetLoader: Loaded mod bundle 'kspedia_careerbasicstechnology'
[LOG 23:14:55.665] AssetLoader: Loaded mod bundle 'kspedia_careerui-ac'
[LOG 23:14:55.666] AssetLoader: Loaded mod bundle 'kspedia_careerui-admin'
[LOG 23:14:55.666] AssetLoader: Loaded mod bundle 'kspedia_careerui-ksc'
[LOG 23:14:55.667] AssetLoader: Loaded mod bundle 'kspedia_careerui-mc'
[LOG 23:14:55.667] AssetLoader: Loaded mod bundle 'kspedia_careerui-sciencearchives'
[LOG 23:14:55.668] AssetLoader: Loaded mod bundle 'kspedia_careerui-techtree'
[LOG 23:14:55.668] AssetLoader: Loaded mod bundle 'kspedia_careerui-ts'
[LOG 23:14:55.668] AssetLoader: Loaded mod bundle 'kspedia_careerui'
[LOG 23:14:55.669] AssetLoader: Loaded mod bundle 'kspedia_cargoapp'
[LOG 23:14:55.669] AssetLoader: Loaded mod bundle 'kspedia_cargomode'
[LOG 23:14:55.669] AssetLoader: Loaded mod bundle 'kspedia_cargosystem-placeableparts'
[LOG 23:14:55.670] AssetLoader: Loaded mod bundle 'kspedia_cargosystem'
[LOG 23:14:55.670] AssetLoader: Loaded mod bundle 'kspedia_chute'
[LOG 23:14:55.670] AssetLoader: Loaded mod bundle 'kspedia_commnet'
[LOG 23:14:55.671] AssetLoader: Loaded mod bundle 'kspedia_commnetbasics'
[LOG 23:14:55.671] AssetLoader: Loaded mod bundle 'kspedia_commnetbuildingeffectivenetworks'
[LOG 23:14:55.671] AssetLoader: Loaded mod bundle 'kspedia_commnetcalculatingrange'
[LOG 23:14:55.671] AssetLoader: Loaded mod bundle 'kspedia_commnetcontrollevels'
[LOG 23:14:55.672] AssetLoader: Loaded mod bundle 'kspedia_commnetcontrollinks'
[LOG 23:14:55.672] AssetLoader: Loaded mod bundle 'kspedia_commnetcontrolpoints'
[LOG 23:14:55.672] AssetLoader: Loaded mod bundle 'kspedia_commnetgui'
[LOG 23:14:55.672] AssetLoader: Loaded mod bundle 'kspedia_commnetgui01'
[LOG 23:14:55.673] AssetLoader: Loaded mod bundle 'kspedia_commnetgui02'
[LOG 23:14:55.673] AssetLoader: Loaded mod bundle 'kspedia_commnetrange'
[LOG 23:14:55.673] AssetLoader: Loaded mod bundle 'kspedia_commnetrelays'
[LOG 23:14:55.673] AssetLoader: Loaded mod bundle 'kspedia_commnetsciencetransmission'
[LOG 23:14:55.674] AssetLoader: Loaded mod bundle 'kspedia_commnetsignalstrength'
[LOG 23:14:55.674] AssetLoader: Loaded mod bundle 'kspedia_commnettransmission'
[LOG 23:14:55.674] AssetLoader: Loaded mod bundle 'kspedia_constructionui-actiongroups'
[LOG 23:14:55.674] AssetLoader: Loaded mod bundle 'kspedia_constructionui-applauncher'
[LOG 23:14:55.675] AssetLoader: Loaded mod bundle 'kspedia_constructionui-crew'
[LOG 23:14:55.675] AssetLoader: Loaded mod bundle 'kspedia_constructionui-engineersreport'
[LOG 23:14:55.675] AssetLoader: Loaded mod bundle 'kspedia_constructionui-gizmos'
[LOG 23:14:55.676] AssetLoader: Loaded mod bundle 'kspedia_constructionui-infos'
[LOG 23:14:55.676] AssetLoader: Loaded mod bundle 'kspedia_constructionui-partdetails'
[LOG 23:14:55.676] AssetLoader: Loaded mod bundle 'kspedia_constructionui-parts'
[LOG 23:14:55.676] AssetLoader: Loaded mod bundle 'kspedia_constructionui-symmetry'
[LOG 23:14:55.677] AssetLoader: Loaded mod bundle 'kspedia_constructionui-vesseldetails'
[LOG 23:14:55.677] AssetLoader: Loaded mod bundle 'kspedia_constructionui'
[LOG 23:14:55.677] AssetLoader: Loaded mod bundle 'kspedia_controls-dockingmode'
[LOG 23:14:55.678] AssetLoader: Loaded mod bundle 'kspedia_controls-editor'
[LOG 23:14:55.678] AssetLoader: Loaded mod bundle 'kspedia_controls-editorgizmos'
[LOG 23:14:55.678] AssetLoader: Loaded mod bundle 'kspedia_controls-eva'
[LOG 23:14:55.678] AssetLoader: Loaded mod bundle 'kspedia_controls-flight'
[LOG 23:14:55.679] AssetLoader: Loaded mod bundle 'kspedia_controls-flightactivities'
[LOG 23:14:55.679] AssetLoader: Loaded mod bundle 'kspedia_controls-flightdirections'
[LOG 23:14:55.679] AssetLoader: Loaded mod bundle 'kspedia_controls-general'
[LOG 23:14:55.680] AssetLoader: Loaded mod bundle 'kspedia_controls-mapandtime'
[LOG 23:14:55.680] AssetLoader: Loaded mod bundle 'kspedia_controls-mouseconstruction'
[LOG 23:14:55.680] AssetLoader: Loaded mod bundle 'kspedia_controls-mouseflight'
[LOG 23:14:55.680] AssetLoader: Loaded mod bundle 'kspedia_controls-rcs'
[LOG 23:14:55.681] AssetLoader: Loaded mod bundle 'kspedia_controls'
[LOG 23:14:55.681] AssetLoader: Loaded mod bundle 'kspedia_eastereggs'
[LOG 23:14:55.681] AssetLoader: Loaded mod bundle 'kspedia_evaconstructionmode'
[LOG 23:14:55.682] AssetLoader: Loaded mod bundle 'kspedia_facilities-ac'
[LOG 23:14:55.682] AssetLoader: Loaded mod bundle 'kspedia_facilities-admin'
[LOG 23:14:55.682] AssetLoader: Loaded mod bundle 'kspedia_facilities-context'
[LOG 23:14:55.683] AssetLoader: Loaded mod bundle 'kspedia_facilities-ksc'
[LOG 23:14:55.683] AssetLoader: Loaded mod bundle 'kspedia_facilities-launchpad'
[LOG 23:14:55.683] AssetLoader: Loaded mod bundle 'kspedia_facilities-mc'
[LOG 23:14:55.684] AssetLoader: Loaded mod bundle 'kspedia_facilities-randd'
[LOG 23:14:55.684] AssetLoader: Loaded mod bundle 'kspedia_facilities-runway'
[LOG 23:14:55.684] AssetLoader: Loaded mod bundle 'kspedia_facilities-sph'
[LOG 23:14:55.685] AssetLoader: Loaded mod bundle 'kspedia_facilities-ts'
[LOG 23:14:55.685] AssetLoader: Loaded mod bundle 'kspedia_facilities-vab'
[LOG 23:14:55.685] AssetLoader: Loaded mod bundle 'kspedia_flightui-altimeter'
[LOG 23:14:55.686] AssetLoader: Loaded mod bundle 'kspedia_flightui-applauncher'
[LOG 23:14:55.686] AssetLoader: Loaded mod bundle 'kspedia_flightui-evaactivities'
[LOG 23:14:55.686] AssetLoader: Loaded mod bundle 'kspedia_flightui-maneuvermodeeditor'
[LOG 23:14:55.687] AssetLoader: Loaded mod bundle 'kspedia_flightui-maneuvermodeeditorcont'
[LOG 23:14:55.687] AssetLoader: Loaded mod bundle 'kspedia_flightui-maneuvermodeorbit'
[LOG 23:14:55.687] AssetLoader: Loaded mod bundle 'kspedia_flightui-maneuvertoolinfo'
[LOG 23:14:55.688] AssetLoader: Loaded mod bundle 'kspedia_flightui-maneuvertoolmain'
[LOG 23:14:55.688] AssetLoader: Loaded mod bundle 'kspedia_flightui-modecontrol'
[LOG 23:14:55.689] AssetLoader: Loaded mod bundle 'kspedia_flightui-navball'
[LOG 23:14:55.690] AssetLoader: Loaded mod bundle 'kspedia_flightui-partrepairs'
[LOG 23:14:55.690] AssetLoader: Loaded mod bundle 'kspedia_flightui-portraits'
[LOG 23:14:55.691] AssetLoader: Loaded mod bundle 'kspedia_flightui-staging'
[LOG 23:14:55.691] AssetLoader: Loaded mod bundle 'kspedia_flightui-timeandaction'
[LOG 23:14:55.691] AssetLoader: Loaded mod bundle 'kspedia_flightui'
[LOG 23:14:55.692] AssetLoader: Loaded mod bundle 'kspedia_heat'
[LOG 23:14:55.692] AssetLoader: Loaded mod bundle 'kspedia_heatactiveradiators'
[LOG 23:14:55.693] AssetLoader: Loaded mod bundle 'kspedia_heatengines'
[LOG 23:14:55.693] AssetLoader: Loaded mod bundle 'kspedia_heatflow'
[LOG 23:14:55.693] AssetLoader: Loaded mod bundle 'kspedia_heatpart'
[LOG 23:14:55.693] AssetLoader: Loaded mod bundle 'kspedia_heatpassiveradiators'
[LOG 23:14:55.694] AssetLoader: Loaded mod bundle 'kspedia_heatshields'
[LOG 23:14:55.694] AssetLoader: Loaded mod bundle 'kspedia_kerbnet'
[LOG 23:14:55.694] AssetLoader: Loaded mod bundle 'kspedia_kerbnetinterface'
[LOG 23:14:55.695] AssetLoader: Loaded mod bundle 'kspedia_kerbnetmodes'
[LOG 23:14:55.695] AssetLoader: Loaded mod bundle 'kspedia_kerbnetwaypoints'
[LOG 23:14:55.695] AssetLoader: Loaded mod bundle 'kspedia_locations'
[LOG 23:14:55.695] AssetLoader: Loaded mod bundle 'kspedia_manual'
[LOG 23:14:55.696] AssetLoader: Loaded mod bundle 'kspedia_mapui-alarmclockcreation'
[LOG 23:14:55.696] AssetLoader: Loaded mod bundle 'kspedia_mapui-alarmclockmain'
[LOG 23:14:55.696] AssetLoader: Loaded mod bundle 'kspedia_mapui-burnindicator'
[LOG 23:14:55.697] AssetLoader: Loaded mod bundle 'kspedia_mapui-dvtoolsflight'
[LOG 23:14:55.697] AssetLoader: Loaded mod bundle 'kspedia_mapui-dvtoolsvab'
[LOG 23:14:55.697] AssetLoader: Loaded mod bundle 'kspedia_mapui-mannodes'
[LOG 23:14:55.697] AssetLoader: Loaded mod bundle 'kspedia_mapui-orbitnodes'
[LOG 23:14:55.698] AssetLoader: Loaded mod bundle 'kspedia_mapui-orbitnodes2'
[LOG 23:14:55.698] AssetLoader: Loaded mod bundle 'kspedia_mapui'
[LOG 23:14:55.698] AssetLoader: Loaded mod bundle 'kspedia_orbitalbasics-atmosphere'
[LOG 23:14:55.699] AssetLoader: Loaded mod bundle 'kspedia_orbitalbasics-gettingbackdown'
[LOG 23:14:55.699] AssetLoader: Loaded mod bundle 'kspedia_orbitalbasics-gettingupthere'
[LOG 23:14:55.699] AssetLoader: Loaded mod bundle 'kspedia_orbitalbasics-gravityturn'
[LOG 23:14:55.699] AssetLoader: Loaded mod bundle 'kspedia_orbitalbasics-orbits'
[LOG 23:14:55.700] AssetLoader: Loaded mod bundle 'kspedia_orbitalbasics-stayingupthere'
[LOG 23:14:55.700] AssetLoader: Loaded mod bundle 'kspedia_orbitalbasics'
[LOG 23:14:55.700] AssetLoader: Loaded mod bundle 'kspedia_orbitaldefinitions-appe'
[LOG 23:14:55.701] AssetLoader: Loaded mod bundle 'kspedia_orbitaldefinitions-dirandinc'
[LOG 23:14:55.701] AssetLoader: Loaded mod bundle 'kspedia_orbitaldefinitions-directions'
[LOG 23:14:55.701] AssetLoader: Loaded mod bundle 'kspedia_orbitaldefinitions-eccentricity'
[LOG 23:14:55.701] AssetLoader: Loaded mod bundle 'kspedia_orbitaldefinitions'
[LOG 23:14:55.702] AssetLoader: Loaded mod bundle 'kspedia_orbitalmaneuvers-adjustinginclination'
[LOG 23:14:55.702] AssetLoader: Loaded mod bundle 'kspedia_orbitalmaneuvers-deltav'
[LOG 23:14:55.702] AssetLoader: Loaded mod bundle 'kspedia_orbitalmaneuvers-efficiency'
[LOG 23:14:55.702] AssetLoader: Loaded mod bundle 'kspedia_orbitalmaneuvers-hohmanntransfer'
[LOG 23:14:55.703] AssetLoader: Loaded mod bundle 'kspedia_orbitalmaneuvers-hohmanntransfer2'
[LOG 23:14:55.703] AssetLoader: Loaded mod bundle 'kspedia_orbitalmaneuvers-orbittypes'
[LOG 23:14:55.703] AssetLoader: Loaded mod bundle 'kspedia_orbitalmaneuvers-radandantirad'
[LOG 23:14:55.704] AssetLoader: Loaded mod bundle 'kspedia_orbitalmaneuvers-shapingup'
[LOG 23:14:55.704] AssetLoader: Loaded mod bundle 'kspedia_orbitalmaneuvers'
[LOG 23:14:55.704] AssetLoader: Loaded mod bundle 'kspedia_planets-dres'
[LOG 23:14:55.704] AssetLoader: Loaded mod bundle 'kspedia_planets-duna'
[LOG 23:14:55.705] AssetLoader: Loaded mod bundle 'kspedia_planets-eeloo'
[LOG 23:14:55.705] AssetLoader: Loaded mod bundle 'kspedia_planets-eve'
[LOG 23:14:55.705] AssetLoader: Loaded mod bundle 'kspedia_planets-jool'
[LOG 23:14:55.706] AssetLoader: Loaded mod bundle 'kspedia_planets-kerbin'
[LOG 23:14:55.706] AssetLoader: Loaded mod bundle 'kspedia_planets-moho'
[LOG 23:14:55.706] AssetLoader: Loaded mod bundle 'kspedia_planets-sun'
[LOG 23:14:55.706] AssetLoader: Loaded mod bundle 'kspedia_planets-system'
[LOG 23:14:55.707] AssetLoader: Loaded mod bundle 'kspedia_resources-asteroidmining'
[LOG 23:14:55.707] AssetLoader: Loaded mod bundle 'kspedia_resources-conversionmanagement'
[LOG 23:14:55.707] AssetLoader: Loaded mod bundle 'kspedia_resources-drilling'
[LOG 23:14:55.707] AssetLoader: Loaded mod bundle 'kspedia_resources-findingit'
[LOG 23:14:55.708] AssetLoader: Loaded mod bundle 'kspedia_resources-findingit2'
[LOG 23:14:55.708] AssetLoader: Loaded mod bundle 'kspedia_resources-storageandconversion'
[LOG 23:14:55.708] AssetLoader: Loaded mod bundle 'kspedia_resources'
[LOG 23:14:55.708] AssetLoader: Loaded mod bundle 'kspedia_rocketry'
[LOG 23:14:55.709] AssetLoader: Loaded mod bundle 'kspedia_rocketryadvanced-fairings'
[LOG 23:14:55.709] AssetLoader: Loaded mod bundle 'kspedia_rocketryadvanced-girders'
[LOG 23:14:55.709] AssetLoader: Loaded mod bundle 'kspedia_rocketryadvanced'
[LOG 23:14:55.709] AssetLoader: Loaded mod bundle 'kspedia_rocketrybasics'
[LOG 23:14:55.710] AssetLoader: Loaded mod bundle 'kspedia_rocketrybasicsaero'
[LOG 23:14:55.710] AssetLoader: Loaded mod bundle 'kspedia_rocketrybasicscentered'
[LOG 23:14:55.710] AssetLoader: Loaded mod bundle 'kspedia_rocketrybasicschutes'
[LOG 23:14:55.710] AssetLoader: Loaded mod bundle 'kspedia_rocketrybasicscontrol'
[LOG 23:14:55.711] AssetLoader: Loaded mod bundle 'kspedia_rocketrybasicsecrecharging'
[LOG 23:14:55.711] AssetLoader: Loaded mod bundle 'kspedia_rocketrybasicsengines'
[LOG 23:14:55.711] AssetLoader: Loaded mod bundle 'kspedia_rocketrybasicsforces'
[LOG 23:14:55.711] AssetLoader: Loaded mod bundle 'kspedia_rocketrybasicshatchesandladders'
[LOG 23:14:55.712] AssetLoader: Loaded mod bundle 'kspedia_rocketrybasicshibernation'
[LOG 23:14:55.712] AssetLoader: Loaded mod bundle 'kspedia_rocketrybasicsresources'
[LOG 23:14:55.712] AssetLoader: Loaded mod bundle 'kspedia_rocketrybasicsservicecontainers'
[LOG 23:14:55.712] AssetLoader: Loaded mod bundle 'kspedia_rocketrybasicsstability'
[LOG 23:14:55.713] AssetLoader: Loaded mod bundle 'kspedia_rocketrybasicsstabilityassist'
[LOG 23:14:55.713] AssetLoader: Loaded mod bundle 'kspedia_rocketrybasicsstaging'
[LOG 23:14:55.713] AssetLoader: Loaded mod bundle 'kspedia_rocketrybasicssymmetry'
[LOG 23:14:55.714] AssetLoader: Loaded mod bundle 'kspedia_science'
[LOG 23:14:55.714] AssetLoader: Loaded mod bundle 'kspedia_sciencedata'
[LOG 23:14:55.714] AssetLoader: Loaded mod bundle 'kspedia_scienceexperiments'
[LOG 23:14:55.714] AssetLoader: Loaded mod bundle 'kspedia_sciencelab'
[LOG 23:14:55.715] AssetLoader: Loaded mod bundle 'kspedia_sciencetransmitted'
[LOG 23:14:55.715] AssetLoader: Loaded mod bundle 'kspedia_spacetravel'
[LOG 23:14:55.715] AssetLoader: Loaded mod bundle 'kspedia_variantswitcher'
[LOG 23:14:55.716] AssetLoader: Loaded mod bundle 'kspfonts'
[LOG 23:14:55.901] AssetLoader: Loaded bundle 'squadcore'
[LOG 23:14:55.902] AssetLoader: Loaded bundle 'squadcorefx'
[LOG 23:14:55.902] AssetLoader: Loaded mod bundle 'kspedia_builder'
[LOG 23:14:55.902] AssetLoader: Loaded mod bundle 'kspedia_buildertoolbar'
[LOG 23:14:55.903] AssetLoader: Loaded mod bundle 'kspedia_canvas'
[LOG 23:14:55.903] AssetLoader: Loaded mod bundle 'kspedia_exportingvalidation'
[LOG 23:14:55.903] AssetLoader: Loaded mod bundle 'kspedia_flight'
[LOG 23:14:55.903] AssetLoader: Loaded mod bundle 'kspedia_flightapp'
[LOG 23:14:55.904] AssetLoader: Loaded mod bundle 'kspedia_gap'
[LOG 23:14:55.904] AssetLoader: Loaded mod bundle 'kspedia_gaptools'
[LOG 23:14:55.905] AssetLoader: Loaded mod bundle 'kspedia_makinghistory'
[LOG 23:14:55.905] AssetLoader: Loaded mod bundle 'kspedia_missionbriefing'
[LOG 23:14:55.906] AssetLoader: Loaded mod bundle 'kspedia_nodedocking'
[LOG 23:14:55.906] AssetLoader: Loaded mod bundle 'kspedia_nodesconnectors'
[LOG 23:14:55.907] AssetLoader: Loaded mod bundle 'kspedia_sap'
[LOG 23:14:55.907] AssetLoader: Loaded mod bundle 'kspedia_sidebar'
[LOG 23:14:55.908] AssetLoader: Loaded mod bundle 'kspedia_testingcheckpoints'
[LOG 23:14:55.908] AssetLoader: Loaded bundle 'makinghistory'
[LOG 23:14:55.908] AssetLoader: Loaded mod bundle 'kspedia_bladecyclic-collective-behaviour'
[LOG 23:14:55.909] AssetLoader: Loaded mod bundle 'kspedia_bladecyclic-collective-controls'
[LOG 23:14:55.909] AssetLoader: Loaded mod bundle 'kspedia_deployedscience-experiments'
[LOG 23:14:55.909] AssetLoader: Loaded mod bundle 'kspedia_deployedscience'
[LOG 23:14:55.910] AssetLoader: Loaded mod bundle 'kspedia_grippads'
[LOG 23:14:55.910] AssetLoader: Loaded mod bundle 'kspedia_layindtracks'
[LOG 23:14:55.910] AssetLoader: Loaded mod bundle 'kspedia_propellers'
[LOG 23:14:55.911] AssetLoader: Loaded mod bundle 'kspedia_propellersaerodynamics'
[LOG 23:14:55.911] AssetLoader: Loaded mod bundle 'kspedia_roboticcontroller'
[LOG 23:14:55.912] AssetLoader: Loaded mod bundle 'kspedia_roboticparts'
[LOG 23:14:55.913] AssetLoader: Loaded mod bundle 'kspedia_surface features-overview'
[LOG 23:14:55.913] AssetLoader: Loaded mod bundle 'kspedia_surface features-roverarmdetails'
[LOG 23:14:55.914] AssetLoader: Loaded mod bundle 'kspedia_trackeditor'
[LOG 23:14:55.914] AssetLoader: Loaded mod bundle 'kspedia_trackeditortoolbar'
[LOG 23:14:55.915] AssetLoader: Loaded mod bundle 'serenity'
[LOG 23:14:55.916] AssetLoader: Finished loading. 226 bundle definitions loaded.
[LOG 23:14:55.917] Compiling Configs:
[LOG 23:14:55.917] Config(DRAG_TIP) /Physics/DRAG_TIP
[LOG 23:14:55.918] Config(DRAG_SURFACE) /Physics/DRAG_SURFACE
[LOG 23:14:55.918] Config(DRAG_TAIL) /Physics/DRAG_TAIL
[LOG 23:14:55.918] Config(DRAG_MULTIPLIER) /Physics/DRAG_MULTIPLIER
[LOG 23:14:55.918] Config(DRAG_CD) /Physics/DRAG_CD
[LOG 23:14:55.918] Config(DRAG_CD_POWER) /Physics/DRAG_CD_POWER
[LOG 23:14:55.918] Config(DRAG_PSEUDOREYNOLDS) /Physics/DRAG_PSEUDOREYNOLDS
[LOG 23:14:55.918] Config(LIFTING_SURFACE_CURVES) /Physics/LIFTING_SURFACE_CURVES
[LOG 23:14:55.918] Config(VesselRanges) /Physics/VesselRanges
[LOG 23:14:55.918] Config(KSP_COMMUNITY_FIXES) KSPCommunityFixes/Settings/KSP_COMMUNITY_FIXES
[LOG 23:14:55.918] Config(Localization) KSPCommunityFixes/Localization/en-us/Localization
[LOG 23:14:55.919] Config(Localization) KSPCommunityFixes/Localization/fr-fr/Localization
[LOG 23:14:55.919] Config(Localization) KSPCommunityFixes/Localization/ru/Localization
[LOG 23:14:55.919] Config(Localization) KSPCommunityFixes/Localization/zh-cn/Localization
[LOG 23:14:55.919] Config(@PART[*]:HAS[@MODULE[ModuleDockingNodeFixed]]:NEEDS[FixDockingNodes]:FINAL) KSPCommunityFixes/MMPatches/ModSupport/FixDockingNodes/@PART[*]:HAS[@MODULE[ModuleDockingNodeFixed]]:NEEDS[FixDockingNodes]:FINAL
[LOG 23:14:55.919] Config(@PART[*]:HAS[@MODULE[Refunding]]:LAST[999_KSP-Recall]) KSPCommunityFixes/MMPatches/ModSupport/KSPRecall/@PART[*]:HAS[@MODULE[Refunding]]:LAST[999_KSP-Recall]
[LOG 23:14:55.919] Config(@PART[*]:HAS[#hasRefundingOnRecovery[?rue]]:LAST[999_KSP-Recall]) KSPCommunityFixes/MMPatches/ModSupport/KSPRecall/@PART[*]:HAS[#hasRefundingOnRecovery[?rue]]:LAST[999_KSP-Recall]
[LOG 23:14:55.919] Config(@PART[*]:HAS[#hasRefundingOnRecovery]:LAST[999_KSP-Recall]) KSPCommunityFixes/MMPatches/ModSupport/KSPRecall/@PART[*]:HAS[#hasRefundingOnRecovery]:LAST[999_KSP-Recall]
[LOG 23:14:55.919] Config(@KSP-Recall:LAST[999_KSP-Recall]) KSPCommunityFixes/MMPatches/ModSupport/KSPRecall/@KSP-Recall:LAST[999_KSP-Recall]
[LOG 23:14:55.919] Config(@KSP-Recall:HAS[#hasRefundingOnRecovery[?rue]]:LAST[999_KSP-Recall]) KSPCommunityFixes/MMPatches/ModSupport/KSPRecall/@KSP-Recall:HAS[#hasRefundingOnRecovery[?rue]]:LAST[999_KSP-Recall]
[LOG 23:14:55.919] Config(@KSP-Recall:HAS[#hasRefundingOnRecovery]:LAST[999_KSP-Recall]) KSPCommunityFixes/MMPatches/ModSupport/KSPRecall/@KSP-Recall:HAS[#hasRefundingOnRecovery]:LAST[999_KSP-Recall]
[LOG 23:14:55.919] Config(@KSP_COMMUNITY_FIXES:NEEDS[AttachedOnEditor]) KSPCommunityFixes/MMPatches/ModSupport/KSPRecall/@KSP_COMMUNITY_FIXES:NEEDS[AttachedOnEditor]
[LOG 23:14:55.919] Config(@KSP_COMMUNITY_FIXES:NEEDS[UniversalStorage2]) KSPCommunityFixes/MMPatches/ModSupport/UniversalStorage/@KSP_COMMUNITY_FIXES:NEEDS[UniversalStorage2]
[LOG 23:14:55.919] Config(@PART[telescopicLadderBay]:FIRST) KSPCommunityFixes/MMPatches/StockTweaks/LadderToggleableLight/@PART[telescopicLadderBay]:FIRST
[LOG 23:14:55.919] Config(@PART[telescopicLadderBay]:HAS[#LadderToggleableLight[?rue]]:FIRST) KSPCommunityFixes/MMPatches/StockTweaks/LadderToggleableLight/@PART[telescopicLadderBay]:HAS[#LadderToggleableLight[?rue]]:FIRST
[LOG 23:14:55.919] Config(@PART[telescopicLadderBay]:HAS[#LadderToggleableLight]:FIRST) KSPCommunityFixes/MMPatches/StockTweaks/LadderToggleableLight/@PART[telescopicLadderBay]:HAS[#LadderToggleableLight]:FIRST
[LOG 23:14:55.920] Config(@PART[GearSmall]:FIRST) KSPCommunityFixes/MMPatches/StockTweaks/LandingGearLights/@PART[GearSmall]:FIRST
[LOG 23:14:55.920] Config(@PART[SmallGearBay]:FIRST) KSPCommunityFixes/MMPatches/StockTweaks/LandingGearLights/@PART[SmallGearBay]:FIRST
[LOG 23:14:55.920] Config(@PART[sasModule]:FOR[KSPCommunityFixes]) KSPCommunityFixes/MMPatches/StockTweaks/ManufacturerFixes/@PART[sasModule]:FOR[KSPCommunityFixes]
[LOG 23:14:55.920] Config(@PART[xenonTankRadial]:FOR[KSPCommunityFixes]) KSPCommunityFixes/MMPatches/StockTweaks/ManufacturerFixes/@PART[xenonTankRadial]:FOR[KSPCommunityFixes]
[LOG 23:14:55.920] Config(@PART[winglet|fireworksLauncherSmall|fireworksLauncherBig]:FOR[KSPCommunityFixes]) KSPCommunityFixes/MMPatches/StockTweaks/ManufacturerFixes/@PART[winglet|fireworksLauncherSmall|fireworksLauncherBig]:FOR[KSPCommunityFixes]
[LOG 23:14:55.920] Config(@PART[solidBooster_sm_v2|solidBooster_v2]:FOR[KSPCommunityFixes]) KSPCommunityFixes/MMPatches/StockTweaks/ManufacturerFixes/@PART[solidBooster_sm_v2|solidBooster_v2]:FOR[KSPCommunityFixes]
[LOG 23:14:55.920] Config(@PART[ServiceBay_125_v2|ServiceBay_250_v2]:FOR[KSPCommunityFixes]) KSPCommunityFixes/MMPatches/StockTweaks/ManufacturerFixes/@PART[ServiceBay_125_v2|ServiceBay_250_v2]:FOR[KSPCommunityFixes]
[LOG 23:14:55.920] Config(@PART[externalTankCapsule]:FOR[KSPCommunityFixes]) KSPCommunityFixes/MMPatches/StockTweaks/ManufacturerFixes/@PART[externalTankCapsule]:FOR[KSPCommunityFixes]
[LOG 23:14:55.920] Config(@PART[RCSFuelTank|rcsTankMini|RCSTank1-2]:FOR[KSPCommunityFixes]) KSPCommunityFixes/MMPatches/StockTweaks/ManufacturerFixes/@PART[RCSFuelTank|rcsTankMini|RCSTank1-2]:FOR[KSPCommunityFixes]
[LOG 23:14:55.920] Config(@PART[landerCabinSmall]:FOR[KSPCommunityFixes]) KSPCommunityFixes/MMPatches/StockTweaks/ManufacturerFixes/@PART[landerCabinSmall]:FOR[KSPCommunityFixes]
[LOG 23:14:55.920] Config(@PART[dockingPortLateral]:FOR[KSPCommunityFixes]) KSPCommunityFixes/MMPatches/StockTweaks/ManufacturerFixes/@PART[dockingPortLateral]:FOR[KSPCommunityFixes]
[LOG 23:14:55.920] Config(@PART[EnginePlate4]:FOR[KSPCommunityFixes]:NEEDS[SquadExpansion/MakingHistory]) KSPCommunityFixes/MMPatches/StockTweaks/ManufacturerFixes/@PART[EnginePlate4]:FOR[KSPCommunityFixes]:NEEDS[SquadExpansion/MakingHistory]
[LOG 23:14:55.920] Config(@PART[Mk2Pod]:FOR[KSPCommunityFixes]:NEEDS[SquadExpansion/MakingHistory]) KSPCommunityFixes/MMPatches/StockTweaks/ManufacturerFixes/@PART[Mk2Pod]:FOR[KSPCommunityFixes]:NEEDS[SquadExpansion/MakingHistory]
[LOG 23:14:55.920] Config(@PART[evaChute|parachuteSingle|parachuteRadial|radialDrogue|parachuteLarge|parachuteDrogue]:FOR[KSPCommunityFixes]) KSPCommunityFixes/MMPatches/StockTweaks/ManufacturerFixes/@PART[evaChute|parachuteSingle|parachuteRadial|radialDrogue|parachuteLarge|parachuteDrogue]:FOR[KSPCommunityFixes]
[LOG 23:14:55.920] Config(@PART[stackPoint1|dockingPort1|dockingPort2|dockingPort3|dockingPortLarge]:FOR[KSPCommunityFixes]) KSPCommunityFixes/MMPatches/StockTweaks/ManufacturerFixes/@PART[stackPoint1|dockingPort1|dockingPort2|dockingPort3|dockingPortLarge]:FOR[KSPCommunityFixes]
[LOG 23:14:55.920] Config(AGENT) KSPCommunityFixes/MMPatches/StockTweaks/ManufacturerFixes/Clamp-O-Tron
[LOG 23:14:55.920] Config(AGENT) KSPCommunityFixes/MMPatches/StockTweaks/ManufacturerFixes/FreeFall Parachutes
[LOG 23:14:55.920] Config(AGENT) KSPCommunityFixes/MMPatches/StockTweaks/ManufacturerFixes/LightYear Tire Company
[LOG 23:14:55.920] Config(AGENT) KSPCommunityFixes/MMPatches/StockTweaks/ManufacturerFixes/Stratus Corporation
[LOG 23:14:55.920] Config(Localization) KSPCommunityFixes/MMPatches/StockTweaks/ManufacturerFixes/Localization
[LOG 23:14:55.920] Config(AGENT) Squad/Agencies/Agents/C7 Aerospace Division
[LOG 23:14:55.920] Config(AGENT) Squad/Agencies/Agents/Dinkelstein Kerman's Construction Emporium
[LOG 23:14:55.920] Config(AGENT) Squad/Agencies/Agents/Experimental Engineering Group
[LOG 23:14:55.921] Config(AGENT) Squad/Agencies/Agents/FLOOYD Dynamics Research Labs
[LOG 23:14:55.921] Config(AGENT) Squad/Agencies/Agents/Goliath National Products
[LOG 23:14:55.921] Config(AGENT) Squad/Agencies/Agents/Integrated Integrals
[LOG 23:14:55.921] Config(AGENT) Squad/Agencies/Agents/Ionic Symphonic Protonic Electronics
[LOG 23:14:55.921] Config(AGENT) Squad/Agencies/Agents/Jebediah Kerman's Junkyard and Spacecraft Parts Co
[LOG 23:14:55.921] Config(AGENT) Squad/Agencies/Agents/Kerbal Motion LLC
[LOG 23:14:55.921] Config(AGENT) Squad/Agencies/Agents/Kerbin World-Firsts Record-Keeping Society
[LOG 23:14:55.921] Config(AGENT) Squad/Agencies/Agents/Kerbodyne
[LOG 23:14:55.921] Config(AGENT) Squad/Agencies/Agents/Kerlington Model Rockets and Paper Products Inc
[LOG 23:14:55.921] Config(AGENT) Squad/Agencies/Agents/Maxo Construction Toys
[LOG 23:14:55.921] Config(AGENT) Squad/Agencies/Agents/Moving Parts Experts Group
[LOG 23:14:55.921] Config(AGENT) Squad/Agencies/Agents/O.M.B. Demolition Enterprises
[LOG 23:14:55.921] Config(AGENT) Squad/Agencies/Agents/Periapsis Rocket Supplies Co
[LOG 23:14:55.921] Config(AGENT) Squad/Agencies/Agents/Probodobodyne Inc
[LOG 23:14:55.921] Config(AGENT) Squad/Agencies/Agents/Research & Development Department
[LOG 23:14:55.921] Config(AGENT) Squad/Agencies/Agents/Reaction Systems Ltd
[LOG 23:14:55.921] Config(AGENT) Squad/Agencies/Agents/Rockomax Conglomerate
[LOG 23:14:55.921] Config(AGENT) Squad/Agencies/Agents/Rokea Inc
[LOG 23:14:55.921] Config(AGENT) Squad/Agencies/Agents/Sean's Cannery
[LOG 23:14:55.921] Config(AGENT) Squad/Agencies/Agents/STEADLER Engineering Corps
[LOG 23:14:55.921] Config(AGENT) Squad/Agencies/Agents/StrutCo
[LOG 23:14:55.921] Config(AGENT) Squad/Agencies/Agents/Vac-Co Advanced Suction Systems
[LOG 23:14:55.921] Config(AGENT) Squad/Agencies/Agents/WinterOwl Aircraft Emporium
[LOG 23:14:55.921] Config(AGENT) Squad/Agencies/Agents/Zaltonic Electronics
[LOG 23:14:55.921] Config(CONTRACT_CONSTRUCTION_PARTS) Squad/Contracts/constructionContractParts/CONTRACT_CONSTRUCTION_PARTS
[LOG 23:14:55.921] Config(Contracts) Squad/Contracts/Contracts/Contracts
[LOG 23:14:55.921] Config(CONTRACTCRAFT) Squad/Contracts/PrebuiltCraft/prebuiltData/CONTRACTCRAFT
[LOG 23:14:55.922] Config(CONTRACTCRAFT) Squad/Contracts/PrebuiltCraft/OrbitalConstructionContract/orbitalConstructionContractCraft/CONTRACTCRAFT
[LOG 23:14:55.922] Config(CONTRACTCRAFT) Squad/Contracts/PrebuiltCraft/RepairContract/repairContractCraft/CONTRACTCRAFT
[LOG 23:14:55.922] Config(CONTRACTCRAFT) Squad/Contracts/PrebuiltCraft/RoverContract/roverContractCraft/CONTRACTCRAFT
[LOG 23:14:55.922] Config(KEYBOARD_LAYOUT) Squad/Controls/Azerty/#autoLOC_6001233
[LOG 23:14:55.922] Config(PITCH_DOWN) Squad/Controls/Azerty/PITCH_DOWN
[LOG 23:14:55.922] Config(PITCH_UP) Squad/Controls/Azerty/PITCH_UP
[LOG 23:14:55.922] Config(YAW_LEFT) Squad/Controls/Azerty/YAW_LEFT
[LOG 23:14:55.922] Config(YAW_RIGHT) Squad/Controls/Azerty/YAW_RIGHT
[LOG 23:14:55.922] Config(ROLL_LEFT) Squad/Controls/Azerty/ROLL_LEFT
[LOG 23:14:55.922] Config(ROLL_RIGHT) Squad/Controls/Azerty/ROLL_RIGHT
[LOG 23:14:55.922] Config(THROTTLE_UP) Squad/Controls/Azerty/THROTTLE_UP
[LOG 23:14:55.922] Config(THROTTLE_DOWN) Squad/Controls/Azerty/THROTTLE_DOWN
[LOG 23:14:55.922] Config(SAS_HOLD) Squad/Controls/Azerty/SAS_HOLD
[LOG 23:14:55.922] Config(SAS_TOGGLE) Squad/Controls/Azerty/SAS_TOGGLE
[LOG 23:14:55.922] Config(LAUNCH_STAGES) Squad/Controls/Azerty/LAUNCH_STAGES
[LOG 23:14:55.922] Config(Docking_toggleRotLin) Squad/Controls/Azerty/Docking_toggleRotLin
[LOG 23:14:55.922] Config(CAMERA_MODE) Squad/Controls/Azerty/CAMERA_MODE
[LOG 23:14:55.922] Config(CAMERA_NEXT) Squad/Controls/Azerty/CAMERA_NEXT
[LOG 23:14:55.922] Config(PAUSE) Squad/Controls/Azerty/PAUSE
[LOG 23:14:55.922] Config(PRECISION_CTRL) Squad/Controls/Azerty/PRECISION_CTRL
[LOG 23:14:55.922] Config(ZOOM_IN) Squad/Controls/Azerty/ZOOM_IN
[LOG 23:14:55.922] Config(ZOOM_OUT) Squad/Controls/Azerty/ZOOM_OUT
[LOG 23:14:55.922] Config(SCROLL_VIEW_UP) Squad/Controls/Azerty/SCROLL_VIEW_UP
[LOG 23:14:55.922] Config(SCROLL_VIEW_DOWN) Squad/Controls/Azerty/SCROLL_VIEW_DOWN
[LOG 23:14:55.922] Config(SCROLL_ICONS_UP) Squad/Controls/Azerty/SCROLL_ICONS_UP
[LOG 23:14:55.923] Config(SCROLL_ICONS_DOWN) Squad/Controls/Azerty/SCROLL_ICONS_DOWN
[LOG 23:14:55.923] Config(CAMERA_ORBIT_UP) Squad/Controls/Azerty/CAMERA_ORBIT_UP
[LOG 23:14:55.923] Config(CAMERA_ORBIT_DOWN) Squad/Controls/Azerty/CAMERA_ORBIT_DOWN
[LOG 23:14:55.923] Config(CAMERA_ORBIT_LEFT) Squad/Controls/Azerty/CAMERA_ORBIT_LEFT
[LOG 23:14:55.923] Config(CAMERA_ORBIT_RIGHT) Squad/Controls/Azerty/CAMERA_ORBIT_RIGHT
[LOG 23:14:55.923] Config(CAMERA_RESET) Squad/Controls/Azerty/CAMERA_RESET
[LOG 23:14:55.923] Config(CAMERA_MOUSE_TOGGLE) Squad/Controls/Azerty/CAMERA_MOUSE_TOGGLE
[LOG 23:14:55.923] Config(TIME_WARP_INCREASE) Squad/Controls/Azerty/TIME_WARP_INCREASE
[LOG 23:14:55.923] Config(TIME_WARP_DECREASE) Squad/Controls/Azerty/TIME_WARP_DECREASE
[LOG 23:14:55.923] Config(TIME_WARP_STOP) Squad/Controls/Azerty/TIME_WARP_STOP
[LOG 23:14:55.923] Config(MAP_VIEW_TOGGLE) Squad/Controls/Azerty/MAP_VIEW_TOGGLE
[LOG 23:14:55.923] Config(NAVBALL_TOGGLE) Squad/Controls/Azerty/NAVBALL_TOGGLE
[LOG 23:14:55.923] Config(UIMODE_STAGING) Squad/Controls/Azerty/UIMODE_STAGING
[LOG 23:14:55.923] Config(UIMODE_DOCKING) Squad/Controls/Azerty/UIMODE_DOCKING
[LOG 23:14:55.923] Config(TRANSLATE_DOWN) Squad/Controls/Azerty/TRANSLATE_DOWN
[LOG 23:14:55.923] Config(TRANSLATE_UP) Squad/Controls/Azerty/TRANSLATE_UP
[LOG 23:14:55.923] Config(TRANSLATE_LEFT) Squad/Controls/Azerty/TRANSLATE_LEFT
[LOG 23:14:55.923] Config(TRANSLATE_RIGHT) Squad/Controls/Azerty/TRANSLATE_RIGHT
[LOG 23:14:55.923] Config(TRANSLATE_FWD) Squad/Controls/Azerty/TRANSLATE_FWD
[LOG 23:14:55.923] Config(TRANSLATE_BACK) Squad/Controls/Azerty/TRANSLATE_BACK
[LOG 23:14:55.923] Config(RCS_TOGGLE) Squad/Controls/Azerty/RCS_TOGGLE
[LOG 23:14:55.923] Config(FOCUS_NEXT_VESSEL) Squad/Controls/Azerty/FOCUS_NEXT_VESSEL
[LOG 23:14:55.923] Config(FOCUS_PREV_VESSEL) Squad/Controls/Azerty/FOCUS_PREV_VESSEL
[LOG 23:14:55.923] Config(TOGGLE_UI) Squad/Controls/Azerty/TOGGLE_UI
[LOG 23:14:55.923] Config(TOGGLE_STATUS_SCREEN) Squad/Controls/Azerty/TOGGLE_STATUS_SCREEN
[LOG 23:14:55.923] Config(TAKE_SCREENSHOT) Squad/Controls/Azerty/TAKE_SCREENSHOT
[LOG 23:14:55.923] Config(TOGGLE_LABELS) Squad/Controls/Azerty/TOGGLE_LABELS
[LOG 23:14:55.923] Config(TOGGLE_TEMP_GAUGES) Squad/Controls/Azerty/TOGGLE_TEMP_GAUGES
[LOG 23:14:55.924] Config(TOGGLE_TEMP_OVERLAY) Squad/Controls/Azerty/TOGGLE_TEMP_OVERLAY
[LOG 23:14:55.924] Config(TOGGLE_FLIGHT_FORCES) Squad/Controls/Azerty/TOGGLE_FLIGHT_FORCES
[LOG 23:14:55.924] Config(QUICKSAVE) Squad/Controls/Azerty/QUICKSAVE
[LOG 23:14:55.924] Config(QUICKLOAD) Squad/Controls/Azerty/QUICKLOAD
[LOG 23:14:55.924] Config(THROTTLE_CUTOFF) Squad/Controls/Azerty/THROTTLE_CUTOFF
[LOG 23:14:55.924] Config(THROTTLE_FULL) Squad/Controls/Azerty/THROTTLE_FULL
[LOG 23:14:55.924] Config(LANDING_GEAR) Squad/Controls/Azerty/LANDING_GEAR
[LOG 23:14:55.924] Config(HEADLIGHT_TOGGLE) Squad/Controls/Azerty/HEADLIGHT_TOGGLE
[LOG 23:14:55.924] Config(BRAKES) Squad/Controls/Azerty/BRAKES
[LOG 23:14:55.924] Config(TOGGLE_SPACENAV_FLIGHT_CONTROL) Squad/Controls/Azerty/TOGGLE_SPACENAV_FLIGHT_CONTROL
[LOG 23:14:55.924] Config(TOGGLE_SPACENAV_ROLL_LOCK) Squad/Controls/Azerty/TOGGLE_SPACENAV_ROLL_LOCK
[LOG 23:14:55.924] Config(WHEEL_STEER_LEFT) Squad/Controls/Azerty/WHEEL_STEER_LEFT
[LOG 23:14:55.924] Config(WHEEL_STEER_RIGHT) Squad/Controls/Azerty/WHEEL_STEER_RIGHT
[LOG 23:14:55.924] Config(WHEEL_THROTTLE_DOWN) Squad/Controls/Azerty/WHEEL_THROTTLE_DOWN
[LOG 23:14:55.924] Config(WHEEL_THROTTLE_UP) Squad/Controls/Azerty/WHEEL_THROTTLE_UP
[LOG 23:14:55.924] Config(EVA_forward) Squad/Controls/Azerty/EVA_forward
[LOG 23:14:55.924] Config(EVA_back) Squad/Controls/Azerty/EVA_back
[LOG 23:14:55.924] Config(EVA_left) Squad/Controls/Azerty/EVA_left
[LOG 23:14:55.924] Config(EVA_right) Squad/Controls/Azerty/EVA_right
[LOG 23:14:55.924] Config(EVA_yaw_left) Squad/Controls/Azerty/EVA_yaw_left
[LOG 23:14:55.924] Config(EVA_yaw_right) Squad/Controls/Azerty/EVA_yaw_right
[LOG 23:14:55.924] Config(EVA_Pack_forward) Squad/Controls/Azerty/EVA_Pack_forward
[LOG 23:14:55.924] Config(EVA_Pack_back) Squad/Controls/Azerty/EVA_Pack_back
[LOG 23:14:55.924] Config(EVA_Pack_left) Squad/Controls/Azerty/EVA_Pack_left
[LOG 23:14:55.924] Config(EVA_Pack_right) Squad/Controls/Azerty/EVA_Pack_right
[LOG 23:14:55.924] Config(EVA_Pack_up) Squad/Controls/Azerty/EVA_Pack_up
[LOG 23:14:55.924] Config(EVA_Pack_down) Squad/Controls/Azerty/EVA_Pack_down
[LOG 23:14:55.924] Config(EVA_Jump) Squad/Controls/Azerty/EVA_Jump
[LOG 23:14:55.924] Config(EVA_Run) Squad/Controls/Azerty/EVA_Run
[LOG 23:14:55.925] Config(EVA_ToggleMovementMode) Squad/Controls/Azerty/EVA_ToggleMovementMode
[LOG 23:14:55.925] Config(EVA_TogglePack) Squad/Controls/Azerty/EVA_TogglePack
[LOG 23:14:55.925] Config(EVA_Use) Squad/Controls/Azerty/EVA_Use
[LOG 23:14:55.925] Config(EVA_Board) Squad/Controls/Azerty/EVA_Board
[LOG 23:14:55.925] Config(EVA_Orient) Squad/Controls/Azerty/EVA_Orient
[LOG 23:14:55.925] Config(EVA_Lights) Squad/Controls/Azerty/EVA_Lights
[LOG 23:14:55.925] Config(EVA_ChuteDeploy) Squad/Controls/Azerty/EVA_ChuteDeploy
[LOG 23:14:55.925] Config(Editor_pitchUp) Squad/Controls/Azerty/Editor_pitchUp
[LOG 23:14:55.925] Config(Editor_pitchDown) Squad/Controls/Azerty/Editor_pitchDown
[LOG 23:14:55.925] Config(Editor_yawLeft) Squad/Controls/Azerty/Editor_yawLeft
[LOG 23:14:55.925] Config(Editor_yawRight) Squad/Controls/Azerty/Editor_yawRight
[LOG 23:14:55.925] Config(Editor_rollLeft) Squad/Controls/Azerty/Editor_rollLeft
[LOG 23:14:55.925] Config(Editor_rollRight) Squad/Controls/Azerty/Editor_rollRight
[LOG 23:14:55.925] Config(Editor_resetRotation) Squad/Controls/Azerty/Editor_resetRotation
[LOG 23:14:55.925] Config(Editor_modePlace) Squad/Controls/Azerty/Editor_modePlace
[LOG 23:14:55.925] Config(Editor_modeOffset) Squad/Controls/Azerty/Editor_modeOffset
[LOG 23:14:55.925] Config(Editor_modeRotate) Squad/Controls/Azerty/Editor_modeRotate
[LOG 23:14:55.925] Config(Editor_modeRoot) Squad/Controls/Azerty/Editor_modeRoot
[LOG 23:14:55.925] Config(Editor_coordSystem) Squad/Controls/Azerty/Editor_coordSystem
[LOG 23:14:55.925] Config(Editor_toggleSymMethod) Squad/Controls/Azerty/Editor_toggleSymMethod
[LOG 23:14:55.925] Config(Editor_toggleSymMode) Squad/Controls/Azerty/Editor_toggleSymMode
[LOG 23:14:55.925] Config(Editor_toggleAngleSnap) Squad/Controls/Azerty/Editor_toggleAngleSnap
[LOG 23:14:55.925] Config(Editor_fineTweak) Squad/Controls/Azerty/Editor_fineTweak
[LOG 23:14:55.925] Config(Editor_partSearch) Squad/Controls/Azerty/Editor_partSearch
[LOG 23:14:55.925] Config(Editor_zoomScrollModifier) Squad/Controls/Azerty/Editor_zoomScrollModifier
[LOG 23:14:55.925] Config(MODIFIER_KEY) Squad/Controls/Azerty/MODIFIER_KEY
[LOG 23:14:55.925] Config(AbortActionGroup) Squad/Controls/Azerty/AbortActionGroup
[LOG 23:14:55.925] Config(CustomActionGroup1) Squad/Controls/Azerty/CustomActionGroup1
[LOG 23:14:55.926] Config(CustomActionGroup2) Squad/Controls/Azerty/CustomActionGroup2
[LOG 23:14:55.926] Config(CustomActionGroup3) Squad/Controls/Azerty/CustomActionGroup3
[LOG 23:14:55.926] Config(CustomActionGroup4) Squad/Controls/Azerty/CustomActionGroup4
[LOG 23:14:55.926] Config(CustomActionGroup5) Squad/Controls/Azerty/CustomActionGroup5
[LOG 23:14:55.926] Config(CustomActionGroup6) Squad/Controls/Azerty/CustomActionGroup6
[LOG 23:14:55.926] Config(CustomActionGroup7) Squad/Controls/Azerty/CustomActionGroup7
[LOG 23:14:55.926] Config(CustomActionGroup8) Squad/Controls/Azerty/CustomActionGroup8
[LOG 23:14:55.926] Config(CustomActionGroup9) Squad/Controls/Azerty/CustomActionGroup9
[LOG 23:14:55.926] Config(CustomActionGroup10) Squad/Controls/Azerty/CustomActionGroup10
[LOG 23:14:55.926] Config(KEY_MAP) Squad/Controls/Azerty/KEY_MAP
[LOG 23:14:55.926] Config(KEYBOARD_LAYOUT) Squad/Controls/Dvorak/#autoLOC_6001234
[LOG 23:14:55.926] Config(PITCH_DOWN) Squad/Controls/Dvorak/PITCH_DOWN
[LOG 23:14:55.926] Config(PITCH_UP) Squad/Controls/Dvorak/PITCH_UP
[LOG 23:14:55.926] Config(YAW_LEFT) Squad/Controls/Dvorak/YAW_LEFT
[LOG 23:14:55.926] Config(YAW_RIGHT) Squad/Controls/Dvorak/YAW_RIGHT
[LOG 23:14:55.926] Config(ROLL_LEFT) Squad/Controls/Dvorak/ROLL_LEFT
[LOG 23:14:55.926] Config(ROLL_RIGHT) Squad/Controls/Dvorak/ROLL_RIGHT
[LOG 23:14:55.926] Config(THROTTLE_UP) Squad/Controls/Dvorak/THROTTLE_UP
[LOG 23:14:55.926] Config(THROTTLE_DOWN) Squad/Controls/Dvorak/THROTTLE_DOWN
[LOG 23:14:55.926] Config(SAS_HOLD) Squad/Controls/Dvorak/SAS_HOLD
[LOG 23:14:55.926] Config(SAS_TOGGLE) Squad/Controls/Dvorak/SAS_TOGGLE
[LOG 23:14:55.926] Config(LAUNCH_STAGES) Squad/Controls/Dvorak/LAUNCH_STAGES
[LOG 23:14:55.926] Config(Docking_toggleRotLin) Squad/Controls/Dvorak/Docking_toggleRotLin
[LOG 23:14:55.926] Config(CAMERA_MODE) Squad/Controls/Dvorak/CAMERA_MODE
[LOG 23:14:55.926] Config(CAMERA_NEXT) Squad/Controls/Dvorak/CAMERA_NEXT
[LOG 23:14:55.926] Config(PAUSE) Squad/Controls/Dvorak/PAUSE
[LOG 23:14:55.927] Config(PRECISION_CTRL) Squad/Controls/Dvorak/PRECISION_CTRL
[LOG 23:14:55.927] Config(ZOOM_IN) Squad/Controls/Dvorak/ZOOM_IN
[LOG 23:14:55.927] Config(ZOOM_OUT) Squad/Controls/Dvorak/ZOOM_OUT
[LOG 23:14:55.927] Config(SCROLL_VIEW_UP) Squad/Controls/Dvorak/SCROLL_VIEW_UP
[LOG 23:14:55.927] Config(SCROLL_VIEW_DOWN) Squad/Controls/Dvorak/SCROLL_VIEW_DOWN
[LOG 23:14:55.927] Config(SCROLL_ICONS_UP) Squad/Controls/Dvorak/SCROLL_ICONS_UP
[LOG 23:14:55.927] Config(SCROLL_ICONS_DOWN) Squad/Controls/Dvorak/SCROLL_ICONS_DOWN
[LOG 23:14:55.927] Config(CAMERA_ORBIT_UP) Squad/Controls/Dvorak/CAMERA_ORBIT_UP
[LOG 23:14:55.927] Config(CAMERA_ORBIT_DOWN) Squad/Controls/Dvorak/CAMERA_ORBIT_DOWN
[LOG 23:14:55.927] Config(CAMERA_ORBIT_LEFT) Squad/Controls/Dvorak/CAMERA_ORBIT_LEFT
[LOG 23:14:55.927] Config(CAMERA_ORBIT_RIGHT) Squad/Controls/Dvorak/CAMERA_ORBIT_RIGHT
[LOG 23:14:55.927] Config(CAMERA_RESET) Squad/Controls/Dvorak/CAMERA_RESET
[LOG 23:14:55.927] Config(CAMERA_MOUSE_TOGGLE) Squad/Controls/Dvorak/CAMERA_MOUSE_TOGGLE
[LOG 23:14:55.927] Config(TIME_WARP_INCREASE) Squad/Controls/Dvorak/TIME_WARP_INCREASE
[LOG 23:14:55.927] Config(TIME_WARP_DECREASE) Squad/Controls/Dvorak/TIME_WARP_DECREASE
[LOG 23:14:55.927] Config(TIME_WARP_STOP) Squad/Controls/Dvorak/TIME_WARP_STOP
[LOG 23:14:55.927] Config(MAP_VIEW_TOGGLE) Squad/Controls/Dvorak/MAP_VIEW_TOGGLE
[LOG 23:14:55.927] Config(NAVBALL_TOGGLE) Squad/Controls/Dvorak/NAVBALL_TOGGLE
[LOG 23:14:55.927] Config(UIMODE_STAGING) Squad/Controls/Dvorak/UIMODE_STAGING
[LOG 23:14:55.927] Config(UIMODE_DOCKING) Squad/Controls/Dvorak/UIMODE_DOCKING
[LOG 23:14:55.927] Config(TRANSLATE_DOWN) Squad/Controls/Dvorak/TRANSLATE_DOWN
[LOG 23:14:55.927] Config(TRANSLATE_UP) Squad/Controls/Dvorak/TRANSLATE_UP
[LOG 23:14:55.927] Config(TRANSLATE_LEFT) Squad/Controls/Dvorak/TRANSLATE_LEFT
[LOG 23:14:55.927] Config(TRANSLATE_RIGHT) Squad/Controls/Dvorak/TRANSLATE_RIGHT
[LOG 23:14:55.927] Config(TRANSLATE_FWD) Squad/Controls/Dvorak/TRANSLATE_FWD
[LOG 23:14:55.927] Config(TRANSLATE_BACK) Squad/Controls/Dvorak/TRANSLATE_BACK
[LOG 23:14:55.928] Config(RCS_TOGGLE) Squad/Controls/Dvorak/RCS_TOGGLE
[LOG 23:14:55.928] Config(FOCUS_NEXT_VESSEL) Squad/Controls/Dvorak/FOCUS_NEXT_VESSEL
[LOG 23:14:55.928] Config(FOCUS_PREV_VESSEL) Squad/Controls/Dvorak/FOCUS_PREV_VESSEL
[LOG 23:14:55.928] Config(TOGGLE_UI) Squad/Controls/Dvorak/TOGGLE_UI
[LOG 23:14:55.928] Config(TOGGLE_STATUS_SCREEN) Squad/Controls/Dvorak/TOGGLE_STATUS_SCREEN
[LOG 23:14:55.928] Config(TAKE_SCREENSHOT) Squad/Controls/Dvorak/TAKE_SCREENSHOT
[LOG 23:14:55.928] Config(TOGGLE_LABELS) Squad/Controls/Dvorak/TOGGLE_LABELS
[LOG 23:14:55.928] Config(TOGGLE_TEMP_GAUGES) Squad/Controls/Dvorak/TOGGLE_TEMP_GAUGES
[LOG 23:14:55.928] Config(TOGGLE_TEMP_OVERLAY) Squad/Controls/Dvorak/TOGGLE_TEMP_OVERLAY
[LOG 23:14:55.928] Config(TOGGLE_FLIGHT_FORCES) Squad/Controls/Dvorak/TOGGLE_FLIGHT_FORCES
[LOG 23:14:55.928] Config(QUICKSAVE) Squad/Controls/Dvorak/QUICKSAVE
[LOG 23:14:55.928] Config(QUICKLOAD) Squad/Controls/Dvorak/QUICKLOAD
[LOG 23:14:55.928] Config(THROTTLE_CUTOFF) Squad/Controls/Dvorak/THROTTLE_CUTOFF
[LOG 23:14:55.928] Config(THROTTLE_FULL) Squad/Controls/Dvorak/THROTTLE_FULL
[LOG 23:14:55.928] Config(LANDING_GEAR) Squad/Controls/Dvorak/LANDING_GEAR
[LOG 23:14:55.928] Config(HEADLIGHT_TOGGLE) Squad/Controls/Dvorak/HEADLIGHT_TOGGLE
[LOG 23:14:55.928] Config(BRAKES) Squad/Controls/Dvorak/BRAKES
[LOG 23:14:55.928] Config(TOGGLE_SPACENAV_FLIGHT_CONTROL) Squad/Controls/Dvorak/TOGGLE_SPACENAV_FLIGHT_CONTROL
[LOG 23:14:55.928] Config(TOGGLE_SPACENAV_ROLL_LOCK) Squad/Controls/Dvorak/TOGGLE_SPACENAV_ROLL_LOCK
[LOG 23:14:55.928] Config(WHEEL_STEER_LEFT) Squad/Controls/Dvorak/WHEEL_STEER_LEFT
[LOG 23:14:55.928] Config(WHEEL_STEER_RIGHT) Squad/Controls/Dvorak/WHEEL_STEER_RIGHT
[LOG 23:14:55.928] Config(WHEEL_THROTTLE_DOWN) Squad/Controls/Dvorak/WHEEL_THROTTLE_DOWN
[LOG 23:14:55.928] Config(WHEEL_THROTTLE_UP) Squad/Controls/Dvorak/WHEEL_THROTTLE_UP
[LOG 23:14:55.929] Config(EVA_forward) Squad/Controls/Dvorak/EVA_forward
[LOG 23:14:55.929] Config(EVA_back) Squad/Controls/Dvorak/EVA_back
[LOG 23:14:55.929] Config(EVA_left) Squad/Controls/Dvorak/EVA_left
[LOG 23:14:55.929] Config(EVA_right) Squad/Controls/Dvorak/EVA_right
[LOG 23:14:55.929] Config(EVA_yaw_left) Squad/Controls/Dvorak/EVA_yaw_left
[LOG 23:14:55.929] Config(EVA_yaw_right) Squad/Controls/Dvorak/EVA_yaw_right
[LOG 23:14:55.929] Config(EVA_Pack_forward) Squad/Controls/Dvorak/EVA_Pack_forward
[LOG 23:14:55.929] Config(EVA_Pack_back) Squad/Controls/Dvorak/EVA_Pack_back
[LOG 23:14:55.929] Config(EVA_Pack_left) Squad/Controls/Dvorak/EVA_Pack_left
[LOG 23:14:55.929] Config(EVA_Pack_right) Squad/Controls/Dvorak/EVA_Pack_right
[LOG 23:14:55.929] Config(EVA_Pack_up) Squad/Controls/Dvorak/EVA_Pack_up
[LOG 23:14:55.929] Config(EVA_Pack_down) Squad/Controls/Dvorak/EVA_Pack_down
[LOG 23:14:55.929] Config(EVA_Jump) Squad/Controls/Dvorak/EVA_Jump
[LOG 23:14:55.929] Config(EVA_Run) Squad/Controls/Dvorak/EVA_Run
[LOG 23:14:55.929] Config(EVA_ToggleMovementMode) Squad/Controls/Dvorak/EVA_ToggleMovementMode
[LOG 23:14:55.929] Config(EVA_TogglePack) Squad/Controls/Dvorak/EVA_TogglePack
[LOG 23:14:55.929] Config(EVA_Use) Squad/Controls/Dvorak/EVA_Use
[LOG 23:14:55.929] Config(EVA_Board) Squad/Controls/Dvorak/EVA_Board
[LOG 23:14:55.929] Config(EVA_Orient) Squad/Controls/Dvorak/EVA_Orient
[LOG 23:14:55.929] Config(EVA_Lights) Squad/Controls/Dvorak/EVA_Lights
[LOG 23:14:55.929] Config(EVA_ChuteDeploy) Squad/Controls/Dvorak/EVA_ChuteDeploy
[LOG 23:14:55.929] Config(Editor_pitchUp) Squad/Controls/Dvorak/Editor_pitchUp
[LOG 23:14:55.929] Config(Editor_pitchDown) Squad/Controls/Dvorak/Editor_pitchDown
[LOG 23:14:55.929] Config(Editor_yawLeft) Squad/Controls/Dvorak/Editor_yawLeft
[LOG 23:14:55.929] Config(Editor_yawRight) Squad/Controls/Dvorak/Editor_yawRight
[LOG 23:14:55.929] Config(Editor_rollLeft) Squad/Controls/Dvorak/Editor_rollLeft
[LOG 23:14:55.930] Config(Editor_rollRight) Squad/Controls/Dvorak/Editor_rollRight
[LOG 23:14:55.930] Config(Editor_resetRotation) Squad/Controls/Dvorak/Editor_resetRotation
[LOG 23:14:55.930] Config(Editor_modePlace) Squad/Controls/Dvorak/Editor_modePlace
[LOG 23:14:55.930] Config(Editor_modeOffset) Squad/Controls/Dvorak/Editor_modeOffset
[LOG 23:14:55.930] Config(Editor_modeRotate) Squad/Controls/Dvorak/Editor_modeRotate
[LOG 23:14:55.930] Config(Editor_modeRoot) Squad/Controls/Dvorak/Editor_modeRoot
[LOG 23:14:55.930] Config(Editor_coordSystem) Squad/Controls/Dvorak/Editor_coordSystem
[LOG 23:14:55.930] Config(Editor_toggleSymMethod) Squad/Controls/Dvorak/Editor_toggleSymMethod
[LOG 23:14:55.930] Config(Editor_toggleSymMode) Squad/Controls/Dvorak/Editor_toggleSymMode
[LOG 23:14:55.930] Config(Editor_toggleAngleSnap) Squad/Controls/Dvorak/Editor_toggleAngleSnap
[LOG 23:14:55.930] Config(Editor_fineTweak) Squad/Controls/Dvorak/Editor_fineTweak
[LOG 23:14:55.930] Config(Editor_partSearch) Squad/Controls/Dvorak/Editor_partSearch
[LOG 23:14:55.930] Config(Editor_zoomScrollModifier) Squad/Controls/Dvorak/Editor_zoomScrollModifier
[LOG 23:14:55.930] Config(MODIFIER_KEY) Squad/Controls/Dvorak/MODIFIER_KEY
[LOG 23:14:55.930] Config(AbortActionGroup) Squad/Controls/Dvorak/AbortActionGroup
[LOG 23:14:55.930] Config(CustomActionGroup1) Squad/Controls/Dvorak/CustomActionGroup1
[LOG 23:14:55.930] Config(CustomActionGroup2) Squad/Controls/Dvorak/CustomActionGroup2
[LOG 23:14:55.930] Config(CustomActionGroup3) Squad/Controls/Dvorak/CustomActionGroup3
[LOG 23:14:55.930] Config(CustomActionGroup4) Squad/Controls/Dvorak/CustomActionGroup4
[LOG 23:14:55.930] Config(CustomActionGroup5) Squad/Controls/Dvorak/CustomActionGroup5
[LOG 23:14:55.931] Config(CustomActionGroup6) Squad/Controls/Dvorak/CustomActionGroup6
[LOG 23:14:55.931] Config(CustomActionGroup7) Squad/Controls/Dvorak/CustomActionGroup7
[LOG 23:14:55.931] Config(CustomActionGroup8) Squad/Controls/Dvorak/CustomActionGroup8
[LOG 23:14:55.931] Config(CustomActionGroup9) Squad/Controls/Dvorak/CustomActionGroup9
[LOG 23:14:55.931] Config(CustomActionGroup10) Squad/Controls/Dvorak/CustomActionGroup10
[LOG 23:14:55.931] Config(KEY_MAP) Squad/Controls/Dvorak/KEY_MAP
[LOG 23:14:55.931] Config(KEYBOARD_LAYOUT) Squad/Controls/Qwerty/#autoLOC_6001227
[LOG 23:14:55.931] Config(PITCH_DOWN) Squad/Controls/Qwerty/PITCH_DOWN
[LOG 23:14:55.931] Config(PITCH_UP) Squad/Controls/Qwerty/PITCH_UP
[LOG 23:14:55.931] Config(YAW_LEFT) Squad/Controls/Qwerty/YAW_LEFT
[LOG 23:14:55.931] Config(YAW_RIGHT) Squad/Controls/Qwerty/YAW_RIGHT
[LOG 23:14:55.931] Config(ROLL_LEFT) Squad/Controls/Qwerty/ROLL_LEFT
[LOG 23:14:55.931] Config(ROLL_RIGHT) Squad/Controls/Qwerty/ROLL_RIGHT
[LOG 23:14:55.931] Config(THROTTLE_UP) Squad/Controls/Qwerty/THROTTLE_UP
[LOG 23:14:55.931] Config(THROTTLE_DOWN) Squad/Controls/Qwerty/THROTTLE_DOWN
[LOG 23:14:55.931] Config(SAS_HOLD) Squad/Controls/Qwerty/SAS_HOLD
[LOG 23:14:55.931] Config(SAS_TOGGLE) Squad/Controls/Qwerty/SAS_TOGGLE
[LOG 23:14:55.931] Config(LAUNCH_STAGES) Squad/Controls/Qwerty/LAUNCH_STAGES
[LOG 23:14:55.931] Config(Docking_toggleRotLin) Squad/Controls/Qwerty/Docking_toggleRotLin
[LOG 23:14:55.932] Config(CAMERA_MODE) Squad/Controls/Qwerty/CAMERA_MODE
[LOG 23:14:55.932] Config(CAMERA_NEXT) Squad/Controls/Qwerty/CAMERA_NEXT
[LOG 23:14:55.932] Config(PAUSE) Squad/Controls/Qwerty/PAUSE
[LOG 23:14:55.932] Config(PRECISION_CTRL) Squad/Controls/Qwerty/PRECISION_CTRL
[LOG 23:14:55.932] Config(ZOOM_IN) Squad/Controls/Qwerty/ZOOM_IN
[LOG 23:14:55.932] Config(ZOOM_OUT) Squad/Controls/Qwerty/ZOOM_OUT
[LOG 23:14:55.932] Config(SCROLL_VIEW_UP) Squad/Controls/Qwerty/SCROLL_VIEW_UP
[LOG 23:14:55.932] Config(SCROLL_VIEW_DOWN) Squad/Controls/Qwerty/SCROLL_VIEW_DOWN
[LOG 23:14:55.932] Config(SCROLL_ICONS_UP) Squad/Controls/Qwerty/SCROLL_ICONS_UP
[LOG 23:14:55.932] Config(SCROLL_ICONS_DOWN) Squad/Controls/Qwerty/SCROLL_ICONS_DOWN
[LOG 23:14:55.932] Config(CAMERA_ORBIT_UP) Squad/Controls/Qwerty/CAMERA_ORBIT_UP
[LOG 23:14:55.932] Config(CAMERA_ORBIT_DOWN) Squad/Controls/Qwerty/CAMERA_ORBIT_DOWN
[LOG 23:14:55.932] Config(CAMERA_ORBIT_LEFT) Squad/Controls/Qwerty/CAMERA_ORBIT_LEFT
[LOG 23:14:55.932] Config(CAMERA_ORBIT_RIGHT) Squad/Controls/Qwerty/CAMERA_ORBIT_RIGHT
[LOG 23:14:55.932] Config(CAMERA_RESET) Squad/Controls/Qwerty/CAMERA_RESET
[LOG 23:14:55.932] Config(CAMERA_MOUSE_TOGGLE) Squad/Controls/Qwerty/CAMERA_MOUSE_TOGGLE
[LOG 23:14:55.932] Config(TIME_WARP_INCREASE) Squad/Controls/Qwerty/TIME_WARP_INCREASE
[LOG 23:14:55.932] Config(TIME_WARP_DECREASE) Squad/Controls/Qwerty/TIME_WARP_DECREASE
[LOG 23:14:55.932] Config(TIME_WARP_STOP) Squad/Controls/Qwerty/TIME_WARP_STOP
[LOG 23:14:55.932] Config(MAP_VIEW_TOGGLE) Squad/Controls/Qwerty/MAP_VIEW_TOGGLE
[LOG 23:14:55.932] Config(NAVBALL_TOGGLE) Squad/Controls/Qwerty/NAVBALL_TOGGLE
[LOG 23:14:55.932] Config(UIMODE_STAGING) Squad/Controls/Qwerty/UIMODE_STAGING
[LOG 23:14:55.933] Config(UIMODE_DOCKING) Squad/Controls/Qwerty/UIMODE_DOCKING
[LOG 23:14:55.933] Config(TRANSLATE_DOWN) Squad/Controls/Qwerty/TRANSLATE_DOWN
[LOG 23:14:55.933] Config(TRANSLATE_UP) Squad/Controls/Qwerty/TRANSLATE_UP
[LOG 23:14:55.933] Config(TRANSLATE_LEFT) Squad/Controls/Qwerty/TRANSLATE_LEFT
[LOG 23:14:55.933] Config(TRANSLATE_RIGHT) Squad/Controls/Qwerty/TRANSLATE_RIGHT
[LOG 23:14:55.933] Config(TRANSLATE_FWD) Squad/Controls/Qwerty/TRANSLATE_FWD
[LOG 23:14:55.933] Config(TRANSLATE_BACK) Squad/Controls/Qwerty/TRANSLATE_BACK
[LOG 23:14:55.933] Config(RCS_TOGGLE) Squad/Controls/Qwerty/RCS_TOGGLE
[LOG 23:14:55.933] Config(FOCUS_NEXT_VESSEL) Squad/Controls/Qwerty/FOCUS_NEXT_VESSEL
[LOG 23:14:55.933] Config(FOCUS_PREV_VESSEL) Squad/Controls/Qwerty/FOCUS_PREV_VESSEL
[LOG 23:14:55.933] Config(TOGGLE_UI) Squad/Controls/Qwerty/TOGGLE_UI
[LOG 23:14:55.933] Config(TOGGLE_STATUS_SCREEN) Squad/Controls/Qwerty/TOGGLE_STATUS_SCREEN
[LOG 23:14:55.933] Config(TAKE_SCREENSHOT) Squad/Controls/Qwerty/TAKE_SCREENSHOT
[LOG 23:14:55.933] Config(TOGGLE_LABELS) Squad/Controls/Qwerty/TOGGLE_LABELS
[LOG 23:14:55.933] Config(TOGGLE_TEMP_GAUGES) Squad/Controls/Qwerty/TOGGLE_TEMP_GAUGES
[LOG 23:14:55.933] Config(TOGGLE_TEMP_OVERLAY) Squad/Controls/Qwerty/TOGGLE_TEMP_OVERLAY
[LOG 23:14:55.933] Config(TOGGLE_FLIGHT_FORCES) Squad/Controls/Qwerty/TOGGLE_FLIGHT_FORCES
[LOG 23:14:55.933] Config(QUICKSAVE) Squad/Controls/Qwerty/QUICKSAVE
[LOG 23:14:55.933] Config(QUICKLOAD) Squad/Controls/Qwerty/QUICKLOAD
[LOG 23:14:55.933] Config(THROTTLE_CUTOFF) Squad/Controls/Qwerty/THROTTLE_CUTOFF
[LOG 23:14:55.933] Config(THROTTLE_FULL) Squad/Controls/Qwerty/THROTTLE_FULL
[LOG 23:14:55.933] Config(LANDING_GEAR) Squad/Controls/Qwerty/LANDING_GEAR
[LOG 23:14:55.933] Config(HEADLIGHT_TOGGLE) Squad/Controls/Qwerty/HEADLIGHT_TOGGLE
[LOG 23:14:55.933] Config(BRAKES) Squad/Controls/Qwerty/BRAKES
[LOG 23:14:55.933] Config(TOGGLE_SPACENAV_FLIGHT_CONTROL) Squad/Controls/Qwerty/TOGGLE_SPACENAV_FLIGHT_CONTROL
[LOG 23:14:55.933] Config(TOGGLE_SPACENAV_ROLL_LOCK) Squad/Controls/Qwerty/TOGGLE_SPACENAV_ROLL_LOCK
[LOG 23:14:55.933] Config(WHEEL_STEER_LEFT) Squad/Controls/Qwerty/WHEEL_STEER_LEFT
[LOG 23:14:55.933] Config(WHEEL_STEER_RIGHT) Squad/Controls/Qwerty/WHEEL_STEER_RIGHT
[LOG 23:14:55.933] Config(WHEEL_THROTTLE_DOWN) Squad/Controls/Qwerty/WHEEL_THROTTLE_DOWN
[LOG 23:14:55.934] Config(WHEEL_THROTTLE_UP) Squad/Controls/Qwerty/WHEEL_THROTTLE_UP
[LOG 23:14:55.934] Config(EVA_forward) Squad/Controls/Qwerty/EVA_forward
[LOG 23:14:55.934] Config(EVA_back) Squad/Controls/Qwerty/EVA_back
[LOG 23:14:55.934] Config(EVA_left) Squad/Controls/Qwerty/EVA_left
[LOG 23:14:55.934] Config(EVA_right) Squad/Controls/Qwerty/EVA_right
[LOG 23:14:55.934] Config(EVA_yaw_left) Squad/Controls/Qwerty/EVA_yaw_left
[LOG 23:14:55.934] Config(EVA_yaw_right) Squad/Controls/Qwerty/EVA_yaw_right
[LOG 23:14:55.934] Config(EVA_Pack_forward) Squad/Controls/Qwerty/EVA_Pack_forward
[LOG 23:14:55.934] Config(EVA_Pack_back) Squad/Controls/Qwerty/EVA_Pack_back
[LOG 23:14:55.934] Config(EVA_Pack_left) Squad/Controls/Qwerty/EVA_Pack_left
[LOG 23:14:55.934] Config(EVA_Pack_right) Squad/Controls/Qwerty/EVA_Pack_right
[LOG 23:14:55.934] Config(EVA_Pack_up) Squad/Controls/Qwerty/EVA_Pack_up
[LOG 23:14:55.934] Config(EVA_Pack_down) Squad/Controls/Qwerty/EVA_Pack_down
[LOG 23:14:55.934] Config(EVA_Jump) Squad/Controls/Qwerty/EVA_Jump
[LOG 23:14:55.934] Config(EVA_Run) Squad/Controls/Qwerty/EVA_Run
[LOG 23:14:55.934] Config(EVA_ToggleMovementMode) Squad/Controls/Qwerty/EVA_ToggleMovementMode
[LOG 23:14:55.934] Config(EVA_TogglePack) Squad/Controls/Qwerty/EVA_TogglePack
[LOG 23:14:55.934] Config(EVA_Use) Squad/Controls/Qwerty/EVA_Use
[LOG 23:14:55.934] Config(EVA_Board) Squad/Controls/Qwerty/EVA_Board
[LOG 23:14:55.934] Config(EVA_Orient) Squad/Controls/Qwerty/EVA_Orient
[LOG 23:14:55.934] Config(EVA_Lights) Squad/Controls/Qwerty/EVA_Lights
[LOG 23:14:55.934] Config(EVA_ChuteDeploy) Squad/Controls/Qwerty/EVA_ChuteDeploy
[LOG 23:14:55.934] Config(Editor_pitchUp) Squad/Controls/Qwerty/Editor_pitchUp
[LOG 23:14:55.934] Config(Editor_pitchDown) Squad/Controls/Qwerty/Editor_pitchDown
[LOG 23:14:55.934] Config(Editor_yawLeft) Squad/Controls/Qwerty/Editor_yawLeft
[LOG 23:14:55.934] Config(Editor_yawRight) Squad/Controls/Qwerty/Editor_yawRight
[LOG 23:14:55.934] Config(Editor_rollLeft) Squad/Controls/Qwerty/Editor_rollLeft
[LOG 23:14:55.934] Config(Editor_rollRight) Squad/Controls/Qwerty/Editor_rollRight
[LOG 23:14:55.935] Config(Editor_resetRotation) Squad/Controls/Qwerty/Editor_resetRotation
[LOG 23:14:55.935] Config(Editor_modePlace) Squad/Controls/Qwerty/Editor_modePlace
[LOG 23:14:55.935] Config(Editor_modeOffset) Squad/Controls/Qwerty/Editor_modeOffset
[LOG 23:14:55.935] Config(Editor_modeRotate) Squad/Controls/Qwerty/Editor_modeRotate
[LOG 23:14:55.935] Config(Editor_modeRoot) Squad/Controls/Qwerty/Editor_modeRoot
[LOG 23:14:55.935] Config(Editor_coordSystem) Squad/Controls/Qwerty/Editor_coordSystem
[LOG 23:14:55.935] Config(Editor_toggleSymMethod) Squad/Controls/Qwerty/Editor_toggleSymMethod
[LOG 23:14:55.935] Config(Editor_toggleSymMode) Squad/Controls/Qwerty/Editor_toggleSymMode
[LOG 23:14:55.935] Config(Editor_toggleAngleSnap) Squad/Controls/Qwerty/Editor_toggleAngleSnap
[LOG 23:14:55.935] Config(Editor_fineTweak) Squad/Controls/Qwerty/Editor_fineTweak
[LOG 23:14:55.935] Config(Editor_partSearch) Squad/Controls/Qwerty/Editor_partSearch
[LOG 23:14:55.935] Config(Editor_zoomScrollModifier) Squad/Controls/Qwerty/Editor_zoomScrollModifier
[LOG 23:14:55.935] Config(MODIFIER_KEY) Squad/Controls/Qwerty/MODIFIER_KEY
[LOG 23:14:55.935] Config(AbortActionGroup) Squad/Controls/Qwerty/AbortActionGroup
[LOG 23:14:55.935] Config(CustomActionGroup1) Squad/Controls/Qwerty/CustomActionGroup1
[LOG 23:14:55.935] Config(CustomActionGroup2) Squad/Controls/Qwerty/CustomActionGroup2
[LOG 23:14:55.935] Config(CustomActionGroup3) Squad/Controls/Qwerty/CustomActionGroup3
[LOG 23:14:55.935] Config(CustomActionGroup4) Squad/Controls/Qwerty/CustomActionGroup4
[LOG 23:14:55.936] Config(CustomActionGroup5) Squad/Controls/Qwerty/CustomActionGroup5
[LOG 23:14:55.936] Config(CustomActionGroup6) Squad/Controls/Qwerty/CustomActionGroup6
[LOG 23:14:55.936] Config(CustomActionGroup7) Squad/Controls/Qwerty/CustomActionGroup7
[LOG 23:14:55.936] Config(CustomActionGroup8) Squad/Controls/Qwerty/CustomActionGroup8
[LOG 23:14:55.936] Config(CustomActionGroup9) Squad/Controls/Qwerty/CustomActionGroup9
[LOG 23:14:55.936] Config(CustomActionGroup10) Squad/Controls/Qwerty/CustomActionGroup10
[LOG 23:14:55.936] Config(KEY_MAP) Squad/Controls/Qwerty/KEY_MAP
[LOG 23:14:55.936] Config(KEYBOARD_LAYOUT) Squad/Controls/Qwerty_en-GB/#autoLOC_6001228
[LOG 23:14:55.936] Config(KEY_MAP) Squad/Controls/Qwerty_en-GB/KEY_MAP
[LOG 23:14:55.936] Config(KEYBOARD_LAYOUT) Squad/Controls/Qwerty_es-LA/#autoLOC_6001229
[LOG 23:14:55.936] Config(CAMERA_MOUSE_TOGGLE) Squad/Controls/Qwerty_es-LA/CAMERA_MOUSE_TOGGLE
[LOG 23:14:55.936] Config(TIME_WARP_STOP) Squad/Controls/Qwerty_es-LA/TIME_WARP_STOP
[LOG 23:14:55.936] Config(FOCUS_NEXT_VESSEL) Squad/Controls/Qwerty_es-LA/FOCUS_NEXT_VESSEL
[LOG 23:14:55.936] Config(FOCUS_PREV_VESSEL) Squad/Controls/Qwerty_es-LA/FOCUS_PREV_VESSEL
[LOG 23:14:55.936] Config(CAMERA_RESET) Squad/Controls/Qwerty_es-LA/CAMERA_RESET
[LOG 23:14:55.936] Config(Editor_partSearch) Squad/Controls/Qwerty_es-LA/Editor_partSearch
[LOG 23:14:55.936] Config(KEY_MAP) Squad/Controls/Qwerty_es-LA/KEY_MAP
[LOG 23:14:55.936] Config(KEYBOARD_LAYOUT) Squad/Controls/Qwerty_it-IT/#autoLOC_6001230
[LOG 23:14:55.936] Config(FOCUS_NEXT_VESSEL) Squad/Controls/Qwerty_it-IT/FOCUS_NEXT_VESSEL
[LOG 23:14:55.936] Config(FOCUS_PREV_VESSEL) Squad/Controls/Qwerty_it-IT/FOCUS_PREV_VESSEL
[LOG 23:14:55.936] Config(CAMERA_MOUSE_TOGGLE) Squad/Controls/Qwerty_it-IT/CAMERA_MOUSE_TOGGLE
[LOG 23:14:55.936] Config(TIME_WARP_STOP) Squad/Controls/Qwerty_it-IT/TIME_WARP_STOP
[LOG 23:14:55.936] Config(CAMERA_RESET) Squad/Controls/Qwerty_it-IT/CAMERA_RESET
[LOG 23:14:55.936] Config(Editor_partSearch) Squad/Controls/Qwerty_it-IT/Editor_partSearch
[LOG 23:14:55.936] Config(KEY_MAP) Squad/Controls/Qwerty_it-IT/KEY_MAP
[LOG 23:14:55.936] Config(KEYBOARD_LAYOUT) Squad/Controls/Qwerty_ja-JP/#autoLOC_6001231
[LOG 23:14:55.937] Config(FOCUS_NEXT_VESSEL) Squad/Controls/Qwerty_ja-JP/FOCUS_NEXT_VESSEL
[LOG 23:14:55.937] Config(FOCUS_PREV_VESSEL) Squad/Controls/Qwerty_ja-JP/FOCUS_PREV_VESSEL
[LOG 23:14:55.937] Config(PRECISION_CTRL) Squad/Controls/Qwerty_ja-JP/PRECISION_CTRL
[LOG 23:14:55.937] Config(CAMERA_MOUSE_TOGGLE) Squad/Controls/Qwerty_ja-JP/CAMERA_MOUSE_TOGGLE
[LOG 23:14:55.937] Config(Editor_partSearch) Squad/Controls/Qwerty_ja-JP/Editor_partSearch
[LOG 23:14:55.937] Config(CAMERA_RESET) Squad/Controls/Qwerty_ja-JP/CAMERA_RESET
[LOG 23:14:55.937] Config(KEY_MAP) Squad/Controls/Qwerty_ja-JP/KEY_MAP
[LOG 23:14:55.937] Config(KEYBOARD_LAYOUT) Squad/Controls/Qwerty_pt-PT/#autoLOC_6001230
[LOG 23:14:55.937] Config(FOCUS_NEXT_VESSEL) Squad/Controls/Qwerty_pt-PT/FOCUS_NEXT_VESSEL
[LOG 23:14:55.937] Config(FOCUS_PREV_VESSEL) Squad/Controls/Qwerty_pt-PT/FOCUS_PREV_VESSEL
[LOG 23:14:55.937] Config(CAMERA_MOUSE_TOGGLE) Squad/Controls/Qwerty_pt-PT/CAMERA_MOUSE_TOGGLE
[LOG 23:14:55.937] Config(TIME_WARP_STOP) Squad/Controls/Qwerty_pt-PT/TIME_WARP_STOP
[LOG 23:14:55.937] Config(CAMERA_RESET) Squad/Controls/Qwerty_pt-PT/CAMERA_RESET
[LOG 23:14:55.937] Config(Editor_partSearch) Squad/Controls/Qwerty_pt-PT/Editor_partSearch
[LOG 23:14:55.937] Config(KEY_MAP) Squad/Controls/Qwerty_pt-PT/KEY_MAP
[LOG 23:14:55.937] Config(KEYBOARD_LAYOUT) Squad/Controls/Qwertz/#autoLOC_6001232
[LOG 23:14:55.937] Config(PITCH_DOWN) Squad/Controls/Qwertz/PITCH_DOWN
[LOG 23:14:55.937] Config(PITCH_UP) Squad/Controls/Qwertz/PITCH_UP
[LOG 23:14:55.937] Config(YAW_LEFT) Squad/Controls/Qwertz/YAW_LEFT
[LOG 23:14:55.937] Config(YAW_RIGHT) Squad/Controls/Qwertz/YAW_RIGHT
[LOG 23:14:55.937] Config(ROLL_LEFT) Squad/Controls/Qwertz/ROLL_LEFT
[LOG 23:14:55.937] Config(ROLL_RIGHT) Squad/Controls/Qwertz/ROLL_RIGHT
[LOG 23:14:55.937] Config(THROTTLE_UP) Squad/Controls/Qwertz/THROTTLE_UP
[LOG 23:14:55.937] Config(THROTTLE_DOWN) Squad/Controls/Qwertz/THROTTLE_DOWN
[LOG 23:14:55.937] Config(SAS_HOLD) Squad/Controls/Qwertz/SAS_HOLD
[LOG 23:14:55.937] Config(SAS_TOGGLE) Squad/Controls/Qwertz/SAS_TOGGLE
[LOG 23:14:55.937] Config(LAUNCH_STAGES) Squad/Controls/Qwertz/LAUNCH_STAGES
[LOG 23:14:55.937] Config(Docking_toggleRotLin) Squad/Controls/Qwertz/Docking_toggleRotLin
[LOG 23:14:55.937] Config(CAMERA_MODE) Squad/Controls/Qwertz/CAMERA_MODE
[LOG 23:14:55.938] Config(CAMERA_NEXT) Squad/Controls/Qwertz/CAMERA_NEXT
[LOG 23:14:55.938] Config(PAUSE) Squad/Controls/Qwertz/PAUSE
[LOG 23:14:55.938] Config(PRECISION_CTRL) Squad/Controls/Qwertz/PRECISION_CTRL
[LOG 23:14:55.938] Config(ZOOM_IN) Squad/Controls/Qwertz/ZOOM_IN
[LOG 23:14:55.938] Config(ZOOM_OUT) Squad/Controls/Qwertz/ZOOM_OUT
[LOG 23:14:55.938] Config(SCROLL_VIEW_UP) Squad/Controls/Qwertz/SCROLL_VIEW_UP
[LOG 23:14:55.938] Config(SCROLL_VIEW_DOWN) Squad/Controls/Qwertz/SCROLL_VIEW_DOWN
[LOG 23:14:55.938] Config(SCROLL_ICONS_UP) Squad/Controls/Qwertz/SCROLL_ICONS_UP
[LOG 23:14:55.938] Config(SCROLL_ICONS_DOWN) Squad/Controls/Qwertz/SCROLL_ICONS_DOWN
[LOG 23:14:55.938] Config(CAMERA_ORBIT_UP) Squad/Controls/Qwertz/CAMERA_ORBIT_UP
[LOG 23:14:55.938] Config(CAMERA_ORBIT_DOWN) Squad/Controls/Qwertz/CAMERA_ORBIT_DOWN
[LOG 23:14:55.938] Config(CAMERA_ORBIT_LEFT) Squad/Controls/Qwertz/CAMERA_ORBIT_LEFT
[LOG 23:14:55.938] Config(CAMERA_ORBIT_RIGHT) Squad/Controls/Qwertz/CAMERA_ORBIT_RIGHT
[LOG 23:14:55.938] Config(CAMERA_RESET) Squad/Controls/Qwertz/CAMERA_RESET
[LOG 23:14:55.938] Config(CAMERA_MOUSE_TOGGLE) Squad/Controls/Qwertz/CAMERA_MOUSE_TOGGLE
[LOG 23:14:55.938] Config(TIME_WARP_INCREASE) Squad/Controls/Qwertz/TIME_WARP_INCREASE
[LOG 23:14:55.938] Config(TIME_WARP_DECREASE) Squad/Controls/Qwertz/TIME_WARP_DECREASE
[LOG 23:14:55.938] Config(TIME_WARP_STOP) Squad/Controls/Qwertz/TIME_WARP_STOP
[LOG 23:14:55.938] Config(MAP_VIEW_TOGGLE) Squad/Controls/Qwertz/MAP_VIEW_TOGGLE
[LOG 23:14:55.938] Config(NAVBALL_TOGGLE) Squad/Controls/Qwertz/NAVBALL_TOGGLE
[LOG 23:14:55.938] Config(UIMODE_STAGING) Squad/Controls/Qwertz/UIMODE_STAGING
[LOG 23:14:55.938] Config(UIMODE_DOCKING) Squad/Controls/Qwertz/UIMODE_DOCKING
[LOG 23:14:55.938] Config(TRANSLATE_DOWN) Squad/Controls/Qwertz/TRANSLATE_DOWN
[LOG 23:14:55.938] Config(TRANSLATE_UP) Squad/Controls/Qwertz/TRANSLATE_UP
[LOG 23:14:55.938] Config(TRANSLATE_LEFT) Squad/Controls/Qwertz/TRANSLATE_LEFT
[LOG 23:14:55.938] Config(TRANSLATE_RIGHT) Squad/Controls/Qwertz/TRANSLATE_RIGHT
[LOG 23:14:55.938] Config(TRANSLATE_FWD) Squad/Controls/Qwertz/TRANSLATE_FWD
[LOG 23:14:55.939] Config(TRANSLATE_BACK) Squad/Controls/Qwertz/TRANSLATE_BACK
[LOG 23:14:55.939] Config(RCS_TOGGLE) Squad/Controls/Qwertz/RCS_TOGGLE
[LOG 23:14:55.939] Config(FOCUS_NEXT_VESSEL) Squad/Controls/Qwertz/FOCUS_NEXT_VESSEL
[LOG 23:14:55.939] Config(FOCUS_PREV_VESSEL) Squad/Controls/Qwertz/FOCUS_PREV_VESSEL
[LOG 23:14:55.939] Config(TOGGLE_UI) Squad/Controls/Qwertz/TOGGLE_UI
[LOG 23:14:55.939] Config(TOGGLE_STATUS_SCREEN) Squad/Controls/Qwertz/TOGGLE_STATUS_SCREEN
[LOG 23:14:55.939] Config(TAKE_SCREENSHOT) Squad/Controls/Qwertz/TAKE_SCREENSHOT
[LOG 23:14:55.939] Config(TOGGLE_LABELS) Squad/Controls/Qwertz/TOGGLE_LABELS
[LOG 23:14:55.939] Config(TOGGLE_TEMP_GAUGES) Squad/Controls/Qwertz/TOGGLE_TEMP_GAUGES
[LOG 23:14:55.939] Config(TOGGLE_TEMP_OVERLAY) Squad/Controls/Qwertz/TOGGLE_TEMP_OVERLAY
[LOG 23:14:55.939] Config(TOGGLE_FLIGHT_FORCES) Squad/Controls/Qwertz/TOGGLE_FLIGHT_FORCES
[LOG 23:14:55.939] Config(QUICKSAVE) Squad/Controls/Qwertz/QUICKSAVE
[LOG 23:14:55.939] Config(QUICKLOAD) Squad/Controls/Qwertz/QUICKLOAD
[LOG 23:14:55.939] Config(THROTTLE_CUTOFF) Squad/Controls/Qwertz/THROTTLE_CUTOFF
[LOG 23:14:55.939] Config(THROTTLE_FULL) Squad/Controls/Qwertz/THROTTLE_FULL
[LOG 23:14:55.939] Config(LANDING_GEAR) Squad/Controls/Qwertz/LANDING_GEAR
[LOG 23:14:55.939] Config(HEADLIGHT_TOGGLE) Squad/Controls/Qwertz/HEADLIGHT_TOGGLE
[LOG 23:14:55.940] Config(BRAKES) Squad/Controls/Qwertz/BRAKES
[LOG 23:14:55.940] Config(TOGGLE_SPACENAV_FLIGHT_CONTROL) Squad/Controls/Qwertz/TOGGLE_SPACENAV_FLIGHT_CONTROL
[LOG 23:14:55.940] Config(TOGGLE_SPACENAV_ROLL_LOCK) Squad/Controls/Qwertz/TOGGLE_SPACENAV_ROLL_LOCK
[LOG 23:14:55.940] Config(WHEEL_STEER_LEFT) Squad/Controls/Qwertz/WHEEL_STEER_LEFT
[LOG 23:14:55.940] Config(WHEEL_STEER_RIGHT) Squad/Controls/Qwertz/WHEEL_STEER_RIGHT
[LOG 23:14:55.940] Config(WHEEL_THROTTLE_DOWN) Squad/Controls/Qwertz/WHEEL_THROTTLE_DOWN
[LOG 23:14:55.940] Config(WHEEL_THROTTLE_UP) Squad/Controls/Qwertz/WHEEL_THROTTLE_UP
[LOG 23:14:55.940] Config(EVA_forward) Squad/Controls/Qwertz/EVA_forward
[LOG 23:14:55.940] Config(EVA_back) Squad/Controls/Qwertz/EVA_back
[LOG 23:14:55.940] Config(EVA_left) Squad/Controls/Qwertz/EVA_left
[LOG 23:14:55.940] Config(EVA_right) Squad/Controls/Qwertz/EVA_right
[LOG 23:14:55.940] Config(EVA_yaw_left) Squad/Controls/Qwertz/EVA_yaw_left
[LOG 23:14:55.940] Config(EVA_yaw_right) Squad/Controls/Qwertz/EVA_yaw_right
[LOG 23:14:55.940] Config(EVA_Pack_forward) Squad/Controls/Qwertz/EVA_Pack_forward
[LOG 23:14:55.940] Config(EVA_Pack_back) Squad/Controls/Qwertz/EVA_Pack_back
[LOG 23:14:55.940] Config(EVA_Pack_left) Squad/Controls/Qwertz/EVA_Pack_left
[LOG 23:14:55.940] Config(EVA_Pack_right) Squad/Controls/Qwertz/EVA_Pack_right
[LOG 23:14:55.940] Config(EVA_Pack_up) Squad/Controls/Qwertz/EVA_Pack_up
[LOG 23:14:55.940] Config(EVA_Pack_down) Squad/Controls/Qwertz/EVA_Pack_down
[LOG 23:14:55.940] Config(EVA_Jump) Squad/Controls/Qwertz/EVA_Jump
[LOG 23:14:55.940] Config(EVA_Run) Squad/Controls/Qwertz/EVA_Run
[LOG 23:14:55.940] Config(EVA_ToggleMovementMode) Squad/Controls/Qwertz/EVA_ToggleMovementMode
[LOG 23:14:55.941] Config(EVA_TogglePack) Squad/Controls/Qwertz/EVA_TogglePack
[LOG 23:14:55.941] Config(EVA_Use) Squad/Controls/Qwertz/EVA_Use
[LOG 23:14:55.941] Config(EVA_Board) Squad/Controls/Qwertz/EVA_Board
[LOG 23:14:55.941] Config(EVA_Orient) Squad/Controls/Qwertz/EVA_Orient
[LOG 23:14:55.941] Config(EVA_Lights) Squad/Controls/Qwertz/EVA_Lights
[LOG 23:14:55.941] Config(Editor_pitchUp) Squad/Controls/Qwertz/Editor_pitchUp
[LOG 23:14:55.941] Config(Editor_pitchDown) Squad/Controls/Qwertz/Editor_pitchDown
[LOG 23:14:55.941] Config(Editor_yawLeft) Squad/Controls/Qwertz/Editor_yawLeft
[LOG 23:14:55.941] Config(Editor_yawRight) Squad/Controls/Qwertz/Editor_yawRight
[LOG 23:14:55.941] Config(Editor_rollLeft) Squad/Controls/Qwertz/Editor_rollLeft
[LOG 23:14:55.941] Config(Editor_rollRight) Squad/Controls/Qwertz/Editor_rollRight
[LOG 23:14:55.941] Config(Editor_resetRotation) Squad/Controls/Qwertz/Editor_resetRotation
[LOG 23:14:55.941] Config(Editor_modePlace) Squad/Controls/Qwertz/Editor_modePlace
[LOG 23:14:55.941] Config(Editor_modeOffset) Squad/Controls/Qwertz/Editor_modeOffset
[LOG 23:14:55.941] Config(Editor_modeRotate) Squad/Controls/Qwertz/Editor_modeRotate
[LOG 23:14:55.941] Config(Editor_modeRoot) Squad/Controls/Qwertz/Editor_modeRoot
[LOG 23:14:55.941] Config(Editor_coordSystem) Squad/Controls/Qwertz/Editor_coordSystem
[LOG 23:14:55.941] Config(Editor_toggleSymMethod) Squad/Controls/Qwertz/Editor_toggleSymMethod
[LOG 23:14:55.941] Config(Editor_toggleSymMode) Squad/Controls/Qwertz/Editor_toggleSymMode
[LOG 23:14:55.941] Config(Editor_toggleAngleSnap) Squad/Controls/Qwertz/Editor_toggleAngleSnap
[LOG 23:14:55.941] Config(Editor_fineTweak) Squad/Controls/Qwertz/Editor_fineTweak
[LOG 23:14:55.941] Config(Editor_partSearch) Squad/Controls/Qwertz/Editor_partSearch
[LOG 23:14:55.941] Config(Editor_zoomScrollModifier) Squad/Controls/Qwertz/Editor_zoomScrollModifier
[LOG 23:14:55.941] Config(MODIFIER_KEY) Squad/Controls/Qwertz/MODIFIER_KEY
[LOG 23:14:55.941] Config(AbortActionGroup) Squad/Controls/Qwertz/AbortActionGroup
[LOG 23:14:55.941] Config(CustomActionGroup1) Squad/Controls/Qwertz/CustomActionGroup1
[LOG 23:14:55.941] Config(CustomActionGroup2) Squad/Controls/Qwertz/CustomActionGroup2
[LOG 23:14:55.942] Config(CustomActionGroup3) Squad/Controls/Qwertz/CustomActionGroup3
[LOG 23:14:55.942] Config(CustomActionGroup4) Squad/Controls/Qwertz/CustomActionGroup4
[LOG 23:14:55.942] Config(CustomActionGroup5) Squad/Controls/Qwertz/CustomActionGroup5
[LOG 23:14:55.942] Config(CustomActionGroup6) Squad/Controls/Qwertz/CustomActionGroup6
[LOG 23:14:55.942] Config(CustomActionGroup7) Squad/Controls/Qwertz/CustomActionGroup7
[LOG 23:14:55.942] Config(CustomActionGroup8) Squad/Controls/Qwertz/CustomActionGroup8
[LOG 23:14:55.942] Config(CustomActionGroup9) Squad/Controls/Qwertz/CustomActionGroup9
[LOG 23:14:55.942] Config(CustomActionGroup10) Squad/Controls/Qwertz/CustomActionGroup10
[LOG 23:14:55.942] Config(KEY_MAP) Squad/Controls/Qwertz/KEY_MAP
[LOG 23:14:55.942] Config(EXPERIENCE_TRAIT) Squad/Experience/Traits/Pilot
[LOG 23:14:55.942] Config(EXPERIENCE_TRAIT) Squad/Experience/Traits/Engineer
[LOG 23:14:55.942] Config(EXPERIENCE_TRAIT) Squad/Experience/Traits/Scientist
[LOG 23:14:55.942] Config(EXPERIENCE_TRAIT) Squad/Experience/Traits/Tourist
[LOG 23:14:55.942] Config(Localization) Squad/Localization/dictionary/Localization
[LOG 23:14:55.942] Config(MISSIONPACK) Squad/Missions/MissionPacks/squad_ESA
[LOG 23:14:55.942] Config(VARIANTTHEME) Squad/Parts/VariantThemes/White
[LOG 23:14:55.942] Config(VARIANTTHEME) Squad/Parts/VariantThemes/BlackAndWhite
[LOG 23:14:55.942] Config(VARIANTTHEME) Squad/Parts/VariantThemes/GrayAndOrange
[LOG 23:14:55.942] Config(VARIANTTHEME) Squad/Parts/VariantThemes/Dark
[LOG 23:14:55.942] Config(VARIANTTHEME) Squad/Parts/VariantThemes/Gray
[LOG 23:14:55.942] Config(VARIANTTHEME) Squad/Parts/VariantThemes/Orange
[LOG 23:14:55.942] Config(VARIANTTHEME) Squad/Parts/VariantThemes/Gold
[LOG 23:14:55.942] Config(VARIANTTHEME) Squad/Parts/VariantThemes/Bare
[LOG 23:14:55.943] Config(VARIANTTHEME) Squad/Parts/VariantThemes/Shroud
[LOG 23:14:55.943] Config(VARIANTTHEME) Squad/Parts/VariantThemes/GrayAndWhite
[LOG 23:14:55.943] Config(VARIANTTHEME) Squad/Parts/VariantThemes/YellowAndWhite
[LOG 23:14:55.943] Config(VARIANTTHEME) Squad/Parts/VariantThemes/Silver
[LOG 23:14:55.943] Config(VARIANTTHEME) Squad/Parts/VariantThemes/Gray with Stripes
[LOG 23:14:55.943] Config(PART) Squad/Parts/Aero/aerodynamicNoseCone/aerodynamicNoseCone/noseCone
[LOG 23:14:55.943] Config(PART) Squad/Parts/Aero/airbrake/Airbrake/airbrake1
[LOG 23:14:55.943] Config(PART) Squad/Parts/Aero/airIntakeRadialXM-G50/airIntakeRadialXM-G50/airScoop
[LOG 23:14:55.943] Config(PART) Squad/Parts/Aero/airlinerWings/ControlSurface/airlinerCtrlSrf
[LOG 23:14:55.943] Config(PART) Squad/Parts/Aero/airlinerWings/MainWing/airlinerMainWing
[LOG 23:14:55.943] Config(PART) Squad/Parts/Aero/airlinerWings/TailFin/airlinerTailFin
[LOG 23:14:55.943] Config(PART) Squad/Parts/Aero/airplaneFins/advancedCanard/AdvancedCanard
[LOG 23:14:55.943] Config(PART) Squad/Parts/Aero/airplaneFins/standardCanard/CanardController
[LOG 23:14:55.943] Config(PART) Squad/Parts/Aero/airplaneFins/sweptWing/sweptWing
[LOG 23:14:55.943] Config(PART) Squad/Parts/Aero/airplaneFins/tailfin/tailfin
[LOG 23:14:55.943] Config(PART) Squad/Parts/Aero/basicFin/basicFin/basicFin
[LOG 23:14:55.943] Config(PART) Squad/Parts/Aero/circularIntake/circularIntake/CircularIntake
[LOG 23:14:55.943] Config(PART) Squad/Parts/Aero/circularIntake/intakeShockCone/shockConeIntake
[LOG 23:14:55.943] Config(PART) Squad/Parts/Aero/cones/avionicsNoseCone/avionicsNoseCone
[LOG 23:14:55.943] Config(PART) Squad/Parts/Aero/cones/ConeA/pointyNoseConeA
[LOG 23:14:55.943] Config(PART) Squad/Parts/Aero/cones/ConeB/pointyNoseConeB
[LOG 23:14:55.943] Config(PART) Squad/Parts/Aero/cones/noseConeAdapter/noseConeAdapter
[LOG 23:14:55.943] Config(PART) Squad/Parts/Aero/cones/protectiveRocketNoseMk7_v2/rocketNoseCone_v2
[LOG 23:14:55.943] Config(PART) Squad/Parts/Aero/cones/protectiveRocketNoseMk7_v3/rocketNoseCone_v3
[LOG 23:14:55.943] Config(PART) Squad/Parts/Aero/cones/rocketNoseCone_size3/rocketNoseConeSize3
[LOG 23:14:55.943] Config(PART) Squad/Parts/Aero/cones/smallNoseCone/standardNoseCone
[LOG 23:14:55.944] Config(PART) Squad/Parts/Aero/cones/tailConnectorA/airplaneTail
[LOG 23:14:55.944] Config(PART) Squad/Parts/Aero/cones/tailConnectorB/airplaneTailB
[LOG 23:14:55.944] Config(PART) Squad/Parts/Aero/fairings/fairingSize1/fairingSize1
[LOG 23:14:55.944] Config(PART) Squad/Parts/Aero/fairings/fairingSize2/fairingSize2
[LOG 23:14:55.944] Config(PART) Squad/Parts/Aero/fairings/fairingSize3/fairingSize3
[LOG 23:14:55.944] Config(PART) Squad/Parts/Aero/HeatShield/HeatShield0/HeatShield0
[LOG 23:14:55.944] Config(PART) Squad/Parts/Aero/HeatShield/HeatShield1/HeatShield1
[LOG 23:14:55.944] Config(PART) Squad/Parts/Aero/HeatShield/HeatShield2/HeatShield2
[LOG 23:14:55.944] Config(PART) Squad/Parts/Aero/HeatShield/HeatShield3/HeatShield3
[LOG 23:14:55.944] Config(PART) Squad/Parts/Aero/InflatableHeatShield/HeatShield/InflatableHeatShield
[LOG 23:14:55.944] Config(PART) Squad/Parts/Aero/intakeRadialLong/intakeRadialLong/IntakeRadialLong
[LOG 23:14:55.944] Config(PART) Squad/Parts/Aero/miniIntake/SmallIntake/miniIntake
[LOG 23:14:55.944] Config(PART) Squad/Parts/Aero/ramAirIntake/ramAirIntake/ramAirIntake
[LOG 23:14:55.944] Config(PART) Squad/Parts/Aero/shuttleWings/delta/wingShuttleDelta
[LOG 23:14:55.944] Config(PART) Squad/Parts/Aero/shuttleWings/elevon1/wingShuttleElevon1
[LOG 23:14:55.944] Config(PART) Squad/Parts/Aero/shuttleWings/elevon2/wingShuttleElevon2
[LOG 23:14:55.944] Config(PART) Squad/Parts/Aero/shuttleWings/rudder/wingShuttleRudder
[LOG 23:14:55.944] Config(PART) Squad/Parts/Aero/shuttleWings/strake/wingShuttleStrake
[LOG 23:14:55.944] Config(PART) Squad/Parts/Aero/wingletAV-R8/wingletAV-R8/R8winglet
[LOG 23:14:55.944] Config(PART) Squad/Parts/Aero/wingletAV-T1/wingletAV-T1/winglet
[LOG 23:14:55.944] Config(PART) Squad/Parts/Aero/wingletDeltaDeluxe/wingletDeltaDeluxe/winglet3
[LOG 23:14:55.944] Config(PART) Squad/Parts/Aero/wings/connector1/wingConnector
[LOG 23:14:55.945] Config(PART) Squad/Parts/Aero/wings/connector2/wingConnector2
[LOG 23:14:55.945] Config(PART) Squad/Parts/Aero/wings/connector3/wingConnector3
[LOG 23:14:55.945] Config(PART) Squad/Parts/Aero/wings/connector4/wingConnector4
[LOG 23:14:55.945] Config(PART) Squad/Parts/Aero/wings/connector5/wingConnector5
[LOG 23:14:55.945] Config(PART) Squad/Parts/Aero/wings/delta/deltaWing
[LOG 23:14:55.945] Config(PART) Squad/Parts/Aero/wings/delta_small/delta_small
[LOG 23:14:55.945] Config(PART) Squad/Parts/Aero/wings/elevon1/StandardCtrlSrf
[LOG 23:14:55.945] Config(PART) Squad/Parts/Aero/wings/elevon2/elevon2
[LOG 23:14:55.945] Config(PART) Squad/Parts/Aero/wings/elevon3/elevon3
[LOG 23:14:55.945] Config(PART) Squad/Parts/Aero/wings/elevon4/smallCtrlSrf
[LOG 23:14:55.945] Config(PART) Squad/Parts/Aero/wings/elevon5/elevon5
[LOG 23:14:55.945] Config(PART) Squad/Parts/Aero/wings/strake/wingStrake
[LOG 23:14:55.945] Config(PART) Squad/Parts/Aero/wings/structural1/structuralWing
[LOG 23:14:55.945] Config(PART) Squad/Parts/Aero/wings/structural2/structuralWing2
[LOG 23:14:55.945] Config(PART) Squad/Parts/Aero/wings/structural3/structuralWing3
[LOG 23:14:55.945] Config(PART) Squad/Parts/Aero/wings/structural4/structuralWing4
[LOG 23:14:55.945] Config(PART) Squad/Parts/Aero/wings/swept1/sweptWing1
[LOG 23:14:55.945] Config(PART) Squad/Parts/Aero/wings/swept2/sweptWing2
[LOG 23:14:55.945] Config(PART) Squad/Parts/Cargo/CargoContainers/cargoContainer/cargoContainer
[LOG 23:14:55.945] Config(PART) Squad/Parts/Cargo/CargoContainers/smallCargoContainer/smallCargoContainer
[LOG 23:14:55.945] Config(PART) Squad/Parts/Cargo/Cylinder/Cylinder/evaCylinder
[LOG 23:14:55.945] Config(PART) Squad/Parts/Cargo/GroundAnchor/groundAnchor/groundAnchor
[LOG 23:14:55.945] Config(PART) Squad/Parts/Cargo/Jetpack/Jetpack/evaJetpack
[LOG 23:14:55.945] Config(PART) Squad/Parts/Cargo/Parachute/Parachute/evaChute
[LOG 23:14:55.945] Config(PART) Squad/Parts/Cargo/RepairKit/RepairKit/evaRepairKit
[LOG 23:14:55.945] Config(PART) Squad/Parts/Cargo/ScienceKit/evaScienceKit/evaScienceKit
[LOG 23:14:55.946] Config(PART) Squad/Parts/Cargo/StorageUnits/CargoStorageUnit/CargoStorageUnit
[LOG 23:14:55.946] Config(PART) Squad/Parts/Cargo/StorageUnits/ConformalStorageUnit/ConformalStorageUnit
[LOG 23:14:55.946] Config(PART) Squad/Parts/Command/advancedSasModuleLarge/advSasModuleLarge/asasmodule1-2
[LOG 23:14:55.946] Config(PART) Squad/Parts/Command/cupola/cupola/cupola
[LOG 23:14:55.946] Config(PART) Squad/Parts/Command/externalCommandSeat/externalCommandSeat/seatExternalCmd
[LOG 23:14:55.946] Config(PART) Squad/Parts/Command/hitchhikerStorageContainer/hitchikerStorageContainer/crewCabin
[LOG 23:14:55.946] Config(PART) Squad/Parts/Command/inlineAdvancedStabilizer/inlineAdvancedStabilizer/advSasModule
[LOG 23:14:55.946] Config(PART) Squad/Parts/Command/inlineReactionWheel/inlineReactionWheel/sasModule
[LOG 23:14:55.946] Config(PART) Squad/Parts/Command/Mk1-3Pod/mk1-3/mk1-3pod
[LOG 23:14:55.946] Config(PART) Squad/Parts/Command/mk1Cockpits/mk1Cockpit/Mark1Cockpit
[LOG 23:14:55.946] Config(PART) Squad/Parts/Command/mk1Cockpits/mk1CrewCabin/MK1CrewCabin
[LOG 23:14:55.946] Config(PART) Squad/Parts/Command/mk1Cockpits/mk1InlineCockpit/Mark2Cockpit
[LOG 23:14:55.946] Config(PART) Squad/Parts/Command/mk1LanderCan/mk1LanderCan/landerCabinSmall
[LOG 23:14:55.946] Config(PART) Squad/Parts/Command/mk1pod_v2/mk1Pod_v2/mk1pod_v2
[LOG 23:14:55.946] Config(PART) Squad/Parts/Command/mk2CockpitInline/mk2CockpitInline/mk2Cockpit_Inline
[LOG 23:14:55.946] Config(PART) Squad/Parts/Command/mk2CockpitStandard/mk2CockpitStandard/mk2Cockpit_Standard
[LOG 23:14:55.946] Config(PART) Squad/Parts/Command/mk2DroneCore/mk2Dronecore/mk2DroneCore
[LOG 23:14:55.946] Config(PART) Squad/Parts/Command/mk2LanderCan/mk2LanderCan/mk2LanderCabin
[LOG 23:14:55.946] Config(PART) Squad/Parts/Command/mk2LanderCan_v2/mk2LanderCan_v2/mk2LanderCabin_v2
[LOG 23:14:55.946] Config(PART) Squad/Parts/Command/mk3CockpitShuttle/mk3CockpitShuttle/mk3Cockpit_Shuttle
[LOG 23:14:55.946] Config(PART) Squad/Parts/Command/MpoProbe/MpoProbe/MpoProbe
[LOG 23:14:55.946] Config(PART) Squad/Parts/Command/MtmStage/MTM_Stage/MtmStage
[LOG 23:14:55.946] Config(PART) Squad/Parts/Command/probeCoreCube/probeCoreCube/probeCoreCube
[LOG 23:14:55.946] Config(PART) Squad/Parts/Command/probeCoreHex/probeCoreHex/probeCoreHex
[LOG 23:14:55.947] Config(PART) Squad/Parts/Command/probeCoreHex_v2/probeCoreHex_v2/probeCoreHex_v2
[LOG 23:14:55.947] Config(PART) Squad/Parts/Command/probeCoreOcto2_v2/probeCoreOcto2_v2/probeCoreOcto2_v2
[LOG 23:14:55.947] Config(PART) Squad/Parts/Command/probeCoreOcto_v2/probeCoreOcto_v2/probeCoreOcto_v2
[LOG 23:14:55.947] Config(PART) Squad/Parts/Command/probeRoverBody/probeRoverBody/roverBody
[LOG 23:14:55.947] Config(PART) Squad/Parts/Command/probeRoverBody_v2/probeRoverBody_v2/roverBody_v2
[LOG 23:14:55.947] Config(PART) Squad/Parts/Command/probeStackLarge/probeStackLarge/probeStackLarge
[LOG 23:14:55.947] Config(PART) Squad/Parts/Command/probeStackSmall/probeStackSmall/probeStackSmall
[LOG 23:14:55.947] Config(PART) Squad/Parts/Command/probeStackSphere_v2/probeStackSphere_v2/probeCoreSphere_v2
[LOG 23:14:55.947] Config(PART) Squad/Parts/CompoundParts/FuelLine/fuelLine/fuelLine
[LOG 23:14:55.947] Config(PART) Squad/Parts/CompoundParts/strutConnector/strutConnector/strutConnector
[LOG 23:14:55.947] Config(PART) Squad/Parts/Coupling/Decoupler_0/Decoupler_0
[LOG 23:14:55.947] Config(PART) Squad/Parts/Coupling/Decoupler_1/Decoupler_1
[LOG 23:14:55.947] Config(PART) Squad/Parts/Coupling/Decoupler_2/Decoupler_2
[LOG 23:14:55.947] Config(PART) Squad/Parts/Coupling/Decoupler_3/Decoupler_3
[LOG 23:14:55.947] Config(PART) Squad/Parts/Coupling/Separator_0/Separator_0
[LOG 23:14:55.947] Config(PART) Squad/Parts/Coupling/Separator_1/Separator_1
[LOG 23:14:55.947] Config(PART) Squad/Parts/Coupling/Separator_2/Separator_2
[LOG 23:14:55.947] Config(PART) Squad/Parts/Coupling/Separator_3/Separator_3
[LOG 23:14:55.947] Config(PART) Squad/Parts/Electrical/10CSolarPanels/OX-10C/solarPanelOX10C
[LOG 23:14:55.947] Config(PART) Squad/Parts/Electrical/10CSolarPanels/SP-10C/solarPanelSP10C
[LOG 23:14:55.947] Config(PART) Squad/Parts/Electrical/10LSolarPanels/OX-10L/solarPanelOX10L
[LOG 23:14:55.947] Config(PART) Squad/Parts/Electrical/10LSolarPanels/SP-10L/solarPanelSP10L
[LOG 23:14:55.947] Config(PART) Squad/Parts/Electrical/1x6ShroudSolarPanels/1x6ShroudSolarPanels/solarPanels2
[LOG 23:14:55.948] Config(PART) Squad/Parts/Electrical/1x6SolarPanels/1x6SolarPanels/solarPanels4
[LOG 23:14:55.948] Config(PART) Squad/Parts/Electrical/3x2ShroudSolarPanels/3x2ShroudSolarPanels/solarPanels1
[LOG 23:14:55.948] Config(PART) Squad/Parts/Electrical/3x2SolarPanels/3x2SolarPanels/solarPanels3
[LOG 23:14:55.948] Config(PART) Squad/Parts/Electrical/gigantorXlSolarArray/gigantorXlSolarArray/largeSolarPanel
[LOG 23:14:55.948] Config(PART) Squad/Parts/Electrical/radialFlatSolarPanel/radialFlatSolarPanel/solarPanels5
[LOG 23:14:55.948] Config(PART) Squad/Parts/Electrical/RTG/RTG/rtg
[LOG 23:14:55.948] Config(PART) Squad/Parts/Electrical/z-100Battery/z-100Battery/batteryPack
[LOG 23:14:55.948] Config(PART) Squad/Parts/Electrical/z-1kBattery/z-1kBattery/batteryBank
[LOG 23:14:55.948] Config(PART) Squad/Parts/Electrical/z-200Battery/z-200Battery/batteryBankMini
[LOG 23:14:55.948] Config(PART) Squad/Parts/Electrical/z-400Battery/z-400Battery/ksp_r_largeBatteryPack
[LOG 23:14:55.948] Config(PART) Squad/Parts/Electrical/z-4kBattery/z-4kBattery/batteryBankLarge
[LOG 23:14:55.948] Config(PART) Squad/Parts/Engine/ionEngine/ionEngine/ionEngine
[LOG 23:14:55.948] Config(PART) Squad/Parts/Engine/jetEngines/jetEngineAfterburning/turboJet
[LOG 23:14:55.948] Config(PART) Squad/Parts/Engine/jetEngines/jetEngineBasic/JetEngine
[LOG 23:14:55.948] Config(PART) Squad/Parts/Engine/jetEngines/jetEngineBig/turboFanSize2
[LOG 23:14:55.948] Config(PART) Squad/Parts/Engine/jetEngines/jetEngineTurbo/turboFanEngine
[LOG 23:14:55.948] Config(PART) Squad/Parts/Engine/liquidEngine24-77/liquidEngine24-77/smallRadialEngine
[LOG 23:14:55.948] Config(PART) Squad/Parts/Engine/liquidEngine24-77_v2/liquidEngine24-77_v2/smallRadialEngine_v2
[LOG 23:14:55.948] Config(PART) Squad/Parts/Engine/liquidEngine48-7S_v2/liquidEngine48-7S_v2/liquidEngineMini_v2
[LOG 23:14:55.948] Config(PART) Squad/Parts/Engine/liquidEngineAerospike/liquidEngineAerospike/toroidalAerospike
[LOG 23:14:55.948] Config(PART) Squad/Parts/Engine/liquidEngineLV-1_v2/liquidEngineLV-1R _v2/radialEngineMini_v2
[LOG 23:14:55.948] Config(PART) Squad/Parts/Engine/liquidEngineLV-1_v2/liquidEngineLV-1_v2/microEngine_v2
[LOG 23:14:55.948] Config(PART) Squad/Parts/Engine/liquidEngineLV-909_v2/liquidEngineLV-909_v2/liquidEngine3_v2
[LOG 23:14:55.949] Config(PART) Squad/Parts/Engine/liquidEngineLV-N/liquidEngineLV-N/nuclearEngine
[LOG 23:14:55.949] Config(PART) Squad/Parts/Engine/liquidEngineLV-T30/liquidEngineLV-T30/liquidEngine
[LOG 23:14:55.949] Config(PART) Squad/Parts/Engine/liquidEngineLV-T30_v2/liquidEngineLV-T30_v2/liquidEngine_v2
[LOG 23:14:55.949] Config(PART) Squad/Parts/Engine/liquidEngineLV-T45/liquidEngineLV-T45/liquidEngine2
[LOG 23:14:55.949] Config(PART) Squad/Parts/Engine/liquidEngineLV-T45_v2/liquidEngineLV-T45_v2/liquidEngine2_v2
[LOG 23:14:55.949] Config(PART) Squad/Parts/Engine/liquidEngineMainsail_v2/liquidEngineMainsail_v2/liquidEngineMainsail_v2
[LOG 23:14:55.949] Config(PART) Squad/Parts/Engine/liquidEngineMk55/liquidEngineMk55/radialLiquidEngine1-2
[LOG 23:14:55.949] Config(PART) Squad/Parts/Engine/liquidEnginePoodle_v2/liquidEnginePoodle_v2/liquidEngine2-2_v2
[LOG 23:14:55.949] Config(PART) Squad/Parts/Engine/liquidEngineSkipper_v2/skipperLiquidEngine_v2/engineLargeSkipper_v2
[LOG 23:14:55.949] Config(PART) Squad/Parts/Engine/liquidEngineSSME/SSME/SSME
[LOG 23:14:55.949] Config(PART) Squad/Parts/Engine/MassiveSRB/part/MassiveBooster
[LOG 23:14:55.949] Config(PART) Squad/Parts/Engine/miniJet/SmallJetEngine/miniJetEngine
[LOG 23:14:55.949] Config(PART) Squad/Parts/Engine/OMSEngine/omsEngine/omsEngine
[LOG 23:14:55.949] Config(PART) Squad/Parts/Engine/rapierEngine/rapierEngine/RAPIER
[LOG 23:14:55.949] Config(PART) Squad/Parts/Engine/Size1_SRBs/solidBoosterRT-10_v2/solidBooster_v2
[LOG 23:14:55.949] Config(PART) Squad/Parts/Engine/Size1_SRBs/solidBoosterRT-5_v2/solidBooster_sm_v2
[LOG 23:14:55.949] Config(PART) Squad/Parts/Engine/Size2LFB/part/Size2LFB
[LOG 23:14:55.949] Config(PART) Squad/Parts/Engine/Size2LFB_v2/part/Size2LFB_v2
[LOG 23:14:55.949] Config(PART) Squad/Parts/Engine/Size3AdvancedEngine/part/Size3AdvancedEngine
[LOG 23:14:55.949] Config(PART) Squad/Parts/Engine/Size3EngineCluster/part/Size3EngineCluster
[LOG 23:14:55.949] Config(PART) Squad/Parts/Engine/solidBoosterBACC/solidBoosterBACC/solidBooster1-1
[LOG 23:14:55.950] Config(PART) Squad/Parts/Engine/solidBoosterS2-17/solidBoosterS2-17/Thoroughbred
[LOG 23:14:55.950] Config(PART) Squad/Parts/Engine/solidBoosterS2-33/solidBoosterS2-33/Clydesdale
[LOG 23:14:55.950] Config(PART) Squad/Parts/Engine/solidBoosterSep/solidBoosterSep/sepMotor1
[LOG 23:14:55.950] Config(PART) Squad/Parts/Engine/SolidBoostersF/SolidBoosterF3S0/Shrimp
[LOG 23:14:55.950] Config(PART) Squad/Parts/Engine/SolidBoostersF/SolidBoosterFM1/Mite
[LOG 23:14:55.950] Config(PART) Squad/Parts/FuelTank/adapterTanks/Mk3-Mk2/adapterMk3-Mk2
[LOG 23:14:55.950] Config(PART) Squad/Parts/FuelTank/adapterTanks/Mk3-ShuttleAdapter/adapterEngines
[LOG 23:14:55.950] Config(PART) Squad/Parts/FuelTank/adapterTanks/Mk3-Size2/adapterMk3-Size2
[LOG 23:14:55.950] Config(PART) Squad/Parts/FuelTank/adapterTanks/Mk3-Size2Slant/adapterMk3-Size2Slant
[LOG 23:14:55.950] Config(PART) Squad/Parts/FuelTank/adapterTanks/Size2-Mk2/adapterSize2-Mk2
[LOG 23:14:55.950] Config(PART) Squad/Parts/FuelTank/adapterTanks/Size2-Size1/adapterSize2-Size1
[LOG 23:14:55.950] Config(PART) Squad/Parts/FuelTank/adapterTanks/Size2-Size1Slant/adapterSize2-Size1Slant
[LOG 23:14:55.950] Config(PART) Squad/Parts/FuelTank/adapterTanks/Size3-Mk3/adapterSize3-Mk3
[LOG 23:14:55.950] Config(PART) Squad/Parts/FuelTank/drainTankFTE-1/ReleaseValve/ReleaseValve
[LOG 23:14:55.950] Config(PART) Squad/Parts/FuelTank/FoilTanks/RadialTank_Capsule/externalTankCapsule
[LOG 23:14:55.950] Config(PART) Squad/Parts/FuelTank/FoilTanks/RadialTank_Round/externalTankRound
[LOG 23:14:55.950] Config(PART) Squad/Parts/FuelTank/FoilTanks/ToroidTank/externalTankToroid
[LOG 23:14:55.950] Config(PART) Squad/Parts/FuelTank/fuelTankOscarB/fuelTankOscarB/miniFuelTank
[LOG 23:14:55.950] Config(PART) Squad/Parts/FuelTank/miniFuselage/miniFuselage/miniFuselage
[LOG 23:14:55.950] Config(PART) Squad/Parts/FuelTank/mk2Adapters/bicoupler/mk2_1m_Bicoupler
[LOG 23:14:55.950] Config(PART) Squad/Parts/FuelTank/mk2Adapters/long/mk2_1m_AdapterLong
[LOG 23:14:55.950] Config(PART) Squad/Parts/FuelTank/mk2Adapters/standard/mk2SpacePlaneAdapter
[LOG 23:14:55.950] Config(PART) Squad/Parts/FuelTank/mk2FuselageLong/LFO_long/mk2FuselageLongLFO
[LOG 23:14:55.950] Config(PART) Squad/Parts/FuelTank/mk2FuselageLong/L_long/mk2Fuselage
[LOG 23:14:55.950] Config(PART) Squad/Parts/FuelTank/mk2FuselageShort/LFO_short/mk2FuselageShortLFO
[LOG 23:14:55.951] Config(PART) Squad/Parts/FuelTank/mk2FuselageShort/L_short/mk2FuselageShortLiquid
[LOG 23:14:55.951] Config(PART) Squad/Parts/FuelTank/mk2FuselageShort/Mono_short/mk2FuselageShortMono
[LOG 23:14:55.951] Config(PART) Squad/Parts/FuelTank/mk3Fuselage/CREW/mk3CrewCabin
[LOG 23:14:55.951] Config(PART) Squad/Parts/FuelTank/mk3Fuselage/LFO_100/mk3FuselageLFO_100
[LOG 23:14:55.951] Config(PART) Squad/Parts/FuelTank/mk3Fuselage/LFO_25/mk3FuselageLFO_25
[LOG 23:14:55.951] Config(PART) Squad/Parts/FuelTank/mk3Fuselage/LFO_50/mk3FuselageLFO_50
[LOG 23:14:55.951] Config(PART) Squad/Parts/FuelTank/mk3Fuselage/LF_100/mk3FuselageLF_100
[LOG 23:14:55.951] Config(PART) Squad/Parts/FuelTank/mk3Fuselage/LF_25/mk3FuselageLF_25
[LOG 23:14:55.951] Config(PART) Squad/Parts/FuelTank/mk3Fuselage/LF_50/mk3FuselageLF_50
[LOG 23:14:55.951] Config(PART) Squad/Parts/FuelTank/mk3Fuselage/MONO/mk3FuselageMONO
[LOG 23:14:55.951] Config(PART) Squad/Parts/FuelTank/RCSFuelTankR1/RCSFuelTankR1/RCSTank1-2
[LOG 23:14:55.951] Config(PART) Squad/Parts/FuelTank/RCSFuelTankR10/RCSFuelTankR10/rcsTankMini
[LOG 23:14:55.951] Config(PART) Squad/Parts/FuelTank/RCSFuelTankR25/RCSFuelTankR25/RCSFuelTank
[LOG 23:14:55.951] Config(PART) Squad/Parts/FuelTank/RCSTankRadial/radialRCSTank/radialRCSTank
[LOG 23:14:55.951] Config(PART) Squad/Parts/FuelTank/RCStankRadialLong/RCSTankRadialLong/rcsTankRadialLong
[LOG 23:14:55.951] Config(PART) Squad/Parts/FuelTank/RockomaxTanks/Rockomax16/Rockomax16_BW
[LOG 23:14:55.951] Config(PART) Squad/Parts/FuelTank/RockomaxTanks/Rockomax32/Rockomax32_BW
[LOG 23:14:55.951] Config(PART) Squad/Parts/FuelTank/RockomaxTanks/Rockomax64/Rockomax64_BW
[LOG 23:14:55.951] Config(PART) Squad/Parts/FuelTank/RockomaxTanks/Rockomax8/Rockomax8BW
[LOG 23:14:55.951] Config(PART) Squad/Parts/FuelTank/Size1_Tanks/fuelTankT100/fuelTankSmallFlat
[LOG 23:14:55.951] Config(PART) Squad/Parts/FuelTank/Size1_Tanks/fuelTankT200/fuelTankSmall
[LOG 23:14:55.952] Config(PART) Squad/Parts/FuelTank/Size1_Tanks/fuelTankT400/fuelTank
[LOG 23:14:55.952] Config(PART) Squad/Parts/FuelTank/Size1_Tanks/fuelTankT800/fuelTank_long
[LOG 23:14:55.952] Config(PART) Squad/Parts/FuelTank/Size3Tanks/large/Size3LargeTank
[LOG 23:14:55.952] Config(PART) Squad/Parts/FuelTank/Size3Tanks/medium/Size3MediumTank
[LOG 23:14:55.952] Config(PART) Squad/Parts/FuelTank/Size3Tanks/small/Size3SmallTank
[LOG 23:14:55.952] Config(PART) Squad/Parts/FuelTank/xenonTank/xenonTank/xenonTank
[LOG 23:14:55.952] Config(PART) Squad/Parts/FuelTank/xenonTankLarge/xenonTankLarge/xenonTankLarge
[LOG 23:14:55.952] Config(PART) Squad/Parts/FuelTank/xenonTankRadial/xenonTankRadial/xenonTankRadial
[LOG 23:14:55.952] Config(PART) Squad/Parts/Misc/AsteroidDay/CamSat/InfraredTelescope
[LOG 23:14:55.952] Config(PART) Squad/Parts/Misc/AsteroidDay/HECS2/HECS2_ProbeCore
[LOG 23:14:55.952] Config(PART) Squad/Parts/Misc/AsteroidDay/HighGainAntenna/HighGainAntenna
[LOG 23:14:55.952] Config(PART) Squad/Parts/Misc/AsteroidDay/LgRadialSolar/LgRadialSolarPanel
[LOG 23:14:55.952] Config(PART) Squad/Parts/Misc/PotatoComet/part/PotatoComet
[LOG 23:14:55.952] Config(PART) Squad/Parts/Misc/PotatoRoid/part/PotatoRoid
[LOG 23:14:55.952] Config(PART) Squad/Parts/Prebuilt/flag/flag
[LOG 23:14:55.952] Config(PART) Squad/Parts/Prebuilt/kerbalEVA/kerbalEVA
[LOG 23:14:55.952] Config(PART) Squad/Parts/Prebuilt/kerbalEVAfemale/kerbalEVAfemale
[LOG 23:14:55.952] Config(PART) Squad/Parts/Prebuilt/kerbalEVASlimSuit/kerbalEVASlimSuit
[LOG 23:14:55.952] Config(PART) Squad/Parts/Prebuilt/kerbalEVASlimSuitFemale/kerbalEVASlimSuitFemale
[LOG 23:14:55.952] Config(PART) Squad/Parts/Resources/FuelCell/FuelCell/FuelCell
[LOG 23:14:55.952] Config(PART) Squad/Parts/Resources/FuelCell/FuelCellArray/FuelCellArray
[LOG 23:14:55.952] Config(PART) Squad/Parts/Resources/ISRU/ISRU/ISRU
[LOG 23:14:55.952] Config(PART) Squad/Parts/Resources/LargeTank/LargeTank/LargeTank
[LOG 23:14:55.952] Config(PART) Squad/Parts/Resources/MiniDrill/MiniDrill/MiniDrill
[LOG 23:14:55.953] Config(PART) Squad/Parts/Resources/MiniISRU/MiniISRU/MiniISRU
[LOG 23:14:55.953] Config(PART) Squad/Parts/Resources/OrbitalScanner/OrbitalScanner/OrbitalScanner
[LOG 23:14:55.953] Config(PART) Squad/Parts/Resources/RadialDrill/RadialDrill/RadialDrill
[LOG 23:14:55.953] Config(PART) Squad/Parts/Resources/RadialTank/RadialTank/RadialOreTank
[LOG 23:14:55.953] Config(PART) Squad/Parts/Resources/SmallTank/SmallTank/SmallTank
[LOG 23:14:55.953] Config(PART) Squad/Parts/Resources/SurfaceScanner/SurfaceScanner/SurfaceScanner
[LOG 23:14:55.953] Config(PART) Squad/Parts/Resources/SurveyScanner/SurveyScanner/SurveyScanner
[LOG 23:14:55.953] Config(PART) Squad/Parts/Science/AtmosphereSensor/sensorAtmosphere/sensorAtmosphere
[LOG 23:14:55.953] Config(PART) Squad/Parts/Science/GooExperiment/gooExperiment/GooExperiment
[LOG 23:14:55.953] Config(PART) Squad/Parts/Science/LargeCrewedLab/largeCrewedLab/Large_Crewed_Lab
[LOG 23:14:55.953] Config(PART) Squad/Parts/Science/Magnetometer/Magnetometer/Magnetometer
[LOG 23:14:55.953] Config(PART) Squad/Parts/Science/MaterialBay/materialBay/science_module
[LOG 23:14:55.953] Config(PART) Squad/Parts/Science/ScienceBox/ScienceBox/ScienceBox
[LOG 23:14:55.953] Config(PART) Squad/Parts/Science/sensorAccelerometer/sensorAccelerometer/sensorAccelerometer
[LOG 23:14:55.953] Config(PART) Squad/Parts/Science/sensorBarometer/sensorBarometer/sensorBarometer
[LOG 23:14:55.953] Config(PART) Squad/Parts/Science/sensorGravimeter/sensorGravimeter/sensorGravimeter
[LOG 23:14:55.953] Config(PART) Squad/Parts/Science/sensorThermometer/sensorThermometer/sensorThermometer
[LOG 23:14:55.953] Config(PART) Squad/Parts/Structural/FLAdapters/adapterSmallMiniShort/adapterSmallMiniShort
[LOG 23:14:55.953] Config(PART) Squad/Parts/Structural/FLAdapters/adapterSmallMiniTall/adapterSmallMiniTall
[LOG 23:14:55.953] Config(PART) Squad/Parts/Structural/mk1Parts/engineBodyRadial/radialEngineBody
[LOG 23:14:55.953] Config(PART) Squad/Parts/Structural/mk1Parts/engineNacelle/nacelleBody
[LOG 23:14:55.953] Config(PART) Squad/Parts/Structural/mk1Parts/mk1Fuselage/MK1Fuselage
[LOG 23:14:55.953] Config(PART) Squad/Parts/Structural/mk1Parts/mk1FuselageIntake/MK1IntakeFuselage
[LOG 23:14:55.953] Config(PART) Squad/Parts/Structural/mk1Parts/mk1Structural/Mk1FuselageStructural
[LOG 23:14:55.953] Config(PART) Squad/Parts/Structural/Size3To2Adapter_v2/Size2to3_v2/Size3To2Adapter_v2
[LOG 23:14:55.954] Config(PART) Squad/Parts/Structural/stackAdapters/adapterLargeSmallBi/adapterLargeSmallBi
[LOG 23:14:55.954] Config(PART) Squad/Parts/Structural/stackAdapters/adapterLargeSmallQuad/adapterLargeSmallQuad
[LOG 23:14:55.954] Config(PART) Squad/Parts/Structural/stackAdapters/adapterLargeSmallTri/adapterLargeSmallTri
[LOG 23:14:55.954] Config(PART) Squad/Parts/Structural/stationHub/stationHub/stationHub
[LOG 23:14:55.954] Config(PART) Squad/Parts/Structural/structuralIBeam200/structuralIBeam200/structuralIBeam2
[LOG 23:14:55.954] Config(PART) Squad/Parts/Structural/structuralIBeam200Pocket/structuralIBeam200Pocket/structuralIBeam3
[LOG 23:14:55.954] Config(PART) Squad/Parts/Structural/structuralIBeam650/structuralIBeam650/structuralIBeam1
[LOG 23:14:55.954] Config(PART) Squad/Parts/Structural/structuralMicronode/structuralMicronode/structuralMiniNode
[LOG 23:14:55.954] Config(PART) Squad/Parts/Structural/structuralPanel1x1/structuralPanel1x1/structuralPanel1
[LOG 23:14:55.954] Config(PART) Squad/Parts/Structural/structuralPanel2x2/structuralPanel2x2/structuralPanel2
[LOG 23:14:55.954] Config(PART) Squad/Parts/Structural/structuralPylons/smallHardpoint/smallHardpoint
[LOG 23:14:55.954] Config(PART) Squad/Parts/Structural/structuralPylons/structuralPylon/structuralPylon
[LOG 23:14:55.954] Config(PART) Squad/Parts/Structural/strutCubicOcto/strutCubicOcto/strutCube
[LOG 23:14:55.954] Config(PART) Squad/Parts/Structural/strutOcto/strutOcto/strutOcto
[LOG 23:14:55.954] Config(PART) Squad/Parts/Structural/trussGirderAdapter/trussGirderAdapter/trussAdapter
[LOG 23:14:55.954] Config(PART) Squad/Parts/Structural/trussGirderL/trussGirderL/trussPiece1x
[LOG 23:14:55.954] Config(PART) Squad/Parts/Structural/trussGirderXL/trussGirderXL/trussPiece3x
[LOG 23:14:55.954] Config(PART) Squad/Parts/Thermal/FoldingRadiators/foldingRadLarge/foldingRadLarge
[LOG 23:14:55.954] Config(PART) Squad/Parts/Thermal/FoldingRadiators/foldingRadMed/foldingRadMed
[LOG 23:14:55.954] Config(PART) Squad/Parts/Thermal/FoldingRadiators/foldingRadSmall/foldingRadSmall
[LOG 23:14:55.954] Config(PART) Squad/Parts/Thermal/RadiatorPanels/radPanelEdge/radPanelEdge
[LOG 23:14:55.954] Config(PART) Squad/Parts/Thermal/RadiatorPanels/radPanelLg/radPanelLg
[LOG 23:14:55.954] Config(PART) Squad/Parts/Thermal/RadiatorPanels/radPanelSm/radPanelSm
[LOG 23:14:55.954] Config(PART) Squad/Parts/Utility/commDish88-88/commDish88-88/commDish
[LOG 23:14:55.954] Config(PART) Squad/Parts/Utility/commsAntennaDTS-M1/commsAntennaDTS-M1/mediumDishAntenna
[LOG 23:14:55.955] Config(PART) Squad/Parts/Utility/commsDish16/commsAntenna16/longAntenna
[LOG 23:14:55.955] Config(PART) Squad/Parts/Utility/decouplerRadialHDM/decouplerRadialHDM/radialDecoupler1-2
[LOG 23:14:55.955] Config(PART) Squad/Parts/Utility/decouplerRadialTT-38K/decouplerRadialTT-38K/radialDecoupler
[LOG 23:14:55.955] Config(PART) Squad/Parts/Utility/decouplerRadialTT-70/decouplerRadialTT-70/radialDecoupler2
[LOG 23:14:55.955] Config(PART) Squad/Parts/Utility/DirectAntennas/C16S/SurfAntenna
[LOG 23:14:55.955] Config(PART) Squad/Parts/Utility/DirectAntennas/HG-5/HighGainAntenna5
[LOG 23:14:55.955] Config(PART) Squad/Parts/Utility/DirectAntennas/HG-5_v2/HighGainAntenna5_v2
[LOG 23:14:55.955] Config(PART) Squad/Parts/Utility/dockingPort/dockingPort/dockingPort2
[LOG 23:14:55.955] Config(PART) Squad/Parts/Utility/dockingPortInline/dockingPortInline/dockingPortLateral
[LOG 23:14:55.955] Config(PART) Squad/Parts/Utility/dockingPortJr/dockingPortJr/dockingPort3
[LOG 23:14:55.955] Config(PART) Squad/Parts/Utility/dockingPortShielded/dockingPortShielded/dockingPort1
[LOG 23:14:55.955] Config(PART) Squad/Parts/Utility/dockingPortSr/dockingPortSr/dockingPortLarge
[LOG 23:14:55.955] Config(PART) Squad/Parts/Utility/Fireworks/fireworksLauncherBig/fireworksLauncherBig
[LOG 23:14:55.955] Config(PART) Squad/Parts/Utility/Fireworks/fireworksLauncherSmall/fireworksLauncherSmall
[LOG 23:14:55.955] Config(PART) Squad/Parts/Utility/flags/flagFlat/flagFlat/flagPartFlat
[LOG 23:14:55.955] Config(PART) Squad/Parts/Utility/flags/flagSize0/flagSize0/flagPartSize0
[LOG 23:14:55.955] Config(PART) Squad/Parts/Utility/flags/flagSize1/flagSize1/flagPartSize1
[LOG 23:14:55.955] Config(PART) Squad/Parts/Utility/flags/flagSize2/flagSize2/flagPartSize2
[LOG 23:14:55.955] Config(PART) Squad/Parts/Utility/flags/flagSize3/flagSize3/flagPartSize3
[LOG 23:14:55.955] Config(PART) Squad/Parts/Utility/GrapplingDevice/part/GrapplingDevice
[LOG 23:14:55.956] Config(PART) Squad/Parts/Utility/ladderRadial/ladderRadial/ladder1
[LOG 23:14:55.956] Config(PART) Squad/Parts/Utility/ladderTelescopic/ladderTelescopic/telescopicLadder
[LOG 23:14:55.956] Config(PART) Squad/Parts/Utility/ladderTelescopicBay/ladderTelescopicBay/telescopicLadderBay
[LOG 23:14:55.956] Config(PART) Squad/Parts/Utility/landingLegLT-1/landingLegLT-1/landingLeg1
[LOG 23:14:55.956] Config(PART) Squad/Parts/Utility/landingLegLT-2/landingLegLT-2/landingLeg1-2
[LOG 23:14:55.956] Config(PART) Squad/Parts/Utility/landingLegLT-5/landingLegLT-5/miniLandingLeg
[LOG 23:14:55.956] Config(PART) Squad/Parts/Utility/launchClamp1/launchClamp1/launchClamp1
[LOG 23:14:55.956] Config(PART) Squad/Parts/Utility/launchEscapeSystem/part/LaunchEscapeSystem
[LOG 23:14:55.956] Config(PART) Squad/Parts/Utility/Lights/domeLight1/domeLight1
[LOG 23:14:55.956] Config(PART) Squad/Parts/Utility/Lights/groundLight1/groundLight1
[LOG 23:14:55.956] Config(PART) Squad/Parts/Utility/Lights/groundLight2/groundLight2
[LOG 23:14:55.956] Config(PART) Squad/Parts/Utility/Lights/navLight1/navLight1
[LOG 23:14:55.956] Config(PART) Squad/Parts/Utility/Lights/spotLight1/spotLight3
[LOG 23:14:55.956] Config(PART) Squad/Parts/Utility/Lights/stripLight1/stripLight1
[LOG 23:14:55.956] Config(PART) Squad/Parts/Utility/linearVernorRCS/linearRCS/linearRcs
[LOG 23:14:55.956] Config(PART) Squad/Parts/Utility/linearVernorRCS/vernorEngine/vernierEngine
[LOG 23:14:55.956] Config(PART) Squad/Parts/Utility/mk2CargoBay/BayL/mk2CargoBayL
[LOG 23:14:55.956] Config(PART) Squad/Parts/Utility/mk2CargoBay/BayS/mk2CargoBayS
[LOG 23:14:55.957] Config(PART) Squad/Parts/Utility/mk2CrewCabin/mk2CrewCabin/mk2CrewCabin
[LOG 23:14:55.957] Config(PART) Squad/Parts/Utility/mk2DockingPort/mk2DockingPort/mk2DockingPort
[LOG 23:14:55.957] Config(PART) Squad/Parts/Utility/mk3CargoBay/long/mk3CargoBayL
[LOG 23:14:55.957] Config(PART) Squad/Parts/Utility/mk3CargoBay/medium/mk3CargoBayM
[LOG 23:14:55.957] Config(PART) Squad/Parts/Utility/mk3CargoBay/ramp/mk3CargoRamp
[LOG 23:14:55.957] Config(PART) Squad/Parts/Utility/mk3CargoBay/short/mk3CargoBayS
[LOG 23:14:55.957] Config(PART) Squad/Parts/Utility/parachuteMk1/parachuteMk1/parachuteSingle
[LOG 23:14:55.957] Config(PART) Squad/Parts/Utility/parachuteMk12-R/parachuteMk12-R/radialDrogue
[LOG 23:14:55.957] Config(PART) Squad/Parts/Utility/parachuteMk16-XL/parachuteMk16-XL/parachuteLarge
[LOG 23:14:55.957] Config(PART) Squad/Parts/Utility/parachuteMk2-R/parachuteMk2-R/parachuteRadial
[LOG 23:14:55.957] Config(PART) Squad/Parts/Utility/parachuteMk25/parachuteMk25/parachuteDrogue
[LOG 23:14:55.957] Config(PART) Squad/Parts/Utility/radialAttachmentPoint/radialAttachmentPoint/stackPoint1
[LOG 23:14:55.957] Config(PART) Squad/Parts/Utility/rcsBlockRV-105_v2/rcsBlockRV-105/RCSBlock_v2
[LOG 23:14:55.957] Config(PART) Squad/Parts/Utility/rcsBlockRV-105_v2/RCSblock_01_small/RCSblock_01_small
[LOG 23:14:55.957] Config(PART) Squad/Parts/Utility/rcsSmallLinear/RCSLinearSmall/RCSLinearSmall
[LOG 23:14:55.957] Config(PART) Squad/Parts/Utility/RelayAntennas/RA-100/RelayAntenna100
[LOG 23:14:55.957] Config(PART) Squad/Parts/Utility/RelayAntennas/RA-5/RelayAntenna5
[LOG 23:14:55.957] Config(PART) Squad/Parts/Utility/RelayAntennas/RA-50/RelayAntenna50
[LOG 23:14:55.957] Config(PART) Squad/Parts/Utility/rockomaxAdapters/largeAdapter/largeAdapter
[LOG 23:14:55.957] Config(PART) Squad/Parts/Utility/rockomaxAdapters/largeAdapterShort/largeAdapter2
[LOG 23:14:55.957] Config(PART) Squad/Parts/Utility/ServiceBay_v2/ServiceBay_125_v2/ServiceBay_125_v2
[LOG 23:14:55.957] Config(PART) Squad/Parts/Utility/ServiceBay_v2/ServiceBay_250_v2/ServiceBay_250_v2
[LOG 23:14:55.957] Config(PART) Squad/Parts/Utility/smallClaw/smallClaw/smallClaw
[LOG 23:14:55.957] Config(PART) Squad/Parts/Utility/spotLightMk1/spotLightMk1/spotLight1
[LOG 23:14:55.958] Config(PART) Squad/Parts/Utility/spotLightMk1_v2/spotLightMk1_v2/spotLight1_v2
[LOG 23:14:55.958] Config(PART) Squad/Parts/Utility/spotLightMk2/spotLightMk2/spotLight2
[LOG 23:14:55.958] Config(PART) Squad/Parts/Utility/spotLightMk2_v2/spotLightMk2_v2/spotLight2_v2
[LOG 23:14:55.958] Config(PART) Squad/Parts/Utility/stackCouplers/stackBiCoupler_v2/stackBiCoupler_v2
[LOG 23:14:55.958] Config(PART) Squad/Parts/Utility/stackCouplers/stackQuadCoupler/stackQuadCoupler
[LOG 23:14:55.958] Config(PART) Squad/Parts/Utility/stackCouplers/stackTriCoupler_v2/stackTriCoupler_v2
[LOG 23:14:55.958] Config(PART) Squad/Parts/Wheel/LandingGear/GearExtraLarge/GearLarge
[LOG 23:14:55.958] Config(PART) Squad/Parts/Wheel/LandingGear/GearFixed/GearFixed
[LOG 23:14:55.958] Config(PART) Squad/Parts/Wheel/LandingGear/GearFree/GearFree
[LOG 23:14:55.958] Config(PART) Squad/Parts/Wheel/LandingGear/GearLarge/GearMedium
[LOG 23:14:55.958] Config(PART) Squad/Parts/Wheel/LandingGear/GearMedium/GearSmall
[LOG 23:14:55.958] Config(PART) Squad/Parts/Wheel/LandingGear/GearSmall/SmallGearBay
[LOG 23:14:55.958] Config(PART) Squad/Parts/Wheel/roverWheelM1/roverWheelM1/roverWheel1
[LOG 23:14:55.958] Config(PART) Squad/Parts/Wheel/roverWheelS2/roverWheelS2/roverWheel2
[LOG 23:14:55.958] Config(PART) Squad/Parts/Wheel/roverWheelTR-2L/roverWheelTR-2L/wheelMed
[LOG 23:14:55.958] Config(PART) Squad/Parts/Wheel/roverWheelXL3/roverWheelXL3/roverWheel3
[LOG 23:14:55.958] Config(PROP) Squad/Props/AltimeterThreeHands/prop/AltimeterThreeHands
[LOG 23:14:55.958] Config(PROP) Squad/Props/AtmosphereDepth/prop/AtmosphereDepth
[LOG 23:14:55.958] Config(PROP) Squad/Props/AxisIndicator/pitchConfig/AxisIndicatorPitch
[LOG 23:14:55.958] Config(PROP) Squad/Props/AxisIndicator/rollConfig/AxisIndicatorRoll
[LOG 23:14:55.958] Config(PROP) Squad/Props/AxisIndicator/yawConfig/AxisIndicatorYaw
[LOG 23:14:55.958] Config(PROP) Squad/Props/buttonsGeneric/circularButton/genericCircularButton
[LOG 23:14:55.958] Config(PROP) Squad/Props/buttonsGeneric/clusterButtons/genericClusterButtons
[LOG 23:14:55.958] Config(PROP) Squad/Props/buttonsGeneric/clusterButtons2/genericClusterButtons2
[LOG 23:14:55.958] Config(PROP) Squad/Props/buttonsGeneric/clusterKnob/genericClusterKnobs
[LOG 23:14:55.959] Config(PROP) Squad/Props/buttonsGeneric/clusterKnob2/genericClusterKnobs2
[LOG 23:14:55.959] Config(PROP) Squad/Props/buttonsGeneric/clusterMixed/genericClusterMixed
[LOG 23:14:55.959] Config(PROP) Squad/Props/buttonsGeneric/clusterSwitches01/genericClusterSwitches01
[LOG 23:14:55.959] Config(PROP) Squad/Props/buttonsGeneric/clusterSwitches02/genericClusterSwitches02
[LOG 23:14:55.959] Config(PROP) Squad/Props/buttonsGeneric/clusterSwitches03/genericClusterSwitches03
[LOG 23:14:55.959] Config(PROP) Squad/Props/buttonsGeneric/clusterSwitches04/genericClusterSwitches04
[LOG 23:14:55.959] Config(PROP) Squad/Props/buttonsGeneric/clusterSwitches05/genericClusterSwitches05
[LOG 23:14:55.959] Config(PROP) Squad/Props/buttonsGeneric/clusterSwitches06/genericClusterSwitches06
[LOG 23:14:55.959] Config(PROP) Squad/Props/buttonsGeneric/clusterSwitches07/genericClusterSwitches07
[LOG 23:14:55.959] Config(PROP) Squad/Props/buttonsGeneric/directionalKnob/genericDirectionalKnob
[LOG 23:14:55.959] Config(PROP) Squad/Props/buttonsGeneric/directionalKnob2/genericDirectionalKnob2
[LOG 23:14:55.959] Config(PROP) Squad/Props/buttonsGeneric/pullSwitch/genericPullSwitch
[LOG 23:14:55.959] Config(PROP) Squad/Props/buttonsGeneric/squareButton/genericSquareButton
[LOG 23:14:55.959] Config(PROP) Squad/Props/buttonsGeneric/standingSwitch/genericStandingSwitch
[LOG 23:14:55.959] Config(PROP) Squad/Props/buttonsGeneric/switch/genericSwitch
[LOG 23:14:55.959] Config(PROP) Squad/Props/buttonsGeneric/switchWithGuards/genericSwitchWithGuards
[LOG 23:14:55.959] Config(PROP) Squad/Props/ButtonSquare/prop/ButtonSquare
[LOG 23:14:55.959] Config(PROP) Squad/Props/circularButton/prop/circularButton
[LOG 23:14:55.959] Config(PROP) Squad/Props/Compass/prop/Compass
[LOG 23:14:55.959] Config(PROP) Squad/Props/directionalKnob/prop/directionalKnob
[LOG 23:14:55.959] Config(PROP) Squad/Props/directionalKnob2/prop/directionalKnob2
[LOG 23:14:55.959] Config(PROP) Squad/Props/IndicatorPanel/prop/IndicatorPanel
[LOG 23:14:55.959] Config(PROP) Squad/Props/IVANavBall/prop/NavBall
[LOG 23:14:55.959] Config(PROP) Squad/Props/IVANavBallNoBase/prop/NavBallNoBase
[LOG 23:14:55.959] Config(PROP) Squad/Props/ledPanelSpeed/prop/ledPanelSpeed
[LOG 23:14:55.959] Config(PROP) Squad/Props/Monitor/DockingMode/MonitorDockingMode
[LOG 23:14:55.960] Config(PROP) Squad/Props/NavBall/prop/NavBall
[LOG 23:14:55.960] Config(PROP) Squad/Props/PropsGeneric/Button_DockingMode/Button_DockingMode
[LOG 23:14:55.960] Config(PROP) Squad/Props/PropsGeneric/CargoBagA/CargoBagA
[LOG 23:14:55.960] Config(PROP) Squad/Props/PropsGeneric/CargoBagB/CargoBagB
[LOG 23:14:55.960] Config(PROP) Squad/Props/PropsGeneric/CargoBagC/CargoBagC
[LOG 23:14:55.960] Config(PROP) Squad/Props/PropsGeneric/Hatch_Plane/Hatch_Plane
[LOG 23:14:55.960] Config(PROP) Squad/Props/PropsGeneric/Hatch_Plane_Curve90/Hatch_Plane_Curve90
[LOG 23:14:55.960] Config(PROP) Squad/Props/PropsGeneric/Hatch_Plane_Frame/Hatch_Plane_Frame
[LOG 23:14:55.960] Config(PROP) Squad/Props/PropsGeneric/Seat_Passenger/Seat_Passenger
[LOG 23:14:55.960] Config(PROP) Squad/Props/PropsGeneric/Seat_Pilot/Seat_Pilot
[LOG 23:14:55.960] Config(PROP) Squad/Props/PropsGeneric/Seat_Pilot_Helmet/Seat_Pilot_Helmet
[LOG 23:14:55.960] Config(PROP) Squad/Props/PropsGeneric/SideStick/SideStick
[LOG 23:14:55.960] Config(PROP) Squad/Props/pullSwitch/prop/pullSwitch
[LOG 23:14:55.960] Config(PROP) Squad/Props/radarAltitude/prop/RadarAltimeter
[LOG 23:14:55.960] Config(PROP) Squad/Props/squareButton/prop/squareButton
[LOG 23:14:55.960] Config(PROP) Squad/Props/standingSwitch/prop/standingSwitch
[LOG 23:14:55.960] Config(PROP) Squad/Props/switch/prop/switch
[LOG 23:14:55.960] Config(PROP) Squad/Props/switchGuard/prop/switchGuard
[LOG 23:14:55.960] Config(PROP) Squad/Props/switchWithGuards/prop/switchWithGuards
[LOG 23:14:55.960] Config(PROP) Squad/Props/throttle/prop/throttle
[LOG 23:14:55.960] Config(PROP) Squad/Props/VSI/prop/VSI
[LOG 23:14:55.960] Config(SPACEOBJECTS_LIMITS) Squad/Resources/CometDefs/SPACEOBJECTS_LIMITS
[LOG 23:14:55.960] Config(COMET_MANAGER) Squad/Resources/CometDefs/COMET_MANAGER
[LOG 23:14:55.960] Config(COMET_ORBIT_TYPE) Squad/Resources/CometDefs/short
[LOG 23:14:55.960] Config(COMET_ORBIT_TYPE) Squad/Resources/CometDefs/intermediate
[LOG 23:14:55.960] Config(COMET_ORBIT_TYPE) Squad/Resources/CometDefs/long
[LOG 23:14:55.961] Config(COMET_ORBIT_TYPE) Squad/Resources/CometDefs/interstellar
[LOG 23:14:55.961] Config(FIREWORKFX_DEFINITION) Squad/Resources/FireworkFXDefinitions/classicTrail
[LOG 23:14:55.961] Config(FIREWORKFX_DEFINITION) Squad/Resources/FireworkFXDefinitions/whirlyTrail
[LOG 23:14:55.961] Config(FIREWORKFX_DEFINITION) Squad/Resources/FireworkFXDefinitions/strobeTrail
[LOG 23:14:55.961] Config(FIREWORKFX_DEFINITION) Squad/Resources/FireworkFXDefinitions/bareTrail
[LOG 23:14:55.961] Config(FIREWORKFX_DEFINITION) Squad/Resources/FireworkFXDefinitions/classicBurst
[LOG 23:14:55.961] Config(FIREWORKFX_DEFINITION) Squad/Resources/FireworkFXDefinitions/chrysBurst
[LOG 23:14:55.961] Config(FIREWORKFX_DEFINITION) Squad/Resources/FireworkFXDefinitions/palmBurst
[LOG 23:14:55.961] Config(FIREWORKFX_DEFINITION) Squad/Resources/FireworkFXDefinitions/ringBurst
[LOG 23:14:55.961] Config(FIREWORKFX_DEFINITION) Squad/Resources/FireworkFXDefinitions/crosetteBurst
[LOG 23:14:55.961] Config(FIREWORKFX_DEFINITION) Squad/Resources/FireworkFXDefinitions/willowBurst
[LOG 23:14:55.961] Config(FIREWORKFX_DEFINITION) Squad/Resources/FireworkFXDefinitions/crackeBurst
[LOG 23:14:55.961] Config(FIREWORKFX_DEFINITION) Squad/Resources/FireworkFXDefinitions/palmCrackleBurst
[LOG 23:14:55.961] Config(FIREWORKFX_DEFINITION) Squad/Resources/FireworkFXDefinitions/dragonBurst
[LOG 23:14:55.961] Config(GLOBAL_RESOURCE) Squad/Resources/Ore/GLOBAL_RESOURCE
[LOG 23:14:55.961] Config(PLANETARY_RESOURCE) Squad/Resources/Ore/PLANETARY_RESOURCE
[LOG 23:14:55.961] Config(PLANETARY_RESOURCE) Squad/Resources/Ore/PLANETARY_RESOURCE
[LOG 23:14:55.961] Config(RESOURCE_OVERLAY_CONFIGURATION_SOLID) Squad/Resources/Overlay/RESOURCE_OVERLAY_CONFIGURATION_SOLID
[LOG 23:14:55.961] Config(RESOURCE_OVERLAY_CONFIGURATION_LINES) Squad/Resources/Overlay/RESOURCE_OVERLAY_CONFIGURATION_LINES
[LOG 23:14:55.961] Config(RESOURCE_OVERLAY_CONFIGURATION_DOTS) Squad/Resources/Overlay/RESOURCE_OVERLAY_CONFIGURATION_DOTS
[LOG 23:14:55.961] Config(RESOURCE_CONFIGURATION) Squad/Resources/ResourceDefaults/RESOURCE_CONFIGURATION
[LOG 23:14:55.961] Config(RESOURCE_DEFINITION) Squad/Resources/ResourcesGeneric/LiquidFuel
[LOG 23:14:55.961] Config(RESOURCE_DEFINITION) Squad/Resources/ResourcesGeneric/Oxidizer
[LOG 23:14:55.961] Config(RESOURCE_DEFINITION) Squad/Resources/ResourcesGeneric/SolidFuel
[LOG 23:14:55.961] Config(RESOURCE_DEFINITION) Squad/Resources/ResourcesGeneric/MonoPropellant
[LOG 23:14:55.962] Config(RESOURCE_DEFINITION) Squad/Resources/ResourcesGeneric/XenonGas
[LOG 23:14:55.962] Config(RESOURCE_DEFINITION) Squad/Resources/ResourcesGeneric/ElectricCharge
[LOG 23:14:55.962] Config(RESOURCE_DEFINITION) Squad/Resources/ResourcesGeneric/IntakeAir
[LOG 23:14:55.962] Config(RESOURCE_DEFINITION) Squad/Resources/ResourcesGeneric/EVA Propellant
[LOG 23:14:55.962] Config(RESOURCE_DEFINITION) Squad/Resources/ResourcesGeneric/Ore
[LOG 23:14:55.962] Config(RESOURCE_DEFINITION) Squad/Resources/ResourcesGeneric/Ablator
[LOG 23:14:55.962] Config(EXPERIMENT_DEFINITION) Squad/Resources/ScienceDefs/EXPERIMENT_DEFINITION
[LOG 23:14:55.962] Config(EXPERIMENT_DEFINITION) Squad/Resources/ScienceDefs/EXPERIMENT_DEFINITION
[LOG 23:14:55.962] Config(EXPERIMENT_DEFINITION) Squad/Resources/ScienceDefs/EXPERIMENT_DEFINITION
[LOG 23:14:55.962] Config(EXPERIMENT_DEFINITION) Squad/Resources/ScienceDefs/EXPERIMENT_DEFINITION
[LOG 23:14:55.962] Config(EXPERIMENT_DEFINITION) Squad/Resources/ScienceDefs/EXPERIMENT_DEFINITION
[LOG 23:14:55.962] Config(EXPERIMENT_DEFINITION) Squad/Resources/ScienceDefs/EXPERIMENT_DEFINITION
[LOG 23:14:55.962] Config(EXPERIMENT_DEFINITION) Squad/Resources/ScienceDefs/EXPERIMENT_DEFINITION
[LOG 23:14:55.962] Config(EXPERIMENT_DEFINITION) Squad/Resources/ScienceDefs/EXPERIMENT_DEFINITION
[LOG 23:14:55.962] Config(EXPERIMENT_DEFINITION) Squad/Resources/ScienceDefs/EXPERIMENT_DEFINITION
[LOG 23:14:55.962] Config(EXPERIMENT_DEFINITION) Squad/Resources/ScienceDefs/EXPERIMENT_DEFINITION
[LOG 23:14:55.962] Config(EXPERIMENT_DEFINITION) Squad/Resources/ScienceDefs/EXPERIMENT_DEFINITION
[LOG 23:14:55.962] Config(EXPERIMENT_DEFINITION) Squad/Resources/ScienceDefs/EXPERIMENT_DEFINITION
[LOG 23:14:55.962] Config(EXPERIMENT_DEFINITION) Squad/Resources/ScienceDefs/EXPERIMENT_DEFINITION
[LOG 23:14:55.962] Config(EXPERIMENT_DEFINITION) Squad/Resources/ScienceDefs/EXPERIMENT_DEFINITION
[LOG 23:14:55.962] Config(EXPERIMENT_DEFINITION) Squad/Resources/ScienceDefs/EXPERIMENT_DEFINITION
[LOG 23:14:55.962] Config(EXPERIMENT_DEFINITION) Squad/Resources/ScienceDefs/EXPERIMENT_DEFINITION
[LOG 23:14:55.962] Config(EXPERIMENT_DEFINITION) Squad/Resources/ScienceDefs/EXPERIMENT_DEFINITION
[LOG 23:14:55.962] Config(EXPERIMENT_DEFINITION) Squad/Resources/ScienceDefs/EXPERIMENT_DEFINITION
[LOG 23:14:55.962] Config(STORY_DEF) Squad/Resources/StoryDefs/STORY_DEF
[LOG 23:14:55.962] Config(TechTree) Squad/Resources/TechTree/TechTree
[LOG 23:14:55.963] Config(INTERNAL) Squad/Spaces/crewCabinInternals/internal/crewCabinInternals
[LOG 23:14:55.963] Config(INTERNAL) Squad/Spaces/cupolaInternal/internal/cupolaInternal
[LOG 23:14:55.963] Config(INTERNAL) Squad/Spaces/GenericSpace1/internal/GenericSpace1
[LOG 23:14:55.963] Config(INTERNAL) Squad/Spaces/GenericSpace3/internal/GenericSpace3
[LOG 23:14:55.963] Config(INTERNAL) Squad/Spaces/landerCabinInternals/internal/landerCabinInternals
[LOG 23:14:55.963] Config(INTERNAL) Squad/Spaces/landerCabinSmallInternal/internal/landerCabinSmallInternal
[LOG 23:14:55.963] Config(INTERNAL) Squad/Spaces/LargeCrewedLabInternals/internal/Mobile_Processing_Lab_Int
[LOG 23:14:55.963] Config(INTERNAL) Squad/Spaces/Mk1-3/internal/Mk1-3
[LOG 23:14:55.963] Config(INTERNAL) Squad/Spaces/mk1CabinInternal/internal/mk1CabinInternal
[LOG 23:14:55.963] Config(INTERNAL) Squad/Spaces/mk1CockpitInternal/internal/mk1CockpitInternal
[LOG 23:14:55.963] Config(INTERNAL) Squad/Spaces/mk1InlineInternal/internal/mk1InlineInternal
[LOG 23:14:55.963] Config(INTERNAL) Squad/Spaces/mk1PodCockpit/internal/mk1PodCockpit
[LOG 23:14:55.963] Config(INTERNAL) Squad/Spaces/mk1pod_IVA/mk1pod_Internal/mk1pod_IVA
[LOG 23:14:55.963] Config(INTERNAL) Squad/Spaces/mk2CockpitStandardInternal/internal/mk2CockpitStandardInternals
[LOG 23:14:55.963] Config(INTERNAL) Squad/Spaces/Mk2CrewCabinInternal/internal_MK2_CrewCab/MK2_CrewCab_Int
[LOG 23:14:55.963] Config(INTERNAL) Squad/Spaces/mk2InlineInternal/internal/mk2InlineInternal
[LOG 23:14:55.963] Config(INTERNAL) Squad/Spaces/mk2LanderCanInternal/internal/mk2LanderCanInternal
[LOG 23:14:55.963] Config(INTERNAL) Squad/Spaces/MK3CockpitInternal/internal_MK3/MK3_Cockpit_Int
[LOG 23:14:55.963] Config(INTERNAL) Squad/Spaces/MK3_CrewCab_Int/internal_MK3_CrewCab/MK3_CrewCab_Int
[LOG 23:14:55.963] Config(INTERNAL) Squad/Spaces/Placeholder/internal/Placeholder
[LOG 23:14:55.963] Config(INTERNAL) Squad/Spaces/PodCockpit/internal/PodCockpit
[LOG 23:14:55.963] Config(STRATEGY_DEPARTMENT) Squad/Strategies/Departments/Finances
[LOG 23:14:55.964] Config(STRATEGY_DEPARTMENT) Squad/Strategies/Departments/Science
[LOG 23:14:55.964] Config(STRATEGY_DEPARTMENT) Squad/Strategies/Departments/Public Relations
[LOG 23:14:55.964] Config(STRATEGY_DEPARTMENT) Squad/Strategies/Departments/Operations
[LOG 23:14:55.964] Config(STRATEGY) Squad/Strategies/Strategies/AppreciationCampaignCfg
[LOG 23:14:55.964] Config(STRATEGY) Squad/Strategies/Strategies/FundraisingCampaignCfg
[LOG 23:14:55.964] Config(STRATEGY) Squad/Strategies/Strategies/OpenSourceTechProgramCfg
[LOG 23:14:55.964] Config(STRATEGY) Squad/Strategies/Strategies/UnpaidResearchProgramCfg
[LOG 23:14:55.964] Config(STRATEGY) Squad/Strategies/Strategies/OutsourcedResearchCfg
[LOG 23:14:55.964] Config(STRATEGY) Squad/Strategies/Strategies/PatentsLicensingCfg
[LOG 23:14:55.964] Config(STRATEGY) Squad/Strategies/Strategies/AgressiveNegotiations
[LOG 23:14:55.964] Config(STRATEGY) Squad/Strategies/Strategies/RecoveryTransponders
[LOG 23:14:55.964] Config(STRATEGY) Squad/Strategies/Strategies/BailoutGrant
[LOG 23:14:55.964] Config(STRATEGY) Squad/Strategies/Strategies/researchIPsellout
[LOG 23:14:55.964] Config(STRATEGY) Squad/Strategies/Strategies/LeadershipInitiative
[LOG 23:14:55.964] Config(TUTORIAL) Squad/Tutorials/FlightSuborbital/FlightSuborbital
[LOG 23:14:55.964] Config(TUTORIAL) Squad/Tutorials/FromMun/FromMun
[LOG 23:14:55.964] Config(TUTORIAL) Squad/Tutorials/GoForOrbit/GoForOrbit
[LOG 23:14:55.964] Config(MISSIONPACK) SquadExpansion/MakingHistory/Missions/MissionPacks/squad_MakingHistory
[LOG 23:14:55.964] Config(MISSIONPACK) SquadExpansion/MakingHistory/Missions/MissionPacks/squad_MakingHistory_Other
[LOG 23:14:55.964] Config(MISSIONPACK) SquadExpansion/MakingHistory/Missions/MissionPacks/squad_MakingHistory_Tutorial
[LOG 23:14:55.964] Config(MEBASICNODE) SquadExpansion/MakingHistory/Nodes/AccuracyLogic/TestAccuracyLogic
[LOG 23:14:55.964] Config(MEBASICNODE) SquadExpansion/MakingHistory/Nodes/ActionChancePartResourceLevels/ActionPartResourceAmount
[LOG 23:14:55.964] Config(MEBASICNODE) SquadExpansion/MakingHistory/Nodes/ActionExplode/ActionVesselExplode
[LOG 23:14:55.964] Config(MEBASICNODE) SquadExpansion/MakingHistory/Nodes/ActionMissionScore/MissionScore
[LOG 23:14:55.964] Config(MEBASICNODE) SquadExpansion/MakingHistory/Nodes/ActionModifierFunds/ModifyFunds
[LOG 23:14:55.964] Config(MEBASICNODE) SquadExpansion/MakingHistory/Nodes/ActionModifierScore/MissionScore
[LOG 23:14:55.965] Config(MEBASICNODE) SquadExpansion/MakingHistory/Nodes/ActionPartExplode/ActionPartExplode
[LOG 23:14:55.965] Config(MEBASICNODE) SquadExpansion/MakingHistory/Nodes/ActionPartResourceDrain/ActionPartResourceDrain
[LOG 23:14:55.965] Config(MEBASICNODE) SquadExpansion/MakingHistory/Nodes/ActionVesselActionGroup/ActionVesselActionGroup
[LOG 23:14:55.965] Config(MEBASICNODE) SquadExpansion/MakingHistory/Nodes/ActionVesselStage/ActionVesselStage
[LOG 23:14:55.965] Config(MEBASICNODE) SquadExpansion/MakingHistory/Nodes/CreateAsteroid/CreateAsteroid
[LOG 23:14:55.965] Config(MEBASICNODE) SquadExpansion/MakingHistory/Nodes/CreateComet/CreateComet
[LOG 23:14:55.965] Config(MEBASICNODE) SquadExpansion/MakingHistory/Nodes/CreateFlag/CreateFlag
[LOG 23:14:55.965] Config(MEBASICNODE) SquadExpansion/MakingHistory/Nodes/CreateLaunchSite/CreateLaunchSite
[LOG 23:14:55.965] Config(MEBASICNODE) SquadExpansion/MakingHistory/Nodes/CreateVessel/CreateVessel
[LOG 23:14:55.965] Config(MEBASICNODE) SquadExpansion/MakingHistory/Nodes/CrewAssignment/TestCrewAssignment
[LOG 23:14:55.965] Config(MEBASICNODE) SquadExpansion/MakingHistory/Nodes/Destroyed/Crashed
[LOG 23:14:55.965] Config(MEBASICNODE) SquadExpansion/MakingHistory/Nodes/DialogMessage/DialogMessage
[LOG 23:14:55.965] Config(MEBASICNODE) SquadExpansion/MakingHistory/Nodes/Distance/Distance
[LOG 23:14:55.965] Config(MEBASICNODE) SquadExpansion/MakingHistory/Nodes/EmptyFalse/EmptyFalse
[LOG 23:14:55.965] Config(MEBASICNODE) SquadExpansion/MakingHistory/Nodes/EmptyTrue/EmptyTrue
[LOG 23:14:55.965] Config(MEBASICNODE) SquadExpansion/MakingHistory/Nodes/EscapeSOI/SOILeft
[LOG 23:14:55.965] Config(MEBASICNODE) SquadExpansion/MakingHistory/Nodes/EVA/EVA
[LOG 23:14:55.965] Config(MEBASICNODE) SquadExpansion/MakingHistory/Nodes/Flying/Flying
[LOG 23:14:55.965] Config(MEBASICNODE) SquadExpansion/MakingHistory/Nodes/FundsRecovery/FundsRecovery
[LOG 23:14:55.965] Config(MEBASICNODE) SquadExpansion/MakingHistory/Nodes/KerbalBoarded/TestKerbalBoarded
[LOG 23:14:55.965] Config(MEBASICNODE) SquadExpansion/MakingHistory/Nodes/KerbalKilled/EVA
[LOG 23:14:55.965] Config(MEBASICNODE) SquadExpansion/MakingHistory/Nodes/KerbalRecovery/KerbalRecovery
[LOG 23:14:55.965] Config(MEBASICNODE) SquadExpansion/MakingHistory/Nodes/KerbalRescue/KerbalRescue
[LOG 23:14:55.965] Config(MEBASICNODE) SquadExpansion/MakingHistory/Nodes/Landed/Landed
[LOG 23:14:55.965] Config(MEBASICNODE) SquadExpansion/MakingHistory/Nodes/Message/Message
[LOG 23:14:55.965] Config(MEBASICNODE) SquadExpansion/MakingHistory/Nodes/MissionFunds/MissionFunds
[LOG 23:14:55.966] Config(MEBASICNODE) SquadExpansion/MakingHistory/Nodes/MissionScore/MissionScore
[LOG 23:14:55.966] Config(MEBASICNODE) SquadExpansion/MakingHistory/Nodes/Orbit/Orbit
[LOG 23:14:55.966] Config(MEBASICNODE) SquadExpansion/MakingHistory/Nodes/OrbitParams/OrbitParams
[LOG 23:14:55.966] Config(MEBASICNODE) SquadExpansion/MakingHistory/Nodes/PartDocking/TestPartDocking
[LOG 23:14:55.966] Config(MEBASICNODE) SquadExpansion/MakingHistory/Nodes/PartFailure/PartFailure
[LOG 23:14:55.966] Config(MEBASICNODE) SquadExpansion/MakingHistory/Nodes/PartGrapple/TestGrapple
[LOG 23:14:55.966] Config(MEBASICNODE) SquadExpansion/MakingHistory/Nodes/PartRepair/PartRepair
[LOG 23:14:55.966] Config(MEBASICNODE) SquadExpansion/MakingHistory/Nodes/PlaceKerbal/CreateKerbal
[LOG 23:14:55.966] Config(MEBASICNODE) SquadExpansion/MakingHistory/Nodes/PlantFlag/PlantFlag
[LOG 23:14:55.966] Config(MEBASICNODE) SquadExpansion/MakingHistory/Nodes/ReachSOI/ReachSOI
[LOG 23:14:55.966] Config(MEBASICNODE) SquadExpansion/MakingHistory/Nodes/Resource/ResourceAmount
[LOG 23:14:55.966] Config(MEBASICNODE) SquadExpansion/MakingHistory/Nodes/ResourceRecovery/TestResourcesRecovery
[LOG 23:14:55.966] Config(MEBASICNODE) SquadExpansion/MakingHistory/Nodes/ScienceExperiment/ScienceExperiment
[LOG 23:14:55.966] Config(MEBASICNODE) SquadExpansion/MakingHistory/Nodes/SetCamera/SetCamera
[LOG 23:14:55.966] Config(MEBASICNODE) SquadExpansion/MakingHistory/Nodes/SplashDown/SplashDown
[LOG 23:14:55.966] Config(MEBASICNODE) SquadExpansion/MakingHistory/Nodes/StageActivated/TestVesselStageActivated
[LOG 23:14:55.966] Config(MEBASICNODE) SquadExpansion/MakingHistory/Nodes/TakeKerbal/TestTakeKerbal
[LOG 23:14:55.966] Config(MEBASICNODE) SquadExpansion/MakingHistory/Nodes/TestFlyThrough/TestFlyThrough
[LOG 23:14:55.966] Config(MEBASICNODE) SquadExpansion/MakingHistory/Nodes/TestGoTo/TestGoTo
[LOG 23:14:55.966] Config(MEBASICNODE) SquadExpansion/MakingHistory/Nodes/TimeMET/TimeMET
[LOG 23:14:55.966] Config(MEBASICNODE) SquadExpansion/MakingHistory/Nodes/TimeOfMission/TimeOfMission
[LOG 23:14:55.966] Config(MEBASICNODE) SquadExpansion/MakingHistory/Nodes/TimeSinceNode/TestTimeSinceNode
[LOG 23:14:55.966] Config(MEBASICNODE) SquadExpansion/MakingHistory/Nodes/VesselActiveCount/TestVesselActiveCount
[LOG 23:14:55.967] Config(MEBASICNODE) SquadExpansion/MakingHistory/Nodes/VesselAltitudeGoal/VesselAltitudeGoal
[LOG 23:14:55.967] Config(MEBASICNODE) SquadExpansion/MakingHistory/Nodes/VesselCrewCount/VeselCrewCount
[LOG 23:14:55.967] Config(MEBASICNODE) SquadExpansion/MakingHistory/Nodes/VesselMassLogic/VesselMass
[LOG 23:14:55.967] Config(MEBASICNODE) SquadExpansion/MakingHistory/Nodes/VesselPartCount/PartCount
[LOG 23:14:55.967] Config(MEBASICNODE) SquadExpansion/MakingHistory/Nodes/VesselRecovery/TestVesselRecovery
[LOG 23:14:55.967] Config(MEBASICNODE) SquadExpansion/MakingHistory/Nodes/VesselStage/TestVesselStage
[LOG 23:14:55.967] Config(MEBASICNODE) SquadExpansion/MakingHistory/Nodes/VesselVelocity/VesselVelocity
[LOG 23:14:55.967] Config(PART) SquadExpansion/MakingHistory/Parts/Aero/protectiveRocketNoseMk16/rocketNoseCone_size4/rocketNoseConeSize4
[LOG 23:14:55.967] Config(PART) SquadExpansion/MakingHistory/Parts/Aero/protectiveRocketNoseMk5A/Size_1_5_Cone/Size_1_5_Cone
[LOG 23:14:55.967] Config(PART) SquadExpansion/MakingHistory/Parts/Coupling/Decoupler_1p5/Decoupler_1p5
[LOG 23:14:55.967] Config(PART) SquadExpansion/MakingHistory/Parts/Coupling/Decoupler_4/Decoupler_4
[LOG 23:14:55.967] Config(PART) SquadExpansion/MakingHistory/Parts/Coupling/EnginePlate_1p5/EnginePlate1p5
[LOG 23:14:55.967] Config(PART) SquadExpansion/MakingHistory/Parts/Coupling/EnginePlate_2/EnginePlate2
[LOG 23:14:55.967] Config(PART) SquadExpansion/MakingHistory/Parts/Coupling/EnginePlate_3/EnginePlate3
[LOG 23:14:55.967] Config(PART) SquadExpansion/MakingHistory/Parts/Coupling/EnginePlate_4/EnginePlate4
[LOG 23:14:55.968] Config(PART) SquadExpansion/MakingHistory/Parts/Coupling/EnginePlate_5/EnginePlate5
[LOG 23:14:55.968] Config(PART) SquadExpansion/MakingHistory/Parts/Coupling/InflatableAirlock/InflatableAirlock
[LOG 23:14:55.968] Config(PART) SquadExpansion/MakingHistory/Parts/Coupling/Separator_1p5/Separator_1p5
[LOG 23:14:55.968] Config(PART) SquadExpansion/MakingHistory/Parts/Coupling/Separator_4/Separator_4
[LOG 23:14:55.968] Config(PART) SquadExpansion/MakingHistory/Parts/Coupling/Size1p5_Strut_Decoupler/Size1p5_Strut_Decoupler
[LOG 23:14:55.968] Config(PART) SquadExpansion/MakingHistory/Parts/Engine/LiquidEngineKE-1/LiquidEngineKE-1
[LOG 23:14:55.968] Config(PART) SquadExpansion/MakingHistory/Parts/Engine/LiquidEngineLV-T91/LiquidEngineLV-T91
[LOG 23:14:55.968] Config(PART) SquadExpansion/MakingHistory/Parts/Engine/LiquidEngineLV-TX87/LiquidEngineLV-TX87
[LOG 23:14:55.968] Config(PART) SquadExpansion/MakingHistory/Parts/Engine/LiquidEngineRE-I2/LiquidEngineRE-I2
[LOG 23:14:55.968] Config(PART) SquadExpansion/MakingHistory/Parts/Engine/LiquidEngineRE-J10/LiquidEngineRE-J10
[LOG 23:14:55.968] Config(PART) SquadExpansion/MakingHistory/Parts/Engine/LiquidEngineRK-7/LiquidEngineRK-7
[LOG 23:14:55.968] Config(PART) SquadExpansion/MakingHistory/Parts/Engine/LiquidEngineRV-1/LiquidEngineRV-1
[LOG 23:14:55.968] Config(PART) SquadExpansion/MakingHistory/Parts/Engine/solidBoosterTHK/solidBoosterTHK/Pollux
[LOG 23:14:55.968] Config(PART) SquadExpansion/MakingHistory/Parts/FuelTank/MonoPropMini/monopropMiniSphere
[LOG 23:14:55.968] Config(PART) SquadExpansion/MakingHistory/Parts/FuelTank/Size1p5_Monoprop/Size1p5_Monoprop
[LOG 23:14:55.968] Config(PART) SquadExpansion/MakingHistory/Parts/FuelTank/Size1p5_Size0_Adapter_01/Size1p5_Size0_Adapter_01
[LOG 23:14:55.969] Config(PART) SquadExpansion/MakingHistory/Parts/FuelTank/Size1p5_Size1_Adapter_01/Size1p5_Size1_Adapter_01
[LOG 23:14:55.969] Config(PART) SquadExpansion/MakingHistory/Parts/FuelTank/Size1p5_Size1_Adapter_02/Size1p5_Size1_Adapter_02
[LOG 23:14:55.969] Config(PART) SquadExpansion/MakingHistory/Parts/FuelTank/Size1p5_Size2_Adapter_01/Size1p5_Size2_Adapter_01
[LOG 23:14:55.969] Config(PART) SquadExpansion/MakingHistory/Parts/FuelTank/Size1p5_Tank_01/Size1p5_Tank_01
[LOG 23:14:55.969] Config(PART) SquadExpansion/MakingHistory/Parts/FuelTank/Size1p5_Tank_02/Size1p5_Tank_02
[LOG 23:14:55.969] Config(PART) SquadExpansion/MakingHistory/Parts/FuelTank/Size1p5_Tank_03/Size1p5_Tank_03
[LOG 23:14:55.969] Config(PART) SquadExpansion/MakingHistory/Parts/FuelTank/Size1p5_Tank_04/Size1p5_Tank_04
[LOG 23:14:55.969] Config(PART) SquadExpansion/MakingHistory/Parts/FuelTank/Size1p5_Tank_05/Size1p5_Tank_05
[LOG 23:14:55.969] Config(PART) SquadExpansion/MakingHistory/Parts/FuelTank/Size3_Size4_Adapter_01/Size3_Size4_Adapter_01
[LOG 23:14:55.969] Config(PART) SquadExpansion/MakingHistory/Parts/FuelTank/Size4_EngineAdapter_01/Size4_EngineAdapter_01
[LOG 23:14:55.969] Config(PART) SquadExpansion/MakingHistory/Parts/FuelTank/Size4_Tank_01/Size4_Tank_01
[LOG 23:14:55.969] Config(PART) SquadExpansion/MakingHistory/Parts/FuelTank/Size4_Tank_02/Size4_Tank_02
[LOG 23:14:55.969] Config(PART) SquadExpansion/MakingHistory/Parts/FuelTank/Size4_Tank_03/Size4_Tank_03
[LOG 23:14:55.969] Config(PART) SquadExpansion/MakingHistory/Parts/FuelTank/Size4_Tank_04/Size4_Tank_04
[LOG 23:14:55.969] Config(PART) SquadExpansion/MakingHistory/Parts/Ground/RoverWheel/roverWheelM1-F
[LOG 23:14:55.969] Config(PART) SquadExpansion/MakingHistory/Parts/Payload/fairingSize1p5/fairingSize1p5
[LOG 23:14:55.969] Config(PART) SquadExpansion/MakingHistory/Parts/Payload/fairingSize4/fairingSize4
[LOG 23:14:55.970] Config(PART) SquadExpansion/MakingHistory/Parts/Payload/Size1to0ServiceModule/Size1to0ServiceModule
[LOG 23:14:55.970] Config(PART) SquadExpansion/MakingHistory/Parts/Payload/SM18/ServiceModule18
[LOG 23:14:55.970] Config(PART) SquadExpansion/MakingHistory/Parts/Payload/SM25/ServiceModule25
[LOG 23:14:55.970] Config(PART) SquadExpansion/MakingHistory/Parts/Pods/KV1Pod/kv1Pod
[LOG 23:14:55.970] Config(PART) SquadExpansion/MakingHistory/Parts/Pods/KV2Pod/kv2Pod
[LOG 23:14:55.970] Config(PART) SquadExpansion/MakingHistory/Parts/Pods/KV3Pod/kv3Pod
[LOG 23:14:55.970] Config(PART) SquadExpansion/MakingHistory/Parts/Pods/Mk2Pod/Mk2Pod
[LOG 23:14:55.970] Config(PART) SquadExpansion/MakingHistory/Parts/Pods/Size1_5_Lander/MEMLander
[LOG 23:14:55.970] Config(PART) SquadExpansion/MakingHistory/Parts/Prebuilt/kerbalEVAfemaleVintage/kerbalEVAfemaleVintage
[LOG 23:14:55.970] Config(PART) SquadExpansion/MakingHistory/Parts/Prebuilt/kerbalEVAVintage/kerbalEVAVintage
[LOG 23:14:55.971] Config(PART) SquadExpansion/MakingHistory/Parts/Structural/EquiTriangle0/EquiTriangle0
[LOG 23:14:55.971] Config(PART) SquadExpansion/MakingHistory/Parts/Structural/EquiTriangle1/EquiTriangle1
[LOG 23:14:55.971] Config(PART) SquadExpansion/MakingHistory/Parts/Structural/EquiTriangle1p5/EquiTriangle1p5
[LOG 23:14:55.971] Config(PART) SquadExpansion/MakingHistory/Parts/Structural/EquiTriangle2/EquiTriangle2
[LOG 23:14:55.971] Config(PART) SquadExpansion/MakingHistory/Parts/Structural/Panel0/Panel0
[LOG 23:14:55.971] Config(PART) SquadExpansion/MakingHistory/Parts/Structural/Panel1/Panel1
[LOG 23:14:55.971] Config(PART) SquadExpansion/MakingHistory/Parts/Structural/Panel1p5/Panel1p5
[LOG 23:14:55.971] Config(PART) SquadExpansion/MakingHistory/Parts/Structural/Panel2/Panel2
[LOG 23:14:55.971] Config(PART) SquadExpansion/MakingHistory/Parts/Structural/Triangle0/Triangle0
[LOG 23:14:55.971] Config(PART) SquadExpansion/MakingHistory/Parts/Structural/Triangle1/Triangle1
[LOG 23:14:55.971] Config(PART) SquadExpansion/MakingHistory/Parts/Structural/Triangle1p5/Triangle1p5
[LOG 23:14:55.972] Config(PART) SquadExpansion/MakingHistory/Parts/Structural/Triangle2/Triangle2
[LOG 23:14:55.972] Config(PART) SquadExpansion/MakingHistory/Parts/Structural/Tube1/Tube1
[LOG 23:14:55.972] Config(PART) SquadExpansion/MakingHistory/Parts/Structural/Tube1p5/Tube1p5
[LOG 23:14:55.972] Config(PART) SquadExpansion/MakingHistory/Parts/Structural/Tube2/Tube2
[LOG 23:14:55.972] Config(PART) SquadExpansion/MakingHistory/Parts/Structural/Tube3/Tube3
[LOG 23:14:55.972] Config(PART) SquadExpansion/MakingHistory/Parts/Structural/Tube4/Tube4
[LOG 23:14:55.973] Config(PART) SquadExpansion/MakingHistory/Parts/Thermal/HeatShield1p5/HeatShield1p5
[LOG 23:14:55.973] Config(PART) SquadExpansion/MakingHistory/Parts/Utility/flags/flagSize1p5/flagSize1p5/flagPartSize1p5
[LOG 23:14:55.973] Config(PART) SquadExpansion/MakingHistory/Parts/Utility/flags/flagSize4/flagSize4/flagPartSize4
[LOG 23:14:55.973] Config(INTERNAL) SquadExpansion/MakingHistory/Spaces/KVPods/Airlock_Internal/Airlock_IVA
[LOG 23:14:55.973] Config(INTERNAL) SquadExpansion/MakingHistory/Spaces/KVPods/KV1_Internal/KV1_IVA
[LOG 23:14:55.973] Config(INTERNAL) SquadExpansion/MakingHistory/Spaces/KVPods/KV2_Internal/KV2_IVA
[LOG 23:14:55.973] Config(INTERNAL) SquadExpansion/MakingHistory/Spaces/KVPods/KV3_Internal/KV3_IVA
[LOG 23:14:55.973] Config(INTERNAL) SquadExpansion/MakingHistory/Spaces/MEM/MEM_IVA/MEM_IVA
[LOG 23:14:55.973] Config(INTERNAL) SquadExpansion/MakingHistory/Spaces/Mk2Pod/Mk2Pod_Internal/MK2POD_IVA
[LOG 23:14:55.973] Config(Contracts) SquadExpansion/Serenity/Contracts/contracts/Contracts
[LOG 23:14:55.973] Config(EXPERIENCE_TRAIT) SquadExpansion/Serenity/Experience/Traits/Engineer
[LOG 23:14:55.973] Config(EXPERIENCE_TRAIT) SquadExpansion/Serenity/Experience/Traits/Scientist
[LOG 23:14:55.973] Config(Localization) SquadExpansion/Serenity/Localization/dictionary/Localization
[LOG 23:14:55.973] Config(PART) SquadExpansion/Serenity/Parts/Aero/FanShroud_01/FanShroud_01
[LOG 23:14:55.974] Config(PART) SquadExpansion/Serenity/Parts/Aero/FanShroud_02/FanShroud_02
[LOG 23:14:55.974] Config(PART) SquadExpansion/Serenity/Parts/Aero/FanShroud_03/FanShroud_03
[LOG 23:14:55.974] Config(PART) SquadExpansion/Serenity/Parts/Aero/noseconeTiny/noseconeTiny
[LOG 23:14:55.974] Config(PART) SquadExpansion/Serenity/Parts/Aero/noseconeVS/noseconeVS
[LOG 23:14:55.974] Config(PART) SquadExpansion/Serenity/Parts/DeployedScience/centralStation/DeployedCentralStation
[LOG 23:14:55.974] Config(PART) SquadExpansion/Serenity/Parts/DeployedScience/gooObservation/DeployedGoExOb
[LOG 23:14:55.974] Config(PART) SquadExpansion/Serenity/Parts/DeployedScience/ionCollector/DeployedIONExp
[LOG 23:14:55.974] Config(PART) SquadExpansion/Serenity/Parts/DeployedScience/rtg/DeployedRTG
[LOG 23:14:55.974] Config(PART) SquadExpansion/Serenity/Parts/DeployedScience/satDish/DeployedSatDish
[LOG 23:14:55.974] Config(PART) SquadExpansion/Serenity/Parts/DeployedScience/seismicSensor/DeployedSeismicSensor
[LOG 23:14:55.974] Config(PART) SquadExpansion/Serenity/Parts/DeployedScience/solarPanel/DeployedSolarPanel
[LOG 23:14:55.974] Config(PART) SquadExpansion/Serenity/Parts/DeployedScience/weatherStation/DeployedWeatherStn
[LOG 23:14:55.974] Config(PART) SquadExpansion/Serenity/Parts/Prebuilt/kerbalEVA/kerbalEVA
[LOG 23:14:55.974] Config(PART) SquadExpansion/Serenity/Parts/Prebuilt/kerbalEVAfemale/kerbalEVAfemale
[LOG 23:14:55.974] Config(PART) SquadExpansion/Serenity/Parts/Prebuilt/kerbalEVAfemaleFuture/kerbalEVAfemaleFuture
[LOG 23:14:55.975] Config(PART) SquadExpansion/Serenity/Parts/Prebuilt/kerbalEVAfemaleVintage/kerbalEVAfemaleVintage
[LOG 23:14:55.975] Config(PART) SquadExpansion/Serenity/Parts/Prebuilt/kerbalEVAFuture/kerbalEVAFuture
[LOG 23:14:55.975] Config(PART) SquadExpansion/Serenity/Parts/Prebuilt/kerbalEVASlimSuit/kerbalEVASlimSuit
[LOG 23:14:55.975] Config(PART) SquadExpansion/Serenity/Parts/Prebuilt/kerbalEVASlimSuitFemale/kerbalEVASlimSuitFemale
[LOG 23:14:55.975] Config(PART) SquadExpansion/Serenity/Parts/Prebuilt/kerbalEVAVintage/kerbalEVAVintage
[LOG 23:14:55.975] Config(PART) SquadExpansion/Serenity/Parts/Propellers/largeFanBlade/largeFanBlade
[LOG 23:14:55.975] Config(PART) SquadExpansion/Serenity/Parts/Propellers/largeHeliBlade/largeHeliBlade
[LOG 23:14:55.975] Config(PART) SquadExpansion/Serenity/Parts/Propellers/largePropeller/largePropeller
[LOG 23:14:55.975] Config(PART) SquadExpansion/Serenity/Parts/Propellers/mediumFanBlade/mediumFanBlade
[LOG 23:14:55.975] Config(PART) SquadExpansion/Serenity/Parts/Propellers/mediumHeliBlade/mediumHeliBlade
[LOG 23:14:55.975] Config(PART) SquadExpansion/Serenity/Parts/Propellers/mediumPropeller/mediumPropeller
[LOG 23:14:55.975] Config(PART) SquadExpansion/Serenity/Parts/Propellers/smallFanBlade/smallFanBlade
[LOG 23:14:55.975] Config(PART) SquadExpansion/Serenity/Parts/Propellers/smallHeliBlade/smallHeliBlade
[LOG 23:14:55.975] Config(PART) SquadExpansion/Serenity/Parts/Propellers/smallPropeller/smallPropeller
[LOG 23:14:55.975] Config(PART) SquadExpansion/Serenity/Parts/Robotics/hinge_01/hinge_01
[LOG 23:14:55.975] Config(PART) SquadExpansion/Serenity/Parts/Robotics/hinge_01_s/hinge_01_s
[LOG 23:14:55.975] Config(PART) SquadExpansion/Serenity/Parts/Robotics/hinge_03/hinge_03
[LOG 23:14:55.976] Config(PART) SquadExpansion/Serenity/Parts/Robotics/hinge_03_s/hinge_03_s
[LOG 23:14:55.976] Config(PART) SquadExpansion/Serenity/Parts/Robotics/hinge_04/hinge_04
[LOG 23:14:55.976] Config(PART) SquadExpansion/Serenity/Parts/Robotics/piston_01/piston_01
[LOG 23:14:55.976] Config(PART) SquadExpansion/Serenity/Parts/Robotics/piston_02/piston_02
[LOG 23:14:55.976] Config(PART) SquadExpansion/Serenity/Parts/Robotics/piston_03/piston_03
[LOG 23:14:55.976] Config(PART) SquadExpansion/Serenity/Parts/Robotics/piston_04/piston_04
[LOG 23:14:55.976] Config(PART) SquadExpansion/Serenity/Parts/Robotics/RotorEngine_02/RotorEngine_02
[LOG 23:14:55.976] Config(PART) SquadExpansion/Serenity/Parts/Robotics/RotorEngine_03/RotorEngine_03
[LOG 23:14:55.976] Config(PART) SquadExpansion/Serenity/Parts/Robotics/rotor_01/rotor_01
[LOG 23:14:55.976] Config(PART) SquadExpansion/Serenity/Parts/Robotics/rotor_01s/rotor_01s
[LOG 23:14:55.976] Config(PART) SquadExpansion/Serenity/Parts/Robotics/rotor_02/rotor_02
[LOG 23:14:55.976] Config(PART) SquadExpansion/Serenity/Parts/Robotics/rotor_02s/rotor_02s
[LOG 23:14:55.976] Config(PART) SquadExpansion/Serenity/Parts/Robotics/rotor_03/rotor_03
[LOG 23:14:55.976] Config(PART) SquadExpansion/Serenity/Parts/Robotics/rotor_03s/rotor_03s
[LOG 23:14:55.976] Config(PART) SquadExpansion/Serenity/Parts/Robotics/rotoServo_00/rotoServo_00
[LOG 23:14:55.976] Config(PART) SquadExpansion/Serenity/Parts/Robotics/rotoServo_02/rotoServo_02
[LOG 23:14:55.977] Config(PART) SquadExpansion/Serenity/Parts/Robotics/rotoServo_03/rotoServo_03
[LOG 23:14:55.977] Config(PART) SquadExpansion/Serenity/Parts/Robotics/rotoServo_04/rotoServo_04
[LOG 23:14:55.977] Config(PART) SquadExpansion/Serenity/Parts/Robotics/Controllers/KAL1000/controller1000
[LOG 23:14:55.977] Config(PART) SquadExpansion/Serenity/Parts/Science/RobotArmScanner/RobotArmScanner_S1/RobotArmScanner_S1
[LOG 23:14:55.977] Config(PART) SquadExpansion/Serenity/Parts/Science/RobotArmScanner/RobotArmScanner_S2/RobotArmScanner_S2
[LOG 23:14:55.977] Config(PART) SquadExpansion/Serenity/Parts/Science/RobotArmScanner/RobotArmScanner_S3/RobotArmScanner_S3
[LOG 23:14:55.977] Config(PART) SquadExpansion/Serenity/Parts/Structural/gripPads/lGripPad/lGripPad
[LOG 23:14:55.977] Config(PART) SquadExpansion/Serenity/Parts/Structural/gripPads/lGripStrip/lGripStrip
[LOG 23:14:55.977] Config(PART) SquadExpansion/Serenity/Parts/Structural/gripPads/mGripPad/mGripPad
[LOG 23:14:55.977] Config(PART) SquadExpansion/Serenity/Parts/Structural/gripPads/sGripPad/sGripPad
[LOG 23:14:55.977] Config(PART) SquadExpansion/Serenity/Parts/Structural/gripPads/sGripStrip/sGripStrip
[LOG 23:14:55.977] Config(DEPLOYEDSCIENCE) SquadExpansion/Serenity/Resources/DeployedScience/DEPLOYEDSCIENCE
[LOG 23:14:55.977] Config(PHYSICMATERIAL_DEFINITION) SquadExpansion/Serenity/Resources/PhysicsMaterials/MediumGrip
[LOG 23:14:55.977] Config(PHYSICMATERIAL_DEFINITION) SquadExpansion/Serenity/Resources/PhysicsMaterials/HighGrip
[LOG 23:14:55.977] Config(PHYSICMATERIAL_DEFINITION) SquadExpansion/Serenity/Resources/PhysicsMaterials/ExtremeGrip
[LOG 23:14:55.977] Config(PHYSICMATERIAL_DEFINITION) SquadExpansion/Serenity/Resources/PhysicsMaterials/LowGrip
[LOG 23:14:55.978] Config(PHYSICMATERIAL_DEFINITION) SquadExpansion/Serenity/Resources/PhysicsMaterials/Default
[LOG 23:14:55.978] Config(ROC_DEFINITION) SquadExpansion/Serenity/Resources/rocsdef/ROC_DEFINITION
[LOG 23:14:55.978] Config(ROC_DEFINITION) SquadExpansion/Serenity/Resources/rocsdef/ROC_DEFINITION
[LOG 23:14:55.978] Config(ROC_DEFINITION) SquadExpansion/Serenity/Resources/rocsdef/ROC_DEFINITION
[LOG 23:14:55.978] Config(ROC_DEFINITION) SquadExpansion/Serenity/Resources/rocsdef/ROC_DEFINITION
[LOG 23:14:55.978] Config(ROC_DEFINITION) SquadExpansion/Serenity/Resources/rocsdef/ROC_DEFINITION
[LOG 23:14:55.978] Config(ROC_DEFINITION) SquadExpansion/Serenity/Resources/rocsdef/ROC_DEFINITION
[LOG 23:14:55.978] Config(ROC_DEFINITION) SquadExpansion/Serenity/Resources/rocsdef/ROC_DEFINITION
[LOG 23:14:55.978] Config(ROC_DEFINITION) SquadExpansion/Serenity/Resources/rocsdef/ROC_DEFINITION
[LOG 23:14:55.978] Config(ROC_DEFINITION) SquadExpansion/Serenity/Resources/rocsdef/ROC_DEFINITION
[LOG 23:14:55.978] Config(ROC_DEFINITION) SquadExpansion/Serenity/Resources/rocsdef/ROC_DEFINITION
[LOG 23:14:55.978] Config(ROC_DEFINITION) SquadExpansion/Serenity/Resources/rocsdef/ROC_DEFINITION
[LOG 23:14:55.978] Config(ROC_DEFINITION) SquadExpansion/Serenity/Resources/rocsdef/ROC_DEFINITION
[LOG 23:14:55.978] Config(ROC_DEFINITION) SquadExpansion/Serenity/Resources/rocsdef/ROC_DEFINITION
[LOG 23:14:55.978] Config(ROC_DEFINITION) SquadExpansion/Serenity/Resources/rocsdef/ROC_DEFINITION
[LOG 23:14:55.978] Config(ROC_DEFINITION) SquadExpansion/Serenity/Resources/rocsdef/ROC_DEFINITION
[LOG 23:14:55.978] Config(ROC_DEFINITION) SquadExpansion/Serenity/Resources/rocsdef/ROC_DEFINITION
[LOG 23:14:55.978] Config(ROC_DEFINITION) SquadExpansion/Serenity/Resources/rocsdef/ROC_DEFINITION
[LOG 23:14:55.978] Config(ROC_DEFINITION) SquadExpansion/Serenity/Resources/rocsdef/ROC_DEFINITION
[LOG 23:14:55.978] Config(ROC_DEFINITION) SquadExpansion/Serenity/Resources/rocsdef/ROC_DEFINITION
[LOG 23:14:55.978] Config(ROC_DEFINITION) SquadExpansion/Serenity/Resources/rocsdef/ROC_DEFINITION
[LOG 23:14:55.979] Config(ROC_DEFINITION) SquadExpansion/Serenity/Resources/rocsdef/ROC_DEFINITION
[LOG 23:14:55.979] Config(ROC_DEFINITION) SquadExpansion/Serenity/Resources/rocsdef/ROC_DEFINITION
[LOG 23:14:55.979] Config(ROC_DEFINITION) SquadExpansion/Serenity/Resources/rocsdef/ROC_DEFINITION
[LOG 23:14:55.979] Config(ROC_DEFINITION) SquadExpansion/Serenity/Resources/rocsdef/ROC_DEFINITION
[LOG 23:14:55.979] Config(ROC_DEFINITION) SquadExpansion/Serenity/Resources/rocsdef/ROC_DEFINITION
[LOG 23:14:55.979] Config(ROC_DEFINITION) SquadExpansion/Serenity/Resources/rocsdef/ROC_DEFINITION
[LOG 23:14:55.979] Config(ROC_DEFINITION) SquadExpansion/Serenity/Resources/rocsdef/ROC_DEFINITION
[LOG 23:14:55.979] Config(ROC_DEFINITION) SquadExpansion/Serenity/Resources/rocsdef/ROC_DEFINITION
[LOG 23:14:55.979] Config(ROC_DEFINITION) SquadExpansion/Serenity/Resources/rocsdef/ROC_DEFINITION
[LOG 23:14:55.979] Config(ROC_DEFINITION) SquadExpansion/Serenity/Resources/rocsdef/ROC_DEFINITION
[LOG 23:14:55.979] Config(ROC_DEFINITION) SquadExpansion/Serenity/Resources/rocsdef/ROC_DEFINITION
[LOG 23:14:55.979] Config(ROC_DEFINITION) SquadExpansion/Serenity/Resources/rocsdef/ROC_DEFINITION
[LOG 23:14:55.979] Config(ROC_DEFINITION) SquadExpansion/Serenity/Resources/rocsdef/ROC_DEFINITION
[LOG 23:14:55.979] Config(ROC_DEFINITION) SquadExpansion/Serenity/Resources/rocsdef/ROC_DEFINITION
[LOG 23:14:55.979] Config(EXPERIMENT_DEFINITION) SquadExpansion/Serenity/Resources/ScienceDefs/EXPERIMENT_DEFINITION
[LOG 23:14:55.979] Config(EXPERIMENT_DEFINITION) SquadExpansion/Serenity/Resources/ScienceDefs/EXPERIMENT_DEFINITION
[LOG 23:14:55.979] Config(EXPERIMENT_DEFINITION) SquadExpansion/Serenity/Resources/ScienceDefs/EXPERIMENT_DEFINITION
[LOG 23:14:55.979] Config(EXPERIMENT_DEFINITION) SquadExpansion/Serenity/Resources/ScienceDefs/EXPERIMENT_DEFINITION
[LOG 23:14:55.979] Config(EXPERIMENT_DEFINITION) SquadExpansion/Serenity/Resources/ScienceDefs/EXPERIMENT_DEFINITION
[LOG 23:14:55.979] Config(EXPERIMENT_DEFINITION) SquadExpansion/Serenity/Resources/ScienceDefs/EXPERIMENT_DEFINITION
[LOG 23:14:55.979] Config(EXPERIMENT_DEFINITION) SquadExpansion/Serenity/Resources/ScienceDefs/EXPERIMENT_DEFINITION
[LOG 23:14:55.979] Config(EXPERIMENT_DEFINITION) SquadExpansion/Serenity/Resources/ScienceDefs/EXPERIMENT_DEFINITION
[LOG 23:14:55.979] Config(EXPERIMENT_DEFINITION) SquadExpansion/Serenity/Resources/ScienceDefs/EXPERIMENT_DEFINITION
[LOG 23:14:55.979] Config(EXPERIMENT_DEFINITION) SquadExpansion/Serenity/Resources/ScienceDefs/EXPERIMENT_DEFINITION
[LOG 23:14:55.979] Config(EXPERIMENT_DEFINITION) SquadExpansion/Serenity/Resources/ScienceDefs/EXPERIMENT_DEFINITION
[LOG 23:14:55.979] Config(EXPERIMENT_DEFINITION) SquadExpansion/Serenity/Resources/ScienceDefs/EXPERIMENT_DEFINITION
[LOG 23:14:55.979] Config(EXPERIMENT_DEFINITION) SquadExpansion/Serenity/Resources/ScienceDefs/EXPERIMENT_DEFINITION
[LOG 23:14:55.980] Config(EXPERIMENT_DEFINITION) SquadExpansion/Serenity/Resources/ScienceDefs/EXPERIMENT_DEFINITION
[LOG 23:14:55.980] Config(EXPERIMENT_DEFINITION) SquadExpansion/Serenity/Resources/ScienceDefs/EXPERIMENT_DEFINITION
[LOG 23:14:55.980] Config(EXPERIMENT_DEFINITION) SquadExpansion/Serenity/Resources/ScienceDefs/EXPERIMENT_DEFINITION
[LOG 23:14:55.980] Config(EXPERIMENT_DEFINITION) SquadExpansion/Serenity/Resources/ScienceDefs/EXPERIMENT_DEFINITION
[LOG 23:14:55.980] Config(EXPERIMENT_DEFINITION) SquadExpansion/Serenity/Resources/ScienceDefs/EXPERIMENT_DEFINITION
[LOG 23:14:55.980] Config(EXPERIMENT_DEFINITION) SquadExpansion/Serenity/Resources/ScienceDefs/EXPERIMENT_DEFINITION
[LOG 23:14:55.980] Config(EXPERIMENT_DEFINITION) SquadExpansion/Serenity/Resources/ScienceDefs/EXPERIMENT_DEFINITION
[LOG 23:14:55.980] Config(EXPERIMENT_DEFINITION) SquadExpansion/Serenity/Resources/ScienceDefs/EXPERIMENT_DEFINITION
[LOG 23:14:55.980] Config(EXPERIMENT_DEFINITION) SquadExpansion/Serenity/Resources/ScienceDefs/EXPERIMENT_DEFINITION
[LOG 23:14:55.980] Config(EXPERIMENT_DEFINITION) SquadExpansion/Serenity/Resources/ScienceDefs/EXPERIMENT_DEFINITION
[LOG 23:14:55.980] Config(EXPERIMENT_DEFINITION) SquadExpansion/Serenity/Resources/ScienceDefs/EXPERIMENT_DEFINITION
[LOG 23:14:55.980] Config(EXPERIMENT_DEFINITION) SquadExpansion/Serenity/Resources/ScienceDefs/EXPERIMENT_DEFINITION
[LOG 23:14:55.980] Config(EXPERIMENT_DEFINITION) SquadExpansion/Serenity/Resources/ScienceDefs/EXPERIMENT_DEFINITION
[LOG 23:14:55.980] Config(EXPERIMENT_DEFINITION) SquadExpansion/Serenity/Resources/ScienceDefs/EXPERIMENT_DEFINITION
[LOG 23:14:55.980] Config(EXPERIMENT_DEFINITION) SquadExpansion/Serenity/Resources/ScienceDefs/EXPERIMENT_DEFINITION
[LOG 23:14:55.980] Config(EXPERIMENT_DEFINITION) SquadExpansion/Serenity/Resources/ScienceDefs/EXPERIMENT_DEFINITION
[LOG 23:14:55.980] Config(EXPERIMENT_DEFINITION) SquadExpansion/Serenity/Resources/ScienceDefs/EXPERIMENT_DEFINITION
[LOG 23:14:55.980] Config(EXPERIMENT_DEFINITION) SquadExpansion/Serenity/Resources/ScienceDefs/EXPERIMENT_DEFINITION
[LOG 23:14:55.980] Config(EXPERIMENT_DEFINITION) SquadExpansion/Serenity/Resources/ScienceDefs/EXPERIMENT_DEFINITION
[LOG 23:14:55.980] Config(EXPERIMENT_DEFINITION) SquadExpansion/Serenity/Resources/ScienceDefs/EXPERIMENT_DEFINITION
[LOG 23:14:55.980] Config(EXPERIMENT_DEFINITION) SquadExpansion/Serenity/Resources/ScienceDefs/EXPERIMENT_DEFINITION
[LOG 23:14:55.980] Config(EXPERIMENT_DEFINITION) SquadExpansion/Serenity/Resources/ScienceDefs/EXPERIMENT_DEFINITION
[LOG 23:14:55.980] Config(EXPERIMENT_DEFINITION) SquadExpansion/Serenity/Resources/ScienceDefs/EXPERIMENT_DEFINITION
[LOG 23:14:55.980] Config(EXPERIMENT_DEFINITION) SquadExpansion/Serenity/Resources/ScienceDefs/EXPERIMENT_DEFINITION
[LOG 23:14:55.980] Config(EXPERIMENT_DEFINITION) SquadExpansion/Serenity/Resources/ScienceDefs/EXPERIMENT_DEFINITION
[LOG 23:14:55.980] Config(STORY_DEF) SquadExpansion/Serenity/Resources/StoryDefs/STORY_DEF
[LOG 23:14:55.981] Compiling Configs Completed.
[LOG 23:14:55.983] Resource LiquidFuel added to database
[LOG 23:14:55.983] Resource Oxidizer added to database
[LOG 23:14:55.983] Resource SolidFuel added to database
[LOG 23:14:55.984] Resource MonoPropellant added to database
[LOG 23:14:55.984] Resource XenonGas added to database
[LOG 23:14:55.984] Resource ElectricCharge added to database
[LOG 23:14:55.984] Resource IntakeAir added to database
[LOG 23:14:55.984] Resource EVA Propellant added to database
[LOG 23:14:55.984] Resource Ore added to database
[LOG 23:14:55.984] Resource Ablator added to database
[LOG 23:14:55.986] Resource MediumGrip added to database
[LOG 23:14:55.986] Resource HighGrip added to database
[LOG 23:14:55.986] Resource ExtremeGrip added to database
[LOG 23:14:55.986] Resource LowGrip added to database
[LOG 23:14:55.986] Resource Default added to database
[LOG 23:14:55.986] CodeAssetLoader: Compiling all code assets
[LOG 23:14:55.992] ExperienceSystemConfig: Added Effect 'DeployedSciencePowerSkill' to Trait 'Ingénieur'
[LOG 23:14:55.992] ExperienceSystemConfig: Added Effect 'DeployedScienceExpSkill' to Trait 'Scientifique'
[LOG 23:14:55.997] ConfigNode[]
[LOG 23:14:55.997] GameDatabase: Assets loaded in 9.413s
[LOG 23:14:55.999] [ModuleManager] Waited 0.000s for patching to finish
[LOG 23:14:55.999] [ModuleManager] Applying patched game database
[LOG 23:14:56.001] [ModuleManager] Dumping ModuleManager log to main log
[LOG 23:14:56.002] [ModuleManager] 
#### BEGIN MODULEMANAGER LOG ####


[LOG 23:14:48.216] Log started at 2026-10-05 23:14:48.216
[LOG 23:14:50.990] Checking Cache
[LOG 23:14:51.344] SHA generated in 0.351s
[LOG 23:14:51.344]       SHA = 2C-F0-89-2C-A3-88-C0-68-87-D6-37-D9-41-EF-C1-43-27-D3-D5-15-5F-5A-E1-71-5B-33-D3-BD-0F-0A-1E-78
[LOG 23:14:51.377] Cache SHA = 2C-F0-89-2C-A3-88-C0-68-87-D6-37-D9-41-EF-C1-43-27-D3-D5-15-5F-5A-E1-71-5B-33-D3-BD-0F-0A-1E-78
[LOG 23:14:51.377] useCache = True
[LOG 23:14:51.377] Loading from Cache
[LOG 23:14:51.560] Cache Loaded
[LOG 23:14:51.560] Dumping patch log
[LOG 23:14:51.561] 
#### BEGIN PATCH LOG ####


[LOG 23:13:28.640] Log started at 2026-10-05 23:13:28.640
[LOG 23:13:28.640] Pre patch init
[LOG 23:13:28.972] compiling list of loaded mods...
Mod DLLs found:
  Name                                    Assembly Version         Assembly File Version    KSPAssembly Version      SHA256

  Assembly-CSharp                         0.0.0.0                  0.0.0.0                  1.12                     d9e42483f25ee80a9c11d6c1c0a0d29b4ec78c1e08d76c971b71580c9cce51e4
  ModuleManager                           4.2.3.0                  4.2.3.0                  2.5                      95847827ab293b9e82a19b7efb97ffea3e98cc03b181862536ac8eb572e30d7d
  0Harmony                                2.2.1.0                  2.2.1.0                                           19ce60ac3280f72ec1751d36a40cb7e2fece2934df8345969dc7feb83bd633e4
  HarmonyInstallChecker                   2.2.1.0                  2.2.1.0                  1.0                      f11e659e91a52c21c5bda78e52b82a7bdc246bcab6a999733af3c69a11a9dc0e
  0_MultipleModuleInPartAPI               1.0.0.0                  1.0.0.0                  1.0                      df4a22fb0535de7fa154ca234b50dd7c2fc6be879e4a877d9bad1f87bafafcbf
  KSPCommunityFixes                       1.41.0.0                 1.41.1.0                 1.41                     e08ebbec7ab34f4f7ff56d6e900051bb0d259a4bc092881d7db3ca2f9f2e9a11
  KSPDiagTerrainHeight                    1.0.9774.41791           1.0.9774.41791                                    2f11cda7f94b6fd0fbb257a341592fdb210c465557a58b3ab693c86a2d47841d
  KSPMCPServer                            0.0.0.0                  0.0.0.0                                           2ce9d509647c4173b85380de8c78ded4b3fd5db7a3179427ce3c57233dd01b2c
Non-DLL mods added (:FOR[xxx]):
Mods by directory (sub directories of GameData):
  000_Harmony
  Squad
  SquadExpansion
Mods added by assemblies:

[LOG 23:13:28.976] Extracting patches
[LOG 23:13:28.988] Deleting root node in file KSPCommunityFixes/MMPatches/ModSupport/FixDockingNodes node: @PART[*]:HAS[@MODULE[ModuleDockingNodeFixed]]:NEEDS[FixDockingNodes]:FINAL as it can't satisfy its NEEDS
[LOG 23:13:28.990] Deleting root node in file KSPCommunityFixes/MMPatches/ModSupport/KSPRecall node: @KSP_COMMUNITY_FIXES:NEEDS[AttachedOnEditor] as it can't satisfy its NEEDS
[LOG 23:13:28.990] Deleting root node in file KSPCommunityFixes/MMPatches/ModSupport/UniversalStorage node: @KSP_COMMUNITY_FIXES:NEEDS[UniversalStorage2] as it can't satisfy its NEEDS
[LOG 23:13:29.190] Applying patches
[LOG 23:13:29.191] :INSERT (initial) pass
[LOG 23:13:29.289] :FIRST pass
[LOG 23:13:29.294] Applying update KSPCommunityFixes/MMPatches/StockTweaks/LadderToggleableLight/@PART[telescopicLadderBay]:FIRST to Squad/Parts/Utility/ladderTelescopicBay/ladderTelescopicBay.cfg/PART[telescopicLadderBay]
[LOG 23:13:29.306] Applying update KSPCommunityFixes/MMPatches/StockTweaks/LadderToggleableLight/@PART[telescopicLadderBay]:HAS[#LadderToggleableLight[?rue]]:FIRST to Squad/Parts/Utility/ladderTelescopicBay/ladderTelescopicBay.cfg/PART[telescopicLadderBay]
[LOG 23:13:29.306] Applying update KSPCommunityFixes/MMPatches/StockTweaks/LadderToggleableLight/@PART[telescopicLadderBay]:HAS[#LadderToggleableLight]:FIRST to Squad/Parts/Utility/ladderTelescopicBay/ladderTelescopicBay.cfg/PART[telescopicLadderBay]
[LOG 23:13:29.307] Applying update KSPCommunityFixes/MMPatches/StockTweaks/LandingGearLights/@PART[GearSmall]:FIRST to Squad/Parts/Wheel/LandingGear/GearMedium.cfg/PART[GearSmall]
[LOG 23:13:29.309] Applying update KSPCommunityFixes/MMPatches/StockTweaks/LandingGearLights/@PART[SmallGearBay]:FIRST to Squad/Parts/Wheel/LandingGear/GearSmall.cfg/PART[SmallGearBay]
[LOG 23:13:29.309] :LEGACY (default) pass
[LOG 23:13:29.311] :BEFORE[0_MULTIPLEMODULEINPARTAPI] pass
[LOG 23:13:29.311] :FOR[0_MULTIPLEMODULEINPARTAPI] pass
[LOG 23:13:29.311] :AFTER[0_MULTIPLEMODULEINPARTAPI] pass
[LOG 23:13:29.311] :BEFORE[000_HARMONY] pass
[LOG 23:13:29.311] :FOR[000_HARMONY] pass
[LOG 23:13:29.311] :AFTER[000_HARMONY] pass
[LOG 23:13:29.311] :BEFORE[0HARMONY] pass
[LOG 23:13:29.311] :FOR[0HARMONY] pass
[LOG 23:13:29.311] :AFTER[0HARMONY] pass
[LOG 23:13:29.311] :BEFORE[ASSEMBLY-CSHARP] pass
[LOG 23:13:29.311] :FOR[ASSEMBLY-CSHARP] pass
[LOG 23:13:29.311] :AFTER[ASSEMBLY-CSHARP] pass
[LOG 23:13:29.311] :BEFORE[HARMONYINSTALLCHECKER] pass
[LOG 23:13:29.311] :FOR[HARMONYINSTALLCHECKER] pass
[LOG 23:13:29.311] :AFTER[HARMONYINSTALLCHECKER] pass
[LOG 23:13:29.311] :BEFORE[KSPCOMMUNITYFIXES] pass
[LOG 23:13:29.311] :FOR[KSPCOMMUNITYFIXES] pass
[LOG 23:13:29.311] Applying update KSPCommunityFixes/MMPatches/StockTweaks/ManufacturerFixes/@PART[sasModule]:FOR[KSPCommunityFixes] to Squad/Parts/Command/inlineReactionWheel/inlineReactionWheel.cfg/PART[sasModule]
[LOG 23:13:29.312] Applying update KSPCommunityFixes/MMPatches/StockTweaks/ManufacturerFixes/@PART[xenonTankRadial]:FOR[KSPCommunityFixes] to Squad/Parts/FuelTank/xenonTankRadial/xenonTankRadial.cfg/PART[xenonTankRadial]
[LOG 23:13:29.313] Applying update KSPCommunityFixes/MMPatches/StockTweaks/ManufacturerFixes/@PART[winglet|fireworksLauncherSmall|fireworksLauncherBig]:FOR[KSPCommunityFixes] to Squad/Parts/Aero/wingletAV-T1/wingletAV-T1.cfg/PART[winglet]
[LOG 23:13:29.314] Applying update KSPCommunityFixes/MMPatches/StockTweaks/ManufacturerFixes/@PART[winglet|fireworksLauncherSmall|fireworksLauncherBig]:FOR[KSPCommunityFixes] to Squad/Parts/Utility/Fireworks/fireworksLauncherBig.cfg/PART[fireworksLauncherBig]
[LOG 23:13:29.314] Applying update KSPCommunityFixes/MMPatches/StockTweaks/ManufacturerFixes/@PART[winglet|fireworksLauncherSmall|fireworksLauncherBig]:FOR[KSPCommunityFixes] to Squad/Parts/Utility/Fireworks/fireworksLauncherSmall.cfg/PART[fireworksLauncherSmall]
[LOG 23:13:29.315] Applying update KSPCommunityFixes/MMPatches/StockTweaks/ManufacturerFixes/@PART[solidBooster_sm_v2|solidBooster_v2]:FOR[KSPCommunityFixes] to Squad/Parts/Engine/Size1_SRBs/solidBoosterRT-10_v2.cfg/PART[solidBooster_v2]
[LOG 23:13:29.319] Applying update KSPCommunityFixes/MMPatches/StockTweaks/ManufacturerFixes/@PART[solidBooster_sm_v2|solidBooster_v2]:FOR[KSPCommunityFixes] to Squad/Parts/Engine/Size1_SRBs/solidBoosterRT-5_v2.cfg/PART[solidBooster_sm_v2]
[LOG 23:13:29.321] Applying update KSPCommunityFixes/MMPatches/StockTweaks/ManufacturerFixes/@PART[ServiceBay_125_v2|ServiceBay_250_v2]:FOR[KSPCommunityFixes] to Squad/Parts/Utility/ServiceBay_v2/ServiceBay_125_v2.cfg/PART[ServiceBay_125_v2]
[LOG 23:13:29.321] Applying update KSPCommunityFixes/MMPatches/StockTweaks/ManufacturerFixes/@PART[ServiceBay_125_v2|ServiceBay_250_v2]:FOR[KSPCommunityFixes] to Squad/Parts/Utility/ServiceBay_v2/ServiceBay_250_v2.cfg/PART[ServiceBay_250_v2]
[LOG 23:13:29.321] Applying update KSPCommunityFixes/MMPatches/StockTweaks/ManufacturerFixes/@PART[externalTankCapsule]:FOR[KSPCommunityFixes] to Squad/Parts/FuelTank/FoilTanks/RadialTank_Capsule.cfg/PART[externalTankCapsule]
[LOG 23:13:29.323] Applying update KSPCommunityFixes/MMPatches/StockTweaks/ManufacturerFixes/@PART[RCSFuelTank|rcsTankMini|RCSTank1-2]:FOR[KSPCommunityFixes] to Squad/Parts/FuelTank/RCSFuelTankR1/RCSFuelTankR1.cfg/PART[RCSTank1-2]
[LOG 23:13:29.323] Applying update KSPCommunityFixes/MMPatches/StockTweaks/ManufacturerFixes/@PART[RCSFuelTank|rcsTankMini|RCSTank1-2]:FOR[KSPCommunityFixes] to Squad/Parts/FuelTank/RCSFuelTankR10/RCSFuelTankR10.cfg/PART[rcsTankMini]
[LOG 23:13:29.323] Applying update KSPCommunityFixes/MMPatches/StockTweaks/ManufacturerFixes/@PART[RCSFuelTank|rcsTankMini|RCSTank1-2]:FOR[KSPCommunityFixes] to Squad/Parts/FuelTank/RCSFuelTankR25/RCSFuelTankR25.cfg/PART[RCSFuelTank]
[LOG 23:13:29.324] Applying update KSPCommunityFixes/MMPatches/StockTweaks/ManufacturerFixes/@PART[landerCabinSmall]:FOR[KSPCommunityFixes] to Squad/Parts/Command/mk1LanderCan/mk1LanderCan.cfg/PART[landerCabinSmall]
[LOG 23:13:29.325] Applying update KSPCommunityFixes/MMPatches/StockTweaks/ManufacturerFixes/@PART[dockingPortLateral]:FOR[KSPCommunityFixes] to Squad/Parts/Utility/dockingPortInline/dockingPortInline.cfg/PART[dockingPortLateral]
[LOG 23:13:29.326] Applying update KSPCommunityFixes/MMPatches/StockTweaks/ManufacturerFixes/@PART[EnginePlate4]:FOR[KSPCommunityFixes]:NEEDS[SquadExpansion/MakingHistory] to SquadExpansion/MakingHistory/Parts/Coupling/EnginePlate_4.cfg/PART[EnginePlate4]
[LOG 23:13:29.329] Applying update KSPCommunityFixes/MMPatches/StockTweaks/ManufacturerFixes/@PART[Mk2Pod]:FOR[KSPCommunityFixes]:NEEDS[SquadExpansion/MakingHistory] to SquadExpansion/MakingHistory/Parts/Pods/Mk2Pod.cfg/PART[Mk2Pod]
[LOG 23:13:29.331] Applying update KSPCommunityFixes/MMPatches/StockTweaks/ManufacturerFixes/@PART[evaChute|parachuteSingle|parachuteRadial|radialDrogue|parachuteLarge|parachuteDrogue]:FOR[KSPCommunityFixes] to Squad/Parts/Cargo/Parachute/Parachute.cfg/PART[evaChute]
[LOG 23:13:29.340] Applying update KSPCommunityFixes/MMPatches/StockTweaks/ManufacturerFixes/@PART[evaChute|parachuteSingle|parachuteRadial|radialDrogue|parachuteLarge|parachuteDrogue]:FOR[KSPCommunityFixes] to Squad/Parts/Utility/parachuteMk1/parachuteMk1.cfg/PART[parachuteSingle]
[LOG 23:13:29.340] Applying update KSPCommunityFixes/MMPatches/StockTweaks/ManufacturerFixes/@PART[evaChute|parachuteSingle|parachuteRadial|radialDrogue|parachuteLarge|parachuteDrogue]:FOR[KSPCommunityFixes] to Squad/Parts/Utility/parachuteMk12-R/parachuteMk12-R.cfg/PART[radialDrogue]
[LOG 23:13:29.340] Applying update KSPCommunityFixes/MMPatches/StockTweaks/ManufacturerFixes/@PART[evaChute|parachuteSingle|parachuteRadial|radialDrogue|parachuteLarge|parachuteDrogue]:FOR[KSPCommunityFixes] to Squad/Parts/Utility/parachuteMk16-XL/parachuteMk16-XL.cfg/PART[parachuteLarge]
[LOG 23:13:29.341] Applying update KSPCommunityFixes/MMPatches/StockTweaks/ManufacturerFixes/@PART[evaChute|parachuteSingle|parachuteRadial|radialDrogue|parachuteLarge|parachuteDrogue]:FOR[KSPCommunityFixes] to Squad/Parts/Utility/parachuteMk2-R/parachuteMk2-R.cfg/PART[parachuteRadial]
[LOG 23:13:29.341] Applying update KSPCommunityFixes/MMPatches/StockTweaks/ManufacturerFixes/@PART[evaChute|parachuteSingle|parachuteRadial|radialDrogue|parachuteLarge|parachuteDrogue]:FOR[KSPCommunityFixes] to Squad/Parts/Utility/parachuteMk25/parachuteMk25.cfg/PART[parachuteDrogue]
[LOG 23:13:29.343] Applying update KSPCommunityFixes/MMPatches/StockTweaks/ManufacturerFixes/@PART[stackPoint1|dockingPort1|dockingPort2|dockingPort3|dockingPortLarge]:FOR[KSPCommunityFixes] to Squad/Parts/Utility/dockingPort/dockingPort.cfg/PART[dockingPort2]
[LOG 23:13:29.343] Applying update KSPCommunityFixes/MMPatches/StockTweaks/ManufacturerFixes/@PART[stackPoint1|dockingPort1|dockingPort2|dockingPort3|dockingPortLarge]:FOR[KSPCommunityFixes] to Squad/Parts/Utility/dockingPortJr/dockingPortJr.cfg/PART[dockingPort3]
[LOG 23:13:29.343] Applying update KSPCommunityFixes/MMPatches/StockTweaks/ManufacturerFixes/@PART[stackPoint1|dockingPort1|dockingPort2|dockingPort3|dockingPortLarge]:FOR[KSPCommunityFixes] to Squad/Parts/Utility/dockingPortShielded/dockingPortShielded.cfg/PART[dockingPort1]
[LOG 23:13:29.343] Applying update KSPCommunityFixes/MMPatches/StockTweaks/ManufacturerFixes/@PART[stackPoint1|dockingPort1|dockingPort2|dockingPort3|dockingPortLarge]:FOR[KSPCommunityFixes] to Squad/Parts/Utility/dockingPortSr/dockingPortSr.cfg/PART[dockingPortLarge]
[LOG 23:13:29.343] Applying update KSPCommunityFixes/MMPatches/StockTweaks/ManufacturerFixes/@PART[stackPoint1|dockingPort1|dockingPort2|dockingPort3|dockingPortLarge]:FOR[KSPCommunityFixes] to Squad/Parts/Utility/radialAttachmentPoint/radialAttachmentPoint.cfg/PART[stackPoint1]
[LOG 23:13:29.344] :AFTER[KSPCOMMUNITYFIXES] pass
[LOG 23:13:29.344] :BEFORE[KSPDIAGTERRAINHEIGHT] pass
[LOG 23:13:29.344] :FOR[KSPDIAGTERRAINHEIGHT] pass
[LOG 23:13:29.344] :AFTER[KSPDIAGTERRAINHEIGHT] pass
[LOG 23:13:29.344] :BEFORE[KSPMCPSERVER] pass
[LOG 23:13:29.344] :FOR[KSPMCPSERVER] pass
[LOG 23:13:29.344] :AFTER[KSPMCPSERVER] pass
[LOG 23:13:29.344] :BEFORE[MODULEMANAGER] pass
[LOG 23:13:29.344] :FOR[MODULEMANAGER] pass
[LOG 23:13:29.344] :AFTER[MODULEMANAGER] pass
[LOG 23:13:29.344] :BEFORE[SQUAD] pass
[LOG 23:13:29.344] :FOR[SQUAD] pass
[LOG 23:13:29.344] :AFTER[SQUAD] pass
[LOG 23:13:29.344] :BEFORE[SQUADEXPANSION] pass
[LOG 23:13:29.344] :FOR[SQUADEXPANSION] pass
[LOG 23:13:29.344] :AFTER[SQUADEXPANSION] pass
[LOG 23:13:29.345] :LAST[999_KSP-RECALL] pass
[LOG 23:13:29.363] :FINAL pass
[LOG 23:13:29.363] Done patching
[LOG 23:13:29.363] Saving Cache
[LOG 23:13:29.601] Done!



#### END PATCH LOG ####
[LOG 23:14:52.051] ModuleManager: 33 patches loaded from cache

[LOG 23:14:52.051] Ran in 1.061s
[LOG 23:14:52.110] Done!



#### END MODULEMANAGER LOG ####
[LOG 23:14:56.004] [ModuleManager] Running tests...
[LOG 23:14:56.005] [ModuleManager] tests complete.
[LOG 23:14:56.006] [ModuleManager] Reloading resources definitions
[LOG 23:14:56.006] Resource LiquidFuel added to database
[LOG 23:14:56.007] Resource Oxidizer added to database
[LOG 23:14:56.007] Resource SolidFuel added to database
[LOG 23:14:56.007] Resource MonoPropellant added to database
[LOG 23:14:56.007] Resource XenonGas added to database
[LOG 23:14:56.007] Resource ElectricCharge added to database
[LOG 23:14:56.007] Resource IntakeAir added to database
[LOG 23:14:56.007] Resource EVA Propellant added to database
[LOG 23:14:56.007] Resource Ore added to database
[LOG 23:14:56.007] Resource Ablator added to database
[LOG 23:14:56.007] [ModuleManager] Reloading Trait configs
[LOG 23:14:56.008] ExperienceSystemConfig: Added Effect 'DeployedSciencePowerSkill' to Trait 'Ingénieur'
[LOG 23:14:56.008] ExperienceSystemConfig: Added Effect 'DeployedScienceExpSkill' to Trait 'Scientifique'
[LOG 23:14:56.008] [ModuleManager] Reloading Part Upgrades
[LOG 23:14:56.009] [ModuleManager] Setting modded physics as the active one
[LOG 23:14:56.011] PhysicsGlobals: Loading database
[LOG 23:14:56.012] [ModuleManager] Running post patch callbacks
[LOG 23:14:56.026] [KSPCommunityFixes] Patch AutoStrutDrift applied.
[LOG 23:14:56.029] [KSPCommunityFixes] Patch EditorAnimatedPartsShipModified applied.
[LOG 23:14:56.037] [KSPCommunityFixes] Patch DragCubeLoadException applied.
[LOG 23:14:56.044] [KSPCommunityFixes] Patch DoubleCurvePreserveTangents applied.
[LOG 23:14:56.155] [KSPCommunityFixes] Patch DockingPortRotationDriftAndFixes applied.
[LOG 23:14:56.220] [KSPCommunityFixes] Patch DockingPortConserveMomentum applied.
[LOG 23:14:56.227] [KSPCommunityFixes] Patch DebugConsoleDontStealInput applied.
[LOG 23:14:56.235] [KSPCommunityFixes] Patch CorrectDragForFlags applied.
[LOG 23:14:56.238] [KSPCommunityFixes] Patch CometMiningNotRemovingMass applied.
[LOG 23:14:56.246] [KSPCommunityFixes] Patch ChutePhantomSymmetry applied.
[LOG 23:14:56.251] [KSPCommunityFixes] Patch CometSpawnerUniqueFlightId applied.
[LOG 23:14:56.253] [KSPCommunityFixes] Patch AsteroidSpawnerUniqueFlightId applied.
[LOG 23:14:56.254] [KSPCommunityFixes] Patch AsteroidInfiniteMining applied.
[LOG 23:14:56.297] [KSPCommunityFixes] Patch PersistentIConfigNode applied.
[LOG 23:14:56.811] [KSPCommunityFixes] Patch OnSymmetryFieldChanged not applied (not enabled in Settings.cfg)
[LOG 23:14:56.811] [KSPCommunityFixes] Patch ModUpgradePipeline not applied (not enabled in Settings.cfg)
[LOG 23:14:56.812] [KSPCommunityFixes] Patch KSPFieldEnumDesc not applied (not enabled in Settings.cfg)
[LOG 23:14:56.813] [KSPCommunityFixes] Patch EventProfilerMarkers not applied (not enabled in Settings.cfg)
[LOG 23:14:56.813] [KSPCommunityFixes] Patch DockingPortLockedEvents not applied (not enabled in Settings.cfg)
[LOG 23:14:56.817] [KSPCommunityFixes] Patch DepartmentHeadImage applied.
[LOG 23:14:56.835] [KSPCommunityFixes] Patch BaseFieldListUseFieldHost applied.
[LOG 23:14:56.887] [KSPCommunityFixes] Patch ResourceConverterPerf applied.
[LOG 23:14:56.907] [KSPCommunityFixes] Patch ProgressTrackingSpeedBoost applied.
[LOG 23:14:56.912] [KSPCommunityFixes] Patch PQSUpdateNoMemoryAlloc applied.
[LOG 23:14:56.912] [KSPCommunityFixes] Patch PQSOnlyStartOnce not applied (not enabled in Settings.cfg)
[LOG 23:14:56.940] [KSPCommunityFixes] Patch PQSCoroutineLeak applied.
[LOG 23:14:56.982] [KSPCommunityFixes] Patch PartSystemsFastUpdate applied.
[LOG 23:14:57.006] [KSPCommunityFixes] Patch PartParsingPerf applied.
[LOG 23:14:57.012] [KSPCommunityFixes] Patch EnginePlateAirstreamShieldedTopPart applied.
[LOG 23:14:57.021] [KSPCommunityFixes] Patch EVAConstructionMass applied.
[LOG 23:14:57.030] [KSPCommunityFixes] Patch EVAConstructionUninitializedInventory applied.
[LOG 23:14:57.036] [KSPCommunityFixes] Patch EVAKerbalRecovery applied.
[LOG 23:14:57.043] [KSPCommunityFixes] Patch TimeWarpOrbitShift applied.
[LOG 23:14:57.045] [KSPCommunityFixes] Patch TimeWarpBodyCollision applied.
[LOG 23:14:57.062] [KSPCommunityFixes] Patch ThumbnailSpotlight applied.
[LOG 23:14:57.068] [KSPCommunityFixes] Patch SymmetryReferenceOnDelete applied.
[LOG 23:14:57.068] [KSPCommunityFixes] Patch StrategyDuration not applied (not enabled in Settings.cfg)
[LOG 23:14:57.071] [KSPCommunityFixes] Patch StockAlarmDescPreserveLineBreak applied.
[LOG 23:14:57.109] [KSPCommunityFixes] Patch StickySplashedFixer applied.
[LOG 23:14:57.118] [KSPCommunityFixes] Patch ScatterDistribution applied.
[LOG 23:14:57.155] [KSPCommunityFixes] Patch RoboticsDrift applied.
[LOG 23:14:57.157] [KSPCommunityFixes] Patch RestoreMaxPhysicsDT applied.
[LOG 23:14:57.180] [KSPCommunityFixes] Patch RespawnDeadKerbals applied.
[LOG 23:14:57.185] [KSPCommunityFixes] Patch RescaledRoboticParts applied.
[LOG 23:14:57.190] [KSPCommunityFixes] Patch ReRootPreserveSurfaceAttach applied.
[LOG 23:14:57.218] [KSPCommunityFixes] Patch OptimizedModuleRaycasts applied.
[LOG 23:14:57.227] GetSubclassesOfParentClass: Found 1 types with ModuleInventoryPart parent in 8 assemblies.
[LOG 23:14:57.233] [KSPCommunityFixes] Patch RefundingOnRecovery applied.
[LOG 23:14:57.234] [KSPCommunityFixes] Patch PatchedConicEncounterFlickering applied.
[LOG 23:14:57.263] [KSPCommunityFixes] Patch PartListTooltipIconSpin applied.
[LOG 23:14:57.268] [KSPCommunityFixes] Patch PackedPartsRotation applied.
[LOG 23:14:57.284] [KSPCommunityFixes] Patch ModulePartVariantsNodePersistence applied.
[LOG 23:14:57.288] [KSPCommunityFixes] Patch ModuleAnimateGenericCrewModSpawnIVA applied.
[LOG 23:14:57.291] [KSPCommunityFixes] Patch ModuleActiveRadiatorNoParentException applied.
[LOG 23:14:57.295] [KSPCommunityFixes] Patch MapTargetBodyWithEncounter applied.
[LOG 23:14:57.299] [KSPCommunityFixes] Patch LostSoundAfterSceneSwitch applied.
[LOG 23:14:57.309] [KSPCommunityFixes] Patch LadderToggleableLight applied.
[LOG 23:14:57.341] [KSPCommunityFixes] Patch InventoryPartMass applied.
[LOG 23:14:57.352] [KSPCommunityFixes] Patch HarvesterECConsumption applied.
[LOG 23:14:57.354] [KSPCommunityFixes] Patch FixGetUnivseralTime applied.
[LOG 23:14:57.372] [KSPCommunityFixes] Patch ExtendedDeployableParts applied.
[LOG 23:14:57.377] [KSPCommunityFixes] Patch PropellantFlowDescription applied.
[LOG 23:14:57.413] [KSPCommunityFixes] Patch OptimisedVectorLines applied.
[LOG 23:14:57.426] [KSPCommunityFixes] Patch ModuleDockingNodeFindOtherNodesFaster applied.
[LOG 23:14:57.435] [KSPCommunityFixes] Patch ModuleColorChangerOptimization applied.
[LOG 23:14:57.447] [KSPCommunityFixes] Patch AutoSavedCraftNameAtLaunch applied.
[LOG 23:14:57.486] [KSPCommunityFixes] Patch PAWCollapsedInventories applied.
[LOG 23:14:57.497] [KSPCommunityFixes] Patch UIFloatEditNumericInput applied.
[LOG 23:14:57.574] [KSPCommunityFixes] Patch PAWStockGroups applied.
[LOG 23:14:57.608] [KSPCommunityFixes] Patch AltimeterHorizontalPosition applied.
[LOG 23:14:57.624] [KSPCommunityFixes] Patch SceneLoadSpeedBoost applied.
[LOG 23:14:57.680] [KSPCommunityFixes] Patch OnDemandPartBuoyancy applied.
[LOG 23:14:57.682] [KSPCommunityFixes] Patch ForceSyncSceneSwitch applied.
[LOG 23:14:57.683] [KSPCommunityFixes] Patch FewerSaves not applied (not enabled in Settings.cfg)
[LOG 23:14:57.686] [KSPCommunityFixes] Patch WheelInertiaLimit applied.
[LOG 23:14:57.686] [KSPCommunityFixes] Patch StockAlarmCustomFormatterDate isn't applicable to this KSP version.
[LOG 23:14:57.716] [KSPCommunityFixes] Patch ROCValidationOOR applied.
[LOG 23:14:57.721] [KSPCommunityFixes] Patch ZeroCostTechNodes applied.
[LOG 23:14:57.723] [KSPCommunityFixes] Patch ReactionWheelsPotentialTorque applied.
[LOG 23:14:57.731] [KSPCommunityFixes] Patch PAWGroupMemory applied.
[LOG 23:14:57.783] [KSPCommunityFixes] Patch PartStartStability applied.
[LOG 23:14:57.792] [KSPCommunityFixes] Patch PartBoundsIgnoreDisabledTransforms applied.
[LOG 23:14:57.848] [KSPCommunityFixes] Patch ModuleIndexingMismatch applied.
[LOG 23:14:57.856] [KSPCommunityFixes] Patch MapSOCorrectWrapping applied.
[LOG 23:14:57.857] [KSPCommunityFixes] Patch KerbalTooltipMaxSustainedG applied.
[LOG 23:14:57.861] [KSPCommunityFixes] Patch KerbalInventoryPersistence applied.
[LOG 23:14:57.861] [KSPCommunityFixes] Patch FlightSceneLoadKraken not applied (not enabled in Settings.cfg)
[LOG 23:14:57.864] [KSPCommunityFixes] Patch FIUpdateRadiation applied.
[LOG 23:14:57.867] [KSPCommunityFixes] Patch FastAndFixedEnumExtensions applied.
[LOG 23:14:57.926] [KSPCommunityFixes] Patch DeltaVHideWhenDisabled applied.
[LOG 23:14:57.932] [KSPCommunityFixes] Patch BlockMapViewPartClick applied.
[LOG 23:14:57.937] [KSPCommunityFixes] Patch PAWItemsOrder applied.
[LOG 23:14:58.011] [KSPCommunityFixes] Patch BetterEditorUndoRedo applied.
[LOG 23:14:58.030] [KSPCommunityFixes] Patch AutostrutActions applied.
[LOG 23:14:58.030] [KSPCommunityFixes] Patch DisableNewGameIntro not applied (not enabled in Settings.cfg)
[LOG 23:14:58.083] [KSPCommunityFixes] Patch MinorPerfTweaks applied.
[LOG 23:14:58.190] [KSPCommunityFixes] Patch MemoryLeaks applied.
[LOG 23:14:58.199] [KSPCommunityFixes] Patch LowerMinPhysicsDTPerFrame applied.
[LOG 23:14:58.205] [KSPCommunityFixes] Patch LocalizerPerf applied.
[LOG 23:14:58.208] [KSPCommunityFixes] Patch IMGUIOptimization applied.
[LOG 23:14:58.230] [KSPCommunityFixes] Patch FloatingOriginPerf applied.
[LOG 23:14:58.306] [KSPCommunityFixes] Patch FlightIntegratorPerf applied.
[LOG 23:14:58.316] [KSPCommunityFixes] Patch FasterPartFindTransform applied.
[LOG 23:14:58.333] [KSPCommunityFixes] Patch FasterEditorPartList applied.
[LOG 23:14:58.336] [KSPCommunityFixes] Patch ExpansionBundlePreload applied.
[LOG 23:14:58.361] [KSPCommunityFixes] Patch DragCubeGeneration applied.
[LOG 23:14:58.374] [KSPCommunityFixes] Patch DisableMapUpdateInFlight applied.
[LOG 23:14:58.375] [KSPCommunityFixes] Patch DisableHiddenPortraits applied.
[LOG 23:14:58.377] [KSPCommunityFixes] Patch DisableManeuverTool applied.
[LOG 23:14:58.403] [KSPCommunityFixes] Patch CraftBrowserOptimisations applied.
[LOG 23:14:58.407] [KSPCommunityFixes] Patch CommNetThrottling applied.
[LOG 23:14:58.415] [KSPCommunityFixes] Patch FairingMouseOverPersistence applied.
[LOG 23:14:58.437] [KSPCommunityFixes] Patch OptionalMakingHistoryDLCFeatures applied.
[LOG 23:14:58.441] [KSPCommunityFixes] Patch ResourceLockActions applied.
[LOG 23:14:58.450] [KSPCommunityFixes] Patch ShowContractFinishDates applied.
[LOG 23:14:58.465] [KSPCommunityFixes] Patch TargetParentBody applied.
[LOG 23:14:58.487] [KSPCommunityFixes] Patch ToolbarShowHide applied.
[LOG 23:14:58.491] [KSPCommunityFixes] Patch ContractProgressEnumCache applied.
[LOG 23:14:58.504] [KSPCommunityFixes] Patch ActiveRadiatorPerf applied.
[LOG 23:14:58.510] [KSPCommunityFixes] Patch CargoBayPerf applied.
[LOG 23:14:58.522] [KSPCommunityFixes] Patch CollisionEnhancerFastUpdate applied.
[LOG 23:14:58.529] [KSPCommunityFixes] Patch CollisionManagerFastUpdate applied.
[LOG 23:14:58.538] [KSPCommunityFixes] Patch AsteroidAndCometDrillCache applied.
[LOG 23:14:58.560] [KSPCommunityFixes] Patch TweakableWheelsAutostrut applied.
[LOG 23:14:58.601] [KSPCommunityFixes] Patch PatchSettings applied.
[LOG 23:14:58.658] [KSPCommunityFixes] Patch UpgradeBugs applied.
[LOG 23:14:58.658] [KSPCommunityFixes] Patch PartTooltipUpgradesApplyToSubstituteParts not applied (not enabled in Settings.cfg)
[LOG 23:14:58.749] [ModuleManager] Calling ConfigNodePerf.ModuleManagerPostLoad()
[LOG 23:14:58.754] [ModuleManager] Post patch ran in 2.755s
[LOG 23:14:58.801] PartLoader: Loading part database
[LOG 23:14:58.802] PartLoader: Compiling Part 'Squad/Parts/Aero/aerodynamicNoseCone/aerodynamicNoseCone/noseCone'
[LOG 23:14:58.828] EffectList: Created 15 effect types
[LOG 23:14:58.948] PartLoader: Compiling Part 'Squad/Parts/Aero/airbrake/Airbrake/airbrake1'
[LOG 23:14:58.992] PartLoader: Compiling Part 'Squad/Parts/Aero/airIntakeRadialXM-G50/airIntakeRadialXM-G50/airScoop'
[LOG 23:14:59.020] PartLoader: Compiling Part 'Squad/Parts/Aero/airlinerWings/ControlSurface/airlinerCtrlSrf'
[LOG 23:14:59.041] PartLoader: Compiling Part 'Squad/Parts/Aero/airlinerWings/MainWing/airlinerMainWing'
[LOG 23:14:59.058] PartLoader: Compiling Part 'Squad/Parts/Aero/airlinerWings/TailFin/airlinerTailFin'
[LOG 23:14:59.073] PartLoader: Compiling Part 'Squad/Parts/Aero/airplaneFins/advancedCanard/AdvancedCanard'
[LOG 23:14:59.082] PartLoader: Compiling Part 'Squad/Parts/Aero/airplaneFins/standardCanard/CanardController'
[LOG 23:14:59.096] PartLoader: Compiling Part 'Squad/Parts/Aero/airplaneFins/sweptWing/sweptWing'
[LOG 23:14:59.103] PartLoader: Compiling Part 'Squad/Parts/Aero/airplaneFins/tailfin/tailfin'
[LOG 23:14:59.116] PartLoader: Compiling Part 'Squad/Parts/Aero/basicFin/basicFin/basicFin'
[LOG 23:14:59.129] PartLoader: Compiling Part 'Squad/Parts/Aero/circularIntake/circularIntake/CircularIntake'
[LOG 23:14:59.154] PartLoader: Compiling Part 'Squad/Parts/Aero/circularIntake/intakeShockCone/shockConeIntake'
[LOG 23:14:59.161] PartLoader: Compiling Part 'Squad/Parts/Aero/cones/avionicsNoseCone/avionicsNoseCone'
[LOG 23:14:59.195] PartLoader: Compiling Part 'Squad/Parts/Aero/cones/ConeA/pointyNoseConeA'
[LOG 23:14:59.202] PartLoader: Compiling Part 'Squad/Parts/Aero/cones/ConeB/pointyNoseConeB'
[LOG 23:14:59.208] PartLoader: Compiling Part 'Squad/Parts/Aero/cones/noseConeAdapter/noseConeAdapter'
[LOG 23:14:59.213] PartLoader: Compiling Part 'Squad/Parts/Aero/cones/protectiveRocketNoseMk7_v2/rocketNoseCone_v2'
[LOG 23:14:59.218] PartLoader: Compiling Part 'Squad/Parts/Aero/cones/protectiveRocketNoseMk7_v3/rocketNoseCone_v3'
[LOG 23:14:59.227] PartLoader: Compiling Part 'Squad/Parts/Aero/cones/rocketNoseCone_size3/rocketNoseConeSize3'
[LOG 23:14:59.232] PartLoader: Compiling Part 'Squad/Parts/Aero/cones/smallNoseCone/standardNoseCone'
[LOG 23:14:59.238] PartLoader: Compiling Part 'Squad/Parts/Aero/cones/tailConnectorA/airplaneTail'
[LOG 23:14:59.243] PartLoader: Compiling Part 'Squad/Parts/Aero/cones/tailConnectorB/airplaneTailB'
[LOG 23:14:59.247] PartLoader: Compiling Part 'Squad/Parts/Aero/fairings/fairingSize1/fairingSize1'
[LOG 23:14:59.316] PartLoader: Compiling Part 'Squad/Parts/Aero/fairings/fairingSize2/fairingSize2'
[LOG 23:14:59.350] PartLoader: Compiling Part 'Squad/Parts/Aero/fairings/fairingSize3/fairingSize3'
[LOG 23:14:59.366] PartLoader: Compiling Part 'Squad/Parts/Aero/HeatShield/HeatShield0/HeatShield0'
[LOG 23:14:59.394] PartLoader: Compiling Part 'Squad/Parts/Aero/HeatShield/HeatShield1/HeatShield1'
[LOG 23:14:59.404] PartLoader: Compiling Part 'Squad/Parts/Aero/HeatShield/HeatShield2/HeatShield2'
[LOG 23:14:59.413] PartLoader: Compiling Part 'Squad/Parts/Aero/HeatShield/HeatShield3/HeatShield3'
[LOG 23:14:59.424] PartLoader: Compiling Part 'Squad/Parts/Aero/InflatableHeatShield/HeatShield/InflatableHeatShield'
[LOG 23:14:59.441] PartLoader: Compiling Part 'Squad/Parts/Aero/intakeRadialLong/intakeRadialLong/IntakeRadialLong'
[LOG 23:14:59.446] PartLoader: Compiling Part 'Squad/Parts/Aero/miniIntake/SmallIntake/miniIntake'
[LOG 23:14:59.452] PartLoader: Compiling Part 'Squad/Parts/Aero/ramAirIntake/ramAirIntake/ramAirIntake'
[LOG 23:14:59.457] PartLoader: Compiling Part 'Squad/Parts/Aero/shuttleWings/delta/wingShuttleDelta'
[LOG 23:14:59.462] PartLoader: Compiling Part 'Squad/Parts/Aero/shuttleWings/elevon1/wingShuttleElevon1'
[LOG 23:14:59.468] PartLoader: Compiling Part 'Squad/Parts/Aero/shuttleWings/elevon2/wingShuttleElevon2'
[LOG 23:14:59.476] PartLoader: Compiling Part 'Squad/Parts/Aero/shuttleWings/rudder/wingShuttleRudder'
[LOG 23:14:59.482] PartLoader: Compiling Part 'Squad/Parts/Aero/shuttleWings/strake/wingShuttleStrake'
[LOG 23:14:59.485] PartLoader: Compiling Part 'Squad/Parts/Aero/wingletAV-R8/wingletAV-R8/R8winglet'
[LOG 23:14:59.493] PartLoader: Compiling Part 'Squad/Parts/Aero/wingletAV-T1/wingletAV-T1/winglet'
[LOG 23:14:59.497] PartLoader: Compiling Part 'Squad/Parts/Aero/wingletDeltaDeluxe/wingletDeltaDeluxe/winglet3'
[LOG 23:14:59.503] PartLoader: Compiling Part 'Squad/Parts/Aero/wings/connector1/wingConnector'
[LOG 23:14:59.509] PartLoader: Compiling Part 'Squad/Parts/Aero/wings/connector2/wingConnector2'
[LOG 23:14:59.514] PartLoader: Compiling Part 'Squad/Parts/Aero/wings/connector3/wingConnector3'
[LOG 23:14:59.518] PartLoader: Compiling Part 'Squad/Parts/Aero/wings/connector4/wingConnector4'
[LOG 23:14:59.523] PartLoader: Compiling Part 'Squad/Parts/Aero/wings/connector5/wingConnector5'
[LOG 23:14:59.527] PartLoader: Compiling Part 'Squad/Parts/Aero/wings/delta/deltaWing'
[LOG 23:14:59.532] PartLoader: Compiling Part 'Squad/Parts/Aero/wings/delta_small/delta_small'
[LOG 23:14:59.536] PartLoader: Compiling Part 'Squad/Parts/Aero/wings/elevon1/StandardCtrlSrf'
[LOG 23:14:59.546] PartLoader: Compiling Part 'Squad/Parts/Aero/wings/elevon2/elevon2'
[LOG 23:14:59.554] PartLoader: Compiling Part 'Squad/Parts/Aero/wings/elevon3/elevon3'
[LOG 23:14:59.561] PartLoader: Compiling Part 'Squad/Parts/Aero/wings/elevon4/smallCtrlSrf'
[LOG 23:14:59.570] PartLoader: Compiling Part 'Squad/Parts/Aero/wings/elevon5/elevon5'
[LOG 23:14:59.576] PartLoader: Compiling Part 'Squad/Parts/Aero/wings/strake/wingStrake'
[LOG 23:14:59.582] PartLoader: Compiling Part 'Squad/Parts/Aero/wings/structural1/structuralWing'
[LOG 23:14:59.588] PartLoader: Compiling Part 'Squad/Parts/Aero/wings/structural2/structuralWing2'
[LOG 23:14:59.593] PartLoader: Compiling Part 'Squad/Parts/Aero/wings/structural3/structuralWing3'
[LOG 23:14:59.597] PartLoader: Compiling Part 'Squad/Parts/Aero/wings/structural4/structuralWing4'
[LOG 23:14:59.602] PartLoader: Compiling Part 'Squad/Parts/Aero/wings/swept1/sweptWing1'
[LOG 23:14:59.605] PartLoader: Compiling Part 'Squad/Parts/Aero/wings/swept2/sweptWing2'
[LOG 23:14:59.610] PartLoader: Compiling Part 'Squad/Parts/Cargo/CargoContainers/cargoContainer/cargoContainer'
[WRN 23:14:59.613] [Part]: Cannot have ModuleCargoPart and ModuleInventoryPart on same Part [cargoContainer'. Removed ModuleCargoPart
[LOG 23:14:59.627] PartLoader: Compiling Part 'Squad/Parts/Cargo/CargoContainers/smallCargoContainer/smallCargoContainer'
[WRN 23:14:59.629] [Part]: Cannot have ModuleCargoPart and ModuleInventoryPart on same Part [smallCargoContainer'. Removed ModuleCargoPart
[LOG 23:14:59.632] PartLoader: Compiling Part 'Squad/Parts/Cargo/Cylinder/Cylinder/evaCylinder'
[LOG 23:14:59.636] PartLoader: Compiling Part 'Squad/Parts/Cargo/GroundAnchor/groundAnchor/groundAnchor'
[LOG 23:14:59.665] PartLoader: Compiling Part 'Squad/Parts/Cargo/Jetpack/Jetpack/evaJetpack'
[LOG 23:14:59.669] PartLoader: Compiling Part 'Squad/Parts/Cargo/Parachute/Parachute/evaChute'
[LOG 23:14:59.673] PartLoader: Compiling Part 'Squad/Parts/Cargo/RepairKit/RepairKit/evaRepairKit'
[LOG 23:14:59.676] PartLoader: Compiling Part 'Squad/Parts/Cargo/ScienceKit/evaScienceKit/evaScienceKit'
[LOG 23:14:59.678] PartLoader: Compiling Part 'Squad/Parts/Cargo/StorageUnits/CargoStorageUnit/CargoStorageUnit'
[WRN 23:14:59.680] [Part]: Cannot have ModuleCargoPart and ModuleInventoryPart on same Part [CargoStorageUnit'. Removed ModuleCargoPart
[LOG 23:14:59.681] PartLoader: Compiling Part 'Squad/Parts/Cargo/StorageUnits/ConformalStorageUnit/ConformalStorageUnit'
[WRN 23:14:59.683] [Part]: Cannot have ModuleCargoPart and ModuleInventoryPart on same Part [ConformalStorageUnit'. Removed ModuleCargoPart
[LOG 23:14:59.684] PartLoader: Compiling Part 'Squad/Parts/Command/advancedSasModuleLarge/advSasModuleLarge/asasmodule1-2'
[LOG 23:14:59.694] PartLoader: Compiling Part 'Squad/Parts/Command/cupola/cupola/cupola'
[LOG 23:14:59.741] PartLoader: Compiling Part 'Squad/Parts/Command/externalCommandSeat/externalCommandSeat/seatExternalCmd'
[LOG 23:14:59.747] PartLoader: Compiling Part 'Squad/Parts/Command/hitchhikerStorageContainer/hitchikerStorageContainer/crewCabin'
[LOG 23:14:59.752] PartLoader: Compiling Part 'Squad/Parts/Command/inlineAdvancedStabilizer/inlineAdvancedStabilizer/advSasModule'
[LOG 23:14:59.757] PartLoader: Compiling Part 'Squad/Parts/Command/inlineReactionWheel/inlineReactionWheel/sasModule'
[LOG 23:14:59.762] PartLoader: Compiling Part 'Squad/Parts/Command/Mk1-3Pod/mk1-3/mk1-3pod'
[LOG 23:14:59.795] PartLoader: Compiling Part 'Squad/Parts/Command/mk1Cockpits/mk1Cockpit/Mark1Cockpit'
[WRN 23:14:59.798] [Part]: Cannot have ModuleCargoPart and ModuleInventoryPart on same Part [Mark1Cockpit'. Removed ModuleCargoPart
[LOG 23:14:59.803] PartLoader: Compiling Part 'Squad/Parts/Command/mk1Cockpits/mk1CrewCabin/MK1CrewCabin'
[WRN 23:14:59.806] [Part]: Cannot have ModuleCargoPart and ModuleInventoryPart on same Part [MK1CrewCabin'. Removed ModuleCargoPart
[LOG 23:14:59.813] PartLoader: Compiling Part 'Squad/Parts/Command/mk1Cockpits/mk1InlineCockpit/Mark2Cockpit'
[WRN 23:14:59.818] [Part]: Cannot have ModuleCargoPart and ModuleInventoryPart on same Part [Mark2Cockpit'. Removed ModuleCargoPart
[LOG 23:14:59.832] PartLoader: Compiling Part 'Squad/Parts/Command/mk1LanderCan/mk1LanderCan/landerCabinSmall'
[WRN 23:14:59.838] [Part]: Cannot have ModuleCargoPart and ModuleInventoryPart on same Part [landerCabinSmall'. Removed ModuleCargoPart
[LOG 23:14:59.846] PartLoader: Compiling Part 'Squad/Parts/Command/mk1pod_v2/mk1Pod_v2/mk1pod_v2'
[WRN 23:14:59.852] [Part]: Cannot have ModuleCargoPart and ModuleInventoryPart on same Part [mk1pod.v2'. Removed ModuleCargoPart
[LOG 23:14:59.861] PartLoader: Compiling Part 'Squad/Parts/Command/mk2CockpitInline/mk2CockpitInline/mk2Cockpit_Inline'
[WRN 23:14:59.867] [Part]: Cannot have ModuleCargoPart and ModuleInventoryPart on same Part [mk2Cockpit.Inline'. Removed ModuleCargoPart
[LOG 23:14:59.876] PartLoader: Compiling Part 'Squad/Parts/Command/mk2CockpitStandard/mk2CockpitStandard/mk2Cockpit_Standard'
[WRN 23:14:59.879] [Part]: Cannot have ModuleCargoPart and ModuleInventoryPart on same Part [mk2Cockpit.Standard'. Removed ModuleCargoPart
[LOG 23:14:59.888] PartLoader: Compiling Part 'Squad/Parts/Command/mk2DroneCore/mk2Dronecore/mk2DroneCore'
[LOG 23:14:59.897] PartLoader: Compiling Part 'Squad/Parts/Command/mk2LanderCan/mk2LanderCan/mk2LanderCabin'
[WRN 23:14:59.902] [Part]: Cannot have ModuleCargoPart and ModuleInventoryPart on same Part [mk2LanderCabin'. Removed ModuleCargoPart
[LOG 23:14:59.910] PartLoader: Compiling Part 'Squad/Parts/Command/mk2LanderCan_v2/mk2LanderCan_v2/mk2LanderCabin_v2'
[WRN 23:14:59.914] [Part]: Cannot have ModuleCargoPart and ModuleInventoryPart on same Part [mk2LanderCabin.v2'. Removed ModuleCargoPart
[LOG 23:14:59.921] PartLoader: Compiling Part 'Squad/Parts/Command/mk3CockpitShuttle/mk3CockpitShuttle/mk3Cockpit_Shuttle'
[LOG 23:14:59.933] PartLoader: Compiling Part 'Squad/Parts/Command/MpoProbe/MpoProbe/MpoProbe'
[LOG 23:14:59.946] PartLoader: Compiling Part 'Squad/Parts/Command/MtmStage/MTM_Stage/MtmStage'
[LOG 23:14:59.952] PartLoader: Compiling Part 'Squad/Parts/Command/probeCoreCube/probeCoreCube/probeCoreCube'
[LOG 23:14:59.958] PartLoader: Compiling Part 'Squad/Parts/Command/probeCoreHex/probeCoreHex/probeCoreHex'
[LOG 23:14:59.968] PartLoader: Compiling Part 'Squad/Parts/Command/probeCoreHex_v2/probeCoreHex_v2/probeCoreHex_v2'
[LOG 23:14:59.978] PartLoader: Compiling Part 'Squad/Parts/Command/probeCoreOcto2_v2/probeCoreOcto2_v2/probeCoreOcto2_v2'
[LOG 23:14:59.987] PartLoader: Compiling Part 'Squad/Parts/Command/probeCoreOcto_v2/probeCoreOcto_v2/probeCoreOcto_v2'
[LOG 23:14:59.996] PartLoader: Compiling Part 'Squad/Parts/Command/probeRoverBody/probeRoverBody/roverBody'
[LOG 23:15:00.002] PartLoader: Compiling Part 'Squad/Parts/Command/probeRoverBody_v2/probeRoverBody_v2/roverBody_v2'
[LOG 23:15:00.015] PartLoader: Compiling Part 'Squad/Parts/Command/probeStackLarge/probeStackLarge/probeStackLarge'
[LOG 23:15:00.029] PartLoader: Compiling Part 'Squad/Parts/Command/probeStackSmall/probeStackSmall/probeStackSmall'
[LOG 23:15:00.041] PartLoader: Compiling Part 'Squad/Parts/Command/probeStackSphere_v2/probeStackSphere_v2/probeCoreSphere_v2'
[LOG 23:15:00.046] PartLoader: Compiling Part 'Squad/Parts/CompoundParts/FuelLine/fuelLine/fuelLine'
[LOG 23:15:00.078] PartLoader: Compiling Part 'Squad/Parts/CompoundParts/strutConnector/strutConnector/strutConnector'
[LOG 23:15:00.092] PartLoader: Compiling Part 'Squad/Parts/Coupling/Decoupler_0/Decoupler_0'
[LOG 23:15:00.105] PartLoader: Compiling Part 'Squad/Parts/Coupling/Decoupler_1/Decoupler_1'
[LOG 23:15:00.112] PartLoader: Compiling Part 'Squad/Parts/Coupling/Decoupler_2/Decoupler_2'
[LOG 23:15:00.123] PartLoader: Compiling Part 'Squad/Parts/Coupling/Decoupler_3/Decoupler_3'
[LOG 23:15:00.131] PartLoader: Compiling Part 'Squad/Parts/Coupling/Separator_0/Separator_0'
[LOG 23:15:00.138] PartLoader: Compiling Part 'Squad/Parts/Coupling/Separator_1/Separator_1'
[LOG 23:15:00.146] PartLoader: Compiling Part 'Squad/Parts/Coupling/Separator_2/Separator_2'
[LOG 23:15:00.153] PartLoader: Compiling Part 'Squad/Parts/Coupling/Separator_3/Separator_3'
[LOG 23:15:00.161] PartLoader: Compiling Part 'Squad/Parts/Electrical/10CSolarPanels/OX-10C/solarPanelOX10C'
[LOG 23:15:00.181] PartLoader: Compiling Part 'Squad/Parts/Electrical/10CSolarPanels/SP-10C/solarPanelSP10C'
[LOG 23:15:00.190] PartLoader: Compiling Part 'Squad/Parts/Electrical/10LSolarPanels/OX-10L/solarPanelOX10L'
[LOG 23:15:00.202] PartLoader: Compiling Part 'Squad/Parts/Electrical/10LSolarPanels/SP-10L/solarPanelSP10L'
[LOG 23:15:00.211] PartLoader: Compiling Part 'Squad/Parts/Electrical/1x6ShroudSolarPanels/1x6ShroudSolarPanels/solarPanels2'
[LOG 23:15:00.224] PartLoader: Compiling Part 'Squad/Parts/Electrical/1x6SolarPanels/1x6SolarPanels/solarPanels4'
[LOG 23:15:00.232] PartLoader: Compiling Part 'Squad/Parts/Electrical/3x2ShroudSolarPanels/3x2ShroudSolarPanels/solarPanels1'
[LOG 23:15:00.240] PartLoader: Compiling Part 'Squad/Parts/Electrical/3x2SolarPanels/3x2SolarPanels/solarPanels3'
[LOG 23:15:00.249] PartLoader: Compiling Part 'Squad/Parts/Electrical/gigantorXlSolarArray/gigantorXlSolarArray/largeSolarPanel'
[LOG 23:15:00.270] PartLoader: Compiling Part 'Squad/Parts/Electrical/radialFlatSolarPanel/radialFlatSolarPanel/solarPanels5'
[LOG 23:15:00.275] PartLoader: Compiling Part 'Squad/Parts/Electrical/RTG/RTG/rtg'
[LOG 23:15:00.287] PartLoader: Compiling Part 'Squad/Parts/Electrical/z-100Battery/z-100Battery/batteryPack'
[LOG 23:15:00.293] PartLoader: Compiling Part 'Squad/Parts/Electrical/z-1kBattery/z-1kBattery/batteryBank'
[LOG 23:15:00.297] PartLoader: Compiling Part 'Squad/Parts/Electrical/z-200Battery/z-200Battery/batteryBankMini'
[LOG 23:15:00.302] PartLoader: Compiling Part 'Squad/Parts/Electrical/z-400Battery/z-400Battery/ksp_r_largeBatteryPack'
[LOG 23:15:00.305] PartLoader: Compiling Part 'Squad/Parts/Electrical/z-4kBattery/z-4kBattery/batteryBankLarge'
[LOG 23:15:00.308] PartLoader: Compiling Part 'Squad/Parts/Engine/ionEngine/ionEngine/ionEngine'
[LOG 23:15:00.335] PartLoader: Compiling Part 'Squad/Parts/Engine/jetEngines/jetEngineAfterburning/turboJet'
[LOG 23:15:00.384] PartLoader: Compiling Part 'Squad/Parts/Engine/jetEngines/jetEngineBasic/JetEngine'
[LOG 23:15:00.395] PartLoader: Compiling Part 'Squad/Parts/Engine/jetEngines/jetEngineBig/turboFanSize2'
[LOG 23:15:00.412] PartLoader: Compiling Part 'Squad/Parts/Engine/jetEngines/jetEngineTurbo/turboFanEngine'
[LOG 23:15:00.425] PartLoader: Compiling Part 'Squad/Parts/Engine/liquidEngine24-77/liquidEngine24-77/smallRadialEngine'
[LOG 23:15:00.434] PartLoader: Compiling Part 'Squad/Parts/Engine/liquidEngine24-77_v2/liquidEngine24-77_v2/smallRadialEngine_v2'
[LOG 23:15:00.445] PartLoader: Compiling Part 'Squad/Parts/Engine/liquidEngine48-7S_v2/liquidEngine48-7S_v2/liquidEngineMini_v2'
[LOG 23:15:00.464] PartLoader: Compiling Part 'Squad/Parts/Engine/liquidEngineAerospike/liquidEngineAerospike/toroidalAerospike'
[LOG 23:15:00.493] PartLoader: Compiling Part 'Squad/Parts/Engine/liquidEngineLV-1_v2/liquidEngineLV-1R _v2/radialEngineMini_v2'
[LOG 23:15:00.509] PartLoader: Compiling Part 'Squad/Parts/Engine/liquidEngineLV-1_v2/liquidEngineLV-1_v2/microEngine_v2'
[LOG 23:15:00.520] PartLoader: Compiling Part 'Squad/Parts/Engine/liquidEngineLV-909_v2/liquidEngineLV-909_v2/liquidEngine3_v2'
[LOG 23:15:00.533] PartLoader: Compiling Part 'Squad/Parts/Engine/liquidEngineLV-N/liquidEngineLV-N/nuclearEngine'
[LOG 23:15:00.545] PartLoader: Compiling Part 'Squad/Parts/Engine/liquidEngineLV-T30/liquidEngineLV-T30/liquidEngine'
[LOG 23:15:00.558] PartLoader: Compiling Part 'Squad/Parts/Engine/liquidEngineLV-T30_v2/liquidEngineLV-T30_v2/liquidEngine_v2'
[LOG 23:15:00.569] PartLoader: Compiling Part 'Squad/Parts/Engine/liquidEngineLV-T45/liquidEngineLV-T45/liquidEngine2'
[LOG 23:15:00.587] PartLoader: Compiling Part 'Squad/Parts/Engine/liquidEngineLV-T45_v2/liquidEngineLV-T45_v2/liquidEngine2_v2'
[LOG 23:15:00.598] PartLoader: Compiling Part 'Squad/Parts/Engine/liquidEngineMainsail_v2/liquidEngineMainsail_v2/liquidEngineMainsail_v2'
[LOG 23:15:00.614] PartLoader: Compiling Part 'Squad/Parts/Engine/liquidEngineMk55/liquidEngineMk55/radialLiquidEngine1-2'
[LOG 23:15:00.627] PartLoader: Compiling Part 'Squad/Parts/Engine/liquidEnginePoodle_v2/liquidEnginePoodle_v2/liquidEngine2-2_v2'
[LOG 23:15:00.637] PartLoader: Compiling Part 'Squad/Parts/Engine/liquidEngineSkipper_v2/skipperLiquidEngine_v2/engineLargeSkipper_v2'
[LOG 23:15:00.647] PartLoader: Compiling Part 'Squad/Parts/Engine/liquidEngineSSME/SSME/SSME'
[LOG 23:15:00.661] PartLoader: Compiling Part 'Squad/Parts/Engine/MassiveSRB/part/MassiveBooster'
[LOG 23:15:00.670] PartLoader: Compiling Part 'Squad/Parts/Engine/miniJet/SmallJetEngine/miniJetEngine'
[LOG 23:15:00.683] PartLoader: Compiling Part 'Squad/Parts/Engine/OMSEngine/omsEngine/omsEngine'
[LOG 23:15:00.699] PartLoader: Compiling Part 'Squad/Parts/Engine/rapierEngine/rapierEngine/RAPIER'
[LOG 23:15:00.716] PartLoader: Compiling Part 'Squad/Parts/Engine/Size1_SRBs/solidBoosterRT-10_v2/solidBooster_v2'
[LOG 23:15:00.728] PartLoader: Compiling Part 'Squad/Parts/Engine/Size1_SRBs/solidBoosterRT-5_v2/solidBooster_sm_v2'
[LOG 23:15:00.742] PartLoader: Compiling Part 'Squad/Parts/Engine/Size2LFB/part/Size2LFB'
[LOG 23:15:00.755] PartLoader: Compiling Part 'Squad/Parts/Engine/Size2LFB_v2/part/Size2LFB_v2'
[LOG 23:15:00.777] PartLoader: Compiling Part 'Squad/Parts/Engine/Size3AdvancedEngine/part/Size3AdvancedEngine'
[LOG 23:15:00.788] PartLoader: Compiling Part 'Squad/Parts/Engine/Size3EngineCluster/part/Size3EngineCluster'
[LOG 23:15:00.798] PartLoader: Compiling Part 'Squad/Parts/Engine/solidBoosterBACC/solidBoosterBACC/solidBooster1-1'
[LOG 23:15:00.805] PartLoader: Compiling Part 'Squad/Parts/Engine/solidBoosterS2-17/solidBoosterS2-17/Thoroughbred'
[LOG 23:15:00.817] PartLoader: Compiling Part 'Squad/Parts/Engine/solidBoosterS2-33/solidBoosterS2-33/Clydesdale'
[LOG 23:15:00.827] PartLoader: Compiling Part 'Squad/Parts/Engine/solidBoosterSep/solidBoosterSep/sepMotor1'
[LOG 23:15:00.830] [ModuleCargoPart]: Setting stackableQuantity to 1 as sepMotor1 contains resources
[LOG 23:15:00.834] PartLoader: Compiling Part 'Squad/Parts/Engine/SolidBoostersF/SolidBoosterF3S0/Shrimp'
[LOG 23:15:00.842] PartLoader: Compiling Part 'Squad/Parts/Engine/SolidBoostersF/SolidBoosterFM1/Mite'
[LOG 23:15:00.851] PartLoader: Compiling Part 'Squad/Parts/FuelTank/adapterTanks/Mk3-Mk2/adapterMk3-Mk2'
[LOG 23:15:00.854] PartLoader: Compiling Part 'Squad/Parts/FuelTank/adapterTanks/Mk3-ShuttleAdapter/adapterEngines'
[LOG 23:15:00.857] PartLoader: Compiling Part 'Squad/Parts/FuelTank/adapterTanks/Mk3-Size2/adapterMk3-Size2'
[LOG 23:15:00.860] PartLoader: Compiling Part 'Squad/Parts/FuelTank/adapterTanks/Mk3-Size2Slant/adapterMk3-Size2Slant'
[LOG 23:15:00.864] PartLoader: Compiling Part 'Squad/Parts/FuelTank/adapterTanks/Size2-Mk2/adapterSize2-Mk2'
[LOG 23:15:00.867] PartLoader: Compiling Part 'Squad/Parts/FuelTank/adapterTanks/Size2-Size1/adapterSize2-Size1'
[LOG 23:15:00.869] PartLoader: Compiling Part 'Squad/Parts/FuelTank/adapterTanks/Size2-Size1Slant/adapterSize2-Size1Slant'
[LOG 23:15:00.872] PartLoader: Compiling Part 'Squad/Parts/FuelTank/adapterTanks/Size3-Mk3/adapterSize3-Mk3'
[LOG 23:15:00.874] PartLoader: Compiling Part 'Squad/Parts/FuelTank/drainTankFTE-1/ReleaseValve/ReleaseValve'
[LOG 23:15:00.887] PartLoader: Compiling Part 'Squad/Parts/FuelTank/FoilTanks/RadialTank_Capsule/externalTankCapsule'
[LOG 23:15:00.893] PartLoader: Compiling Part 'Squad/Parts/FuelTank/FoilTanks/RadialTank_Round/externalTankRound'
[LOG 23:15:00.896] PartLoader: Compiling Part 'Squad/Parts/FuelTank/FoilTanks/ToroidTank/externalTankToroid'
[LOG 23:15:00.900] PartLoader: Compiling Part 'Squad/Parts/FuelTank/fuelTankOscarB/fuelTankOscarB/miniFuelTank'
[LOG 23:15:00.903] PartLoader: Compiling Part 'Squad/Parts/FuelTank/miniFuselage/miniFuselage/miniFuselage'
[LOG 23:15:00.906] PartLoader: Compiling Part 'Squad/Parts/FuelTank/mk2Adapters/bicoupler/mk2_1m_Bicoupler'
[LOG 23:15:00.910] PartLoader: Compiling Part 'Squad/Parts/FuelTank/mk2Adapters/long/mk2_1m_AdapterLong'
[LOG 23:15:00.915] PartLoader: Compiling Part 'Squad/Parts/FuelTank/mk2Adapters/standard/mk2SpacePlaneAdapter'
[LOG 23:15:00.921] PartLoader: Compiling Part 'Squad/Parts/FuelTank/mk2FuselageLong/LFO_long/mk2FuselageLongLFO'
[LOG 23:15:00.927] PartLoader: Compiling Part 'Squad/Parts/FuelTank/mk2FuselageLong/L_long/mk2Fuselage'
[LOG 23:15:00.932] PartLoader: Compiling Part 'Squad/Parts/FuelTank/mk2FuselageShort/LFO_short/mk2FuselageShortLFO'
[LOG 23:15:00.938] PartLoader: Compiling Part 'Squad/Parts/FuelTank/mk2FuselageShort/L_short/mk2FuselageShortLiquid'
[LOG 23:15:00.944] PartLoader: Compiling Part 'Squad/Parts/FuelTank/mk2FuselageShort/Mono_short/mk2FuselageShortMono'
[LOG 23:15:00.949] PartLoader: Compiling Part 'Squad/Parts/FuelTank/mk3Fuselage/CREW/mk3CrewCabin'
[LOG 23:15:00.959] PartLoader: Compiling Part 'Squad/Parts/FuelTank/mk3Fuselage/LFO_100/mk3FuselageLFO_100'
[LOG 23:15:00.962] PartLoader: Compiling Part 'Squad/Parts/FuelTank/mk3Fuselage/LFO_25/mk3FuselageLFO_25'
[LOG 23:15:00.966] PartLoader: Compiling Part 'Squad/Parts/FuelTank/mk3Fuselage/LFO_50/mk3FuselageLFO_50'
[LOG 23:15:00.973] PartLoader: Compiling Part 'Squad/Parts/FuelTank/mk3Fuselage/LF_100/mk3FuselageLF_100'
[LOG 23:15:00.977] PartLoader: Compiling Part 'Squad/Parts/FuelTank/mk3Fuselage/LF_25/mk3FuselageLF_25'
[LOG 23:15:00.981] PartLoader: Compiling Part 'Squad/Parts/FuelTank/mk3Fuselage/LF_50/mk3FuselageLF_50'
[LOG 23:15:00.985] PartLoader: Compiling Part 'Squad/Parts/FuelTank/mk3Fuselage/MONO/mk3FuselageMONO'
[LOG 23:15:00.988] PartLoader: Compiling Part 'Squad/Parts/FuelTank/RCSFuelTankR1/RCSFuelTankR1/RCSTank1-2'
[LOG 23:15:00.994] PartLoader: Compiling Part 'Squad/Parts/FuelTank/RCSFuelTankR10/RCSFuelTankR10/rcsTankMini'
[LOG 23:15:00.999] PartLoader: Compiling Part 'Squad/Parts/FuelTank/RCSFuelTankR25/RCSFuelTankR25/RCSFuelTank'
[LOG 23:15:01.002] PartLoader: Compiling Part 'Squad/Parts/FuelTank/RCSTankRadial/radialRCSTank/radialRCSTank'
[LOG 23:15:01.005] PartLoader: Compiling Part 'Squad/Parts/FuelTank/RCStankRadialLong/RCSTankRadialLong/rcsTankRadialLong'
[LOG 23:15:01.009] PartLoader: Compiling Part 'Squad/Parts/FuelTank/RockomaxTanks/Rockomax16/Rockomax16_BW'
[LOG 23:15:01.015] PartLoader: Compiling Part 'Squad/Parts/FuelTank/RockomaxTanks/Rockomax32/Rockomax32_BW'
[LOG 23:15:01.020] PartLoader: Compiling Part 'Squad/Parts/FuelTank/RockomaxTanks/Rockomax64/Rockomax64_BW'
[LOG 23:15:01.026] PartLoader: Compiling Part 'Squad/Parts/FuelTank/RockomaxTanks/Rockomax8/Rockomax8BW'
[LOG 23:15:01.032] PartLoader: Compiling Part 'Squad/Parts/FuelTank/Size1_Tanks/fuelTankT100/fuelTankSmallFlat'
[LOG 23:15:01.038] PartLoader: Compiling Part 'Squad/Parts/FuelTank/Size1_Tanks/fuelTankT200/fuelTankSmall'
[LOG 23:15:01.045] PartLoader: Compiling Part 'Squad/Parts/FuelTank/Size1_Tanks/fuelTankT400/fuelTank'
[LOG 23:15:01.051] PartLoader: Compiling Part 'Squad/Parts/FuelTank/Size1_Tanks/fuelTankT800/fuelTank_long'
[LOG 23:15:01.058] PartLoader: Compiling Part 'Squad/Parts/FuelTank/Size3Tanks/large/Size3LargeTank'
[LOG 23:15:01.065] PartLoader: Compiling Part 'Squad/Parts/FuelTank/Size3Tanks/medium/Size3MediumTank'
[LOG 23:15:01.069] PartLoader: Compiling Part 'Squad/Parts/FuelTank/Size3Tanks/small/Size3SmallTank'
[LOG 23:15:01.076] PartLoader: Compiling Part 'Squad/Parts/FuelTank/xenonTank/xenonTank/xenonTank'
[LOG 23:15:01.080] PartLoader: Compiling Part 'Squad/Parts/FuelTank/xenonTankLarge/xenonTankLarge/xenonTankLarge'
[LOG 23:15:01.084] PartLoader: Compiling Part 'Squad/Parts/FuelTank/xenonTankRadial/xenonTankRadial/xenonTankRadial'
[LOG 23:15:01.089] PartLoader: Compiling Part 'Squad/Parts/Misc/AsteroidDay/CamSat/InfraredTelescope'
[LOG 23:15:01.102] PartLoader: Compiling Part 'Squad/Parts/Misc/AsteroidDay/HECS2/HECS2_ProbeCore'
[LOG 23:15:01.114] PartLoader: Compiling Part 'Squad/Parts/Misc/AsteroidDay/HighGainAntenna/HighGainAntenna'
[LOG 23:15:01.127] PartLoader: Compiling Part 'Squad/Parts/Misc/AsteroidDay/LgRadialSolar/LgRadialSolarPanel'
[LOG 23:15:01.135] PartLoader: Compiling Part 'Squad/Parts/Misc/PotatoComet/part/PotatoComet'
[LOG 23:15:01.193] PartLoader: Compiling Part 'Squad/Parts/Misc/PotatoRoid/part/PotatoRoid'
[LOG 23:15:01.217] PartLoader: Compiling Part 'Squad/Parts/Prebuilt/flag/flag'
[LOG 23:15:01.226] PartLoader: Compiling Part 'Squad/Parts/Prebuilt/kerbalEVA/kerbalEVA'
[LOG 23:15:01.282] PartLoader: Compiling Part 'Squad/Parts/Prebuilt/kerbalEVAfemale/kerbalEVAfemale'
[LOG 23:15:01.299] PartLoader: Compiling Part 'Squad/Parts/Prebuilt/kerbalEVASlimSuit/kerbalEVASlimSuit'
[LOG 23:15:01.316] PartLoader: Compiling Part 'Squad/Parts/Prebuilt/kerbalEVASlimSuitFemale/kerbalEVASlimSuitFemale'
[LOG 23:15:01.334] PartLoader: Compiling Part 'Squad/Parts/Resources/FuelCell/FuelCell/FuelCell'
[LOG 23:15:01.367] PartLoader: Compiling Part 'Squad/Parts/Resources/FuelCell/FuelCellArray/FuelCellArray'
[LOG 23:15:01.378] PartLoader: Compiling Part 'Squad/Parts/Resources/ISRU/ISRU/ISRU'
[LOG 23:15:01.399] PartLoader: Compiling Part 'Squad/Parts/Resources/LargeTank/LargeTank/LargeTank'
[LOG 23:15:01.418] PartLoader: Compiling Part 'Squad/Parts/Resources/MiniDrill/MiniDrill/MiniDrill'
[LOG 23:15:01.448] PartLoader: Compiling Part 'Squad/Parts/Resources/MiniISRU/MiniISRU/MiniISRU'
[LOG 23:15:01.456] PartLoader: Compiling Part 'Squad/Parts/Resources/OrbitalScanner/OrbitalScanner/OrbitalScanner'
[LOG 23:15:01.469] PartLoader: Compiling Part 'Squad/Parts/Resources/RadialDrill/RadialDrill/RadialDrill'
[LOG 23:15:01.477] PartLoader: Compiling Part 'Squad/Parts/Resources/RadialTank/RadialTank/RadialOreTank'
[LOG 23:15:01.481] PartLoader: Compiling Part 'Squad/Parts/Resources/SmallTank/SmallTank/SmallTank'
[LOG 23:15:01.484] PartLoader: Compiling Part 'Squad/Parts/Resources/SurfaceScanner/SurfaceScanner/SurfaceScanner'
[LOG 23:15:01.518] PartLoader: Compiling Part 'Squad/Parts/Resources/SurveyScanner/SurveyScanner/SurveyScanner'
[LOG 23:15:01.530] PartLoader: Compiling Part 'Squad/Parts/Science/AtmosphereSensor/sensorAtmosphere/sensorAtmosphere'
[LOG 23:15:01.534] PartLoader: Compiling Part 'Squad/Parts/Science/GooExperiment/gooExperiment/GooExperiment'
[LOG 23:15:01.539] PartLoader: Compiling Part 'Squad/Parts/Science/LargeCrewedLab/largeCrewedLab/Large_Crewed_Lab'
[LOG 23:15:01.560] PartLoader: Compiling Part 'Squad/Parts/Science/Magnetometer/Magnetometer/Magnetometer'
[LOG 23:15:01.572] PartLoader: Compiling Part 'Squad/Parts/Science/MaterialBay/materialBay/science_module'
[LOG 23:15:01.578] PartLoader: Compiling Part 'Squad/Parts/Science/ScienceBox/ScienceBox/ScienceBox'
[LOG 23:15:01.583] PartLoader: Compiling Part 'Squad/Parts/Science/sensorAccelerometer/sensorAccelerometer/sensorAccelerometer'
[LOG 23:15:01.594] PartLoader: Compiling Part 'Squad/Parts/Science/sensorBarometer/sensorBarometer/sensorBarometer'
[LOG 23:15:01.599] PartLoader: Compiling Part 'Squad/Parts/Science/sensorGravimeter/sensorGravimeter/sensorGravimeter'
[LOG 23:15:01.602] PartLoader: Compiling Part 'Squad/Parts/Science/sensorThermometer/sensorThermometer/sensorThermometer'
[LOG 23:15:01.606] PartLoader: Compiling Part 'Squad/Parts/Structural/FLAdapters/adapterSmallMiniShort/adapterSmallMiniShort'
[LOG 23:15:01.612] PartLoader: Compiling Part 'Squad/Parts/Structural/FLAdapters/adapterSmallMiniTall/adapterSmallMiniTall'
[LOG 23:15:01.617] PartLoader: Compiling Part 'Squad/Parts/Structural/mk1Parts/engineBodyRadial/radialEngineBody'
[LOG 23:15:01.623] PartLoader: Compiling Part 'Squad/Parts/Structural/mk1Parts/engineNacelle/nacelleBody'
[LOG 23:15:01.629] PartLoader: Compiling Part 'Squad/Parts/Structural/mk1Parts/mk1Fuselage/MK1Fuselage'
[LOG 23:15:01.632] PartLoader: Compiling Part 'Squad/Parts/Structural/mk1Parts/mk1FuselageIntake/MK1IntakeFuselage'
[LOG 23:15:01.636] PartLoader: Compiling Part 'Squad/Parts/Structural/mk1Parts/mk1Structural/Mk1FuselageStructural'
[LOG 23:15:01.638] PartLoader: Compiling Part 'Squad/Parts/Structural/Size3To2Adapter_v2/Size2to3_v2/Size3To2Adapter_v2'
[LOG 23:15:01.642] PartLoader: Compiling Part 'Squad/Parts/Structural/stackAdapters/adapterLargeSmallBi/adapterLargeSmallBi'
[LOG 23:15:01.646] PartLoader: Compiling Part 'Squad/Parts/Structural/stackAdapters/adapterLargeSmallQuad/adapterLargeSmallQuad'
[LOG 23:15:01.649] PartLoader: Compiling Part 'Squad/Parts/Structural/stackAdapters/adapterLargeSmallTri/adapterLargeSmallTri'
[LOG 23:15:01.653] PartLoader: Compiling Part 'Squad/Parts/Structural/stationHub/stationHub/stationHub'
[LOG 23:15:01.658] PartLoader: Compiling Part 'Squad/Parts/Structural/structuralIBeam200/structuralIBeam200/structuralIBeam2'
[LOG 23:15:01.663] PartLoader: Compiling Part 'Squad/Parts/Structural/structuralIBeam200Pocket/structuralIBeam200Pocket/structuralIBeam3'
[LOG 23:15:01.667] PartLoader: Compiling Part 'Squad/Parts/Structural/structuralIBeam650/structuralIBeam650/structuralIBeam1'
[LOG 23:15:01.671] PartLoader: Compiling Part 'Squad/Parts/Structural/structuralMicronode/structuralMicronode/structuralMiniNode'
[LOG 23:15:01.674] PartLoader: Compiling Part 'Squad/Parts/Structural/structuralPanel1x1/structuralPanel1x1/structuralPanel1'
[LOG 23:15:01.678] PartLoader: Compiling Part 'Squad/Parts/Structural/structuralPanel2x2/structuralPanel2x2/structuralPanel2'
[LOG 23:15:01.680] PartLoader: Compiling Part 'Squad/Parts/Structural/structuralPylons/smallHardpoint/smallHardpoint'
[LOG 23:15:01.685] PartLoader: Compiling Part 'Squad/Parts/Structural/structuralPylons/structuralPylon/structuralPylon'
[LOG 23:15:01.689] PartLoader: Compiling Part 'Squad/Parts/Structural/strutCubicOcto/strutCubicOcto/strutCube'
[LOG 23:15:01.693] PartLoader: Compiling Part 'Squad/Parts/Structural/strutOcto/strutOcto/strutOcto'
[LOG 23:15:01.699] PartLoader: Compiling Part 'Squad/Parts/Structural/trussGirderAdapter/trussGirderAdapter/trussAdapter'
[LOG 23:15:01.702] PartLoader: Compiling Part 'Squad/Parts/Structural/trussGirderL/trussGirderL/trussPiece1x'
[LOG 23:15:01.708] PartLoader: Compiling Part 'Squad/Parts/Structural/trussGirderXL/trussGirderXL/trussPiece3x'
[LOG 23:15:01.713] PartLoader: Compiling Part 'Squad/Parts/Thermal/FoldingRadiators/foldingRadLarge/foldingRadLarge'
[LOG 23:15:01.729] PartLoader: Compiling Part 'Squad/Parts/Thermal/FoldingRadiators/foldingRadMed/foldingRadMed'
[LOG 23:15:01.737] PartLoader: Compiling Part 'Squad/Parts/Thermal/FoldingRadiators/foldingRadSmall/foldingRadSmall'
[LOG 23:15:01.746] PartLoader: Compiling Part 'Squad/Parts/Thermal/RadiatorPanels/radPanelEdge/radPanelEdge'
[LOG 23:15:01.751] PartLoader: Compiling Part 'Squad/Parts/Thermal/RadiatorPanels/radPanelLg/radPanelLg'
[LOG 23:15:01.755] PartLoader: Compiling Part 'Squad/Parts/Thermal/RadiatorPanels/radPanelSm/radPanelSm'
[LOG 23:15:01.759] PartLoader: Compiling Part 'Squad/Parts/Utility/commDish88-88/commDish88-88/commDish'
[LOG 23:15:01.766] PartLoader: Compiling Part 'Squad/Parts/Utility/commsAntennaDTS-M1/commsAntennaDTS-M1/mediumDishAntenna'
[LOG 23:15:01.772] PartLoader: Compiling Part 'Squad/Parts/Utility/commsDish16/commsAntenna16/longAntenna'
[LOG 23:15:01.778] PartLoader: Compiling Part 'Squad/Parts/Utility/decouplerRadialHDM/decouplerRadialHDM/radialDecoupler1-2'
[LOG 23:15:01.787] PartLoader: Compiling Part 'Squad/Parts/Utility/decouplerRadialTT-38K/decouplerRadialTT-38K/radialDecoupler'
[LOG 23:15:01.791] PartLoader: Compiling Part 'Squad/Parts/Utility/decouplerRadialTT-70/decouplerRadialTT-70/radialDecoupler2'
[LOG 23:15:01.795] PartLoader: Compiling Part 'Squad/Parts/Utility/DirectAntennas/C16S/SurfAntenna'
[LOG 23:15:01.799] PartLoader: Compiling Part 'Squad/Parts/Utility/DirectAntennas/HG-5/HighGainAntenna5'
[LOG 23:15:01.805] PartLoader: Compiling Part 'Squad/Parts/Utility/DirectAntennas/HG-5_v2/HighGainAntenna5_v2'
[LOG 23:15:01.813] PartLoader: Compiling Part 'Squad/Parts/Utility/dockingPort/dockingPort/dockingPort2'
[LOG 23:15:01.828] PartLoader: Compiling Part 'Squad/Parts/Utility/dockingPortInline/dockingPortInline/dockingPortLateral'
[LOG 23:15:01.834] PartLoader: Compiling Part 'Squad/Parts/Utility/dockingPortJr/dockingPortJr/dockingPort3'
[LOG 23:15:01.840] PartLoader: Compiling Part 'Squad/Parts/Utility/dockingPortShielded/dockingPortShielded/dockingPort1'
[LOG 23:15:01.846] PartLoader: Compiling Part 'Squad/Parts/Utility/dockingPortSr/dockingPortSr/dockingPortLarge'
[LOG 23:15:01.852] PartLoader: Compiling Part 'Squad/Parts/Utility/Fireworks/fireworksLauncherBig/fireworksLauncherBig'
[LOG 23:15:01.869] PartLoader: Compiling Part 'Squad/Parts/Utility/Fireworks/fireworksLauncherSmall/fireworksLauncherSmall'
[LOG 23:15:01.878] PartLoader: Compiling Part 'Squad/Parts/Utility/flags/flagFlat/flagFlat/flagPartFlat'
[LOG 23:15:01.893] PartLoader: Compiling Part 'Squad/Parts/Utility/flags/flagSize0/flagSize0/flagPartSize0'
[LOG 23:15:01.903] PartLoader: Compiling Part 'Squad/Parts/Utility/flags/flagSize1/flagSize1/flagPartSize1'
[LOG 23:15:01.911] PartLoader: Compiling Part 'Squad/Parts/Utility/flags/flagSize2/flagSize2/flagPartSize2'
[LOG 23:15:01.916] PartLoader: Compiling Part 'Squad/Parts/Utility/flags/flagSize3/flagSize3/flagPartSize3'
[LOG 23:15:01.921] PartLoader: Compiling Part 'Squad/Parts/Utility/GrapplingDevice/part/GrapplingDevice'
[LOG 23:15:01.940] PartLoader: Compiling Part 'Squad/Parts/Utility/ladderRadial/ladderRadial/ladder1'
[LOG 23:15:01.943] PartLoader: Compiling Part 'Squad/Parts/Utility/ladderTelescopic/ladderTelescopic/telescopicLadder'
[LOG 23:15:01.949] PartLoader: Compiling Part 'Squad/Parts/Utility/ladderTelescopicBay/ladderTelescopicBay/telescopicLadderBay'
[LOG 23:15:01.963] PartLoader: Compiling Part 'Squad/Parts/Utility/landingLegLT-1/landingLegLT-1/landingLeg1'
[LOG 23:15:01.995] PartLoader: Compiling Part 'Squad/Parts/Utility/landingLegLT-2/landingLegLT-2/landingLeg1-2'
[LOG 23:15:02.002] PartLoader: Compiling Part 'Squad/Parts/Utility/landingLegLT-5/landingLegLT-5/miniLandingLeg'
[LOG 23:15:02.009] PartLoader: Compiling Part 'Squad/Parts/Utility/launchClamp1/launchClamp1/launchClamp1'
[LOG 23:15:02.021] PartLoader: Compiling Part 'Squad/Parts/Utility/launchEscapeSystem/part/LaunchEscapeSystem'
[LOG 23:15:02.029] PartLoader: Compiling Part 'Squad/Parts/Utility/Lights/domeLight1/domeLight1'
[LOG 23:15:02.034] PartLoader: Compiling Part 'Squad/Parts/Utility/Lights/groundLight1/groundLight1'
[LOG 23:15:02.038] PartLoader: Compiling Part 'Squad/Parts/Utility/Lights/groundLight2/groundLight2'
[LOG 23:15:02.043] PartLoader: Compiling Part 'Squad/Parts/Utility/Lights/navLight1/navLight1'
[LOG 23:15:02.048] PartLoader: Compiling Part 'Squad/Parts/Utility/Lights/spotLight1/spotLight3'
[LOG 23:15:02.056] PartLoader: Compiling Part 'Squad/Parts/Utility/Lights/stripLight1/stripLight1'
[LOG 23:15:02.064] PartLoader: Compiling Part 'Squad/Parts/Utility/linearVernorRCS/linearRCS/linearRcs'
[LOG 23:15:02.075] PartLoader: Compiling Part 'Squad/Parts/Utility/linearVernorRCS/vernorEngine/vernierEngine'
[LOG 23:15:02.080] PartLoader: Compiling Part 'Squad/Parts/Utility/mk2CargoBay/BayL/mk2CargoBayL'
[LOG 23:15:02.086] PartLoader: Compiling Part 'Squad/Parts/Utility/mk2CargoBay/BayS/mk2CargoBayS'
[LOG 23:15:02.094] PartLoader: Compiling Part 'Squad/Parts/Utility/mk2CrewCabin/mk2CrewCabin/mk2CrewCabin'
[WRN 23:15:02.098] [Part]: Cannot have ModuleCargoPart and ModuleInventoryPart on same Part [mk2CrewCabin'. Removed ModuleCargoPart
[LOG 23:15:02.105] PartLoader: Compiling Part 'Squad/Parts/Utility/mk2DockingPort/mk2DockingPort/mk2DockingPort'
[LOG 23:15:02.113] PartLoader: Compiling Part 'Squad/Parts/Utility/mk3CargoBay/long/mk3CargoBayL'
[LOG 23:15:02.117] PartLoader: Compiling Part 'Squad/Parts/Utility/mk3CargoBay/medium/mk3CargoBayM'
[LOG 23:15:02.120] PartLoader: Compiling Part 'Squad/Parts/Utility/mk3CargoBay/ramp/mk3CargoRamp'
[LOG 23:15:02.126] PartLoader: Compiling Part 'Squad/Parts/Utility/mk3CargoBay/short/mk3CargoBayS'
[LOG 23:15:02.131] PartLoader: Compiling Part 'Squad/Parts/Utility/parachuteMk1/parachuteMk1/parachuteSingle'
[LOG 23:15:02.151] PartLoader: Compiling Part 'Squad/Parts/Utility/parachuteMk12-R/parachuteMk12-R/radialDrogue'
[LOG 23:15:02.158] PartLoader: Compiling Part 'Squad/Parts/Utility/parachuteMk16-XL/parachuteMk16-XL/parachuteLarge'
[LOG 23:15:02.164] PartLoader: Compiling Part 'Squad/Parts/Utility/parachuteMk2-R/parachuteMk2-R/parachuteRadial'
[LOG 23:15:02.169] PartLoader: Compiling Part 'Squad/Parts/Utility/parachuteMk25/parachuteMk25/parachuteDrogue'
[LOG 23:15:02.176] PartLoader: Compiling Part 'Squad/Parts/Utility/radialAttachmentPoint/radialAttachmentPoint/stackPoint1'
[LOG 23:15:02.181] PartLoader: Compiling Part 'Squad/Parts/Utility/rcsBlockRV-105_v2/rcsBlockRV-105/RCSBlock_v2'
[LOG 23:15:02.191] PartLoader: Compiling Part 'Squad/Parts/Utility/rcsBlockRV-105_v2/RCSblock_01_small/RCSblock_01_small'
[LOG 23:15:02.201] PartLoader: Compiling Part 'Squad/Parts/Utility/rcsSmallLinear/RCSLinearSmall/RCSLinearSmall'
[LOG 23:15:02.210] PartLoader: Compiling Part 'Squad/Parts/Utility/RelayAntennas/RA-100/RelayAntenna100'
[LOG 23:15:02.216] PartLoader: Compiling Part 'Squad/Parts/Utility/RelayAntennas/RA-5/RelayAntenna5'
[LOG 23:15:02.220] PartLoader: Compiling Part 'Squad/Parts/Utility/RelayAntennas/RA-50/RelayAntenna50'
[LOG 23:15:02.226] PartLoader: Compiling Part 'Squad/Parts/Utility/rockomaxAdapters/largeAdapter/largeAdapter'
[LOG 23:15:02.229] PartLoader: Compiling Part 'Squad/Parts/Utility/rockomaxAdapters/largeAdapterShort/largeAdapter2'
[LOG 23:15:02.233] PartLoader: Compiling Part 'Squad/Parts/Utility/ServiceBay_v2/ServiceBay_125_v2/ServiceBay_125_v2'
[LOG 23:15:02.237] PartLoader: Compiling Part 'Squad/Parts/Utility/ServiceBay_v2/ServiceBay_250_v2/ServiceBay_250_v2'
[LOG 23:15:02.241] PartLoader: Compiling Part 'Squad/Parts/Utility/smallClaw/smallClaw/smallClaw'
[LOG 23:15:02.255] PartLoader: Compiling Part 'Squad/Parts/Utility/spotLightMk1/spotLightMk1/spotLight1'
[LOG 23:15:02.262] PartLoader: Compiling Part 'Squad/Parts/Utility/spotLightMk1_v2/spotLightMk1_v2/spotLight1_v2'
[LOG 23:15:02.267] PartLoader: Compiling Part 'Squad/Parts/Utility/spotLightMk2/spotLightMk2/spotLight2'
[LOG 23:15:02.272] PartLoader: Compiling Part 'Squad/Parts/Utility/spotLightMk2_v2/spotLightMk2_v2/spotLight2_v2'
[LOG 23:15:02.281] PartLoader: Compiling Part 'Squad/Parts/Utility/stackCouplers/stackBiCoupler_v2/stackBiCoupler_v2'
[LOG 23:15:02.291] PartLoader: Compiling Part 'Squad/Parts/Utility/stackCouplers/stackQuadCoupler/stackQuadCoupler'
[LOG 23:15:02.297] PartLoader: Compiling Part 'Squad/Parts/Utility/stackCouplers/stackTriCoupler_v2/stackTriCoupler_v2'
[LOG 23:15:02.301] PartLoader: Compiling Part 'Squad/Parts/Wheel/LandingGear/GearExtraLarge/GearLarge'
[LOG 23:15:02.329] PartLoader: Compiling Part 'Squad/Parts/Wheel/LandingGear/GearFixed/GearFixed'
[LOG 23:15:02.345] PartLoader: Compiling Part 'Squad/Parts/Wheel/LandingGear/GearFree/GearFree'
[LOG 23:15:02.355] PartLoader: Compiling Part 'Squad/Parts/Wheel/LandingGear/GearLarge/GearMedium'
[LOG 23:15:02.369] PartLoader: Compiling Part 'Squad/Parts/Wheel/LandingGear/GearMedium/GearSmall'
[LOG 23:15:02.384] PartLoader: Compiling Part 'Squad/Parts/Wheel/LandingGear/GearSmall/SmallGearBay'
[LOG 23:15:02.400] PartLoader: Compiling Part 'Squad/Parts/Wheel/roverWheelM1/roverWheelM1/roverWheel1'
[LOG 23:15:02.417] PartLoader: Compiling Part 'Squad/Parts/Wheel/roverWheelS2/roverWheelS2/roverWheel2'
[LOG 23:15:02.426] PartLoader: Compiling Part 'Squad/Parts/Wheel/roverWheelTR-2L/roverWheelTR-2L/wheelMed'
[LOG 23:15:02.433] PartLoader: Compiling Part 'Squad/Parts/Wheel/roverWheelXL3/roverWheelXL3/roverWheel3'
[LOG 23:15:02.442] PartLoader: Compiling Part 'SquadExpansion/MakingHistory/Parts/Aero/protectiveRocketNoseMk16/rocketNoseCone_size4/rocketNoseConeSize4'
[LOG 23:15:02.445] PartLoader: Compiling Part 'SquadExpansion/MakingHistory/Parts/Aero/protectiveRocketNoseMk5A/Size_1_5_Cone/Size_1_5_Cone'
[LOG 23:15:02.449] PartLoader: Compiling Part 'SquadExpansion/MakingHistory/Parts/Coupling/Decoupler_1p5/Decoupler_1p5'
[LOG 23:15:02.458] PartLoader: Compiling Part 'SquadExpansion/MakingHistory/Parts/Coupling/Decoupler_4/Decoupler_4'
[LOG 23:15:02.465] PartLoader: Compiling Part 'SquadExpansion/MakingHistory/Parts/Coupling/EnginePlate_1p5/EnginePlate1p5'
[LOG 23:15:02.478] PartLoader: Compiling Part 'SquadExpansion/MakingHistory/Parts/Coupling/EnginePlate_2/EnginePlate2'
[LOG 23:15:02.488] PartLoader: Compiling Part 'SquadExpansion/MakingHistory/Parts/Coupling/EnginePlate_3/EnginePlate3'
[LOG 23:15:02.496] PartLoader: Compiling Part 'SquadExpansion/MakingHistory/Parts/Coupling/EnginePlate_4/EnginePlate4'
[LOG 23:15:02.502] PartLoader: Compiling Part 'SquadExpansion/MakingHistory/Parts/Coupling/EnginePlate_5/EnginePlate5'
[LOG 23:15:02.508] PartLoader: Compiling Part 'SquadExpansion/MakingHistory/Parts/Coupling/InflatableAirlock/InflatableAirlock'
[LOG 23:15:02.513] PartLoader: Compiling Part 'SquadExpansion/MakingHistory/Parts/Coupling/Separator_1p5/Separator_1p5'
[LOG 23:15:02.518] PartLoader: Compiling Part 'SquadExpansion/MakingHistory/Parts/Coupling/Separator_4/Separator_4'
[LOG 23:15:02.523] PartLoader: Compiling Part 'SquadExpansion/MakingHistory/Parts/Coupling/Size1p5_Strut_Decoupler/Size1p5_Strut_Decoupler'
[LOG 23:15:02.530] PartLoader: Compiling Part 'SquadExpansion/MakingHistory/Parts/Engine/LiquidEngineKE-1/LiquidEngineKE-1'
[LOG 23:15:02.545] PartLoader: Compiling Part 'SquadExpansion/MakingHistory/Parts/Engine/LiquidEngineLV-T91/LiquidEngineLV-T91'
[LOG 23:15:02.557] PartLoader: Compiling Part 'SquadExpansion/MakingHistory/Parts/Engine/LiquidEngineLV-TX87/LiquidEngineLV-TX87'
[LOG 23:15:02.567] PartLoader: Compiling Part 'SquadExpansion/MakingHistory/Parts/Engine/LiquidEngineRE-I2/LiquidEngineRE-I2'
[LOG 23:15:02.584] PartLoader: Compiling Part 'SquadExpansion/MakingHistory/Parts/Engine/LiquidEngineRE-J10/LiquidEngineRE-J10'
[LOG 23:15:02.595] PartLoader: Compiling Part 'SquadExpansion/MakingHistory/Parts/Engine/LiquidEngineRK-7/LiquidEngineRK-7'
[LOG 23:15:02.603] PartLoader: Compiling Part 'SquadExpansion/MakingHistory/Parts/Engine/LiquidEngineRV-1/LiquidEngineRV-1'
[LOG 23:15:02.614] PartLoader: Compiling Part 'SquadExpansion/MakingHistory/Parts/Engine/solidBoosterTHK/solidBoosterTHK/Pollux'
[LOG 23:15:02.622] PartLoader: Compiling Part 'SquadExpansion/MakingHistory/Parts/FuelTank/MonoPropMini/monopropMiniSphere'
[LOG 23:15:02.626] PartLoader: Compiling Part 'SquadExpansion/MakingHistory/Parts/FuelTank/Size1p5_Monoprop/Size1p5_Monoprop'
[LOG 23:15:02.629] PartLoader: Compiling Part 'SquadExpansion/MakingHistory/Parts/FuelTank/Size1p5_Size0_Adapter_01/Size1p5_Size0_Adapter_01'
[LOG 23:15:02.632] PartLoader: Compiling Part 'SquadExpansion/MakingHistory/Parts/FuelTank/Size1p5_Size1_Adapter_01/Size1p5_Size1_Adapter_01'
[LOG 23:15:02.637] PartLoader: Compiling Part 'SquadExpansion/MakingHistory/Parts/FuelTank/Size1p5_Size1_Adapter_02/Size1p5_Size1_Adapter_02'
[LOG 23:15:02.641] PartLoader: Compiling Part 'SquadExpansion/MakingHistory/Parts/FuelTank/Size1p5_Size2_Adapter_01/Size1p5_Size2_Adapter_01'
[LOG 23:15:02.643] PartLoader: Compiling Part 'SquadExpansion/MakingHistory/Parts/FuelTank/Size1p5_Tank_01/Size1p5_Tank_01'
[LOG 23:15:02.646] PartLoader: Compiling Part 'SquadExpansion/MakingHistory/Parts/FuelTank/Size1p5_Tank_02/Size1p5_Tank_02'
[LOG 23:15:02.651] PartLoader: Compiling Part 'SquadExpansion/MakingHistory/Parts/FuelTank/Size1p5_Tank_03/Size1p5_Tank_03'
[LOG 23:15:02.658] PartLoader: Compiling Part 'SquadExpansion/MakingHistory/Parts/FuelTank/Size1p5_Tank_04/Size1p5_Tank_04'
[LOG 23:15:02.661] PartLoader: Compiling Part 'SquadExpansion/MakingHistory/Parts/FuelTank/Size1p5_Tank_05/Size1p5_Tank_05'
[LOG 23:15:02.667] PartLoader: Compiling Part 'SquadExpansion/MakingHistory/Parts/FuelTank/Size3_Size4_Adapter_01/Size3_Size4_Adapter_01'
[LOG 23:15:02.672] PartLoader: Compiling Part 'SquadExpansion/MakingHistory/Parts/FuelTank/Size4_EngineAdapter_01/Size4_EngineAdapter_01'
[LOG 23:15:02.676] PartLoader: Compiling Part 'SquadExpansion/MakingHistory/Parts/FuelTank/Size4_Tank_01/Size4_Tank_01'
[LOG 23:15:02.680] PartLoader: Compiling Part 'SquadExpansion/MakingHistory/Parts/FuelTank/Size4_Tank_02/Size4_Tank_02'
[LOG 23:15:02.683] PartLoader: Compiling Part 'SquadExpansion/MakingHistory/Parts/FuelTank/Size4_Tank_03/Size4_Tank_03'
[LOG 23:15:02.685] PartLoader: Compiling Part 'SquadExpansion/MakingHistory/Parts/FuelTank/Size4_Tank_04/Size4_Tank_04'
[LOG 23:15:02.691] PartLoader: Compiling Part 'SquadExpansion/MakingHistory/Parts/Ground/RoverWheel/roverWheelM1-F'
[LOG 23:15:02.702] PartLoader: Compiling Part 'SquadExpansion/MakingHistory/Parts/Payload/fairingSize1p5/fairingSize1p5'
[LOG 23:15:02.717] PartLoader: Compiling Part 'SquadExpansion/MakingHistory/Parts/Payload/fairingSize4/fairingSize4'
[LOG 23:15:02.732] PartLoader: Compiling Part 'SquadExpansion/MakingHistory/Parts/Payload/Size1to0ServiceModule/Size1to0ServiceModule'
[LOG 23:15:02.742] PartLoader: Compiling Part 'SquadExpansion/MakingHistory/Parts/Payload/SM18/ServiceModule18'
[LOG 23:15:02.748] PartLoader: Compiling Part 'SquadExpansion/MakingHistory/Parts/Payload/SM25/ServiceModule25'
[LOG 23:15:02.753] PartLoader: Compiling Part 'SquadExpansion/MakingHistory/Parts/Pods/KV1Pod/kv1Pod'
[WRN 23:15:02.757] [Part]: Cannot have ModuleCargoPart and ModuleInventoryPart on same Part [kv1Pod'. Removed ModuleCargoPart
[LOG 23:15:02.762] PartLoader: Compiling Part 'SquadExpansion/MakingHistory/Parts/Pods/KV2Pod/kv2Pod'
[WRN 23:15:02.766] [Part]: Cannot have ModuleCargoPart and ModuleInventoryPart on same Part [kv2Pod'. Removed ModuleCargoPart
[LOG 23:15:02.771] PartLoader: Compiling Part 'SquadExpansion/MakingHistory/Parts/Pods/KV3Pod/kv3Pod'
[WRN 23:15:02.777] [Part]: Cannot have ModuleCargoPart and ModuleInventoryPart on same Part [kv3Pod'. Removed ModuleCargoPart
[LOG 23:15:02.783] PartLoader: Compiling Part 'SquadExpansion/MakingHistory/Parts/Pods/Mk2Pod/Mk2Pod'
[WRN 23:15:02.786] [Part]: Cannot have ModuleCargoPart and ModuleInventoryPart on same Part [Mk2Pod'. Removed ModuleCargoPart
[LOG 23:15:02.795] PartLoader: Compiling Part 'SquadExpansion/MakingHistory/Parts/Pods/Size1_5_Lander/MEMLander'
[WRN 23:15:02.805] [Part]: Cannot add ModuleCargoPart as this Part 'MEMLander' already has a ModuleInventoryPart PartModule and they are mutually exclusive.
[LOG 23:15:02.818] PartLoader: Compiling Part 'SquadExpansion/MakingHistory/Parts/Prebuilt/kerbalEVAfemaleVintage/kerbalEVAfemaleVintage'
[LOG 23:15:02.827] PartLoader: Compiling Part 'SquadExpansion/MakingHistory/Parts/Prebuilt/kerbalEVAVintage/kerbalEVAVintage'
[LOG 23:15:02.837] PartLoader: Compiling Part 'SquadExpansion/MakingHistory/Parts/Structural/EquiTriangle0/EquiTriangle0'
[LOG 23:15:02.846] PartLoader: Compiling Part 'SquadExpansion/MakingHistory/Parts/Structural/EquiTriangle1/EquiTriangle1'
[LOG 23:15:02.851] PartLoader: Compiling Part 'SquadExpansion/MakingHistory/Parts/Structural/EquiTriangle1p5/EquiTriangle1p5'
[LOG 23:15:02.854] PartLoader: Compiling Part 'SquadExpansion/MakingHistory/Parts/Structural/EquiTriangle2/EquiTriangle2'
[LOG 23:15:02.858] PartLoader: Compiling Part 'SquadExpansion/MakingHistory/Parts/Structural/Panel0/Panel0'
[LOG 23:15:02.862] PartLoader: Compiling Part 'SquadExpansion/MakingHistory/Parts/Structural/Panel1/Panel1'
[LOG 23:15:02.865] PartLoader: Compiling Part 'SquadExpansion/MakingHistory/Parts/Structural/Panel1p5/Panel1p5'
[LOG 23:15:02.868] PartLoader: Compiling Part 'SquadExpansion/MakingHistory/Parts/Structural/Panel2/Panel2'
[LOG 23:15:02.870] PartLoader: Compiling Part 'SquadExpansion/MakingHistory/Parts/Structural/Triangle0/Triangle0'
[LOG 23:15:02.874] PartLoader: Compiling Part 'SquadExpansion/MakingHistory/Parts/Structural/Triangle1/Triangle1'
[LOG 23:15:02.877] PartLoader: Compiling Part 'SquadExpansion/MakingHistory/Parts/Structural/Triangle1p5/Triangle1p5'
[LOG 23:15:02.882] PartLoader: Compiling Part 'SquadExpansion/MakingHistory/Parts/Structural/Triangle2/Triangle2'
[LOG 23:15:02.886] PartLoader: Compiling Part 'SquadExpansion/MakingHistory/Parts/Structural/Tube1/Tube1'
[LOG 23:15:02.893] PartLoader: Compiling Part 'SquadExpansion/MakingHistory/Parts/Structural/Tube1p5/Tube1p5'
[LOG 23:15:02.897] PartLoader: Compiling Part 'SquadExpansion/MakingHistory/Parts/Structural/Tube2/Tube2'
[LOG 23:15:02.901] PartLoader: Compiling Part 'SquadExpansion/MakingHistory/Parts/Structural/Tube3/Tube3'
[LOG 23:15:02.905] PartLoader: Compiling Part 'SquadExpansion/MakingHistory/Parts/Structural/Tube4/Tube4'
[LOG 23:15:02.909] PartLoader: Compiling Part 'SquadExpansion/MakingHistory/Parts/Thermal/HeatShield1p5/HeatShield1p5'
[LOG 23:15:02.917] PartLoader: Compiling Part 'SquadExpansion/MakingHistory/Parts/Utility/flags/flagSize1p5/flagSize1p5/flagPartSize1p5'
[LOG 23:15:02.922] PartLoader: Compiling Part 'SquadExpansion/MakingHistory/Parts/Utility/flags/flagSize4/flagSize4/flagPartSize4'
[LOG 23:15:02.927] PartLoader: Compiling Part 'SquadExpansion/Serenity/Parts/Aero/FanShroud_01/FanShroud_01'
[LOG 23:15:02.932] PartLoader: Compiling Part 'SquadExpansion/Serenity/Parts/Aero/FanShroud_02/FanShroud_02'
[LOG 23:15:02.937] PartLoader: Compiling Part 'SquadExpansion/Serenity/Parts/Aero/FanShroud_03/FanShroud_03'
[LOG 23:15:02.941] PartLoader: Compiling Part 'SquadExpansion/Serenity/Parts/Aero/noseconeTiny/noseconeTiny'
[LOG 23:15:02.943] PartLoader: Compiling Part 'SquadExpansion/Serenity/Parts/Aero/noseconeVS/noseconeVS'
[LOG 23:15:02.946] PartLoader: Compiling Part 'SquadExpansion/Serenity/Parts/DeployedScience/centralStation/DeployedCentralStation'
[LOG 23:15:02.961] PartLoader: Compiling Part 'SquadExpansion/Serenity/Parts/DeployedScience/gooObservation/DeployedGoExOb'
[LOG 23:15:02.977] PartLoader: Compiling Part 'SquadExpansion/Serenity/Parts/DeployedScience/ionCollector/DeployedIONExp'
[LOG 23:15:02.982] PartLoader: Compiling Part 'SquadExpansion/Serenity/Parts/DeployedScience/rtg/DeployedRTG'
[LOG 23:15:02.994] PartLoader: Compiling Part 'SquadExpansion/Serenity/Parts/DeployedScience/satDish/DeployedSatDish'
[LOG 23:15:03.003] PartLoader: Compiling Part 'SquadExpansion/Serenity/Parts/DeployedScience/seismicSensor/DeployedSeismicSensor'
[LOG 23:15:03.008] PartLoader: Compiling Part 'SquadExpansion/Serenity/Parts/DeployedScience/solarPanel/DeployedSolarPanel'
[LOG 23:15:03.017] PartLoader: Compiling Part 'SquadExpansion/Serenity/Parts/DeployedScience/weatherStation/DeployedWeatherStn'
[LOG 23:15:03.026] PartLoader: Compiling Part 'SquadExpansion/Serenity/Parts/Prebuilt/kerbalEVA/kerbalEVA'
[LOG 23:15:03.028] PartLoader: Compiling Part 'SquadExpansion/Serenity/Parts/Prebuilt/kerbalEVAfemale/kerbalEVAfemale'
[LOG 23:15:03.029] PartLoader: Compiling Part 'SquadExpansion/Serenity/Parts/Prebuilt/kerbalEVAfemaleFuture/kerbalEVAfemaleFuture'
[LOG 23:15:03.036] PartLoader: Compiling Part 'SquadExpansion/Serenity/Parts/Prebuilt/kerbalEVAfemaleVintage/kerbalEVAfemaleVintage'
[LOG 23:15:03.038] PartLoader: Compiling Part 'SquadExpansion/Serenity/Parts/Prebuilt/kerbalEVAFuture/kerbalEVAFuture'
[LOG 23:15:03.045] PartLoader: Compiling Part 'SquadExpansion/Serenity/Parts/Prebuilt/kerbalEVASlimSuit/kerbalEVASlimSuit'
[LOG 23:15:03.046] PartLoader: Compiling Part 'SquadExpansion/Serenity/Parts/Prebuilt/kerbalEVASlimSuitFemale/kerbalEVASlimSuitFemale'
[LOG 23:15:03.048] PartLoader: Compiling Part 'SquadExpansion/Serenity/Parts/Prebuilt/kerbalEVAVintage/kerbalEVAVintage'
[LOG 23:15:03.050] PartLoader: Compiling Part 'SquadExpansion/Serenity/Parts/Propellers/largeFanBlade/largeFanBlade'
[LOG 23:15:03.056] PartLoader: Compiling Part 'SquadExpansion/Serenity/Parts/Propellers/largeHeliBlade/largeHeliBlade'
[LOG 23:15:03.063] PartLoader: Compiling Part 'SquadExpansion/Serenity/Parts/Propellers/largePropeller/largePropeller'
[LOG 23:15:03.069] PartLoader: Compiling Part 'SquadExpansion/Serenity/Parts/Propellers/mediumFanBlade/mediumFanBlade'
[LOG 23:15:03.077] PartLoader: Compiling Part 'SquadExpansion/Serenity/Parts/Propellers/mediumHeliBlade/mediumHeliBlade'
[LOG 23:15:03.082] PartLoader: Compiling Part 'SquadExpansion/Serenity/Parts/Propellers/mediumPropeller/mediumPropeller'
[LOG 23:15:03.087] PartLoader: Compiling Part 'SquadExpansion/Serenity/Parts/Propellers/smallFanBlade/smallFanBlade'
[LOG 23:15:03.100] PartLoader: Compiling Part 'SquadExpansion/Serenity/Parts/Propellers/smallHeliBlade/smallHeliBlade'
[LOG 23:15:03.106] PartLoader: Compiling Part 'SquadExpansion/Serenity/Parts/Propellers/smallPropeller/smallPropeller'
[LOG 23:15:03.111] PartLoader: Compiling Part 'SquadExpansion/Serenity/Parts/Robotics/hinge_01/hinge_01'
[LOG 23:15:03.127] PartLoader: Compiling Part 'SquadExpansion/Serenity/Parts/Robotics/hinge_01_s/hinge_01_s'
[LOG 23:15:03.136] PartLoader: Compiling Part 'SquadExpansion/Serenity/Parts/Robotics/hinge_03/hinge_03'
[LOG 23:15:03.147] PartLoader: Compiling Part 'SquadExpansion/Serenity/Parts/Robotics/hinge_03_s/hinge_03_s'
[LOG 23:15:03.154] PartLoader: Compiling Part 'SquadExpansion/Serenity/Parts/Robotics/hinge_04/hinge_04'
[LOG 23:15:03.161] PartLoader: Compiling Part 'SquadExpansion/Serenity/Parts/Robotics/piston_01/piston_01'
[LOG 23:15:03.177] PartLoader: Compiling Part 'SquadExpansion/Serenity/Parts/Robotics/piston_02/piston_02'
[LOG 23:15:03.187] PartLoader: Compiling Part 'SquadExpansion/Serenity/Parts/Robotics/piston_03/piston_03'
[LOG 23:15:03.196] PartLoader: Compiling Part 'SquadExpansion/Serenity/Parts/Robotics/piston_04/piston_04'
[LOG 23:15:03.203] PartLoader: Compiling Part 'SquadExpansion/Serenity/Parts/Robotics/RotorEngine_02/RotorEngine_02'
[LOG 23:15:03.221] PartLoader: Compiling Part 'SquadExpansion/Serenity/Parts/Robotics/RotorEngine_03/RotorEngine_03'
[LOG 23:15:03.232] PartLoader: Compiling Part 'SquadExpansion/Serenity/Parts/Robotics/rotor_01/rotor_01'
[LOG 23:15:03.240] PartLoader: Compiling Part 'SquadExpansion/Serenity/Parts/Robotics/rotor_01s/rotor_01s'
[LOG 23:15:03.249] PartLoader: Compiling Part 'SquadExpansion/Serenity/Parts/Robotics/rotor_02/rotor_02'
[LOG 23:15:03.265] PartLoader: Compiling Part 'SquadExpansion/Serenity/Parts/Robotics/rotor_02s/rotor_02s'
[LOG 23:15:03.275] PartLoader: Compiling Part 'SquadExpansion/Serenity/Parts/Robotics/rotor_03/rotor_03'
[LOG 23:15:03.285] PartLoader: Compiling Part 'SquadExpansion/Serenity/Parts/Robotics/rotor_03s/rotor_03s'
[LOG 23:15:03.303] PartLoader: Compiling Part 'SquadExpansion/Serenity/Parts/Robotics/rotoServo_00/rotoServo_00'
[LOG 23:15:03.329] PartLoader: Compiling Part 'SquadExpansion/Serenity/Parts/Robotics/rotoServo_02/rotoServo_02'
[LOG 23:15:03.341] PartLoader: Compiling Part 'SquadExpansion/Serenity/Parts/Robotics/rotoServo_03/rotoServo_03'
[LOG 23:15:03.348] PartLoader: Compiling Part 'SquadExpansion/Serenity/Parts/Robotics/rotoServo_04/rotoServo_04'
[LOG 23:15:03.353] PartLoader: Compiling Part 'SquadExpansion/Serenity/Parts/Robotics/Controllers/KAL1000/controller1000'
[LOG 23:15:03.370] PartLoader: Compiling Part 'SquadExpansion/Serenity/Parts/Science/RobotArmScanner/RobotArmScanner_S1/RobotArmScanner_S1'
[LOG 23:15:03.392] PartLoader: Compiling Part 'SquadExpansion/Serenity/Parts/Science/RobotArmScanner/RobotArmScanner_S2/RobotArmScanner_S2'
[LOG 23:15:03.401] PartLoader: Compiling Part 'SquadExpansion/Serenity/Parts/Science/RobotArmScanner/RobotArmScanner_S3/RobotArmScanner_S3'
[LOG 23:15:03.409] PartLoader: Compiling Part 'SquadExpansion/Serenity/Parts/Structural/gripPads/lGripPad/lGripPad'
[LOG 23:15:03.418] PartLoader: Compiling Part 'SquadExpansion/Serenity/Parts/Structural/gripPads/lGripStrip/lGripStrip'
[LOG 23:15:03.421] PartLoader: Compiling Part 'SquadExpansion/Serenity/Parts/Structural/gripPads/mGripPad/mGripPad'
[LOG 23:15:03.427] PartLoader: Compiling Part 'SquadExpansion/Serenity/Parts/Structural/gripPads/sGripPad/sGripPad'
[LOG 23:15:03.432] PartLoader: Compiling Part 'SquadExpansion/Serenity/Parts/Structural/gripPads/sGripStrip/sGripStrip'
[LOG 23:15:03.437] PartLoader: Compiling Internal Prop 'Squad/Props/AltimeterThreeHands/prop/AltimeterThreeHands'
[LOG 23:15:03.442] PartLoader: Compiling Internal Prop 'Squad/Props/AtmosphereDepth/prop/AtmosphereDepth'
[LOG 23:15:03.443] PartLoader: Compiling Internal Prop 'Squad/Props/AxisIndicator/pitchConfig/AxisIndicatorPitch'
[LOG 23:15:03.444] PartLoader: Compiling Internal Prop 'Squad/Props/AxisIndicator/rollConfig/AxisIndicatorRoll'
[LOG 23:15:03.445] PartLoader: Compiling Internal Prop 'Squad/Props/AxisIndicator/yawConfig/AxisIndicatorYaw'
[LOG 23:15:03.447] PartLoader: Compiling Internal Prop 'Squad/Props/buttonsGeneric/circularButton/genericCircularButton'
[LOG 23:15:03.448] PartLoader: Compiling Internal Prop 'Squad/Props/buttonsGeneric/clusterButtons/genericClusterButtons'
[LOG 23:15:03.450] PartLoader: Compiling Internal Prop 'Squad/Props/buttonsGeneric/clusterButtons2/genericClusterButtons2'
[LOG 23:15:03.451] PartLoader: Compiling Internal Prop 'Squad/Props/buttonsGeneric/clusterKnob/genericClusterKnobs'
[LOG 23:15:03.451] PartLoader: Compiling Internal Prop 'Squad/Props/buttonsGeneric/clusterKnob2/genericClusterKnobs2'
[LOG 23:15:03.452] PartLoader: Compiling Internal Prop 'Squad/Props/buttonsGeneric/clusterMixed/genericClusterMixed'
[LOG 23:15:03.453] PartLoader: Compiling Internal Prop 'Squad/Props/buttonsGeneric/clusterSwitches01/genericClusterSwitches01'
[LOG 23:15:03.453] PartLoader: Compiling Internal Prop 'Squad/Props/buttonsGeneric/clusterSwitches02/genericClusterSwitches02'
[LOG 23:15:03.454] PartLoader: Compiling Internal Prop 'Squad/Props/buttonsGeneric/clusterSwitches03/genericClusterSwitches03'
[LOG 23:15:03.455] PartLoader: Compiling Internal Prop 'Squad/Props/buttonsGeneric/clusterSwitches04/genericClusterSwitches04'
[LOG 23:15:03.456] PartLoader: Compiling Internal Prop 'Squad/Props/buttonsGeneric/clusterSwitches05/genericClusterSwitches05'
[LOG 23:15:03.457] PartLoader: Compiling Internal Prop 'Squad/Props/buttonsGeneric/clusterSwitches06/genericClusterSwitches06'
[LOG 23:15:03.457] PartLoader: Compiling Internal Prop 'Squad/Props/buttonsGeneric/clusterSwitches07/genericClusterSwitches07'
[LOG 23:15:03.458] PartLoader: Compiling Internal Prop 'Squad/Props/buttonsGeneric/directionalKnob/genericDirectionalKnob'
[LOG 23:15:03.458] PartLoader: Compiling Internal Prop 'Squad/Props/buttonsGeneric/directionalKnob2/genericDirectionalKnob2'
[LOG 23:15:03.459] PartLoader: Compiling Internal Prop 'Squad/Props/buttonsGeneric/pullSwitch/genericPullSwitch'
[LOG 23:15:03.460] PartLoader: Compiling Internal Prop 'Squad/Props/buttonsGeneric/squareButton/genericSquareButton'
[LOG 23:15:03.460] PartLoader: Compiling Internal Prop 'Squad/Props/buttonsGeneric/standingSwitch/genericStandingSwitch'
[LOG 23:15:03.461] PartLoader: Compiling Internal Prop 'Squad/Props/buttonsGeneric/switch/genericSwitch'
[LOG 23:15:03.462] PartLoader: Compiling Internal Prop 'Squad/Props/buttonsGeneric/switchWithGuards/genericSwitchWithGuards'
[LOG 23:15:03.463] PartLoader: Compiling Internal Prop 'Squad/Props/ButtonSquare/prop/ButtonSquare'
[LOG 23:15:03.466] PartLoader: Compiling Internal Prop 'Squad/Props/circularButton/prop/circularButton'
[LOG 23:15:03.467] PartLoader: Compiling Internal Prop 'Squad/Props/Compass/prop/Compass'
[LOG 23:15:03.468] PartLoader: Compiling Internal Prop 'Squad/Props/directionalKnob/prop/directionalKnob'
[LOG 23:15:03.468] PartLoader: Compiling Internal Prop 'Squad/Props/directionalKnob2/prop/directionalKnob2'
[LOG 23:15:03.469] PartLoader: Compiling Internal Prop 'Squad/Props/IndicatorPanel/prop/IndicatorPanel'
[LOG 23:15:03.471] PartLoader: Compiling Internal Prop 'Squad/Props/IVANavBall/prop/NavBall'
[LOG 23:15:03.475] PartLoader: Compiling Internal Prop 'Squad/Props/IVANavBallNoBase/prop/NavBallNoBase'
[LOG 23:15:03.475] PartLoader: Compiling Internal Prop 'Squad/Props/ledPanelSpeed/prop/ledPanelSpeed'
[LOG 23:15:03.477] PartLoader: Compiling Internal Prop 'Squad/Props/Monitor/DockingMode/MonitorDockingMode'
[LOG 23:15:03.478] PartLoader: Compiling Internal Prop 'Squad/Props/NavBall/prop/NavBall'
[LOG 23:15:03.479] PartLoader: Compiling Internal Prop 'Squad/Props/PropsGeneric/Button_DockingMode/Button_DockingMode'
[LOG 23:15:03.479] PartLoader: Compiling Internal Prop 'Squad/Props/PropsGeneric/CargoBagA/CargoBagA'
[LOG 23:15:03.480] PartLoader: Compiling Internal Prop 'Squad/Props/PropsGeneric/CargoBagB/CargoBagB'
[LOG 23:15:03.481] PartLoader: Compiling Internal Prop 'Squad/Props/PropsGeneric/CargoBagC/CargoBagC'
[LOG 23:15:03.482] PartLoader: Compiling Internal Prop 'Squad/Props/PropsGeneric/Hatch_Plane/Hatch_Plane'
[LOG 23:15:03.483] PartLoader: Compiling Internal Prop 'Squad/Props/PropsGeneric/Hatch_Plane_Curve90/Hatch_Plane_Curve90'
[LOG 23:15:03.484] PartLoader: Compiling Internal Prop 'Squad/Props/PropsGeneric/Hatch_Plane_Frame/Hatch_Plane_Frame'
[LOG 23:15:03.484] PartLoader: Compiling Internal Prop 'Squad/Props/PropsGeneric/Seat_Passenger/Seat_Passenger'
[LOG 23:15:03.485] PartLoader: Compiling Internal Prop 'Squad/Props/PropsGeneric/Seat_Pilot/Seat_Pilot'
[LOG 23:15:03.486] PartLoader: Compiling Internal Prop 'Squad/Props/PropsGeneric/Seat_Pilot_Helmet/Seat_Pilot_Helmet'
[LOG 23:15:03.487] PartLoader: Compiling Internal Prop 'Squad/Props/PropsGeneric/SideStick/SideStick'
[LOG 23:15:03.488] PartLoader: Compiling Internal Prop 'Squad/Props/pullSwitch/prop/pullSwitch'
[LOG 23:15:03.489] PartLoader: Compiling Internal Prop 'Squad/Props/radarAltitude/prop/RadarAltimeter'
[LOG 23:15:03.492] PartLoader: Compiling Internal Prop 'Squad/Props/squareButton/prop/squareButton'
[LOG 23:15:03.494] PartLoader: Compiling Internal Prop 'Squad/Props/standingSwitch/prop/standingSwitch'
[LOG 23:15:03.495] PartLoader: Compiling Internal Prop 'Squad/Props/switch/prop/switch'
[LOG 23:15:03.496] PartLoader: Compiling Internal Prop 'Squad/Props/switchGuard/prop/switchGuard'
[LOG 23:15:03.496] PartLoader: Compiling Internal Prop 'Squad/Props/switchWithGuards/prop/switchWithGuards'
[LOG 23:15:03.497] PartLoader: Compiling Internal Prop 'Squad/Props/throttle/prop/throttle'
[LOG 23:15:03.499] PartLoader: Compiling Internal Prop 'Squad/Props/VSI/prop/VSI'
[LOG 23:15:03.502] PartLoader: Compiling Internal Space 'Squad/Spaces/crewCabinInternals/internal/crewCabinInternals'
[LOG 23:15:03.518] PartLoader: Compiling Internal Space 'Squad/Spaces/cupolaInternal/internal/cupolaInternal'
[LOG 23:15:03.538] PartLoader: Compiling Internal Space 'Squad/Spaces/GenericSpace1/internal/GenericSpace1'
[LOG 23:15:03.540] PartLoader: Compiling Internal Space 'Squad/Spaces/GenericSpace3/internal/GenericSpace3'
[LOG 23:15:03.543] PartLoader: Compiling Internal Space 'Squad/Spaces/landerCabinInternals/internal/landerCabinInternals'
[LOG 23:15:03.547] PartLoader: Compiling Internal Space 'Squad/Spaces/landerCabinSmallInternal/internal/landerCabinSmallInternal'
[LOG 23:15:03.552] PartLoader: Compiling Internal Space 'Squad/Spaces/LargeCrewedLabInternals/internal/Mobile_Processing_Lab_Int'
[LOG 23:15:03.555] PartLoader: Compiling Internal Space 'Squad/Spaces/Mk1-3/internal/Mk1-3'
[LOG 23:15:03.563] PartLoader: Compiling Internal Space 'Squad/Spaces/mk1CabinInternal/internal/mk1CabinInternal'
[LOG 23:15:03.570] PartLoader: Compiling Internal Space 'Squad/Spaces/mk1CockpitInternal/internal/mk1CockpitInternal'
[LOG 23:15:03.584] PartLoader: Compiling Internal Space 'Squad/Spaces/mk1InlineInternal/internal/mk1InlineInternal'
[LOG 23:15:03.591] PartLoader: Compiling Internal Space 'Squad/Spaces/mk1PodCockpit/internal/mk1PodCockpit'
[LOG 23:15:03.594] PartLoader: Compiling Internal Space 'Squad/Spaces/mk1pod_IVA/mk1pod_Internal/mk1pod_IVA'
[LOG 23:15:03.600] PartLoader: Compiling Internal Space 'Squad/Spaces/mk2CockpitStandardInternal/internal/mk2CockpitStandardInternals'
[LOG 23:15:03.609] PartLoader: Compiling Internal Space 'Squad/Spaces/Mk2CrewCabinInternal/internal_MK2_CrewCab/MK2_CrewCab_Int'
[LOG 23:15:03.618] PartLoader: Compiling Internal Space 'Squad/Spaces/mk2InlineInternal/internal/mk2InlineInternal'
[LOG 23:15:03.631] PartLoader: Compiling Internal Space 'Squad/Spaces/mk2LanderCanInternal/internal/mk2LanderCanInternal'
[LOG 23:15:03.639] PartLoader: Compiling Internal Space 'Squad/Spaces/MK3CockpitInternal/internal_MK3/MK3_Cockpit_Int'
[LOG 23:15:03.655] PartLoader: Compiling Internal Space 'Squad/Spaces/MK3_CrewCab_Int/internal_MK3_CrewCab/MK3_CrewCab_Int'
[LOG 23:15:03.659] InternalSeat: Cannot find portraitCamera of name 'Camera_Left003'
[LOG 23:15:03.670] PartLoader: Compiling Internal Space 'Squad/Spaces/Placeholder/internal/Placeholder'
[LOG 23:15:03.679] PartLoader: Compiling Internal Space 'Squad/Spaces/PodCockpit/internal/PodCockpit'
[LOG 23:15:03.691] PartLoader: Compiling Internal Space 'SquadExpansion/MakingHistory/Spaces/KVPods/Airlock_Internal/Airlock_IVA'
[LOG 23:15:03.692] PartLoader: Compiling Internal Space 'SquadExpansion/MakingHistory/Spaces/KVPods/KV1_Internal/KV1_IVA'
[LOG 23:15:03.698] PartLoader: Compiling Internal Space 'SquadExpansion/MakingHistory/Spaces/KVPods/KV2_Internal/KV2_IVA'
[LOG 23:15:03.706] PartLoader: Compiling Internal Space 'SquadExpansion/MakingHistory/Spaces/KVPods/KV3_Internal/KV3_IVA'
[LOG 23:15:03.711] PartLoader: Compiling Internal Space 'SquadExpansion/MakingHistory/Spaces/MEM/MEM_IVA/MEM_IVA'
[LOG 23:15:03.719] PartLoader: Compiling Internal Space 'SquadExpansion/MakingHistory/Spaces/Mk2Pod/Mk2Pod_Internal/MK2POD_IVA'
[LOG 23:15:09.025] Assets:
[LOG 23:15:09.026] anim_missionsapp_idle.anim
[LOG 23:15:09.026] anim_missionsapp_idle_warning.anim
[LOG 23:15:09.026] anim_missionsapp_warning.anim
[LOG 23:15:09.026] anim_missionssapp.anim
[LOG 23:15:09.026] animcontroller_missionsappmaster.controller
[LOG 23:15:09.026] app_bg.tif
[LOG 23:15:09.026] app_bottom_gray.tif
[LOG 23:15:09.026] app_divider_pulldown_body.tif
[LOG 23:15:09.026] app_divider_pulldown_footer.tif
[LOG 23:15:09.026] app_divider_pulldown_header.tif
[LOG 23:15:09.026] app_divider_pulldown_header_over.tif
[LOG 23:15:09.026] app_header_gray.tif
[LOG 23:15:09.026] app_missions_icon_active.tif
[LOG 23:15:09.026] app_missions_icon_complete.tif
[LOG 23:15:09.026] app_missions_icon_failed.tif
[LOG 23:15:09.026] app_missions_icon_inactive.tif
[LOG 23:15:09.026] spritesheet_missionsapp.tif
[LOG 23:15:09.026] spritesheet_missionsappwarning.tif
[LOG 23:15:09.026] missionbriefingdialog.prefab
[LOG 23:15:09.026] missionbriefingtag.prefab
[LOG 23:15:09.027] awardwidget.prefab
[LOG 23:15:09.027] missionenddialog.prefab
[LOG 23:15:09.027] missionitemwidget.prefab
[LOG 23:15:09.027] missionplaybutton.prefab
[LOG 23:15:09.027] missionplaydialog.prefab
[LOG 23:15:09.027] missionsteamitemwidget.prefab
[LOG 23:15:09.027] missionvalidationdialog.prefab
[LOG 23:15:09.027] validationentry.prefab
[LOG 23:15:09.027] comettoken.fbx
[LOG 23:15:09.027] comettoken.jpg
[LOG 23:15:09.027] placementegizmo_comet.mat
[LOG 23:15:09.027] placementegizmo_comet_tail.mat
[LOG 23:15:09.027] femalevintagepreview.prefab
[LOG 23:15:09.027] malevintagepreview.prefab
[LOG 23:15:09.027] checkpointentrywidget.prefab
[LOG 23:15:09.027] crewmanagementdialog.prefab
[LOG 23:15:09.027] listitem_vesseltitle.prefab
[LOG 23:15:09.027] missionbrowser.prefab
[LOG 23:15:09.027] missioncheckpointbrowser.prefab
[LOG 23:15:09.027] missioncrewlistitem.prefab
[LOG 23:15:09.027] missionentrywidget.prefab
[LOG 23:15:09.027] missiontemplateentrywidget.prefab
[LOG 23:15:09.027] partcategorizerbutton.prefab
[LOG 23:15:09.027] partselectorbrowser.prefab
[LOG 23:15:09.027] partselectorentry.prefab
[LOG 23:15:09.027] gaputil_vesselframe.prefab
[LOG 23:15:09.027] meguiconnector.prefab
[LOG 23:15:09.028] meguinode.prefab
[LOG 23:15:09.028] meguinodecategorybutton.prefab
[LOG 23:15:09.028] meguinodeicon.prefab
[LOG 23:15:09.028] meguinodeicongroup.prefab
[LOG 23:15:09.028] meguiscrollviewitem.prefab
[LOG 23:15:09.028] meiconloaderbasicnode.prefab
[LOG 23:15:09.028] meiconloadergap.prefab
[LOG 23:15:09.028] meiconloadernodecategorizer.prefab
[LOG 23:15:09.028] menodecanvas.prefab
[LOG 23:15:09.028] missioneditorscreen.prefab
[LOG 23:15:09.028] nodelisttooltip.prefab
[LOG 23:15:09.028] nodelisttooltipextinfolistspacer.prefab
[LOG 23:15:09.028] orbitgizmo.prefab
[LOG 23:15:09.028] biomeshighlight.shader
[LOG 23:15:09.028] projector-surfacegizmo.shader
[LOG 23:15:09.028] scaledplanetbiomeshighlight.shader
[LOG 23:15:09.028] sprites-alwaysover.shader
[LOG 23:15:09.029] ui-unlit-infinite.shader
[LOG 23:15:09.029] ui-unlit-solid.shader
[LOG 23:15:09.029] assetgraph_connectionpoint_inputmark.png
[LOG 23:15:09.029] assetgraph_inputbg.png
[LOG 23:15:09.029] boldly.png
[LOG 23:15:09.029] carpool.png
[LOG 23:15:09.029] frugal.png
[LOG 23:15:09.029] homesick.png
[LOG 23:15:09.029] keys.png
[LOG 23:15:09.029] saint.png
[LOG 23:15:09.029] sinner.png
[LOG 23:15:09.029] thespot.png
[LOG 23:15:09.029] timekeeper.png
[LOG 23:15:09.029] helmetbronze.png
[LOG 23:15:09.029] helmetgold.png
[LOG 23:15:09.029] helmetsilver.png
[LOG 23:15:09.029] action-part-resource-drain.png
[LOG 23:15:09.029] change-part-resource-levels.png
[LOG 23:15:09.029] create-asteroid.png
[LOG 23:15:09.030] create-kerbal.png
[LOG 23:15:09.030] create-vessel.png
[LOG 23:15:09.030] crew-assignment.png
[LOG 23:15:09.030] dialog-message.png
[LOG 23:15:09.030] display-message.png
[LOG 23:15:09.030] fail-part.png
[LOG 23:15:09.030] fly-through.png
[LOG 23:15:09.030] funds-recovery.png
[LOG 23:15:09.030] generic-node.png
[LOG 23:15:09.030] go-to.png
[LOG 23:15:09.030] kerbal-boarded.png
[LOG 23:15:09.030] kerbal-recovery.png
[LOG 23:15:09.030] kerbal-rescue.png
[LOG 23:15:09.030] launch-site.png
[LOG 23:15:09.030] leave-soi.png
[LOG 23:15:09.030] orbit.png
[LOG 23:15:09.030] part-explode.png
[LOG 23:15:09.030] plant-flag.png
[LOG 23:15:09.030] reach-soi.png
[LOG 23:15:09.031] repair-part.png
[LOG 23:15:09.031] resource-amount.png
[LOG 23:15:09.031] resource-recovery.png
[LOG 23:15:09.031] science-experiment.png
[LOG 23:15:09.031] score.png
[LOG 23:15:09.031] take-tourist.png
[LOG 23:15:09.031] test-altitude.png
[LOG 23:15:09.031] test-eva.png
[LOG 23:15:09.031] test-grapple.png
[LOG 23:15:09.031] time-of-flight.png
[LOG 23:15:09.031] time-of-mission.png
[LOG 23:15:09.031] time-since-node.png
[LOG 23:15:09.031] vessel-crashed.png
[LOG 23:15:09.031] vessel-crew-count.png
[LOG 23:15:09.031] vessel-explode.png
[LOG 23:15:09.031] vessel-flying.png
[LOG 23:15:09.031] vessel-landed.png
[LOG 23:15:09.031] vessel-mass.png
[LOG 23:15:09.031] vessel-splashed.png
[LOG 23:15:09.031] vessel-stage-activated.png
[LOG 23:15:09.031] vessel-stage.png
[LOG 23:15:09.031] arrange-graph.png
[LOG 23:15:09.032] builderbuttons_briefing.png
[LOG 23:15:09.032] builderbuttons_reset.png
[LOG 23:15:09.032] builderbuttons_trackingstation.png
[LOG 23:15:09.032] frame-graph.png
[LOG 23:15:09.032] lock.png
[LOG 23:15:09.032] maximize.png
[LOG 23:15:09.032] minimize.png
[LOG 23:15:09.032] pin.png
[LOG 23:15:09.032] pin_down.png
[LOG 23:15:09.032] redo.png
[LOG 23:15:09.032] reset.png
[LOG 23:15:09.032] tracking-station.png
[LOG 23:15:09.032] undo.png
[LOG 23:15:09.032] visible-in-gap.png
[LOG 23:15:09.032] location.png
[LOG 23:15:09.032] logic.png
[LOG 23:15:09.032] science.png
[LOG 23:15:09.032] utility.png
[LOG 23:15:09.032] vessel.png
[LOG 23:15:09.032] eye.png
[LOG 23:15:09.032] iconmb.png
[LOG 23:15:09.032] me_btn_generic_normal.tif
[LOG 23:15:09.032] me_button_generic_normal.tif
[LOG 23:15:09.032] nodecat_bg.png
[LOG 23:15:09.032] nodecat_divider.tif
[LOG 23:15:09.032] nodecat_divider_bottom.tif
[LOG 23:15:09.032] pholderwarningicon.png
[LOG 23:15:09.032] reseticon.png
[LOG 23:15:09.033] validityindicator.controller
[LOG 23:15:09.033] validtyinidicatorpulse.anim
[LOG 23:15:09.033] broadorbittoggle button.png
[LOG 23:15:09.033] maneuvertoggle button.png
[LOG 23:15:09.033] orbitalgizmoicons.png
[LOG 23:15:09.033] reset orbit button.png
[LOG 23:15:09.033] nodelabel.prefab
[LOG 23:15:09.033] kerbaleva_female_exp.prefab
[LOG 23:15:09.033] kerbaleva_rd_exp.prefab
[LOG 23:15:09.033] missioneditorevabody.mat
[LOG 23:15:09.033] missioneditorevabodyalternate.mat
[LOG 23:15:09.033] missioneditorevabodybrown.mat
[LOG 23:15:09.033] missioneditorevaeyeballs.mat
[LOG 23:15:09.033] missioneditorevaeyes.mat
[LOG 23:15:09.033] missioneditorevahead.mat
[LOG 23:15:09.033] missioneditorevahelmet.mat
[LOG 23:15:09.033] missioneditorevahelmetred.mat
[LOG 23:15:09.033] missioneditorevajetpack.mat
[LOG 23:15:09.033] missioneditorevalight.mat
[LOG 23:15:09.033] kbevafemalevintage.prefab
[LOG 23:15:09.033] kbevavintage.prefab
[LOG 23:15:09.033] evalight.fbx
[LOG 23:15:09.033] kbeva@new.fbx
[LOG 23:15:09.033] kbeva@newfem.fbx
[LOG 23:15:09.033] mevahelmetlight.fbx
[LOG 23:15:09.033] evajetpackscondary.dds
[LOG 23:15:09.033] evajetpacksecondary_n.dds
[LOG 23:15:09.033] evalight.png
[LOG 23:15:09.034] kerbalmainnrm.dds
[LOG 23:15:09.034] me_suit_difuse_blue.dds
[LOG 23:15:09.034] me_suit_difuse_low_polybrown.dds
[LOG 23:15:09.034] me_suit_difuse_orange.dds
[LOG 23:15:09.034] kerbalfemalevintage.prefab
[LOG 23:15:09.034] kerbalmalevintage.prefab
[LOG 23:15:09.034] evahelmet.mat
[LOG 23:15:09.034] evatexture.mat
[LOG 23:15:09.034] kerbalgirl_06_basecolor.mat
[LOG 23:15:09.034] kerbalhead.mat
[LOG 23:15:09.034] lambert6.mat
[LOG 23:15:09.034] mat_eyeballs.mat
[LOG 23:15:09.034] mat_eyes01.mat
[LOG 23:15:09.034] material #4.mat
[LOG 23:15:09.034] mesh_female_kerbalastronaut01_kerbalgirl_export_15_lambert20.mat
[LOG 23:15:09.034] mesh_female_kerbalastronaut01_kerbalgirl_export_15_lambert21.mat
[LOG 23:15:09.034] kbfemale_iva_mecanim.fbx
[LOG 23:15:09.034] kbiva_mecanim.fbx
[LOG 23:15:09.034] kerbalicon_eva_female_vintage.tif
[LOG 23:15:09.034] kerbalicon_eva_vintage.tif
[LOG 23:15:09.034] kerbalicon_suit_female_vintage.tif
[LOG 23:15:09.034] kerbalicon_suit_orange_female_vintage.tif
[LOG 23:15:09.034] kerbalicon_suit_orange_vintage.tif
[LOG 23:15:09.034] kerbalicon_suit_vintage.tif
[LOG 23:15:09.034] gap_celestialbody_camerasetup.prefab
[LOG 23:15:09.034] gap_celestialbody_collisionsphere.prefab
[LOG 23:15:09.034] gap_celestialbody_surfacegizmo_area.prefab
[LOG 23:15:09.034] gap_celestialbody_surfacegizmo_basic.prefab
[LOG 23:15:09.035] gap_celestialbody_surfacegizmo_icon.prefab
[LOG 23:15:09.035] gap_celestialbody_surfacegizmo_vessel.prefab
[LOG 23:15:09.035] gap_celestialbody_surfacegizmo_volume.prefab
[LOG 23:15:09.035] gap_proceduralasteroid.prefab
[LOG 23:15:09.035] gap_proceduralcomet.prefab
[LOG 23:15:09.035] gapbuttonprefab.prefab
[LOG 23:15:09.035] gapkerbal_femaleveteran.prefab
[LOG 23:15:09.035] gapkerbal_femaleveteran_vintage.prefab
[LOG 23:15:09.035] gapkerbal_male_slimsuit.prefab
[LOG 23:15:09.035] gapkerbal_maleveteran.prefab
[LOG 23:15:09.035] gapkerbal_maleveteran_vintage.prefab
[LOG 23:15:09.035] gapscrollablesidebarbutton.prefab
[LOG 23:15:09.035] gapsidebarbutton.prefab
[LOG 23:15:09.035] gaptoggleprefab.prefab
[LOG 23:15:09.035] gaputil_biselector.prefab
[LOG 23:15:09.035] gaputil_celestialbody.prefab
[LOG 23:15:09.035] vesseldisplay_camerasetup.prefab
[LOG 23:15:09.035] desert_airfield.prefab
[LOG 23:15:09.035] desert_groundobjects.prefab
[LOG 23:15:09.035] desert_launch_site.prefab
[LOG 23:15:09.035] larkes.prefab
[LOG 23:15:09.035] floor bottom.mat
[LOG 23:15:09.035] floor top.mat
[LOG 23:15:09.035] legs.mat
[LOG 23:15:09.035] ramp.mat
[LOG 23:15:09.035] stairs grid lights pivot.mat
[LOG 23:15:09.035] supports 1.mat
[LOG 23:15:09.035] supports 2.mat
[LOG 23:15:09.036] tunnels.mat
[LOG 23:15:09.036] floor bottom.dds
[LOG 23:15:09.036] floor top.dds
[LOG 23:15:09.036] floor top_normal.dds
[LOG 23:15:09.036] legs.dds
[LOG 23:15:09.036] ramp.dds
[LOG 23:15:09.036] stairs grid lights pivot.dds
[LOG 23:15:09.036] supports 1.dds
[LOG 23:15:09.036] supports 2.dds
[LOG 23:15:09.036] tunnels.dds
[LOG 23:15:09.036] diffuse.mat
[LOG 23:15:09.036] floor bottom_base_color.mat
[LOG 23:15:09.036] floor top_base_color.mat
[LOG 23:15:09.036] legs_base_color.mat
[LOG 23:15:09.036] ramp_base_color.mat
[LOG 23:15:09.036] stairs grid lights pivot_base_colormodpsd.mat
[LOG 23:15:09.036] stairs_grid_lights_pivot_base_color.mat
[LOG 23:15:09.036] supports 1_base_color.mat
[LOG 23:15:09.036] supports 2_base_color.mat
[LOG 23:15:09.036] tunnels_base_color.mat
[LOG 23:15:09.036] mobilelaunchpad_19.fbx
[LOG 23:15:09.036] pontoons.fbx
[LOG 23:15:09.036] pontoons_diffuse.dds
[LOG 23:15:09.036] ramp_normal.png
[LOG 23:15:09.036] 1001_base_color.mat
[LOG 23:15:09.036] desert groundtransition.mat
[LOG 23:15:09.036] desert groundtransition_highquality.mat
[LOG 23:15:09.036] desert groundtransition_lowquality.mat
[LOG 23:15:09.037] desert groundtransition_mediumquality.mat
[LOG 23:15:09.037] desert groundtransition_ultraquality.mat
[LOG 23:15:09.037] desert runway sand.mat
[LOG 23:15:09.037] desert runway stone.mat
[LOG 23:15:09.037] mobilelaunchpad.prefab
[LOG 23:15:09.037] woomerang_groundobjects.prefab
[LOG 23:15:09.037] woomerang_launch_site.prefab
[LOG 23:15:09.038] Scenes:
[LOG 23:15:09.038] kspMissionEditor.unity
[LOG 23:15:18.737] Assets:
[LOG 23:15:18.737] appanim_missionsapp.prefab
[LOG 23:15:18.737] cascading_body_missionheader.prefab
[LOG 23:15:18.737] cascading_body_missioninfo.prefab
[LOG 23:15:18.737] cascading_body_missionobjective.prefab
[LOG 23:15:18.737] cascading_body_missionsvesselheader.prefab
[LOG 23:15:18.737] cascading_body_missionsvesselitem.prefab
[LOG 23:15:18.737] cascading_body_settingsbutton.prefab
[LOG 23:15:18.737] cascading_body_settingstoggle.prefab
[LOG 23:15:18.737] missionsapp.prefab
[LOG 23:15:18.737] axislimitline.prefab
[LOG 23:15:18.737] controlleraction.prefab
[LOG 23:15:18.737] controlleraxis.prefab
[LOG 23:15:18.738] controllerwindow.prefab
[LOG 23:15:18.738] curvepanelpoint.prefab
[LOG 23:15:18.738] curvepanelpointaction.prefab
[LOG 23:15:18.738] axis_align_ends.png
[LOG 23:15:18.738] axis_clamp_values.png
[LOG 23:15:18.738] axis_copy.png
[LOG 23:15:18.738] axis_flip_horizontal.png
[LOG 23:15:18.738] axis_flip_vertical.png
[LOG 23:15:18.738] axis_move_down-trackrow.png
[LOG 23:15:18.738] axis_move_down.png
[LOG 23:15:18.738] axis_move_up-trackrow.png
[LOG 23:15:18.738] axis_move_up.png
[LOG 23:15:18.738] axis_paste.png
[LOG 23:15:18.738] axis_preset_flat.png
[LOG 23:15:18.738] axis_preset_sawtooth.png
[LOG 23:15:18.738] axis_preset_sine.png
[LOG 23:15:18.738] axis_preset_square.png
[LOG 23:15:18.738] axis_preset_triangle.png
[LOG 23:15:18.739] axis_select_all.png
[LOG 23:15:18.739] background_squared_inset.png
[LOG 23:15:18.739] close.png
[LOG 23:15:18.739] direction_forward.png
[LOG 23:15:18.739] direction_reverse.png
[LOG 23:15:18.739] edit.png
[LOG 23:15:18.739] fieldlimitline.png
[LOG 23:15:18.739] keyframe_add.png
[LOG 23:15:18.739] keyframe_clamp_value.png
[LOG 23:15:18.739] keyframe_delete.png
[LOG 23:15:18.739] keyframe_linear.png
[LOG 23:15:18.739] keyframe_smooth.png
[LOG 23:15:18.739] keyframe_step_backward.png
[LOG 23:15:18.739] keyframe_step_forward.png
[LOG 23:15:18.739] line.png
[LOG 23:15:18.739] line_dashed.png
[LOG 23:15:18.739] loop_pingpong.png
[LOG 23:15:18.739] loop_playonce.png
[LOG 23:15:18.739] loop_repeat.png
[LOG 23:15:18.739] node.png
[LOG 23:15:18.739] node_circle.png
[LOG 23:15:18.739] node_square.png
[LOG 23:15:18.740] pause.png
[LOG 23:15:18.740] play.png
[LOG 23:15:18.740] pointer.png
[LOG 23:15:18.740] remove-axis.png
[LOG 23:15:18.740] remove_key.png
[LOG 23:15:18.740] resize_icon.png
[LOG 23:15:18.740] sequence_resize_button_states.png
[LOG 23:15:18.740] sequence_resize_maintain.png
[LOG 23:15:18.740] sequence_resize_scale.png
[LOG 23:15:18.740] sequence_speed.png
[LOG 23:15:18.740] tracking_editor_button_states.png
[LOG 23:15:18.740] femalefuturepreview.prefab
[LOG 23:15:18.740] malefuturepreview.prefab
[LOG 23:15:18.740] kbfemale@controlpanel_a.fbx
[LOG 23:15:18.740] kbfemale@controlpanel_b.fbx
[LOG 23:15:18.740] kbfemale@controlpanel_c.fbx
[LOG 23:15:18.740] kbfemale@rocksample.fbx
[LOG 23:15:18.740] hammerfemale.fbx
[LOG 23:15:18.740] hammermale.fbx
[LOG 23:15:18.740] kbeva@controlpanel_a.fbx
[LOG 23:15:18.740] kbeva@controlpanel_b.fbx
[LOG 23:15:18.740] kbeva@controlpanel_c.fbx
[LOG 23:15:18.741] kbeva@rocksample.fbx
[LOG 23:15:18.741] kerbaleva_female_future.prefab
[LOG 23:15:18.741] kerbaleva_rd_future.prefab
[LOG 23:15:18.741] futureevabody.mat
[LOG 23:15:18.741] futureevabodyalternate.mat
[LOG 23:15:18.741] futureevajetpack.mat
[LOG 23:15:18.741] futureevalight.mat
[LOG 23:15:18.741] futurehelmet.mat
[LOG 23:15:18.741] kbevafemalefuture.prefab
[LOG 23:15:18.741] kbevafuture.prefab
[LOG 23:15:18.741] kbeva@new.fbx
[LOG 23:15:18.741] kbeva@newfem.fbx
[LOG 23:15:18.741] mevahelmetlight.fbx
[LOG 23:15:18.741] serenityfemaleeva.fbx
[LOG 23:15:18.741] serenityflares.fbx
[LOG 23:15:18.741] serenitymaleeva.fbx
[LOG 23:15:18.741] evajetpacknrm.dds
[LOG 23:15:18.741] futuresuit_diffuse_orange.dds
[LOG 23:15:18.741] futuresuit_diffuse_whiteblue.dds
[LOG 23:15:18.741] futuresuit_diffuse_whiteorange.dds
[LOG 23:15:18.742] futuresuit_emissive.dds
[LOG 23:15:18.742] futuresuit_evalight.png
[LOG 23:15:18.742] futuresuitmainnrm.dds
[LOG 23:15:18.742] ksp_ig_jetpack_diffuse.jpg
[LOG 23:15:18.742] kerbalfemalefuture.prefab
[LOG 23:15:18.742] kerbalmalefuture.prefab
[LOG 23:15:18.742] futuresuit_diffuse.mat
[LOG 23:15:18.742] serenityfemaleiva.fbx
[LOG 23:15:18.742] serenitymaleiva.fbx
[LOG 23:15:18.742] kerbalicon_eva_female_future.tif
[LOG 23:15:18.742] kerbalicon_eva_future.tif
[LOG 23:15:18.742] kerbalicon_suit_female_future.tif
[LOG 23:15:18.742] kerbalicon_suit_future.tif
[LOG 23:15:18.742] kerbalicon_suit_orange_female_future.tif
[LOG 23:15:18.742] kerbalicon_suit_orange_future.tif
[LOG 23:15:18.742] bottom_emissor.mat
[LOG 23:15:18.742] burst_emissor.mat
[LOG 23:15:18.742] burstprojectiles_emissor.mat
[LOG 23:15:18.742] constantburst_emissor.mat
[LOG 23:15:18.742] snowflakes_emissor.mat
[LOG 23:15:18.742] vapor_emissor.mat
[LOG 23:15:18.742] base_0.mat
[LOG 23:15:18.742] base_1.mat
[LOG 23:15:18.742] base_2.mat
[LOG 23:15:18.742] base_3_1.mat
[LOG 23:15:18.742] base_3_2.mat
[LOG 23:15:18.742] vapor.mat
[LOG 23:15:18.742] burst.png
[LOG 23:15:18.743] cloud2.png
[LOG 23:15:18.743] v1.png
[LOG 23:15:18.743] v2.png
[LOG 23:15:18.743] v3.png
[LOG 23:15:18.743] v5.png
[LOG 23:15:18.743] gapkerbal_female_future.prefab
[LOG 23:15:18.743] gapkerbal_male_future.prefab
[LOG 23:15:18.743] hammerfemale.prefab
[LOG 23:15:18.743] hammermale.prefab
[LOG 23:15:18.743] bopgravelpile.prefab
[LOG 23:15:18.743] bopgravelpile.fbx
[LOG 23:15:18.743] bop_gravel pile_d.mat
[LOG 23:15:18.743] lambert1.mat
[LOG 23:15:18.743] bop_gravel pile_d.png
[LOG 23:15:18.743] bop_gravel pile_d.tga
[LOG 23:15:18.743] bop_gravel pile_n.png
[LOG 23:15:18.743] bop_gravel pile_s.png
[LOG 23:15:18.743] drescrater.prefab
[LOG 23:15:18.743] dresmeteorite.prefab
[LOG 23:15:18.743] drescrater.fbx
[LOG 23:15:18.743] dresmeteorite.fbx
[LOG 23:15:18.743] dres_crater_d.mat
[LOG 23:15:18.743] dres_meteorite_d.mat
[LOG 23:15:18.743] lambert1.mat
[LOG 23:15:18.743] dres_crater_d.tga
[LOG 23:15:18.743] dres_crater_n.png
[LOG 23:15:18.743] dres_meteorite_d.tga
[LOG 23:15:18.743] dres_meteorite_n.png
[LOG 23:15:18.744] dunablueberries.prefab
[LOG 23:15:18.744] dunadune.prefab
[LOG 23:15:18.744] dunameteorite.prefab
[LOG 23:15:18.744] dunastone.prefab
[LOG 23:15:18.744] dunaasteroid.fbx
[LOG 23:15:18.744] dunablueberries.fbx
[LOG 23:15:18.744] dunadune.fbx
[LOG 23:15:18.744] dunastone.fbx
[LOG 23:15:18.744] duna_asteroid_d.mat
[LOG 23:15:18.744] duna_dune_d.mat
[LOG 23:15:18.744] duna_stone_d.mat
[LOG 23:15:18.744] dune_blueberries_d.mat
[LOG 23:15:18.744] lambert1.mat
[LOG 23:15:18.744] duna_asteroid_d.tga
[LOG 23:15:18.744] duna_asteroid_n.png
[LOG 23:15:18.744] duna_dune_d.tga
[LOG 23:15:18.744] duna_dune_n.tga
[LOG 23:15:18.744] duna_stone_d.tga
[LOG 23:15:18.744] duna_stone_n.png
[LOG 23:15:18.744] dune_blueberries_d.tga
[LOG 23:15:18.744] dune_blueberries_n.png
[LOG 23:15:18.744] eelooberg.prefab
[LOG 23:15:18.744] eeloobrownboulder.prefab
[LOG 23:15:18.744] eelooicechunk.prefab
[LOG 23:15:18.744] eelooberg.fbx
[LOG 23:15:18.744] eelooboulder.fbx
[LOG 23:15:18.744] eelooicechunk.fbx
[LOG 23:15:18.744] eeloo_alien_glacier_d.mat
[LOG 23:15:18.745] eeloo_brown_ boulder_d.mat
[LOG 23:15:18.745] eeloo_ice chunk_d.mat
[LOG 23:15:18.745] lambert1.mat
[LOG 23:15:18.745] eeloo_alien_glacier_d.tga
[LOG 23:15:18.745] eeloo_alien_glacier_e.tga
[LOG 23:15:18.745] eeloo_alien_glacier_n.png
[LOG 23:15:18.745] eeloo_brown_ boulder_d.tga
[LOG 23:15:18.745] eeloo_brown_ boulder_n.png
[LOG 23:15:18.745] eeloo_ice chunk_d.tga
[LOG 23:15:18.745] eeloo_ice chunk_e.tga
[LOG 23:15:18.745] eeloo_ice chunk_n.png
[LOG 23:15:18.745] eeloo_ice chunk_s.tga
[LOG 23:15:18.745] evebasaltformation.prefab
[LOG 23:15:18.745] evepancakedome.prefab
[LOG 23:15:18.745] evevolcanicrock.prefab
[LOG 23:15:18.745] evebasaltformation.fbx
[LOG 23:15:18.745] evepancakeformation.fbx
[LOG 23:15:18.745] evevolcanicrock.fbx
[LOG 23:15:18.745] eve basalt formation_d.mat
[LOG 23:15:18.745] eve pancake formation_d.mat
[LOG 23:15:18.745] eve volcanic rock_d.mat
[LOG 23:15:18.745] lambert1.mat
[LOG 23:15:18.745] eve basalt formation_d.tga
[LOG 23:15:18.745] eve basalt formation_n.tga
[LOG 23:15:18.745] eve pancake formation_d.tga
[LOG 23:15:18.746] eve pancake formation_e.png
[LOG 23:15:18.746] eve pancake formation_n.png
[LOG 23:15:18.746] eve volcanic rock_d.tga
[LOG 23:15:18.746] eve volcanic rock_n.png
[LOG 23:15:18.746] gillyridgeline.fbx
[LOG 23:15:18.746] gilly ridegeline_d.mat
[LOG 23:15:18.746] lambert1.mat
[LOG 23:15:18.746] gillyridgeline.prefab
[LOG 23:15:18.746] gilly ridegeline_d.tga
[LOG 23:15:18.746] gilly ridegeline_n.png
[LOG 23:15:18.746] dunaejecta.prefab
[LOG 23:15:18.746] ikedunaejecta.fbx
[LOG 23:15:18.746] ike_duna_ejecta_mat.mat
[LOG 23:15:18.746] ike duna ejecta_d.tga
[LOG 23:15:18.746] ike duna ejecta_n.png
[LOG 23:15:18.746] kerbinbaobabtree.fbx
[LOG 23:15:18.746] kerbinquartz.fbx
[LOG 23:15:18.746] baobaptree.mat
[LOG 23:15:18.746] kerbin_baobab_tree_d.mat
[LOG 23:15:18.746] kerbin_boabob_tree_d.mat
[LOG 23:15:18.746] kerbin_giant_quartz_d.mat
[LOG 23:15:18.746] lambert1.mat
[LOG 23:15:18.746] lambert2.mat
[LOG 23:15:18.746] kerbinbaobabtree.prefab
[LOG 23:15:18.746] kerbinquartz.prefab
[LOG 23:15:18.746] kerbin_baobab_tree_alpha.png
[LOG 23:15:18.746] kerbin_baobab_tree_d.tga
[LOG 23:15:18.746] kerbin_baobab_tree_n.png
[LOG 23:15:18.747] kerbin_giant_quartz_d.tga
[LOG 23:15:18.747] kerbin_giant_quartz_e.tga
[LOG 23:15:18.747] kerbin_giant_quartz_n.tga
[LOG 23:15:18.747] kerbin_giant_quartz_s.tga
[LOG 23:15:18.747] laytheboulder.fbx
[LOG 23:15:18.747] laythegeyser.fbx
[LOG 23:15:18.747] laythestone.fbx
[LOG 23:15:18.747] lambert1.mat
[LOG 23:15:18.747] laythe_boulder_d.mat
[LOG 23:15:18.747] laythe_geyser_d.mat
[LOG 23:15:18.747] laythe_stone_d.mat
[LOG 23:15:18.747] laytheboulder.prefab
[LOG 23:15:18.747] laythegeyser.prefab
[LOG 23:15:18.747] laythestone.prefab
[LOG 23:15:18.747] laythe_boulder_d.tga
[LOG 23:15:18.747] laythe_boulder_n.png
[LOG 23:15:18.747] laythe_geyser_d.tga
[LOG 23:15:18.747] laythe_geyser_n.png
[LOG 23:15:18.747] laythe_stone_d.tga
[LOG 23:15:18.747] laythe_stone_n.png
[LOG 23:15:18.747] greensandstone.fbx
[LOG 23:15:18.747] lambert1.mat
[LOG 23:15:18.747] minmus_green_sandstone_d.mat
[LOG 23:15:18.747] minmus_olivine_formation_d.mat
[LOG 23:15:18.747] minmusolivineformation.fbx
[LOG 23:15:18.747] minmus_greensandstone.prefab
[LOG 23:15:18.747] minmus_olivineformation.prefab
[LOG 23:15:18.747] minmus_green_sandstone_d.tga
[LOG 23:15:18.748] minmus_green_sandstone_n.png
[LOG 23:15:18.748] minmus_olivine_formation_d.tga
[LOG 23:15:18.748] minmus_olivine_formation_n.png
[LOG 23:15:18.748] lambert1.mat
[LOG 23:15:18.748] moho wrinkleridge_d.mat
[LOG 23:15:18.748] moho_stone_d.mat
[LOG 23:15:18.748] mohostone.fbx
[LOG 23:15:18.748] mohowrinkleridge.fbx
[LOG 23:15:18.748] mohostone.prefab
[LOG 23:15:18.748] mohowrinkleridge.prefab
[LOG 23:15:18.748] moho wrinkleridge_d.tga
[LOG 23:15:18.748] moho wrinkleridge_e.png
[LOG 23:15:18.748] moho wrinkleridge_n.png
[LOG 23:15:18.748] moho_stone_d.tga
[LOG 23:15:18.748] moho_stone_n.png
[LOG 23:15:18.748] lambert1.mat
[LOG 23:15:18.748] mun_crater_d.mat
[LOG 23:15:18.748] mun_large_crater_d.mat
[LOG 23:15:18.748] mun_stone_d.mat
[LOG 23:15:18.748] muncrater.fbx
[LOG 23:15:18.748] munlargecrater.fbx
[LOG 23:15:18.748] munstone.fbx
[LOG 23:15:18.748] muncrater.prefab
[LOG 23:15:18.748] munlargecrater.prefab
[LOG 23:15:18.748] munstone.prefab
[LOG 23:15:18.748] mun_crater_d.tga
[LOG 23:15:18.748] mun_crater_n.png
[LOG 23:15:18.748] mun_large_crater_d.tga
[LOG 23:15:18.749] mun_large_crater_n.png
[LOG 23:15:18.749] mun_stone_d.tga
[LOG 23:15:18.749] mun_stone_n.png
[LOG 23:15:18.749] lambert1.mat
[LOG 23:15:18.749] pol_yellowstone_d.mat
[LOG 23:15:18.749] polyellowstone.fbx
[LOG 23:15:18.749] pol_yellowstones.prefab
[LOG 23:15:18.749] pol_yellowstone_d.png
[LOG 23:15:18.749] pol_yellowstone_n.png
[LOG 23:15:18.749] lambert1.mat
[LOG 23:15:18.749] tylo_checkerboard_d.mat
[LOG 23:15:18.749] tylo_dark boulder_d.mat
[LOG 23:15:18.749] tylo_light_d.mat
[LOG 23:15:18.749] tyloboulder.fbx
[LOG 23:15:18.749] tylocheckerboard.fbx
[LOG 23:15:18.749] tylolightstone.fbx
[LOG 23:15:18.749] tylo_ checkerboard_n.png
[LOG 23:15:18.749] tylo_checkerboard_d.png
[LOG 23:15:18.749] tylo_dark boulder_d.tga
[LOG 23:15:18.749] tylo_dark boulder_n.png
[LOG 23:15:18.749] tylo_light_d.tga
[LOG 23:15:18.749] tylo_light_n.png
[LOG 23:15:18.749] tylocheckerboard.prefab
[LOG 23:15:18.749] tylodarkboulder.prefab
[LOG 23:15:18.749] tylolightstone.prefab
[LOG 23:15:18.749] cryovolcano_d.mat
[LOG 23:15:18.749] lambert1.mat
[LOG 23:15:18.749] vallicechunk_d.mat
[LOG 23:15:18.750] vallstone_d.mat
[LOG 23:15:18.750] vall_cryovolcano.fbx
[LOG 23:15:18.750] vall_icechunk.fbx
[LOG 23:15:18.750] vall_stone.fbx
[LOG 23:15:18.750] cryovolcano_d.tga
[LOG 23:15:18.750] cryovolcano_e.png
[LOG 23:15:18.750] cryovolcano_n.jpg
[LOG 23:15:18.750] cryovolcano_s.jpg
[LOG 23:15:18.750] vallicechunk_d.jpg
[LOG 23:15:18.750] vallicechunk_e.jpg
[LOG 23:15:18.750] vallicechunk_n.jpg
[LOG 23:15:18.750] vallicechunk_s.jpg
[LOG 23:15:18.750] vallstone_d.jpg
[LOG 23:15:18.750] vallstone_e.jpg
[LOG 23:15:18.750] vallstone_n.jpg
[LOG 23:15:18.750] vallstone_s.jpg
[LOG 23:15:18.750] vallcryovolcano.prefab
[LOG 23:15:18.750] vallicechunk.prefab
[LOG 23:15:18.750] vallstone.prefab
[LOG 23:15:18.750] vfx_spark.mat
[LOG 23:15:18.750] vfx_welding_flare.mat
[LOG 23:15:18.750] cometdustmaterial.mat
[LOG 23:15:18.750] cometgeysermat.mat
[LOG 23:15:18.758] GetTypesOfModulesImplementingInterface2: Found 69 types with IPartModuleAdjuster interface in 8 assemblies.
[LOG 23:15:18.767] GetSubclassesOfParentClass: Found 0 types with ModuleActiveRadiator parent in 8 assemblies.
[LOG 23:15:18.777] GetSubclassesOfParentClass: Found 0 types with ModuleAlternator parent in 8 assemblies.
[LOG 23:15:18.784] GetSubclassesOfParentClass: Found 1 types with ModuleControlSurface parent in 8 assemblies.
[LOG 23:15:18.792] GetSubclassesOfParentClass: Found 0 types with ModuleDataTransmitter parent in 8 assemblies.
[LOG 23:15:18.799] GetSubclassesOfParentClass: Found 0 types with ModuleDeployableSolarPanel parent in 8 assemblies.
[LOG 23:15:18.807] GetSubclassesOfParentClass: Found 1 types with ModuleEngines parent in 8 assemblies.
[LOG 23:15:18.816] GetSubclassesOfParentClass: Found 0 types with ModuleGenerator parent in 8 assemblies.
[LOG 23:15:18.824] GetSubclassesOfParentClass: Found 0 types with ModuleGimbal parent in 8 assemblies.
[LOG 23:15:18.831] GetSubclassesOfParentClass: Found 2 types with ModuleLiftingSurface parent in 8 assemblies.
[LOG 23:15:18.837] GetSubclassesOfParentClass: Found 0 types with ModuleLight parent in 8 assemblies.
[LOG 23:15:18.845] GetSubclassesOfParentClass: Found 0 types with ModuleReactionWheel parent in 8 assemblies.
[LOG 23:15:18.853] GetSubclassesOfParentClass: Found 0 types with ModuleSAS parent in 8 assemblies.
[LOG 23:15:18.863] GetSubclassesOfParentClass: Found 0 types with ModuleWheelBrakes parent in 8 assemblies.
[LOG 23:15:18.870] GetSubclassesOfParentClass: Found 1 types with ModuleWheelMotor parent in 8 assemblies.
[LOG 23:15:18.870] GetSubclassesOfParentClass: Using cached results for ModuleActiveRadiator
[LOG 23:15:18.877] GetSubclassesOfParentClass: Found 0 types with ModuleAnchoredDecoupler parent in 8 assemblies.
[LOG 23:15:18.885] GetSubclassesOfParentClass: Found 0 types with ModuleCargoBay parent in 8 assemblies.
[LOG 23:15:18.885] GetSubclassesOfParentClass: Using cached results for ModuleControlSurface
[LOG 23:15:18.885] GetSubclassesOfParentClass: Using cached results for ModuleDataTransmitter
[LOG 23:15:18.893] GetSubclassesOfParentClass: Found 0 types with ModuleDecouple parent in 8 assemblies.
[LOG 23:15:18.901] GetSubclassesOfParentClass: Found 4 types with ModuleDeployablePart parent in 8 assemblies.
[LOG 23:15:18.908] GetSubclassesOfParentClass: Found 0 types with ModuleDockingNode parent in 8 assemblies.
[LOG 23:15:18.908] GetSubclassesOfParentClass: Using cached results for ModuleEngines
[LOG 23:15:18.916] GetSubclassesOfParentClass: Found 0 types with CModuleFuelLine parent in 8 assemblies.
[LOG 23:15:18.924] GetSubclassesOfParentClass: Found 0 types with ModuleGPS parent in 8 assemblies.
[LOG 23:15:18.932] GetSubclassesOfParentClass: Found 0 types with ModuleGrappleNode parent in 8 assemblies.
[LOG 23:15:18.932] GetSubclassesOfParentClass: Using cached results for ModuleGrappleNode
[LOG 23:15:18.940] GetSubclassesOfParentClass: Found 0 types with ModuleKerbNetAccess parent in 8 assemblies.
[LOG 23:15:18.941] GetSubclassesOfParentClass: Using cached results for ModuleLight
[LOG 23:15:18.941] GetSubclassesOfParentClass: Using cached results for ModuleLight
[LOG 23:15:18.948] GetSubclassesOfParentClass: Found 0 types with ModuleProbeControlPoint parent in 8 assemblies.
[LOG 23:15:18.956] GetSubclassesOfParentClass: Found 1 types with ModuleRCS parent in 8 assemblies.
[LOG 23:15:18.956] GetSubclassesOfParentClass: Using cached results for ModuleRCS
[LOG 23:15:18.956] GetSubclassesOfParentClass: Using cached results for ModuleReactionWheel
[LOG 23:15:18.957] GetSubclassesOfParentClass: Using cached results for ModuleReactionWheel
[LOG 23:15:18.964] GetSubclassesOfParentClass: Found 0 types with ModuleResourceIntake parent in 8 assemblies.
[LOG 23:15:18.973] GetSubclassesOfParentClass: Found 0 types with ModuleScienceExperiment parent in 8 assemblies.
[LOG 23:15:18.985] GetSubclassesOfParentClass: Found 0 types with ModuleToggleCrossfeed parent in 8 assemblies.
[LOG 23:15:18.993] GetSubclassesOfParentClass: Found 0 types with ModuleWheelDeployment parent in 8 assemblies.
[LOG 23:15:19.014] ExpansionsLoader: Expansions loaded in 15.176s
[LOG 23:15:19.014] Loading Systems: Elapsed time is 32.67466s
[LOG 23:15:22.630] [AddonLoader]: Instantiating addon 'KSPCFFastLoaderPSystemSetup' from assembly 'KSPCommunityFixes'
[LOG 23:15:23.025] [Agent]: Found 19 agent mentality types
[LOG 23:15:23.027] [AgentList]: 31 agents parsed and loaded.
[LOG 23:15:23.067] [UIMasterController]: HideUI
[LOG 23:15:23.163] [CelestialBody]: Kerbin's solar day length is 1d, 0h, 0m long. sidereal day length is 5h, 59m, 9s long
[LOG 23:15:29.227] [UIMasterController]: HideUI
[LOG 23:15:29.235] [HighLogic]: =========================== Scene Change : From LOADING to MAINMENU =====================
[LOG 23:15:29.875] [AddonLoader]: Instantiating addon 'ContractDefs' from assembly 'KSP'
[LOG 23:15:29.908] [AddonLoader]: Instantiating addon 'KSPCFFastLoaderReport' from assembly 'KSPCommunityFixes'
[LOG 23:15:29.937] [UIMasterController]: ShowUI
[LOG 23:15:30.217] [GameParameters]: Loaded custom parameter class CommNetParams.
[LOG 23:15:30.218] [GameParameters]: Loaded custom parameter class MissionParamsGeneral.
[LOG 23:15:30.218] [GameParameters]: Loaded custom parameter class MissionParamsFacilities.
[LOG 23:15:30.218] [GameParameters]: Loaded custom parameter class MissionParamsExtras.
[LOG 23:15:30.219] [GameParameters]: Loaded custom parameter class AdvancedParams.
[LOG 23:15:30.243] [ReflectionUtil]: Found 40 types with UpgradeModule attribute in 8 assemblies.
[LOG 23:15:30.262] [KSPCF:FastLoader] Intel(R) Core(TM) i7-4790K CPU @ 4.00GHz | 32687 MB | NVIDIA GeForce GTX 1060 6GB (6029 MB)
Total loading time to main menu : 47.738s
- Configs and assemblies loaded in 5.973s
- Configs reload done in 1.560s
- Configs translated in 0.017s
- 2338 assets loaded in 4.494s :
  - 86 audio assets (79.689 MiB) in 0.792s, 100.58 MiB/s
  - 1625 texture assets (1.293 GiB) in 3.036s, 436.252 MiB/s
  - 626 model assets (64.41 MiB) in 0.663s, 97.187 MiB/s
- Asset bundles loaded in 0.593s
- GameDatabase (configs, resources, traits, upgrades...) loaded in 0.081s
- Built-in parts copied in 0.030s
- Part and internal configs extracted in 0.002s
- 483 parts and 1927 modules compiled in 4.636s
  - 4.0 modules/part, 9.598 ms/part, 2.406 ms/module
  - PartIcon compilation : 1.412s
- 27 internal spaces and 56 props compiled in 0.293s
- 2 DLC (Making History, Breaking Ground) loaded in 15.251s
- Planetary system loaded in 8.149s
[LOG 23:15:30.263] Texture queries : 1709, slow path : 1 (0.06 %)
[LOG 23:15:30.266] [ModuleManager] Total loading Time = 42.058s
[LOG 23:15:30.312] [ScenarioTypes]: List Created 23 scenario types loaded from 8 loaded assemblies.
[LOG 23:15:30.326] [ApplicationLauncher] Awake False
[LOG 23:15:30.327] [ApplicationLauncher] SpawnSimpleLayout: VerticalTopDown
[LOG 23:15:30.343] [UiApp] Awake: 
[LOG 23:15:30.344] [ApplicationLauncher] OnSceneLoadedGUIReady: scene MAINMENU ShouldBeVisible() True ShouldBeOnTop() True iIsPositionedAtTop True
[LOG 23:15:30.366] [UIApp] Adding  to Application Launcher
[LOG 23:15:30.369] [ApplicationLauncher] SetHidden: 
[LOG 23:15:30.375] [MessageSystem] OnAppInitialized
[LOG 23:15:30.376] [MessageSystem] Reposition 0.0402792 36788
[LOG 23:15:33.194] [ExperienceSystem]: Found 0 trait types
[LOG 23:15:33.201] [ExperienceSystem]: Found 20 effect types
[LOG 23:15:33.235] [ScenarioTypes]: List Created 23 scenario types loaded from 8 loaded assemblies.
[LOG 23:15:33.249] [MessageSystem] Load Messages
[LOG 23:15:33.252] [UIMasterController]: HideUI
[LOG 23:15:33.253] [HighLogic]: =========================== Scene Change : From MAINMENU to SPACECENTER =====================
[LOG 23:15:33.613] [AddonLoader]: Instantiating addon 'CustomConfigsManager' from assembly 'ModuleManager'
[LOG 23:15:36.865] [UIMasterController]: ShowUI
[LOG 23:15:37.187] [SceneLoadSpeedBoost] Save loaded from disk in 1ms
[LOG 23:15:37.200] GetSubclassesOfParentClass: Found 7 types with AlarmTypeBase parent in 8 assemblies.
[LOG 23:15:37.211] Loading Depletion Nodes
[LOG 23:15:37.211] DepNodeCount:  0
[LOG 23:15:37.211] Loading Biome Nodes
[LOG 23:15:37.212] BiomeNodeCount:  0
[LOG 23:15:37.212] Loading Planet Nodes
[LOG 23:15:37.212] PlanetNodeCount:  0
[LOG 23:15:37.229] [ScenarioDestructibles]: Loading... 0 objects registered
[LOG 23:15:37.361] [UiApp] Awake: KSPedia
[LOG 23:15:37.361] [UiApp] Awake: Missions App
[LOG 23:15:37.361] [UiApp] Awake: AlarmClock
[LOG 23:15:37.363] [GenericAppFrame] Reposition 0 37686
[LOG 23:15:37.364] [ApplicationLauncher] OnSceneLoadedGUIReady: scene SPACECENTER ShouldBeVisible() True ShouldBeOnTop() False iIsPositionedAtTop True
[LOG 23:15:37.364] [ApplicationLauncher] SpawnSimpleLayout: HorizontalRightLeft
[LOG 23:15:37.369] [ApplicationLauncher] SetVisible: 
[LOG 23:15:37.419] [UIApp] OnDestroy: Contracts
[LOG 23:15:37.427] [MessageSystem] Reposition 0.02 37687
[LOG 23:15:37.428] [GenericAppFrame] Reposition 0.02 37687
[LOG 23:15:37.428] [GenericAppFrame] Reposition 0.02 37687
[LOG 23:15:37.565] [Crew Assignment]: Part Capsule de commande Mk1 holds 1 crew, but only 0 are available. Auto-hiring is disabled or not allowed at this point.
[LOG 23:15:37.565] Launching vessel from Desert_Launch_Site. Craft file: D:\ksp-dev\saves\claude\Ships\VAB\Capsule.craft
[LOG 23:15:37.566] Flight State Captured
[LOG 23:15:37.570] Saving Achievements Tree...
[LOG 23:15:37.571] Saving Achievements Tree...
[LOG 23:15:37.571] Saving Achievements Tree...
[LOG 23:15:37.571] Saving Achievements Tree...
[LOG 23:15:37.572] Saving Achievements Tree...
[LOG 23:15:37.572] Saving Achievements Tree...
[LOG 23:15:37.572] Saving Achievements Tree...
[LOG 23:15:37.572] Saving Achievements Tree...
[LOG 23:15:37.572] Saving Achievements Tree...
[LOG 23:15:37.572] Saving Achievements Tree...
[LOG 23:15:37.572] Saving Achievements Tree...
[LOG 23:15:37.572] Saving Achievements Tree...
[LOG 23:15:37.572] Saving Achievements Tree...
[LOG 23:15:37.577] [MessageSystem] Save Messages
[LOG 23:15:37.597] Game State Saved to saves/claude/persistent
[LOG 23:15:37.611] [UIMasterController]: HideUI
[LOG 23:15:37.619] [HighLogic]: =========================== Scene Change : From SPACECENTER to FLIGHT =====================
[LOG 23:15:37.950] [UIApp] OnDestroy: KSPedia
[LOG 23:15:37.950] [UIApp] OnDestroy: Missions App
[LOG 23:15:37.952] [UIApp] OnDestroy: AlarmClock
[LOG 23:15:37.958] [KSPCF:MemoryLeaks] Removed a onPlanetariumTargetChange callback owned by a destroyed Assembly-CSharp:CommNetVessel instance
[LOG 23:15:37.968] [KSPCF:MemoryLeaks] Leaving scene "SpaceCenter", cleaned 3 memory leaks in 0.014s. GameEvents callbacks : 467. Allocated memory : 669.742 MiB (managed heap), 2.188 GiB (unmanaged)
[LOG 23:15:37.984] UICanvasPrefabSpawner FlightUI spawning Flight
[LOG 23:15:38.027] UICanvasPrefabSpawner FlightUI spawning VesselLabels
[LOG 23:15:38.027] [UiApp] Awake: ResourceDisplay
[LOG 23:15:38.127] [AddonLoader]: Instantiating addon 'AeroGUI' from assembly 'KSP'
[LOG 23:15:38.142] [AddonLoader]: Instantiating addon 'KSPDiagTerrainHeight' from assembly 'KSPDiagTerrainHeight'
[LOG 23:15:38.145] [PlanetariumCamera]: Focus: Kerbin
[LOG 23:15:38.146] [UIMasterController]: HideUI
[LOG 23:15:38.466] [UIMasterController]: HideUI
[LOG 23:15:38.466] ------------------- initializing flight mode... ------------------
[LOG 23:15:38.466] [SceneLoadSpeedBoost] Save loaded from cache in 0ms
[LOG 23:15:38.470] [MessageSystem] Save Messages
[LOG 23:15:38.471] Vessel Capsule recovered
[LOG 23:15:38.473] GetSubclassesOfParentClass: Using cached results for AlarmTypeBase
[LOG 23:15:38.474] Loading Depletion Nodes
[LOG 23:15:38.474] DepNodeCount:  0
[LOG 23:15:38.474] Loading Biome Nodes
[LOG 23:15:38.474] BiomeNodeCount:  0
[LOG 23:15:38.474] Loading Planet Nodes
[LOG 23:15:38.474] PlanetNodeCount:  0
[LOG 23:15:38.477] [ScenarioDestructibles]: Loading... 0 objects registered
[LOG 23:15:38.518] Loading ship from file: D:\ksp-dev\saves\claude\Ships\VAB\Capsule.craft
[LOG 23:15:38.520] [UIMasterController]: HideUI
[LOG 23:15:38.535] Capsule loaded!
[LOG 23:15:42.111] [PositionMobileLaunchPad] Moving City Desert_Launch_Site Up 0.02490234 so legs are above ground.
[LOG 23:15:42.113] [PositionMobileLaunchPad]: Desert_Launch_Site leg1 InitialHeight:0.8715403 ScaleFactor:1.72034 DistanceMoved:1.073941
[LOG 23:15:42.113] [PositionMobileLaunchPad]: Desert_Launch_Site leg2 InitialHeight:0.8506661 ScaleFactor:1.790717 DistanceMoved:1.095234
[LOG 23:15:42.113] [PositionMobileLaunchPad]: Desert_Launch_Site leg3 InitialHeight:0.8165838 ScaleFactor:1.855453 DistanceMoved:1.057301
[LOG 23:15:42.113] [PositionMobileLaunchPad]: Desert_Launch_Site leg4 InitialHeight:0.8504149 ScaleFactor:1.74446 DistanceMoved:1.031519
[LOG 23:15:42.233] putting ship to ground: 9.41468
[LOG 23:15:42.240] [Capsule]: Ready to Launch - waiting to start physics...
[LOG 23:15:42.256] [FLIGHT GLOBALS]: Switching To Vessel Capsule ---------------------- 
[LOG 23:15:42.258] setting new dominant body: Kerbin
FlightGlobals.mainBody: Kerbin
[LOG 23:15:42.260] Reference Frame: Rotating
[LOG 23:15:42.282] Vessel assembly complete!
[LOG 23:15:46.935] all systems started
[LOG 23:15:47.348] [UiApp] Awake: CurrencyWidgetsApp
[LOG 23:15:47.348] [UiApp] Awake: ResourceDisplay
[LOG 23:15:47.348] [UiApp] Awake: KSPedia
[LOG 23:15:47.348] [UiApp] Awake: Missions App
[LOG 23:15:47.348] [UiApp] Awake: DeltaVApp
[LOG 23:15:47.348] [UiApp] Awake: ActionGroupsApp
[LOG 23:15:47.348] [UiApp] Awake: Construction
[LOG 23:15:47.348] [UiApp] Awake: Cargo
[LOG 23:15:47.348] [UiApp] Awake: AlarmClock
[LOG 23:15:47.349] [UiApp] Awake: ManeuverTool
[LOG 23:15:47.349] [ApplicationLauncher] OnSceneLoadedGUIReady: scene FLIGHT ShouldBeVisible() True ShouldBeOnTop() True iIsPositionedAtTop False
[LOG 23:15:47.349] [ApplicationLauncher] SpawnSimpleLayout: VerticalTopDown
[LOG 23:15:47.353] [KnowledgeBase] OnAppLauncherReady 37691
[LOG 23:15:47.368] [CometManager]: Generated Dust Tail Color: #0 = RGBA(0.991, 0.943, 0.743, 0.031)
[LOG 23:15:47.370] [CometManager]: Generated Ion Tail Color: #1 = RGBA(0.045, 0.182, 0.868, 0.451)
[LOG 23:15:47.377] [UIApp] OnDestroy: Contracts
[LOG 23:15:47.405] [FlightIntegrator]: Reloaded drag cube for zeroed cube root part fuelTankSmallFlat on vessel Capsule
[LOG 23:15:47.416] [FlightIntegrator]: Vessel Capsule has been unloaded 1.79769313486232E+308, applying analytic temperature 301.509585888405
[LOG 23:15:47.420] [MessageSystem] Reposition 0.02 37692
[LOG 23:15:47.420] [GenericAppFrame] Reposition 0.02 37692
[LOG 23:15:47.420] [GenericAppFrame] Reposition 0.02 37692
[LOG 23:15:47.522] [PlanetariumCamera]: Focus: Capsule
[LOG 23:15:47.545] [UIApp] Adding ResourceDisplay to Application Launcher
[LOG 23:15:47.546] [UIApp] Adding ResourceDisplay to Application Launcher
[LOG 23:15:47.557] [ResourceDisplay] OnAppStarted(): id: -388030
[LOG 23:15:47.559] [GenericAppFrame] Reposition 0.1259838 37696
[LOG 23:15:47.559] [ResourceDisplay] OnAppStarted(): id: 264296
[LOG 23:15:47.559] ResourceDisplay already exist, destroying this instance
[LOG 23:15:47.559] [UIApp] OnDestroy: ResourceDisplay
[LOG 23:15:47.577] [UIApp] Adding AlarmClock to Application Launcher
[LOG 23:15:47.579] [UIApp] Adding ActionGroupsApp to Application Launcher
[LOG 23:15:47.580] [UIApp] Adding Missions App to Application Launcher
[LOG 23:15:47.581] CURRENCY WIDGET False False False
[LOG 23:15:47.583] [UIApp] OnDestroy: CurrencyWidgetsApp
[LOG 23:15:47.613] [GenericAppFrame] Reposition 0.1601102 37698
[LOG 23:15:47.618] [ActionGroupsApp] OnAppStarted(): id: -388054
[LOG 23:15:47.619] [GenericAppFrame] Reposition 0.1601102 37698
[LOG 23:15:47.619] [UIApp] Adding DeltaVApp to Application Launcher
[LOG 23:15:47.621] [MissionsApp] OnAppStarted(): id: -388042
[LOG 23:15:47.621] MissionsApp does not execute in this game mode, destroying this instance
[LOG 23:15:47.621] [UIApp] OnDestroy: Missions App
[LOG 23:15:47.634] [GenericAppFrame] Reposition 0.2001102 37699
[LOG 23:15:47.645] [UIApp] Adding Cargo to Application Launcher
[LOG 23:15:47.646] [UIApp] Adding Construction to Application Launcher
[LOG 23:15:47.647] [UIApp] Adding KSPedia to Application Launcher
[WRN 23:15:47.657] HighlightingSystem : Framebuffer depth data is not available and can't be used to occlude highlighting. Highlighting occluders enabled.
[LOG 23:15:47.671] [UIApp] Adding ManeuverTool to Application Launcher
[LOG 23:15:47.674] [ApplicationLauncher] SetHidden: 
[LOG 23:15:47.698] [GenericAppFrame] Reposition 0.2564574 37702
[LOG 23:15:47.707] [ManeuverTool]: Found 1 transfer types
[LOG 23:15:47.753] Flight State Captured
[LOG 23:15:47.753] Saving Achievements Tree...
[LOG 23:15:47.753] Saving Achievements Tree...
[LOG 23:15:47.754] Saving Achievements Tree...
[LOG 23:15:47.754] Saving Achievements Tree...
[LOG 23:15:47.754] Saving Achievements Tree...
[LOG 23:15:47.754] Saving Achievements Tree...
[LOG 23:15:47.754] Saving Achievements Tree...
[LOG 23:15:47.754] Saving Achievements Tree...
[LOG 23:15:47.754] Saving Achievements Tree...
[LOG 23:15:47.754] Saving Achievements Tree...
[LOG 23:15:47.754] Saving Achievements Tree...
[LOG 23:15:47.754] Saving Achievements Tree...
[LOG 23:15:47.754] Saving Achievements Tree...
[LOG 23:15:47.754] [MessageSystem] Save Messages
[LOG 23:15:47.767] Game State Saved as persistent
[LOG 23:15:48.390] [Capsule]: ground contact! - error. Moving Vessel  down -0.372m
[LOG 23:15:48.390] Unpacking Capsule
[LOG 23:15:48.411] [UIMasterController]: ShowUI
[LOG 23:15:57.615] [KSP-MCPServer] Quitting KSP, as asked
[LOG 23:15:58.352] [UIApp] OnDestroy: AlarmClock
[LOG 23:15:58.354] [PlanetariumCamera]: Focus: Kerbin
[LOG 23:15:58.371] [UIApp] OnDestroy: ManeuverTool
[LOG 23:15:58.375] KbApp.OnDestroy Vessel Crew
[LOG 23:15:58.375] [UIApp] OnDestroy: KSPedia
[LOG 23:15:58.379] [UIApp] OnDestroy: Construction
[LOG 23:15:58.385] KbApp.OnDestroy Unowned Info
[LOG 23:15:58.387] KbApp.OnDestroy Planet Info
[LOG 23:15:58.429] KbApp.OnDestroy Planet Parameters
[LOG 23:15:58.429] KbApp.OnDestroy Vessel Info
[LOG 23:15:58.448] [UIApp] OnDestroy: DeltaVApp
[LOG 23:15:58.449] KbApp.OnDestroy Planet Resources
[LOG 23:15:58.450] KbApp.OnDestroy NullName
[LOG 23:15:58.452] [UIApp] OnDestroy: Cargo
