[LOG 17:49:18.919] ******* Log Initiated for Kerbal Space Program - 1.12.5.3190 (WindowsPlayer x64) fr-fr *******
Kerbal Space Program - 1.12.5.3190 (WindowsPlayer x64) fr-fr


OS: Windows 10  (10.0.0) 64bit
CPU: Intel(R) Core(TM) i7-4790K CPU @ 4.00GHz (8)
RAM: 32687
GPU: NVIDIA GeForce GTX 1060 6GB (6029MB)
SM: 50 (Direct3D 11.0 [level 11.1])
RT Formats: ARGB32, Depth, ARGBHalf, Shadowmap, RGB565, ARGB4444, ARGB1555, Default, ARGB2101010, DefaultHDR, ARGB64, ARGBFloat, RGFloat, RGHalf, RFloat, RHalf, R8, ARGBInt, RGInt, RInt, BGRA32, RGB111110Float, RG32, RGBAUShort, RG16, BGRA10101010_XR, BGR101010_XR, R16


Log started: Mon, Sep 28, 2026 17:49:18


[LOG 17:49:18.938] ActionCanvas MASK: 3458764513820540928
[LOG 17:49:18.939] AppCanvas MASK: 3458764513820540928
[LOG 17:49:18.941] MainCanvas MASK: 3458764513820540928
[LOG 17:49:20.112] Load(Assembly): /ModuleManager.4.2.3
[LOG 17:49:20.113] AssemblyLoader: Loading assembly at D:\KSP-Dev\GameData\ModuleManager.4.2.3.dll
[LOG 17:49:20.140] AssemblyLoader: KSPAssembly 'ModuleManager' V2.5.0
[LOG 17:49:20.140] Load(Assembly): 000_Harmony/0Harmony
[LOG 17:49:20.140] AssemblyLoader: Loading assembly at D:\KSP-Dev\GameData\000_Harmony\0Harmony.dll
[LOG 17:49:20.142] Load(Assembly): 000_Harmony/HarmonyInstallChecker
[LOG 17:49:20.142] AssemblyLoader: Loading assembly at D:\KSP-Dev\GameData\000_Harmony\HarmonyInstallChecker.dll
[LOG 17:49:20.143] AssemblyLoader: KSPAssembly 'HarmonyKSP' V1.0.0
[LOG 17:49:20.143] Load(Assembly): KSPCommunityFixes/Plugins/0_MultipleModuleInPartAPI
[LOG 17:49:20.143] AssemblyLoader: Loading assembly at D:\KSP-Dev\GameData\KSPCommunityFixes\Plugins\0_MultipleModuleInPartAPI.dll
[LOG 17:49:20.144] AssemblyLoader: KSPAssembly 'MultipleModulePartAPI' V1.0.0
[LOG 17:49:20.144] Load(Assembly): KSPCommunityFixes/Plugins/KSPCommunityFixes
[LOG 17:49:20.144] AssemblyLoader: Loading assembly at D:\KSP-Dev\GameData\KSPCommunityFixes\Plugins\KSPCommunityFixes.dll
[LOG 17:49:20.153] AssemblyLoader: KSPAssembly 'KSPCommunityFixes' V1.41.1
[LOG 17:49:20.154] AssemblyLoader: KSPAssemblyDependency 'HarmonyKSP' V1.0.0
[LOG 17:49:20.154] AssemblyLoader: KSPAssemblyDependency 'ModuleManager' V1.0.0
[LOG 17:49:20.154] AssemblyLoader: KSPAssemblyDependency 'MultipleModulePartAPI' V1.0.0
[LOG 17:49:20.154] Load(Assembly): TerrainPrecisionFixDiag2Mod/TerrainPrecisionFixDiag2Mod
[LOG 17:49:20.154] AssemblyLoader: Loading assembly at D:\KSP-Dev\GameData\TerrainPrecisionFixDiag2Mod\TerrainPrecisionFixDiag2Mod.dll
[LOG 17:49:20.155] Load(Assembly): TerrainPrecisionFixDiagMod/TerrainPrecisionFixDiagMod
[LOG 17:49:20.155] AssemblyLoader: Loading assembly at D:\KSP-Dev\GameData\TerrainPrecisionFixDiagMod\TerrainPrecisionFixDiagMod.dll
[LOG 17:49:20.157] AssemblyLoader: Loading assemblies
[LOG 17:49:20.247] VesselModules: Found VesselModule of type AxisGroupsModule with order 999
[LOG 17:49:20.291] VesselModules: Found VesselModule of type CometVessel with order 999
[LOG 17:49:20.292] VesselModules: Found VesselModule of type SuspensionLoadBalancer with order 999
[LOG 17:49:20.293] VesselModules: Found VesselModule of type FlightIntegrator with order 0
[LOG 17:49:20.296] VesselModules: Found VesselModule of type CommNetVessel with order 999
[LOG 17:49:20.302] VesselModules: Found 5 VesselModule types
[LOG 17:49:20.308] 
************************************************************************

Environment Info
Win32NT 7FFFFFFFFFFFFFFF  Args: KSP_x64.exe 

Mod DLLs found:
Stock assembly: Assembly-CSharp v0.0.0.0
ModuleManager v4.2.3.0
0Harmony v2.2.1.0
HarmonyInstallChecker v2.2.1.0
0_MultipleModuleInPartAPI v1.0.0.0 / v1.0.0+7969fdc50bf4e350193abe5ba2e89533b12ca02f
KSPCommunityFixes v1.41.0.0 / v1.41.1+7969fdc50bf4e350193abe5ba2e89533b12ca02f / v1.41.1.0
TerrainPrecisionFixDiag2Mod v1.0.9764.27375
TerrainPrecisionFixDiagMod v1.0.9764.24952

Folders and files in GameData:
000_Harmony
KSPCommunityFixes
Stock folder: Squad

Stock folder: SquadExpansion

TerrainPrecisionFixDiag2Mod
TerrainPrecisionFixDiagMod
ModuleManager.4.2.3.dll
ModuleManager.ConfigCache
ModuleManager.ConfigSHA
ModuleManager.Physics
ModuleManager.TechTree

************************************************************************

[LOG 17:49:20.328] [AddonLoader]: Instantiating addon 'ModuleManager' from assembly 'ModuleManager'
[LOG 17:49:20.340] [ModuleManager] Adding post patch to the loading screen 4
[LOG 17:49:20.343] [ModuleManager] Patching started on a new thread, all output will be directed to D:\KSP-Dev\Logs\ModuleManager\ModuleManager.log
[LOG 17:49:20.346] [AddonLoader]: Instantiating addon 'HarmonyInstallChecker' from assembly 'HarmonyKSP'
[LOG 17:49:20.347] [AddonLoader]: Instantiating addon 'KSPCommunityFixes' from assembly 'KSPCommunityFixes'
[LOG 17:49:20.349] [AddonLoader]: Instantiating addon 'NoIVA' from assembly 'KSPCommunityFixes'
[LOG 17:49:20.350] [AddonLoader]: Instantiating addon 'ConfigNodePerf' from assembly 'KSPCommunityFixes'
[LOG 17:49:20.617] [AddonLoader]: Instantiating addon 'KSPCFFastLoader' from assembly 'KSPCommunityFixes'
[LOG 17:49:20.618] [KSPCF] Injecting FastLoader...
[LOG 17:49:20.644] [KSPCommunityFixes] Patch GameDatabasePerf applied.
[LOG 17:49:20.749] [AddonLoader]: Instantiating addon 'ReflectionTypeLoadExceptionHandler' from assembly 'KSPCommunityFixes'
[LOG 17:49:21.891] [KSPCF] Taking over stock loader. An exception will follow, this is intended.
[EXC 17:49:21.895] Exception: Terminating stock loader coroutine, this is intended and not an error
	KSPCommunityFixes.Performance.KSPCFFastLoader.GameDatabase_SetupMainLoaders_Prefix () (at <62bb7f5420994f409a34377c091e8538>:0)
	(wrapper dynamic-method) GameDatabase.GameDatabase.SetupMainLoaders_Patch1(GameDatabase)
	GameDatabase+<LoadObjects>d__90.MoveNext () (at <4b449f2841f84227adfaad3149c8fdba>:0)
	UnityEngine.SetupCoroutine.InvokeMoveNext (System.Collections.IEnumerator enumerator, System.IntPtr returnValueAddress) (at <12e76cd50cc64cf19e759e981cb725af>:0)
	UnityEngine.DebugLogHandler:LogException(Exception, Object)
	ModuleManager.UnityLogHandle.InterceptLogHandler:LogException(Exception, Object)
	UnityEngine.MonoBehaviour:StartCoroutine(IEnumerator)
	<CreateDatabase>d__71:MoveNext()
	UnityEngine.MonoBehaviour:StartCoroutine(IEnumerator)
	GameDatabase:StartLoad()
	<LoadSystems>d__11:MoveNext()
	UnityEngine.MonoBehaviour:StartCoroutine(IEnumerator)
	LoadingScreen:Start()
[LOG 17:49:22.062] Preloading Asset Bundle Definitions
[LOG 17:49:22.443] Load Audio: Squad/Alarms/Sounds/Chirps
[LOG 17:49:22.465] Load Audio: Squad/Alarms/Sounds/Classic
[LOG 17:49:22.465] Load Audio: Squad/Alarms/Sounds/ClockTower
[LOG 17:49:22.465] Load Audio: Squad/Alarms/Sounds/ComputerGlass1
[LOG 17:49:22.465] Load Audio: Squad/Alarms/Sounds/ComputerGlass2
[LOG 17:49:22.466] Load Audio: Squad/Alarms/Sounds/ComputerShort
[LOG 17:49:22.466] Load Audio: Squad/Alarms/Sounds/ComputerTriad
[LOG 17:49:22.466] Load Audio: Squad/Alarms/Sounds/DoorBell
[LOG 17:49:22.466] Load Audio: Squad/Alarms/Sounds/Glass
[LOG 17:49:22.466] Load Audio: Squad/Alarms/Sounds/Klaxon
[LOG 17:49:22.466] Load Audio: Squad/Alarms/Sounds/Mobile
[LOG 17:49:22.466] Load Audio: Squad/Alarms/Sounds/Morning
[LOG 17:49:22.467] Load Audio: Squad/Alarms/Sounds/OldClock
[LOG 17:49:22.467] Load Audio: Squad/Alarms/Sounds/OldHorn
[LOG 17:49:22.467] Load Audio: Squad/Alarms/Sounds/Ripple
[LOG 17:49:22.467] Load Audio: Squad/Sounds/editorLoop01
[LOG 17:49:22.467] Load Audio: Squad/Sounds/elev_loop
[LOG 17:49:22.467] Load Audio: Squad/Sounds/elev_start
[LOG 17:49:22.468] Load Audio: Squad/Sounds/elev_stop
[LOG 17:49:22.468] Load Audio: Squad/Sounds/fireworks_explosion_2
[LOG 17:49:22.468] Load Audio: Squad/Sounds/fireworks_explosion_3
[LOG 17:49:22.468] Load Audio: Squad/Sounds/fireworks_explosion_4
[LOG 17:49:22.468] Load Audio: Squad/Sounds/fireworks_launch_boom
[LOG 17:49:22.468] Load Audio: Squad/Sounds/fireworks_only_crackle_crackle_1
[LOG 17:49:22.468] Load Audio: Squad/Sounds/fireworks_only_crackle_dragon_1
[LOG 17:49:22.985] Load Audio: Squad/Sounds/fireworks_only_crackle_palm_1
[LOG 17:49:22.986] Load Audio: Squad/Sounds/fireworks_whistle
[LOG 17:49:22.986] Load Audio: Squad/Sounds/ksp1_banana_V2_01
[LOG 17:49:22.986] Load Audio: Squad/Sounds/ksp1_banana_V2_04
[LOG 17:49:22.986] Load Audio: Squad/Sounds/ksp1_banana_V2_05
[LOG 17:49:22.986] Load Audio: Squad/Sounds/ksp1_golf_swing_normal
[LOG 17:49:22.987] Load Audio: Squad/Sounds/ksp1_ground_anchor_v2_1
[LOG 17:49:22.987] Load Audio: Squad/Sounds/ksp1_strunts_disconnect_v3_pitched2
[LOG 17:49:22.987] Load Audio: Squad/Sounds/repairKit_repair1
[LOG 17:49:22.987] Load Audio: Squad/Sounds/repairKit_repair2
[LOG 17:49:22.987] Load Audio: Squad/Sounds/sound_ambience_nature
[LOG 17:49:22.988] Load Audio: Squad/Sounds/sound_click_flick
[LOG 17:49:22.988] Load Audio: Squad/Sounds/sound_click_latch
[LOG 17:49:22.988] Load Audio: Squad/Sounds/sound_click_sharp
[LOG 17:49:22.988] Load Audio: Squad/Sounds/sound_click_tick
[LOG 17:49:22.988] Load Audio: Squad/Sounds/sound_click_tock
[LOG 17:49:22.988] Load Audio: Squad/Sounds/sound_decoupler_fire
[LOG 17:49:22.989] Load Audio: Squad/Sounds/sound_delete_bin
[LOG 17:49:22.989] Load Audio: Squad/Sounds/sound_explosion_debris1
[LOG 17:49:22.989] Load Audio: Squad/Sounds/sound_explosion_debris2
[LOG 17:49:22.989] Load Audio: Squad/Sounds/sound_explosion_large
[LOG 17:49:22.989] Load Audio: Squad/Sounds/sound_rocket_mini
[LOG 17:49:22.989] Load Audio: Squad/Sounds/sound_rocket_spurts
[LOG 17:49:22.990] Load Audio: Squad/Sounds/sound_servomotor
[LOG 17:49:22.990] Load Audio: Squad/Sounds/sound_tab_extend
[LOG 17:49:22.999] Load Audio: Squad/Sounds/sound_tab_retreat
[LOG 17:49:22.999] Load Audio: SquadExpansion/Serenity/Sounds/robo_arm_large_end
[LOG 17:49:22.999] Load Audio: SquadExpansion/Serenity/Sounds/robo_arm_large_motor_00
[LOG 17:49:22.999] Load Audio: SquadExpansion/Serenity/Sounds/robo_arm_large_scan
[LOG 17:49:22.999] Load Audio: SquadExpansion/Serenity/Sounds/robo_arm_large_start
[LOG 17:49:22.999] Load Audio: SquadExpansion/Serenity/Sounds/robo_arm_medium_end
[LOG 17:49:22.999] Load Audio: SquadExpansion/Serenity/Sounds/robo_arm_medium_motor_00
[LOG 17:49:23.000] Load Audio: SquadExpansion/Serenity/Sounds/robo_arm_medium_scan
[LOG 17:49:23.000] Load Audio: SquadExpansion/Serenity/Sounds/robo_arm_medium_start
[LOG 17:49:23.000] Load Audio: SquadExpansion/Serenity/Sounds/robo_arm_small_end
[LOG 17:49:23.000] Load Audio: SquadExpansion/Serenity/Sounds/robo_arm_small_motor_00
[LOG 17:49:23.000] Load Audio: SquadExpansion/Serenity/Sounds/robo_arm_small_scan
[LOG 17:49:23.000] Load Audio: SquadExpansion/Serenity/Sounds/robo_arm_small_start
[LOG 17:49:23.000] Load Audio: SquadExpansion/Serenity/Sounds/sfx_cryoVolcano_burst
[LOG 17:49:23.001] Load Audio: SquadExpansion/Serenity/Sounds/sfx_cryoVolcano_idle
[LOG 17:49:23.001] Load Audio: SquadExpansion/Serenity/Sounds/sfx_deployable_booster_antena_end
[LOG 17:49:23.001] Load Audio: SquadExpansion/Serenity/Sounds/sfx_deployable_booster_antena_start
[LOG 17:49:23.001] Load Audio: SquadExpansion/Serenity/Sounds/sfx_deployable_central_station_end
[LOG 17:49:23.001] Load Audio: SquadExpansion/Serenity/Sounds/sfx_deployable_central_station_loop
[LOG 17:49:23.001] Load Audio: SquadExpansion/Serenity/Sounds/sfx_deployable_central_station_start
[LOG 17:49:23.002] Load Audio: SquadExpansion/Serenity/Sounds/sfx_deployable_detector_end
[LOG 17:49:23.002] Load Audio: SquadExpansion/Serenity/Sounds/sfx_deployable_detector_start
[LOG 17:49:23.002] Load Audio: SquadExpansion/Serenity/Sounds/sfx_deployable_GoObEd_end
[LOG 17:49:23.002] Load Audio: SquadExpansion/Serenity/Sounds/sfx_deployable_GoObEd_loop
[LOG 17:49:23.002] Load Audio: SquadExpansion/Serenity/Sounds/sfx_deployable_GoObEd_start
[LOG 17:49:23.040] Load Audio: SquadExpansion/Serenity/Sounds/sfx_deployable_rtg_end
[LOG 17:49:23.041] Load Audio: SquadExpansion/Serenity/Sounds/sfx_deployable_rtg_start
[LOG 17:49:23.041] Load Audio: SquadExpansion/Serenity/Sounds/sfx_deployable_seismometer_end
[LOG 17:49:23.041] Load Audio: SquadExpansion/Serenity/Sounds/sfx_deployable_seismometer_start
[LOG 17:49:23.041] Load Audio: SquadExpansion/Serenity/Sounds/sfx_deployable_solar_panel_end
[LOG 17:49:23.041] Load Audio: SquadExpansion/Serenity/Sounds/sfx_deployable_solar_panel_start
[LOG 17:49:23.042] Load Audio: SquadExpansion/Serenity/Sounds/sfx_deployable_weather_station_end
[LOG 17:49:23.042] Load Audio: SquadExpansion/Serenity/Sounds/sfx_deployable_weather_station_loop
[LOG 17:49:23.042] Load Audio: SquadExpansion/Serenity/Sounds/sfx_deployable_weather_station_start
[LOG 17:49:23.042] Load Audio: SquadExpansion/Serenity/Sounds/sfx_geyser_burst
[LOG 17:49:23.042] Load Audio: SquadExpansion/Serenity/Sounds/sfx_geyser_idle
[LOG 17:49:23.066] Load DDS texture: KSPCommunityFixes/MMPatches/StockTweaks/Icons/Clamp-O-Tron
[LOG 17:49:23.070] Load TRUECOLOR texture: KSPCommunityFixes/MMPatches/StockTweaks/Icons/Clamp-O-Tron_scaled
[LOG 17:49:23.070] Load DDS texture: KSPCommunityFixes/MMPatches/StockTweaks/Icons/FreeFallParachutes
[LOG 17:49:23.070] Load TRUECOLOR texture: KSPCommunityFixes/MMPatches/StockTweaks/Icons/FreeFallParachutes_scaled
[LOG 17:49:23.071] Load DDS texture: KSPCommunityFixes/MMPatches/StockTweaks/Icons/LightYearTireCompany
[LOG 17:49:23.071] Load TRUECOLOR texture: KSPCommunityFixes/MMPatches/StockTweaks/Icons/LightYearTireCompany_scaled
[LOG 17:49:23.071] Load DDS texture: KSPCommunityFixes/MMPatches/StockTweaks/Icons/StratusCorporation
[LOG 17:49:23.071] Load TRUECOLOR texture: KSPCommunityFixes/MMPatches/StockTweaks/Icons/StratusCorporation_scaled
[LOG 17:49:23.072] Load DDS texture: Squad/Agencies/C7AerospaceDivision
[LOG 17:49:23.072] Load TRUECOLOR texture: Squad/Agencies/C7AerospaceDivision_scaled
[LOG 17:49:23.072] Load DDS texture: Squad/Agencies/DinkelsteinKermansConstructionEmporium
[LOG 17:49:23.072] Load TRUECOLOR texture: Squad/Agencies/DinkelsteinKermansConstructionEmporium_scaled
[LOG 17:49:23.072] Load DDS texture: Squad/Agencies/ExperimentalEngineering
[LOG 17:49:23.072] Load TRUECOLOR texture: Squad/Agencies/ExperimentalEngineering_scaled
[LOG 17:49:23.073] Load DDS texture: Squad/Agencies/FlooydResearchLab
[LOG 17:49:23.073] Load TRUECOLOR texture: Squad/Agencies/FlooydResearchLab_scaled
[LOG 17:49:23.073] Load DDS texture: Squad/Agencies/GoliathNationalProducts
[LOG 17:49:23.073] Load TRUECOLOR texture: Squad/Agencies/GoliathNationalProducts_scaled
[LOG 17:49:23.073] Load DDS texture: Squad/Agencies/IntegratedIntegrals
[LOG 17:49:23.074] Load TRUECOLOR texture: Squad/Agencies/IntegratedIntegrals_scaled
[LOG 17:49:23.074] Load DDS texture: Squad/Agencies/IonicSymphonicProtonicElectronics
[LOG 17:49:23.074] Load TRUECOLOR texture: Squad/Agencies/IonicSymphonicProtonicElectronics_scaled
[LOG 17:49:23.074] Load DDS texture: Squad/Agencies/JebsJunkyard
[LOG 17:49:23.074] Load TRUECOLOR texture: Squad/Agencies/JebsJunkyard_scaled
[LOG 17:49:23.074] Load DDS texture: Squad/Agencies/KerbalMotion
[LOG 17:49:23.075] Load TRUECOLOR texture: Squad/Agencies/KerbalMotion_scaled
[LOG 17:49:23.075] Load DDS texture: Squad/Agencies/KerbinWorldFirstRecordKeepingSociety
[LOG 17:49:23.075] Load TRUECOLOR texture: Squad/Agencies/KerbinWorldFirstRecordKeepingSociety_scaled
[LOG 17:49:23.075] Load DDS texture: Squad/Agencies/Kerbodyne
[LOG 17:49:23.075] Load TRUECOLOR texture: Squad/Agencies/Kerbodyne_scaled
[LOG 17:49:23.076] Load DDS texture: Squad/Agencies/Kerlington
[LOG 17:49:23.076] Load TRUECOLOR texture: Squad/Agencies/Kerlington_scaled
[LOG 17:49:23.076] Load DDS texture: Squad/Agencies/MaxoConstructionToys
[LOG 17:49:23.076] Load TRUECOLOR texture: Squad/Agencies/MaxoConstructionToys_scaled
[LOG 17:49:23.076] Load DDS texture: Squad/Agencies/MovingPartsExpertsGroup
[LOG 17:49:23.077] Load TRUECOLOR texture: Squad/Agencies/MovingPartsExpertsGroup_scaled
[LOG 17:49:23.077] Load DDS texture: Squad/Agencies/OMBDemolition
[LOG 17:49:23.077] Load TRUECOLOR texture: Squad/Agencies/OMBDemolition_scaled
[LOG 17:49:23.078] Load DDS texture: Squad/Agencies/PeriapsisCo
[LOG 17:49:23.078] Load TRUECOLOR texture: Squad/Agencies/PeriapsisCo_scaled
[LOG 17:49:23.078] Load DDS texture: Squad/Agencies/Probodobodyne
[LOG 17:49:23.078] Load TRUECOLOR texture: Squad/Agencies/Probodobodyne_scaled
[LOG 17:49:23.078] Load DDS texture: Squad/Agencies/R&D
[LOG 17:49:23.078] Load TRUECOLOR texture: Squad/Agencies/R&D_scaled
[LOG 17:49:23.079] Load DDS texture: Squad/Agencies/ReactionSystemsLtd
[LOG 17:49:23.079] Load TRUECOLOR texture: Squad/Agencies/ReactionSystemsLtd_scaled
[LOG 17:49:23.079] Load DDS texture: Squad/Agencies/Rockomax
[LOG 17:49:23.079] Load TRUECOLOR texture: Squad/Agencies/Rockomax_scaled
[LOG 17:49:23.079] Load DDS texture: Squad/Agencies/Rokea
[LOG 17:49:23.079] Load TRUECOLOR texture: Squad/Agencies/Rokea_scaled
[LOG 17:49:23.080] Load DDS texture: Squad/Agencies/SeansCannery
[LOG 17:49:23.080] Load TRUECOLOR texture: Squad/Agencies/SeansCannery_scaled
[LOG 17:49:23.080] Load DDS texture: Squad/Agencies/SteadlerEngineeringCorps
[LOG 17:49:23.080] Load TRUECOLOR texture: Squad/Agencies/SteadlerEngineeringCorps_scaled
[LOG 17:49:23.080] Load DDS texture: Squad/Agencies/StrutCo
[LOG 17:49:23.081] Load TRUECOLOR texture: Squad/Agencies/StrutCo_scaled
[LOG 17:49:23.081] Load DDS texture: Squad/Agencies/Vac-Co
[LOG 17:49:23.081] Load TRUECOLOR texture: Squad/Agencies/Vac-Co_scaled
[LOG 17:49:23.081] Load DDS texture: Squad/Agencies/WinterOwl
[LOG 17:49:23.081] Load TRUECOLOR texture: Squad/Agencies/WinterOwl_scaled
[LOG 17:49:23.081] Load DDS texture: Squad/Agencies/ZaltonicElectronics
[LOG 17:49:23.082] Load TRUECOLOR texture: Squad/Agencies/ZaltonicElectronics_scaled
[LOG 17:49:23.082] Load Cached PNG Texture: Squad/Alarms/Icons/ap
[LOG 17:49:23.082] Load Cached PNG Texture: Squad/Alarms/Icons/default
[LOG 17:49:23.082] Load Cached PNG Texture: Squad/Alarms/Icons/maneuver
[LOG 17:49:23.082] Load Cached PNG Texture: Squad/Alarms/Icons/pe
[LOG 17:49:23.083] Load Cached PNG Texture: Squad/Alarms/Icons/raw
[LOG 17:49:23.083] Load Cached PNG Texture: Squad/Alarms/Icons/soi
[LOG 17:49:23.083] Load Cached PNG Texture: Squad/Alarms/Icons/xfer
[LOG 17:49:23.083] Load DDS texture: Squad/Contracts/Icons/balloon
[LOG 17:49:23.083] Load DDS texture: Squad/Contracts/Icons/custom
[LOG 17:49:23.083] Load DDS texture: Squad/Contracts/Icons/default
[LOG 17:49:23.083] Load DDS texture: Squad/Contracts/Icons/dish
[LOG 17:49:23.083] Load DDS texture: Squad/Contracts/Icons/eva
[LOG 17:49:23.083] Load DDS texture: Squad/Contracts/Icons/gravity
[LOG 17:49:23.087] Load Cached PNG Texture: Squad/Contracts/Icons/ksc
[LOG 17:49:23.087] Load DDS texture: Squad/Contracts/Icons/launchsite
[LOG 17:49:23.087] Load DDS texture: Squad/Contracts/Icons/marker
[LOG 17:49:23.087] Load DDS texture: Squad/Contracts/Icons/pressure
[LOG 17:49:23.088] Load DDS texture: Squad/Contracts/Icons/report
[LOG 17:49:23.088] Load DDS texture: Squad/Contracts/Icons/runway
[LOG 17:49:23.088] Load DDS texture: Squad/Contracts/Icons/sample
[LOG 17:49:23.088] Load DDS texture: Squad/Contracts/Icons/seismic
[LOG 17:49:23.088] Load DDS texture: Squad/Contracts/Icons/thermometer
[LOG 17:49:23.089] Load DDS texture: Squad/Contracts/Icons/vessel
[LOG 17:49:23.089] Load Cached PNG Texture: Squad/Flags/09
[LOG 17:49:23.089] Load Cached PNG Texture: Squad/Flags/blorbs
[LOG 17:49:23.090] Load Cached PNG Texture: Squad/Flags/bullseye
[LOG 17:49:23.092] Load Cached PNG Texture: Squad/Flags/capsule
[LOG 17:49:23.092] Load Cached PNG Texture: Squad/Flags/circles
[LOG 17:49:23.092] Load Cached PNG Texture: Squad/Flags/default
[LOG 17:49:23.092] Load Cached PNG Texture: Squad/Flags/hexagon
[LOG 17:49:23.093] Load Cached PNG Texture: Squad/Flags/hexagonCircles
[LOG 17:49:23.093] Load Cached PNG Texture: Squad/Flags/kerbal1
[LOG 17:49:23.093] Load Cached PNG Texture: Squad/Flags/kerbal2
[LOG 17:49:23.093] Load Cached PNG Texture: Squad/Flags/kerbin
[LOG 17:49:23.094] Load Cached PNG Texture: Squad/Flags/kerbinmunflag
[LOG 17:49:23.094] Load Cached PNG Texture: Squad/Flags/line
[LOG 17:49:23.094] Load Cached PNG Texture: Squad/Flags/minimalistic
[LOG 17:49:23.095] Load Cached PNG Texture: Squad/Flags/orbit
[LOG 17:49:23.095] Load Cached PNG Texture: Squad/Flags/orbs
[LOG 17:49:23.095] Load Cached PNG Texture: Squad/Flags/retro
[LOG 17:49:23.097] Load Cached PNG Texture: Squad/Flags/rings
[LOG 17:49:23.097] Load Cached PNG Texture: Squad/Flags/rocketScience
[LOG 17:49:23.097] Load Cached PNG Texture: Squad/Flags/satellite
[LOG 17:49:23.097] Load Cached PNG Texture: Squad/Flags/Sentinel_Flag
[LOG 17:49:23.098] Load Cached PNG Texture: Squad/Flags/spheres
[LOG 17:49:23.098] Load Cached PNG Texture: Squad/Flags/squadLogo
[LOG 17:49:23.098] Load Cached PNG Texture: Squad/Flags/squadLogo2
[LOG 17:49:23.098] Load Cached PNG Texture: Squad/Flags/stripes
[LOG 17:49:23.099] Load Cached PNG Texture: Squad/Flags/trees
[LOG 17:49:23.099] Load Cached PNG Texture: Squad/Flags/trippy
[LOG 17:49:23.099] Load Cached PNG Texture: Squad/FlagsAgency/esa_dark_blue
[LOG 17:49:23.099] Load Cached PNG Texture: Squad/FlagsAgency/NASA
[LOG 17:49:23.099] Load Cached PNG Texture: Squad/FlagsAgency/uk_space_agency
[LOG 17:49:23.099] Load Cached PNG Texture: Squad/FlagsOrganization/B612_Foundation_flag
[LOG 17:49:23.099] Load Cached PNG Texture: Squad/FlagsOrganization/electron
[LOG 17:49:23.100] Load Cached PNG Texture: Squad/FlagsOrganization/ESA_Arianespace
[LOG 17:49:23.100] Load Cached PNG Texture: Squad/FlagsOrganization/rocketlab
[LOG 17:49:23.101] Load DDS texture: Squad/FX/DiamondBlue
[LOG 17:49:23.101] Load DDS texture: Squad/FX/FlameBlueOrange
[LOG 17:49:23.101] Load DDS texture: Squad/FX/FlamePurple
[LOG 17:49:23.101] Load DDS texture: Squad/FX/FlameRed
[LOG 17:49:23.102] Load DDS texture: Squad/FX/FlameRedOrange
[LOG 17:49:23.102] Load DDS texture: Squad/FX/Monoprop
[LOG 17:49:23.102] Load DDS texture: Squad/FX/plasma2
[LOG 17:49:23.102] Load DDS texture: Squad/FX/rocketplume2
[LOG 17:49:23.104] Load DDS texture: Squad/FX/shockDiamond2
[LOG 17:49:23.104] Load DDS texture: Squad/FX/smokepuff1
[LOG 17:49:23.108] Load DDS texture: Squad/Interiors/Administration/AdminBuilding_Lvl1
[LOG 17:49:23.114] Load DDS texture: Squad/Interiors/Administration/AdminBuilding_Lvl2
[LOG 17:49:23.119] Load DDS texture: Squad/Interiors/Administration/AdminBuilding_Lvl3
[LOG 17:49:23.131] Load DDS texture: Squad/MenuProps/MunOrBust
[LOG 17:49:23.132] Load Cached PNG Texture: Squad/Missions/Banners/Fail/default
[LOG 17:49:23.132] Load PNG texture: Squad/Missions/Banners/Menu/default
[WRN 17:49:23.138] Texture isn't eligible for DXT compression, width and height must be multiples of 4
[LOG 17:49:23.138] Load Cached PNG Texture: Squad/Missions/Banners/Success/default
[LOG 17:49:23.138] Load PNG texture: Squad/Missions/ESA-BepiColombo/Banners/Fail/ESA_MB_Fail_01
[WRN 17:49:23.142] Texture isn't eligible for DXT compression, width and height must be multiples of 4
[LOG 17:49:23.142] Load PNG texture: Squad/Missions/ESA-BepiColombo/Banners/Menu/ESA_MB_Select_01
[WRN 17:49:23.146] Texture isn't eligible for DXT compression, width and height must be multiples of 4
[LOG 17:49:23.146] Load PNG texture: Squad/Missions/ESA-BepiColombo/Banners/Success/ESA_MB_Success_01
[WRN 17:49:23.151] Texture isn't eligible for DXT compression, width and height must be multiples of 4
[LOG 17:49:23.151] Load PNG texture: Squad/Missions/ESA-BepiColombo-Short/Banners/Fail/ESA_MB_Fail_01
[WRN 17:49:23.156] Texture isn't eligible for DXT compression, width and height must be multiples of 4
[LOG 17:49:23.156] Load PNG texture: Squad/Missions/ESA-BepiColombo-Short/Banners/Menu/ESA_MB_Select_01
[WRN 17:49:23.160] Texture isn't eligible for DXT compression, width and height must be multiples of 4
[LOG 17:49:23.160] Load PNG texture: Squad/Missions/ESA-BepiColombo-Short/Banners/Success/ESA_MB_Success_01
[WRN 17:49:23.165] Texture isn't eligible for DXT compression, width and height must be multiples of 4
[LOG 17:49:23.169] Load PNG texture: Squad/Missions/ESA-Rosetta/Banners/Fail/ESA_MB_Fail_02
[WRN 17:49:23.177] Texture isn't eligible for DXT compression, width and height must be multiples of 4
[LOG 17:49:23.177] Load PNG texture: Squad/Missions/ESA-Rosetta/Banners/Menu/ESA_MB_Select_02
[WRN 17:49:23.182] Texture isn't eligible for DXT compression, width and height must be multiples of 4
[LOG 17:49:23.182] Load PNG texture: Squad/Missions/ESA-Rosetta/Banners/Success/ESA_MB_Success_02
[WRN 17:49:23.186] Texture isn't eligible for DXT compression, width and height must be multiples of 4
[LOG 17:49:23.186] Load Cached PNG Texture: Squad/PartList/SimpleIcons/ablator
[LOG 17:49:23.187] Load Cached PNG Texture: Squad/PartList/SimpleIcons/active_radiator
[LOG 17:49:23.187] Load Cached PNG Texture: Squad/PartList/SimpleIcons/asteroid_drill
[LOG 17:49:23.187] Load Cached PNG Texture: Squad/PartList/SimpleIcons/cargo_part
[LOG 17:49:23.187] Load Cached PNG Texture: Squad/PartList/SimpleIcons/comet_drill
[LOG 17:49:23.187] Load Cached PNG Texture: Squad/PartList/SimpleIcons/core_heat
[LOG 17:49:23.187] Load Cached PNG Texture: Squad/PartList/SimpleIcons/cs_main
[LOG 17:49:23.187] Load Cached PNG Texture: Squad/PartList/SimpleIcons/cs_mk2
[LOG 17:49:23.187] Load Cached PNG Texture: Squad/PartList/SimpleIcons/cs_mk3
[LOG 17:49:23.187] Load Cached PNG Texture: Squad/PartList/SimpleIcons/cs_size0
[LOG 17:49:23.187] Load Cached PNG Texture: Squad/PartList/SimpleIcons/cs_size1
[LOG 17:49:23.187] Load Cached PNG Texture: Squad/PartList/SimpleIcons/cs_size1p5
[LOG 17:49:23.187] Load Cached PNG Texture: Squad/PartList/SimpleIcons/cs_size2
[LOG 17:49:23.187] Load Cached PNG Texture: Squad/PartList/SimpleIcons/cs_size3
[LOG 17:49:23.188] Load Cached PNG Texture: Squad/PartList/SimpleIcons/cs_size4
[LOG 17:49:23.188] Load Cached PNG Texture: Squad/PartList/SimpleIcons/cs_surface
[LOG 17:49:23.188] Load Cached PNG Texture: Squad/PartList/SimpleIcons/custom_built_fairing
[LOG 17:49:23.188] Load Cached PNG Texture: Squad/PartList/SimpleIcons/deployable_antenna
[LOG 17:49:23.188] Load Cached PNG Texture: Squad/PartList/SimpleIcons/deployable_comms_part
[LOG 17:49:23.188] Load Cached PNG Texture: Squad/PartList/SimpleIcons/deployable_ground_part
[LOG 17:49:23.188] Load Cached PNG Texture: Squad/PartList/SimpleIcons/deployable_part
[LOG 17:49:23.188] Load Cached PNG Texture: Squad/PartList/SimpleIcons/deployable_radiator
[LOG 17:49:23.188] Load Cached PNG Texture: Squad/PartList/SimpleIcons/deployed_science_control_unit
[LOG 17:49:23.188] Load Cached PNG Texture: Squad/PartList/SimpleIcons/deployed_science_experiment
[LOG 17:49:23.189] Load Cached PNG Texture: Squad/PartList/SimpleIcons/deployed_science_part
[LOG 17:49:23.189] Load Cached PNG Texture: Squad/PartList/SimpleIcons/enviro_sensor
[LOG 17:49:23.189] Load Cached PNG Texture: Squad/PartList/SimpleIcons/experience_management
[LOG 17:49:23.189] Load Cached PNG Texture: Squad/PartList/SimpleIcons/fuels_monopropellant
[LOG 17:49:23.189] Load Cached PNG Texture: Squad/PartList/SimpleIcons/fuels_ore
[LOG 17:49:23.189] Load Cached PNG Texture: Squad/PartList/SimpleIcons/fuels_oxidizer
[LOG 17:49:23.189] Load Cached PNG Texture: Squad/PartList/SimpleIcons/fuels_solidfuel
[LOG 17:49:23.189] Load Cached PNG Texture: Squad/PartList/SimpleIcons/fuels_xenongas
[LOG 17:49:23.189] Load Cached PNG Texture: Squad/PartList/SimpleIcons/inventory_part
[LOG 17:49:23.189] Load Cached PNG Texture: Squad/PartList/SimpleIcons/kerbnet_access
[LOG 17:49:23.189] Load Cached PNG Texture: Squad/PartList/SimpleIcons/number1
[LOG 17:49:23.189] Load Cached PNG Texture: Squad/PartList/SimpleIcons/number2
[LOG 17:49:23.189] Load Cached PNG Texture: Squad/PartList/SimpleIcons/number3
[LOG 17:49:23.190] Load Cached PNG Texture: Squad/PartList/SimpleIcons/number4
[LOG 17:49:23.190] Load Cached PNG Texture: Squad/PartList/SimpleIcons/number5
[LOG 17:49:23.190] Load Cached PNG Texture: Squad/PartList/SimpleIcons/number6
[LOG 17:49:23.190] Load Cached PNG Texture: Squad/PartList/SimpleIcons/number7
[LOG 17:49:23.190] Load Cached PNG Texture: Squad/PartList/SimpleIcons/number8
[LOG 17:49:23.190] Load Cached PNG Texture: Squad/PartList/SimpleIcons/number9
[LOG 17:49:23.190] Load Cached PNG Texture: Squad/PartList/SimpleIcons/probe_control_unit
[LOG 17:49:23.190] Load Cached PNG Texture: Squad/PartList/SimpleIcons/R&D_node_icon_advaerodynamics
[LOG 17:49:23.190] Load Cached PNG Texture: Squad/PartList/SimpleIcons/R&D_node_icon_advancedmotors
[LOG 17:49:23.190] Load Cached PNG Texture: Squad/PartList/SimpleIcons/R&D_node_icon_advconstruction
[LOG 17:49:23.190] Load Cached PNG Texture: Squad/PartList/SimpleIcons/R&D_node_icon_advelectrics
[LOG 17:49:23.190] Load Cached PNG Texture: Squad/PartList/SimpleIcons/R&D_node_icon_advexploration
[LOG 17:49:23.190] Load Cached PNG Texture: Squad/PartList/SimpleIcons/R&D_node_icon_advflightcontrol
[LOG 17:49:23.191] Load Cached PNG Texture: Squad/PartList/SimpleIcons/R&D_node_icon_advlanding
[LOG 17:49:23.191] Load Cached PNG Texture: Squad/PartList/SimpleIcons/R&D_node_icon_advmetalworks
[LOG 17:49:23.191] Load Cached PNG Texture: Squad/PartList/SimpleIcons/R&D_node_icon_advrocketry
[LOG 17:49:23.191] Load Cached PNG Texture: Squad/PartList/SimpleIcons/R&D_node_icon_advsciencetech
[LOG 17:49:23.191] Load Cached PNG Texture: Squad/PartList/SimpleIcons/R&D_node_icon_advunmanned
[LOG 17:49:23.191] Load Cached PNG Texture: Squad/PartList/SimpleIcons/R&D_node_icon_aerodynamicsystems
[LOG 17:49:23.191] Load Cached PNG Texture: Squad/PartList/SimpleIcons/R&D_node_icon_aerospacetech
[LOG 17:49:23.191] Load Cached PNG Texture: Squad/PartList/SimpleIcons/R&D_node_icon_automation
[LOG 17:49:23.191] Load Cached PNG Texture: Squad/PartList/SimpleIcons/R&D_node_icon_basicprobes
[LOG 17:49:23.191] Load Cached PNG Texture: Squad/PartList/SimpleIcons/R&D_node_icon_basicrocketry
[LOG 17:49:23.191] Load Cached PNG Texture: Squad/PartList/SimpleIcons/R&D_node_icon_composites
[LOG 17:49:23.191] Load Cached PNG Texture: Squad/PartList/SimpleIcons/R&D_node_icon_electrics
[LOG 17:49:23.192] Load Cached PNG Texture: Squad/PartList/SimpleIcons/R&D_node_icon_electronics
[LOG 17:49:23.192] Load Cached PNG Texture: Squad/PartList/SimpleIcons/R&D_node_icon_evatech
[LOG 17:49:23.192] Load Cached PNG Texture: Squad/PartList/SimpleIcons/R&D_node_icon_experimentalaerodynamics
[LOG 17:49:23.192] Load Cached PNG Texture: Squad/PartList/SimpleIcons/R&D_node_icon_experimentalelectrics
[LOG 17:49:23.192] Load Cached PNG Texture: Squad/PartList/SimpleIcons/R&D_node_icon_experimentalmotors
[LOG 17:49:23.192] Load Cached PNG Texture: Squad/PartList/SimpleIcons/R&D_node_icon_experimentalrocketry
[LOG 17:49:23.192] Load Cached PNG Texture: Squad/PartList/SimpleIcons/R&D_node_icon_experimentalscience
[LOG 17:49:23.192] Load Cached PNG Texture: Squad/PartList/SimpleIcons/R&D_node_icon_fieldscience
[LOG 17:49:23.192] Load Cached PNG Texture: Squad/PartList/SimpleIcons/R&D_node_icon_flightcontrol
[LOG 17:49:23.192] Load Cached PNG Texture: Squad/PartList/SimpleIcons/R&D_node_icon_fuelsystems
[LOG 17:49:23.192] Load Cached PNG Texture: Squad/PartList/SimpleIcons/R&D_node_icon_generalconstruction
[LOG 17:49:23.192] Load Cached PNG Texture: Squad/PartList/SimpleIcons/R&D_node_icon_generalrocketry
[LOG 17:49:23.192] Load Cached PNG Texture: Squad/PartList/SimpleIcons/R&D_node_icon_generic
[LOG 17:49:23.193] Load Cached PNG Texture: Squad/PartList/SimpleIcons/R&D_node_icon_heavierrocketry
[LOG 17:49:23.193] Load Cached PNG Texture: Squad/PartList/SimpleIcons/R&D_node_icon_heavyaerodynamics
[LOG 17:49:23.193] Load Cached PNG Texture: Squad/PartList/SimpleIcons/R&D_node_icon_heavyrocketry
[LOG 17:49:23.193] Load Cached PNG Texture: Squad/PartList/SimpleIcons/R&D_node_icon_highaltitudeflight
[LOG 17:49:23.193] Load Cached PNG Texture: Squad/PartList/SimpleIcons/R&D_node_icon_highaltitudepropulsion
[LOG 17:49:23.193] Load Cached PNG Texture: Squad/PartList/SimpleIcons/R&D_node_icon_hypersonicflight
[LOG 17:49:23.193] Load Cached PNG Texture: Squad/PartList/SimpleIcons/R&D_node_icon_ionpropulsion
[LOG 17:49:23.193] Load Cached PNG Texture: Squad/PartList/SimpleIcons/R&D_node_icon_landing
[LOG 17:49:23.193] Load Cached PNG Texture: Squad/PartList/SimpleIcons/R&D_node_icon_largecontrol
[LOG 17:49:23.193] Load Cached PNG Texture: Squad/PartList/SimpleIcons/R&D_node_icon_largeelectrics
[LOG 17:49:23.193] Load Cached PNG Texture: Squad/PartList/SimpleIcons/R&D_node_icon_largeprobes
[LOG 17:49:23.193] Load Cached PNG Texture: Squad/PartList/SimpleIcons/R&D_node_icon_metamaterials
[LOG 17:49:23.193] Load Cached PNG Texture: Squad/PartList/SimpleIcons/R&D_node_icon_nanolathing
[LOG 17:49:23.194] Load Cached PNG Texture: Squad/PartList/SimpleIcons/R&D_node_icon_nuclearpropulsion
[LOG 17:49:23.194] Load Cached PNG Texture: Squad/PartList/SimpleIcons/R&D_node_icon_precisionengineering
[LOG 17:49:23.194] Load Cached PNG Texture: Squad/PartList/SimpleIcons/R&D_node_icon_robotics
[LOG 17:49:23.194] Load Cached PNG Texture: Squad/PartList/SimpleIcons/R&D_node_icon_sciencetech
[LOG 17:49:23.194] Load Cached PNG Texture: Squad/PartList/SimpleIcons/R&D_node_icon_specializedconstruction
[LOG 17:49:23.194] Load Cached PNG Texture: Squad/PartList/SimpleIcons/R&D_node_icon_specializedcontrol
[LOG 17:49:23.194] Load Cached PNG Texture: Squad/PartList/SimpleIcons/R&D_node_icon_specializedelectrics
[LOG 17:49:23.194] Load Cached PNG Texture: Squad/PartList/SimpleIcons/R&D_node_icon_stability
[LOG 17:49:23.194] Load Cached PNG Texture: Squad/PartList/SimpleIcons/R&D_node_icon_start
[LOG 17:49:23.194] Load Cached PNG Texture: Squad/PartList/SimpleIcons/R&D_node_icon_supersonicflight
[LOG 17:49:23.194] Load Cached PNG Texture: Squad/PartList/SimpleIcons/R&D_node_icon_survivability
[LOG 17:49:23.194] Load Cached PNG Texture: Squad/PartList/SimpleIcons/R&D_node_icon_unmannedtech
[LOG 17:49:23.194] Load Cached PNG Texture: Squad/PartList/SimpleIcons/R&D_node_icon_veryheavyrocketry
[LOG 17:49:23.195] Load Cached PNG Texture: Squad/PartList/SimpleIcons/rcsfx
[LOG 17:49:23.195] Load Cached PNG Texture: Squad/PartList/SimpleIcons/RDicon_aerospaceTech2
[LOG 17:49:23.195] Load Cached PNG Texture: Squad/PartList/SimpleIcons/RDicon_commandmodules
[LOG 17:49:23.195] Load Cached PNG Texture: Squad/PartList/SimpleIcons/RDicon_fuelSystems-advanced
[LOG 17:49:23.195] Load Cached PNG Texture: Squad/PartList/SimpleIcons/RDicon_fuelSystems-highPerformance
[LOG 17:49:23.195] Load Cached PNG Texture: Squad/PartList/SimpleIcons/RDicon_largeVolumeContainment
[LOG 17:49:23.195] Load Cached PNG Texture: Squad/PartList/SimpleIcons/RDicon_miniaturization
[LOG 17:49:23.195] Load Cached PNG Texture: Squad/PartList/SimpleIcons/RDicon_propulsion-precision
[LOG 17:49:23.195] Load Cached PNG Texture: Squad/PartList/SimpleIcons/RDicon_propulsionSystems
[LOG 17:49:23.195] Load Cached PNG Texture: Squad/PartList/SimpleIcons/RDicon_telescope
[LOG 17:49:23.195] Load Cached PNG Texture: Squad/PartList/SimpleIcons/robotic_controller
[LOG 17:49:23.195] Load Cached PNG Texture: Squad/PartList/SimpleIcons/robotic_rotation_servo
[LOG 17:49:23.196] Load Cached PNG Texture: Squad/PartList/SimpleIcons/robotic_servo_hinge
[LOG 17:49:23.196] Load Cached PNG Texture: Squad/PartList/SimpleIcons/robotic_servo_piston
[LOG 17:49:23.196] Load Cached PNG Texture: Squad/PartList/SimpleIcons/robotic_servo_rotor
[LOG 17:49:23.196] Load Cached PNG Texture: Squad/PartList/SimpleIcons/scanner_arm
[LOG 17:49:23.196] Load Cached PNG Texture: Squad/PartList/SimpleIcons/variant
[LOG 17:49:23.196] Load Cached PNG Texture: Squad/Parts/@thumbs/adapterSmallMiniShort_icon0
[LOG 17:49:23.196] Load Cached PNG Texture: Squad/Parts/@thumbs/adapterSmallMiniShort_icon1
[LOG 17:49:23.196] Load Cached PNG Texture: Squad/Parts/@thumbs/adapterSmallMiniTall_icon0
[LOG 17:49:23.196] Load Cached PNG Texture: Squad/Parts/@thumbs/adapterSmallMiniTall_icon1
[LOG 17:49:23.196] Load Cached PNG Texture: Squad/Parts/@thumbs/AdvancedCanard_icon
[LOG 17:49:23.196] Load Cached PNG Texture: Squad/Parts/@thumbs/advSasModule_icon
[LOG 17:49:23.196] Load Cached PNG Texture: Squad/Parts/@thumbs/airbrake1_icon
[LOG 17:49:23.196] Load Cached PNG Texture: Squad/Parts/@thumbs/airScoop_icon
[LOG 17:49:23.196] Load Cached PNG Texture: Squad/Parts/@thumbs/avionicsNoseCone_icon
[LOG 17:49:23.196] Load Cached PNG Texture: Squad/Parts/@thumbs/basicFin_icon
[LOG 17:49:23.197] Load Cached PNG Texture: Squad/Parts/@thumbs/batteryBankMini_icon
[LOG 17:49:23.197] Load Cached PNG Texture: Squad/Parts/@thumbs/batteryBank_icon
[LOG 17:49:23.197] Load Cached PNG Texture: Squad/Parts/@thumbs/batteryPack_icon
[LOG 17:49:23.197] Load Cached PNG Texture: Squad/Parts/@thumbs/cargoContainer_icon
[LOG 17:49:23.197] Load Cached PNG Texture: Squad/Parts/@thumbs/CargoStorageUnit_icon
[LOG 17:49:23.197] Load Cached PNG Texture: Squad/Parts/@thumbs/CircularIntake_icon
[LOG 17:49:23.197] Load Cached PNG Texture: Squad/Parts/@thumbs/commDish_icon
[LOG 17:49:23.197] Load Cached PNG Texture: Squad/Parts/@thumbs/Decoupler.0_icon0
[LOG 17:49:23.197] Load Cached PNG Texture: Squad/Parts/@thumbs/Decoupler.0_icon1
[LOG 17:49:23.197] Load Cached PNG Texture: Squad/Parts/@thumbs/Decoupler.1_icon0
[LOG 17:49:23.197] Load Cached PNG Texture: Squad/Parts/@thumbs/Decoupler.1_icon1
[LOG 17:49:23.197] Load Cached PNG Texture: Squad/Parts/@thumbs/dockingPort1_icon
[LOG 17:49:23.197] Load Cached PNG Texture: Squad/Parts/@thumbs/dockingPort2_icon
[LOG 17:49:23.197] Load Cached PNG Texture: Squad/Parts/@thumbs/dockingPort3_icon
[LOG 17:49:23.198] Load Cached PNG Texture: Squad/Parts/@thumbs/domeLight1_icon0
[LOG 17:49:23.198] Load Cached PNG Texture: Squad/Parts/@thumbs/domeLight1_icon1
[LOG 17:49:23.198] Load Cached PNG Texture: Squad/Parts/@thumbs/elevon2_icon
[LOG 17:49:23.198] Load Cached PNG Texture: Squad/Parts/@thumbs/elevon3_icon
[LOG 17:49:23.198] Load Cached PNG Texture: Squad/Parts/@thumbs/elevon5_icon
[LOG 17:49:23.198] Load Cached PNG Texture: Squad/Parts/@thumbs/evaChute_icon
[LOG 17:49:23.198] Load Cached PNG Texture: Squad/Parts/@thumbs/evaCylinder_icon
[LOG 17:49:23.198] Load Cached PNG Texture: Squad/Parts/@thumbs/evaJetpack_icon
[LOG 17:49:23.198] Load Cached PNG Texture: Squad/Parts/@thumbs/evaRepairKit_icon
[LOG 17:49:23.198] Load Cached PNG Texture: Squad/Parts/@thumbs/evaScienceKit_icon
[LOG 17:49:23.199] Load Cached PNG Texture: Squad/Parts/@thumbs/externalTankCapsule_icon0
[LOG 17:49:23.199] Load Cached PNG Texture: Squad/Parts/@thumbs/externalTankCapsule_icon1
[LOG 17:49:23.199] Load Cached PNG Texture: Squad/Parts/@thumbs/externalTankRound_icon0
[LOG 17:49:23.199] Load Cached PNG Texture: Squad/Parts/@thumbs/externalTankRound_icon1
[LOG 17:49:23.199] Load Cached PNG Texture: Squad/Parts/@thumbs/externalTankToroid_icon0
[LOG 17:49:23.199] Load Cached PNG Texture: Squad/Parts/@thumbs/externalTankToroid_icon1
[LOG 17:49:23.200] Load Cached PNG Texture: Squad/Parts/@thumbs/fireworksLauncherBig_icon
[LOG 17:49:23.200] Load Cached PNG Texture: Squad/Parts/@thumbs/fireworksLauncherSmall_icon
[LOG 17:49:23.200] Load Cached PNG Texture: Squad/Parts/@thumbs/foldingRadMed_icon
[LOG 17:49:23.200] Load Cached PNG Texture: Squad/Parts/@thumbs/foldingRadSmall_icon
[LOG 17:49:23.200] Load Cached PNG Texture: Squad/Parts/@thumbs/FuelCellArray_icon
[LOG 17:49:23.200] Load Cached PNG Texture: Squad/Parts/@thumbs/FuelCell_icon
[LOG 17:49:23.200] Load Cached PNG Texture: Squad/Parts/@thumbs/fuelTank.long_icon0
[LOG 17:49:23.200] Load Cached PNG Texture: Squad/Parts/@thumbs/fuelTankSmallFlat_icon0
[LOG 17:49:23.200] Load Cached PNG Texture: Squad/Parts/@thumbs/fuelTankSmallFlat_icon1
[LOG 17:49:23.200] Load Cached PNG Texture: Squad/Parts/@thumbs/fuelTankSmallFlat_icon2
[LOG 17:49:23.200] Load Cached PNG Texture: Squad/Parts/@thumbs/fuelTankSmallFlat_icon3
[LOG 17:49:23.200] Load Cached PNG Texture: Squad/Parts/@thumbs/fuelTankSmall_icon0
[LOG 17:49:23.200] Load Cached PNG Texture: Squad/Parts/@thumbs/fuelTankSmall_icon1
[LOG 17:49:23.201] Load Cached PNG Texture: Squad/Parts/@thumbs/fuelTankSmall_icon2
[LOG 17:49:23.201] Load Cached PNG Texture: Squad/Parts/@thumbs/fuelTankSmall_icon3
[LOG 17:49:23.201] Load Cached PNG Texture: Squad/Parts/@thumbs/fuelTank_icon0
[LOG 17:49:23.201] Load Cached PNG Texture: Squad/Parts/@thumbs/GearFixed_icon
[LOG 17:49:23.201] Load Cached PNG Texture: Squad/Parts/@thumbs/GearFree_icon
[LOG 17:49:23.201] Load Cached PNG Texture: Squad/Parts/@thumbs/GearSmall_icon
[LOG 17:49:23.201] Load Cached PNG Texture: Squad/Parts/@thumbs/GooExperiment_icon
[LOG 17:49:23.201] Load Cached PNG Texture: Squad/Parts/@thumbs/groundAnchor_icon
[LOG 17:49:23.201] Load Cached PNG Texture: Squad/Parts/@thumbs/groundLight1_icon
[LOG 17:49:23.201] Load Cached PNG Texture: Squad/Parts/@thumbs/groundLight2_icon
[LOG 17:49:23.201] Load Cached PNG Texture: Squad/Parts/@thumbs/HeatShield0_icon
[LOG 17:49:23.202] Load Cached PNG Texture: Squad/Parts/@thumbs/HeatShield1_icon
[LOG 17:49:23.202] Load Cached PNG Texture: Squad/Parts/@thumbs/HECS2.ProbeCore_icon
[LOG 17:49:23.202] Load Cached PNG Texture: Squad/Parts/@thumbs/HighGainAntenna5.v2_icon
[LOG 17:49:23.202] Load Cached PNG Texture: Squad/Parts/@thumbs/HighGainAntenna5_icon
[LOG 17:49:23.202] Load Cached PNG Texture: Squad/Parts/@thumbs/HighGainAntenna_icon
[LOG 17:49:23.202] Load Cached PNG Texture: Squad/Parts/@thumbs/IntakeRadialLong_icon
[LOG 17:49:23.202] Load Cached PNG Texture: Squad/Parts/@thumbs/ionEngine_icon
[LOG 17:49:23.202] Load Cached PNG Texture: Squad/Parts/@thumbs/ksp.r.largeBatteryPack_icon
[LOG 17:49:23.202] Load Cached PNG Texture: Squad/Parts/@thumbs/ladder1_icon
[LOG 17:49:23.203] Load Cached PNG Texture: Squad/Parts/@thumbs/landingLeg1-2_icon
[LOG 17:49:23.203] Load Cached PNG Texture: Squad/Parts/@thumbs/landingLeg1_icon
[LOG 17:49:23.203] Load Cached PNG Texture: Squad/Parts/@thumbs/LgRadialSolarPanel_icon
[LOG 17:49:23.203] Load Cached PNG Texture: Squad/Parts/@thumbs/linearRcs_icon
[LOG 17:49:23.203] Load Cached PNG Texture: Squad/Parts/@thumbs/liquidEngine2.v2_icon0
[LOG 17:49:23.203] Load Cached PNG Texture: Squad/Parts/@thumbs/liquidEngine3.v2_icon0
[LOG 17:49:23.203] Load Cached PNG Texture: Squad/Parts/@thumbs/liquidEngine3.v2_icon1
[LOG 17:49:23.203] Load Cached PNG Texture: Squad/Parts/@thumbs/liquidEngine3.v2_icon2
[LOG 17:49:23.203] Load Cached PNG Texture: Squad/Parts/@thumbs/liquidEngineMini.v2_icon0
[LOG 17:49:23.203] Load Cached PNG Texture: Squad/Parts/@thumbs/liquidEngineMini.v2_icon1
[LOG 17:49:23.204] Load Cached PNG Texture: Squad/Parts/@thumbs/liquidEngineMini.v2_icon2
[LOG 17:49:23.204] Load Cached PNG Texture: Squad/Parts/@thumbs/longAntenna_icon
[LOG 17:49:23.204] Load Cached PNG Texture: Squad/Parts/@thumbs/Magnetometer_icon
[LOG 17:49:23.204] Load Cached PNG Texture: Squad/Parts/@thumbs/mediumDishAntenna_icon
[LOG 17:49:23.204] Load Cached PNG Texture: Squad/Parts/@thumbs/microEngine.v2_icon0
[LOG 17:49:23.204] Load Cached PNG Texture: Squad/Parts/@thumbs/microEngine.v2_icon1
[LOG 17:49:23.204] Load Cached PNG Texture: Squad/Parts/@thumbs/MiniDrill_icon
[LOG 17:49:23.204] Load Cached PNG Texture: Squad/Parts/@thumbs/miniFuelTank_icon
[LOG 17:49:23.204] Load Cached PNG Texture: Squad/Parts/@thumbs/miniFuselage_icon
[LOG 17:49:23.204] Load Cached PNG Texture: Squad/Parts/@thumbs/miniIntake_icon
[LOG 17:49:23.205] Load Cached PNG Texture: Squad/Parts/@thumbs/miniJetEngine_icon
[LOG 17:49:23.205] Load Cached PNG Texture: Squad/Parts/@thumbs/miniLandingLeg_icon
[LOG 17:49:23.205] Load Cached PNG Texture: Squad/Parts/@thumbs/Mite_icon
[LOG 17:49:23.205] Load Cached PNG Texture: Squad/Parts/@thumbs/mk1pod.v2_icon0
[LOG 17:49:23.205] Load Cached PNG Texture: Squad/Parts/@thumbs/mk2DroneCore_icon
[LOG 17:49:23.205] Load Cached PNG Texture: Squad/Parts/@thumbs/mk2LanderCabin.v2_icon1
[LOG 17:49:23.205] Load Cached PNG Texture: Squad/Parts/@thumbs/MpoProbe_icon
[LOG 17:49:23.205] Load Cached PNG Texture: Squad/Parts/@thumbs/navLight1_icon0
[LOG 17:49:23.205] Load Cached PNG Texture: Squad/Parts/@thumbs/navLight1_icon1
[LOG 17:49:23.205] Load Cached PNG Texture: Squad/Parts/@thumbs/noseCone_icon0
[LOG 17:49:23.205] Load Cached PNG Texture: Squad/Parts/@thumbs/noseCone_icon1
[LOG 17:49:23.206] Load Cached PNG Texture: Squad/Parts/@thumbs/noseCone_icon2
[LOG 17:49:23.206] Load Cached PNG Texture: Squad/Parts/@thumbs/omsEngine_icon
[LOG 17:49:23.206] Load Cached PNG Texture: Squad/Parts/@thumbs/OrbitalScanner_icon
[LOG 17:49:23.206] Load Cached PNG Texture: Squad/Parts/@thumbs/parachuteDrogue_icon
[LOG 17:49:23.206] Load Cached PNG Texture: Squad/Parts/@thumbs/parachuteLarge_icon
[LOG 17:49:23.206] Load Cached PNG Texture: Squad/Parts/@thumbs/parachuteRadial_icon
[LOG 17:49:23.206] Load Cached PNG Texture: Squad/Parts/@thumbs/parachuteSingle_icon
[LOG 17:49:23.206] Load Cached PNG Texture: Squad/Parts/@thumbs/probeCoreCube_icon
[LOG 17:49:23.206] Load Cached PNG Texture: Squad/Parts/@thumbs/probeCoreHex.v2_icon
[LOG 17:49:23.206] Load Cached PNG Texture: Squad/Parts/@thumbs/probeCoreOcto.v2_icon
[LOG 17:49:23.206] Load Cached PNG Texture: Squad/Parts/@thumbs/probeCoreOcto2.v2_icon
[LOG 17:49:23.207] Load Cached PNG Texture: Squad/Parts/@thumbs/probeCoreSphere.v2_icon
[LOG 17:49:23.207] Load Cached PNG Texture: Squad/Parts/@thumbs/probeStackLarge_icon
[LOG 17:49:23.207] Load Cached PNG Texture: Squad/Parts/@thumbs/probeStackSmall_icon
[LOG 17:49:23.207] Load Cached PNG Texture: Squad/Parts/@thumbs/R8winglet_icon
[LOG 17:49:23.207] Load Cached PNG Texture: Squad/Parts/@thumbs/radialDecoupler1-2_icon
[LOG 17:49:23.207] Load Cached PNG Texture: Squad/Parts/@thumbs/radialDecoupler2_icon
[LOG 17:49:23.207] Load Cached PNG Texture: Squad/Parts/@thumbs/radialDecoupler_icon
[LOG 17:49:23.207] Load Cached PNG Texture: Squad/Parts/@thumbs/radialDrogue_icon
[LOG 17:49:23.207] Load Cached PNG Texture: Squad/Parts/@thumbs/radialEngineMini.v2_icon0
[LOG 17:49:23.207] Load Cached PNG Texture: Squad/Parts/@thumbs/radialEngineMini.v2_icon1
[LOG 17:49:23.207] Load Cached PNG Texture: Squad/Parts/@thumbs/radialLiquidEngine1-2_icon
[LOG 17:49:23.208] Load Cached PNG Texture: Squad/Parts/@thumbs/RadialOreTank_icon
[LOG 17:49:23.208] Load Cached PNG Texture: Squad/Parts/@thumbs/radialRCSTank_icon
[LOG 17:49:23.208] Load Cached PNG Texture: Squad/Parts/@thumbs/radPanelEdge_icon
[LOG 17:49:23.208] Load Cached PNG Texture: Squad/Parts/@thumbs/radPanelLg_icon
[LOG 17:49:23.208] Load Cached PNG Texture: Squad/Parts/@thumbs/radPanelSm_icon
[LOG 17:49:23.208] Load Cached PNG Texture: Squad/Parts/@thumbs/RCSblock.01.small_icon0
[LOG 17:49:23.208] Load Cached PNG Texture: Squad/Parts/@thumbs/RCSblock.01.small_icon1
[LOG 17:49:23.208] Load Cached PNG Texture: Squad/Parts/@thumbs/RCSblock.01.small_icon2
[LOG 17:49:23.208] Load Cached PNG Texture: Squad/Parts/@thumbs/RCSblock.01.small_icon3
[LOG 17:49:23.208] Load Cached PNG Texture: Squad/Parts/@thumbs/RCSblock.01.small_icon4
[LOG 17:49:23.208] Load Cached PNG Texture: Squad/Parts/@thumbs/RCSBlock.v2_icon
[LOG 17:49:23.209] Load Cached PNG Texture: Squad/Parts/@thumbs/RCSBlock.v2_icon0
[LOG 17:49:23.209] Load Cached PNG Texture: Squad/Parts/@thumbs/RCSBlock.v2_icon1
[LOG 17:49:23.209] Load Cached PNG Texture: Squad/Parts/@thumbs/RCSBlock.v2_icon2
[LOG 17:49:23.209] Load Cached PNG Texture: Squad/Parts/@thumbs/RCSBlock.v2_icon3
[LOG 17:49:23.209] Load Cached PNG Texture: Squad/Parts/@thumbs/RCSBlock.v2_icon4
[LOG 17:49:23.209] Load Cached PNG Texture: Squad/Parts/@thumbs/RCSFuelTank_icon
[LOG 17:49:23.209] Load Cached PNG Texture: Squad/Parts/@thumbs/RCSLinearSmall_icon
[LOG 17:49:23.209] Load Cached PNG Texture: Squad/Parts/@thumbs/rcsTankMini_icon
[LOG 17:49:23.209] Load Cached PNG Texture: Squad/Parts/@thumbs/RelayAntenna5_icon
[LOG 17:49:23.209] Load Cached PNG Texture: Squad/Parts/@thumbs/ReleaseValve_icon
[LOG 17:49:23.209] Load Cached PNG Texture: Squad/Parts/@thumbs/roverBody.v2_icon0
[LOG 17:49:23.210] Load Cached PNG Texture: Squad/Parts/@thumbs/roverBody.v2_icon1
[LOG 17:49:23.210] Load Cached PNG Texture: Squad/Parts/@thumbs/roverBody.v2_icon2
[LOG 17:49:23.210] Load Cached PNG Texture: Squad/Parts/@thumbs/roverWheel1_icon
[LOG 17:49:23.210] Load Cached PNG Texture: Squad/Parts/@thumbs/roverWheel2_icon
[LOG 17:49:23.210] Load Cached PNG Texture: Squad/Parts/@thumbs/rtg_icon
[LOG 17:49:23.210] Load Cached PNG Texture: Squad/Parts/@thumbs/sasModule_icon
[LOG 17:49:23.210] Load Cached PNG Texture: Squad/Parts/@thumbs/science.module_icon
[LOG 17:49:23.210] Load Cached PNG Texture: Squad/Parts/@thumbs/ScienceBox_icon
[LOG 17:49:23.210] Load Cached PNG Texture: Squad/Parts/@thumbs/seatExternalCmd_icon
[LOG 17:49:23.210] Load Cached PNG Texture: Squad/Parts/@thumbs/sensorAccelerometer_icon
[LOG 17:49:23.210] Load Cached PNG Texture: Squad/Parts/@thumbs/sensorAtmosphere_icon
[LOG 17:49:23.211] Load Cached PNG Texture: Squad/Parts/@thumbs/sensorBarometer_icon
[LOG 17:49:23.211] Load Cached PNG Texture: Squad/Parts/@thumbs/sensorGravimeter_icon
[LOG 17:49:23.211] Load Cached PNG Texture: Squad/Parts/@thumbs/sensorThermometer_icon
[LOG 17:49:23.211] Load Cached PNG Texture: Squad/Parts/@thumbs/Separator.0_icon0
[LOG 17:49:23.211] Load Cached PNG Texture: Squad/Parts/@thumbs/Separator.0_icon1
[LOG 17:49:23.211] Load Cached PNG Texture: Squad/Parts/@thumbs/Separator.1_icon0
[LOG 17:49:23.211] Load Cached PNG Texture: Squad/Parts/@thumbs/Separator.1_icon1
[LOG 17:49:23.211] Load Cached PNG Texture: Squad/Parts/@thumbs/sepMotor1_icon
[LOG 17:49:23.211] Load Cached PNG Texture: Squad/Parts/@thumbs/ServiceBay.125.v2_icon
[LOG 17:49:23.211] Load Cached PNG Texture: Squad/Parts/@thumbs/shockConeIntake_icon
[LOG 17:49:23.211] Load Cached PNG Texture: Squad/Parts/@thumbs/Shrimp_icon
[LOG 17:49:23.211] Load Cached PNG Texture: Squad/Parts/@thumbs/smallCargoContainer_icon
[LOG 17:49:23.212] Load Cached PNG Texture: Squad/Parts/@thumbs/smallClaw_icon0
[LOG 17:49:23.212] Load Cached PNG Texture: Squad/Parts/@thumbs/smallClaw_icon1
[LOG 17:49:23.212] Load Cached PNG Texture: Squad/Parts/@thumbs/smallCtrlSrf_icon
[LOG 17:49:23.215] Load Cached PNG Texture: Squad/Parts/@thumbs/SmallGearBay_icon
[LOG 17:49:23.215] Load Cached PNG Texture: Squad/Parts/@thumbs/smallHardpoint_icon
[LOG 17:49:23.215] Load Cached PNG Texture: Squad/Parts/@thumbs/smallRadialEngine.v2_icon0
[LOG 17:49:23.216] Load Cached PNG Texture: Squad/Parts/@thumbs/smallRadialEngine.v2_icon1
[LOG 17:49:23.216] Load Cached PNG Texture: Squad/Parts/@thumbs/solarPanelOX10C_icon
[LOG 17:49:23.216] Load Cached PNG Texture: Squad/Parts/@thumbs/solarPanelOX10L_icon
[LOG 17:49:23.218] Load Cached PNG Texture: Squad/Parts/@thumbs/solarPanels1_icon
[LOG 17:49:23.218] Load Cached PNG Texture: Squad/Parts/@thumbs/solarPanels2_icon
[LOG 17:49:23.219] Load Cached PNG Texture: Squad/Parts/@thumbs/solarPanels3_icon
[LOG 17:49:23.220] Load Cached PNG Texture: Squad/Parts/@thumbs/solarPanels4_icon
[LOG 17:49:23.225] Load Cached PNG Texture: Squad/Parts/@thumbs/solarPanels5_icon
[LOG 17:49:23.225] Load Cached PNG Texture: Squad/Parts/@thumbs/solarPanelSP10C_icon
[LOG 17:49:23.225] Load Cached PNG Texture: Squad/Parts/@thumbs/solarPanelSP10L_icon
[LOG 17:49:23.226] Load Cached PNG Texture: Squad/Parts/@thumbs/solidBooster.sm.v2_icon0
[LOG 17:49:23.226] Load Cached PNG Texture: Squad/Parts/@thumbs/solidBooster.v2_icon0
[LOG 17:49:23.226] Load Cached PNG Texture: Squad/Parts/@thumbs/spotLight1_icon
[LOG 17:49:23.226] Load Cached PNG Texture: Squad/Parts/@thumbs/spotLight2_icon
[LOG 17:49:23.227] Load Cached PNG Texture: Squad/Parts/@thumbs/spotLight3_icon0
[LOG 17:49:23.227] Load Cached PNG Texture: Squad/Parts/@thumbs/spotLight3_icon1
[LOG 17:49:23.227] Load Cached PNG Texture: Squad/Parts/@thumbs/stackPoint1_icon
[LOG 17:49:23.228] Load Cached PNG Texture: Squad/Parts/@thumbs/StandardCtrlSrf_icon
[LOG 17:49:23.228] Load Cached PNG Texture: Squad/Parts/@thumbs/standardNoseCone_icon
[LOG 17:49:23.228] Load Cached PNG Texture: Squad/Parts/@thumbs/stripLight1_icon0
[LOG 17:49:23.228] Load Cached PNG Texture: Squad/Parts/@thumbs/stripLight1_icon1
[LOG 17:49:23.229] Load Cached PNG Texture: Squad/Parts/@thumbs/structuralIBeam1_icon
[LOG 17:49:23.229] Load Cached PNG Texture: Squad/Parts/@thumbs/structuralIBeam3_icon
[LOG 17:49:23.229] Load Cached PNG Texture: Squad/Parts/@thumbs/structuralMiniNode_icon
[LOG 17:49:23.230] Load Cached PNG Texture: Squad/Parts/@thumbs/structuralPanel1_icon
[LOG 17:49:23.230] Load Cached PNG Texture: Squad/Parts/@thumbs/structuralPanel2_icon
[LOG 17:49:23.230] Load Cached PNG Texture: Squad/Parts/@thumbs/structuralWing4_icon
[LOG 17:49:23.230] Load Cached PNG Texture: Squad/Parts/@thumbs/strutCube_icon
[LOG 17:49:23.230] Load Cached PNG Texture: Squad/Parts/@thumbs/strutOcto_icon
[LOG 17:49:23.231] Load Cached PNG Texture: Squad/Parts/@thumbs/SurfaceScanner_icon
[LOG 17:49:23.231] Load Cached PNG Texture: Squad/Parts/@thumbs/SurfAntenna_icon
[LOG 17:49:23.231] Load Cached PNG Texture: Squad/Parts/@thumbs/telescopicLadderBay_icon
[LOG 17:49:23.232] Load Cached PNG Texture: Squad/Parts/@thumbs/telescopicLadder_icon
[LOG 17:49:23.233] Load Cached PNG Texture: Squad/Parts/@thumbs/toroidalAerospike_icon
[LOG 17:49:23.233] Load Cached PNG Texture: Squad/Parts/@thumbs/trussAdapter_icon
[LOG 17:49:23.233] Load Cached PNG Texture: Squad/Parts/@thumbs/trussPiece1x_icon
[LOG 17:49:23.233] Load Cached PNG Texture: Squad/Parts/@thumbs/trussPiece3x_icon
[LOG 17:49:23.234] Load Cached PNG Texture: Squad/Parts/@thumbs/vernierEngine_icon
[LOG 17:49:23.234] Load Cached PNG Texture: Squad/Parts/@thumbs/wheelMed_icon
[LOG 17:49:23.234] Load Cached PNG Texture: Squad/Parts/@thumbs/wingConnector4_icon
[LOG 17:49:23.234] Load Cached PNG Texture: Squad/Parts/@thumbs/wingConnector5_icon
[LOG 17:49:23.234] Load Cached PNG Texture: Squad/Parts/@thumbs/winglet3_icon
[LOG 17:49:23.235] Load Cached PNG Texture: Squad/Parts/@thumbs/winglet_icon
[LOG 17:49:23.235] Load Cached PNG Texture: Squad/Parts/@thumbs/wingShuttleElevon1_icon
[LOG 17:49:23.235] Load Cached PNG Texture: Squad/Parts/@thumbs/xenonTankLarge_icon
[LOG 17:49:23.236] Load Cached PNG Texture: Squad/Parts/@thumbs/xenonTankRadial_icon
[LOG 17:49:23.236] Load Cached PNG Texture: Squad/Parts/@thumbs/xenonTank_icon
[LOG 17:49:23.236] Load DDS texture: Squad/Parts/Aero/aerodynamicNoseCone/Rockomax_Adapters_diffuse
[LOG 17:49:23.237] Load DDS texture: Squad/Parts/Aero/aerodynamicNoseCone/Rockomax_Adapters_normal
[LOG 17:49:23.237] Load DDS texture: Squad/Parts/Aero/airbrake/airbrake
[LOG 17:49:23.237] Load DDS texture: Squad/Parts/Aero/airIntakeRadialXM-G50/RadialIntake
[LOG 17:49:23.240] Load DDS texture: Squad/Parts/Aero/airlinerWings/AirlinerWings
[LOG 17:49:23.251] Load DDS texture: Squad/Parts/Aero/airplaneFins/AirplaneFins
[LOG 17:49:23.256] Load DDS texture: Squad/Parts/Aero/basicFin/BasicFin
[LOG 17:49:23.256] Load DDS texture: Squad/Parts/Aero/circularIntake/CircluarIntakes
[LOG 17:49:23.256] Load DDS texture: Squad/Parts/Aero/circularIntake/CircluarIntakes_Heat
[LOG 17:49:23.257] Load DDS texture: Squad/Parts/Aero/cones/Assets/Cones
[LOG 17:49:23.257] Load DDS texture: Squad/Parts/Aero/cones/Assets/ConesDiffuse
[LOG 17:49:23.258] Load DDS texture: Squad/Parts/Aero/cones/Assets/ConesDiffuse_Orange
[LOG 17:49:23.259] Load DDS texture: Squad/Parts/Aero/cones/Assets/ConesDiffuse_White
[LOG 17:49:23.261] Load DDS texture: Squad/Parts/Aero/cones/Assets/ConesHeat
[LOG 17:49:23.264] Load DDS texture: Squad/Parts/Aero/cones/Assets/ConesHeat_Orange
[LOG 17:49:23.268] Load DDS texture: Squad/Parts/Aero/cones/Assets/ConesHeat_White
[LOG 17:49:23.270] Load DDS texture: Squad/Parts/Aero/cones/Assets/Cones_Heat
[LOG 17:49:23.271] Load Cached PNG Texture: Squad/Parts/Aero/cones/Assets/rocketNoseCones_O
[LOG 17:49:23.277] Load Cached PNG Texture: Squad/Parts/Aero/cones/Assets/rocketNoseCones_O_Normal
[LOG 17:49:23.279] Load DDS texture: Squad/Parts/Aero/cones/Assets/rocketNoseCones_W
[LOG 17:49:23.285] Load DDS texture: Squad/Parts/Aero/cones/Assets/Rockomax_Adapters_diffuse
[LOG 17:49:23.290] Load DDS texture: Squad/Parts/Aero/cones/Assets/Rockomax_Adapters_normal
[LOG 17:49:23.292] Load DDS texture: Squad/Parts/Aero/fairings/AutoTruss
[LOG 17:49:23.292] Load DDS texture: Squad/Parts/Aero/fairings/FairingBase
[LOG 17:49:23.292] Load DDS texture: Squad/Parts/Aero/fairings/FairingBaseNormals
[LOG 17:49:23.292] Load DDS texture: Squad/Parts/Aero/fairings/FairingBaseNormals_bw
[LOG 17:49:23.292] Load DDS texture: Squad/Parts/Aero/fairings/FairingBaseNormals_goldSilver
[LOG 17:49:23.293] Load DDS texture: Squad/Parts/Aero/fairings/FairingBaseNormals_orange
[LOG 17:49:23.293] Load Cached PNG Texture: Squad/Parts/Aero/fairings/FairingBase_black
[LOG 17:49:23.297] Load DDS texture: Squad/Parts/Aero/fairings/FairingBase_bw
[LOG 17:49:23.297] Load DDS texture: Squad/Parts/Aero/fairings/FairingBase_goldDiffuse
[LOG 17:49:23.297] Load DDS texture: Squad/Parts/Aero/fairings/FairingBase_goldSpecular
[LOG 17:49:23.298] Load DDS texture: Squad/Parts/Aero/fairings/FairingBase_orange
[LOG 17:49:23.298] Load DDS texture: Squad/Parts/Aero/fairings/FairingBase_silverDiffuse
[LOG 17:49:23.298] Load DDS texture: Squad/Parts/Aero/fairings/FairingBase_silverSpecular
[LOG 17:49:23.298] Load DDS texture: Squad/Parts/Aero/fairings/fairingsCap
[LOG 17:49:23.304] Load DDS texture: Squad/Parts/Aero/fairings/FairingsMat_silverSpecular
[LOG 17:49:23.310] Load DDS texture: Squad/Parts/Aero/fairings/fairings_diff
[LOG 17:49:23.312] Load DDS texture: Squad/Parts/Aero/fairings/fairings_diff_grey
[LOG 17:49:23.313] Load DDS texture: Squad/Parts/Aero/fairings/fairings_diff_orange
[LOG 17:49:23.313] Load DDS texture: Squad/Parts/Aero/fairings/fairings_grey_normals
[LOG 17:49:23.314] Load DDS texture: Squad/Parts/Aero/fairings/fairings_normals
[LOG 17:49:23.316] Load DDS texture: Squad/Parts/Aero/fairings/fairings_normals_silver
[LOG 17:49:23.317] Load DDS texture: Squad/Parts/Aero/fairings/fairings_orange_normals
[LOG 17:49:23.318] Load DDS texture: Squad/Parts/Aero/fairings/fairings_silverDiffuse
[LOG 17:49:23.319] Load DDS texture: Squad/Parts/Aero/HeatShield/Fairing
[LOG 17:49:23.319] Load DDS texture: Squad/Parts/Aero/HeatShield/heatshield
[LOG 17:49:23.320] Load DDS texture: Squad/Parts/Aero/InflatableHeatShield/HeatShield
[LOG 17:49:23.322] Load DDS texture: Squad/Parts/Aero/InflatableHeatShield/HeatShieldFairing
[LOG 17:49:23.322] Load DDS texture: Squad/Parts/Aero/InflatableHeatShield/HeatShield_NRM
[LOG 17:49:23.323] Load DDS texture: Squad/Parts/Aero/intakeRadialLong/Radial_long
[LOG 17:49:23.324] Load DDS texture: Squad/Parts/Aero/miniIntake/SmallIntake
[LOG 17:49:23.324] Load DDS texture: Squad/Parts/Aero/ramAirIntake/RampIntake
[LOG 17:49:23.325] Load DDS texture: Squad/Parts/Aero/ramAirIntake/RampIntake_Heat
[LOG 17:49:23.325] Load DDS texture: Squad/Parts/Aero/shuttleWings/ShuttleWings
[LOG 17:49:23.338] Load DDS texture: Squad/Parts/Aero/wingletAV-R8/model000
[LOG 17:49:23.339] Load DDS texture: Squad/Parts/Aero/wingletAV-R8/model001
[LOG 17:49:23.340] Load DDS texture: Squad/Parts/Aero/wingletAV-T1/model000
[LOG 17:49:23.345] Load DDS texture: Squad/Parts/Aero/wingletAV-T1/model001
[LOG 17:49:23.345] Load DDS texture: Squad/Parts/Aero/wingletDeltaDeluxe/model000
[LOG 17:49:23.346] Load DDS texture: Squad/Parts/Aero/wings/Wings
[LOG 17:49:23.346] Load DDS texture: Squad/Parts/Cargo/CargoContainers/cargoContainer_diff
[LOG 17:49:23.346] Load DDS texture: Squad/Parts/Cargo/CargoContainers/smallCargoContainer_diffuse
[LOG 17:49:23.347] Load DDS texture: Squad/Parts/Cargo/CargoContainers/smallCargoContainer_nrm
[LOG 17:49:23.347] Load DDS texture: Squad/Parts/Cargo/CargoContainers/smallCargoContainer_specular
[LOG 17:49:23.347] Load DDS texture: Squad/Parts/Cargo/Cylinder/EVAcylinder_diffuse
[LOG 17:49:23.347] Load DDS texture: Squad/Parts/Cargo/Cylinder/EVAcylinder_nrm
[LOG 17:49:23.347] Load DDS texture: Squad/Parts/Cargo/GroundAnchor/groundAnchor_diffuse
[LOG 17:49:23.348] Load DDS texture: Squad/Parts/Cargo/GroundAnchor/groundAnchor_nrm
[LOG 17:49:23.348] Load DDS texture: Squad/Parts/Cargo/Jetpack/EVAjetpack
[LOG 17:49:23.349] Load DDS texture: Squad/Parts/Cargo/Jetpack/EVAjetpackEmmisive
[LOG 17:49:23.349] Load DDS texture: Squad/Parts/Cargo/Jetpack/EVAjetpackNRM
[LOG 17:49:23.351] Load DDS texture: Squad/Parts/Cargo/Parachute/backpack_Diff
[LOG 17:49:23.361] Load DDS texture: Squad/Parts/Cargo/Parachute/backpack_NM
[LOG 17:49:23.372] Load DDS texture: Squad/Parts/Cargo/RepairKit/RepairKit_Diffuse
[LOG 17:49:23.375] Load DDS texture: Squad/Parts/Cargo/RepairKit/RepairKit_Normal
[LOG 17:49:23.376] Load DDS texture: Squad/Parts/Cargo/ScienceKit/ExperimentKit_Material_Diffuse
[LOG 17:49:23.376] Load DDS texture: Squad/Parts/Cargo/ScienceKit/ExperimentKit_Material_Emissive
[LOG 17:49:23.377] Load DDS texture: Squad/Parts/Cargo/ScienceKit/ExperimentKit_Material_Normal
[LOG 17:49:23.379] Load DDS texture: Squad/Parts/Cargo/StorageUnits/Assets/Cargo_Material_Diffuse
[LOG 17:49:23.386] Load DDS texture: Squad/Parts/Cargo/StorageUnits/Assets/Cargo_Material_Normal
[LOG 17:49:23.408] Load DDS texture: Squad/Parts/Command/advancedSasModuleLarge/model000
[LOG 17:49:23.408] Load DDS texture: Squad/Parts/Command/advancedSasModuleLarge/model001
[LOG 17:49:23.408] Load DDS texture: Squad/Parts/Command/cupola/cupola_Emissive
[LOG 17:49:23.409] Load DDS texture: Squad/Parts/Command/cupola/ksp_l_cupola_diff
[LOG 17:49:23.409] Load DDS texture: Squad/Parts/Command/cupola/ksp_l_cupola_normal
[LOG 17:49:23.410] Load DDS texture: Squad/Parts/Command/cupola/window
[LOG 17:49:23.410] Load DDS texture: Squad/Parts/Command/externalCommandSeat/model000
[LOG 17:49:23.412] Load DDS texture: Squad/Parts/Command/hitchhikerStorageContainer/cabin
[LOG 17:49:23.414] Load DDS texture: Squad/Parts/Command/hitchhikerStorageContainer/cabin_Illum
[LOG 17:49:23.414] Load DDS texture: Squad/Parts/Command/hitchhikerStorageContainer/cabin_n
[LOG 17:49:23.415] Load DDS texture: Squad/Parts/Command/hitchhikerStorageContainer/window
[LOG 17:49:23.415] Load DDS texture: Squad/Parts/Command/inlineAdvancedStabilizer/model000
[LOG 17:49:23.416] Load DDS texture: Squad/Parts/Command/inlineAdvancedStabilizer/model001
[LOG 17:49:23.416] Load DDS texture: Squad/Parts/Command/inlineReactionWheel/model000
[LOG 17:49:23.416] Load DDS texture: Squad/Parts/Command/inlineReactionWheel/model001
[LOG 17:49:23.416] Load DDS texture: Squad/Parts/Command/inlineReactionWheel/model002
[LOG 17:49:23.416] Load DDS texture: Squad/Parts/Command/Mk1-2Pod/mk 1-2 external shell Variant-Hatch
[LOG 17:49:23.417] Load DDS texture: Squad/Parts/Command/Mk1-3Pod/M1-3 Pod
[LOG 17:49:23.419] Load DDS texture: Squad/Parts/Command/Mk1-3Pod/M1-3 Pod_GLOW
[LOG 17:49:23.419] Load DDS texture: Squad/Parts/Command/mk1Cockpits/GLOW
[LOG 17:49:23.420] Load DDS texture: Squad/Parts/Command/mk1Cockpits/Mk1Cockpit
[LOG 17:49:23.420] Load DDS texture: Squad/Parts/Command/mk1LanderCan/ksp_s_landerCan_diff
[LOG 17:49:23.421] Load DDS texture: Squad/Parts/Command/mk1LanderCan/ksp_s_landerCan_normal
[LOG 17:49:23.421] Load DDS texture: Squad/Parts/Command/mk1LanderCan/ksp_s_landerCan_psd_illum
[LOG 17:49:23.421] Load DDS texture: Squad/Parts/Command/mk1pod/outer shell
[LOG 17:49:23.421] Load DDS texture: Squad/Parts/Command/mk1pod_v2/Mk1_v2
[LOG 17:49:23.422] Load DDS texture: Squad/Parts/Command/mk1pod_v2/Mk1_v2_GLOW
[LOG 17:49:23.424] Load DDS texture: Squad/Parts/Command/mk1pod_v2/Mk1_v2_GW
[LOG 17:49:23.425] Load DDS texture: Squad/Parts/Command/mk1pod_v2/Mk1_v2_N
[LOG 17:49:23.426] Load DDS texture: Squad/Parts/Command/mk1pod_v2/Mk1_v2_W
[LOG 17:49:23.427] Load DDS texture: Squad/Parts/Command/mk1pod_v2/Mk1_v2_W_N
[LOG 17:49:23.428] Load DDS texture: Squad/Parts/Command/mk2CockpitInline/Cockpit_inline_A
[LOG 17:49:23.429] Load DDS texture: Squad/Parts/Command/mk2CockpitInline/Cockpit_inline_Emissive
[LOG 17:49:23.429] Load DDS texture: Squad/Parts/Command/mk2CockpitInline/Cockpit_inline_normal
[LOG 17:49:23.430] Load DDS texture: Squad/Parts/Command/mk2CockpitStandard/Cockpit
[LOG 17:49:23.432] Load DDS texture: Squad/Parts/Command/mk2CockpitStandard/Cockpit_Lum
[LOG 17:49:23.432] Load DDS texture: Squad/Parts/Command/mk2CockpitStandard/Cockpit_NRM
[LOG 17:49:23.434] Load DDS texture: Squad/Parts/Command/mk2DroneCore/mk2Dronecore
[LOG 17:49:23.434] Load DDS texture: Squad/Parts/Command/mk2LanderCan/Illum
[LOG 17:49:23.435] Load DDS texture: Squad/Parts/Command/mk2LanderCan/ladder
[LOG 17:49:23.435] Load DDS texture: Squad/Parts/Command/mk2LanderCan/outershell
[LOG 17:49:23.436] Load DDS texture: Squad/Parts/Command/mk2LanderCan/outershell_n
[LOG 17:49:23.436] Load DDS texture: Squad/Parts/Command/mk2LanderCan/window
[LOG 17:49:23.436] Load DDS texture: Squad/Parts/Command/mk2LanderCan_v2/Mk2Can
[LOG 17:49:23.444] Load DDS texture: Squad/Parts/Command/mk2LanderCan_v2/Mk2Can_glow
[LOG 17:49:23.451] Load DDS texture: Squad/Parts/Command/mk3CockpitShuttle/Mk3CockpitShuttle
[LOG 17:49:23.452] Load DDS texture: Squad/Parts/Command/mk3CockpitShuttle/Mk3CockpitShuttle_LUM
[LOG 17:49:23.452] Load DDS texture: Squad/Parts/Command/MpoProbe/MpoProbe_diffuse
[LOG 17:49:23.452] Load DDS texture: Squad/Parts/Command/MpoProbe/MpoProbe_nrm
[LOG 17:49:23.464] Load DDS texture: Squad/Parts/Command/MpoProbe/MpoProbe_specular
[LOG 17:49:23.466] Load DDS texture: Squad/Parts/Command/MtmStage/mtmStage_diffuse
[LOG 17:49:23.467] Load DDS texture: Squad/Parts/Command/MtmStage/mtmStage_nrm
[LOG 17:49:23.468] Load DDS texture: Squad/Parts/Command/MtmStage/mtmStage_specular
[LOG 17:49:23.470] Load DDS texture: Squad/Parts/Command/probeCoreCube/QBE_New_diffuse
[LOG 17:49:23.494] Load Cached PNG Texture: Squad/Parts/Command/probeCoreCube/QBE_New_NRM
[LOG 17:49:23.495] Load DDS texture: Squad/Parts/Command/probeCoreCube/QBE_New_specular
[LOG 17:49:23.495] Load DDS texture: Squad/Parts/Command/probeCoreHex/ksp_m_hexProbe_diff
[LOG 17:49:23.497] Load DDS texture: Squad/Parts/Command/probeCoreHex/ksp_m_hexProbe_normal
[LOG 17:49:23.498] Load DDS texture: Squad/Parts/Command/probeCoreHex_v2/hecsDiffuse
[LOG 17:49:23.498] Load DDS texture: Squad/Parts/Command/probeCoreHex_v2/hecsNormal
[LOG 17:49:23.498] Load DDS texture: Squad/Parts/Command/probeCoreOcto2_v2/octoDiffuse
[LOG 17:49:23.498] Load DDS texture: Squad/Parts/Command/probeCoreOcto2_v2/octoNormal
[LOG 17:49:23.499] Load DDS texture: Squad/Parts/Command/probeCoreOcto2_v2/octoSpecular
[LOG 17:49:23.499] Load DDS texture: Squad/Parts/Command/probeCoreOcto_v2/octoDiffuse
[LOG 17:49:23.499] Load DDS texture: Squad/Parts/Command/probeCoreOcto_v2/octoNormal
[LOG 17:49:23.499] Load DDS texture: Squad/Parts/Command/probeCoreOcto_v2/octoSpecular
[LOG 17:49:23.500] Load DDS texture: Squad/Parts/Command/probeRoverBody/model000
[LOG 17:49:23.500] Load DDS texture: Squad/Parts/Command/probeRoverBody/model001
[LOG 17:49:23.500] Load DDS texture: Squad/Parts/Command/probeRoverBody_v2/probeRoverBody_v2_gold_diffuse
[LOG 17:49:23.500] Load Cached PNG Texture: Squad/Parts/Command/probeRoverBody_v2/probeRoverBody_v2_gold_NRM
[LOG 17:49:23.502] Load DDS texture: Squad/Parts/Command/probeRoverBody_v2/probeRoverBody_v2_gold_specular
[LOG 17:49:23.503] Load DDS texture: Squad/Parts/Command/probeRoverBody_v2/probeRoverBody_v2_silver_diffuse
[LOG 17:49:23.504] Load Cached PNG Texture: Squad/Parts/Command/probeRoverBody_v2/probeRoverBody_v2_silver_NRM
[LOG 17:49:23.506] Load DDS texture: Squad/Parts/Command/probeRoverBody_v2/probeRoverBody_v2_silver_specular
[LOG 17:49:23.507] Load DDS texture: Squad/Parts/Command/probeRoverBody_v2/QBE_New_diffuse
[LOG 17:49:23.508] Load DDS texture: Squad/Parts/Command/probeRoverBody_v2/QBE_New_NRM
[LOG 17:49:23.509] Load DDS texture: Squad/Parts/Command/probeRoverBody_v2/QBE_New_specular
[LOG 17:49:23.509] Load DDS texture: Squad/Parts/Command/probeStackLarge/model000
[LOG 17:49:23.509] Load DDS texture: Squad/Parts/Command/probeStackLarge/model001
[LOG 17:49:23.510] Load DDS texture: Squad/Parts/Command/probeStackSmall/model000
[LOG 17:49:23.511] Load DDS texture: Squad/Parts/Command/probeStackSmall/model001
[LOG 17:49:23.512] Load DDS texture: Squad/Parts/Command/probeStackSphere_v2/probeStackSphere_diffuse
[LOG 17:49:23.513] Load DDS texture: Squad/Parts/Command/probeStackSphere_v2/probeStackSphere_normal
[LOG 17:49:23.514] Load DDS texture: Squad/Parts/Command/probeStackSphere_v2/probeStackSphere_specular
[LOG 17:49:23.515] Load Cached PNG Texture: Squad/Parts/CompoundParts/@thumbs/fuelLine_icon0
[LOG 17:49:23.515] Load Cached PNG Texture: Squad/Parts/CompoundParts/@thumbs/fuelLine_icon1
[LOG 17:49:23.515] Load Cached PNG Texture: Squad/Parts/CompoundParts/@thumbs/strutConnector_icon0
[LOG 17:49:23.516] Load Cached PNG Texture: Squad/Parts/CompoundParts/@thumbs/strutConnector_icon1
[LOG 17:49:23.517] Load DDS texture: Squad/Parts/CompoundParts/FuelLine/FTX-2 External Fuel Duct
[LOG 17:49:23.517] Load DDS texture: Squad/Parts/CompoundParts/FuelLine/FTX-2 External Fuel Duct_ESA
[LOG 17:49:23.517] Load DDS texture: Squad/Parts/CompoundParts/strutConnector/EAS-4 Strut Connector
[LOG 17:49:23.517] Load DDS texture: Squad/Parts/CompoundParts/strutConnector/EAS-4 Strut Connector_white
[LOG 17:49:23.517] Load DDS texture: Squad/Parts/Coupling/Assets/Decouplers
[LOG 17:49:23.519] Load DDS texture: Squad/Parts/Coupling/Assets/Decouplers_N
[LOG 17:49:23.522] Load DDS texture: Squad/Parts/Coupling/Assets/Decouplers_whiteYellow
[LOG 17:49:23.524] Load DDS texture: Squad/Parts/Coupling/Assets/Decouplers_whiteYellow_N
[LOG 17:49:23.532] Load DDS texture: Squad/Parts/Electrical/10CSolarPanels/assets/circularSolarPanel_diffuse
[LOG 17:49:23.533] Load DDS texture: Squad/Parts/Electrical/10CSolarPanels/assets/circularSolarPanel_nrm
[LOG 17:49:23.534] Load DDS texture: Squad/Parts/Electrical/10LSolarPanels/assets/retractableSolarPanel_diffuse
[LOG 17:49:23.536] Load DDS texture: Squad/Parts/Electrical/10LSolarPanels/assets/retractableSolarPanel_nrm
[LOG 17:49:23.537] Load DDS texture: Squad/Parts/Electrical/1x6ShroudSolarPanels/model000
[LOG 17:49:23.538] Load DDS texture: Squad/Parts/Electrical/1x6ShroudSolarPanels/model001
[LOG 17:49:23.538] Load DDS texture: Squad/Parts/Electrical/1x6ShroudSolarPanels/model002
[LOG 17:49:23.538] Load DDS texture: Squad/Parts/Electrical/1x6SolarPanels/model000
[LOG 17:49:23.538] Load DDS texture: Squad/Parts/Electrical/1x6SolarPanels/model001
[LOG 17:49:23.538] Load DDS texture: Squad/Parts/Electrical/1x6SolarPanels/model002
[LOG 17:49:23.538] Load DDS texture: Squad/Parts/Electrical/3x2ShroudSolarPanels/model000
[LOG 17:49:23.539] Load DDS texture: Squad/Parts/Electrical/3x2ShroudSolarPanels/model001
[LOG 17:49:23.539] Load DDS texture: Squad/Parts/Electrical/3x2ShroudSolarPanels/model002
[LOG 17:49:23.539] Load DDS texture: Squad/Parts/Electrical/3x2SolarPanels/model000
[LOG 17:49:23.539] Load DDS texture: Squad/Parts/Electrical/3x2SolarPanels/model001
[LOG 17:49:23.539] Load DDS texture: Squad/Parts/Electrical/3x2SolarPanels/model002
[LOG 17:49:23.539] Load DDS texture: Squad/Parts/Electrical/gigantorXlSolarArray/panel
[LOG 17:49:23.539] Load DDS texture: Squad/Parts/Electrical/radialFlatSolarPanel/model000
[LOG 17:49:23.540] Load DDS texture: Squad/Parts/Electrical/RTG/model000
[LOG 17:49:23.540] Load DDS texture: Squad/Parts/Electrical/z-100Battery/model000
[LOG 17:49:23.540] Load DDS texture: Squad/Parts/Electrical/z-1kBattery/model000
[LOG 17:49:23.540] Load DDS texture: Squad/Parts/Electrical/z-1kBattery/model001
[LOG 17:49:23.540] Load DDS texture: Squad/Parts/Electrical/z-200Battery/ksp_m_batteryPack_diff
[LOG 17:49:23.540] Load DDS texture: Squad/Parts/Electrical/z-400Battery/model000
[LOG 17:49:23.541] Load DDS texture: Squad/Parts/Electrical/z-4kBattery/ksp_l_batteryPack_diff
[LOG 17:49:23.541] Load DDS texture: Squad/Parts/Electrical/z-4kBattery/ksp_l_batteryPack_normal
[LOG 17:49:23.541] Load DDS texture: Squad/Parts/Engine/ionEngine/model000
[LOG 17:49:23.541] Load DDS texture: Squad/Parts/Engine/jetEngines/Jet Engines
[LOG 17:49:23.542] Load DDS texture: Squad/Parts/Engine/jetEngines/Jet_Heat
[LOG 17:49:23.543] Load DDS texture: Squad/Parts/Engine/liquidEngine24-77/engine
[LOG 17:49:23.543] Load DDS texture: Squad/Parts/Engine/liquidEngine24-77_v2/Twitch
[LOG 17:49:23.545] Load DDS texture: Squad/Parts/Engine/liquidEngine24-77_v2/Twitch_G
[LOG 17:49:23.545] Load DDS texture: Squad/Parts/Engine/liquidEngine24-77_v2/Twitch_GLOW
[LOG 17:49:23.545] Load DDS texture: Squad/Parts/Engine/liquidEngine48-7S/ksp_m_liquidEngine_diff
[LOG 17:49:23.545] Load DDS texture: Squad/Parts/Engine/liquidEngine48-7S_v2/Spark
[LOG 17:49:23.546] Load DDS texture: Squad/Parts/Engine/liquidEngine48-7S_v2/Spark_Glow
[LOG 17:49:23.546] Load DDS texture: Squad/Parts/Engine/liquidEngineAerospike/Aerospike
[LOG 17:49:23.546] Load DDS texture: Squad/Parts/Engine/liquidEngineAerospike/Aerospike_Heat
[LOG 17:49:23.546] Load DDS texture: Squad/Parts/Engine/liquidEngineLV-1_v2/Assets/Ant_and_Spider_diffuse
[LOG 17:49:23.546] Load DDS texture: Squad/Parts/Engine/liquidEngineLV-1_v2/Assets/Ant_and_Spider_emissive
[LOG 17:49:23.547] Load DDS texture: Squad/Parts/Engine/liquidEngineLV-1_v2/Assets/Ant_and_Spider_normal
[LOG 17:49:23.547] Load DDS texture: Squad/Parts/Engine/liquidEngineLV-1_v2/Assets/Ant_and_Spider_specular
[LOG 17:49:23.548] Load DDS texture: Squad/Parts/Engine/liquidEngineLV-909_v2/Terrier
[LOG 17:49:23.550] Load DDS texture: Squad/Parts/Engine/liquidEngineLV-909_v2/TerrierFairing
[LOG 17:49:23.550] Load DDS texture: Squad/Parts/Engine/liquidEngineLV-909_v2/Terrier_glow
[LOG 17:49:23.551] Load DDS texture: Squad/Parts/Engine/liquidEngineLV-N/model000
[LOG 17:49:23.551] Load DDS texture: Squad/Parts/Engine/liquidEngineLV-N/model001
[LOG 17:49:23.552] Load DDS texture: Squad/Parts/Engine/liquidEngineLV-N/model002
[LOG 17:49:23.552] Load DDS texture: Squad/Parts/Engine/liquidEngineLV-N/model003
[LOG 17:49:23.552] Load DDS texture: Squad/Parts/Engine/liquidEngineLV-T30/model000
[LOG 17:49:23.552] Load DDS texture: Squad/Parts/Engine/liquidEngineLV-T30/model001
[LOG 17:49:23.553] Load DDS texture: Squad/Parts/Engine/liquidEngineLV-T30/model002
[LOG 17:49:23.553] Load DDS texture: Squad/Parts/Engine/liquidEngineLV-T30_v2/Engine_Emissive
[LOG 17:49:23.560] Load DDS texture: Squad/Parts/Engine/liquidEngineLV-T30_v2/Engine_Normal
[LOG 17:49:23.571] Load DDS texture: Squad/Parts/Engine/liquidEngineLV-T30_v2/Fairing
[LOG 17:49:23.572] Load DDS texture: Squad/Parts/Engine/liquidEngineLV-T30_v2/Reliant_v2-shroud_Diffuse
[LOG 17:49:23.583] Load DDS texture: Squad/Parts/Engine/liquidEngineLV-T30_v2/Reliant_v2_Diffuse
[LOG 17:49:23.595] Load DDS texture: Squad/Parts/Engine/liquidEngineLV-T45/model000
[LOG 17:49:23.595] Load DDS texture: Squad/Parts/Engine/liquidEngineLV-T45/model001
[LOG 17:49:23.596] Load DDS texture: Squad/Parts/Engine/liquidEngineLV-T45/model002
[LOG 17:49:23.596] Load DDS texture: Squad/Parts/Engine/liquidEngineLV-T45/model003
[LOG 17:49:23.596] Load DDS texture: Squad/Parts/Engine/liquidEngineLV-T45_v2/Engine_Emissive
[LOG 17:49:23.608] Load DDS texture: Squad/Parts/Engine/liquidEngineLV-T45_v2/Fairing
[LOG 17:49:23.609] Load DDS texture: Squad/Parts/Engine/liquidEngineLV-T45_v2/Swivel_v2_Diffuse
[LOG 17:49:23.617] Load DDS texture: Squad/Parts/Engine/liquidEngineLV-T45_v2/Swivel_v2_Normal
[LOG 17:49:23.626] Load DDS texture: Squad/Parts/Engine/liquidEngineMainsail_v2/mainsail_diffuse
[LOG 17:49:23.635] Load DDS texture: Squad/Parts/Engine/liquidEngineMainsail_v2/mainsail_emissive
[LOG 17:49:23.636] Load DDS texture: Squad/Parts/Engine/liquidEngineMainsail_v2/mainsail_nrm
[LOG 17:49:23.644] Load DDS texture: Squad/Parts/Engine/liquidEngineMainsail_v2/mainsail_specular
[LOG 17:49:23.655] Load DDS texture: Squad/Parts/Engine/liquidEngineMainsail_v2/Shroud
[LOG 17:49:23.675] Load DDS texture: Squad/Parts/Engine/liquidEngineMk55/Thud
[LOG 17:49:23.677] Load DDS texture: Squad/Parts/Engine/liquidEngineMk55/Thud_Heat
[LOG 17:49:23.677] Load DDS texture: Squad/Parts/Engine/liquidEnginePoodle_v2/poodle
[LOG 17:49:23.678] Load DDS texture: Squad/Parts/Engine/liquidEnginePoodle_v2/PoodleShroud
[LOG 17:49:23.679] Load DDS texture: Squad/Parts/Engine/liquidEnginePoodle_v2/poodle_Glow
[LOG 17:49:23.680] Load DDS texture: Squad/Parts/Engine/liquidEnginePoodle_v2/Poodle_SingleBell_Poodle_Diffuse
[LOG 17:49:23.683] Load DDS texture: Squad/Parts/Engine/liquidEnginePoodle_v2/Poodle_SingleBell_Poodle_Emissive
[LOG 17:49:23.684] Load DDS texture: Squad/Parts/Engine/liquidEnginePoodle_v2/Poodle_SingleBell_Poodle_Normal
[LOG 17:49:23.685] Load DDS texture: Squad/Parts/Engine/liquidEngineSkipper_v2/Shroud
[LOG 17:49:23.685] Load DDS texture: Squad/Parts/Engine/liquidEngineSkipper_v2/skipper_v2_diffuse
[LOG 17:49:23.691] Load DDS texture: Squad/Parts/Engine/liquidEngineSkipper_v2/skipper_v2_emissive
[LOG 17:49:23.700] Load DDS texture: Squad/Parts/Engine/liquidEngineSkipper_v2/skipper_v2_normal
[LOG 17:49:23.713] Load DDS texture: Squad/Parts/Engine/liquidEngineSSME/SSME
[LOG 17:49:23.713] Load DDS texture: Squad/Parts/Engine/liquidEngineSSME/SSME_GLOW
[LOG 17:49:23.714] Load DDS texture: Squad/Parts/Engine/liquidEngineSSME/SSME_NRM
[LOG 17:49:23.714] Load DDS texture: Squad/Parts/Engine/MassiveSRB/solid_booster_cm
[LOG 17:49:23.716] Load DDS texture: Squad/Parts/Engine/MassiveSRB/solid_booster_cm_esa
[LOG 17:49:23.717] Load DDS texture: Squad/Parts/Engine/MassiveSRB/solid_booster_em
[LOG 17:49:23.719] Load DDS texture: Squad/Parts/Engine/MassiveSRB/solid_booster_nm
[LOG 17:49:23.719] Load DDS texture: Squad/Parts/Engine/miniJet/SmallJet
[LOG 17:49:23.720] Load DDS texture: Squad/Parts/Engine/OMSEngine/Puff_diffuse
[LOG 17:49:23.720] Load DDS texture: Squad/Parts/Engine/OMSEngine/Puff_emissive
[LOG 17:49:23.720] Load DDS texture: Squad/Parts/Engine/OMSEngine/Puff_normal
[LOG 17:49:23.721] Load DDS texture: Squad/Parts/Engine/OMSEngine/Puff_specular
[LOG 17:49:23.721] Load DDS texture: Squad/Parts/Engine/rapierEngine/rapierDiffuse
[LOG 17:49:23.740] Load DDS texture: Squad/Parts/Engine/rapierEngine/rapieremit
[LOG 17:49:23.740] Load DDS texture: Squad/Parts/Engine/Size1_SRBs/SRB_O
[LOG 17:49:23.741] Load DDS texture: Squad/Parts/Engine/Size1_SRBs/SRB_W
[LOG 17:49:23.741] Load DDS texture: Squad/Parts/Engine/Size1_SRBs/SRB_Y
[LOG 17:49:23.742] Load DDS texture: Squad/Parts/Engine/Size2LFB/Size2LFBEmissive
[LOG 17:49:23.742] Load DDS texture: Squad/Parts/Engine/Size2LFB/twin_nozzle_booster_cm
[LOG 17:49:23.752] Load DDS texture: Squad/Parts/Engine/Size2LFB/twin_nozzle_booster_nm
[LOG 17:49:23.753] Load DDS texture: Squad/Parts/Engine/Size2LFB_v2/Size2LFBEmissive
[LOG 17:49:23.753] Load DDS texture: Squad/Parts/Engine/Size2LFB_v2/twin_nozzle_booster_cm
[LOG 17:49:23.754] Load DDS texture: Squad/Parts/Engine/Size2LFB_v2/twin_nozzle_booster_nm
[LOG 17:49:23.755] Load DDS texture: Squad/Parts/Engine/Size3AdvancedEngine/decoupler_and_adaptor_cm
[LOG 17:49:23.757] Load DDS texture: Squad/Parts/Engine/Size3AdvancedEngine/Size3AdvancedEngineDiffuse
[LOG 17:49:23.758] Load DDS texture: Squad/Parts/Engine/Size3AdvancedEngine/Size3AdvancedEngineEmissive
[LOG 17:49:23.758] Load DDS texture: Squad/Parts/Engine/Size3AdvancedEngine/Size3AdvancedEngineNormal
[LOG 17:49:23.758] Load DDS texture: Squad/Parts/Engine/Size3EngineCluster/ClusterEngineEmit
[LOG 17:49:23.759] Load DDS texture: Squad/Parts/Engine/Size3EngineCluster/four_nozzle_engine_cm
[LOG 17:49:23.760] Load DDS texture: Squad/Parts/Engine/Size3EngineCluster/four_nozzle_engine_nm
[LOG 17:49:23.760] Load DDS texture: Squad/Parts/Engine/solidBoosterBACC/model000
[LOG 17:49:23.765] Load DDS texture: Squad/Parts/Engine/solidBoosterBACC/model001
[LOG 17:49:23.766] Load DDS texture: Squad/Parts/Engine/solidBoosterBACC/model002
[LOG 17:49:23.770] Load DDS texture: Squad/Parts/Engine/solidBoosterRT-5/RT5
[LOG 17:49:23.770] Load DDS texture: Squad/Parts/Engine/solidBoosterS2-17/solidBoosterS2-17_diffuse
[LOG 17:49:23.786] Load DDS texture: Squad/Parts/Engine/solidBoosterS2-17/solidBoosterS2-17_emissive
[LOG 17:49:23.804] Load DDS texture: Squad/Parts/Engine/solidBoosterS2-17/solidBoosterS2-17_normal
[LOG 17:49:23.825] Load DDS texture: Squad/Parts/Engine/solidBoosterS2-33/solidBoosterS2-33_diffuse
[LOG 17:49:23.853] Load DDS texture: Squad/Parts/Engine/solidBoosterS2-33/solidBoosterS2-33_emissive
[LOG 17:49:23.884] Load DDS texture: Squad/Parts/Engine/solidBoosterS2-33/solidBoosterS2-33_normal
[LOG 17:49:23.980] Load DDS texture: Squad/Parts/Engine/solidBoosterSep/model000
[LOG 17:49:24.026] Load DDS texture: Squad/Parts/Engine/solidBoosterSep/motor
[LOG 17:49:24.027] Load DDS texture: Squad/Parts/Engine/SolidBoostersF/Assets/SolidBoosterF3S0_diffuse
[LOG 17:49:24.028] Load DDS texture: Squad/Parts/Engine/SolidBoostersF/Assets/SolidBoosterF3S0_emissive
[LOG 17:49:24.028] Load DDS texture: Squad/Parts/Engine/SolidBoostersF/Assets/SolidBoosterF3S0_normal
[LOG 17:49:24.028] Load DDS texture: Squad/Parts/FuelTank/adapterTanks/Mk3Adapters
[LOG 17:49:24.031] Load DDS texture: Squad/Parts/FuelTank/drainTankFTE-1/fuelValve_diffuse
[LOG 17:49:24.031] Load DDS texture: Squad/Parts/FuelTank/drainTankFTE-1/fuelValve_nrm
[LOG 17:49:24.032] Load DDS texture: Squad/Parts/FuelTank/FoilTanks/RadialTanks
[LOG 17:49:24.032] Load DDS texture: Squad/Parts/FuelTank/FoilTanks/RadialTanksGold_specular
[LOG 17:49:24.033] Load DDS texture: Squad/Parts/FuelTank/FoilTanks/RadialTanksSilver_specular
[LOG 17:49:24.035] Load DDS texture: Squad/Parts/FuelTank/FoilTanks/RadialTanks_N
[LOG 17:49:24.036] Load DDS texture: Squad/Parts/FuelTank/FoilTanks/RadialTanks_silver
[LOG 17:49:24.036] Load DDS texture: Squad/Parts/FuelTank/fuelTankOscarB/model000
[LOG 17:49:24.037] Load DDS texture: Squad/Parts/FuelTank/fuelTankOscarB/model001
[LOG 17:49:24.037] Load DDS texture: Squad/Parts/FuelTank/fuelTankOscarB/tank
[LOG 17:49:24.037] Load DDS texture: Squad/Parts/FuelTank/fuelTankOscarB/tank_n
[LOG 17:49:24.037] Load DDS texture: Squad/Parts/FuelTank/miniFuselage/Fuselage
[LOG 17:49:24.038] Load DDS texture: Squad/Parts/FuelTank/mk2Adapters/mk2adapters1m
[LOG 17:49:24.038] Load DDS texture: Squad/Parts/FuelTank/mk2FuselageLong/mk2Fuselage
[LOG 17:49:24.040] Load DDS texture: Squad/Parts/FuelTank/mk2FuselageShort/mk2FuselageShort
[LOG 17:49:24.041] Load DDS texture: Squad/Parts/FuelTank/mk3Fuselage/Mk3Fuselage
[LOG 17:49:24.043] Load DDS texture: Squad/Parts/FuelTank/mk3Fuselage/Mk3Fuselage_LUM
[LOG 17:49:24.043] Load DDS texture: Squad/Parts/FuelTank/RCSFuelTankR1/RCSFuelTankR1_01
[LOG 17:49:24.043] Load DDS texture: Squad/Parts/FuelTank/RCSFuelTankR1/RCSFuelTankR1_02
[LOG 17:49:24.044] Load DDS texture: Squad/Parts/FuelTank/RCSFuelTankR1/RCSFuelTankR1_N
[LOG 17:49:24.045] Load DDS texture: Squad/Parts/FuelTank/RCSFuelTankR10/ksp_m_rcsTank_diff
[LOG 17:49:24.046] Load DDS texture: Squad/Parts/FuelTank/RCSFuelTankR10/ksp_m_rcsTank_normal
[LOG 17:49:24.046] Load DDS texture: Squad/Parts/FuelTank/RCSFuelTankR25/FL-R25 RCS Fuel Tank_D
[LOG 17:49:24.046] Load DDS texture: Squad/Parts/FuelTank/RCSFuelTankR25/FL-R25 RCS Fuel Tank_N
[LOG 17:49:24.046] Load DDS texture: Squad/Parts/FuelTank/RCSTankRadial/model000
[LOG 17:49:24.046] Load DDS texture: Squad/Parts/FuelTank/RCStankRadialLong/ksp_r_rcsCylTank_diff
[LOG 17:49:24.046] Load DDS texture: Squad/Parts/FuelTank/RockomaxTanks/Assets/rockomax_16 [AlbedoM] BW
[LOG 17:49:24.053] Load DDS texture: Squad/Parts/FuelTank/RockomaxTanks/Assets/rockomax_16 [AlbedoM] ESA
[LOG 17:49:24.059] Load DDS texture: Squad/Parts/FuelTank/RockomaxTanks/Assets/rockomax_16 [AlbedoM] O
[LOG 17:49:24.069] Load DDS texture: Squad/Parts/FuelTank/RockomaxTanks/Assets/rockomax_16 [Normal] BW
[LOG 17:49:24.076] Load DDS texture: Squad/Parts/FuelTank/RockomaxTanks/Assets/rockomax_16 [Normal]ESA
[LOG 17:49:24.087] Load DDS texture: Squad/Parts/FuelTank/RockomaxTanks/Assets/rockomax_16 [Normal]O
[LOG 17:49:24.095] Load DDS texture: Squad/Parts/FuelTank/RockomaxTanks/Assets/rockomax_32 [AlbedoM] ESA
[LOG 17:49:24.101] Load DDS texture: Squad/Parts/FuelTank/RockomaxTanks/Assets/rockomax_32 [Normal]ESA
[LOG 17:49:24.102] Load DDS texture: Squad/Parts/FuelTank/Size1_Tanks/125Tanks_BW
[LOG 17:49:24.104] Load DDS texture: Squad/Parts/FuelTank/Size1_Tanks/125Tanks_D
[LOG 17:49:24.107] Load DDS texture: Squad/Parts/FuelTank/Size1_Tanks/125Tanks_N
[LOG 17:49:24.110] Load DDS texture: Squad/Parts/FuelTank/Size1_Tanks/125Tanks_O
[LOG 17:49:24.113] Load DDS texture: Squad/Parts/FuelTank/Size1_Tanks/125Tanks_W
[LOG 17:49:24.115] Load DDS texture: Squad/Parts/FuelTank/Size3Tanks/fueltTanks_cm
[LOG 17:49:24.117] Load Cached PNG Texture: Squad/Parts/FuelTank/Size3Tanks/Size3Tanks
[LOG 17:49:24.118] Load Cached PNG Texture: Squad/Parts/FuelTank/Size3Tanks/Size3Tanks_Norm
[LOG 17:49:24.119] Load Cached PNG Texture: Squad/Parts/FuelTank/Size3Tanks/Size3Tanks_Orange
[LOG 17:49:24.120] Load Cached PNG Texture: Squad/Parts/FuelTank/Size3Tanks/Size3Tanks_Orange_Norm
[LOG 17:49:24.121] Load DDS texture: Squad/Parts/FuelTank/xenonTank/model000
[LOG 17:49:24.122] Load DDS texture: Squad/Parts/FuelTank/xenonTank/model001
[LOG 17:49:24.122] Load DDS texture: Squad/Parts/FuelTank/xenonTankLarge/tank
[LOG 17:49:24.122] Load DDS texture: Squad/Parts/FuelTank/xenonTankRadial/ksp_r_xenonTank_diff
[LOG 17:49:24.123] Load DDS texture: Squad/Parts/Misc/AsteroidDay/CamSat
[LOG 17:49:24.123] Load DDS texture: Squad/Parts/Misc/AsteroidDay/CamSat_glow
[LOG 17:49:24.123] Load DDS texture: Squad/Parts/Misc/AsteroidDay/CamSat_N_NRM
[LOG 17:49:24.125] Load DDS texture: Squad/Parts/Misc/AsteroidDay/default
[LOG 17:49:24.125] Load DDS texture: Squad/Parts/Misc/AsteroidDay/hecsDiffuse
[LOG 17:49:24.125] Load DDS texture: Squad/Parts/Misc/AsteroidDay/hecsNormal
[LOG 17:49:24.125] Load DDS texture: Squad/Parts/Misc/AsteroidDay/hecsSpecular
[LOG 17:49:24.126] Load DDS texture: Squad/Parts/Misc/AsteroidDay/JumboHexProbe
[LOG 17:49:24.126] Load DDS texture: Squad/Parts/Misc/AsteroidDay/JumboHexProbe_NORM_NRM
[LOG 17:49:24.126] Load DDS texture: Squad/Parts/Resources/FuelCell/FCLamp
[LOG 17:49:24.126] Load DDS texture: Squad/Parts/Resources/FuelCell/FuelCellRack
[LOG 17:49:24.126] Load DDS texture: Squad/Parts/Resources/FuelCell/fuellcell
[LOG 17:49:24.126] Load DDS texture: Squad/Parts/Resources/ISRU/Processor_Large
[LOG 17:49:24.126] Load DDS texture: Squad/Parts/Resources/LargeTank/ksp_l_resourceContainer_diff
[LOG 17:49:24.127] Load DDS texture: Squad/Parts/Resources/LargeTank/ksp_l_resourceContainer_norm
[LOG 17:49:24.129] Load DDS texture: Squad/Parts/Resources/MiniDrill/DustParticle
[LOG 17:49:24.129] Load DDS texture: Squad/Parts/Resources/MiniDrill/ksp_r_rockProbe_diff
[LOG 17:49:24.130] Load DDS texture: Squad/Parts/Resources/MiniDrill/RockParticle
[LOG 17:49:24.130] Load DDS texture: Squad/Parts/Resources/MiniISRU/ksp_s_processorSmall_diff
[LOG 17:49:24.130] Load DDS texture: Squad/Parts/Resources/OrbitalScanner/detector
[LOG 17:49:24.131] Load DDS texture: Squad/Parts/Resources/RadialDrill/DustParticle
[LOG 17:49:24.131] Load DDS texture: Squad/Parts/Resources/RadialDrill/RockParticle
[LOG 17:49:24.131] Load DDS texture: Squad/Parts/Resources/RadialDrill/TriBitDrill
[LOG 17:49:24.131] Load DDS texture: Squad/Parts/Resources/RadialTank/ksp_r_resourceContainer_psd_2
[LOG 17:49:24.132] Load DDS texture: Squad/Parts/Resources/SmallTank/ksp_s_resourceContainer_diff
[LOG 17:49:24.132] Load DDS texture: Squad/Parts/Resources/SmallTank/ksp_s_resourceContainer_normal
[LOG 17:49:24.134] Load DDS texture: Squad/Parts/Resources/SurfaceScanner/ksp_r_samplerAir_diff
[LOG 17:49:24.137] Load DDS texture: Squad/Parts/Resources/SurveyScanner/dish
[LOG 17:49:24.139] Load DDS texture: Squad/Parts/Resources/SurveyScanner/dish_n
[LOG 17:49:24.140] Load DDS texture: Squad/Parts/Science/AtmosphereSensor/ksp_r_hydroscoop_diff
[LOG 17:49:24.141] Load DDS texture: Squad/Parts/Science/GooExperiment/GooExperiment
[LOG 17:49:24.141] Load DDS texture: Squad/Parts/Science/LargeCrewedLab/Large_Crewed_Lab
[LOG 17:49:24.142] Load DDS texture: Squad/Parts/Science/LargeCrewedLab/Large_Crewed_Lab_glow
[LOG 17:49:24.146] Load DDS texture: Squad/Parts/Science/LargeCrewedLab/window
[LOG 17:49:24.147] Load DDS texture: Squad/Parts/Science/Magnetometer/Magnetometer_diffuse
[LOG 17:49:24.147] Load DDS texture: Squad/Parts/Science/Magnetometer/Magnetometer_nrm
[LOG 17:49:24.147] Load DDS texture: Squad/Parts/Science/MaterialBay/science_module_small
[LOG 17:49:24.147] Load DDS texture: Squad/Parts/Science/MaterialBay/science_module_small_emit
[LOG 17:49:24.148] Load DDS texture: Squad/Parts/Science/MaterialBay/science_module_small_nrm
[LOG 17:49:24.148] Load DDS texture: Squad/Parts/Science/MaterialBay/wires
[LOG 17:49:24.148] Load DDS texture: Squad/Parts/Science/ScienceBox/Container
[LOG 17:49:24.148] Load DDS texture: Squad/Parts/Science/sensorAccelerometer/model000
[LOG 17:49:24.148] Load DDS texture: Squad/Parts/Science/sensorBarometer/model000
[LOG 17:49:24.149] Load DDS texture: Squad/Parts/Science/sensorGravimeter/model000
[LOG 17:49:24.149] Load DDS texture: Squad/Parts/Science/sensorThermometer/model000
[LOG 17:49:24.149] Load DDS texture: Squad/Parts/Structural/FLAdapters/Assets/FLA-Adapters_diffuse
[LOG 17:49:24.149] Load DDS texture: Squad/Parts/Structural/FLAdapters/Assets/FLA-Adapters_diffuse_O
[LOG 17:49:24.150] Load DDS texture: Squad/Parts/Structural/FLAdapters/Assets/FLA-Adapters_normal
[LOG 17:49:24.151] Load DDS texture: Squad/Parts/Structural/FLAdapters/Assets/FLA-Adapters_normal_O
[LOG 17:49:24.153] Load DDS texture: Squad/Parts/Structural/mk1Parts/Mk1Structural
[LOG 17:49:24.154] Load DDS texture: Squad/Parts/Structural/mk1Parts/Mk1StructuralHeat
[LOG 17:49:24.155] Load Cached PNG Texture: Squad/Parts/Structural/mk1Parts/@thumbs/MK1Fuselage_icon
[LOG 17:49:24.156] Load DDS texture: Squad/Parts/Structural/Size3To2Adapter_v2/Size2to3_BW_Diffuse
[LOG 17:49:24.164] Load DDS texture: Squad/Parts/Structural/Size3To2Adapter_v2/Size2to3_DUMMY_NRM
[LOG 17:49:24.166] Load DDS texture: Squad/Parts/Structural/Size3To2Adapter_v2/Size2to3_O_Diffuse
[LOG 17:49:24.176] Load DDS texture: Squad/Parts/Structural/Size3To2Adapter_v2/Size2to3_W_Diffuse
[LOG 17:49:24.181] Load DDS texture: Squad/Parts/Structural/Size3To2Adapter_v2/Size2to3_W_NRM
[LOG 17:49:24.190] Load DDS texture: Squad/Parts/Structural/stackAdapters/Assets/stackAdapters_diffuse
[LOG 17:49:24.191] Load DDS texture: Squad/Parts/Structural/stackAdapters/Assets/stackAdapters_diffuse_Dark
[LOG 17:49:24.194] Load DDS texture: Squad/Parts/Structural/stackAdapters/Assets/stackAdapters_diffuse_Orange
[LOG 17:49:24.194] Load DDS texture: Squad/Parts/Structural/stackAdapters/Assets/stackAdapters_normal
[LOG 17:49:24.195] Load DDS texture: Squad/Parts/Structural/stackAdapters/Assets/stackAdapters_normal_Orange
[LOG 17:49:24.195] Load DDS texture: Squad/Parts/Structural/stationHub/model000
[LOG 17:49:24.196] Load DDS texture: Squad/Parts/Structural/stationHub/model001
[LOG 17:49:24.196] Load DDS texture: Squad/Parts/Structural/structuralIBeam200/model000
[LOG 17:49:24.196] Load DDS texture: Squad/Parts/Structural/structuralIBeam200Pocket/model000
[LOG 17:49:24.197] Load DDS texture: Squad/Parts/Structural/structuralIBeam650/model000
[LOG 17:49:24.197] Load DDS texture: Squad/Parts/Structural/structuralMicronode/model000
[LOG 17:49:24.197] Load DDS texture: Squad/Parts/Structural/structuralPanel1x1/model000
[LOG 17:49:24.197] Load DDS texture: Squad/Parts/Structural/structuralPanel1x1/model001
[LOG 17:49:24.198] Load DDS texture: Squad/Parts/Structural/structuralPanel2x2/model000
[LOG 17:49:24.202] Load DDS texture: Squad/Parts/Structural/structuralPanel2x2/model001
[LOG 17:49:24.202] Load DDS texture: Squad/Parts/Structural/structuralPylons/Pylons
[LOG 17:49:24.203] Load DDS texture: Squad/Parts/Structural/strutCubicOcto/cubestrut
[LOG 17:49:24.203] Load DDS texture: Squad/Parts/Structural/strutOcto/model000
[LOG 17:49:24.203] Load DDS texture: Squad/Parts/Structural/trussGirderAdapter/model000
[LOG 17:49:24.203] Load DDS texture: Squad/Parts/Structural/trussGirderAdapter/model001
[LOG 17:49:24.203] Load DDS texture: Squad/Parts/Structural/trussGirderL/model000
[LOG 17:49:24.204] Load DDS texture: Squad/Parts/Structural/trussGirderXL/model000
[LOG 17:49:24.204] Load DDS texture: Squad/Parts/Thermal/FoldingRadiators/radiator
[LOG 17:49:24.204] Load DDS texture: Squad/Parts/Thermal/FoldingRadiators/radiator_N_NRM
[LOG 17:49:24.205] Load DDS texture: Squad/Parts/Thermal/RadiatorPanels/radPanel
[LOG 17:49:24.206] Load DDS texture: Squad/Parts/Thermal/RadiatorPanels/radPanel_N_NRM
[LOG 17:49:24.209] Load DDS texture: Squad/Parts/Utility/commDish88-88/comm_dish_array
[LOG 17:49:24.210] Load DDS texture: Squad/Parts/Utility/commDish88-88/comm_dish_v2_diff
[LOG 17:49:24.210] Load DDS texture: Squad/Parts/Utility/commDish88-88/model000
[LOG 17:49:24.210] Load DDS texture: Squad/Parts/Utility/commsAntennaDTS-M1/mediumDishAntenna
[LOG 17:49:24.210] Load DDS texture: Squad/Parts/Utility/commsAntennaDTS-M1/mediumDishAntenna_Emit
[LOG 17:49:24.211] Load DDS texture: Squad/Parts/Utility/commsDish16/model000
[LOG 17:49:24.211] Load DDS texture: Squad/Parts/Utility/decouplerRadialHDM/model000
[LOG 17:49:24.211] Load DDS texture: Squad/Parts/Utility/decouplerRadialTT-38K/model000
[LOG 17:49:24.211] Load DDS texture: Squad/Parts/Utility/decouplerRadialTT-38K/model001
[LOG 17:49:24.211] Load DDS texture: Squad/Parts/Utility/decouplerRadialTT-70/model000
[LOG 17:49:24.211] Load DDS texture: Squad/Parts/Utility/DirectAntennas/MiniAntenna
[LOG 17:49:24.211] Load DDS texture: Squad/Parts/Utility/dockingPort/Arrow Pointer
[LOG 17:49:24.212] Load DDS texture: Squad/Parts/Utility/dockingPort/DockingPorts_Clampotron_Diffuse
[LOG 17:49:24.219] Load DDS texture: Squad/Parts/Utility/dockingPort/DockingPorts_Clampotron_Emissive
[LOG 17:49:24.219] Load DDS texture: Squad/Parts/Utility/dockingPort/DockingPorts_Clampotron_Normal
[LOG 17:49:24.230] Load DDS texture: Squad/Parts/Utility/dockingPortInline/Arrow Pointer
[LOG 17:49:24.230] Load DDS texture: Squad/Parts/Utility/dockingPortInline/ClampotronLinear_ClampotronLinear_Diffuse
[LOG 17:49:24.238] Load DDS texture: Squad/Parts/Utility/dockingPortInline/ClampotronLinear_ClampotronLinear_Emissive
[LOG 17:49:24.239] Load DDS texture: Squad/Parts/Utility/dockingPortInline/ClampotronLinear_ClampotronLinear_Normal
[LOG 17:49:24.247] Load DDS texture: Squad/Parts/Utility/dockingPortInline/DockingPorts_Clampotron_Diffuse
[LOG 17:49:24.253] Load DDS texture: Squad/Parts/Utility/dockingPortInline/DockingPorts_Clampotron_Emissive
[LOG 17:49:24.254] Load DDS texture: Squad/Parts/Utility/dockingPortInline/DockingPorts_Clampotron_Normal
[LOG 17:49:24.260] Load DDS texture: Squad/Parts/Utility/dockingPortJr/Arrow Pointer
[LOG 17:49:24.260] Load DDS texture: Squad/Parts/Utility/dockingPortJr/DockingPorts_ClampotronJR_Diffuse
[LOG 17:49:24.261] Load DDS texture: Squad/Parts/Utility/dockingPortJr/DockingPorts_ClampotronJR_Normal
[LOG 17:49:24.262] Load DDS texture: Squad/Parts/Utility/dockingPortJr/model000
[LOG 17:49:24.262] Load DDS texture: Squad/Parts/Utility/dockingPortShielded/Arrow Pointer
[LOG 17:49:24.262] Load DDS texture: Squad/Parts/Utility/dockingPortShielded/Clamp-O-Tron Shielded Docking Port_ClampotronShielded_Diffuse
[LOG 17:49:24.268] Load DDS texture: Squad/Parts/Utility/dockingPortShielded/Clamp-O-Tron Shielded Docking Port_ClampotronShielded_Normal
[LOG 17:49:24.274] Load DDS texture: Squad/Parts/Utility/dockingPortShielded/DockingPorts_Clampotron_Diffuse
[LOG 17:49:24.282] Load DDS texture: Squad/Parts/Utility/dockingPortShielded/DockingPorts_Clampotron_Emissive
[LOG 17:49:24.283] Load DDS texture: Squad/Parts/Utility/dockingPortShielded/DockingPorts_Clampotron_Normal
[LOG 17:49:24.292] Load DDS texture: Squad/Parts/Utility/dockingPortSr/Arrow Pointer
[LOG 17:49:24.293] Load DDS texture: Squad/Parts/Utility/dockingPortSr/ClampotronSr_ClampotronSr_Diffuse
[LOG 17:49:24.300] Load DDS texture: Squad/Parts/Utility/dockingPortSr/ClampotronSr_ClampotronSr_Diffuse_gray
[LOG 17:49:24.307] Load DDS texture: Squad/Parts/Utility/dockingPortSr/ClampotronSr_ClampotronSr_Emissive
[LOG 17:49:24.309] Load DDS texture: Squad/Parts/Utility/dockingPortSr/ClampotronSr_ClampotronSr_Normal
[LOG 17:49:24.319] Load Cached PNG Texture: Squad/Parts/Utility/Fireworks/Assets/fireworks_launcher_big 1
[LOG 17:49:24.324] Load Cached PNG Texture: Squad/Parts/Utility/Fireworks/Assets/fireworks_launcher_big
[LOG 17:49:24.329] Load Cached PNG Texture: Squad/Parts/Utility/flags/backgroundTextures/dark_background
[LOG 17:49:24.329] Load Cached PNG Texture: Squad/Parts/Utility/flags/backgroundTextures/orange_background
[LOG 17:49:24.329] Load Cached PNG Texture: Squad/Parts/Utility/flags/backgroundTextures/white_background
[LOG 17:49:24.330] Load DDS texture: Squad/Parts/Utility/GrapplingDevice/grabberDiffuse
[LOG 17:49:24.330] Load DDS texture: Squad/Parts/Utility/GrapplingDevice/grabberDiffuse_dark
[LOG 17:49:24.331] Load DDS texture: Squad/Parts/Utility/GrapplingDevice/grabberNRM
[LOG 17:49:24.332] Load DDS texture: Squad/Parts/Utility/GrapplingDevice/window
[LOG 17:49:24.332] Load DDS texture: Squad/Parts/Utility/ladderRadial/model000
[LOG 17:49:24.332] Load DDS texture: Squad/Parts/Utility/ladderTelescopic/model000
[LOG 17:49:24.332] Load DDS texture: Squad/Parts/Utility/ladderTelescopic/model001
[LOG 17:49:24.334] Load DDS texture: Squad/Parts/Utility/ladderTelescopic/model002
[LOG 17:49:24.334] Load DDS texture: Squad/Parts/Utility/ladderTelescopicBay/model000
[LOG 17:49:24.335] Load DDS texture: Squad/Parts/Utility/ladderTelescopicBay/model001
[LOG 17:49:24.336] Load DDS texture: Squad/Parts/Utility/landingLegLT-1/ksp_r_landingStrut_diff
[LOG 17:49:24.337] Load DDS texture: Squad/Parts/Utility/landingLegLT-2/landingLeg
[LOG 17:49:24.337] Load DDS texture: Squad/Parts/Utility/landingLegLT-5/leg
[LOG 17:49:24.337] Load DDS texture: Squad/Parts/Utility/landingLegLT-5/model000
[LOG 17:49:24.337] Load DDS texture: Squad/Parts/Utility/launchClamp1/model000
[LOG 17:49:24.337] Load DDS texture: Squad/Parts/Utility/launchClamp1/model001
[LOG 17:49:24.337] Load DDS texture: Squad/Parts/Utility/launchEscapeSystem/LES_Diffuse
[LOG 17:49:24.338] Load DDS texture: Squad/Parts/Utility/Lights/Assets/Lights_Attacheable_Lights_Diffuse
[LOG 17:49:24.339] Load DDS texture: Squad/Parts/Utility/Lights/Assets/Lights_Attacheable_Lights_Diffuse_white
[LOG 17:49:24.339] Load DDS texture: Squad/Parts/Utility/Lights/Assets/Lights_Attacheable_Lights_Emissive
[LOG 17:49:24.339] Load DDS texture: Squad/Parts/Utility/Lights/Assets/Lights_Attacheable_Lights_Normal
[LOG 17:49:24.340] Load DDS texture: Squad/Parts/Utility/Lights/Assets/Lights_Rectangle_Light_Diffuse
[LOG 17:49:24.345] Load DDS texture: Squad/Parts/Utility/Lights/Assets/Lights_Rectangle_Light_Diffuse_white
[LOG 17:49:24.354] Load DDS texture: Squad/Parts/Utility/Lights/Assets/Lights_Rectangle_Light_Emissive
[LOG 17:49:24.362] Load DDS texture: Squad/Parts/Utility/Lights/Assets/Lights_Rectangle_Light_Normal
[LOG 17:49:24.369] Load DDS texture: Squad/Parts/Utility/Lights/Assets/Lights_Worklights_Diffuse
[LOG 17:49:24.370] Load DDS texture: Squad/Parts/Utility/Lights/Assets/Lights_Worklights_Emissive
[LOG 17:49:24.371] Load DDS texture: Squad/Parts/Utility/Lights/Assets/Lights_Worklights_Normal
[LOG 17:49:24.372] Load DDS texture: Squad/Parts/Utility/Lights/Assets/Spotlight_Attacheable_Lights_Diffuse
[LOG 17:49:24.372] Load DDS texture: Squad/Parts/Utility/Lights/Assets/Spotlight_Attacheable_Lights_Diffuse_white
[LOG 17:49:24.373] Load DDS texture: Squad/Parts/Utility/Lights/Assets/Spotlight_Attacheable_Lights_Emissive
[LOG 17:49:24.373] Load DDS texture: Squad/Parts/Utility/Lights/Assets/Spotlight_Attacheable_Lights_Normal
[LOG 17:49:24.373] Load DDS texture: Squad/Parts/Utility/linearVernorRCS/Assets/linear_vernor_diffuse
[LOG 17:49:24.373] Load DDS texture: Squad/Parts/Utility/linearVernorRCS/Assets/linear_vernor_emissive
[LOG 17:49:24.373] Load DDS texture: Squad/Parts/Utility/linearVernorRCS/Assets/linear_vernor_normalDummy
[LOG 17:49:24.373] Load DDS texture: Squad/Parts/Utility/linearVernorRCS/Assets/linear_vernor_specular
[LOG 17:49:24.373] Load DDS texture: Squad/Parts/Utility/mk2CargoBay/mk2CargoBay
[LOG 17:49:24.374] Load DDS texture: Squad/Parts/Utility/mk2CrewCabin/mk2CrewCabin
[LOG 17:49:24.374] Load DDS texture: Squad/Parts/Utility/mk2CrewCabin/mk2CrewCabin_LUM
[LOG 17:49:24.374] Load DDS texture: Squad/Parts/Utility/mk2DockingPort/Arrow Pointer
[LOG 17:49:24.375] Load DDS texture: Squad/Parts/Utility/mk2DockingPort/Mk2Clampotron_Caps_Diffuse
[LOG 17:49:24.375] Load DDS texture: Squad/Parts/Utility/mk2DockingPort/Mk2Clampotron_Caps_Emmisive
[LOG 17:49:24.375] Load DDS texture: Squad/Parts/Utility/mk2DockingPort/Mk2Clampotron_Caps_Normal
[LOG 17:49:24.375] Load DDS texture: Squad/Parts/Utility/mk2DockingPort/Mk2Clampotron_Mk2Clampotron_Diffuse
[LOG 17:49:24.381] Load DDS texture: Squad/Parts/Utility/mk2DockingPort/Mk2Clampotron_Mk2Clampotron_Emissive
[LOG 17:49:24.382] Load DDS texture: Squad/Parts/Utility/mk2DockingPort/Mk2Clampotron_Mk2Clampotron_Normal
[LOG 17:49:24.390] Load DDS texture: Squad/Parts/Utility/mk2DockingPort/mk2DockingPort
[LOG 17:49:24.391] Load DDS texture: Squad/Parts/Utility/mk3CargoBay/Mk3CargoBay
[LOG 17:49:24.393] Load DDS texture: Squad/Parts/Utility/parachuteMk1/model000
[LOG 17:49:24.393] Load DDS texture: Squad/Parts/Utility/parachuteMk1/model001
[LOG 17:49:24.394] Load DDS texture: Squad/Parts/Utility/parachuteMk12-R/model000
[LOG 17:49:24.394] Load DDS texture: Squad/Parts/Utility/parachuteMk12-R/model001
[LOG 17:49:24.394] Load DDS texture: Squad/Parts/Utility/parachuteMk16-XL/model000
[LOG 17:49:24.394] Load DDS texture: Squad/Parts/Utility/parachuteMk16-XL/model001
[LOG 17:49:24.394] Load DDS texture: Squad/Parts/Utility/parachuteMk2-R/model000
[LOG 17:49:24.394] Load DDS texture: Squad/Parts/Utility/parachuteMk2-R/model001
[LOG 17:49:24.394] Load DDS texture: Squad/Parts/Utility/parachuteMk25/model000
[LOG 17:49:24.395] Load DDS texture: Squad/Parts/Utility/parachuteMk25/model001
[LOG 17:49:24.395] Load DDS texture: Squad/Parts/Utility/radialAttachmentPoint/model000
[LOG 17:49:24.395] Load DDS texture: Squad/Parts/Utility/radialAttachmentPoint/model001
[LOG 17:49:24.396] Load DDS texture: Squad/Parts/Utility/rcsBlockRV-105_v2/rcsBlock_diffuse
[LOG 17:49:24.396] Load DDS texture: Squad/Parts/Utility/rcsBlockRV-105_v2/rcsThrusterBlock_normal
[LOG 17:49:24.396] Load DDS texture: Squad/Parts/Utility/rcsBlockRV-105_v2/rcsThruster_emissive
[LOG 17:49:24.397] Load DDS texture: Squad/Parts/Utility/rcsBlockRV-105_v2/rcsThruster_specular
[LOG 17:49:24.397] Load DDS texture: Squad/Parts/Utility/rcsBlockRV-105_v2/RCS_Block_Diffuse
[LOG 17:49:24.397] Load DDS texture: Squad/Parts/Utility/rcsBlockRV-105_v2/RCS_Block_Emissive
[LOG 17:49:24.397] Load DDS texture: Squad/Parts/Utility/rcsBlockRV-105_v2/RCS_Block_Normal
[LOG 17:49:24.399] Load DDS texture: Squad/Parts/Utility/rcsBlockRV-105_v2/RCS_Block_Specular
[LOG 17:49:24.399] Load DDS texture: Squad/Parts/Utility/rcsSmallLinear/Assets/RCS_Linear_Base_Diffuse
[LOG 17:49:24.399] Load DDS texture: Squad/Parts/Utility/rcsSmallLinear/Assets/RCS_Linear_Diffuse
[LOG 17:49:24.399] Load DDS texture: Squad/Parts/Utility/rcsSmallLinear/Assets/RCS_Linear_Emissive
[LOG 17:49:24.399] Load DDS texture: Squad/Parts/Utility/rcsSmallLinear/Assets/RCS_Linear_Normal
[LOG 17:49:24.400] Load DDS texture: Squad/Parts/Utility/rcsSmallLinear/Assets/RCS_Linear_Specular
[LOG 17:49:24.400] Load DDS texture: Squad/Parts/Utility/RelayAntennas/DishAntenna
[LOG 17:49:24.400] Load DDS texture: Squad/Parts/Utility/RelayAntennas/MiniAntenna
[LOG 17:49:24.400] Load DDS texture: Squad/Parts/Utility/rockomaxAdapters/Assets/Rockomax_Adapters_diffuse
[LOG 17:49:24.401] Load DDS texture: Squad/Parts/Utility/rockomaxAdapters/Assets/Rockomax_Adapters_diffuse_O
[LOG 17:49:24.402] Load DDS texture: Squad/Parts/Utility/rockomaxAdapters/Assets/Rockomax_Adapters_diffuse_W
[LOG 17:49:24.403] Load DDS texture: Squad/Parts/Utility/rockomaxAdapters/Assets/Rockomax_Adapters_normal
[LOG 17:49:24.405] Load DDS texture: Squad/Parts/Utility/rockomaxAdapters/Assets/Rockomax_Adapters_normal_O
[LOG 17:49:24.406] Load DDS texture: Squad/Parts/Utility/ServiceBay/ServiceBay
[LOG 17:49:24.406] Load Cached PNG Texture: Squad/Parts/Utility/ServiceBay_v2/Assets/Scratch
[LOG 17:49:24.407] Load Cached PNG Texture: Squad/Parts/Utility/ServiceBay_v2/Assets/ServiceBay_bump
[LOG 17:49:24.408] Load Cached PNG Texture: Squad/Parts/Utility/ServiceBay_v2/Assets/ServiceBay_v2
[LOG 17:49:24.409] Load DDS texture: Squad/Parts/Utility/smallClaw/grabberSmallDiffuse
[LOG 17:49:24.409] Load DDS texture: Squad/Parts/Utility/smallClaw/grabberSmallDiffuseDark
[LOG 17:49:24.409] Load DDS texture: Squad/Parts/Utility/smallClaw/grabberSmallNRM
[LOG 17:49:24.410] Load DDS texture: Squad/Parts/Utility/smallClaw/window
[LOG 17:49:24.410] Load DDS texture: Squad/Parts/Utility/spotLightMk1/light1
[LOG 17:49:24.410] Load DDS texture: Squad/Parts/Utility/spotLightMk1/light1_em
[LOG 17:49:24.410] Load DDS texture: Squad/Parts/Utility/spotLightMk1_v2/spotLightMk1_Diffuse
[LOG 17:49:24.410] Load DDS texture: Squad/Parts/Utility/spotLightMk1_v2/spotLightMk1_Diffuse_white
[LOG 17:49:24.411] Load DDS texture: Squad/Parts/Utility/spotLightMk1_v2/spotLightMk1_Emissive
[LOG 17:49:24.411] Load DDS texture: Squad/Parts/Utility/spotLightMk1_v2/spotLightMk1_Normal
[LOG 17:49:24.411] Load DDS texture: Squad/Parts/Utility/spotLightMk2/light2
[LOG 17:49:24.411] Load DDS texture: Squad/Parts/Utility/spotLightMk2/light2_em
[LOG 17:49:24.411] Load DDS texture: Squad/Parts/Utility/spotLightMk2_v2/spotLightMk2_Diffuse
[LOG 17:49:24.411] Load DDS texture: Squad/Parts/Utility/spotLightMk2_v2/spotLightMk2_Diffuse_white
[LOG 17:49:24.412] Load DDS texture: Squad/Parts/Utility/spotLightMk2_v2/spotLightMk2_Emissive
[LOG 17:49:24.412] Load DDS texture: Squad/Parts/Utility/spotLightMk2_v2/spotLightMk2_Normal
[LOG 17:49:24.412] Load DDS texture: Squad/Parts/Utility/stackCouplers/Assets/stackCouplersDiffuse
[LOG 17:49:24.413] Load DDS texture: Squad/Parts/Utility/stackCouplers/Assets/stackCouplersDiffuse_Dark
[LOG 17:49:24.413] Load DDS texture: Squad/Parts/Utility/stackCouplers/Assets/stackCouplersDiffuse_Orange
[LOG 17:49:24.415] Load DDS texture: Squad/Parts/Utility/stackCouplers/Assets/stackCouplers_NRM
[LOG 17:49:24.417] Load DDS texture: Squad/Parts/Utility/stackCouplers/Assets/stackCouplers_Orange_NRM
[LOG 17:49:24.418] Load DDS texture: Squad/Parts/Wheel/LandingGear/Flare
[LOG 17:49:24.418] Load DDS texture: Squad/Parts/Wheel/LandingGear/LandingGear
[LOG 17:49:24.420] Load DDS texture: Squad/Parts/Wheel/LandingGear/LandingGear_Emissive
[LOG 17:49:24.420] Load DDS texture: Squad/Parts/Wheel/roverWheelM1/model000
[LOG 17:49:24.420] Load DDS texture: Squad/Parts/Wheel/roverWheelM1/roverwheel1
[LOG 17:49:24.420] Load DDS texture: Squad/Parts/Wheel/roverWheelS2/model000
[LOG 17:49:24.421] Load DDS texture: Squad/Parts/Wheel/roverWheelS2/model001
[LOG 17:49:24.421] Load DDS texture: Squad/Parts/Wheel/roverWheelS2/roverwheel2
[LOG 17:49:24.421] Load DDS texture: Squad/Parts/Wheel/roverWheelS2/roverwheel2_n
[LOG 17:49:24.421] Load DDS texture: Squad/Parts/Wheel/roverWheelTR-2L/ksp_r_medWheel_diff
[LOG 17:49:24.426] Load DDS texture: Squad/Parts/Wheel/roverWheelTR-2L/ksp_r_medWheel_normal
[LOG 17:49:24.427] Load DDS texture: Squad/Parts/Wheel/roverWheelTR-2L/ksp_r_medWheel_wheel_diff
[LOG 17:49:24.428] Load DDS texture: Squad/Parts/Wheel/roverWheelTR-2L/ksp_r_medWheel_wheel_normal
[LOG 17:49:24.429] Load DDS texture: Squad/Parts/Wheel/roverWheelXL3/mount
[LOG 17:49:24.429] Load DDS texture: Squad/Parts/Wheel/roverWheelXL3/mount_n
[LOG 17:49:24.430] Load DDS texture: Squad/Parts/Wheel/roverWheelXL3/wheel
[LOG 17:49:24.430] Load DDS texture: Squad/Parts/Wheel/roverWheelXL3/wheel_n
[LOG 17:49:24.430] Load DDS texture: Squad/Props/AltimeterThreeHands/model000
[LOG 17:49:24.430] Load DDS texture: Squad/Props/AltimeterThreeHands/model001
[LOG 17:49:24.430] Load DDS texture: Squad/Props/AtmosphereDepth/model000
[LOG 17:49:24.430] Load DDS texture: Squad/Props/AtmosphereDepth/model001
[LOG 17:49:24.430] Load DDS texture: Squad/Props/AxisIndicator/model000
[LOG 17:49:24.431] Load DDS texture: Squad/Props/buttonsGeneric/ButtonsAndSwitches
[LOG 17:49:24.431] Load DDS texture: Squad/Props/ButtonSquare/model000
[LOG 17:49:24.431] Load DDS texture: Squad/Props/circularButton/model000
[LOG 17:49:24.431] Load DDS texture: Squad/Props/Compass/model000
[LOG 17:49:24.431] Load DDS texture: Squad/Props/directionalKnob/model000
[LOG 17:49:24.431] Load DDS texture: Squad/Props/directionalKnob2/model000
[LOG 17:49:24.431] Load DDS texture: Squad/Props/IndicatorPanel/model000
[LOG 17:49:24.432] Load DDS texture: Squad/Props/IndicatorPanel/model001
[LOG 17:49:24.432] Load DDS texture: Squad/Props/IVANavBall/Arrows8dir
[LOG 17:49:24.432] Load DDS texture: Squad/Props/IVANavBall/IVANavBall
[LOG 17:49:24.433] Load DDS texture: Squad/Props/IVANavBall/IVANavBall_Glow
[LOG 17:49:24.433] Load DDS texture: Squad/Props/IVANavBall/ManeuverNode_vectors
[LOG 17:49:24.433] Load DDS texture: Squad/Props/IVANavBall/navball2
[LOG 17:49:24.433] Load DDS texture: Squad/Props/IVANavBall/navBall_DV_IVA
[LOG 17:49:24.433] Load DDS texture: Squad/Props/IVANavBall/navBall_vectors_IVA
[LOG 17:49:24.434] Load Cached PNG Texture: Squad/Props/IVANavBallNoBase/Arrows8dir
[LOG 17:49:24.434] Load Cached PNG Texture: Squad/Props/IVANavBallNoBase/IVANavBall
[LOG 17:49:24.434] Load Cached PNG Texture: Squad/Props/IVANavBallNoBase/ManeuverNode_vectors
[LOG 17:49:24.434] Load Cached PNG Texture: Squad/Props/IVANavBallNoBase/navball2
[LOG 17:49:24.434] Load Cached PNG Texture: Squad/Props/IVANavBallNoBase/navBall_DV_IVA
[LOG 17:49:24.435] Load Cached PNG Texture: Squad/Props/IVANavBallNoBase/navBall_vectors_IVA
[LOG 17:49:24.435] Load DDS texture: Squad/Props/ledPanelSpeed/circularButton
[LOG 17:49:24.435] Load DDS texture: Squad/Props/ledPanelSpeed/ledPanel
[LOG 17:49:24.435] Load DDS texture: Squad/Props/Monitor/Emissives
[LOG 17:49:24.435] Load DDS texture: Squad/Props/Monitor/Emissives_glow
[LOG 17:49:24.436] Load DDS texture: Squad/Props/Monitor/Monitor
[LOG 17:49:24.436] Load DDS texture: Squad/Props/NavBall/GaugeGee
[LOG 17:49:24.436] Load DDS texture: Squad/Props/NavBall/GaugeThrottle
[LOG 17:49:24.436] Load DDS texture: Squad/Props/NavBall/model000
[LOG 17:49:24.436] Load DDS texture: Squad/Props/NavBall/model001
[LOG 17:49:24.436] Load DDS texture: Squad/Props/NavBall/model002
[LOG 17:49:24.437] Load DDS texture: Squad/Props/NavBall/model003
[LOG 17:49:24.437] Load DDS texture: Squad/Props/PropsGeneric/propsGeneric
[LOG 17:49:24.437] Load DDS texture: Squad/Props/pullSwitch/model000
[LOG 17:49:24.438] Load DDS texture: Squad/Props/pullSwitch/model001
[LOG 17:49:24.438] Load DDS texture: Squad/Props/radarAltitude/model000
[LOG 17:49:24.438] Load DDS texture: Squad/Props/squareButton/model000
[LOG 17:49:24.438] Load DDS texture: Squad/Props/standingSwitch/model000
[LOG 17:49:24.438] Load DDS texture: Squad/Props/standingSwitch/model001
[LOG 17:49:24.439] Load DDS texture: Squad/Props/switch/model000
[LOG 17:49:24.439] Load DDS texture: Squad/Props/switchGuard/model000
[LOG 17:49:24.439] Load DDS texture: Squad/Props/switchWithGuards/model000
[LOG 17:49:24.439] Load DDS texture: Squad/Props/switchWithGuards/model001
[LOG 17:49:24.444] Load DDS texture: Squad/Props/switchWithGuards/model002
[LOG 17:49:24.444] Load DDS texture: Squad/Props/throttle/model000
[LOG 17:49:24.444] Load DDS texture: Squad/Props/throttle/model001
[LOG 17:49:24.445] Load DDS texture: Squad/Props/VSI/model000
[LOG 17:49:24.445] Load DDS texture: Squad/Spaces/crewCabinInternals/model000
[LOG 17:49:24.445] Load DDS texture: Squad/Spaces/crewCabinInternals/model001
[LOG 17:49:24.450] Load DDS texture: Squad/Spaces/crewCabinInternals/model002
[LOG 17:49:24.450] Load DDS texture: Squad/Spaces/crewCabinInternals/model003
[LOG 17:49:24.451] Load DDS texture: Squad/Spaces/crewCabinInternals/model004
[LOG 17:49:24.451] Load DDS texture: Squad/Spaces/crewCabinInternals/model005
[LOG 17:49:24.451] Load DDS texture: Squad/Spaces/cupolaInternal/ksp_l_cupola_internal_diff
[LOG 17:49:24.461] Load DDS texture: Squad/Spaces/cupolaInternal/ksp_l_cupola_internal_normal
[LOG 17:49:24.467] Load DDS texture: Squad/Spaces/cupolaInternal/ksp_l_cupola_internal_windows_alpha
[LOG 17:49:24.468] Load DDS texture: Squad/Spaces/cupolaInternal/pilot Seat
[LOG 17:49:24.469] Load DDS texture: Squad/Spaces/GenericSpace1/model000
[LOG 17:49:24.470] Load DDS texture: Squad/Spaces/GenericSpace1/model001
[LOG 17:49:24.471] Load DDS texture: Squad/Spaces/GenericSpace1/model002
[LOG 17:49:24.471] Load DDS texture: Squad/Spaces/GenericSpace1/model003
[LOG 17:49:24.472] Load DDS texture: Squad/Spaces/GenericSpace1/model004
[LOG 17:49:24.473] Load DDS texture: Squad/Spaces/GenericSpace1/model005
[LOG 17:49:24.475] Load DDS texture: Squad/Spaces/GenericSpace3/model000
[LOG 17:49:24.476] Load DDS texture: Squad/Spaces/GenericSpace3/model001
[LOG 17:49:24.477] Load DDS texture: Squad/Spaces/GenericSpace3/model002
[LOG 17:49:24.477] Load DDS texture: Squad/Spaces/GenericSpace3/model003
[LOG 17:49:24.478] Load DDS texture: Squad/Spaces/GenericSpace3/model004
[LOG 17:49:24.479] Load DDS texture: Squad/Spaces/GenericSpace3/model005
[LOG 17:49:24.480] Load DDS texture: Squad/Spaces/GenericSpace3/model006
[LOG 17:49:24.481] Load DDS texture: Squad/Spaces/GenericSpace3/model007
[LOG 17:49:24.481] Load DDS texture: Squad/Spaces/landerCabinInternals/model000
[LOG 17:49:24.482] Load DDS texture: Squad/Spaces/landerCabinInternals/model001
[LOG 17:49:24.484] Load DDS texture: Squad/Spaces/landerCabinInternals/model002
[LOG 17:49:24.484] Load DDS texture: Squad/Spaces/landerCabinInternals/model003
[LOG 17:49:24.489] Load DDS texture: Squad/Spaces/landerCabinInternals/model004
[LOG 17:49:24.495] Load DDS texture: Squad/Spaces/landerCabinInternals/model005
[LOG 17:49:24.495] Load DDS texture: Squad/Spaces/landerCabinInternals/model006
[LOG 17:49:24.496] Load DDS texture: Squad/Spaces/landerCabinInternals/model007
[LOG 17:49:24.496] Load DDS texture: Squad/Spaces/landerCabinSmallInternal/ksp_s_landerCan_internal_diff
[LOG 17:49:24.500] Load DDS texture: Squad/Spaces/landerCabinSmallInternal/ksp_s_landerCan_internal_normal
[LOG 17:49:24.507] Load DDS texture: Squad/Spaces/landerCabinSmallInternal/ksp_s_landerCan_internal_window_alpha
[LOG 17:49:24.508] Load DDS texture: Squad/Spaces/landerCabinSmallInternal/pilot Seat
[LOG 17:49:24.509] Load DDS texture: Squad/Spaces/LargeCrewedLabInternals/Glass
[LOG 17:49:24.509] Load DDS texture: Squad/Spaces/LargeCrewedLabInternals/MPL_Int
[LOG 17:49:24.513] Load DDS texture: Squad/Spaces/LargeCrewedLabInternals/MPL_Int_n_NRM
[LOG 17:49:24.514] Load DDS texture: Squad/Spaces/Mk1-3/Mk1_3_IvaProps_Diffuse
[LOG 17:49:24.518] Load DDS texture: Squad/Spaces/Mk1-3/Mk1_3_IvaProps_Normal
[LOG 17:49:24.523] Load DDS texture: Squad/Spaces/Mk1-3/Mk1_3_IvaShell_Diffuse
[LOG 17:49:24.533] Load DDS texture: Squad/Spaces/Mk1-3/Mk1_3_IvaShell_Emissive
[LOG 17:49:24.537] Load DDS texture: Squad/Spaces/Mk1-3/Mk1_3_IvaShell_Normal
[LOG 17:49:24.543] Load DDS texture: Squad/Spaces/Mk1-3/pilot Seat
[LOG 17:49:24.544] Load DDS texture: Squad/Spaces/mk1CabinInternal/Cabin_Lightmap
[LOG 17:49:24.544] Load DDS texture: Squad/Spaces/mk1CabinInternal/CockpitGeneric
[LOG 17:49:24.545] Load DDS texture: Squad/Spaces/mk1CabinInternal/CockpitGeneric_NRM
[LOG 17:49:24.545] Load DDS texture: Squad/Spaces/mk1CockpitInternal/CockpitGeneric
[LOG 17:49:24.545] Load DDS texture: Squad/Spaces/mk1CockpitInternal/CockpitGeneric_NRM
[LOG 17:49:24.545] Load DDS texture: Squad/Spaces/mk1CockpitInternal/IVAMAP
[LOG 17:49:24.545] Load DDS texture: Squad/Spaces/mk1CockpitInternal/Windows
[LOG 17:49:24.545] Load DDS texture: Squad/Spaces/mk1InlineInternal/Canopy
[LOG 17:49:24.546] Load DDS texture: Squad/Spaces/mk1InlineInternal/CockpitGeneric
[LOG 17:49:24.546] Load DDS texture: Squad/Spaces/mk1InlineInternal/CockpitGeneric_NRM
[LOG 17:49:24.546] Load DDS texture: Squad/Spaces/mk1InlineInternal/Mk1Inline_Lightmap
[LOG 17:49:24.546] Load DDS texture: Squad/Spaces/mk1PodCockpit/model000
[LOG 17:49:24.547] Load DDS texture: Squad/Spaces/mk1PodCockpit/model001
[LOG 17:49:24.547] Load DDS texture: Squad/Spaces/mk1PodCockpit/model002
[LOG 17:49:24.549] Load DDS texture: Squad/Spaces/mk1PodCockpit/model003
[LOG 17:49:24.549] Load DDS texture: Squad/Spaces/mk1PodCockpit/model004
[LOG 17:49:24.553] Load DDS texture: Squad/Spaces/mk1PodCockpit/model005
[LOG 17:49:24.553] Load DDS texture: Squad/Spaces/mk1PodCockpit/model006
[LOG 17:49:24.555] Load DDS texture: Squad/Spaces/mk1PodCockpit/model007
[LOG 17:49:24.556] Load DDS texture: Squad/Spaces/mk1pod_IVA/mk1pod_iva_props_diffuse
[LOG 17:49:24.565] Load DDS texture: Squad/Spaces/mk1pod_IVA/mk1pod_iva_props_emissive
[LOG 17:49:24.566] Load DDS texture: Squad/Spaces/mk1pod_IVA/mk1pod_iva_props_normal
[LOG 17:49:24.571] Load DDS texture: Squad/Spaces/mk1pod_IVA/mk1pod_iva_shell_diffuse
[LOG 17:49:24.579] Load DDS texture: Squad/Spaces/mk1pod_IVA/mk1pod_iva_shell_normal
[LOG 17:49:24.586] Load MBM texture: Squad/Spaces/mk1pod_IVA/pilot Seat
[LOG 17:49:24.636] Load DDS texture: Squad/Spaces/mk2CockpitStandardInternal/CargoBagA
[LOG 17:49:24.636] Load DDS texture: Squad/Spaces/mk2CockpitStandardInternal/Mk2StandardIVA
[LOG 17:49:24.637] Load DDS texture: Squad/Spaces/mk2CockpitStandardInternal/Pilotseat
[LOG 17:49:24.637] Load DDS texture: Squad/Spaces/mk2CockpitStandardInternal/Windows
[LOG 17:49:24.637] Load DDS texture: Squad/Spaces/Mk2CrewCabinInternal/CargoBagA
[LOG 17:49:24.638] Load DDS texture: Squad/Spaces/Mk2CrewCabinInternal/Glass
[LOG 17:49:24.638] Load DDS texture: Squad/Spaces/Mk2CrewCabinInternal/Mk2StandardIVA
[LOG 17:49:24.638] Load DDS texture: Squad/Spaces/Mk2CrewCabinInternal/Pilotseat
[LOG 17:49:24.639] Load DDS texture: Squad/Spaces/mk2InlineInternal/CockpitGeneric
[LOG 17:49:24.639] Load DDS texture: Squad/Spaces/mk2InlineInternal/CockpitGeneric_NRM
[LOG 17:49:24.640] Load DDS texture: Squad/Spaces/mk2InlineInternal/Mk2InlineLightmap
[LOG 17:49:24.641] Load DDS texture: Squad/Spaces/mk2InlineInternal/propsGeneric
[LOG 17:49:24.641] Load DDS texture: Squad/Spaces/mk2LanderCanInternal/mk2LanderCan_props_diffuse
[LOG 17:49:24.649] Load DDS texture: Squad/Spaces/mk2LanderCanInternal/mk2LanderCan_props_normal
[LOG 17:49:24.657] Load DDS texture: Squad/Spaces/mk2LanderCanInternal/mk2LanderCan_shell_diffuse
[LOG 17:49:24.665] Load DDS texture: Squad/Spaces/mk2LanderCanInternal/mk2LanderCan_shell_normal
[LOG 17:49:24.675] Load MBM texture: Squad/Spaces/mk2LanderCanInternal/pilot Seat
[LOG 17:49:24.721] Load DDS texture: Squad/Spaces/MK3CockpitInternal/Glass
[LOG 17:49:24.722] Load DDS texture: Squad/Spaces/MK3CockpitInternal/Mk2StandardIVA
[LOG 17:49:24.722] Load DDS texture: Squad/Spaces/MK3_CrewCab_Int/Glass
[LOG 17:49:24.723] Load DDS texture: Squad/Spaces/MK3_CrewCab_Int/GlassMK3CC
[LOG 17:49:24.723] Load DDS texture: Squad/Spaces/MK3_CrewCab_Int/Mk2StandardIVA
[LOG 17:49:24.723] Load DDS texture: Squad/Spaces/MK3_CrewCab_Int/MK3_CrewCab_Int
[LOG 17:49:24.724] Load DDS texture: Squad/Spaces/MK3_CrewCab_Int/MK3_CrewCab_Int_n
[LOG 17:49:24.724] Load DDS texture: Squad/Spaces/MK3_CrewCab_Int/Pilotseat
[LOG 17:49:24.724] Load DDS texture: Squad/Spaces/Placeholder/PlaceholderIVA
[LOG 17:49:24.724] Load DDS texture: Squad/Spaces/PodCockpit/model000
[LOG 17:49:24.724] Load DDS texture: Squad/Spaces/PodCockpit/model001
[LOG 17:49:24.725] Load DDS texture: Squad/Spaces/PodCockpit/model002
[LOG 17:49:24.726] Load DDS texture: Squad/Spaces/PodCockpit/model003
[LOG 17:49:24.729] Load DDS texture: Squad/Spaces/PodCockpit/model004
[LOG 17:49:24.730] Load DDS texture: Squad/Spaces/PodCockpit/model005
[LOG 17:49:24.732] Load DDS texture: Squad/Spaces/PodCockpit/model006
[LOG 17:49:24.732] Load DDS texture: Squad/Spaces/PodCockpit/model007
[LOG 17:49:24.734] Load DDS texture: Squad/Spaces/sharedAssets/CockpitGeneric
[LOG 17:49:24.736] Load DDS texture: Squad/Spaces/sharedAssets/CockpitGeneric_NRM
[LOG 17:49:24.737] Load Cached PNG Texture: Squad/Strategies/Icons/AggressiveNegotiations
[LOG 17:49:24.737] Load Cached PNG Texture: Squad/Strategies/Icons/AppreciationCampaign
[LOG 17:49:24.737] Load Cached PNG Texture: Squad/Strategies/Icons/BailOutGrant
[LOG 17:49:24.737] Load Cached PNG Texture: Squad/Strategies/Icons/FundraisingCampaign
[LOG 17:49:24.737] Load Cached PNG Texture: Squad/Strategies/Icons/LeadershipInitiative
[LOG 17:49:24.737] Load Cached PNG Texture: Squad/Strategies/Icons/OpenSourceTechProgram
[LOG 17:49:24.737] Load Cached PNG Texture: Squad/Strategies/Icons/OutsourcedResearch
[LOG 17:49:24.738] Load Cached PNG Texture: Squad/Strategies/Icons/PatentsLicensing
[LOG 17:49:24.738] Load Cached PNG Texture: Squad/Strategies/Icons/RecoveryTransponderFitting
[LOG 17:49:24.738] Load Cached PNG Texture: Squad/Strategies/Icons/ResearchRightsSellOut
[LOG 17:49:24.738] Load Cached PNG Texture: Squad/Strategies/Icons/UnpaidResearchProgram
[LOG 17:49:24.738] Load Cached PNG Texture: Squad/Tutorials/ChuteColors
[LOG 17:49:24.739] Load DDS texture: Squad/Tutorials/EditorCoM
[LOG 17:49:24.739] Load Cached PNG Texture: Squad/Tutorials/EditorSnap
[LOG 17:49:24.739] Load Cached PNG Texture: Squad/Tutorials/EditorSnap4x
[LOG 17:49:24.739] Load Cached PNG Texture: Squad/Tutorials/EditorSymm
[LOG 17:49:24.739] Load Cached PNG Texture: Squad/Tutorials/StagingStack
[LOG 17:49:24.739] Load PNG texture: Squad/Tutorials/YPRDiagram
[WRN 17:49:24.741] Texture isn't eligible for DXT compression, width and height must be multiples of 4
[LOG 17:49:24.741] Load Cached PNG Texture: SquadExpansion/MakingHistory/Banners/Fail/default
[LOG 17:49:24.742] Load Cached PNG Texture: SquadExpansion/MakingHistory/Banners/Fail/fail01
[LOG 17:49:24.742] Load Cached PNG Texture: SquadExpansion/MakingHistory/Banners/Fail/fail02
[LOG 17:49:24.742] Load PNG texture: SquadExpansion/MakingHistory/Banners/Menu/default
[WRN 17:49:24.745] Texture isn't eligible for DXT compression, width and height must be multiples of 4
[LOG 17:49:24.745] Load PNG texture: SquadExpansion/MakingHistory/Banners/Menu/MBanner_01
[WRN 17:49:24.751] Texture isn't eligible for DXT compression, width and height must be multiples of 4
[LOG 17:49:24.751] Load PNG texture: SquadExpansion/MakingHistory/Banners/Menu/MBanner_02
[WRN 17:49:24.755] Texture isn't eligible for DXT compression, width and height must be multiples of 4
[LOG 17:49:24.756] Load PNG texture: SquadExpansion/MakingHistory/Banners/Menu/MBanner_03
[WRN 17:49:24.760] Texture isn't eligible for DXT compression, width and height must be multiples of 4
[LOG 17:49:24.760] Load Cached PNG Texture: SquadExpansion/MakingHistory/Banners/Success/default
[LOG 17:49:24.760] Load Cached PNG Texture: SquadExpansion/MakingHistory/Banners/Success/success01
[LOG 17:49:24.760] Load Cached PNG Texture: SquadExpansion/MakingHistory/Banners/Success/success02
[LOG 17:49:24.760] Load Cached PNG Texture: SquadExpansion/MakingHistory/Missions/Acapello 13/Banners/Fail/fail01
[LOG 17:49:24.760] Load PNG texture: SquadExpansion/MakingHistory/Missions/Acapello 13/Banners/Menu/Mun
[WRN 17:49:24.763] Texture isn't eligible for DXT compression, width and height must be multiples of 4
[LOG 17:49:24.763] Load Cached PNG Texture: SquadExpansion/MakingHistory/Missions/Acapello 13/Banners/Success/success01
[LOG 17:49:24.763] Load Cached PNG Texture: SquadExpansion/MakingHistory/Missions/Acapello 15/Banners/Fail/default
[LOG 17:49:24.763] Load Cached PNG Texture: SquadExpansion/MakingHistory/Missions/Acapello 15/Banners/Fail/fail02
[LOG 17:49:24.763] Load PNG texture: SquadExpansion/MakingHistory/Missions/Acapello 15/Banners/Menu/default
[WRN 17:49:24.766] Texture isn't eligible for DXT compression, width and height must be multiples of 4
[LOG 17:49:24.766] Load Cached PNG Texture: SquadExpansion/MakingHistory/Missions/Acapello 15/Banners/Success/default
[LOG 17:49:24.766] Load Cached PNG Texture: SquadExpansion/MakingHistory/Missions/Blue Mun/Banners/Fail/fail01
[LOG 17:49:24.766] Load PNG texture: SquadExpansion/MakingHistory/Missions/Blue Mun/Banners/Menu/default
[WRN 17:49:24.769] Texture isn't eligible for DXT compression, width and height must be multiples of 4
[LOG 17:49:24.769] Load Cached PNG Texture: SquadExpansion/MakingHistory/Missions/Blue Mun/Banners/Success/success02
[LOG 17:49:24.769] Load Cached PNG Texture: SquadExpansion/MakingHistory/Missions/Dawn of the Space Age/Banners/Fail/default
[LOG 17:49:24.769] Load PNG texture: SquadExpansion/MakingHistory/Missions/Dawn of the Space Age/Banners/Menu/default
[WRN 17:49:24.772] Texture isn't eligible for DXT compression, width and height must be multiples of 4
[LOG 17:49:24.772] Load Cached PNG Texture: SquadExpansion/MakingHistory/Missions/Dawn of the Space Age/Banners/Success/default
[LOG 17:49:24.772] Load Cached PNG Texture: SquadExpansion/MakingHistory/Missions/Meet Me in Zero G/Banners/Fail/default
[LOG 17:49:24.772] Load Cached PNG Texture: SquadExpansion/MakingHistory/Missions/Meet Me in Zero G/Banners/Fail/fail01
[LOG 17:49:24.772] Load PNG texture: SquadExpansion/MakingHistory/Missions/Meet Me in Zero G/Banners/Menu/default
[WRN 17:49:24.774] Texture isn't eligible for DXT compression, width and height must be multiples of 4
[LOG 17:49:24.774] Load Cached PNG Texture: SquadExpansion/MakingHistory/Missions/Meet Me in Zero G/Banners/Success/default
[LOG 17:49:24.774] Load Cached PNG Texture: SquadExpansion/MakingHistory/Missions/Meet Me in Zero G/Banners/Success/success02
[LOG 17:49:24.775] Load Cached PNG Texture: SquadExpansion/MakingHistory/Missions/Munar 1/Banners/Fail/default
[LOG 17:49:24.775] Load Cached PNG Texture: SquadExpansion/MakingHistory/Missions/Munar 1/Banners/Fail/fail02
[LOG 17:49:24.775] Load PNG texture: SquadExpansion/MakingHistory/Missions/Munar 1/Banners/Menu/default
[WRN 17:49:24.778] Texture isn't eligible for DXT compression, width and height must be multiples of 4
[LOG 17:49:24.778] Load Cached PNG Texture: SquadExpansion/MakingHistory/Missions/Munar 1/Banners/Success/default
[LOG 17:49:24.778] Load Cached PNG Texture: SquadExpansion/MakingHistory/Missions/Munar 1/Banners/Success/success01
[LOG 17:49:24.778] Load Cached PNG Texture: SquadExpansion/MakingHistory/Missions/Sally-Hut 1/Banners/Fail/default
[LOG 17:49:24.778] Load Cached PNG Texture: SquadExpansion/MakingHistory/Missions/Sally-Hut 1/Banners/Fail/fail01
[LOG 17:49:24.778] Load Cached PNG Texture: SquadExpansion/MakingHistory/Missions/Sally-Hut 1/Banners/Menu/bannerSatellite
[LOG 17:49:24.778] Load Cached PNG Texture: SquadExpansion/MakingHistory/Missions/Sally-Hut 1/Banners/Success/default
[LOG 17:49:24.778] Load Cached PNG Texture: SquadExpansion/MakingHistory/Missions/Sally-Hut 1/Banners/Success/success02
[LOG 17:49:24.778] Load Cached PNG Texture: SquadExpansion/MakingHistory/Missions/To the Mun Via Minmus/Banners/Fail/fail02
[LOG 17:49:24.778] Load PNG texture: SquadExpansion/MakingHistory/Missions/To the Mun Via Minmus/Banners/Menu/MissionBannerKerbin
[WRN 17:49:24.781] Texture isn't eligible for DXT compression, width and height must be multiples of 4
[LOG 17:49:24.781] Load Cached PNG Texture: SquadExpansion/MakingHistory/Missions/To the Mun Via Minmus/Banners/Success/success01
[LOG 17:49:24.781] Load Cached PNG Texture: SquadExpansion/MakingHistory/Missions/Trouble in the Void/Banners/Fail/fail01
[LOG 17:49:24.782] Load PNG texture: SquadExpansion/MakingHistory/Missions/Trouble in the Void/Banners/Menu/default
[WRN 17:49:24.784] Texture isn't eligible for DXT compression, width and height must be multiples of 4
[LOG 17:49:24.784] Load Cached PNG Texture: SquadExpansion/MakingHistory/Missions/Trouble in the Void/Banners/Success/success02
[LOG 17:49:24.784] Load Cached PNG Texture: SquadExpansion/MakingHistory/Missions/Ziggy Kerman and the Spiders from Duna/Banners/Fail/fail02
[LOG 17:49:24.784] Load Cached PNG Texture: SquadExpansion/MakingHistory/Missions/Ziggy Kerman and the Spiders from Duna/Banners/Menu/bannerSatellite
[LOG 17:49:24.784] Load Cached PNG Texture: SquadExpansion/MakingHistory/Missions/Ziggy Kerman and the Spiders from Duna/Banners/Success/success01
[LOG 17:49:24.784] Load Cached PNG Texture: SquadExpansion/MakingHistory/Parts/@thumbs/Decoupler.1p5_icon0
[LOG 17:49:24.784] Load Cached PNG Texture: SquadExpansion/MakingHistory/Parts/@thumbs/Decoupler.1p5_icon1
[LOG 17:49:24.784] Load Cached PNG Texture: SquadExpansion/MakingHistory/Parts/@thumbs/EquiTriangle0_icon0
[LOG 17:49:24.784] Load Cached PNG Texture: SquadExpansion/MakingHistory/Parts/@thumbs/EquiTriangle0_icon1
[LOG 17:49:24.785] Load Cached PNG Texture: SquadExpansion/MakingHistory/Parts/@thumbs/EquiTriangle0_icon2
[LOG 17:49:24.785] Load Cached PNG Texture: SquadExpansion/MakingHistory/Parts/@thumbs/EquiTriangle0_icon3
[LOG 17:49:24.785] Load Cached PNG Texture: SquadExpansion/MakingHistory/Parts/@thumbs/EquiTriangle1p5_icon0
[LOG 17:49:24.785] Load Cached PNG Texture: SquadExpansion/MakingHistory/Parts/@thumbs/EquiTriangle1p5_icon1
[LOG 17:49:24.785] Load Cached PNG Texture: SquadExpansion/MakingHistory/Parts/@thumbs/EquiTriangle1p5_icon2
[LOG 17:49:24.785] Load Cached PNG Texture: SquadExpansion/MakingHistory/Parts/@thumbs/EquiTriangle1p5_icon3
[LOG 17:49:24.785] Load Cached PNG Texture: SquadExpansion/MakingHistory/Parts/@thumbs/EquiTriangle1_icon0
[LOG 17:49:24.785] Load Cached PNG Texture: SquadExpansion/MakingHistory/Parts/@thumbs/EquiTriangle1_icon1
[LOG 17:49:24.785] Load Cached PNG Texture: SquadExpansion/MakingHistory/Parts/@thumbs/EquiTriangle1_icon2
[LOG 17:49:24.785] Load Cached PNG Texture: SquadExpansion/MakingHistory/Parts/@thumbs/EquiTriangle1_icon3
[LOG 17:49:24.785] Load Cached PNG Texture: SquadExpansion/MakingHistory/Parts/@thumbs/EquiTriangle2_icon0
[LOG 17:49:24.785] Load Cached PNG Texture: SquadExpansion/MakingHistory/Parts/@thumbs/EquiTriangle2_icon1
[LOG 17:49:24.785] Load Cached PNG Texture: SquadExpansion/MakingHistory/Parts/@thumbs/EquiTriangle2_icon2
[LOG 17:49:24.786] Load Cached PNG Texture: SquadExpansion/MakingHistory/Parts/@thumbs/EquiTriangle2_icon3
[LOG 17:49:24.786] Load Cached PNG Texture: SquadExpansion/MakingHistory/Parts/@thumbs/HeatShield1p5_icon
[LOG 17:49:24.786] Load Cached PNG Texture: SquadExpansion/MakingHistory/Parts/@thumbs/InflatableAirlock_icon
[LOG 17:49:24.786] Load Cached PNG Texture: SquadExpansion/MakingHistory/Parts/@thumbs/LiquidEngineRV-1_icon
[LOG 17:49:24.786] Load Cached PNG Texture: SquadExpansion/MakingHistory/Parts/@thumbs/monopropMiniSphere_icon
[LOG 17:49:24.786] Load Cached PNG Texture: SquadExpansion/MakingHistory/Parts/@thumbs/Panel0_icon0
[LOG 17:49:24.786] Load Cached PNG Texture: SquadExpansion/MakingHistory/Parts/@thumbs/Panel0_icon1
[LOG 17:49:24.786] Load Cached PNG Texture: SquadExpansion/MakingHistory/Parts/@thumbs/Panel0_icon2
[LOG 17:49:24.786] Load Cached PNG Texture: SquadExpansion/MakingHistory/Parts/@thumbs/Panel0_icon3
[LOG 17:49:24.786] Load Cached PNG Texture: SquadExpansion/MakingHistory/Parts/@thumbs/Panel1p5_icon0
[LOG 17:49:24.786] Load Cached PNG Texture: SquadExpansion/MakingHistory/Parts/@thumbs/Panel1p5_icon1
[LOG 17:49:24.786] Load Cached PNG Texture: SquadExpansion/MakingHistory/Parts/@thumbs/Panel1p5_icon2
[LOG 17:49:24.786] Load Cached PNG Texture: SquadExpansion/MakingHistory/Parts/@thumbs/Panel1p5_icon3
[LOG 17:49:24.786] Load Cached PNG Texture: SquadExpansion/MakingHistory/Parts/@thumbs/Panel1_icon0
[LOG 17:49:24.787] Load Cached PNG Texture: SquadExpansion/MakingHistory/Parts/@thumbs/Panel1_icon1
[LOG 17:49:24.787] Load Cached PNG Texture: SquadExpansion/MakingHistory/Parts/@thumbs/Panel1_icon2
[LOG 17:49:24.787] Load Cached PNG Texture: SquadExpansion/MakingHistory/Parts/@thumbs/Panel1_icon3
[LOG 17:49:24.787] Load Cached PNG Texture: SquadExpansion/MakingHistory/Parts/@thumbs/roverWheelM1-F_icon0
[LOG 17:49:24.787] Load Cached PNG Texture: SquadExpansion/MakingHistory/Parts/@thumbs/roverWheelM1-F_icon1
[LOG 17:49:24.787] Load Cached PNG Texture: SquadExpansion/MakingHistory/Parts/@thumbs/Separator.1p5_icon0
[LOG 17:49:24.787] Load Cached PNG Texture: SquadExpansion/MakingHistory/Parts/@thumbs/Separator.1p5_icon1
[LOG 17:49:24.787] Load Cached PNG Texture: SquadExpansion/MakingHistory/Parts/@thumbs/Size1p5.Strut.Decoupler_icon0
[LOG 17:49:24.787] Load Cached PNG Texture: SquadExpansion/MakingHistory/Parts/@thumbs/Size1p5.Strut.Decoupler_icon1
[LOG 17:49:24.787] Load Cached PNG Texture: SquadExpansion/MakingHistory/Parts/@thumbs/Size1to0ServiceModule_icon
[LOG 17:49:24.787] Load Cached PNG Texture: SquadExpansion/MakingHistory/Parts/@thumbs/Triangle0_icon0
[LOG 17:49:24.787] Load Cached PNG Texture: SquadExpansion/MakingHistory/Parts/@thumbs/Triangle0_icon1
[LOG 17:49:24.787] Load Cached PNG Texture: SquadExpansion/MakingHistory/Parts/@thumbs/Triangle0_icon2
[LOG 17:49:24.787] Load Cached PNG Texture: SquadExpansion/MakingHistory/Parts/@thumbs/Triangle0_icon3
[LOG 17:49:24.788] Load Cached PNG Texture: SquadExpansion/MakingHistory/Parts/@thumbs/Triangle1p5_icon0
[LOG 17:49:24.788] Load Cached PNG Texture: SquadExpansion/MakingHistory/Parts/@thumbs/Triangle1p5_icon1
[LOG 17:49:24.788] Load Cached PNG Texture: SquadExpansion/MakingHistory/Parts/@thumbs/Triangle1p5_icon2
[LOG 17:49:24.788] Load Cached PNG Texture: SquadExpansion/MakingHistory/Parts/@thumbs/Triangle1p5_icon3
[LOG 17:49:24.788] Load Cached PNG Texture: SquadExpansion/MakingHistory/Parts/@thumbs/Triangle1_icon0
[LOG 17:49:24.788] Load Cached PNG Texture: SquadExpansion/MakingHistory/Parts/@thumbs/Triangle1_icon1
[LOG 17:49:24.788] Load Cached PNG Texture: SquadExpansion/MakingHistory/Parts/@thumbs/Triangle1_icon2
[LOG 17:49:24.788] Load Cached PNG Texture: SquadExpansion/MakingHistory/Parts/@thumbs/Triangle1_icon3
[LOG 17:49:24.788] Load Cached PNG Texture: SquadExpansion/MakingHistory/Parts/@thumbs/Triangle2_icon0
[LOG 17:49:24.788] Load Cached PNG Texture: SquadExpansion/MakingHistory/Parts/@thumbs/Triangle2_icon1
[LOG 17:49:24.788] Load Cached PNG Texture: SquadExpansion/MakingHistory/Parts/@thumbs/Triangle2_icon2
[LOG 17:49:24.788] Load Cached PNG Texture: SquadExpansion/MakingHistory/Parts/@thumbs/Triangle2_icon3
[LOG 17:49:24.788] Load Cached PNG Texture: SquadExpansion/MakingHistory/Parts/@thumbs/Tube1_icon0
[LOG 17:49:24.788] Load Cached PNG Texture: SquadExpansion/MakingHistory/Parts/@thumbs/Tube1_icon1
[LOG 17:49:24.789] Load Cached PNG Texture: SquadExpansion/MakingHistory/Parts/@thumbs/Tube1_icon2
[LOG 17:49:24.789] Load Cached PNG Texture: SquadExpansion/MakingHistory/Parts/@thumbs/Tube1_icon3
[LOG 17:49:24.789] Load Cached PNG Texture: SquadExpansion/MakingHistory/Parts/@thumbs/Tube1_icon4
[LOG 17:49:24.790] Load Cached PNG Texture: SquadExpansion/MakingHistory/Parts/Aero/protectiveRocketNoseMk5A/s1p5_cone
[LOG 17:49:24.790] Load Cached PNG Texture: SquadExpansion/MakingHistory/Parts/Aero/protectiveRocketNoseMk5A/s1p5_cone_Orange
[LOG 17:49:24.791] Load DDS texture: SquadExpansion/MakingHistory/Parts/Coupling/Assets/airlock
[LOG 17:49:24.791] Load DDS texture: SquadExpansion/MakingHistory/Parts/Coupling/Assets/airlock_N
[LOG 17:49:24.792] Load DDS texture: SquadExpansion/MakingHistory/Parts/Coupling/Assets/EnginePlate
[LOG 17:49:24.792] Load DDS texture: SquadExpansion/MakingHistory/Parts/Coupling/Assets/Size1_5_Decoupler_grey
[LOG 17:49:24.792] Load DDS texture: SquadExpansion/MakingHistory/Parts/Coupling/Assets/Size1_5_Decoupler_orange
[LOG 17:49:24.793] Load DDS texture: SquadExpansion/MakingHistory/Parts/Engine/Assets/KE-1
[LOG 17:49:24.794] Load DDS texture: SquadExpansion/MakingHistory/Parts/Engine/Assets/KE-1_BASE
[LOG 17:49:24.795] Load DDS texture: SquadExpansion/MakingHistory/Parts/Engine/Assets/LV-T87
[LOG 17:49:24.797] Load DDS texture: SquadExpansion/MakingHistory/Parts/Engine/Assets/LV-T91
[LOG 17:49:24.798] Load DDS texture: SquadExpansion/MakingHistory/Parts/Engine/Assets/RE-I2
[LOG 17:49:24.801] Load DDS texture: SquadExpansion/MakingHistory/Parts/Engine/Assets/RE-J10
[LOG 17:49:24.802] Load DDS texture: SquadExpansion/MakingHistory/Parts/Engine/Assets/RE-J10_N
[LOG 17:49:24.804] Load DDS texture: SquadExpansion/MakingHistory/Parts/Engine/Assets/RK-7
[LOG 17:49:24.806] Load DDS texture: SquadExpansion/MakingHistory/Parts/Engine/Assets/RK-7_N
[LOG 17:49:24.807] Load DDS texture: SquadExpansion/MakingHistory/Parts/Engine/solidBoosterTHK/SolidBoosterS2-17_emissive
[LOG 17:49:24.814] Load DDS texture: SquadExpansion/MakingHistory/Parts/Engine/solidBoosterTHK/solidBoosterTHK_diffuse
[LOG 17:49:24.819] Load DDS texture: SquadExpansion/MakingHistory/Parts/FuelTank/Assets/Size1p5_02
[LOG 17:49:24.821] Load DDS texture: SquadExpansion/MakingHistory/Parts/FuelTank/Assets/Size1p5_02_ALT01
[LOG 17:49:24.823] Load DDS texture: SquadExpansion/MakingHistory/Parts/FuelTank/Assets/Size1p5_02_ALT02
[LOG 17:49:24.824] Load DDS texture: SquadExpansion/MakingHistory/Parts/FuelTank/Assets/Size1p5_02_ALT02_normal
[LOG 17:49:24.825] Load DDS texture: SquadExpansion/MakingHistory/Parts/FuelTank/Assets/Size1p5_mono
[LOG 17:49:24.827] Load DDS texture: SquadExpansion/MakingHistory/Parts/FuelTank/Assets/Size1p5_mono_2
[LOG 17:49:24.828] Load DDS texture: SquadExpansion/MakingHistory/Parts/FuelTank/Assets/Size1p5_mono_N
[LOG 17:49:24.830] Load DDS texture: SquadExpansion/MakingHistory/Parts/FuelTank/Assets/Size1_5_TankAdapters
[LOG 17:49:24.831] Load DDS texture: SquadExpansion/MakingHistory/Parts/FuelTank/Assets/Size1_5_TankAdapters_ALT01
[LOG 17:49:24.833] Load DDS texture: SquadExpansion/MakingHistory/Parts/FuelTank/Assets/Size1_5_TankAdapters_ALT02
[LOG 17:49:24.834] Load DDS texture: SquadExpansion/MakingHistory/Parts/FuelTank/Assets/Size1_5_TankAdapters_ALT02nm
[LOG 17:49:24.836] Load DDS texture: SquadExpansion/MakingHistory/Parts/FuelTank/Assets/Size1_5_TankAdapters_N
[LOG 17:49:24.837] Load DDS texture: SquadExpansion/MakingHistory/Parts/FuelTank/Assets/Size1_5_Tanks
[LOG 17:49:24.839] Load DDS texture: SquadExpansion/MakingHistory/Parts/FuelTank/Assets/Size1_5_Tanks_ALT02
[LOG 17:49:24.839] Load DDS texture: SquadExpansion/MakingHistory/Parts/FuelTank/Assets/Size1_5_Tanks_ALT02_nm
[LOG 17:49:24.840] Load DDS texture: SquadExpansion/MakingHistory/Parts/FuelTank/Assets/Size1_5_Tanks_grey
[LOG 17:49:24.843] Load DDS texture: SquadExpansion/MakingHistory/Parts/FuelTank/Assets/Size4_Tanks
[LOG 17:49:24.850] Load DDS texture: SquadExpansion/MakingHistory/Parts/FuelTank/Assets/Size4_Tanks_N
[LOG 17:49:24.863] Load DDS texture: SquadExpansion/MakingHistory/Parts/Ground/Assets/RoverWheel
[LOG 17:49:24.863] Load DDS texture: SquadExpansion/MakingHistory/Parts/Ground/Assets/RoverWheelG
[LOG 17:49:24.864] Load DDS texture: SquadExpansion/MakingHistory/Parts/Payload/Assets/Size1to0ServiceBay
[LOG 17:49:24.864] Load DDS texture: SquadExpansion/MakingHistory/Parts/Payload/Assets/Size1to0ServiceBay_n
[LOG 17:49:24.866] Load DDS texture: SquadExpansion/MakingHistory/Parts/Payload/Assets/SM18_diffuse
[LOG 17:49:24.872] Load Cached PNG Texture: SquadExpansion/MakingHistory/Parts/Payload/Assets/SM18_NRM
[LOG 17:49:24.878] Load DDS texture: SquadExpansion/MakingHistory/Parts/Payload/Assets/SM18_specular
[LOG 17:49:24.884] Load DDS texture: SquadExpansion/MakingHistory/Parts/Payload/Assets/SM25_diffuse
[LOG 17:49:24.886] Load DDS texture: SquadExpansion/MakingHistory/Parts/Payload/Assets/SM25_normals
[LOG 17:49:24.887] Load DDS texture: SquadExpansion/MakingHistory/Parts/Pods/Assets/KV1
[LOG 17:49:24.887] Load DDS texture: SquadExpansion/MakingHistory/Parts/Pods/Assets/KV1_GLOW
[LOG 17:49:24.889] Load DDS texture: SquadExpansion/MakingHistory/Parts/Pods/Assets/KV2
[LOG 17:49:24.889] Load DDS texture: SquadExpansion/MakingHistory/Parts/Pods/Assets/KV3
[LOG 17:49:24.891] Load DDS texture: SquadExpansion/MakingHistory/Parts/Pods/Assets/Mk2Pod
[LOG 17:49:24.892] Load DDS texture: SquadExpansion/MakingHistory/Parts/Pods/Assets/Mk2Pod_GLOW
[LOG 17:49:24.894] Load DDS texture: SquadExpansion/MakingHistory/Parts/Pods/Assets/Mk2Pod_n
[LOG 17:49:24.894] Load DDS texture: SquadExpansion/MakingHistory/Parts/Pods/Assets/Size1_5_Lander
[LOG 17:49:24.897] Load DDS texture: SquadExpansion/MakingHistory/Parts/Pods/Assets/Size1_5_Lander_GLOW
[LOG 17:49:24.897] Load DDS texture: SquadExpansion/MakingHistory/Parts/SharedAssets/Shrouds
[LOG 17:49:24.900] Load DDS texture: SquadExpansion/MakingHistory/Parts/SharedAssets/Shrouds_N
[LOG 17:49:24.901] Load DDS texture: SquadExpansion/MakingHistory/Parts/Structural/Assets/NormalMap
[LOG 17:49:24.904] Load DDS texture: SquadExpansion/MakingHistory/Parts/Structural/Assets/Panels
[LOG 17:49:24.906] Load DDS texture: SquadExpansion/MakingHistory/Parts/Structural/Assets/Panels_Dark_D
[LOG 17:49:24.908] Load DDS texture: SquadExpansion/MakingHistory/Parts/Structural/Assets/Panels_Gold_D
[LOG 17:49:24.911] Load Cached PNG Texture: SquadExpansion/MakingHistory/Parts/Structural/Assets/Panels_Gold_NRM
[LOG 17:49:24.913] Load DDS texture: SquadExpansion/MakingHistory/Parts/Structural/Assets/Panels_Gold_S
[LOG 17:49:24.915] Load DDS texture: SquadExpansion/MakingHistory/Parts/Structural/Assets/Panels_Silver_D
[LOG 17:49:24.918] Load DDS texture: SquadExpansion/MakingHistory/Parts/Structural/Assets/Panels_Silver_S
[LOG 17:49:24.919] Load Cached PNG Texture: SquadExpansion/MakingHistory/Ships/@thumbs/VAB/Acapello
[LOG 17:49:24.920] Load Cached PNG Texture: SquadExpansion/MakingHistory/Ships/@thumbs/VAB/Beta Centaurus
[LOG 17:49:24.920] Load Cached PNG Texture: SquadExpansion/MakingHistory/Ships/@thumbs/VAB/Goliath II HLV
[LOG 17:49:24.920] Load Cached PNG Texture: SquadExpansion/MakingHistory/Ships/@thumbs/VAB/Muna 1
[LOG 17:49:24.920] Load Cached PNG Texture: SquadExpansion/MakingHistory/Ships/@thumbs/VAB/Sally-Hut 1
[LOG 17:49:24.920] Load Cached PNG Texture: SquadExpansion/MakingHistory/Ships/@thumbs/VAB/SWM-94 Communications Satellite
[LOG 17:49:24.920] Load Cached PNG Texture: SquadExpansion/MakingHistory/Ships/@thumbs/VAB/Valshkod 2
[LOG 17:49:24.921] Load DDS texture: SquadExpansion/MakingHistory/Spaces/KVPods/airlock
[LOG 17:49:24.921] Load DDS texture: SquadExpansion/MakingHistory/Spaces/KVPods/airlock_N
[LOG 17:49:24.921] Load DDS texture: SquadExpansion/MakingHistory/Spaces/KVPods/KV1_Props_Diffuse
[LOG 17:49:24.927] Load DDS texture: SquadExpansion/MakingHistory/Spaces/KVPods/KV1_Props_Normal
[LOG 17:49:24.935] Load DDS texture: SquadExpansion/MakingHistory/Spaces/KVPods/KV1_Shell_Diffuse
[LOG 17:49:24.940] Load DDS texture: SquadExpansion/MakingHistory/Spaces/KVPods/KV1_Shell_Emissive
[LOG 17:49:24.943] Load DDS texture: SquadExpansion/MakingHistory/Spaces/KVPods/KV1_Shell_Normal
[LOG 17:49:24.950] Load DDS texture: SquadExpansion/MakingHistory/Spaces/KVPods/KV1_Vzor_Diffuse
[LOG 17:49:24.951] Load DDS texture: SquadExpansion/MakingHistory/Spaces/KVPods/KV2_Props_Diffuse
[LOG 17:49:24.955] Load DDS texture: SquadExpansion/MakingHistory/Spaces/KVPods/KV2_Props_Emissive
[LOG 17:49:24.961] Load DDS texture: SquadExpansion/MakingHistory/Spaces/KVPods/KV2_Props_Normal
[LOG 17:49:24.969] Load DDS texture: SquadExpansion/MakingHistory/Spaces/KVPods/KV2_Shell_Diffuse
[LOG 17:49:24.975] Load DDS texture: SquadExpansion/MakingHistory/Spaces/KVPods/KV2_Shell_Normal
[LOG 17:49:24.981] Load DDS texture: SquadExpansion/MakingHistory/Spaces/KVPods/KV3_Props_Diffuse
[LOG 17:49:24.986] Load DDS texture: SquadExpansion/MakingHistory/Spaces/KVPods/KV3_Props_Normal
[LOG 17:49:24.990] Load DDS texture: SquadExpansion/MakingHistory/Spaces/KVPods/KV3_Shell_Diffuse
[LOG 17:49:24.994] Load DDS texture: SquadExpansion/MakingHistory/Spaces/KVPods/KV3_Shell_Normal
[LOG 17:49:24.999] Load DDS texture: SquadExpansion/MakingHistory/Spaces/KVPods/motor
[LOG 17:49:25.000] Load DDS texture: SquadExpansion/MakingHistory/Spaces/KVPods/pilot Seat
[LOG 17:49:25.000] Load DDS texture: SquadExpansion/MakingHistory/Spaces/MEM/PANELS_AO
[LOG 17:49:25.010] Load DDS texture: SquadExpansion/MakingHistory/Spaces/MEM/PANELS_EMISSIVE
[LOG 17:49:25.014] Load DDS texture: SquadExpansion/MakingHistory/Spaces/MEM/PANELS_NORMAL
[LOG 17:49:25.040] Load DDS texture: SquadExpansion/MakingHistory/Spaces/MEM/pilot Seat
[LOG 17:49:25.041] Load DDS texture: SquadExpansion/MakingHistory/Spaces/MEM/propsGeneric
[LOG 17:49:25.042] Load DDS texture: SquadExpansion/MakingHistory/Spaces/MEM/PROPS_AO
[LOG 17:49:25.047] Load DDS texture: SquadExpansion/MakingHistory/Spaces/MEM/PROPS_EMISSIVE
[LOG 17:49:25.048] Load DDS texture: SquadExpansion/MakingHistory/Spaces/MEM/PROPS_NORMAL
[LOG 17:49:25.053] Load DDS texture: SquadExpansion/MakingHistory/Spaces/Mk2Pod/DIfuse_controlboard
[LOG 17:49:25.060] Load DDS texture: SquadExpansion/MakingHistory/Spaces/Mk2Pod/Normal_controlbard
[LOG 17:49:25.066] Load DDS texture: SquadExpansion/MakingHistory/Spaces/Mk2Pod/Outershell_Base_Color
[LOG 17:49:25.075] Load DDS texture: SquadExpansion/MakingHistory/Spaces/Mk2Pod/Outershell_Normal
[LOG 17:49:25.084] Load DDS texture: SquadExpansion/MakingHistory/Spaces/Mk2Pod/pilot Seat
[LOG 17:49:25.086] Load Cached PNG Texture: SquadExpansion/Serenity/Parts/@thumbs/controller1000_icon
[LOG 17:49:25.086] Load Cached PNG Texture: SquadExpansion/Serenity/Parts/@thumbs/DeployedCentralStation_icon
[LOG 17:49:25.086] Load Cached PNG Texture: SquadExpansion/Serenity/Parts/@thumbs/DeployedGoExOb_icon
[LOG 17:49:25.086] Load Cached PNG Texture: SquadExpansion/Serenity/Parts/@thumbs/DeployedIONExp_icon
[LOG 17:49:25.086] Load Cached PNG Texture: SquadExpansion/Serenity/Parts/@thumbs/DeployedRTG_icon
[LOG 17:49:25.087] Load Cached PNG Texture: SquadExpansion/Serenity/Parts/@thumbs/DeployedSatDish_icon
[LOG 17:49:25.087] Load Cached PNG Texture: SquadExpansion/Serenity/Parts/@thumbs/DeployedSeismicSensor_icon
[LOG 17:49:25.087] Load Cached PNG Texture: SquadExpansion/Serenity/Parts/@thumbs/DeployedSolarPanel_icon
[LOG 17:49:25.087] Load Cached PNG Texture: SquadExpansion/Serenity/Parts/@thumbs/DeployedWeatherStn_icon
[LOG 17:49:25.087] Load Cached PNG Texture: SquadExpansion/Serenity/Parts/@thumbs/FanShroud.01_icon0
[LOG 17:49:25.087] Load Cached PNG Texture: SquadExpansion/Serenity/Parts/@thumbs/FanShroud.01_icon1
[LOG 17:49:25.087] Load Cached PNG Texture: SquadExpansion/Serenity/Parts/@thumbs/FanShroud.02_icon0
[LOG 17:49:25.087] Load Cached PNG Texture: SquadExpansion/Serenity/Parts/@thumbs/FanShroud.02_icon1
[LOG 17:49:25.088] Load Cached PNG Texture: SquadExpansion/Serenity/Parts/@thumbs/hinge.01.s_icon0
[LOG 17:49:25.088] Load Cached PNG Texture: SquadExpansion/Serenity/Parts/@thumbs/hinge.01.s_icon1
[LOG 17:49:25.088] Load Cached PNG Texture: SquadExpansion/Serenity/Parts/@thumbs/hinge.01_icon0
[LOG 17:49:25.088] Load Cached PNG Texture: SquadExpansion/Serenity/Parts/@thumbs/hinge.01_icon1
[LOG 17:49:25.089] Load Cached PNG Texture: SquadExpansion/Serenity/Parts/@thumbs/hinge.03.s_icon0
[LOG 17:49:25.089] Load Cached PNG Texture: SquadExpansion/Serenity/Parts/@thumbs/hinge.03.s_icon1
[LOG 17:49:25.089] Load Cached PNG Texture: SquadExpansion/Serenity/Parts/@thumbs/hinge.03_icon0
[LOG 17:49:25.089] Load Cached PNG Texture: SquadExpansion/Serenity/Parts/@thumbs/hinge.03_icon1
[LOG 17:49:25.090] Load Cached PNG Texture: SquadExpansion/Serenity/Parts/@thumbs/largeFanBlade_icon0
[LOG 17:49:25.090] Load Cached PNG Texture: SquadExpansion/Serenity/Parts/@thumbs/largeFanBlade_icon1
[LOG 17:49:25.090] Load Cached PNG Texture: SquadExpansion/Serenity/Parts/@thumbs/largePropeller_icon0
[LOG 17:49:25.090] Load Cached PNG Texture: SquadExpansion/Serenity/Parts/@thumbs/largePropeller_icon1
[LOG 17:49:25.090] Load Cached PNG Texture: SquadExpansion/Serenity/Parts/@thumbs/lGripPad_icon0
[LOG 17:49:25.095] Load Cached PNG Texture: SquadExpansion/Serenity/Parts/@thumbs/lGripPad_icon1
[LOG 17:49:25.096] Load Cached PNG Texture: SquadExpansion/Serenity/Parts/@thumbs/lGripStrip_icon
[LOG 17:49:25.096] Load Cached PNG Texture: SquadExpansion/Serenity/Parts/@thumbs/mediumFanBlade_icon0
[LOG 17:49:25.096] Load Cached PNG Texture: SquadExpansion/Serenity/Parts/@thumbs/mediumFanBlade_icon1
[LOG 17:49:25.096] Load Cached PNG Texture: SquadExpansion/Serenity/Parts/@thumbs/mediumPropeller_icon0
[LOG 17:49:25.096] Load Cached PNG Texture: SquadExpansion/Serenity/Parts/@thumbs/mediumPropeller_icon1
[LOG 17:49:25.096] Load Cached PNG Texture: SquadExpansion/Serenity/Parts/@thumbs/mGripPad_icon0
[LOG 17:49:25.096] Load Cached PNG Texture: SquadExpansion/Serenity/Parts/@thumbs/mGripPad_icon1
[LOG 17:49:25.096] Load Cached PNG Texture: SquadExpansion/Serenity/Parts/@thumbs/noseconeTiny_icon
[LOG 17:49:25.096] Load Cached PNG Texture: SquadExpansion/Serenity/Parts/@thumbs/noseconeVS_icon
[LOG 17:49:25.096] Load Cached PNG Texture: SquadExpansion/Serenity/Parts/@thumbs/piston.01_icon0
[LOG 17:49:25.096] Load Cached PNG Texture: SquadExpansion/Serenity/Parts/@thumbs/piston.01_icon1
[LOG 17:49:25.097] Load Cached PNG Texture: SquadExpansion/Serenity/Parts/@thumbs/piston.02_icon0
[LOG 17:49:25.097] Load Cached PNG Texture: SquadExpansion/Serenity/Parts/@thumbs/piston.02_icon1
[LOG 17:49:25.097] Load Cached PNG Texture: SquadExpansion/Serenity/Parts/@thumbs/piston.03_icon0
[LOG 17:49:25.097] Load Cached PNG Texture: SquadExpansion/Serenity/Parts/@thumbs/piston.03_icon1
[LOG 17:49:25.097] Load Cached PNG Texture: SquadExpansion/Serenity/Parts/@thumbs/piston.04_icon0
[LOG 17:49:25.097] Load Cached PNG Texture: SquadExpansion/Serenity/Parts/@thumbs/piston.04_icon1
[LOG 17:49:25.097] Load Cached PNG Texture: SquadExpansion/Serenity/Parts/@thumbs/RobotArmScanner.S1_icon
[LOG 17:49:25.097] Load Cached PNG Texture: SquadExpansion/Serenity/Parts/@thumbs/RobotArmScanner.S2_icon
[LOG 17:49:25.097] Load Cached PNG Texture: SquadExpansion/Serenity/Parts/@thumbs/RobotArmScanner.S3_icon
[LOG 17:49:25.097] Load Cached PNG Texture: SquadExpansion/Serenity/Parts/@thumbs/rotor.01s_icon0
[LOG 17:49:25.098] Load Cached PNG Texture: SquadExpansion/Serenity/Parts/@thumbs/rotor.01s_icon1
[LOG 17:49:25.098] Load Cached PNG Texture: SquadExpansion/Serenity/Parts/@thumbs/rotor.01_icon0
[LOG 17:49:25.098] Load Cached PNG Texture: SquadExpansion/Serenity/Parts/@thumbs/rotor.01_icon1
[LOG 17:49:25.098] Load Cached PNG Texture: SquadExpansion/Serenity/Parts/@thumbs/rotor.02s_icon0
[LOG 17:49:25.098] Load Cached PNG Texture: SquadExpansion/Serenity/Parts/@thumbs/rotor.02s_icon1
[LOG 17:49:25.098] Load Cached PNG Texture: SquadExpansion/Serenity/Parts/@thumbs/rotor.02_icon0
[LOG 17:49:25.098] Load Cached PNG Texture: SquadExpansion/Serenity/Parts/@thumbs/rotor.02_icon1
[LOG 17:49:25.098] Load Cached PNG Texture: SquadExpansion/Serenity/Parts/@thumbs/RotorEngine.02_icon
[LOG 17:49:25.098] Load Cached PNG Texture: SquadExpansion/Serenity/Parts/@thumbs/rotoServo.00_icon0
[LOG 17:49:25.098] Load Cached PNG Texture: SquadExpansion/Serenity/Parts/@thumbs/rotoServo.00_icon1
[LOG 17:49:25.098] Load Cached PNG Texture: SquadExpansion/Serenity/Parts/@thumbs/rotoServo.02_icon0
[LOG 17:49:25.098] Load Cached PNG Texture: SquadExpansion/Serenity/Parts/@thumbs/rotoServo.02_icon1
[LOG 17:49:25.098] Load Cached PNG Texture: SquadExpansion/Serenity/Parts/@thumbs/rotoServo.03_icon0
[LOG 17:49:25.099] Load Cached PNG Texture: SquadExpansion/Serenity/Parts/@thumbs/rotoServo.03_icon1
[LOG 17:49:25.099] Load Cached PNG Texture: SquadExpansion/Serenity/Parts/@thumbs/sGripPad_icon0
[LOG 17:49:25.099] Load Cached PNG Texture: SquadExpansion/Serenity/Parts/@thumbs/sGripPad_icon1
[LOG 17:49:25.099] Load Cached PNG Texture: SquadExpansion/Serenity/Parts/@thumbs/sGripStrip_icon
[LOG 17:49:25.099] Load Cached PNG Texture: SquadExpansion/Serenity/Parts/@thumbs/smallFanBlade_icon0
[LOG 17:49:25.099] Load Cached PNG Texture: SquadExpansion/Serenity/Parts/@thumbs/smallFanBlade_icon1
[LOG 17:49:25.099] Load Cached PNG Texture: SquadExpansion/Serenity/Parts/@thumbs/smallHeliBlade_icon0
[LOG 17:49:25.099] Load Cached PNG Texture: SquadExpansion/Serenity/Parts/@thumbs/smallHeliBlade_icon1
[LOG 17:49:25.099] Load Cached PNG Texture: SquadExpansion/Serenity/Parts/@thumbs/smallPropeller_icon0
[LOG 17:49:25.099] Load Cached PNG Texture: SquadExpansion/Serenity/Parts/@thumbs/smallPropeller_icon1
[LOG 17:49:25.099] Load DDS texture: SquadExpansion/Serenity/Parts/Aero/Assets/copterBlades_diffuse
[LOG 17:49:25.099] Load DDS texture: SquadExpansion/Serenity/Parts/Aero/Assets/shroudsDiffuse_color
[LOG 17:49:25.100] Load DDS texture: SquadExpansion/Serenity/Parts/Aero/Assets/shroudsDiffuse_plain
[LOG 17:49:25.100] Load Cached PNG Texture: SquadExpansion/Serenity/Parts/DeployedScience/MockupTexture
[LOG 17:49:25.100] Load DDS texture: SquadExpansion/Serenity/Parts/DeployedScience/Assets/centralStation_diffuse
[LOG 17:49:25.100] Load DDS texture: SquadExpansion/Serenity/Parts/DeployedScience/Assets/centralStation_emissive
[LOG 17:49:25.124] Load DDS texture: SquadExpansion/Serenity/Parts/DeployedScience/Assets/GenericParts_diffuse
[LOG 17:49:25.127] Load DDS texture: SquadExpansion/Serenity/Parts/DeployedScience/Assets/GenericParts_emissive
[LOG 17:49:25.129] Load DDS texture: SquadExpansion/Serenity/Parts/DeployedScience/Assets/GenericParts_normal
[LOG 17:49:25.130] Load DDS texture: SquadExpansion/Serenity/Parts/DeployedScience/Assets/goex_diffuse
[LOG 17:49:25.133] Load DDS texture: SquadExpansion/Serenity/Parts/DeployedScience/Assets/goex_specMapped
[LOG 17:49:25.136] Load DDS texture: SquadExpansion/Serenity/Parts/DeployedScience/Assets/Grid
[LOG 17:49:25.137] Load DDS texture: SquadExpansion/Serenity/Parts/DeployedScience/Assets/IonExperiment_diffuse
[LOG 17:49:25.137] Load DDS texture: SquadExpansion/Serenity/Parts/DeployedScience/Assets/RTGCask_diffuse
[LOG 17:49:25.140] Load DDS texture: SquadExpansion/Serenity/Parts/DeployedScience/Assets/satDish_diffuse
[LOG 17:49:25.140] Load Cached PNG Texture: SquadExpansion/Serenity/Parts/DeployedScience/Assets/Scratch
[LOG 17:49:25.142] Load DDS texture: SquadExpansion/Serenity/Parts/DeployedScience/Assets/Screen2
[LOG 17:49:25.142] Load DDS texture: SquadExpansion/Serenity/Parts/DeployedScience/Assets/Screen3
[LOG 17:49:25.142] Load DDS texture: SquadExpansion/Serenity/Parts/DeployedScience/Assets/ScreenReadout
[LOG 17:49:25.142] Load DDS texture: SquadExpansion/Serenity/Parts/DeployedScience/Assets/seismicSensor_diffuse
[LOG 17:49:25.144] Load DDS texture: SquadExpansion/Serenity/Parts/DeployedScience/Assets/seismicSensor_nrm
[LOG 17:49:25.145] Load DDS texture: SquadExpansion/Serenity/Parts/DeployedScience/Assets/seismicSensor_specularMapped
[LOG 17:49:25.146] Load DDS texture: SquadExpansion/Serenity/Parts/DeployedScience/Assets/SolarGraph
[LOG 17:49:25.146] Load DDS texture: SquadExpansion/Serenity/Parts/DeployedScience/Assets/solarPanel_diffuse
[LOG 17:49:25.148] Load DDS texture: SquadExpansion/Serenity/Parts/DeployedScience/Assets/Waveleght3
[LOG 17:49:25.148] Load DDS texture: SquadExpansion/Serenity/Parts/DeployedScience/Assets/Wavelenght
[LOG 17:49:25.148] Load DDS texture: SquadExpansion/Serenity/Parts/DeployedScience/Assets/Wavelenght2
[LOG 17:49:25.148] Load DDS texture: SquadExpansion/Serenity/Parts/DeployedScience/Assets/wavelenght4
[LOG 17:49:25.148] Load DDS texture: SquadExpansion/Serenity/Parts/DeployedScience/Assets/wavelenght5
[LOG 17:49:25.148] Load DDS texture: SquadExpansion/Serenity/Parts/DeployedScience/Assets/WeatherStation [Normal]
[LOG 17:49:25.173] Load DDS texture: SquadExpansion/Serenity/Parts/DeployedScience/Assets/Weather_Station_diffuse
[LOG 17:49:25.181] Load DDS texture: SquadExpansion/Serenity/Parts/DeployedScience/Assets/Weather_Station_normal
[LOG 17:49:25.190] Load DDS texture: SquadExpansion/Serenity/Parts/Propellers/Assets/blade_diffuse
[LOG 17:49:25.190] Load DDS texture: SquadExpansion/Serenity/Parts/Propellers/Assets/copterBlades_diffuse
[LOG 17:49:25.191] Load DDS texture: SquadExpansion/Serenity/Parts/Propellers/Assets/fan_diffuse
[LOG 17:49:25.191] Load DDS texture: SquadExpansion/Serenity/Parts/Robotics/Assets/hinges-03-s_diffuse_Color
[LOG 17:49:25.191] Load DDS texture: SquadExpansion/Serenity/Parts/Robotics/Assets/hinges-03_diffuse_color
[LOG 17:49:25.193] Load DDS texture: SquadExpansion/Serenity/Parts/Robotics/Assets/hinges-03_diffuse_plain
[LOG 17:49:25.195] Load DDS texture: SquadExpansion/Serenity/Parts/Robotics/Assets/hinges_diffuse
[LOG 17:49:25.196] Load DDS texture: SquadExpansion/Serenity/Parts/Robotics/Assets/Hinge_diffuse_G-00_Color
[LOG 17:49:25.196] Load DDS texture: SquadExpansion/Serenity/Parts/Robotics/Assets/Hinge_diffuse_G-11_Color
[LOG 17:49:25.197] Load DDS texture: SquadExpansion/Serenity/Parts/Robotics/Assets/Hinge_diffuse_G-11_plain
[LOG 17:49:25.197] Load DDS texture: SquadExpansion/Serenity/Parts/Robotics/Assets/Hinge_normal
[LOG 17:49:25.198] Load DDS texture: SquadExpansion/Serenity/Parts/Robotics/Assets/RotorEngine_02_diffuse
[LOG 17:49:25.199] Load DDS texture: SquadExpansion/Serenity/Parts/Robotics/Assets/RotorEngine_03_diffuse
[LOG 17:49:25.201] Load DDS texture: SquadExpansion/Serenity/Parts/Robotics/Assets/RotorEngine_03_normal
[LOG 17:49:25.203] Load DDS texture: SquadExpansion/Serenity/Parts/Robotics/Assets/Rotor_01_diffuse_color
[LOG 17:49:25.224] Load DDS texture: SquadExpansion/Serenity/Parts/Robotics/Assets/Rotor_01_diffuse_plain
[LOG 17:49:25.225] Load DDS texture: SquadExpansion/Serenity/Parts/Robotics/Assets/Rotor_01_normal
[LOG 17:49:25.227] Load DDS texture: SquadExpansion/Serenity/Parts/Robotics/Assets/Rotor_01_specular_D
[LOG 17:49:25.227] Load DDS texture: SquadExpansion/Serenity/Parts/Robotics/Assets/Rotor_02_diffuse_color
[LOG 17:49:25.228] Load DDS texture: SquadExpansion/Serenity/Parts/Robotics/Assets/Rotor_03_diffuse_color
[LOG 17:49:25.229] Load DDS texture: SquadExpansion/Serenity/Parts/Robotics/Assets/Rotor_03_diffuse_plain
[LOG 17:49:25.230] Load DDS texture: SquadExpansion/Serenity/Parts/Robotics/Assets/Rotor_03_normal
[LOG 17:49:25.231] Load DDS texture: SquadExpansion/Serenity/Parts/Robotics/Assets/rotoServos_diffuse_color
[LOG 17:49:25.232] Load DDS texture: SquadExpansion/Serenity/Parts/Robotics/Assets/rotoServos_diffuse_plain
[LOG 17:49:25.233] Load DDS texture: SquadExpansion/Serenity/Parts/Robotics/Assets/rotoServos_nrm
[LOG 17:49:25.234] Load DDS texture: SquadExpansion/Serenity/Parts/Robotics/Controllers/roboController_diffuse
[LOG 17:49:25.235] Load DDS texture: SquadExpansion/Serenity/Parts/Robotics/Controllers/roboController_emissive
[LOG 17:49:25.235] Load Cached PNG Texture: SquadExpansion/Serenity/Parts/Science/RobotArmScanner/Assets/DrillBits
[LOG 17:49:25.235] Load DDS texture: SquadExpansion/Serenity/Parts/Science/RobotArmScanner/Assets/DustParticle
[WRN 17:49:25.235] Duplicate PNG texture 'SquadExpansion/Serenity/Parts/Science/RobotArmScanner/Assets/DustParticle' with extension 'png' won't be loaded
[LOG 17:49:25.235] Load DDS texture: SquadExpansion/Serenity/Parts/Science/RobotArmScanner/Assets/GenericParts_diffuse
[LOG 17:49:25.243] Load DDS texture: SquadExpansion/Serenity/Parts/Science/RobotArmScanner/Assets/GenericParts_normal
[LOG 17:49:25.249] Load DDS texture: SquadExpansion/Serenity/Parts/Science/RobotArmScanner/Assets/ROCArm3_diffuse
[LOG 17:49:25.257] Load DDS texture: SquadExpansion/Serenity/Parts/Science/RobotArmScanner/Assets/ROCArm3_normal
[LOG 17:49:25.262] Load DDS texture: SquadExpansion/Serenity/Parts/Science/RobotArmScanner/Assets/ROCArm_2_diffuse
[LOG 17:49:25.266] Load DDS texture: SquadExpansion/Serenity/Parts/Science/RobotArmScanner/Assets/ROCArm_2_normal
[LOG 17:49:25.269] Load Cached PNG Texture: SquadExpansion/Serenity/Parts/Science/RobotArmScanner/Assets/Scratch
[LOG 17:49:25.270] Load DDS texture: SquadExpansion/Serenity/Parts/Science/RobotArmScanner/Assets/SmallArm_diffuse
[LOG 17:49:25.271] Load DDS texture: SquadExpansion/Serenity/Parts/Science/RobotArmScanner/Assets/SmallArm_normal
[LOG 17:49:25.272] Load DDS texture: SquadExpansion/Serenity/Parts/Structural/gripPads/Assets/gripPads_diffuse
[LOG 17:49:25.273] Load DDS texture: SquadExpansion/Serenity/Parts/Structural/gripPads/Assets/gripPads_nrm
[LOG 17:49:25.274] Load Cached PNG Texture: SquadExpansion/Serenity/Ships/@thumbs/SPH/Arrow-E
[LOG 17:49:25.275] Load Cached PNG Texture: SquadExpansion/Serenity/Ships/@thumbs/SPH/Butterfly Rover
[LOG 17:49:25.275] Load Cached PNG Texture: SquadExpansion/Serenity/Ships/@thumbs/SPH/Jeb_s Quadtaxi
[LOG 17:49:25.275] Load Cached PNG Texture: SquadExpansion/Serenity/Ships/@thumbs/SPH/Kerbodyne Rotodyne
[LOG 17:49:25.275] Load Cached PNG Texture: SquadExpansion/Serenity/Ships/@thumbs/SPH/Seahawk
[LOG 17:49:25.276] Load Cached PNG Texture: SquadExpansion/Serenity/Ships/@thumbs/SPH/Val-Thopter
[LOG 17:49:25.277] Load MU model: Squad/FX/afterburner_flame
[LOG 17:49:25.285] Load MU model: Squad/FX/afterburner_shock
[LOG 17:49:25.286] Load MU model: Squad/FX/diamondBlue
[LOG 17:49:25.286] Load MU model: Squad/FX/exhaustFlames_blue
[LOG 17:49:25.404] Load MU model: Squad/FX/hydroLOXFlame
[LOG 17:49:25.405] Load MU model: Squad/FX/IonPlume
[LOG 17:49:25.406] Load MU model: Squad/FX/ks1_Exhaust
[LOG 17:49:25.407] Load MU model: Squad/FX/ks25_Exhaust
[LOG 17:49:25.408] Load MU model: Squad/FX/ksX_Exhaust
[LOG 17:49:25.408] Load MU model: Squad/FX/LES_Thruster
[LOG 17:49:25.409] Load MU model: Squad/FX/Monoprop_big
[LOG 17:49:25.409] Load MU model: Squad/FX/Monoprop_medium
[LOG 17:49:25.410] Load MU model: Squad/FX/Monoprop_small
[LOG 17:49:25.410] Load MU model: Squad/FX/shockExhaust_blue
[LOG 17:49:25.411] Load MU model: Squad/FX/shockExhaust_blue_small
[LOG 17:49:25.411] Load MU model: Squad/FX/shockExhaust_red_small
[LOG 17:49:25.411] Load MU model: Squad/FX/SRB_Large
[LOG 17:49:25.412] Load MU model: Squad/FX/SRB_LargeSparks
[LOG 17:49:25.412] Load MU model: Squad/Parts/Aero/aerodynamicNoseCone/aerodynamicNoseCone
[LOG 17:49:25.415] Load MU model: Squad/Parts/Aero/airbrake/Airbrake
[LOG 17:49:25.415] Load MU model: Squad/Parts/Aero/airIntakeRadialXM-G50/RadialIntake
[LOG 17:49:25.416] Load MU model: Squad/Parts/Aero/airlinerWings/ControlSurface
[LOG 17:49:25.416] Load MU model: Squad/Parts/Aero/airlinerWings/MainWing
[LOG 17:49:25.416] Load MU model: Squad/Parts/Aero/airlinerWings/TailFin
[LOG 17:49:25.418] Load MU model: Squad/Parts/Aero/airplaneFins/AdvCanard
[LOG 17:49:25.418] Load MU model: Squad/Parts/Aero/airplaneFins/Canard
[LOG 17:49:25.418] Load MU model: Squad/Parts/Aero/airplaneFins/Swept
[LOG 17:49:25.419] Load MU model: Squad/Parts/Aero/airplaneFins/TailFin
[LOG 17:49:25.419] Load MU model: Squad/Parts/Aero/basicFin/basicFin
[LOG 17:49:25.419] Load MU model: Squad/Parts/Aero/circularIntake/CircularIntake
[LOG 17:49:25.421] Load MU model: Squad/Parts/Aero/circularIntake/ConeIntake
[LOG 17:49:25.421] Load MU model: Squad/Parts/Aero/cones/Assets/AvioCone
[LOG 17:49:25.422] Load MU model: Squad/Parts/Aero/cones/Assets/ConeA
[LOG 17:49:25.422] Load MU model: Squad/Parts/Aero/cones/Assets/ConeB
[LOG 17:49:25.422] Load MU model: Squad/Parts/Aero/cones/Assets/NCS
[LOG 17:49:25.422] Load MU model: Squad/Parts/Aero/cones/Assets/orangeNoseCone
[LOG 17:49:25.423] Load MU model: Squad/Parts/Aero/cones/Assets/rocketNoseCone
[LOG 17:49:25.423] Load MU model: Squad/Parts/Aero/cones/Assets/rocketNoseCone_v2
[LOG 17:49:25.424] Load MU model: Squad/Parts/Aero/cones/Assets/rocketNoseCone_v3
[LOG 17:49:25.424] Load MU model: Squad/Parts/Aero/cones/Assets/TailA
[LOG 17:49:25.424] Load MU model: Squad/Parts/Aero/cones/Assets/TailB
[LOG 17:49:25.425] Load MU model: Squad/Parts/Aero/cones/Assets/TinyCone
[LOG 17:49:25.425] Load MU model: Squad/Parts/Aero/fairings/AutoTruss
[LOG 17:49:25.425] Load MU model: Squad/Parts/Aero/fairings/fairingSize1
[LOG 17:49:25.426] Load MU model: Squad/Parts/Aero/fairings/fairingSize2
[LOG 17:49:25.426] Load MU model: Squad/Parts/Aero/fairings/fairingSize3
[LOG 17:49:25.426] Load MU model: Squad/Parts/Aero/HeatShield/HeatShield0
[LOG 17:49:25.427] Load MU model: Squad/Parts/Aero/HeatShield/HeatShield1
[LOG 17:49:25.427] Load MU model: Squad/Parts/Aero/HeatShield/HeatShield2
[LOG 17:49:25.427] Load MU model: Squad/Parts/Aero/HeatShield/HeatShield3
[LOG 17:49:25.428] Load MU model: Squad/Parts/Aero/InflatableHeatShield/HeatShield
[LOG 17:49:25.430] Load MU model: Squad/Parts/Aero/intakeRadialLong/IntakeRadial
[LOG 17:49:25.430] Load MU model: Squad/Parts/Aero/miniIntake/SmallIntake
[LOG 17:49:25.430] Load MU model: Squad/Parts/Aero/ramAirIntake/RampIntake
[LOG 17:49:25.431] Load MU model: Squad/Parts/Aero/shuttleWings/ShuttleDeltaWing
[LOG 17:49:25.431] Load MU model: Squad/Parts/Aero/shuttleWings/ShuttleElevonA
[LOG 17:49:25.431] Load MU model: Squad/Parts/Aero/shuttleWings/ShuttleElevonB
[LOG 17:49:25.433] Load MU model: Squad/Parts/Aero/shuttleWings/ShuttleRudder
[LOG 17:49:25.433] Load MU model: Squad/Parts/Aero/shuttleWings/ShuttleStrake
[LOG 17:49:25.433] Load MU model: Squad/Parts/Aero/wingletAV-R8/model
[LOG 17:49:25.433] Load MU model: Squad/Parts/Aero/wingletAV-T1/model
[LOG 17:49:25.434] Load MU model: Squad/Parts/Aero/wingletDeltaDeluxe/model
[LOG 17:49:25.434] Load MU model: Squad/Parts/Aero/wings/connector1
[LOG 17:49:25.434] Load MU model: Squad/Parts/Aero/wings/connector2
[LOG 17:49:25.434] Load MU model: Squad/Parts/Aero/wings/connector3
[LOG 17:49:25.434] Load MU model: Squad/Parts/Aero/wings/connector4
[LOG 17:49:25.435] Load MU model: Squad/Parts/Aero/wings/connector5
[LOG 17:49:25.435] Load MU model: Squad/Parts/Aero/wings/delta
[LOG 17:49:25.435] Load MU model: Squad/Parts/Aero/wings/delta_small
[LOG 17:49:25.435] Load MU model: Squad/Parts/Aero/wings/elevon1
[LOG 17:49:25.435] Load MU model: Squad/Parts/Aero/wings/elevon2
[LOG 17:49:25.436] Load MU model: Squad/Parts/Aero/wings/elevon3
[LOG 17:49:25.436] Load MU model: Squad/Parts/Aero/wings/elevon4
[LOG 17:49:25.436] Load MU model: Squad/Parts/Aero/wings/elevon5
[LOG 17:49:25.436] Load MU model: Squad/Parts/Aero/wings/strake
[LOG 17:49:25.436] Load MU model: Squad/Parts/Aero/wings/structural1
[LOG 17:49:25.436] Load MU model: Squad/Parts/Aero/wings/structural2
[LOG 17:49:25.438] Load MU model: Squad/Parts/Aero/wings/structural3
[LOG 17:49:25.438] Load MU model: Squad/Parts/Aero/wings/structural4
[LOG 17:49:25.438] Load MU model: Squad/Parts/Aero/wings/swept1
[LOG 17:49:25.438] Load MU model: Squad/Parts/Aero/wings/swept2
[LOG 17:49:25.438] Load MU model: Squad/Parts/Cargo/CargoContainers/cargoContainer
[LOG 17:49:25.439] Load MU model: Squad/Parts/Cargo/CargoContainers/smallCargoContainer
[LOG 17:49:25.439] Load MU model: Squad/Parts/Cargo/Cylinder/EVAcylinder
[LOG 17:49:25.439] Load MU model: Squad/Parts/Cargo/GroundAnchor/groundAnchor
[LOG 17:49:25.440] Load MU model: Squad/Parts/Cargo/Jetpack/Jetpack
[LOG 17:49:25.441] Load MU model: Squad/Parts/Cargo/Parachute/Parachute
[LOG 17:49:25.441] Load MU model: Squad/Parts/Cargo/RepairKit/RepairKit
[LOG 17:49:25.458] Load MU model: Squad/Parts/Cargo/ScienceKit/ExperimentKit
[LOG 17:49:25.460] Load MU model: Squad/Parts/Cargo/StorageUnits/Assets/CargoStorageUnit
[LOG 17:49:25.460] Load MU model: Squad/Parts/Cargo/StorageUnits/Assets/ConformalStorageUnit
[LOG 17:49:25.460] Load MU model: Squad/Parts/Command/advancedSasModuleLarge/model
[LOG 17:49:25.461] Load MU model: Squad/Parts/Command/cupola/model
[LOG 17:49:25.462] Load MU model: Squad/Parts/Command/externalCommandSeat/model
[LOG 17:49:25.462] Load MU model: Squad/Parts/Command/hitchhikerStorageContainer/model
[LOG 17:49:25.462] Load MU model: Squad/Parts/Command/inlineAdvancedStabilizer/model
[LOG 17:49:25.462] Load MU model: Squad/Parts/Command/inlineReactionWheel/model
[LOG 17:49:25.463] Load MU model: Squad/Parts/Command/Mk1-3Pod/Mk1-3
[LOG 17:49:25.463] Load MU model: Squad/Parts/Command/mk1Cockpits/Cabin
[LOG 17:49:25.464] Load MU model: Squad/Parts/Command/mk1Cockpits/CockpitInline
[LOG 17:49:25.465] Load MU model: Squad/Parts/Command/mk1Cockpits/CockpitStandard
[LOG 17:49:25.484] Load MU model: Squad/Parts/Command/mk1LanderCan/model
[LOG 17:49:25.484] Load MU model: Squad/Parts/Command/mk1pod_v2/Mk1Pod_v2
[LOG 17:49:25.485] Load MU model: Squad/Parts/Command/mk2CockpitInline/model
[LOG 17:49:25.486] Load MU model: Squad/Parts/Command/mk2CockpitStandard/model
[LOG 17:49:25.486] Load MU model: Squad/Parts/Command/mk2DroneCore/model
[LOG 17:49:25.486] Load MU model: Squad/Parts/Command/mk2LanderCan/model
[LOG 17:49:25.487] Load MU model: Squad/Parts/Command/mk2LanderCan_v2/mk2LanderCan
[LOG 17:49:25.488] Load MU model: Squad/Parts/Command/mk3CockpitShuttle/model
[LOG 17:49:25.488] Load MU model: Squad/Parts/Command/MpoProbe/MpoProbe
[LOG 17:49:25.489] Load MU model: Squad/Parts/Command/MtmStage/MTM_Stage
[LOG 17:49:25.489] Load MU model: Squad/Parts/Command/probeCoreCube/probeCoreCube
[LOG 17:49:25.490] Load MU model: Squad/Parts/Command/probeCoreHex/model
[LOG 17:49:25.490] Load MU model: Squad/Parts/Command/probeCoreHex_v2/model
[LOG 17:49:25.490] Load MU model: Squad/Parts/Command/probeCoreOcto2_v2/probeCoreOcto2_v2
[LOG 17:49:25.490] Load MU model: Squad/Parts/Command/probeCoreOcto_v2/probeCoreOcto_v2
[LOG 17:49:25.491] Load MU model: Squad/Parts/Command/probeRoverBody/model
[LOG 17:49:25.491] Load MU model: Squad/Parts/Command/probeRoverBody_v2/probeRoverBody_v2
[LOG 17:49:25.491] Load MU model: Squad/Parts/Command/probeStackLarge/model
[LOG 17:49:25.491] Load MU model: Squad/Parts/Command/probeStackSmall/model
[LOG 17:49:25.492] Load MU model: Squad/Parts/Command/probeStackSphere_v2/probeStackSphere_v2
[LOG 17:49:25.494] Load MU model: Squad/Parts/CompoundParts/FuelLine/model
[LOG 17:49:25.494] Load MU model: Squad/Parts/CompoundParts/strutConnector/model
[LOG 17:49:25.494] Load MU model: Squad/Parts/Coupling/Assets/Decoupler_0
[LOG 17:49:25.494] Load MU model: Squad/Parts/Coupling/Assets/Decoupler_1
[LOG 17:49:25.495] Load MU model: Squad/Parts/Coupling/Assets/Decoupler_1p5
[LOG 17:49:25.495] Load MU model: Squad/Parts/Coupling/Assets/Decoupler_2
[LOG 17:49:25.495] Load MU model: Squad/Parts/Coupling/Assets/Decoupler_3
[LOG 17:49:25.496] Load MU model: Squad/Parts/Coupling/Assets/Decoupler_4
[LOG 17:49:25.496] Load MU model: Squad/Parts/Coupling/Assets/Separator_0
[LOG 17:49:25.496] Load MU model: Squad/Parts/Coupling/Assets/Separator_1
[LOG 17:49:25.497] Load MU model: Squad/Parts/Coupling/Assets/Separator_1p5
[LOG 17:49:25.497] Load MU model: Squad/Parts/Coupling/Assets/Separator_2
[LOG 17:49:25.497] Load MU model: Squad/Parts/Coupling/Assets/Separator_3
[LOG 17:49:25.498] Load MU model: Squad/Parts/Coupling/Assets/Separator_4
[LOG 17:49:25.498] Load MU model: Squad/Parts/Electrical/10CSolarPanels/assets/OX-10C
[LOG 17:49:25.500] Load MU model: Squad/Parts/Electrical/10CSolarPanels/assets/SP-10C
[LOG 17:49:25.502] Load MU model: Squad/Parts/Electrical/10LSolarPanels/assets/OX-10L
[LOG 17:49:25.503] Load MU model: Squad/Parts/Electrical/10LSolarPanels/assets/SP-10L
[LOG 17:49:25.504] Load MU model: Squad/Parts/Electrical/1x6ShroudSolarPanels/model
[LOG 17:49:25.505] Load MU model: Squad/Parts/Electrical/1x6SolarPanels/model
[LOG 17:49:25.505] Load MU model: Squad/Parts/Electrical/3x2ShroudSolarPanels/model
[LOG 17:49:25.506] Load MU model: Squad/Parts/Electrical/3x2SolarPanels/model
[LOG 17:49:25.507] Load MU model: Squad/Parts/Electrical/gigantorXlSolarArray/model
[LOG 17:49:25.507] Load MU model: Squad/Parts/Electrical/radialFlatSolarPanel/model
[LOG 17:49:25.507] Load MU model: Squad/Parts/Electrical/RTG/model
[LOG 17:49:25.507] Load MU model: Squad/Parts/Electrical/z-100Battery/model
[LOG 17:49:25.508] Load MU model: Squad/Parts/Electrical/z-1kBattery/model
[LOG 17:49:25.508] Load MU model: Squad/Parts/Electrical/z-200Battery/model
[LOG 17:49:25.508] Load MU model: Squad/Parts/Electrical/z-400Battery/model
[LOG 17:49:25.508] Load MU model: Squad/Parts/Electrical/z-4kBattery/model
[LOG 17:49:25.508] Load MU model: Squad/Parts/Engine/ionEngine/model
[LOG 17:49:25.509] Load MU model: Squad/Parts/Engine/jetEngines/turbineInside
[LOG 17:49:25.509] Load MU model: Squad/Parts/Engine/jetEngines/turboFanSize1
[LOG 17:49:25.509] Load MU model: Squad/Parts/Engine/jetEngines/turboFanSize2
[LOG 17:49:25.510] Load MU model: Squad/Parts/Engine/jetEngines/turboJet
[LOG 17:49:25.511] Load MU model: Squad/Parts/Engine/jetEngines/turboRamJet
[LOG 17:49:25.512] Load MU model: Squad/Parts/Engine/liquidEngine24-77/model
[LOG 17:49:25.512] Load MU model: Squad/Parts/Engine/liquidEngine24-77_v2/Twitch_v2
[LOG 17:49:25.512] Load MU model: Squad/Parts/Engine/liquidEngine48-7S_v2/SparkV2
[LOG 17:49:25.513] Load MU model: Squad/Parts/Engine/liquidEngineAerospike/AeroSpike
[LOG 17:49:25.513] Load MU model: Squad/Parts/Engine/liquidEngineLV-1_v2/Assets/Ant
[LOG 17:49:25.514] Load MU model: Squad/Parts/Engine/liquidEngineLV-1_v2/Assets/Spider
[LOG 17:49:25.515] Load MU model: Squad/Parts/Engine/liquidEngineLV-909_v2/TerrierV2
[LOG 17:49:25.515] Load MU model: Squad/Parts/Engine/liquidEngineLV-N/model
[LOG 17:49:25.516] Load MU model: Squad/Parts/Engine/liquidEngineLV-T30/model
[LOG 17:49:25.517] Load MU model: Squad/Parts/Engine/liquidEngineLV-T30_v2/Reliant_v2
[LOG 17:49:25.520] Load MU model: Squad/Parts/Engine/liquidEngineLV-T45/model
[LOG 17:49:25.520] Load MU model: Squad/Parts/Engine/liquidEngineLV-T45_v2/Swivel_v2
[LOG 17:49:25.521] Load MU model: Squad/Parts/Engine/liquidEngineMainsail_v2/liquidEngineMainsail_v2
[LOG 17:49:25.522] Load MU model: Squad/Parts/Engine/liquidEngineMk55/Thud
[LOG 17:49:25.523] Load MU model: Squad/Parts/Engine/liquidEnginePoodle_v2/LqdEnginePoodle_v2
[LOG 17:49:25.526] Load MU model: Squad/Parts/Engine/liquidEngineSkipper_v2/skipper_v2
[LOG 17:49:25.527] Load MU model: Squad/Parts/Engine/liquidEngineSSME/SSME
[LOG 17:49:25.528] Load MU model: Squad/Parts/Engine/MassiveSRB/MassiveSRB
[LOG 17:49:25.528] Load MU model: Squad/Parts/Engine/miniJet/SmallJet
[LOG 17:49:25.529] Load MU model: Squad/Parts/Engine/OMSEngine/Puff_v2
[LOG 17:49:25.529] Load MU model: Squad/Parts/Engine/rapierEngine/rapier
[LOG 17:49:25.530] Load MU model: Squad/Parts/Engine/Size1_SRBs/SRB10
[LOG 17:49:25.530] Load MU model: Squad/Parts/Engine/Size1_SRBs/SRB5
[LOG 17:49:25.531] Load MU model: Squad/Parts/Engine/Size2LFB/Size2LFB
[LOG 17:49:25.532] Load MU model: Squad/Parts/Engine/Size2LFB_v2/Size2LFB_v2
[LOG 17:49:25.533] Load MU model: Squad/Parts/Engine/Size3AdvancedEngine/Size3AdvancedEngine
[LOG 17:49:25.534] Load MU model: Squad/Parts/Engine/Size3EngineCluster/Size3EngineCluster
[LOG 17:49:25.535] Load MU model: Squad/Parts/Engine/solidBoosterBACC/model
[LOG 17:49:25.535] Load MU model: Squad/Parts/Engine/solidBoosterS2-17/solidBoosterS2-17
[LOG 17:49:25.536] Load MU model: Squad/Parts/Engine/solidBoosterS2-33/solidBoosterS2-33
[LOG 17:49:25.537] Load MU model: Squad/Parts/Engine/solidBoosterSep/model
[LOG 17:49:25.537] Load MU model: Squad/Parts/Engine/SolidBoostersF/Assets/SolidBoosterF3S0
[LOG 17:49:25.537] Load MU model: Squad/Parts/Engine/SolidBoostersF/Assets/SolidBoosterFM1
[LOG 17:49:25.538] Load MU model: Squad/Parts/FuelTank/adapterTanks/Mk3-Mk2
[LOG 17:49:25.538] Load MU model: Squad/Parts/FuelTank/adapterTanks/Mk3-Size2
[LOG 17:49:25.538] Load MU model: Squad/Parts/FuelTank/adapterTanks/Mk3-Size2Slant
[LOG 17:49:25.538] Load MU model: Squad/Parts/FuelTank/adapterTanks/ShuttleAdapter
[LOG 17:49:25.539] Load MU model: Squad/Parts/FuelTank/adapterTanks/Size2-Mk2
[LOG 17:49:25.539] Load MU model: Squad/Parts/FuelTank/adapterTanks/Size2-Size1
[LOG 17:49:25.539] Load MU model: Squad/Parts/FuelTank/adapterTanks/Size2-Size1Slant
[LOG 17:49:25.540] Load MU model: Squad/Parts/FuelTank/adapterTanks/Size3-Mk3
[LOG 17:49:25.540] Load MU model: Squad/Parts/FuelTank/drainTankFTE-1/fuelValve
[LOG 17:49:25.540] Load MU model: Squad/Parts/FuelTank/FoilTanks/RadialTank_Capsule
[LOG 17:49:25.540] Load MU model: Squad/Parts/FuelTank/FoilTanks/RadialTank_Round
[LOG 17:49:25.540] Load MU model: Squad/Parts/FuelTank/FoilTanks/ToroidTank
[LOG 17:49:25.541] Load MU model: Squad/Parts/FuelTank/fuelTankOscarB/model
[LOG 17:49:25.541] Load MU model: Squad/Parts/FuelTank/miniFuselage/Fuselage
[LOG 17:49:25.541] Load MU model: Squad/Parts/FuelTank/mk2Adapters/bicoupler
[LOG 17:49:25.542] Load MU model: Squad/Parts/FuelTank/mk2Adapters/long
[LOG 17:49:25.542] Load MU model: Squad/Parts/FuelTank/mk2Adapters/standard
[LOG 17:49:25.542] Load MU model: Squad/Parts/FuelTank/mk2FuselageLong/FuselageLongLFO
[LOG 17:49:25.542] Load MU model: Squad/Parts/FuelTank/mk2FuselageLong/FuselageLongLiquid
[LOG 17:49:25.543] Load MU model: Squad/Parts/FuelTank/mk2FuselageShort/FuselageShortLFO
[LOG 17:49:25.543] Load MU model: Squad/Parts/FuelTank/mk2FuselageShort/FuselageShortLiquid
[LOG 17:49:25.543] Load MU model: Squad/Parts/FuelTank/mk2FuselageShort/FuselageShortMono
[LOG 17:49:25.543] Load MU model: Squad/Parts/FuelTank/mk3Fuselage/CREW
[LOG 17:49:25.544] Load MU model: Squad/Parts/FuelTank/mk3Fuselage/LFO_100
[LOG 17:49:25.544] Load MU model: Squad/Parts/FuelTank/mk3Fuselage/LFO_25
[LOG 17:49:25.544] Load MU model: Squad/Parts/FuelTank/mk3Fuselage/LFO_50
[LOG 17:49:25.544] Load MU model: Squad/Parts/FuelTank/mk3Fuselage/LF_100
[LOG 17:49:25.544] Load MU model: Squad/Parts/FuelTank/mk3Fuselage/LF_25
[LOG 17:49:25.545] Load MU model: Squad/Parts/FuelTank/mk3Fuselage/LF_50
[LOG 17:49:25.545] Load MU model: Squad/Parts/FuelTank/mk3Fuselage/MONO
[LOG 17:49:25.545] Load MU model: Squad/Parts/FuelTank/RCSFuelTankR1/RCSFuelTankR1_01
[LOG 17:49:25.546] Load MU model: Squad/Parts/FuelTank/RCSFuelTankR10/model
[LOG 17:49:25.546] Load MU model: Squad/Parts/FuelTank/RCSFuelTankR25/RCSFuelTankR25
[LOG 17:49:25.546] Load MU model: Squad/Parts/FuelTank/RCSTankRadial/model
[LOG 17:49:25.546] Load MU model: Squad/Parts/FuelTank/RCStankRadialLong/model
[LOG 17:49:25.546] Load MU model: Squad/Parts/FuelTank/RockomaxTanks/Assets/Rockomax16
[LOG 17:49:25.546] Load MU model: Squad/Parts/FuelTank/RockomaxTanks/Assets/Rockomax32
[LOG 17:49:25.547] Load MU model: Squad/Parts/FuelTank/RockomaxTanks/Assets/Rockomax64
[LOG 17:49:25.547] Load MU model: Squad/Parts/FuelTank/RockomaxTanks/Assets/Rockomax8
[LOG 17:49:25.548] Load MU model: Squad/Parts/FuelTank/Size1_Tanks/Size1Tank_01
[LOG 17:49:25.548] Load MU model: Squad/Parts/FuelTank/Size1_Tanks/Size1Tank_02
[LOG 17:49:25.548] Load MU model: Squad/Parts/FuelTank/Size1_Tanks/Size1Tank_03
[LOG 17:49:25.549] Load MU model: Squad/Parts/FuelTank/Size1_Tanks/Size1Tank_04
[LOG 17:49:25.549] Load MU model: Squad/Parts/FuelTank/Size3Tanks/Size3LargeTank
[LOG 17:49:25.550] Load MU model: Squad/Parts/FuelTank/Size3Tanks/Size3MediumTank
[LOG 17:49:25.550] Load MU model: Squad/Parts/FuelTank/Size3Tanks/Size3SmallTank
[LOG 17:49:25.551] Load MU model: Squad/Parts/FuelTank/xenonTank/model
[LOG 17:49:25.551] Load MU model: Squad/Parts/FuelTank/xenonTankLarge/model
[LOG 17:49:25.551] Load MU model: Squad/Parts/FuelTank/xenonTankRadial/model
[LOG 17:49:25.552] Load MU model: Squad/Parts/Misc/AsteroidDay/CamSat
[LOG 17:49:25.552] Load MU model: Squad/Parts/Misc/AsteroidDay/HECS2
[LOG 17:49:25.552] Load MU model: Squad/Parts/Misc/AsteroidDay/HighGainAntenna
[LOG 17:49:25.553] Load MU model: Squad/Parts/Misc/AsteroidDay/LgRadialSolar
[LOG 17:49:25.553] Load MU model: Squad/Parts/Misc/PotatoComet/Cube
[LOG 17:49:25.554] Load MU model: Squad/Parts/Misc/PotatoRoid/Cube
[LOG 17:49:25.554] Load MU model: Squad/Parts/Resources/FuelCell/FuelCell
[LOG 17:49:25.554] Load MU model: Squad/Parts/Resources/FuelCell/FuelCellArray
[LOG 17:49:25.554] Load MU model: Squad/Parts/Resources/ISRU/ISRU
[LOG 17:49:25.555] Load MU model: Squad/Parts/Resources/LargeTank/LargeTank
[LOG 17:49:25.555] Load MU model: Squad/Parts/Resources/MiniDrill/MiniDrill
[LOG 17:49:25.557] Load MU model: Squad/Parts/Resources/MiniISRU/MiniISRU
[LOG 17:49:25.557] Load MU model: Squad/Parts/Resources/OrbitalScanner/OrbitalScanner
[LOG 17:49:25.558] Load MU model: Squad/Parts/Resources/RadialDrill/TriBitDrill
[LOG 17:49:25.561] Load MU model: Squad/Parts/Resources/RadialTank/RadialOreTank
[LOG 17:49:25.561] Load MU model: Squad/Parts/Resources/SmallTank/SmallTank
[LOG 17:49:25.561] Load MU model: Squad/Parts/Resources/SurfaceScanner/SurfaceScanner
[LOG 17:49:25.561] Load MU model: Squad/Parts/Resources/SurveyScanner/SurveyScanner
[LOG 17:49:25.562] Load MU model: Squad/Parts/Science/AtmosphereSensor/model
[LOG 17:49:25.562] Load MU model: Squad/Parts/Science/GooExperiment/GooExperiment
[LOG 17:49:25.562] Load MU model: Squad/Parts/Science/LargeCrewedLab/large_crewed_lab
[LOG 17:49:25.563] Load MU model: Squad/Parts/Science/Magnetometer/Magnetometer
[LOG 17:49:25.568] Load MU model: Squad/Parts/Science/MaterialBay/science_module_small
[LOG 17:49:25.568] Load MU model: Squad/Parts/Science/ScienceBox/ScienceBox
[LOG 17:49:25.568] Load MU model: Squad/Parts/Science/sensorAccelerometer/model
[LOG 17:49:25.569] Load MU model: Squad/Parts/Science/sensorBarometer/model
[LOG 17:49:25.569] Load MU model: Squad/Parts/Science/sensorGravimeter/model
[LOG 17:49:25.569] Load MU model: Squad/Parts/Science/sensorThermometer/model
[LOG 17:49:25.569] Load MU model: Squad/Parts/Structural/FLAdapters/Assets/adapterSmallMiniShort_v2
[LOG 17:49:25.569] Load MU model: Squad/Parts/Structural/FLAdapters/Assets/adapterSmallMiniTall_v2
[LOG 17:49:25.569] Load MU model: Squad/Parts/Structural/mk1Parts/Fuselage
[LOG 17:49:25.570] Load MU model: Squad/Parts/Structural/mk1Parts/IntakeFuselage
[LOG 17:49:25.570] Load MU model: Squad/Parts/Structural/mk1Parts/Nacelle1
[LOG 17:49:25.570] Load MU model: Squad/Parts/Structural/mk1Parts/Nacelle2
[LOG 17:49:25.571] Load MU model: Squad/Parts/Structural/mk1Parts/Structural
[LOG 17:49:25.571] Load MU model: Squad/Parts/Structural/mk1Parts/StructuralHollow
[LOG 17:49:25.571] Load MU model: Squad/Parts/Structural/Size3To2Adapter_v2/Size2to3_v2
[LOG 17:49:25.571] Load MU model: Squad/Parts/Structural/stackAdapters/Assets/adapterLargeSmallBi
[LOG 17:49:25.572] Load MU model: Squad/Parts/Structural/stackAdapters/Assets/adapterLargeSmallQuad
[LOG 17:49:25.572] Load MU model: Squad/Parts/Structural/stackAdapters/Assets/adapterLargeSmallTri
[LOG 17:49:25.572] Load MU model: Squad/Parts/Structural/stationHub/model
[LOG 17:49:25.573] Load MU model: Squad/Parts/Structural/structuralIBeam200/model
[LOG 17:49:25.573] Load MU model: Squad/Parts/Structural/structuralIBeam200Pocket/model
[LOG 17:49:25.573] Load MU model: Squad/Parts/Structural/structuralIBeam650/model
[LOG 17:49:25.573] Load MU model: Squad/Parts/Structural/structuralMicronode/model
[LOG 17:49:25.573] Load MU model: Squad/Parts/Structural/structuralPanel1x1/model
[LOG 17:49:25.573] Load MU model: Squad/Parts/Structural/structuralPanel2x2/model
[LOG 17:49:25.573] Load MU model: Squad/Parts/Structural/structuralPylons/PylonBig
[LOG 17:49:25.574] Load MU model: Squad/Parts/Structural/structuralPylons/PylonSmall
[LOG 17:49:25.574] Load MU model: Squad/Parts/Structural/strutCubicOcto/model
[LOG 17:49:25.574] Load MU model: Squad/Parts/Structural/strutOcto/model
[LOG 17:49:25.574] Load MU model: Squad/Parts/Structural/trussGirderAdapter/model
[LOG 17:49:25.574] Load MU model: Squad/Parts/Structural/trussGirderL/model
[LOG 17:49:25.575] Load MU model: Squad/Parts/Structural/trussGirderXL/model
[LOG 17:49:25.575] Load MU model: Squad/Parts/Thermal/FoldingRadiators/foldingRadLarge
[LOG 17:49:25.580] Load MU model: Squad/Parts/Thermal/FoldingRadiators/foldingRadMed
[LOG 17:49:25.582] Load MU model: Squad/Parts/Thermal/FoldingRadiators/foldingRadSmall
[LOG 17:49:25.585] Load MU model: Squad/Parts/Thermal/RadiatorPanels/radPanelEdge
[LOG 17:49:25.586] Load MU model: Squad/Parts/Thermal/RadiatorPanels/radPanelLg
[LOG 17:49:25.587] Load MU model: Squad/Parts/Thermal/RadiatorPanels/radPanelSm
[LOG 17:49:25.587] Load MU model: Squad/Parts/Utility/commDish88-88/model
[LOG 17:49:25.594] Load MU model: Squad/Parts/Utility/commsAntennaDTS-M1/mediumDishAntenna
[LOG 17:49:25.595] Load MU model: Squad/Parts/Utility/commsDish16/model
[LOG 17:49:25.596] Load MU model: Squad/Parts/Utility/decouplerRadialHDM/model
[LOG 17:49:25.596] Load MU model: Squad/Parts/Utility/decouplerRadialTT-38K/model
[LOG 17:49:25.596] Load MU model: Squad/Parts/Utility/decouplerRadialTT-70/model
[LOG 17:49:25.596] Load MU model: Squad/Parts/Utility/DirectAntennas/HGAntenna
[LOG 17:49:25.597] Load MU model: Squad/Parts/Utility/DirectAntennas/HGAntenna_v2
[LOG 17:49:25.598] Load MU model: Squad/Parts/Utility/DirectAntennas/SurfAntenna
[LOG 17:49:25.598] Load MU model: Squad/Parts/Utility/dockingPort/dockingPort
[LOG 17:49:25.599] Load MU model: Squad/Parts/Utility/dockingPortInline/dockingPortInline
[LOG 17:49:25.600] Load MU model: Squad/Parts/Utility/dockingPortJr/dockingPortJr
[LOG 17:49:25.600] Load MU model: Squad/Parts/Utility/dockingPortShielded/dockingPortShielded
[LOG 17:49:25.601] Load MU model: Squad/Parts/Utility/dockingPortSr/dockingPortSr
[LOG 17:49:25.602] Load MU model: Squad/Parts/Utility/Fireworks/Assets/fireworksLauncherBig
[LOG 17:49:25.602] Load MU model: Squad/Parts/Utility/Fireworks/Assets/fireworksLauncherSmall
[LOG 17:49:25.602] Load MU model: Squad/Parts/Utility/flags/flagFlat/flagFlatMeshes
[LOG 17:49:25.606] Load MU model: Squad/Parts/Utility/flags/flagSize0/flagSize0Meshes
[LOG 17:49:25.607] Load MU model: Squad/Parts/Utility/flags/flagSize1/flagSize1Meshes
[LOG 17:49:25.608] Load MU model: Squad/Parts/Utility/flags/flagSize2/flagSize2Meshes
[LOG 17:49:25.610] Load MU model: Squad/Parts/Utility/flags/flagSize3/flagSize3Meshes
[LOG 17:49:25.611] Load MU model: Squad/Parts/Utility/GrapplingDevice/GrapplingArm
[LOG 17:49:25.616] Load MU model: Squad/Parts/Utility/ladderRadial/model
[LOG 17:49:25.616] Load MU model: Squad/Parts/Utility/ladderTelescopic/model
[LOG 17:49:25.617] Load MU model: Squad/Parts/Utility/ladderTelescopicBay/model
[LOG 17:49:25.620] Load MU model: Squad/Parts/Utility/landingLegLT-1/model
[LOG 17:49:25.621] Load MU model: Squad/Parts/Utility/landingLegLT-2/model
[LOG 17:49:25.622] Load MU model: Squad/Parts/Utility/landingLegLT-5/model
[WRN 17:49:25.624] WheelCollider requires an attached Rigidbody to function.
[WRN 17:49:25.624] WheelCollider requires an attached Rigidbody to function.
[LOG 17:49:25.624] Load MU model: Squad/Parts/Utility/launchClamp1/model
[LOG 17:49:25.625] Load MU model: Squad/Parts/Utility/launchEscapeSystem/LaunchEscapeSystem
[LOG 17:49:25.626] Load MU model: Squad/Parts/Utility/Lights/Assets/light_02
[LOG 17:49:25.626] Load MU model: Squad/Parts/Utility/Lights/Assets/light_03
[LOG 17:49:25.626] Load MU model: Squad/Parts/Utility/Lights/Assets/light_04
[LOG 17:49:25.627] Load MU model: Squad/Parts/Utility/Lights/Assets/light_07
[LOG 17:49:25.627] Load MU model: Squad/Parts/Utility/Lights/Assets/light_08
[LOG 17:49:25.628] Load MU model: Squad/Parts/Utility/Lights/Assets/light_12
[LOG 17:49:25.628] Load MU model: Squad/Parts/Utility/linearVernorRCS/Assets/linearRCS
[LOG 17:49:25.628] Load MU model: Squad/Parts/Utility/linearVernorRCS/Assets/vernorEngine
[LOG 17:49:25.629] Load MU model: Squad/Parts/Utility/mk2CargoBay/BayLarge
[LOG 17:49:25.629] Load MU model: Squad/Parts/Utility/mk2CargoBay/BaySmall
[LOG 17:49:25.630] Load MU model: Squad/Parts/Utility/mk2CrewCabin/model
[LOG 17:49:25.630] Load MU model: Squad/Parts/Utility/mk2DockingPort/mk2Dockingport
[LOG 17:49:25.631] Load MU model: Squad/Parts/Utility/mk3CargoBay/long
[LOG 17:49:25.632] Load MU model: Squad/Parts/Utility/mk3CargoBay/medium
[LOG 17:49:25.633] Load MU model: Squad/Parts/Utility/mk3CargoBay/ramp
[LOG 17:49:25.634] Load MU model: Squad/Parts/Utility/mk3CargoBay/short
[LOG 17:49:25.635] Load MU model: Squad/Parts/Utility/parachuteMk1/model
[LOG 17:49:25.635] Load MU model: Squad/Parts/Utility/parachuteMk12-R/model
[LOG 17:49:25.635] Load MU model: Squad/Parts/Utility/parachuteMk16-XL/model
[LOG 17:49:25.636] Load MU model: Squad/Parts/Utility/parachuteMk2-R/model
[LOG 17:49:25.636] Load MU model: Squad/Parts/Utility/parachuteMk25/model
[LOG 17:49:25.636] Load MU model: Squad/Parts/Utility/radialAttachmentPoint/model
[LOG 17:49:25.637] Load MU model: Squad/Parts/Utility/rcsBlockRV-105_v2/rcsBlock105
[LOG 17:49:25.638] Load MU model: Squad/Parts/Utility/rcsSmallLinear/Assets/RCSLinearSmall
[LOG 17:49:25.638] Load MU model: Squad/Parts/Utility/RelayAntennas/HGAntenna
[LOG 17:49:25.639] Load MU model: Squad/Parts/Utility/RelayAntennas/RA-100
[LOG 17:49:25.639] Load MU model: Squad/Parts/Utility/RelayAntennas/RA-5
[LOG 17:49:25.639] Load MU model: Squad/Parts/Utility/RelayAntennas/RA-50
[LOG 17:49:25.640] Load MU model: Squad/Parts/Utility/rockomaxAdapters/Assets/brandAdapter
[LOG 17:49:25.640] Load MU model: Squad/Parts/Utility/rockomaxAdapters/Assets/brandAdapter02
[LOG 17:49:25.640] Load MU model: Squad/Parts/Utility/ServiceBay_v2/Assets/ServiceBay_125_v2
[LOG 17:49:25.642] Load MU model: Squad/Parts/Utility/ServiceBay_v2/Assets/ServiceBay_250_v2
[LOG 17:49:25.643] Load MU model: Squad/Parts/Utility/smallClaw/smallClaw
[LOG 17:49:25.647] Load MU model: Squad/Parts/Utility/spotLightMk1/model
[LOG 17:49:25.647] Load MU model: Squad/Parts/Utility/spotLightMk1_v2/model
[LOG 17:49:25.647] Load MU model: Squad/Parts/Utility/spotLightMk2/model
[LOG 17:49:25.648] Load MU model: Squad/Parts/Utility/spotLightMk2_v2/model
[LOG 17:49:25.648] Load MU model: Squad/Parts/Utility/stackCouplers/Assets/stackBiCoupler_v2
[LOG 17:49:25.648] Load MU model: Squad/Parts/Utility/stackCouplers/Assets/stackQuadCoupler
[LOG 17:49:25.648] Load MU model: Squad/Parts/Utility/stackCouplers/Assets/stackTriCoupler_v2
[LOG 17:49:25.649] Load MU model: Squad/Parts/Wheel/LandingGear/GearExtraLarge
[WRN 17:49:25.650] WheelCollider requires an attached Rigidbody to function.
[WRN 17:49:25.650] WheelCollider requires an attached Rigidbody to function.
[LOG 17:49:25.651] Load MU model: Squad/Parts/Wheel/LandingGear/GearFixed
[WRN 17:49:25.651] WheelCollider requires an attached Rigidbody to function.
[WRN 17:49:25.651] WheelCollider requires an attached Rigidbody to function.
[LOG 17:49:25.651] Load MU model: Squad/Parts/Wheel/LandingGear/GearFree
[WRN 17:49:25.651] WheelCollider requires an attached Rigidbody to function.
[WRN 17:49:25.652] WheelCollider requires an attached Rigidbody to function.
[LOG 17:49:25.652] Load MU model: Squad/Parts/Wheel/LandingGear/GearLarge
[WRN 17:49:25.652] WheelCollider requires an attached Rigidbody to function.
[WRN 17:49:25.652] WheelCollider requires an attached Rigidbody to function.
[LOG 17:49:25.654] Load MU model: Squad/Parts/Wheel/LandingGear/GearMedium
[WRN 17:49:25.654] WheelCollider requires an attached Rigidbody to function.
[WRN 17:49:25.655] WheelCollider requires an attached Rigidbody to function.
[LOG 17:49:25.655] Load MU model: Squad/Parts/Wheel/LandingGear/GearSmall
[WRN 17:49:25.655] WheelCollider requires an attached Rigidbody to function.
[WRN 17:49:25.655] WheelCollider requires an attached Rigidbody to function.
[LOG 17:49:25.656] Load MU model: Squad/Parts/Wheel/roverWheelM1/model
[WRN 17:49:25.656] WheelCollider requires an attached Rigidbody to function.
[WRN 17:49:25.656] WheelCollider requires an attached Rigidbody to function.
[LOG 17:49:25.656] Load MU model: Squad/Parts/Wheel/roverWheelS2/model
[WRN 17:49:25.656] WheelCollider requires an attached Rigidbody to function.
[WRN 17:49:25.656] WheelCollider requires an attached Rigidbody to function.
[LOG 17:49:25.657] Load MU model: Squad/Parts/Wheel/roverWheelTR-2L/model
[WRN 17:49:25.657] WheelCollider requires an attached Rigidbody to function.
[WRN 17:49:25.657] WheelCollider requires an attached Rigidbody to function.
[LOG 17:49:25.657] Load MU model: Squad/Parts/Wheel/roverWheelXL3/model
[WRN 17:49:25.659] WheelCollider requires an attached Rigidbody to function.
[WRN 17:49:25.659] WheelCollider requires an attached Rigidbody to function.
[LOG 17:49:25.659] Load MU model: Squad/Props/AltimeterThreeHands/model
[LOG 17:49:25.659] Load MU model: Squad/Props/AtmosphereDepth/model
[LOG 17:49:25.661] Load MU model: Squad/Props/AxisIndicator/model
[LOG 17:49:25.661] Load MU model: Squad/Props/buttonsGeneric/circularButton
[LOG 17:49:25.661] Load MU model: Squad/Props/buttonsGeneric/clusterButtons
[LOG 17:49:25.661] Load MU model: Squad/Props/buttonsGeneric/clusterButtons2
[LOG 17:49:25.661] Load MU model: Squad/Props/buttonsGeneric/clusterKnob
[LOG 17:49:25.661] Load MU model: Squad/Props/buttonsGeneric/clusterKnob2
[LOG 17:49:25.661] Load MU model: Squad/Props/buttonsGeneric/clusterMixed
[LOG 17:49:25.661] Load MU model: Squad/Props/buttonsGeneric/clusterSwitches01
[LOG 17:49:25.661] Load MU model: Squad/Props/buttonsGeneric/clusterSwitches02
[LOG 17:49:25.662] Load MU model: Squad/Props/buttonsGeneric/clusterSwitches03
[LOG 17:49:25.662] Load MU model: Squad/Props/buttonsGeneric/clusterSwitches04
[LOG 17:49:25.662] Load MU model: Squad/Props/buttonsGeneric/clusterSwitches05
[LOG 17:49:25.662] Load MU model: Squad/Props/buttonsGeneric/clusterSwitches06
[LOG 17:49:25.663] Load MU model: Squad/Props/buttonsGeneric/clusterSwitches07
[LOG 17:49:25.663] Load MU model: Squad/Props/buttonsGeneric/directionalKnob
[LOG 17:49:25.663] Load MU model: Squad/Props/buttonsGeneric/directionalKnob2
[LOG 17:49:25.663] Load MU model: Squad/Props/buttonsGeneric/pullSwitch
[LOG 17:49:25.663] Load MU model: Squad/Props/buttonsGeneric/squareButton
[LOG 17:49:25.663] Load MU model: Squad/Props/buttonsGeneric/standingSwitch
[LOG 17:49:25.663] Load MU model: Squad/Props/buttonsGeneric/switch
[LOG 17:49:25.663] Load MU model: Squad/Props/buttonsGeneric/switchWithGuards
[LOG 17:49:25.663] Load MU model: Squad/Props/ButtonSquare/model
[LOG 17:49:25.664] Load MU model: Squad/Props/circularButton/model
[LOG 17:49:25.664] Load MU model: Squad/Props/Compass/model
[LOG 17:49:25.664] Load MU model: Squad/Props/directionalKnob/model
[LOG 17:49:25.664] Load MU model: Squad/Props/directionalKnob2/model
[LOG 17:49:25.664] Load MU model: Squad/Props/IndicatorPanel/model
[LOG 17:49:25.665] Load MU model: Squad/Props/IVANavBall/model
[LOG 17:49:25.665] Load MU model: Squad/Props/IVANavBallNoBase/model
[LOG 17:49:25.666] Load MU model: Squad/Props/ledPanelSpeed/model
[LOG 17:49:25.666] Load MU model: Squad/Props/Monitor/MonitorDockingMode
[LOG 17:49:25.666] Load MU model: Squad/Props/NavBall/model
[LOG 17:49:25.667] Load MU model: Squad/Props/PropsGeneric/Button_DockingMode
[LOG 17:49:25.667] Load MU model: Squad/Props/PropsGeneric/CargoBagA
[LOG 17:49:25.669] Load MU model: Squad/Props/PropsGeneric/CargoBagB
[LOG 17:49:25.669] Load MU model: Squad/Props/PropsGeneric/CargoBagC
[LOG 17:49:25.669] Load MU model: Squad/Props/PropsGeneric/Hatch_Plane
[LOG 17:49:25.669] Load MU model: Squad/Props/PropsGeneric/Hatch_Plane_Curve90
[LOG 17:49:25.670] Load MU model: Squad/Props/PropsGeneric/Hatch_Plane_Frame
[LOG 17:49:25.670] Load MU model: Squad/Props/PropsGeneric/Seat_Passenger
[LOG 17:49:25.670] Load MU model: Squad/Props/PropsGeneric/Seat_Pilot
[LOG 17:49:25.670] Load MU model: Squad/Props/PropsGeneric/Seat_Pilot_Helmet
[LOG 17:49:25.670] Load MU model: Squad/Props/PropsGeneric/SideStick
[LOG 17:49:25.670] Load MU model: Squad/Props/pullSwitch/model
[LOG 17:49:25.670] Load MU model: Squad/Props/radarAltitude/model
[LOG 17:49:25.671] Load MU model: Squad/Props/squareButton/model
[LOG 17:49:25.671] Load MU model: Squad/Props/standingSwitch/model
[LOG 17:49:25.671] Load MU model: Squad/Props/switch/model
[LOG 17:49:25.671] Load MU model: Squad/Props/switchGuard/model
[LOG 17:49:25.671] Load MU model: Squad/Props/switchWithGuards/model
[LOG 17:49:25.671] Load MU model: Squad/Props/throttle/model
[LOG 17:49:25.672] Load MU model: Squad/Props/VSI/model
[LOG 17:49:25.672] Load MU model: Squad/Spaces/crewCabinInternals/model
[LOG 17:49:25.673] Load MU model: Squad/Spaces/cupolaInternal/model
[LOG 17:49:25.675] Load MU model: Squad/Spaces/GenericSpace1/model
[LOG 17:49:25.676] Load MU model: Squad/Spaces/GenericSpace3/model
[LOG 17:49:25.678] Load MU model: Squad/Spaces/landerCabinInternals/model
[LOG 17:49:25.679] Load MU model: Squad/Spaces/landerCabinSmallInternal/model
[LOG 17:49:25.680] Load MU model: Squad/Spaces/LargeCrewedLabInternals/Large_Crewed_lab_Int
[LOG 17:49:25.682] Load MU model: Squad/Spaces/Mk1-3/model
[LOG 17:49:25.685] Load MU model: Squad/Spaces/mk1CabinInternal/mk1cabin
[LOG 17:49:25.688] Load MU model: Squad/Spaces/mk1CockpitInternal/Mk1StandardIVA
[LOG 17:49:25.690] Load MU model: Squad/Spaces/mk1InlineInternal/Mk1InlineIVA
[LOG 17:49:25.691] Load MU model: Squad/Spaces/mk1PodCockpit/model
[LOG 17:49:25.692] Load MU model: Squad/Spaces/mk1pod_IVA/mk1pod_IVA
[LOG 17:49:25.693] Load MU model: Squad/Spaces/mk2CockpitStandardInternal/model
[LOG 17:49:25.694] Load MU model: Squad/Spaces/Mk2CrewCabinInternal/MK2_CrewCab_Int
[LOG 17:49:25.696] Load MU model: Squad/Spaces/mk2InlineInternal/mk2InlineIVA
[LOG 17:49:25.698] Load MU model: Squad/Spaces/mk2LanderCanInternal/mk2LanderCanInternal
[LOG 17:49:25.699] Load MU model: Squad/Spaces/MK3CockpitInternal/MK3_Cockpit_Int
[LOG 17:49:25.700] Load MU model: Squad/Spaces/MK3_CrewCab_Int/MK3_CrewCab_Int
[LOG 17:49:25.704] Load MU model: Squad/Spaces/OverlayMasks/CupolaMask
[LOG 17:49:25.704] Load MU model: Squad/Spaces/OverlayMasks/HitchhikerBorder
[LOG 17:49:25.704] Load MU model: Squad/Spaces/OverlayMasks/HitchhikerMask
[LOG 17:49:25.705] Load MU model: Squad/Spaces/OverlayMasks/LargeLabBorder
[LOG 17:49:25.705] Load MU model: Squad/Spaces/OverlayMasks/LargeLabMask
[LOG 17:49:25.705] Load MU model: Squad/Spaces/OverlayMasks/Mk1CabinBorder
[LOG 17:49:25.705] Load MU model: Squad/Spaces/OverlayMasks/Mk1CabinMask
[LOG 17:49:25.705] Load MU model: Squad/Spaces/OverlayMasks/Mk1InlineMask
[LOG 17:49:25.705] Load MU model: Squad/Spaces/OverlayMasks/Mk1InlineMask2
[LOG 17:49:25.705] Load MU model: Squad/Spaces/OverlayMasks/Mk1StandardBorder2
[LOG 17:49:25.705] Load MU model: Squad/Spaces/OverlayMasks/Mk1StandardBorder3
[LOG 17:49:25.705] Load MU model: Squad/Spaces/OverlayMasks/Mk1StandardMask
[LOG 17:49:25.705] Load MU model: Squad/Spaces/OverlayMasks/Mk1StandardMask2
[LOG 17:49:25.706] Load MU model: Squad/Spaces/OverlayMasks/Mk1StandardMask3
[LOG 17:49:25.706] Load MU model: Squad/Spaces/OverlayMasks/Mk2CabinBorder
[LOG 17:49:25.706] Load MU model: Squad/Spaces/OverlayMasks/Mk2CabinMask
[LOG 17:49:25.706] Load MU model: Squad/Spaces/OverlayMasks/Mk2InlineBorder
[LOG 17:49:25.706] Load MU model: Squad/Spaces/OverlayMasks/Mk2InlineMask
[LOG 17:49:25.706] Load MU model: Squad/Spaces/OverlayMasks/Mk2StandardBorder
[LOG 17:49:25.706] Load MU model: Squad/Spaces/OverlayMasks/Mk2StandardMask
[LOG 17:49:25.706] Load MU model: Squad/Spaces/OverlayMasks/Mk3CabinBorder
[LOG 17:49:25.706] Load MU model: Squad/Spaces/OverlayMasks/Mk3CabinMask
[LOG 17:49:25.707] Load MU model: Squad/Spaces/OverlayMasks/Mk3CabinMask2
[LOG 17:49:25.707] Load MU model: Squad/Spaces/OverlayMasks/Mk3ShuttleBorder
[LOG 17:49:25.707] Load MU model: Squad/Spaces/OverlayMasks/Mk3ShuttleMask
[LOG 17:49:25.707] Load MU model: Squad/Spaces/OverlayMasks/Size1LanderBorder
[LOG 17:49:25.707] Load MU model: Squad/Spaces/OverlayMasks/Size1LanderMask
[LOG 17:49:25.707] Load MU model: Squad/Spaces/OverlayMasks/Size1PodBorder
[LOG 17:49:25.707] Load MU model: Squad/Spaces/OverlayMasks/Size1PodMask
[LOG 17:49:25.707] Load MU model: Squad/Spaces/OverlayMasks/Size2LanderBorder
[LOG 17:49:25.708] Load MU model: Squad/Spaces/OverlayMasks/Size2LanderMask
[LOG 17:49:25.708] Load MU model: Squad/Spaces/OverlayMasks/Size2PodBorder
[LOG 17:49:25.708] Load MU model: Squad/Spaces/OverlayMasks/Size2PodMask
[LOG 17:49:25.708] Load MU model: Squad/Spaces/Placeholder/PlaceholderIVA
[LOG 17:49:25.708] Load MU model: Squad/Spaces/PodCockpit/model
[LOG 17:49:25.711] Load MU model: SquadExpansion/MakingHistory/Parts/Aero/protectiveRocketNoseMk5A/Size_1_5_Cone
[LOG 17:49:25.711] Load MU model: SquadExpansion/MakingHistory/Parts/Coupling/Assets/EnginePlate
[LOG 17:49:25.712] Load MU model: SquadExpansion/MakingHistory/Parts/Coupling/Assets/InflatableAirlock
[LOG 17:49:25.712] Load MU model: SquadExpansion/MakingHistory/Parts/Coupling/Assets/Size1_5_Decoupler
[LOG 17:49:25.713] Load MU model: SquadExpansion/MakingHistory/Parts/Engine/Assets/KE-1
[LOG 17:49:25.717] Load MU model: SquadExpansion/MakingHistory/Parts/Engine/Assets/LV-T87
[LOG 17:49:25.718] Load MU model: SquadExpansion/MakingHistory/Parts/Engine/Assets/LV-T91
[LOG 17:49:25.720] Load MU model: SquadExpansion/MakingHistory/Parts/Engine/Assets/RE-I2
[LOG 17:49:25.722] Load MU model: SquadExpansion/MakingHistory/Parts/Engine/Assets/RE-J10
[LOG 17:49:25.723] Load MU model: SquadExpansion/MakingHistory/Parts/Engine/Assets/RK-7
[LOG 17:49:25.725] Load MU model: SquadExpansion/MakingHistory/Parts/Engine/Assets/RV-1
[LOG 17:49:25.725] Load MU model: SquadExpansion/MakingHistory/Parts/Engine/solidBoosterTHK/solidBoosterTHK
[LOG 17:49:25.726] Load MU model: SquadExpansion/MakingHistory/Parts/FuelTank/Assets/MiniMonoTank
[LOG 17:49:25.726] Load MU model: SquadExpansion/MakingHistory/Parts/FuelTank/Assets/Size1_5_Size0_Adapter_01
[LOG 17:49:25.726] Load MU model: SquadExpansion/MakingHistory/Parts/FuelTank/Assets/Size1_5_Size1_Adapter_01
[LOG 17:49:25.726] Load MU model: SquadExpansion/MakingHistory/Parts/FuelTank/Assets/Size1_5_Size1_Adapter_02
[LOG 17:49:25.726] Load MU model: SquadExpansion/MakingHistory/Parts/FuelTank/Assets/Size1_5_Size2_Adapter_01
[LOG 17:49:25.727] Load MU model: SquadExpansion/MakingHistory/Parts/FuelTank/Assets/Size1_5_Tank_01
[LOG 17:49:25.727] Load MU model: SquadExpansion/MakingHistory/Parts/FuelTank/Assets/Size1_5_Tank_02
[LOG 17:49:25.727] Load MU model: SquadExpansion/MakingHistory/Parts/FuelTank/Assets/Size1_5_Tank_03
[LOG 17:49:25.727] Load MU model: SquadExpansion/MakingHistory/Parts/FuelTank/Assets/Size1_5_Tank_04
[LOG 17:49:25.728] Load MU model: SquadExpansion/MakingHistory/Parts/FuelTank/Assets/Size1_5_Tank_05
[LOG 17:49:25.728] Load MU model: SquadExpansion/MakingHistory/Parts/FuelTank/Assets/Size3_Size4_Adapter_01
[LOG 17:49:25.728] Load MU model: SquadExpansion/MakingHistory/Parts/FuelTank/Assets/Size4_EngineAdapter_01
[LOG 17:49:25.729] Load MU model: SquadExpansion/MakingHistory/Parts/FuelTank/Assets/Size4_Tank_01
[LOG 17:49:25.729] Load MU model: SquadExpansion/MakingHistory/Parts/FuelTank/Assets/Size4_Tank_02
[LOG 17:49:25.730] Load MU model: SquadExpansion/MakingHistory/Parts/FuelTank/Assets/Size4_Tank_03
[LOG 17:49:25.730] Load MU model: SquadExpansion/MakingHistory/Parts/FuelTank/Assets/Size4_Tank_04
[LOG 17:49:25.730] Load MU model: SquadExpansion/MakingHistory/Parts/FuelTank/Assets/Size_1p5_Monoprop
[LOG 17:49:25.731] Load MU model: SquadExpansion/MakingHistory/Parts/Ground/Assets/RoverWheel
[WRN 17:49:25.732] WheelCollider requires an attached Rigidbody to function.
[WRN 17:49:25.732] WheelCollider requires an attached Rigidbody to function.
[LOG 17:49:25.732] Load MU model: SquadExpansion/MakingHistory/Parts/Payload/Assets/ServiceModule18
[LOG 17:49:25.732] Load MU model: SquadExpansion/MakingHistory/Parts/Payload/Assets/ServiceModule25
[LOG 17:49:25.733] Load MU model: SquadExpansion/MakingHistory/Parts/Payload/Assets/Size1to0ServiceModule
[LOG 17:49:25.734] Load MU model: SquadExpansion/MakingHistory/Parts/Pods/Assets/Mk2Pod
[LOG 17:49:25.734] Load MU model: SquadExpansion/MakingHistory/Parts/Pods/Assets/RoundPod
[LOG 17:49:25.735] Load MU model: SquadExpansion/MakingHistory/Parts/Pods/Assets/Size1_5_Lander
[LOG 17:49:25.736] Load MU model: SquadExpansion/MakingHistory/Parts/SharedAssets/Shroud1p5x0
[LOG 17:49:25.736] Load MU model: SquadExpansion/MakingHistory/Parts/SharedAssets/Shroud1p5x1
[LOG 17:49:25.736] Load MU model: SquadExpansion/MakingHistory/Parts/SharedAssets/Shroud1p5x2
[LOG 17:49:25.736] Load MU model: SquadExpansion/MakingHistory/Parts/SharedAssets/Shroud1p5x3
[LOG 17:49:25.736] Load MU model: SquadExpansion/MakingHistory/Parts/SharedAssets/Shroud1p5x4
[LOG 17:49:25.736] Load MU model: SquadExpansion/MakingHistory/Parts/SharedAssets/Shroud1x0
[LOG 17:49:25.736] Load MU model: SquadExpansion/MakingHistory/Parts/SharedAssets/Shroud1x1
[LOG 17:49:25.736] Load MU model: SquadExpansion/MakingHistory/Parts/SharedAssets/Shroud1x2
[LOG 17:49:25.737] Load MU model: SquadExpansion/MakingHistory/Parts/SharedAssets/Shroud1x3
[LOG 17:49:25.737] Load MU model: SquadExpansion/MakingHistory/Parts/SharedAssets/Shroud1x4
[LOG 17:49:25.737] Load MU model: SquadExpansion/MakingHistory/Parts/SharedAssets/Shroud2x0
[LOG 17:49:25.737] Load MU model: SquadExpansion/MakingHistory/Parts/SharedAssets/Shroud2x1
[LOG 17:49:25.737] Load MU model: SquadExpansion/MakingHistory/Parts/SharedAssets/Shroud2x2
[LOG 17:49:25.737] Load MU model: SquadExpansion/MakingHistory/Parts/SharedAssets/Shroud2x3
[LOG 17:49:25.737] Load MU model: SquadExpansion/MakingHistory/Parts/SharedAssets/Shroud2x4
[LOG 17:49:25.737] Load MU model: SquadExpansion/MakingHistory/Parts/SharedAssets/Shroud3x0
[LOG 17:49:25.738] Load MU model: SquadExpansion/MakingHistory/Parts/SharedAssets/Shroud3x1
[LOG 17:49:25.738] Load MU model: SquadExpansion/MakingHistory/Parts/SharedAssets/Shroud3x2
[LOG 17:49:25.738] Load MU model: SquadExpansion/MakingHistory/Parts/SharedAssets/Shroud3x3
[LOG 17:49:25.738] Load MU model: SquadExpansion/MakingHistory/Parts/SharedAssets/Shroud3x4
[LOG 17:49:25.738] Load MU model: SquadExpansion/MakingHistory/Parts/SharedAssets/Shroud4x0
[LOG 17:49:25.738] Load MU model: SquadExpansion/MakingHistory/Parts/SharedAssets/Shroud4x1
[LOG 17:49:25.738] Load MU model: SquadExpansion/MakingHistory/Parts/SharedAssets/Shroud4x2
[LOG 17:49:25.739] Load MU model: SquadExpansion/MakingHistory/Parts/SharedAssets/Shroud4x3
[LOG 17:49:25.739] Load MU model: SquadExpansion/MakingHistory/Parts/SharedAssets/Shroud4x4
[LOG 17:49:25.739] Load MU model: SquadExpansion/MakingHistory/Parts/SharedAssets/ShroudCollider0
[LOG 17:49:25.739] Load MU model: SquadExpansion/MakingHistory/Parts/SharedAssets/ShroudCollider1
[LOG 17:49:25.739] Load MU model: SquadExpansion/MakingHistory/Parts/SharedAssets/ShroudCollider1p5
[LOG 17:49:25.740] Load MU model: SquadExpansion/MakingHistory/Parts/SharedAssets/ShroudCollider2
[LOG 17:49:25.740] Load MU model: SquadExpansion/MakingHistory/Parts/SharedAssets/ShroudCollider3
[LOG 17:49:25.740] Load MU model: SquadExpansion/MakingHistory/Parts/SharedAssets/ShroudCollider4
[LOG 17:49:25.740] Load MU model: SquadExpansion/MakingHistory/Parts/Structural/Assets/EquiTriangle0
[LOG 17:49:25.741] Load MU model: SquadExpansion/MakingHistory/Parts/Structural/Assets/EquiTriangle1
[LOG 17:49:25.741] Load MU model: SquadExpansion/MakingHistory/Parts/Structural/Assets/EquiTriangle1p5
[LOG 17:49:25.741] Load MU model: SquadExpansion/MakingHistory/Parts/Structural/Assets/EquiTriangle2
[LOG 17:49:25.741] Load MU model: SquadExpansion/MakingHistory/Parts/Structural/Assets/Panel0
[LOG 17:49:25.741] Load MU model: SquadExpansion/MakingHistory/Parts/Structural/Assets/Panel1
[LOG 17:49:25.741] Load MU model: SquadExpansion/MakingHistory/Parts/Structural/Assets/Panel1p5
[LOG 17:49:25.741] Load MU model: SquadExpansion/MakingHistory/Parts/Structural/Assets/Panel2
[LOG 17:49:25.742] Load MU model: SquadExpansion/MakingHistory/Parts/Structural/Assets/Triangle0
[LOG 17:49:25.742] Load MU model: SquadExpansion/MakingHistory/Parts/Structural/Assets/Triangle1
[LOG 17:49:25.742] Load MU model: SquadExpansion/MakingHistory/Parts/Structural/Assets/Triangle1p5
[LOG 17:49:25.742] Load MU model: SquadExpansion/MakingHistory/Parts/Structural/Assets/Triangle2
[LOG 17:49:25.742] Load MU model: SquadExpansion/MakingHistory/Parts/Utility/flags/flagSize1p5/flagSize1p5Meshes
[LOG 17:49:25.744] Load MU model: SquadExpansion/MakingHistory/Parts/Utility/flags/flagSize4/flagSize4Meshes
[LOG 17:49:25.745] Load MU model: SquadExpansion/MakingHistory/Spaces/KVPods/Airlock_IVA
[LOG 17:49:25.745] Load MU model: SquadExpansion/MakingHistory/Spaces/KVPods/KV1_IVA
[LOG 17:49:25.746] Load MU model: SquadExpansion/MakingHistory/Spaces/KVPods/KV2_IVA
[LOG 17:49:25.748] Load MU model: SquadExpansion/MakingHistory/Spaces/KVPods/KV3_IVA
[LOG 17:49:25.751] Load MU model: SquadExpansion/MakingHistory/Spaces/MEM/MEM_IVA
[LOG 17:49:25.752] Load MU model: SquadExpansion/MakingHistory/Spaces/Mk2Pod/MK2POD_IVA
[LOG 17:49:25.753] Load MU model: SquadExpansion/Serenity/Parts/Aero/Assets/FanShroud_01
[LOG 17:49:25.754] Load MU model: SquadExpansion/Serenity/Parts/Aero/Assets/FanShroud_02
[LOG 17:49:25.756] Load MU model: SquadExpansion/Serenity/Parts/Aero/Assets/FanShroud_03
[LOG 17:49:25.757] Load MU model: SquadExpansion/Serenity/Parts/Aero/Assets/noseconeTiny
[LOG 17:49:25.757] Load MU model: SquadExpansion/Serenity/Parts/Aero/Assets/noseconeVS
[LOG 17:49:25.757] Load MU model: SquadExpansion/Serenity/Parts/DeployedScience/Assets/CentralStation
[LOG 17:49:25.759] Load MU model: SquadExpansion/Serenity/Parts/DeployedScience/Assets/GoExOb
[LOG 17:49:25.762] Load MU model: SquadExpansion/Serenity/Parts/DeployedScience/Assets/IonExperiment
[LOG 17:49:25.762] Load MU model: SquadExpansion/Serenity/Parts/DeployedScience/Assets/RTGCask
[LOG 17:49:25.763] Load MU model: SquadExpansion/Serenity/Parts/DeployedScience/Assets/satDish
[LOG 17:49:25.766] Load MU model: SquadExpansion/Serenity/Parts/DeployedScience/Assets/seismicSensor
[LOG 17:49:25.770] Load MU model: SquadExpansion/Serenity/Parts/DeployedScience/Assets/solarPanel
[LOG 17:49:25.772] Load MU model: SquadExpansion/Serenity/Parts/DeployedScience/Assets/WeatherStation
[LOG 17:49:25.775] Load MU model: SquadExpansion/Serenity/Parts/Propellers/Assets/largeFanBlade
[LOG 17:49:25.776] Load MU model: SquadExpansion/Serenity/Parts/Propellers/Assets/largeHeliBlade
[LOG 17:49:25.776] Load MU model: SquadExpansion/Serenity/Parts/Propellers/Assets/largePropeller
[LOG 17:49:25.776] Load MU model: SquadExpansion/Serenity/Parts/Propellers/Assets/mediumFanBlade
[LOG 17:49:25.776] Load MU model: SquadExpansion/Serenity/Parts/Propellers/Assets/mediumHeliBlade
[LOG 17:49:25.776] Load MU model: SquadExpansion/Serenity/Parts/Propellers/Assets/mediumPropeller
[LOG 17:49:25.777] Load MU model: SquadExpansion/Serenity/Parts/Propellers/Assets/smallFanBlade
[LOG 17:49:25.777] Load MU model: SquadExpansion/Serenity/Parts/Propellers/Assets/smallHeliBlade
[LOG 17:49:25.777] Load MU model: SquadExpansion/Serenity/Parts/Propellers/Assets/smallPropeller
[LOG 17:49:25.777] Load MU model: SquadExpansion/Serenity/Parts/Robotics/Assets/hinge_01
[LOG 17:49:25.778] Load MU model: SquadExpansion/Serenity/Parts/Robotics/Assets/hinge_01_s
[LOG 17:49:25.778] Load MU model: SquadExpansion/Serenity/Parts/Robotics/Assets/hinge_03
[LOG 17:49:25.778] Load MU model: SquadExpansion/Serenity/Parts/Robotics/Assets/hinge_03_s
[LOG 17:49:25.779] Load MU model: SquadExpansion/Serenity/Parts/Robotics/Assets/hinge_04
[LOG 17:49:25.779] Load MU model: SquadExpansion/Serenity/Parts/Robotics/Assets/piston_01
[LOG 17:49:25.779] Load MU model: SquadExpansion/Serenity/Parts/Robotics/Assets/piston_02
[LOG 17:49:25.780] Load MU model: SquadExpansion/Serenity/Parts/Robotics/Assets/piston_03
[LOG 17:49:25.780] Load MU model: SquadExpansion/Serenity/Parts/Robotics/Assets/piston_04
[LOG 17:49:25.780] Load MU model: SquadExpansion/Serenity/Parts/Robotics/Assets/RotorEngine_02
[LOG 17:49:25.781] Load MU model: SquadExpansion/Serenity/Parts/Robotics/Assets/RotorEngine_03
[LOG 17:49:25.782] Load MU model: SquadExpansion/Serenity/Parts/Robotics/Assets/rotor_01
[LOG 17:49:25.782] Load MU model: SquadExpansion/Serenity/Parts/Robotics/Assets/rotor_01s
[LOG 17:49:25.783] Load MU model: SquadExpansion/Serenity/Parts/Robotics/Assets/rotor_02
[LOG 17:49:25.783] Load MU model: SquadExpansion/Serenity/Parts/Robotics/Assets/rotor_02s
[LOG 17:49:25.785] Load MU model: SquadExpansion/Serenity/Parts/Robotics/Assets/rotor_03
[LOG 17:49:25.785] Load MU model: SquadExpansion/Serenity/Parts/Robotics/Assets/rotor_03s
[LOG 17:49:25.786] Load MU model: SquadExpansion/Serenity/Parts/Robotics/Assets/RotoServo_00
[LOG 17:49:25.786] Load MU model: SquadExpansion/Serenity/Parts/Robotics/Assets/RotoServo_02
[LOG 17:49:25.786] Load MU model: SquadExpansion/Serenity/Parts/Robotics/Assets/RotoServo_03
[LOG 17:49:25.787] Load MU model: SquadExpansion/Serenity/Parts/Robotics/Assets/RotoServo_04
[LOG 17:49:25.787] Load MU model: SquadExpansion/Serenity/Parts/Robotics/Controllers/controller1000
[LOG 17:49:25.787] Load MU model: SquadExpansion/Serenity/Parts/Science/RobotArmScanner/Assets/ROCArm_01
[LOG 17:49:25.789] Load MU model: SquadExpansion/Serenity/Parts/Science/RobotArmScanner/Assets/ROCArm_02
[LOG 17:49:25.791] Load MU model: SquadExpansion/Serenity/Parts/Science/RobotArmScanner/Assets/ROCArm_03
[LOG 17:49:25.794] Load MU model: SquadExpansion/Serenity/Parts/Structural/gripPads/Assets/lGripPad
[LOG 17:49:25.794] Load MU model: SquadExpansion/Serenity/Parts/Structural/gripPads/Assets/lGripStrip
[LOG 17:49:25.794] Load MU model: SquadExpansion/Serenity/Parts/Structural/gripPads/Assets/mGripPad
[LOG 17:49:25.795] Load MU model: SquadExpansion/Serenity/Parts/Structural/gripPads/Assets/sGripPad
[LOG 17:49:25.795] Load MU model: SquadExpansion/Serenity/Parts/Structural/gripPads/Assets/sGripStrip
[LOG 17:49:25.795] Loading Asset Bundle Definitions
[LOG 17:49:25.796] AssetLoader: Loading bundle definitions
[LOG 17:49:25.934] AssetLoader: Loaded bundle 'squadcore'
[LOG 17:49:25.935] AssetLoader: Loaded bundle 'squadcorefx'
[LOG 17:49:25.935] AssetLoader: Loaded mod bundle 'kspedia'
[LOG 17:49:25.936] AssetLoader: Loaded mod bundle 'kspedia_actionsets'
[LOG 17:49:25.936] AssetLoader: Loaded mod bundle 'kspedia_aircraft'
[LOG 17:49:25.936] AssetLoader: Loaded mod bundle 'kspedia_aircraftbasics'
[LOG 17:49:25.937] AssetLoader: Loaded mod bundle 'kspedia_aircraftbasicsbalance'
[LOG 17:49:25.937] AssetLoader: Loaded mod bundle 'kspedia_aircraftbasicsbalance2'
[LOG 17:49:25.938] AssetLoader: Loaded mod bundle 'kspedia_aircraftbasicscol'
[LOG 17:49:25.938] AssetLoader: Loaded mod bundle 'kspedia_aircraftbasicscontrol'
[LOG 17:49:25.939] AssetLoader: Loaded mod bundle 'kspedia_aircraftbasicscontrolsurfaces'
[LOG 17:49:25.939] AssetLoader: Loaded mod bundle 'kspedia_aircraftbasicsdrag'
[LOG 17:49:25.939] AssetLoader: Loaded mod bundle 'kspedia_aircraftbasicsengines'
[LOG 17:49:25.939] AssetLoader: Loaded mod bundle 'kspedia_aircraftbasicsforces'
[LOG 17:49:25.940] AssetLoader: Loaded mod bundle 'kspedia_aircraftbasicsintakes'
[LOG 17:49:25.940] AssetLoader: Loaded mod bundle 'kspedia_aircraftbasicslandinggear'
[LOG 17:49:25.941] AssetLoader: Loaded mod bundle 'kspedia_aircraftbasicslift'
[LOG 17:49:25.941] AssetLoader: Loaded mod bundle 'kspedia_axisgroups'
[LOG 17:49:25.941] AssetLoader: Loaded mod bundle 'kspedia_career'
[LOG 17:49:25.942] AssetLoader: Loaded mod bundle 'kspedia_careerbasicscontracts'
[LOG 17:49:25.942] AssetLoader: Loaded mod bundle 'kspedia_careerbasicscrew'
[LOG 17:49:25.942] AssetLoader: Loaded mod bundle 'kspedia_careerbasicscurrencies'
[LOG 17:49:25.943] AssetLoader: Loaded mod bundle 'kspedia_careerbasicsexperience'
[LOG 17:49:25.943] AssetLoader: Loaded mod bundle 'kspedia_careerbasicsfacilities'
[LOG 17:49:25.943] AssetLoader: Loaded mod bundle 'kspedia_careerbasicsstrategies'
[LOG 17:49:25.944] AssetLoader: Loaded mod bundle 'kspedia_careerbasicstechnology'
[LOG 17:49:25.944] AssetLoader: Loaded mod bundle 'kspedia_careerui-ac'
[LOG 17:49:25.944] AssetLoader: Loaded mod bundle 'kspedia_careerui-admin'
[LOG 17:49:25.945] AssetLoader: Loaded mod bundle 'kspedia_careerui-ksc'
[LOG 17:49:25.945] AssetLoader: Loaded mod bundle 'kspedia_careerui-mc'
[LOG 17:49:25.945] AssetLoader: Loaded mod bundle 'kspedia_careerui-sciencearchives'
[LOG 17:49:25.946] AssetLoader: Loaded mod bundle 'kspedia_careerui-techtree'
[LOG 17:49:25.946] AssetLoader: Loaded mod bundle 'kspedia_careerui-ts'
[LOG 17:49:25.946] AssetLoader: Loaded mod bundle 'kspedia_careerui'
[LOG 17:49:25.947] AssetLoader: Loaded mod bundle 'kspedia_cargoapp'
[LOG 17:49:25.947] AssetLoader: Loaded mod bundle 'kspedia_cargomode'
[LOG 17:49:25.947] AssetLoader: Loaded mod bundle 'kspedia_cargosystem-placeableparts'
[LOG 17:49:25.948] AssetLoader: Loaded mod bundle 'kspedia_cargosystem'
[LOG 17:49:25.954] AssetLoader: Loaded mod bundle 'kspedia_chute'
[LOG 17:49:25.954] AssetLoader: Loaded mod bundle 'kspedia_commnet'
[LOG 17:49:25.955] AssetLoader: Loaded mod bundle 'kspedia_commnetbasics'
[LOG 17:49:25.955] AssetLoader: Loaded mod bundle 'kspedia_commnetbuildingeffectivenetworks'
[LOG 17:49:25.955] AssetLoader: Loaded mod bundle 'kspedia_commnetcalculatingrange'
[LOG 17:49:25.955] AssetLoader: Loaded mod bundle 'kspedia_commnetcontrollevels'
[LOG 17:49:25.956] AssetLoader: Loaded mod bundle 'kspedia_commnetcontrollinks'
[LOG 17:49:25.956] AssetLoader: Loaded mod bundle 'kspedia_commnetcontrolpoints'
[LOG 17:49:25.957] AssetLoader: Loaded mod bundle 'kspedia_commnetgui'
[LOG 17:49:25.957] AssetLoader: Loaded mod bundle 'kspedia_commnetgui01'
[LOG 17:49:25.957] AssetLoader: Loaded mod bundle 'kspedia_commnetgui02'
[LOG 17:49:25.958] AssetLoader: Loaded mod bundle 'kspedia_commnetrange'
[LOG 17:49:25.958] AssetLoader: Loaded mod bundle 'kspedia_commnetrelays'
[LOG 17:49:25.958] AssetLoader: Loaded mod bundle 'kspedia_commnetsciencetransmission'
[LOG 17:49:25.958] AssetLoader: Loaded mod bundle 'kspedia_commnetsignalstrength'
[LOG 17:49:25.959] AssetLoader: Loaded mod bundle 'kspedia_commnettransmission'
[LOG 17:49:25.960] AssetLoader: Loaded mod bundle 'kspedia_constructionui-actiongroups'
[LOG 17:49:25.960] AssetLoader: Loaded mod bundle 'kspedia_constructionui-applauncher'
[LOG 17:49:25.961] AssetLoader: Loaded mod bundle 'kspedia_constructionui-crew'
[LOG 17:49:25.961] AssetLoader: Loaded mod bundle 'kspedia_constructionui-engineersreport'
[LOG 17:49:25.962] AssetLoader: Loaded mod bundle 'kspedia_constructionui-gizmos'
[LOG 17:49:25.962] AssetLoader: Loaded mod bundle 'kspedia_constructionui-infos'
[LOG 17:49:25.963] AssetLoader: Loaded mod bundle 'kspedia_constructionui-partdetails'
[LOG 17:49:25.963] AssetLoader: Loaded mod bundle 'kspedia_constructionui-parts'
[LOG 17:49:25.964] AssetLoader: Loaded mod bundle 'kspedia_constructionui-symmetry'
[LOG 17:49:25.964] AssetLoader: Loaded mod bundle 'kspedia_constructionui-vesseldetails'
[LOG 17:49:25.965] AssetLoader: Loaded mod bundle 'kspedia_constructionui'
[LOG 17:49:25.965] AssetLoader: Loaded mod bundle 'kspedia_controls-dockingmode'
[LOG 17:49:25.965] AssetLoader: Loaded mod bundle 'kspedia_controls-editor'
[LOG 17:49:25.965] AssetLoader: Loaded mod bundle 'kspedia_controls-editorgizmos'
[LOG 17:49:25.966] AssetLoader: Loaded mod bundle 'kspedia_controls-eva'
[LOG 17:49:25.966] AssetLoader: Loaded mod bundle 'kspedia_controls-flight'
[LOG 17:49:25.966] AssetLoader: Loaded mod bundle 'kspedia_controls-flightactivities'
[LOG 17:49:25.967] AssetLoader: Loaded mod bundle 'kspedia_controls-flightdirections'
[LOG 17:49:25.967] AssetLoader: Loaded mod bundle 'kspedia_controls-general'
[LOG 17:49:25.967] AssetLoader: Loaded mod bundle 'kspedia_controls-mapandtime'
[LOG 17:49:25.967] AssetLoader: Loaded mod bundle 'kspedia_controls-mouseconstruction'
[LOG 17:49:25.968] AssetLoader: Loaded mod bundle 'kspedia_controls-mouseflight'
[LOG 17:49:25.968] AssetLoader: Loaded mod bundle 'kspedia_controls-rcs'
[LOG 17:49:25.968] AssetLoader: Loaded mod bundle 'kspedia_controls'
[LOG 17:49:25.968] AssetLoader: Loaded mod bundle 'kspedia_eastereggs'
[LOG 17:49:25.969] AssetLoader: Loaded mod bundle 'kspedia_evaconstructionmode'
[LOG 17:49:25.969] AssetLoader: Loaded mod bundle 'kspedia_facilities-ac'
[LOG 17:49:25.969] AssetLoader: Loaded mod bundle 'kspedia_facilities-admin'
[LOG 17:49:25.970] AssetLoader: Loaded mod bundle 'kspedia_facilities-context'
[LOG 17:49:25.970] AssetLoader: Loaded mod bundle 'kspedia_facilities-ksc'
[LOG 17:49:25.970] AssetLoader: Loaded mod bundle 'kspedia_facilities-launchpad'
[LOG 17:49:25.970] AssetLoader: Loaded mod bundle 'kspedia_facilities-mc'
[LOG 17:49:25.971] AssetLoader: Loaded mod bundle 'kspedia_facilities-randd'
[LOG 17:49:25.971] AssetLoader: Loaded mod bundle 'kspedia_facilities-runway'
[LOG 17:49:25.971] AssetLoader: Loaded mod bundle 'kspedia_facilities-sph'
[LOG 17:49:25.971] AssetLoader: Loaded mod bundle 'kspedia_facilities-ts'
[LOG 17:49:25.972] AssetLoader: Loaded mod bundle 'kspedia_facilities-vab'
[LOG 17:49:25.972] AssetLoader: Loaded mod bundle 'kspedia_flightui-altimeter'
[LOG 17:49:25.972] AssetLoader: Loaded mod bundle 'kspedia_flightui-applauncher'
[LOG 17:49:25.973] AssetLoader: Loaded mod bundle 'kspedia_flightui-evaactivities'
[LOG 17:49:25.973] AssetLoader: Loaded mod bundle 'kspedia_flightui-maneuvermodeeditor'
[LOG 17:49:25.973] AssetLoader: Loaded mod bundle 'kspedia_flightui-maneuvermodeeditorcont'
[LOG 17:49:25.973] AssetLoader: Loaded mod bundle 'kspedia_flightui-maneuvermodeorbit'
[LOG 17:49:25.974] AssetLoader: Loaded mod bundle 'kspedia_flightui-maneuvertoolinfo'
[LOG 17:49:25.974] AssetLoader: Loaded mod bundle 'kspedia_flightui-maneuvertoolmain'
[LOG 17:49:25.974] AssetLoader: Loaded mod bundle 'kspedia_flightui-modecontrol'
[LOG 17:49:25.974] AssetLoader: Loaded mod bundle 'kspedia_flightui-navball'
[LOG 17:49:25.974] AssetLoader: Loaded mod bundle 'kspedia_flightui-partrepairs'
[LOG 17:49:25.975] AssetLoader: Loaded mod bundle 'kspedia_flightui-portraits'
[LOG 17:49:25.975] AssetLoader: Loaded mod bundle 'kspedia_flightui-staging'
[LOG 17:49:25.975] AssetLoader: Loaded mod bundle 'kspedia_flightui-timeandaction'
[LOG 17:49:25.975] AssetLoader: Loaded mod bundle 'kspedia_flightui'
[LOG 17:49:25.976] AssetLoader: Loaded mod bundle 'kspedia_heat'
[LOG 17:49:25.976] AssetLoader: Loaded mod bundle 'kspedia_heatactiveradiators'
[LOG 17:49:25.976] AssetLoader: Loaded mod bundle 'kspedia_heatengines'
[LOG 17:49:25.977] AssetLoader: Loaded mod bundle 'kspedia_heatflow'
[LOG 17:49:25.977] AssetLoader: Loaded mod bundle 'kspedia_heatpart'
[LOG 17:49:25.977] AssetLoader: Loaded mod bundle 'kspedia_heatpassiveradiators'
[LOG 17:49:25.977] AssetLoader: Loaded mod bundle 'kspedia_heatshields'
[LOG 17:49:25.978] AssetLoader: Loaded mod bundle 'kspedia_kerbnet'
[LOG 17:49:25.978] AssetLoader: Loaded mod bundle 'kspedia_kerbnetinterface'
[LOG 17:49:25.978] AssetLoader: Loaded mod bundle 'kspedia_kerbnetmodes'
[LOG 17:49:25.979] AssetLoader: Loaded mod bundle 'kspedia_kerbnetwaypoints'
[LOG 17:49:25.979] AssetLoader: Loaded mod bundle 'kspedia_locations'
[LOG 17:49:25.979] AssetLoader: Loaded mod bundle 'kspedia_manual'
[LOG 17:49:25.979] AssetLoader: Loaded mod bundle 'kspedia_mapui-alarmclockcreation'
[LOG 17:49:25.980] AssetLoader: Loaded mod bundle 'kspedia_mapui-alarmclockmain'
[LOG 17:49:25.980] AssetLoader: Loaded mod bundle 'kspedia_mapui-burnindicator'
[LOG 17:49:25.980] AssetLoader: Loaded mod bundle 'kspedia_mapui-dvtoolsflight'
[LOG 17:49:25.981] AssetLoader: Loaded mod bundle 'kspedia_mapui-dvtoolsvab'
[LOG 17:49:25.981] AssetLoader: Loaded mod bundle 'kspedia_mapui-mannodes'
[LOG 17:49:25.981] AssetLoader: Loaded mod bundle 'kspedia_mapui-orbitnodes'
[LOG 17:49:25.981] AssetLoader: Loaded mod bundle 'kspedia_mapui-orbitnodes2'
[LOG 17:49:25.982] AssetLoader: Loaded mod bundle 'kspedia_mapui'
[LOG 17:49:25.982] AssetLoader: Loaded mod bundle 'kspedia_orbitalbasics-atmosphere'
[LOG 17:49:25.982] AssetLoader: Loaded mod bundle 'kspedia_orbitalbasics-gettingbackdown'
[LOG 17:49:25.982] AssetLoader: Loaded mod bundle 'kspedia_orbitalbasics-gettingupthere'
[LOG 17:49:25.983] AssetLoader: Loaded mod bundle 'kspedia_orbitalbasics-gravityturn'
[LOG 17:49:25.983] AssetLoader: Loaded mod bundle 'kspedia_orbitalbasics-orbits'
[LOG 17:49:25.983] AssetLoader: Loaded mod bundle 'kspedia_orbitalbasics-stayingupthere'
[LOG 17:49:25.983] AssetLoader: Loaded mod bundle 'kspedia_orbitalbasics'
[LOG 17:49:25.984] AssetLoader: Loaded mod bundle 'kspedia_orbitaldefinitions-appe'
[LOG 17:49:25.984] AssetLoader: Loaded mod bundle 'kspedia_orbitaldefinitions-dirandinc'
[LOG 17:49:25.984] AssetLoader: Loaded mod bundle 'kspedia_orbitaldefinitions-directions'
[LOG 17:49:25.984] AssetLoader: Loaded mod bundle 'kspedia_orbitaldefinitions-eccentricity'
[LOG 17:49:25.985] AssetLoader: Loaded mod bundle 'kspedia_orbitaldefinitions'
[LOG 17:49:25.985] AssetLoader: Loaded mod bundle 'kspedia_orbitalmaneuvers-adjustinginclination'
[LOG 17:49:25.985] AssetLoader: Loaded mod bundle 'kspedia_orbitalmaneuvers-deltav'
[LOG 17:49:25.985] AssetLoader: Loaded mod bundle 'kspedia_orbitalmaneuvers-efficiency'
[LOG 17:49:25.986] AssetLoader: Loaded mod bundle 'kspedia_orbitalmaneuvers-hohmanntransfer'
[LOG 17:49:25.986] AssetLoader: Loaded mod bundle 'kspedia_orbitalmaneuvers-hohmanntransfer2'
[LOG 17:49:25.986] AssetLoader: Loaded mod bundle 'kspedia_orbitalmaneuvers-orbittypes'
[LOG 17:49:25.987] AssetLoader: Loaded mod bundle 'kspedia_orbitalmaneuvers-radandantirad'
[LOG 17:49:25.987] AssetLoader: Loaded mod bundle 'kspedia_orbitalmaneuvers-shapingup'
[LOG 17:49:25.987] AssetLoader: Loaded mod bundle 'kspedia_orbitalmaneuvers'
[LOG 17:49:25.987] AssetLoader: Loaded mod bundle 'kspedia_planets-dres'
[LOG 17:49:25.988] AssetLoader: Loaded mod bundle 'kspedia_planets-duna'
[LOG 17:49:25.988] AssetLoader: Loaded mod bundle 'kspedia_planets-eeloo'
[LOG 17:49:25.988] AssetLoader: Loaded mod bundle 'kspedia_planets-eve'
[LOG 17:49:25.988] AssetLoader: Loaded mod bundle 'kspedia_planets-jool'
[LOG 17:49:25.989] AssetLoader: Loaded mod bundle 'kspedia_planets-kerbin'
[LOG 17:49:25.989] AssetLoader: Loaded mod bundle 'kspedia_planets-moho'
[LOG 17:49:25.989] AssetLoader: Loaded mod bundle 'kspedia_planets-sun'
[LOG 17:49:25.990] AssetLoader: Loaded mod bundle 'kspedia_planets-system'
[LOG 17:49:25.990] AssetLoader: Loaded mod bundle 'kspedia_resources-asteroidmining'
[LOG 17:49:25.990] AssetLoader: Loaded mod bundle 'kspedia_resources-conversionmanagement'
[LOG 17:49:25.990] AssetLoader: Loaded mod bundle 'kspedia_resources-drilling'
[LOG 17:49:25.991] AssetLoader: Loaded mod bundle 'kspedia_resources-findingit'
[LOG 17:49:25.991] AssetLoader: Loaded mod bundle 'kspedia_resources-findingit2'
[LOG 17:49:25.991] AssetLoader: Loaded mod bundle 'kspedia_resources-storageandconversion'
[LOG 17:49:25.991] AssetLoader: Loaded mod bundle 'kspedia_resources'
[LOG 17:49:25.992] AssetLoader: Loaded mod bundle 'kspedia_rocketry'
[LOG 17:49:25.992] AssetLoader: Loaded mod bundle 'kspedia_rocketryadvanced-fairings'
[LOG 17:49:25.992] AssetLoader: Loaded mod bundle 'kspedia_rocketryadvanced-girders'
[LOG 17:49:25.992] AssetLoader: Loaded mod bundle 'kspedia_rocketryadvanced'
[LOG 17:49:25.993] AssetLoader: Loaded mod bundle 'kspedia_rocketrybasics'
[LOG 17:49:25.993] AssetLoader: Loaded mod bundle 'kspedia_rocketrybasicsaero'
[LOG 17:49:25.993] AssetLoader: Loaded mod bundle 'kspedia_rocketrybasicscentered'
[LOG 17:49:25.993] AssetLoader: Loaded mod bundle 'kspedia_rocketrybasicschutes'
[LOG 17:49:25.994] AssetLoader: Loaded mod bundle 'kspedia_rocketrybasicscontrol'
[LOG 17:49:25.994] AssetLoader: Loaded mod bundle 'kspedia_rocketrybasicsecrecharging'
[LOG 17:49:25.994] AssetLoader: Loaded mod bundle 'kspedia_rocketrybasicsengines'
[LOG 17:49:25.994] AssetLoader: Loaded mod bundle 'kspedia_rocketrybasicsforces'
[LOG 17:49:25.995] AssetLoader: Loaded mod bundle 'kspedia_rocketrybasicshatchesandladders'
[LOG 17:49:25.995] AssetLoader: Loaded mod bundle 'kspedia_rocketrybasicshibernation'
[LOG 17:49:25.995] AssetLoader: Loaded mod bundle 'kspedia_rocketrybasicsresources'
[LOG 17:49:25.995] AssetLoader: Loaded mod bundle 'kspedia_rocketrybasicsservicecontainers'
[LOG 17:49:25.996] AssetLoader: Loaded mod bundle 'kspedia_rocketrybasicsstability'
[LOG 17:49:25.996] AssetLoader: Loaded mod bundle 'kspedia_rocketrybasicsstabilityassist'
[LOG 17:49:25.996] AssetLoader: Loaded mod bundle 'kspedia_rocketrybasicsstaging'
[LOG 17:49:25.996] AssetLoader: Loaded mod bundle 'kspedia_rocketrybasicssymmetry'
[LOG 17:49:25.997] AssetLoader: Loaded mod bundle 'kspedia_science'
[LOG 17:49:25.997] AssetLoader: Loaded mod bundle 'kspedia_sciencedata'
[LOG 17:49:25.997] AssetLoader: Loaded mod bundle 'kspedia_scienceexperiments'
[LOG 17:49:25.997] AssetLoader: Loaded mod bundle 'kspedia_sciencelab'
[LOG 17:49:25.998] AssetLoader: Loaded mod bundle 'kspedia_sciencetransmitted'
[LOG 17:49:25.998] AssetLoader: Loaded mod bundle 'kspedia_spacetravel'
[LOG 17:49:25.998] AssetLoader: Loaded mod bundle 'kspedia_variantswitcher'
[LOG 17:49:25.999] AssetLoader: Loaded mod bundle 'kspfonts'
[LOG 17:49:26.132] AssetLoader: Loaded bundle 'squadcore'
[LOG 17:49:26.132] AssetLoader: Loaded bundle 'squadcorefx'
[LOG 17:49:26.133] AssetLoader: Loaded mod bundle 'kspedia_builder'
[LOG 17:49:26.133] AssetLoader: Loaded mod bundle 'kspedia_buildertoolbar'
[LOG 17:49:26.133] AssetLoader: Loaded mod bundle 'kspedia_canvas'
[LOG 17:49:26.134] AssetLoader: Loaded mod bundle 'kspedia_exportingvalidation'
[LOG 17:49:26.134] AssetLoader: Loaded mod bundle 'kspedia_flight'
[LOG 17:49:26.134] AssetLoader: Loaded mod bundle 'kspedia_flightapp'
[LOG 17:49:26.134] AssetLoader: Loaded mod bundle 'kspedia_gap'
[LOG 17:49:26.135] AssetLoader: Loaded mod bundle 'kspedia_gaptools'
[LOG 17:49:26.135] AssetLoader: Loaded mod bundle 'kspedia_makinghistory'
[LOG 17:49:26.135] AssetLoader: Loaded mod bundle 'kspedia_missionbriefing'
[LOG 17:49:26.135] AssetLoader: Loaded mod bundle 'kspedia_nodedocking'
[LOG 17:49:26.136] AssetLoader: Loaded mod bundle 'kspedia_nodesconnectors'
[LOG 17:49:26.136] AssetLoader: Loaded mod bundle 'kspedia_sap'
[LOG 17:49:26.136] AssetLoader: Loaded mod bundle 'kspedia_sidebar'
[LOG 17:49:26.137] AssetLoader: Loaded mod bundle 'kspedia_testingcheckpoints'
[LOG 17:49:26.137] AssetLoader: Loaded bundle 'makinghistory'
[LOG 17:49:26.137] AssetLoader: Loaded mod bundle 'kspedia_bladecyclic-collective-behaviour'
[LOG 17:49:26.137] AssetLoader: Loaded mod bundle 'kspedia_bladecyclic-collective-controls'
[LOG 17:49:26.138] AssetLoader: Loaded mod bundle 'kspedia_deployedscience-experiments'
[LOG 17:49:26.138] AssetLoader: Loaded mod bundle 'kspedia_deployedscience'
[LOG 17:49:26.138] AssetLoader: Loaded mod bundle 'kspedia_grippads'
[LOG 17:49:26.139] AssetLoader: Loaded mod bundle 'kspedia_layindtracks'
[LOG 17:49:26.139] AssetLoader: Loaded mod bundle 'kspedia_propellers'
[LOG 17:49:26.139] AssetLoader: Loaded mod bundle 'kspedia_propellersaerodynamics'
[LOG 17:49:26.140] AssetLoader: Loaded mod bundle 'kspedia_roboticcontroller'
[LOG 17:49:26.140] AssetLoader: Loaded mod bundle 'kspedia_roboticparts'
[LOG 17:49:26.140] AssetLoader: Loaded mod bundle 'kspedia_surface features-overview'
[LOG 17:49:26.140] AssetLoader: Loaded mod bundle 'kspedia_surface features-roverarmdetails'
[LOG 17:49:26.141] AssetLoader: Loaded mod bundle 'kspedia_trackeditor'
[LOG 17:49:26.141] AssetLoader: Loaded mod bundle 'kspedia_trackeditortoolbar'
[LOG 17:49:26.141] AssetLoader: Loaded mod bundle 'serenity'
[LOG 17:49:26.142] AssetLoader: Finished loading. 226 bundle definitions loaded.
[LOG 17:49:26.143] Compiling Configs:
[LOG 17:49:26.143] Config(PHYSICSGLOBALS) /Physics/PHYSICSGLOBALS
[LOG 17:49:26.143] Config(KSP_COMMUNITY_FIXES) KSPCommunityFixes/Settings/KSP_COMMUNITY_FIXES
[LOG 17:49:26.143] Config(Localization) KSPCommunityFixes/Localization/en-us/Localization
[LOG 17:49:26.143] Config(Localization) KSPCommunityFixes/Localization/fr-fr/Localization
[LOG 17:49:26.143] Config(Localization) KSPCommunityFixes/Localization/ru/Localization
[LOG 17:49:26.143] Config(Localization) KSPCommunityFixes/Localization/zh-cn/Localization
[LOG 17:49:26.143] Config(@PART[*]:HAS[@MODULE[ModuleDockingNodeFixed]]:NEEDS[FixDockingNodes]:FINAL) KSPCommunityFixes/MMPatches/ModSupport/FixDockingNodes/@PART[*]:HAS[@MODULE[ModuleDockingNodeFixed]]:NEEDS[FixDockingNodes]:FINAL
[LOG 17:49:26.144] Config(@PART[*]:HAS[@MODULE[Refunding]]:LAST[999_KSP-Recall]) KSPCommunityFixes/MMPatches/ModSupport/KSPRecall/@PART[*]:HAS[@MODULE[Refunding]]:LAST[999_KSP-Recall]
[LOG 17:49:26.144] Config(@PART[*]:HAS[#hasRefundingOnRecovery[?rue]]:LAST[999_KSP-Recall]) KSPCommunityFixes/MMPatches/ModSupport/KSPRecall/@PART[*]:HAS[#hasRefundingOnRecovery[?rue]]:LAST[999_KSP-Recall]
[LOG 17:49:26.144] Config(@PART[*]:HAS[#hasRefundingOnRecovery]:LAST[999_KSP-Recall]) KSPCommunityFixes/MMPatches/ModSupport/KSPRecall/@PART[*]:HAS[#hasRefundingOnRecovery]:LAST[999_KSP-Recall]
[LOG 17:49:26.144] Config(@KSP-Recall:LAST[999_KSP-Recall]) KSPCommunityFixes/MMPatches/ModSupport/KSPRecall/@KSP-Recall:LAST[999_KSP-Recall]
[LOG 17:49:26.144] Config(@KSP-Recall:HAS[#hasRefundingOnRecovery[?rue]]:LAST[999_KSP-Recall]) KSPCommunityFixes/MMPatches/ModSupport/KSPRecall/@KSP-Recall:HAS[#hasRefundingOnRecovery[?rue]]:LAST[999_KSP-Recall]
[LOG 17:49:26.144] Config(@KSP-Recall:HAS[#hasRefundingOnRecovery]:LAST[999_KSP-Recall]) KSPCommunityFixes/MMPatches/ModSupport/KSPRecall/@KSP-Recall:HAS[#hasRefundingOnRecovery]:LAST[999_KSP-Recall]
[LOG 17:49:26.144] Config(@KSP_COMMUNITY_FIXES:NEEDS[AttachedOnEditor]) KSPCommunityFixes/MMPatches/ModSupport/KSPRecall/@KSP_COMMUNITY_FIXES:NEEDS[AttachedOnEditor]
[LOG 17:49:26.144] Config(@KSP_COMMUNITY_FIXES:NEEDS[UniversalStorage2]) KSPCommunityFixes/MMPatches/ModSupport/UniversalStorage/@KSP_COMMUNITY_FIXES:NEEDS[UniversalStorage2]
[LOG 17:49:26.144] Config(@PART[telescopicLadderBay]:FIRST) KSPCommunityFixes/MMPatches/StockTweaks/LadderToggleableLight/@PART[telescopicLadderBay]:FIRST
[LOG 17:49:26.144] Config(@PART[telescopicLadderBay]:HAS[#LadderToggleableLight[?rue]]:FIRST) KSPCommunityFixes/MMPatches/StockTweaks/LadderToggleableLight/@PART[telescopicLadderBay]:HAS[#LadderToggleableLight[?rue]]:FIRST
[LOG 17:49:26.144] Config(@PART[telescopicLadderBay]:HAS[#LadderToggleableLight]:FIRST) KSPCommunityFixes/MMPatches/StockTweaks/LadderToggleableLight/@PART[telescopicLadderBay]:HAS[#LadderToggleableLight]:FIRST
[LOG 17:49:26.144] Config(@PART[GearSmall]:FIRST) KSPCommunityFixes/MMPatches/StockTweaks/LandingGearLights/@PART[GearSmall]:FIRST
[LOG 17:49:26.144] Config(@PART[SmallGearBay]:FIRST) KSPCommunityFixes/MMPatches/StockTweaks/LandingGearLights/@PART[SmallGearBay]:FIRST
[LOG 17:49:26.144] Config(@PART[sasModule]:FOR[KSPCommunityFixes]) KSPCommunityFixes/MMPatches/StockTweaks/ManufacturerFixes/@PART[sasModule]:FOR[KSPCommunityFixes]
[LOG 17:49:26.144] Config(@PART[xenonTankRadial]:FOR[KSPCommunityFixes]) KSPCommunityFixes/MMPatches/StockTweaks/ManufacturerFixes/@PART[xenonTankRadial]:FOR[KSPCommunityFixes]
[LOG 17:49:26.144] Config(@PART[winglet|fireworksLauncherSmall|fireworksLauncherBig]:FOR[KSPCommunityFixes]) KSPCommunityFixes/MMPatches/StockTweaks/ManufacturerFixes/@PART[winglet|fireworksLauncherSmall|fireworksLauncherBig]:FOR[KSPCommunityFixes]
[LOG 17:49:26.144] Config(@PART[solidBooster_sm_v2|solidBooster_v2]:FOR[KSPCommunityFixes]) KSPCommunityFixes/MMPatches/StockTweaks/ManufacturerFixes/@PART[solidBooster_sm_v2|solidBooster_v2]:FOR[KSPCommunityFixes]
[LOG 17:49:26.144] Config(@PART[ServiceBay_125_v2|ServiceBay_250_v2]:FOR[KSPCommunityFixes]) KSPCommunityFixes/MMPatches/StockTweaks/ManufacturerFixes/@PART[ServiceBay_125_v2|ServiceBay_250_v2]:FOR[KSPCommunityFixes]
[LOG 17:49:26.144] Config(@PART[externalTankCapsule]:FOR[KSPCommunityFixes]) KSPCommunityFixes/MMPatches/StockTweaks/ManufacturerFixes/@PART[externalTankCapsule]:FOR[KSPCommunityFixes]
[LOG 17:49:26.144] Config(@PART[RCSFuelTank|rcsTankMini|RCSTank1-2]:FOR[KSPCommunityFixes]) KSPCommunityFixes/MMPatches/StockTweaks/ManufacturerFixes/@PART[RCSFuelTank|rcsTankMini|RCSTank1-2]:FOR[KSPCommunityFixes]
[LOG 17:49:26.144] Config(@PART[landerCabinSmall]:FOR[KSPCommunityFixes]) KSPCommunityFixes/MMPatches/StockTweaks/ManufacturerFixes/@PART[landerCabinSmall]:FOR[KSPCommunityFixes]
[LOG 17:49:26.144] Config(@PART[dockingPortLateral]:FOR[KSPCommunityFixes]) KSPCommunityFixes/MMPatches/StockTweaks/ManufacturerFixes/@PART[dockingPortLateral]:FOR[KSPCommunityFixes]
[LOG 17:49:26.144] Config(@PART[EnginePlate4]:FOR[KSPCommunityFixes]:NEEDS[SquadExpansion/MakingHistory]) KSPCommunityFixes/MMPatches/StockTweaks/ManufacturerFixes/@PART[EnginePlate4]:FOR[KSPCommunityFixes]:NEEDS[SquadExpansion/MakingHistory]
[LOG 17:49:26.144] Config(@PART[Mk2Pod]:FOR[KSPCommunityFixes]:NEEDS[SquadExpansion/MakingHistory]) KSPCommunityFixes/MMPatches/StockTweaks/ManufacturerFixes/@PART[Mk2Pod]:FOR[KSPCommunityFixes]:NEEDS[SquadExpansion/MakingHistory]
[LOG 17:49:26.145] Config(@PART[evaChute|parachuteSingle|parachuteRadial|radialDrogue|parachuteLarge|parachuteDrogue]:FOR[KSPCommunityFixes]) KSPCommunityFixes/MMPatches/StockTweaks/ManufacturerFixes/@PART[evaChute|parachuteSingle|parachuteRadial|radialDrogue|parachuteLarge|parachuteDrogue]:FOR[KSPCommunityFixes]
[LOG 17:49:26.145] Config(@PART[stackPoint1|dockingPort1|dockingPort2|dockingPort3|dockingPortLarge]:FOR[KSPCommunityFixes]) KSPCommunityFixes/MMPatches/StockTweaks/ManufacturerFixes/@PART[stackPoint1|dockingPort1|dockingPort2|dockingPort3|dockingPortLarge]:FOR[KSPCommunityFixes]
[LOG 17:49:26.145] Config(AGENT) KSPCommunityFixes/MMPatches/StockTweaks/ManufacturerFixes/Clamp-O-Tron
[LOG 17:49:26.145] Config(AGENT) KSPCommunityFixes/MMPatches/StockTweaks/ManufacturerFixes/FreeFall Parachutes
[LOG 17:49:26.145] Config(AGENT) KSPCommunityFixes/MMPatches/StockTweaks/ManufacturerFixes/LightYear Tire Company
[LOG 17:49:26.145] Config(AGENT) KSPCommunityFixes/MMPatches/StockTweaks/ManufacturerFixes/Stratus Corporation
[LOG 17:49:26.145] Config(Localization) KSPCommunityFixes/MMPatches/StockTweaks/ManufacturerFixes/Localization
[LOG 17:49:26.145] Config(AGENT) Squad/Agencies/Agents/C7 Aerospace Division
[LOG 17:49:26.145] Config(AGENT) Squad/Agencies/Agents/Dinkelstein Kerman's Construction Emporium
[LOG 17:49:26.145] Config(AGENT) Squad/Agencies/Agents/Experimental Engineering Group
[LOG 17:49:26.145] Config(AGENT) Squad/Agencies/Agents/FLOOYD Dynamics Research Labs
[LOG 17:49:26.145] Config(AGENT) Squad/Agencies/Agents/Goliath National Products
[LOG 17:49:26.145] Config(AGENT) Squad/Agencies/Agents/Integrated Integrals
[LOG 17:49:26.145] Config(AGENT) Squad/Agencies/Agents/Ionic Symphonic Protonic Electronics
[LOG 17:49:26.145] Config(AGENT) Squad/Agencies/Agents/Jebediah Kerman's Junkyard and Spacecraft Parts Co
[LOG 17:49:26.145] Config(AGENT) Squad/Agencies/Agents/Kerbal Motion LLC
[LOG 17:49:26.145] Config(AGENT) Squad/Agencies/Agents/Kerbin World-Firsts Record-Keeping Society
[LOG 17:49:26.145] Config(AGENT) Squad/Agencies/Agents/Kerbodyne
[LOG 17:49:26.145] Config(AGENT) Squad/Agencies/Agents/Kerlington Model Rockets and Paper Products Inc
[LOG 17:49:26.145] Config(AGENT) Squad/Agencies/Agents/Maxo Construction Toys
[LOG 17:49:26.145] Config(AGENT) Squad/Agencies/Agents/Moving Parts Experts Group
[LOG 17:49:26.145] Config(AGENT) Squad/Agencies/Agents/O.M.B. Demolition Enterprises
[LOG 17:49:26.145] Config(AGENT) Squad/Agencies/Agents/Periapsis Rocket Supplies Co
[LOG 17:49:26.145] Config(AGENT) Squad/Agencies/Agents/Probodobodyne Inc
[LOG 17:49:26.145] Config(AGENT) Squad/Agencies/Agents/Research & Development Department
[LOG 17:49:26.145] Config(AGENT) Squad/Agencies/Agents/Reaction Systems Ltd
[LOG 17:49:26.145] Config(AGENT) Squad/Agencies/Agents/Rockomax Conglomerate
[LOG 17:49:26.145] Config(AGENT) Squad/Agencies/Agents/Rokea Inc
[LOG 17:49:26.145] Config(AGENT) Squad/Agencies/Agents/Sean's Cannery
[LOG 17:49:26.146] Config(AGENT) Squad/Agencies/Agents/STEADLER Engineering Corps
[LOG 17:49:26.146] Config(AGENT) Squad/Agencies/Agents/StrutCo
[LOG 17:49:26.146] Config(AGENT) Squad/Agencies/Agents/Vac-Co Advanced Suction Systems
[LOG 17:49:26.146] Config(AGENT) Squad/Agencies/Agents/WinterOwl Aircraft Emporium
[LOG 17:49:26.146] Config(AGENT) Squad/Agencies/Agents/Zaltonic Electronics
[LOG 17:49:26.146] Config(CONTRACT_CONSTRUCTION_PARTS) Squad/Contracts/constructionContractParts/CONTRACT_CONSTRUCTION_PARTS
[LOG 17:49:26.146] Config(Contracts) Squad/Contracts/Contracts/Contracts
[LOG 17:49:26.146] Config(CONTRACTCRAFT) Squad/Contracts/PrebuiltCraft/prebuiltData/CONTRACTCRAFT
[LOG 17:49:26.146] Config(CONTRACTCRAFT) Squad/Contracts/PrebuiltCraft/OrbitalConstructionContract/orbitalConstructionContractCraft/CONTRACTCRAFT
[LOG 17:49:26.146] Config(CONTRACTCRAFT) Squad/Contracts/PrebuiltCraft/RepairContract/repairContractCraft/CONTRACTCRAFT
[LOG 17:49:26.146] Config(CONTRACTCRAFT) Squad/Contracts/PrebuiltCraft/RoverContract/roverContractCraft/CONTRACTCRAFT
[LOG 17:49:26.146] Config(KEYBOARD_LAYOUT) Squad/Controls/Azerty/#autoLOC_6001233
[LOG 17:49:26.146] Config(PITCH_DOWN) Squad/Controls/Azerty/PITCH_DOWN
[LOG 17:49:26.146] Config(PITCH_UP) Squad/Controls/Azerty/PITCH_UP
[LOG 17:49:26.146] Config(YAW_LEFT) Squad/Controls/Azerty/YAW_LEFT
[LOG 17:49:26.146] Config(YAW_RIGHT) Squad/Controls/Azerty/YAW_RIGHT
[LOG 17:49:26.146] Config(ROLL_LEFT) Squad/Controls/Azerty/ROLL_LEFT
[LOG 17:49:26.146] Config(ROLL_RIGHT) Squad/Controls/Azerty/ROLL_RIGHT
[LOG 17:49:26.146] Config(THROTTLE_UP) Squad/Controls/Azerty/THROTTLE_UP
[LOG 17:49:26.146] Config(THROTTLE_DOWN) Squad/Controls/Azerty/THROTTLE_DOWN
[LOG 17:49:26.146] Config(SAS_HOLD) Squad/Controls/Azerty/SAS_HOLD
[LOG 17:49:26.146] Config(SAS_TOGGLE) Squad/Controls/Azerty/SAS_TOGGLE
[LOG 17:49:26.146] Config(LAUNCH_STAGES) Squad/Controls/Azerty/LAUNCH_STAGES
[LOG 17:49:26.146] Config(Docking_toggleRotLin) Squad/Controls/Azerty/Docking_toggleRotLin
[LOG 17:49:26.146] Config(CAMERA_MODE) Squad/Controls/Azerty/CAMERA_MODE
[LOG 17:49:26.146] Config(CAMERA_NEXT) Squad/Controls/Azerty/CAMERA_NEXT
[LOG 17:49:26.147] Config(PAUSE) Squad/Controls/Azerty/PAUSE
[LOG 17:49:26.147] Config(PRECISION_CTRL) Squad/Controls/Azerty/PRECISION_CTRL
[LOG 17:49:26.147] Config(ZOOM_IN) Squad/Controls/Azerty/ZOOM_IN
[LOG 17:49:26.147] Config(ZOOM_OUT) Squad/Controls/Azerty/ZOOM_OUT
[LOG 17:49:26.147] Config(SCROLL_VIEW_UP) Squad/Controls/Azerty/SCROLL_VIEW_UP
[LOG 17:49:26.147] Config(SCROLL_VIEW_DOWN) Squad/Controls/Azerty/SCROLL_VIEW_DOWN
[LOG 17:49:26.147] Config(SCROLL_ICONS_UP) Squad/Controls/Azerty/SCROLL_ICONS_UP
[LOG 17:49:26.147] Config(SCROLL_ICONS_DOWN) Squad/Controls/Azerty/SCROLL_ICONS_DOWN
[LOG 17:49:26.147] Config(CAMERA_ORBIT_UP) Squad/Controls/Azerty/CAMERA_ORBIT_UP
[LOG 17:49:26.147] Config(CAMERA_ORBIT_DOWN) Squad/Controls/Azerty/CAMERA_ORBIT_DOWN
[LOG 17:49:26.147] Config(CAMERA_ORBIT_LEFT) Squad/Controls/Azerty/CAMERA_ORBIT_LEFT
[LOG 17:49:26.147] Config(CAMERA_ORBIT_RIGHT) Squad/Controls/Azerty/CAMERA_ORBIT_RIGHT
[LOG 17:49:26.147] Config(CAMERA_RESET) Squad/Controls/Azerty/CAMERA_RESET
[LOG 17:49:26.147] Config(CAMERA_MOUSE_TOGGLE) Squad/Controls/Azerty/CAMERA_MOUSE_TOGGLE
[LOG 17:49:26.147] Config(TIME_WARP_INCREASE) Squad/Controls/Azerty/TIME_WARP_INCREASE
[LOG 17:49:26.147] Config(TIME_WARP_DECREASE) Squad/Controls/Azerty/TIME_WARP_DECREASE
[LOG 17:49:26.147] Config(TIME_WARP_STOP) Squad/Controls/Azerty/TIME_WARP_STOP
[LOG 17:49:26.147] Config(MAP_VIEW_TOGGLE) Squad/Controls/Azerty/MAP_VIEW_TOGGLE
[LOG 17:49:26.147] Config(NAVBALL_TOGGLE) Squad/Controls/Azerty/NAVBALL_TOGGLE
[LOG 17:49:26.147] Config(UIMODE_STAGING) Squad/Controls/Azerty/UIMODE_STAGING
[LOG 17:49:26.147] Config(UIMODE_DOCKING) Squad/Controls/Azerty/UIMODE_DOCKING
[LOG 17:49:26.147] Config(TRANSLATE_DOWN) Squad/Controls/Azerty/TRANSLATE_DOWN
[LOG 17:49:26.147] Config(TRANSLATE_UP) Squad/Controls/Azerty/TRANSLATE_UP
[LOG 17:49:26.147] Config(TRANSLATE_LEFT) Squad/Controls/Azerty/TRANSLATE_LEFT
[LOG 17:49:26.147] Config(TRANSLATE_RIGHT) Squad/Controls/Azerty/TRANSLATE_RIGHT
[LOG 17:49:26.147] Config(TRANSLATE_FWD) Squad/Controls/Azerty/TRANSLATE_FWD
[LOG 17:49:26.147] Config(TRANSLATE_BACK) Squad/Controls/Azerty/TRANSLATE_BACK
[LOG 17:49:26.147] Config(RCS_TOGGLE) Squad/Controls/Azerty/RCS_TOGGLE
[LOG 17:49:26.147] Config(FOCUS_NEXT_VESSEL) Squad/Controls/Azerty/FOCUS_NEXT_VESSEL
[LOG 17:49:26.147] Config(FOCUS_PREV_VESSEL) Squad/Controls/Azerty/FOCUS_PREV_VESSEL
[LOG 17:49:26.147] Config(TOGGLE_UI) Squad/Controls/Azerty/TOGGLE_UI
[LOG 17:49:26.148] Config(TOGGLE_STATUS_SCREEN) Squad/Controls/Azerty/TOGGLE_STATUS_SCREEN
[LOG 17:49:26.148] Config(TAKE_SCREENSHOT) Squad/Controls/Azerty/TAKE_SCREENSHOT
[LOG 17:49:26.148] Config(TOGGLE_LABELS) Squad/Controls/Azerty/TOGGLE_LABELS
[LOG 17:49:26.148] Config(TOGGLE_TEMP_GAUGES) Squad/Controls/Azerty/TOGGLE_TEMP_GAUGES
[LOG 17:49:26.148] Config(TOGGLE_TEMP_OVERLAY) Squad/Controls/Azerty/TOGGLE_TEMP_OVERLAY
[LOG 17:49:26.148] Config(TOGGLE_FLIGHT_FORCES) Squad/Controls/Azerty/TOGGLE_FLIGHT_FORCES
[LOG 17:49:26.148] Config(QUICKSAVE) Squad/Controls/Azerty/QUICKSAVE
[LOG 17:49:26.148] Config(QUICKLOAD) Squad/Controls/Azerty/QUICKLOAD
[LOG 17:49:26.148] Config(THROTTLE_CUTOFF) Squad/Controls/Azerty/THROTTLE_CUTOFF
[LOG 17:49:26.148] Config(THROTTLE_FULL) Squad/Controls/Azerty/THROTTLE_FULL
[LOG 17:49:26.148] Config(LANDING_GEAR) Squad/Controls/Azerty/LANDING_GEAR
[LOG 17:49:26.148] Config(HEADLIGHT_TOGGLE) Squad/Controls/Azerty/HEADLIGHT_TOGGLE
[LOG 17:49:26.148] Config(BRAKES) Squad/Controls/Azerty/BRAKES
[LOG 17:49:26.148] Config(TOGGLE_SPACENAV_FLIGHT_CONTROL) Squad/Controls/Azerty/TOGGLE_SPACENAV_FLIGHT_CONTROL
[LOG 17:49:26.148] Config(TOGGLE_SPACENAV_ROLL_LOCK) Squad/Controls/Azerty/TOGGLE_SPACENAV_ROLL_LOCK
[LOG 17:49:26.148] Config(WHEEL_STEER_LEFT) Squad/Controls/Azerty/WHEEL_STEER_LEFT
[LOG 17:49:26.148] Config(WHEEL_STEER_RIGHT) Squad/Controls/Azerty/WHEEL_STEER_RIGHT
[LOG 17:49:26.148] Config(WHEEL_THROTTLE_DOWN) Squad/Controls/Azerty/WHEEL_THROTTLE_DOWN
[LOG 17:49:26.148] Config(WHEEL_THROTTLE_UP) Squad/Controls/Azerty/WHEEL_THROTTLE_UP
[LOG 17:49:26.148] Config(EVA_forward) Squad/Controls/Azerty/EVA_forward
[LOG 17:49:26.148] Config(EVA_back) Squad/Controls/Azerty/EVA_back
[LOG 17:49:26.148] Config(EVA_left) Squad/Controls/Azerty/EVA_left
[LOG 17:49:26.148] Config(EVA_right) Squad/Controls/Azerty/EVA_right
[LOG 17:49:26.148] Config(EVA_yaw_left) Squad/Controls/Azerty/EVA_yaw_left
[LOG 17:49:26.148] Config(EVA_yaw_right) Squad/Controls/Azerty/EVA_yaw_right
[LOG 17:49:26.148] Config(EVA_Pack_forward) Squad/Controls/Azerty/EVA_Pack_forward
[LOG 17:49:26.148] Config(EVA_Pack_back) Squad/Controls/Azerty/EVA_Pack_back
[LOG 17:49:26.148] Config(EVA_Pack_left) Squad/Controls/Azerty/EVA_Pack_left
[LOG 17:49:26.148] Config(EVA_Pack_right) Squad/Controls/Azerty/EVA_Pack_right
[LOG 17:49:26.148] Config(EVA_Pack_up) Squad/Controls/Azerty/EVA_Pack_up
[LOG 17:49:26.149] Config(EVA_Pack_down) Squad/Controls/Azerty/EVA_Pack_down
[LOG 17:49:26.149] Config(EVA_Jump) Squad/Controls/Azerty/EVA_Jump
[LOG 17:49:26.149] Config(EVA_Run) Squad/Controls/Azerty/EVA_Run
[LOG 17:49:26.149] Config(EVA_ToggleMovementMode) Squad/Controls/Azerty/EVA_ToggleMovementMode
[LOG 17:49:26.149] Config(EVA_TogglePack) Squad/Controls/Azerty/EVA_TogglePack
[LOG 17:49:26.149] Config(EVA_Use) Squad/Controls/Azerty/EVA_Use
[LOG 17:49:26.149] Config(EVA_Board) Squad/Controls/Azerty/EVA_Board
[LOG 17:49:26.149] Config(EVA_Orient) Squad/Controls/Azerty/EVA_Orient
[LOG 17:49:26.149] Config(EVA_Lights) Squad/Controls/Azerty/EVA_Lights
[LOG 17:49:26.149] Config(EVA_ChuteDeploy) Squad/Controls/Azerty/EVA_ChuteDeploy
[LOG 17:49:26.149] Config(Editor_pitchUp) Squad/Controls/Azerty/Editor_pitchUp
[LOG 17:49:26.149] Config(Editor_pitchDown) Squad/Controls/Azerty/Editor_pitchDown
[LOG 17:49:26.149] Config(Editor_yawLeft) Squad/Controls/Azerty/Editor_yawLeft
[LOG 17:49:26.149] Config(Editor_yawRight) Squad/Controls/Azerty/Editor_yawRight
[LOG 17:49:26.149] Config(Editor_rollLeft) Squad/Controls/Azerty/Editor_rollLeft
[LOG 17:49:26.149] Config(Editor_rollRight) Squad/Controls/Azerty/Editor_rollRight
[LOG 17:49:26.149] Config(Editor_resetRotation) Squad/Controls/Azerty/Editor_resetRotation
[LOG 17:49:26.149] Config(Editor_modePlace) Squad/Controls/Azerty/Editor_modePlace
[LOG 17:49:26.149] Config(Editor_modeOffset) Squad/Controls/Azerty/Editor_modeOffset
[LOG 17:49:26.149] Config(Editor_modeRotate) Squad/Controls/Azerty/Editor_modeRotate
[LOG 17:49:26.149] Config(Editor_modeRoot) Squad/Controls/Azerty/Editor_modeRoot
[LOG 17:49:26.149] Config(Editor_coordSystem) Squad/Controls/Azerty/Editor_coordSystem
[LOG 17:49:26.149] Config(Editor_toggleSymMethod) Squad/Controls/Azerty/Editor_toggleSymMethod
[LOG 17:49:26.149] Config(Editor_toggleSymMode) Squad/Controls/Azerty/Editor_toggleSymMode
[LOG 17:49:26.149] Config(Editor_toggleAngleSnap) Squad/Controls/Azerty/Editor_toggleAngleSnap
[LOG 17:49:26.149] Config(Editor_fineTweak) Squad/Controls/Azerty/Editor_fineTweak
[LOG 17:49:26.149] Config(Editor_partSearch) Squad/Controls/Azerty/Editor_partSearch
[LOG 17:49:26.149] Config(Editor_zoomScrollModifier) Squad/Controls/Azerty/Editor_zoomScrollModifier
[LOG 17:49:26.149] Config(MODIFIER_KEY) Squad/Controls/Azerty/MODIFIER_KEY
[LOG 17:49:26.149] Config(AbortActionGroup) Squad/Controls/Azerty/AbortActionGroup
[LOG 17:49:26.150] Config(CustomActionGroup1) Squad/Controls/Azerty/CustomActionGroup1
[LOG 17:49:26.150] Config(CustomActionGroup2) Squad/Controls/Azerty/CustomActionGroup2
[LOG 17:49:26.150] Config(CustomActionGroup3) Squad/Controls/Azerty/CustomActionGroup3
[LOG 17:49:26.150] Config(CustomActionGroup4) Squad/Controls/Azerty/CustomActionGroup4
[LOG 17:49:26.150] Config(CustomActionGroup5) Squad/Controls/Azerty/CustomActionGroup5
[LOG 17:49:26.150] Config(CustomActionGroup6) Squad/Controls/Azerty/CustomActionGroup6
[LOG 17:49:26.150] Config(CustomActionGroup7) Squad/Controls/Azerty/CustomActionGroup7
[LOG 17:49:26.150] Config(CustomActionGroup8) Squad/Controls/Azerty/CustomActionGroup8
[LOG 17:49:26.150] Config(CustomActionGroup9) Squad/Controls/Azerty/CustomActionGroup9
[LOG 17:49:26.150] Config(CustomActionGroup10) Squad/Controls/Azerty/CustomActionGroup10
[LOG 17:49:26.150] Config(KEY_MAP) Squad/Controls/Azerty/KEY_MAP
[LOG 17:49:26.150] Config(KEYBOARD_LAYOUT) Squad/Controls/Dvorak/#autoLOC_6001234
[LOG 17:49:26.150] Config(PITCH_DOWN) Squad/Controls/Dvorak/PITCH_DOWN
[LOG 17:49:26.150] Config(PITCH_UP) Squad/Controls/Dvorak/PITCH_UP
[LOG 17:49:26.150] Config(YAW_LEFT) Squad/Controls/Dvorak/YAW_LEFT
[LOG 17:49:26.150] Config(YAW_RIGHT) Squad/Controls/Dvorak/YAW_RIGHT
[LOG 17:49:26.150] Config(ROLL_LEFT) Squad/Controls/Dvorak/ROLL_LEFT
[LOG 17:49:26.150] Config(ROLL_RIGHT) Squad/Controls/Dvorak/ROLL_RIGHT
[LOG 17:49:26.150] Config(THROTTLE_UP) Squad/Controls/Dvorak/THROTTLE_UP
[LOG 17:49:26.150] Config(THROTTLE_DOWN) Squad/Controls/Dvorak/THROTTLE_DOWN
[LOG 17:49:26.150] Config(SAS_HOLD) Squad/Controls/Dvorak/SAS_HOLD
[LOG 17:49:26.150] Config(SAS_TOGGLE) Squad/Controls/Dvorak/SAS_TOGGLE
[LOG 17:49:26.150] Config(LAUNCH_STAGES) Squad/Controls/Dvorak/LAUNCH_STAGES
[LOG 17:49:26.150] Config(Docking_toggleRotLin) Squad/Controls/Dvorak/Docking_toggleRotLin
[LOG 17:49:26.150] Config(CAMERA_MODE) Squad/Controls/Dvorak/CAMERA_MODE
[LOG 17:49:26.150] Config(CAMERA_NEXT) Squad/Controls/Dvorak/CAMERA_NEXT
[LOG 17:49:26.150] Config(PAUSE) Squad/Controls/Dvorak/PAUSE
[LOG 17:49:26.150] Config(PRECISION_CTRL) Squad/Controls/Dvorak/PRECISION_CTRL
[LOG 17:49:26.150] Config(ZOOM_IN) Squad/Controls/Dvorak/ZOOM_IN
[LOG 17:49:26.150] Config(ZOOM_OUT) Squad/Controls/Dvorak/ZOOM_OUT
[LOG 17:49:26.151] Config(SCROLL_VIEW_UP) Squad/Controls/Dvorak/SCROLL_VIEW_UP
[LOG 17:49:26.151] Config(SCROLL_VIEW_DOWN) Squad/Controls/Dvorak/SCROLL_VIEW_DOWN
[LOG 17:49:26.151] Config(SCROLL_ICONS_UP) Squad/Controls/Dvorak/SCROLL_ICONS_UP
[LOG 17:49:26.151] Config(SCROLL_ICONS_DOWN) Squad/Controls/Dvorak/SCROLL_ICONS_DOWN
[LOG 17:49:26.151] Config(CAMERA_ORBIT_UP) Squad/Controls/Dvorak/CAMERA_ORBIT_UP
[LOG 17:49:26.151] Config(CAMERA_ORBIT_DOWN) Squad/Controls/Dvorak/CAMERA_ORBIT_DOWN
[LOG 17:49:26.151] Config(CAMERA_ORBIT_LEFT) Squad/Controls/Dvorak/CAMERA_ORBIT_LEFT
[LOG 17:49:26.151] Config(CAMERA_ORBIT_RIGHT) Squad/Controls/Dvorak/CAMERA_ORBIT_RIGHT
[LOG 17:49:26.151] Config(CAMERA_RESET) Squad/Controls/Dvorak/CAMERA_RESET
[LOG 17:49:26.151] Config(CAMERA_MOUSE_TOGGLE) Squad/Controls/Dvorak/CAMERA_MOUSE_TOGGLE
[LOG 17:49:26.151] Config(TIME_WARP_INCREASE) Squad/Controls/Dvorak/TIME_WARP_INCREASE
[LOG 17:49:26.151] Config(TIME_WARP_DECREASE) Squad/Controls/Dvorak/TIME_WARP_DECREASE
[LOG 17:49:26.151] Config(TIME_WARP_STOP) Squad/Controls/Dvorak/TIME_WARP_STOP
[LOG 17:49:26.151] Config(MAP_VIEW_TOGGLE) Squad/Controls/Dvorak/MAP_VIEW_TOGGLE
[LOG 17:49:26.151] Config(NAVBALL_TOGGLE) Squad/Controls/Dvorak/NAVBALL_TOGGLE
[LOG 17:49:26.151] Config(UIMODE_STAGING) Squad/Controls/Dvorak/UIMODE_STAGING
[LOG 17:49:26.151] Config(UIMODE_DOCKING) Squad/Controls/Dvorak/UIMODE_DOCKING
[LOG 17:49:26.151] Config(TRANSLATE_DOWN) Squad/Controls/Dvorak/TRANSLATE_DOWN
[LOG 17:49:26.151] Config(TRANSLATE_UP) Squad/Controls/Dvorak/TRANSLATE_UP
[LOG 17:49:26.151] Config(TRANSLATE_LEFT) Squad/Controls/Dvorak/TRANSLATE_LEFT
[LOG 17:49:26.151] Config(TRANSLATE_RIGHT) Squad/Controls/Dvorak/TRANSLATE_RIGHT
[LOG 17:49:26.151] Config(TRANSLATE_FWD) Squad/Controls/Dvorak/TRANSLATE_FWD
[LOG 17:49:26.151] Config(TRANSLATE_BACK) Squad/Controls/Dvorak/TRANSLATE_BACK
[LOG 17:49:26.151] Config(RCS_TOGGLE) Squad/Controls/Dvorak/RCS_TOGGLE
[LOG 17:49:26.151] Config(FOCUS_NEXT_VESSEL) Squad/Controls/Dvorak/FOCUS_NEXT_VESSEL
[LOG 17:49:26.151] Config(FOCUS_PREV_VESSEL) Squad/Controls/Dvorak/FOCUS_PREV_VESSEL
[LOG 17:49:26.151] Config(TOGGLE_UI) Squad/Controls/Dvorak/TOGGLE_UI
[LOG 17:49:26.151] Config(TOGGLE_STATUS_SCREEN) Squad/Controls/Dvorak/TOGGLE_STATUS_SCREEN
[LOG 17:49:26.151] Config(TAKE_SCREENSHOT) Squad/Controls/Dvorak/TAKE_SCREENSHOT
[LOG 17:49:26.152] Config(TOGGLE_LABELS) Squad/Controls/Dvorak/TOGGLE_LABELS
[LOG 17:49:26.152] Config(TOGGLE_TEMP_GAUGES) Squad/Controls/Dvorak/TOGGLE_TEMP_GAUGES
[LOG 17:49:26.152] Config(TOGGLE_TEMP_OVERLAY) Squad/Controls/Dvorak/TOGGLE_TEMP_OVERLAY
[LOG 17:49:26.152] Config(TOGGLE_FLIGHT_FORCES) Squad/Controls/Dvorak/TOGGLE_FLIGHT_FORCES
[LOG 17:49:26.152] Config(QUICKSAVE) Squad/Controls/Dvorak/QUICKSAVE
[LOG 17:49:26.152] Config(QUICKLOAD) Squad/Controls/Dvorak/QUICKLOAD
[LOG 17:49:26.152] Config(THROTTLE_CUTOFF) Squad/Controls/Dvorak/THROTTLE_CUTOFF
[LOG 17:49:26.152] Config(THROTTLE_FULL) Squad/Controls/Dvorak/THROTTLE_FULL
[LOG 17:49:26.152] Config(LANDING_GEAR) Squad/Controls/Dvorak/LANDING_GEAR
[LOG 17:49:26.152] Config(HEADLIGHT_TOGGLE) Squad/Controls/Dvorak/HEADLIGHT_TOGGLE
[LOG 17:49:26.152] Config(BRAKES) Squad/Controls/Dvorak/BRAKES
[LOG 17:49:26.152] Config(TOGGLE_SPACENAV_FLIGHT_CONTROL) Squad/Controls/Dvorak/TOGGLE_SPACENAV_FLIGHT_CONTROL
[LOG 17:49:26.152] Config(TOGGLE_SPACENAV_ROLL_LOCK) Squad/Controls/Dvorak/TOGGLE_SPACENAV_ROLL_LOCK
[LOG 17:49:26.152] Config(WHEEL_STEER_LEFT) Squad/Controls/Dvorak/WHEEL_STEER_LEFT
[LOG 17:49:26.152] Config(WHEEL_STEER_RIGHT) Squad/Controls/Dvorak/WHEEL_STEER_RIGHT
[LOG 17:49:26.152] Config(WHEEL_THROTTLE_DOWN) Squad/Controls/Dvorak/WHEEL_THROTTLE_DOWN
[LOG 17:49:26.152] Config(WHEEL_THROTTLE_UP) Squad/Controls/Dvorak/WHEEL_THROTTLE_UP
[LOG 17:49:26.152] Config(EVA_forward) Squad/Controls/Dvorak/EVA_forward
[LOG 17:49:26.152] Config(EVA_back) Squad/Controls/Dvorak/EVA_back
[LOG 17:49:26.152] Config(EVA_left) Squad/Controls/Dvorak/EVA_left
[LOG 17:49:26.152] Config(EVA_right) Squad/Controls/Dvorak/EVA_right
[LOG 17:49:26.152] Config(EVA_yaw_left) Squad/Controls/Dvorak/EVA_yaw_left
[LOG 17:49:26.152] Config(EVA_yaw_right) Squad/Controls/Dvorak/EVA_yaw_right
[LOG 17:49:26.152] Config(EVA_Pack_forward) Squad/Controls/Dvorak/EVA_Pack_forward
[LOG 17:49:26.152] Config(EVA_Pack_back) Squad/Controls/Dvorak/EVA_Pack_back
[LOG 17:49:26.152] Config(EVA_Pack_left) Squad/Controls/Dvorak/EVA_Pack_left
[LOG 17:49:26.152] Config(EVA_Pack_right) Squad/Controls/Dvorak/EVA_Pack_right
[LOG 17:49:26.152] Config(EVA_Pack_up) Squad/Controls/Dvorak/EVA_Pack_up
[LOG 17:49:26.152] Config(EVA_Pack_down) Squad/Controls/Dvorak/EVA_Pack_down
[LOG 17:49:26.152] Config(EVA_Jump) Squad/Controls/Dvorak/EVA_Jump
[LOG 17:49:26.152] Config(EVA_Run) Squad/Controls/Dvorak/EVA_Run
[LOG 17:49:26.153] Config(EVA_ToggleMovementMode) Squad/Controls/Dvorak/EVA_ToggleMovementMode
[LOG 17:49:26.153] Config(EVA_TogglePack) Squad/Controls/Dvorak/EVA_TogglePack
[LOG 17:49:26.153] Config(EVA_Use) Squad/Controls/Dvorak/EVA_Use
[LOG 17:49:26.153] Config(EVA_Board) Squad/Controls/Dvorak/EVA_Board
[LOG 17:49:26.153] Config(EVA_Orient) Squad/Controls/Dvorak/EVA_Orient
[LOG 17:49:26.153] Config(EVA_Lights) Squad/Controls/Dvorak/EVA_Lights
[LOG 17:49:26.153] Config(EVA_ChuteDeploy) Squad/Controls/Dvorak/EVA_ChuteDeploy
[LOG 17:49:26.153] Config(Editor_pitchUp) Squad/Controls/Dvorak/Editor_pitchUp
[LOG 17:49:26.153] Config(Editor_pitchDown) Squad/Controls/Dvorak/Editor_pitchDown
[LOG 17:49:26.153] Config(Editor_yawLeft) Squad/Controls/Dvorak/Editor_yawLeft
[LOG 17:49:26.153] Config(Editor_yawRight) Squad/Controls/Dvorak/Editor_yawRight
[LOG 17:49:26.153] Config(Editor_rollLeft) Squad/Controls/Dvorak/Editor_rollLeft
[LOG 17:49:26.153] Config(Editor_rollRight) Squad/Controls/Dvorak/Editor_rollRight
[LOG 17:49:26.153] Config(Editor_resetRotation) Squad/Controls/Dvorak/Editor_resetRotation
[LOG 17:49:26.153] Config(Editor_modePlace) Squad/Controls/Dvorak/Editor_modePlace
[LOG 17:49:26.153] Config(Editor_modeOffset) Squad/Controls/Dvorak/Editor_modeOffset
[LOG 17:49:26.153] Config(Editor_modeRotate) Squad/Controls/Dvorak/Editor_modeRotate
[LOG 17:49:26.153] Config(Editor_modeRoot) Squad/Controls/Dvorak/Editor_modeRoot
[LOG 17:49:26.153] Config(Editor_coordSystem) Squad/Controls/Dvorak/Editor_coordSystem
[LOG 17:49:26.153] Config(Editor_toggleSymMethod) Squad/Controls/Dvorak/Editor_toggleSymMethod
[LOG 17:49:26.153] Config(Editor_toggleSymMode) Squad/Controls/Dvorak/Editor_toggleSymMode
[LOG 17:49:26.153] Config(Editor_toggleAngleSnap) Squad/Controls/Dvorak/Editor_toggleAngleSnap
[LOG 17:49:26.153] Config(Editor_fineTweak) Squad/Controls/Dvorak/Editor_fineTweak
[LOG 17:49:26.153] Config(Editor_partSearch) Squad/Controls/Dvorak/Editor_partSearch
[LOG 17:49:26.153] Config(Editor_zoomScrollModifier) Squad/Controls/Dvorak/Editor_zoomScrollModifier
[LOG 17:49:26.153] Config(MODIFIER_KEY) Squad/Controls/Dvorak/MODIFIER_KEY
[LOG 17:49:26.153] Config(AbortActionGroup) Squad/Controls/Dvorak/AbortActionGroup
[LOG 17:49:26.153] Config(CustomActionGroup1) Squad/Controls/Dvorak/CustomActionGroup1
[LOG 17:49:26.153] Config(CustomActionGroup2) Squad/Controls/Dvorak/CustomActionGroup2
[LOG 17:49:26.153] Config(CustomActionGroup3) Squad/Controls/Dvorak/CustomActionGroup3
[LOG 17:49:26.153] Config(CustomActionGroup4) Squad/Controls/Dvorak/CustomActionGroup4
[LOG 17:49:26.154] Config(CustomActionGroup5) Squad/Controls/Dvorak/CustomActionGroup5
[LOG 17:49:26.154] Config(CustomActionGroup6) Squad/Controls/Dvorak/CustomActionGroup6
[LOG 17:49:26.154] Config(CustomActionGroup7) Squad/Controls/Dvorak/CustomActionGroup7
[LOG 17:49:26.154] Config(CustomActionGroup8) Squad/Controls/Dvorak/CustomActionGroup8
[LOG 17:49:26.154] Config(CustomActionGroup9) Squad/Controls/Dvorak/CustomActionGroup9
[LOG 17:49:26.154] Config(CustomActionGroup10) Squad/Controls/Dvorak/CustomActionGroup10
[LOG 17:49:26.154] Config(KEY_MAP) Squad/Controls/Dvorak/KEY_MAP
[LOG 17:49:26.154] Config(KEYBOARD_LAYOUT) Squad/Controls/Qwerty/#autoLOC_6001227
[LOG 17:49:26.154] Config(PITCH_DOWN) Squad/Controls/Qwerty/PITCH_DOWN
[LOG 17:49:26.154] Config(PITCH_UP) Squad/Controls/Qwerty/PITCH_UP
[LOG 17:49:26.154] Config(YAW_LEFT) Squad/Controls/Qwerty/YAW_LEFT
[LOG 17:49:26.154] Config(YAW_RIGHT) Squad/Controls/Qwerty/YAW_RIGHT
[LOG 17:49:26.154] Config(ROLL_LEFT) Squad/Controls/Qwerty/ROLL_LEFT
[LOG 17:49:26.154] Config(ROLL_RIGHT) Squad/Controls/Qwerty/ROLL_RIGHT
[LOG 17:49:26.154] Config(THROTTLE_UP) Squad/Controls/Qwerty/THROTTLE_UP
[LOG 17:49:26.154] Config(THROTTLE_DOWN) Squad/Controls/Qwerty/THROTTLE_DOWN
[LOG 17:49:26.154] Config(SAS_HOLD) Squad/Controls/Qwerty/SAS_HOLD
[LOG 17:49:26.154] Config(SAS_TOGGLE) Squad/Controls/Qwerty/SAS_TOGGLE
[LOG 17:49:26.154] Config(LAUNCH_STAGES) Squad/Controls/Qwerty/LAUNCH_STAGES
[LOG 17:49:26.154] Config(Docking_toggleRotLin) Squad/Controls/Qwerty/Docking_toggleRotLin
[LOG 17:49:26.154] Config(CAMERA_MODE) Squad/Controls/Qwerty/CAMERA_MODE
[LOG 17:49:26.154] Config(CAMERA_NEXT) Squad/Controls/Qwerty/CAMERA_NEXT
[LOG 17:49:26.154] Config(PAUSE) Squad/Controls/Qwerty/PAUSE
[LOG 17:49:26.154] Config(PRECISION_CTRL) Squad/Controls/Qwerty/PRECISION_CTRL
[LOG 17:49:26.154] Config(ZOOM_IN) Squad/Controls/Qwerty/ZOOM_IN
[LOG 17:49:26.154] Config(ZOOM_OUT) Squad/Controls/Qwerty/ZOOM_OUT
[LOG 17:49:26.154] Config(SCROLL_VIEW_UP) Squad/Controls/Qwerty/SCROLL_VIEW_UP
[LOG 17:49:26.155] Config(SCROLL_VIEW_DOWN) Squad/Controls/Qwerty/SCROLL_VIEW_DOWN
[LOG 17:49:26.155] Config(SCROLL_ICONS_UP) Squad/Controls/Qwerty/SCROLL_ICONS_UP
[LOG 17:49:26.155] Config(SCROLL_ICONS_DOWN) Squad/Controls/Qwerty/SCROLL_ICONS_DOWN
[LOG 17:49:26.155] Config(CAMERA_ORBIT_UP) Squad/Controls/Qwerty/CAMERA_ORBIT_UP
[LOG 17:49:26.155] Config(CAMERA_ORBIT_DOWN) Squad/Controls/Qwerty/CAMERA_ORBIT_DOWN
[LOG 17:49:26.155] Config(CAMERA_ORBIT_LEFT) Squad/Controls/Qwerty/CAMERA_ORBIT_LEFT
[LOG 17:49:26.155] Config(CAMERA_ORBIT_RIGHT) Squad/Controls/Qwerty/CAMERA_ORBIT_RIGHT
[LOG 17:49:26.155] Config(CAMERA_RESET) Squad/Controls/Qwerty/CAMERA_RESET
[LOG 17:49:26.155] Config(CAMERA_MOUSE_TOGGLE) Squad/Controls/Qwerty/CAMERA_MOUSE_TOGGLE
[LOG 17:49:26.155] Config(TIME_WARP_INCREASE) Squad/Controls/Qwerty/TIME_WARP_INCREASE
[LOG 17:49:26.155] Config(TIME_WARP_DECREASE) Squad/Controls/Qwerty/TIME_WARP_DECREASE
[LOG 17:49:26.155] Config(TIME_WARP_STOP) Squad/Controls/Qwerty/TIME_WARP_STOP
[LOG 17:49:26.155] Config(MAP_VIEW_TOGGLE) Squad/Controls/Qwerty/MAP_VIEW_TOGGLE
[LOG 17:49:26.155] Config(NAVBALL_TOGGLE) Squad/Controls/Qwerty/NAVBALL_TOGGLE
[LOG 17:49:26.155] Config(UIMODE_STAGING) Squad/Controls/Qwerty/UIMODE_STAGING
[LOG 17:49:26.155] Config(UIMODE_DOCKING) Squad/Controls/Qwerty/UIMODE_DOCKING
[LOG 17:49:26.155] Config(TRANSLATE_DOWN) Squad/Controls/Qwerty/TRANSLATE_DOWN
[LOG 17:49:26.155] Config(TRANSLATE_UP) Squad/Controls/Qwerty/TRANSLATE_UP
[LOG 17:49:26.155] Config(TRANSLATE_LEFT) Squad/Controls/Qwerty/TRANSLATE_LEFT
[LOG 17:49:26.155] Config(TRANSLATE_RIGHT) Squad/Controls/Qwerty/TRANSLATE_RIGHT
[LOG 17:49:26.155] Config(TRANSLATE_FWD) Squad/Controls/Qwerty/TRANSLATE_FWD
[LOG 17:49:26.155] Config(TRANSLATE_BACK) Squad/Controls/Qwerty/TRANSLATE_BACK
[LOG 17:49:26.155] Config(RCS_TOGGLE) Squad/Controls/Qwerty/RCS_TOGGLE
[LOG 17:49:26.155] Config(FOCUS_NEXT_VESSEL) Squad/Controls/Qwerty/FOCUS_NEXT_VESSEL
[LOG 17:49:26.155] Config(FOCUS_PREV_VESSEL) Squad/Controls/Qwerty/FOCUS_PREV_VESSEL
[LOG 17:49:26.155] Config(TOGGLE_UI) Squad/Controls/Qwerty/TOGGLE_UI
[LOG 17:49:26.155] Config(TOGGLE_STATUS_SCREEN) Squad/Controls/Qwerty/TOGGLE_STATUS_SCREEN
[LOG 17:49:26.155] Config(TAKE_SCREENSHOT) Squad/Controls/Qwerty/TAKE_SCREENSHOT
[LOG 17:49:26.156] Config(TOGGLE_LABELS) Squad/Controls/Qwerty/TOGGLE_LABELS
[LOG 17:49:26.156] Config(TOGGLE_TEMP_GAUGES) Squad/Controls/Qwerty/TOGGLE_TEMP_GAUGES
[LOG 17:49:26.156] Config(TOGGLE_TEMP_OVERLAY) Squad/Controls/Qwerty/TOGGLE_TEMP_OVERLAY
[LOG 17:49:26.156] Config(TOGGLE_FLIGHT_FORCES) Squad/Controls/Qwerty/TOGGLE_FLIGHT_FORCES
[LOG 17:49:26.156] Config(QUICKSAVE) Squad/Controls/Qwerty/QUICKSAVE
[LOG 17:49:26.156] Config(QUICKLOAD) Squad/Controls/Qwerty/QUICKLOAD
[LOG 17:49:26.156] Config(THROTTLE_CUTOFF) Squad/Controls/Qwerty/THROTTLE_CUTOFF
[LOG 17:49:26.156] Config(THROTTLE_FULL) Squad/Controls/Qwerty/THROTTLE_FULL
[LOG 17:49:26.156] Config(LANDING_GEAR) Squad/Controls/Qwerty/LANDING_GEAR
[LOG 17:49:26.156] Config(HEADLIGHT_TOGGLE) Squad/Controls/Qwerty/HEADLIGHT_TOGGLE
[LOG 17:49:26.156] Config(BRAKES) Squad/Controls/Qwerty/BRAKES
[LOG 17:49:26.156] Config(TOGGLE_SPACENAV_FLIGHT_CONTROL) Squad/Controls/Qwerty/TOGGLE_SPACENAV_FLIGHT_CONTROL
[LOG 17:49:26.156] Config(TOGGLE_SPACENAV_ROLL_LOCK) Squad/Controls/Qwerty/TOGGLE_SPACENAV_ROLL_LOCK
[LOG 17:49:26.156] Config(WHEEL_STEER_LEFT) Squad/Controls/Qwerty/WHEEL_STEER_LEFT
[LOG 17:49:26.156] Config(WHEEL_STEER_RIGHT) Squad/Controls/Qwerty/WHEEL_STEER_RIGHT
[LOG 17:49:26.156] Config(WHEEL_THROTTLE_DOWN) Squad/Controls/Qwerty/WHEEL_THROTTLE_DOWN
[LOG 17:49:26.156] Config(WHEEL_THROTTLE_UP) Squad/Controls/Qwerty/WHEEL_THROTTLE_UP
[LOG 17:49:26.156] Config(EVA_forward) Squad/Controls/Qwerty/EVA_forward
[LOG 17:49:26.156] Config(EVA_back) Squad/Controls/Qwerty/EVA_back
[LOG 17:49:26.156] Config(EVA_left) Squad/Controls/Qwerty/EVA_left
[LOG 17:49:26.156] Config(EVA_right) Squad/Controls/Qwerty/EVA_right
[LOG 17:49:26.156] Config(EVA_yaw_left) Squad/Controls/Qwerty/EVA_yaw_left
[LOG 17:49:26.156] Config(EVA_yaw_right) Squad/Controls/Qwerty/EVA_yaw_right
[LOG 17:49:26.156] Config(EVA_Pack_forward) Squad/Controls/Qwerty/EVA_Pack_forward
[LOG 17:49:26.156] Config(EVA_Pack_back) Squad/Controls/Qwerty/EVA_Pack_back
[LOG 17:49:26.156] Config(EVA_Pack_left) Squad/Controls/Qwerty/EVA_Pack_left
[LOG 17:49:26.157] Config(EVA_Pack_right) Squad/Controls/Qwerty/EVA_Pack_right
[LOG 17:49:26.157] Config(EVA_Pack_up) Squad/Controls/Qwerty/EVA_Pack_up
[LOG 17:49:26.157] Config(EVA_Pack_down) Squad/Controls/Qwerty/EVA_Pack_down
[LOG 17:49:26.157] Config(EVA_Jump) Squad/Controls/Qwerty/EVA_Jump
[LOG 17:49:26.157] Config(EVA_Run) Squad/Controls/Qwerty/EVA_Run
[LOG 17:49:26.157] Config(EVA_ToggleMovementMode) Squad/Controls/Qwerty/EVA_ToggleMovementMode
[LOG 17:49:26.157] Config(EVA_TogglePack) Squad/Controls/Qwerty/EVA_TogglePack
[LOG 17:49:26.157] Config(EVA_Use) Squad/Controls/Qwerty/EVA_Use
[LOG 17:49:26.157] Config(EVA_Board) Squad/Controls/Qwerty/EVA_Board
[LOG 17:49:26.157] Config(EVA_Orient) Squad/Controls/Qwerty/EVA_Orient
[LOG 17:49:26.157] Config(EVA_Lights) Squad/Controls/Qwerty/EVA_Lights
[LOG 17:49:26.157] Config(EVA_ChuteDeploy) Squad/Controls/Qwerty/EVA_ChuteDeploy
[LOG 17:49:26.157] Config(Editor_pitchUp) Squad/Controls/Qwerty/Editor_pitchUp
[LOG 17:49:26.157] Config(Editor_pitchDown) Squad/Controls/Qwerty/Editor_pitchDown
[LOG 17:49:26.157] Config(Editor_yawLeft) Squad/Controls/Qwerty/Editor_yawLeft
[LOG 17:49:26.157] Config(Editor_yawRight) Squad/Controls/Qwerty/Editor_yawRight
[LOG 17:49:26.157] Config(Editor_rollLeft) Squad/Controls/Qwerty/Editor_rollLeft
[LOG 17:49:26.157] Config(Editor_rollRight) Squad/Controls/Qwerty/Editor_rollRight
[LOG 17:49:26.157] Config(Editor_resetRotation) Squad/Controls/Qwerty/Editor_resetRotation
[LOG 17:49:26.157] Config(Editor_modePlace) Squad/Controls/Qwerty/Editor_modePlace
[LOG 17:49:26.157] Config(Editor_modeOffset) Squad/Controls/Qwerty/Editor_modeOffset
[LOG 17:49:26.157] Config(Editor_modeRotate) Squad/Controls/Qwerty/Editor_modeRotate
[LOG 17:49:26.157] Config(Editor_modeRoot) Squad/Controls/Qwerty/Editor_modeRoot
[LOG 17:49:26.157] Config(Editor_coordSystem) Squad/Controls/Qwerty/Editor_coordSystem
[LOG 17:49:26.157] Config(Editor_toggleSymMethod) Squad/Controls/Qwerty/Editor_toggleSymMethod
[LOG 17:49:26.157] Config(Editor_toggleSymMode) Squad/Controls/Qwerty/Editor_toggleSymMode
[LOG 17:49:26.157] Config(Editor_toggleAngleSnap) Squad/Controls/Qwerty/Editor_toggleAngleSnap
[LOG 17:49:26.157] Config(Editor_fineTweak) Squad/Controls/Qwerty/Editor_fineTweak
[LOG 17:49:26.157] Config(Editor_partSearch) Squad/Controls/Qwerty/Editor_partSearch
[LOG 17:49:26.157] Config(Editor_zoomScrollModifier) Squad/Controls/Qwerty/Editor_zoomScrollModifier
[LOG 17:49:26.157] Config(MODIFIER_KEY) Squad/Controls/Qwerty/MODIFIER_KEY
[LOG 17:49:26.158] Config(AbortActionGroup) Squad/Controls/Qwerty/AbortActionGroup
[LOG 17:49:26.158] Config(CustomActionGroup1) Squad/Controls/Qwerty/CustomActionGroup1
[LOG 17:49:26.158] Config(CustomActionGroup2) Squad/Controls/Qwerty/CustomActionGroup2
[LOG 17:49:26.158] Config(CustomActionGroup3) Squad/Controls/Qwerty/CustomActionGroup3
[LOG 17:49:26.158] Config(CustomActionGroup4) Squad/Controls/Qwerty/CustomActionGroup4
[LOG 17:49:26.158] Config(CustomActionGroup5) Squad/Controls/Qwerty/CustomActionGroup5
[LOG 17:49:26.158] Config(CustomActionGroup6) Squad/Controls/Qwerty/CustomActionGroup6
[LOG 17:49:26.158] Config(CustomActionGroup7) Squad/Controls/Qwerty/CustomActionGroup7
[LOG 17:49:26.158] Config(CustomActionGroup8) Squad/Controls/Qwerty/CustomActionGroup8
[LOG 17:49:26.158] Config(CustomActionGroup9) Squad/Controls/Qwerty/CustomActionGroup9
[LOG 17:49:26.158] Config(CustomActionGroup10) Squad/Controls/Qwerty/CustomActionGroup10
[LOG 17:49:26.158] Config(KEY_MAP) Squad/Controls/Qwerty/KEY_MAP
[LOG 17:49:26.158] Config(KEYBOARD_LAYOUT) Squad/Controls/Qwerty_en-GB/#autoLOC_6001228
[LOG 17:49:26.158] Config(KEY_MAP) Squad/Controls/Qwerty_en-GB/KEY_MAP
[LOG 17:49:26.158] Config(KEYBOARD_LAYOUT) Squad/Controls/Qwerty_es-LA/#autoLOC_6001229
[LOG 17:49:26.158] Config(CAMERA_MOUSE_TOGGLE) Squad/Controls/Qwerty_es-LA/CAMERA_MOUSE_TOGGLE
[LOG 17:49:26.158] Config(TIME_WARP_STOP) Squad/Controls/Qwerty_es-LA/TIME_WARP_STOP
[LOG 17:49:26.158] Config(FOCUS_NEXT_VESSEL) Squad/Controls/Qwerty_es-LA/FOCUS_NEXT_VESSEL
[LOG 17:49:26.158] Config(FOCUS_PREV_VESSEL) Squad/Controls/Qwerty_es-LA/FOCUS_PREV_VESSEL
[LOG 17:49:26.158] Config(CAMERA_RESET) Squad/Controls/Qwerty_es-LA/CAMERA_RESET
[LOG 17:49:26.158] Config(Editor_partSearch) Squad/Controls/Qwerty_es-LA/Editor_partSearch
[LOG 17:49:26.158] Config(KEY_MAP) Squad/Controls/Qwerty_es-LA/KEY_MAP
[LOG 17:49:26.158] Config(KEYBOARD_LAYOUT) Squad/Controls/Qwerty_it-IT/#autoLOC_6001230
[LOG 17:49:26.158] Config(FOCUS_NEXT_VESSEL) Squad/Controls/Qwerty_it-IT/FOCUS_NEXT_VESSEL
[LOG 17:49:26.158] Config(FOCUS_PREV_VESSEL) Squad/Controls/Qwerty_it-IT/FOCUS_PREV_VESSEL
[LOG 17:49:26.158] Config(CAMERA_MOUSE_TOGGLE) Squad/Controls/Qwerty_it-IT/CAMERA_MOUSE_TOGGLE
[LOG 17:49:26.158] Config(TIME_WARP_STOP) Squad/Controls/Qwerty_it-IT/TIME_WARP_STOP
[LOG 17:49:26.158] Config(CAMERA_RESET) Squad/Controls/Qwerty_it-IT/CAMERA_RESET
[LOG 17:49:26.158] Config(Editor_partSearch) Squad/Controls/Qwerty_it-IT/Editor_partSearch
[LOG 17:49:26.159] Config(KEY_MAP) Squad/Controls/Qwerty_it-IT/KEY_MAP
[LOG 17:49:26.159] Config(KEYBOARD_LAYOUT) Squad/Controls/Qwerty_ja-JP/#autoLOC_6001231
[LOG 17:49:26.159] Config(FOCUS_NEXT_VESSEL) Squad/Controls/Qwerty_ja-JP/FOCUS_NEXT_VESSEL
[LOG 17:49:26.159] Config(FOCUS_PREV_VESSEL) Squad/Controls/Qwerty_ja-JP/FOCUS_PREV_VESSEL
[LOG 17:49:26.159] Config(PRECISION_CTRL) Squad/Controls/Qwerty_ja-JP/PRECISION_CTRL
[LOG 17:49:26.159] Config(CAMERA_MOUSE_TOGGLE) Squad/Controls/Qwerty_ja-JP/CAMERA_MOUSE_TOGGLE
[LOG 17:49:26.159] Config(Editor_partSearch) Squad/Controls/Qwerty_ja-JP/Editor_partSearch
[LOG 17:49:26.159] Config(CAMERA_RESET) Squad/Controls/Qwerty_ja-JP/CAMERA_RESET
[LOG 17:49:26.159] Config(KEY_MAP) Squad/Controls/Qwerty_ja-JP/KEY_MAP
[LOG 17:49:26.159] Config(KEYBOARD_LAYOUT) Squad/Controls/Qwerty_pt-PT/#autoLOC_6001230
[LOG 17:49:26.159] Config(FOCUS_NEXT_VESSEL) Squad/Controls/Qwerty_pt-PT/FOCUS_NEXT_VESSEL
[LOG 17:49:26.159] Config(FOCUS_PREV_VESSEL) Squad/Controls/Qwerty_pt-PT/FOCUS_PREV_VESSEL
[LOG 17:49:26.159] Config(CAMERA_MOUSE_TOGGLE) Squad/Controls/Qwerty_pt-PT/CAMERA_MOUSE_TOGGLE
[LOG 17:49:26.159] Config(TIME_WARP_STOP) Squad/Controls/Qwerty_pt-PT/TIME_WARP_STOP
[LOG 17:49:26.159] Config(CAMERA_RESET) Squad/Controls/Qwerty_pt-PT/CAMERA_RESET
[LOG 17:49:26.159] Config(Editor_partSearch) Squad/Controls/Qwerty_pt-PT/Editor_partSearch
[LOG 17:49:26.159] Config(KEY_MAP) Squad/Controls/Qwerty_pt-PT/KEY_MAP
[LOG 17:49:26.159] Config(KEYBOARD_LAYOUT) Squad/Controls/Qwertz/#autoLOC_6001232
[LOG 17:49:26.159] Config(PITCH_DOWN) Squad/Controls/Qwertz/PITCH_DOWN
[LOG 17:49:26.159] Config(PITCH_UP) Squad/Controls/Qwertz/PITCH_UP
[LOG 17:49:26.159] Config(YAW_LEFT) Squad/Controls/Qwertz/YAW_LEFT
[LOG 17:49:26.159] Config(YAW_RIGHT) Squad/Controls/Qwertz/YAW_RIGHT
[LOG 17:49:26.159] Config(ROLL_LEFT) Squad/Controls/Qwertz/ROLL_LEFT
[LOG 17:49:26.159] Config(ROLL_RIGHT) Squad/Controls/Qwertz/ROLL_RIGHT
[LOG 17:49:26.159] Config(THROTTLE_UP) Squad/Controls/Qwertz/THROTTLE_UP
[LOG 17:49:26.159] Config(THROTTLE_DOWN) Squad/Controls/Qwertz/THROTTLE_DOWN
[LOG 17:49:26.159] Config(SAS_HOLD) Squad/Controls/Qwertz/SAS_HOLD
[LOG 17:49:26.159] Config(SAS_TOGGLE) Squad/Controls/Qwertz/SAS_TOGGLE
[LOG 17:49:26.159] Config(LAUNCH_STAGES) Squad/Controls/Qwertz/LAUNCH_STAGES
[LOG 17:49:26.159] Config(Docking_toggleRotLin) Squad/Controls/Qwertz/Docking_toggleRotLin
[LOG 17:49:26.160] Config(CAMERA_MODE) Squad/Controls/Qwertz/CAMERA_MODE
[LOG 17:49:26.160] Config(CAMERA_NEXT) Squad/Controls/Qwertz/CAMERA_NEXT
[LOG 17:49:26.160] Config(PAUSE) Squad/Controls/Qwertz/PAUSE
[LOG 17:49:26.160] Config(PRECISION_CTRL) Squad/Controls/Qwertz/PRECISION_CTRL
[LOG 17:49:26.160] Config(ZOOM_IN) Squad/Controls/Qwertz/ZOOM_IN
[LOG 17:49:26.160] Config(ZOOM_OUT) Squad/Controls/Qwertz/ZOOM_OUT
[LOG 17:49:26.160] Config(SCROLL_VIEW_UP) Squad/Controls/Qwertz/SCROLL_VIEW_UP
[LOG 17:49:26.160] Config(SCROLL_VIEW_DOWN) Squad/Controls/Qwertz/SCROLL_VIEW_DOWN
[LOG 17:49:26.160] Config(SCROLL_ICONS_UP) Squad/Controls/Qwertz/SCROLL_ICONS_UP
[LOG 17:49:26.160] Config(SCROLL_ICONS_DOWN) Squad/Controls/Qwertz/SCROLL_ICONS_DOWN
[LOG 17:49:26.160] Config(CAMERA_ORBIT_UP) Squad/Controls/Qwertz/CAMERA_ORBIT_UP
[LOG 17:49:26.160] Config(CAMERA_ORBIT_DOWN) Squad/Controls/Qwertz/CAMERA_ORBIT_DOWN
[LOG 17:49:26.160] Config(CAMERA_ORBIT_LEFT) Squad/Controls/Qwertz/CAMERA_ORBIT_LEFT
[LOG 17:49:26.160] Config(CAMERA_ORBIT_RIGHT) Squad/Controls/Qwertz/CAMERA_ORBIT_RIGHT
[LOG 17:49:26.160] Config(CAMERA_RESET) Squad/Controls/Qwertz/CAMERA_RESET
[LOG 17:49:26.160] Config(CAMERA_MOUSE_TOGGLE) Squad/Controls/Qwertz/CAMERA_MOUSE_TOGGLE
[LOG 17:49:26.160] Config(TIME_WARP_INCREASE) Squad/Controls/Qwertz/TIME_WARP_INCREASE
[LOG 17:49:26.160] Config(TIME_WARP_DECREASE) Squad/Controls/Qwertz/TIME_WARP_DECREASE
[LOG 17:49:26.160] Config(TIME_WARP_STOP) Squad/Controls/Qwertz/TIME_WARP_STOP
[LOG 17:49:26.160] Config(MAP_VIEW_TOGGLE) Squad/Controls/Qwertz/MAP_VIEW_TOGGLE
[LOG 17:49:26.160] Config(NAVBALL_TOGGLE) Squad/Controls/Qwertz/NAVBALL_TOGGLE
[LOG 17:49:26.160] Config(UIMODE_STAGING) Squad/Controls/Qwertz/UIMODE_STAGING
[LOG 17:49:26.160] Config(UIMODE_DOCKING) Squad/Controls/Qwertz/UIMODE_DOCKING
[LOG 17:49:26.160] Config(TRANSLATE_DOWN) Squad/Controls/Qwertz/TRANSLATE_DOWN
[LOG 17:49:26.160] Config(TRANSLATE_UP) Squad/Controls/Qwertz/TRANSLATE_UP
[LOG 17:49:26.160] Config(TRANSLATE_LEFT) Squad/Controls/Qwertz/TRANSLATE_LEFT
[LOG 17:49:26.160] Config(TRANSLATE_RIGHT) Squad/Controls/Qwertz/TRANSLATE_RIGHT
[LOG 17:49:26.160] Config(TRANSLATE_FWD) Squad/Controls/Qwertz/TRANSLATE_FWD
[LOG 17:49:26.160] Config(TRANSLATE_BACK) Squad/Controls/Qwertz/TRANSLATE_BACK
[LOG 17:49:26.161] Config(RCS_TOGGLE) Squad/Controls/Qwertz/RCS_TOGGLE
[LOG 17:49:26.161] Config(FOCUS_NEXT_VESSEL) Squad/Controls/Qwertz/FOCUS_NEXT_VESSEL
[LOG 17:49:26.161] Config(FOCUS_PREV_VESSEL) Squad/Controls/Qwertz/FOCUS_PREV_VESSEL
[LOG 17:49:26.161] Config(TOGGLE_UI) Squad/Controls/Qwertz/TOGGLE_UI
[LOG 17:49:26.161] Config(TOGGLE_STATUS_SCREEN) Squad/Controls/Qwertz/TOGGLE_STATUS_SCREEN
[LOG 17:49:26.161] Config(TAKE_SCREENSHOT) Squad/Controls/Qwertz/TAKE_SCREENSHOT
[LOG 17:49:26.161] Config(TOGGLE_LABELS) Squad/Controls/Qwertz/TOGGLE_LABELS
[LOG 17:49:26.161] Config(TOGGLE_TEMP_GAUGES) Squad/Controls/Qwertz/TOGGLE_TEMP_GAUGES
[LOG 17:49:26.161] Config(TOGGLE_TEMP_OVERLAY) Squad/Controls/Qwertz/TOGGLE_TEMP_OVERLAY
[LOG 17:49:26.161] Config(TOGGLE_FLIGHT_FORCES) Squad/Controls/Qwertz/TOGGLE_FLIGHT_FORCES
[LOG 17:49:26.161] Config(QUICKSAVE) Squad/Controls/Qwertz/QUICKSAVE
[LOG 17:49:26.161] Config(QUICKLOAD) Squad/Controls/Qwertz/QUICKLOAD
[LOG 17:49:26.161] Config(THROTTLE_CUTOFF) Squad/Controls/Qwertz/THROTTLE_CUTOFF
[LOG 17:49:26.161] Config(THROTTLE_FULL) Squad/Controls/Qwertz/THROTTLE_FULL
[LOG 17:49:26.161] Config(LANDING_GEAR) Squad/Controls/Qwertz/LANDING_GEAR
[LOG 17:49:26.161] Config(HEADLIGHT_TOGGLE) Squad/Controls/Qwertz/HEADLIGHT_TOGGLE
[LOG 17:49:26.161] Config(BRAKES) Squad/Controls/Qwertz/BRAKES
[LOG 17:49:26.161] Config(TOGGLE_SPACENAV_FLIGHT_CONTROL) Squad/Controls/Qwertz/TOGGLE_SPACENAV_FLIGHT_CONTROL
[LOG 17:49:26.161] Config(TOGGLE_SPACENAV_ROLL_LOCK) Squad/Controls/Qwertz/TOGGLE_SPACENAV_ROLL_LOCK
[LOG 17:49:26.161] Config(WHEEL_STEER_LEFT) Squad/Controls/Qwertz/WHEEL_STEER_LEFT
[LOG 17:49:26.161] Config(WHEEL_STEER_RIGHT) Squad/Controls/Qwertz/WHEEL_STEER_RIGHT
[LOG 17:49:26.161] Config(WHEEL_THROTTLE_DOWN) Squad/Controls/Qwertz/WHEEL_THROTTLE_DOWN
[LOG 17:49:26.161] Config(WHEEL_THROTTLE_UP) Squad/Controls/Qwertz/WHEEL_THROTTLE_UP
[LOG 17:49:26.161] Config(EVA_forward) Squad/Controls/Qwertz/EVA_forward
[LOG 17:49:26.161] Config(EVA_back) Squad/Controls/Qwertz/EVA_back
[LOG 17:49:26.161] Config(EVA_left) Squad/Controls/Qwertz/EVA_left
[LOG 17:49:26.161] Config(EVA_right) Squad/Controls/Qwertz/EVA_right
[LOG 17:49:26.161] Config(EVA_yaw_left) Squad/Controls/Qwertz/EVA_yaw_left
[LOG 17:49:26.161] Config(EVA_yaw_right) Squad/Controls/Qwertz/EVA_yaw_right
[LOG 17:49:26.161] Config(EVA_Pack_forward) Squad/Controls/Qwertz/EVA_Pack_forward
[LOG 17:49:26.162] Config(EVA_Pack_back) Squad/Controls/Qwertz/EVA_Pack_back
[LOG 17:49:26.162] Config(EVA_Pack_left) Squad/Controls/Qwertz/EVA_Pack_left
[LOG 17:49:26.162] Config(EVA_Pack_right) Squad/Controls/Qwertz/EVA_Pack_right
[LOG 17:49:26.162] Config(EVA_Pack_up) Squad/Controls/Qwertz/EVA_Pack_up
[LOG 17:49:26.162] Config(EVA_Pack_down) Squad/Controls/Qwertz/EVA_Pack_down
[LOG 17:49:26.162] Config(EVA_Jump) Squad/Controls/Qwertz/EVA_Jump
[LOG 17:49:26.162] Config(EVA_Run) Squad/Controls/Qwertz/EVA_Run
[LOG 17:49:26.162] Config(EVA_ToggleMovementMode) Squad/Controls/Qwertz/EVA_ToggleMovementMode
[LOG 17:49:26.162] Config(EVA_TogglePack) Squad/Controls/Qwertz/EVA_TogglePack
[LOG 17:49:26.162] Config(EVA_Use) Squad/Controls/Qwertz/EVA_Use
[LOG 17:49:26.162] Config(EVA_Board) Squad/Controls/Qwertz/EVA_Board
[LOG 17:49:26.162] Config(EVA_Orient) Squad/Controls/Qwertz/EVA_Orient
[LOG 17:49:26.162] Config(EVA_Lights) Squad/Controls/Qwertz/EVA_Lights
[LOG 17:49:26.162] Config(Editor_pitchUp) Squad/Controls/Qwertz/Editor_pitchUp
[LOG 17:49:26.162] Config(Editor_pitchDown) Squad/Controls/Qwertz/Editor_pitchDown
[LOG 17:49:26.162] Config(Editor_yawLeft) Squad/Controls/Qwertz/Editor_yawLeft
[LOG 17:49:26.162] Config(Editor_yawRight) Squad/Controls/Qwertz/Editor_yawRight
[LOG 17:49:26.162] Config(Editor_rollLeft) Squad/Controls/Qwertz/Editor_rollLeft
[LOG 17:49:26.162] Config(Editor_rollRight) Squad/Controls/Qwertz/Editor_rollRight
[LOG 17:49:26.162] Config(Editor_resetRotation) Squad/Controls/Qwertz/Editor_resetRotation
[LOG 17:49:26.162] Config(Editor_modePlace) Squad/Controls/Qwertz/Editor_modePlace
[LOG 17:49:26.162] Config(Editor_modeOffset) Squad/Controls/Qwertz/Editor_modeOffset
[LOG 17:49:26.162] Config(Editor_modeRotate) Squad/Controls/Qwertz/Editor_modeRotate
[LOG 17:49:26.162] Config(Editor_modeRoot) Squad/Controls/Qwertz/Editor_modeRoot
[LOG 17:49:26.162] Config(Editor_coordSystem) Squad/Controls/Qwertz/Editor_coordSystem
[LOG 17:49:26.162] Config(Editor_toggleSymMethod) Squad/Controls/Qwertz/Editor_toggleSymMethod
[LOG 17:49:26.162] Config(Editor_toggleSymMode) Squad/Controls/Qwertz/Editor_toggleSymMode
[LOG 17:49:26.162] Config(Editor_toggleAngleSnap) Squad/Controls/Qwertz/Editor_toggleAngleSnap
[LOG 17:49:26.162] Config(Editor_fineTweak) Squad/Controls/Qwertz/Editor_fineTweak
[LOG 17:49:26.162] Config(Editor_partSearch) Squad/Controls/Qwertz/Editor_partSearch
[LOG 17:49:26.162] Config(Editor_zoomScrollModifier) Squad/Controls/Qwertz/Editor_zoomScrollModifier
[LOG 17:49:26.163] Config(MODIFIER_KEY) Squad/Controls/Qwertz/MODIFIER_KEY
[LOG 17:49:26.163] Config(AbortActionGroup) Squad/Controls/Qwertz/AbortActionGroup
[LOG 17:49:26.163] Config(CustomActionGroup1) Squad/Controls/Qwertz/CustomActionGroup1
[LOG 17:49:26.163] Config(CustomActionGroup2) Squad/Controls/Qwertz/CustomActionGroup2
[LOG 17:49:26.163] Config(CustomActionGroup3) Squad/Controls/Qwertz/CustomActionGroup3
[LOG 17:49:26.163] Config(CustomActionGroup4) Squad/Controls/Qwertz/CustomActionGroup4
[LOG 17:49:26.163] Config(CustomActionGroup5) Squad/Controls/Qwertz/CustomActionGroup5
[LOG 17:49:26.163] Config(CustomActionGroup6) Squad/Controls/Qwertz/CustomActionGroup6
[LOG 17:49:26.163] Config(CustomActionGroup7) Squad/Controls/Qwertz/CustomActionGroup7
[LOG 17:49:26.163] Config(CustomActionGroup8) Squad/Controls/Qwertz/CustomActionGroup8
[LOG 17:49:26.163] Config(CustomActionGroup9) Squad/Controls/Qwertz/CustomActionGroup9
[LOG 17:49:26.163] Config(CustomActionGroup10) Squad/Controls/Qwertz/CustomActionGroup10
[LOG 17:49:26.163] Config(KEY_MAP) Squad/Controls/Qwertz/KEY_MAP
[LOG 17:49:26.163] Config(EXPERIENCE_TRAIT) Squad/Experience/Traits/Pilot
[LOG 17:49:26.163] Config(EXPERIENCE_TRAIT) Squad/Experience/Traits/Engineer
[LOG 17:49:26.163] Config(EXPERIENCE_TRAIT) Squad/Experience/Traits/Scientist
[LOG 17:49:26.163] Config(EXPERIENCE_TRAIT) Squad/Experience/Traits/Tourist
[LOG 17:49:26.163] Config(Localization) Squad/Localization/dictionary/Localization
[LOG 17:49:26.163] Config(MISSIONPACK) Squad/Missions/MissionPacks/squad_ESA
[LOG 17:49:26.163] Config(VARIANTTHEME) Squad/Parts/VariantThemes/White
[LOG 17:49:26.163] Config(VARIANTTHEME) Squad/Parts/VariantThemes/BlackAndWhite
[LOG 17:49:26.163] Config(VARIANTTHEME) Squad/Parts/VariantThemes/GrayAndOrange
[LOG 17:49:26.163] Config(VARIANTTHEME) Squad/Parts/VariantThemes/Dark
[LOG 17:49:26.163] Config(VARIANTTHEME) Squad/Parts/VariantThemes/Gray
[LOG 17:49:26.163] Config(VARIANTTHEME) Squad/Parts/VariantThemes/Orange
[LOG 17:49:26.163] Config(VARIANTTHEME) Squad/Parts/VariantThemes/Gold
[LOG 17:49:26.164] Config(VARIANTTHEME) Squad/Parts/VariantThemes/Bare
[LOG 17:49:26.164] Config(VARIANTTHEME) Squad/Parts/VariantThemes/Shroud
[LOG 17:49:26.164] Config(VARIANTTHEME) Squad/Parts/VariantThemes/GrayAndWhite
[LOG 17:49:26.164] Config(VARIANTTHEME) Squad/Parts/VariantThemes/YellowAndWhite
[LOG 17:49:26.164] Config(VARIANTTHEME) Squad/Parts/VariantThemes/Silver
[LOG 17:49:26.164] Config(VARIANTTHEME) Squad/Parts/VariantThemes/Gray with Stripes
[LOG 17:49:26.164] Config(PART) Squad/Parts/Aero/aerodynamicNoseCone/aerodynamicNoseCone/noseCone
[LOG 17:49:26.164] Config(PART) Squad/Parts/Aero/airbrake/Airbrake/airbrake1
[LOG 17:49:26.164] Config(PART) Squad/Parts/Aero/airIntakeRadialXM-G50/airIntakeRadialXM-G50/airScoop
[LOG 17:49:26.164] Config(PART) Squad/Parts/Aero/airlinerWings/ControlSurface/airlinerCtrlSrf
[LOG 17:49:26.164] Config(PART) Squad/Parts/Aero/airlinerWings/MainWing/airlinerMainWing
[LOG 17:49:26.164] Config(PART) Squad/Parts/Aero/airlinerWings/TailFin/airlinerTailFin
[LOG 17:49:26.164] Config(PART) Squad/Parts/Aero/airplaneFins/advancedCanard/AdvancedCanard
[LOG 17:49:26.164] Config(PART) Squad/Parts/Aero/airplaneFins/standardCanard/CanardController
[LOG 17:49:26.164] Config(PART) Squad/Parts/Aero/airplaneFins/sweptWing/sweptWing
[LOG 17:49:26.164] Config(PART) Squad/Parts/Aero/airplaneFins/tailfin/tailfin
[LOG 17:49:26.164] Config(PART) Squad/Parts/Aero/basicFin/basicFin/basicFin
[LOG 17:49:26.164] Config(PART) Squad/Parts/Aero/circularIntake/circularIntake/CircularIntake
[LOG 17:49:26.164] Config(PART) Squad/Parts/Aero/circularIntake/intakeShockCone/shockConeIntake
[LOG 17:49:26.164] Config(PART) Squad/Parts/Aero/cones/avionicsNoseCone/avionicsNoseCone
[LOG 17:49:26.164] Config(PART) Squad/Parts/Aero/cones/ConeA/pointyNoseConeA
[LOG 17:49:26.164] Config(PART) Squad/Parts/Aero/cones/ConeB/pointyNoseConeB
[LOG 17:49:26.164] Config(PART) Squad/Parts/Aero/cones/noseConeAdapter/noseConeAdapter
[LOG 17:49:26.164] Config(PART) Squad/Parts/Aero/cones/protectiveRocketNoseMk7_v2/rocketNoseCone_v2
[LOG 17:49:26.164] Config(PART) Squad/Parts/Aero/cones/protectiveRocketNoseMk7_v3/rocketNoseCone_v3
[LOG 17:49:26.164] Config(PART) Squad/Parts/Aero/cones/rocketNoseCone_size3/rocketNoseConeSize3
[LOG 17:49:26.164] Config(PART) Squad/Parts/Aero/cones/smallNoseCone/standardNoseCone
[LOG 17:49:26.164] Config(PART) Squad/Parts/Aero/cones/tailConnectorA/airplaneTail
[LOG 17:49:26.165] Config(PART) Squad/Parts/Aero/cones/tailConnectorB/airplaneTailB
[LOG 17:49:26.165] Config(PART) Squad/Parts/Aero/fairings/fairingSize1/fairingSize1
[LOG 17:49:26.165] Config(PART) Squad/Parts/Aero/fairings/fairingSize2/fairingSize2
[LOG 17:49:26.165] Config(PART) Squad/Parts/Aero/fairings/fairingSize3/fairingSize3
[LOG 17:49:26.165] Config(PART) Squad/Parts/Aero/HeatShield/HeatShield0/HeatShield0
[LOG 17:49:26.165] Config(PART) Squad/Parts/Aero/HeatShield/HeatShield1/HeatShield1
[LOG 17:49:26.165] Config(PART) Squad/Parts/Aero/HeatShield/HeatShield2/HeatShield2
[LOG 17:49:26.165] Config(PART) Squad/Parts/Aero/HeatShield/HeatShield3/HeatShield3
[LOG 17:49:26.165] Config(PART) Squad/Parts/Aero/InflatableHeatShield/HeatShield/InflatableHeatShield
[LOG 17:49:26.165] Config(PART) Squad/Parts/Aero/intakeRadialLong/intakeRadialLong/IntakeRadialLong
[LOG 17:49:26.165] Config(PART) Squad/Parts/Aero/miniIntake/SmallIntake/miniIntake
[LOG 17:49:26.165] Config(PART) Squad/Parts/Aero/ramAirIntake/ramAirIntake/ramAirIntake
[LOG 17:49:26.165] Config(PART) Squad/Parts/Aero/shuttleWings/delta/wingShuttleDelta
[LOG 17:49:26.165] Config(PART) Squad/Parts/Aero/shuttleWings/elevon1/wingShuttleElevon1
[LOG 17:49:26.165] Config(PART) Squad/Parts/Aero/shuttleWings/elevon2/wingShuttleElevon2
[LOG 17:49:26.165] Config(PART) Squad/Parts/Aero/shuttleWings/rudder/wingShuttleRudder
[LOG 17:49:26.165] Config(PART) Squad/Parts/Aero/shuttleWings/strake/wingShuttleStrake
[LOG 17:49:26.165] Config(PART) Squad/Parts/Aero/wingletAV-R8/wingletAV-R8/R8winglet
[LOG 17:49:26.165] Config(PART) Squad/Parts/Aero/wingletAV-T1/wingletAV-T1/winglet
[LOG 17:49:26.165] Config(PART) Squad/Parts/Aero/wingletDeltaDeluxe/wingletDeltaDeluxe/winglet3
[LOG 17:49:26.165] Config(PART) Squad/Parts/Aero/wings/connector1/wingConnector
[LOG 17:49:26.165] Config(PART) Squad/Parts/Aero/wings/connector2/wingConnector2
[LOG 17:49:26.165] Config(PART) Squad/Parts/Aero/wings/connector3/wingConnector3
[LOG 17:49:26.165] Config(PART) Squad/Parts/Aero/wings/connector4/wingConnector4
[LOG 17:49:26.165] Config(PART) Squad/Parts/Aero/wings/connector5/wingConnector5
[LOG 17:49:26.165] Config(PART) Squad/Parts/Aero/wings/delta/deltaWing
[LOG 17:49:26.166] Config(PART) Squad/Parts/Aero/wings/delta_small/delta_small
[LOG 17:49:26.166] Config(PART) Squad/Parts/Aero/wings/elevon1/StandardCtrlSrf
[LOG 17:49:26.166] Config(PART) Squad/Parts/Aero/wings/elevon2/elevon2
[LOG 17:49:26.166] Config(PART) Squad/Parts/Aero/wings/elevon3/elevon3
[LOG 17:49:26.166] Config(PART) Squad/Parts/Aero/wings/elevon4/smallCtrlSrf
[LOG 17:49:26.166] Config(PART) Squad/Parts/Aero/wings/elevon5/elevon5
[LOG 17:49:26.166] Config(PART) Squad/Parts/Aero/wings/strake/wingStrake
[LOG 17:49:26.166] Config(PART) Squad/Parts/Aero/wings/structural1/structuralWing
[LOG 17:49:26.166] Config(PART) Squad/Parts/Aero/wings/structural2/structuralWing2
[LOG 17:49:26.166] Config(PART) Squad/Parts/Aero/wings/structural3/structuralWing3
[LOG 17:49:26.166] Config(PART) Squad/Parts/Aero/wings/structural4/structuralWing4
[LOG 17:49:26.166] Config(PART) Squad/Parts/Aero/wings/swept1/sweptWing1
[LOG 17:49:26.166] Config(PART) Squad/Parts/Aero/wings/swept2/sweptWing2
[LOG 17:49:26.166] Config(PART) Squad/Parts/Cargo/CargoContainers/cargoContainer/cargoContainer
[LOG 17:49:26.166] Config(PART) Squad/Parts/Cargo/CargoContainers/smallCargoContainer/smallCargoContainer
[LOG 17:49:26.166] Config(PART) Squad/Parts/Cargo/Cylinder/Cylinder/evaCylinder
[LOG 17:49:26.166] Config(PART) Squad/Parts/Cargo/GroundAnchor/groundAnchor/groundAnchor
[LOG 17:49:26.166] Config(PART) Squad/Parts/Cargo/Jetpack/Jetpack/evaJetpack
[LOG 17:49:26.166] Config(PART) Squad/Parts/Cargo/Parachute/Parachute/evaChute
[LOG 17:49:26.166] Config(PART) Squad/Parts/Cargo/RepairKit/RepairKit/evaRepairKit
[LOG 17:49:26.166] Config(PART) Squad/Parts/Cargo/ScienceKit/evaScienceKit/evaScienceKit
[LOG 17:49:26.166] Config(PART) Squad/Parts/Cargo/StorageUnits/CargoStorageUnit/CargoStorageUnit
[LOG 17:49:26.166] Config(PART) Squad/Parts/Cargo/StorageUnits/ConformalStorageUnit/ConformalStorageUnit
[LOG 17:49:26.166] Config(PART) Squad/Parts/Command/advancedSasModuleLarge/advSasModuleLarge/asasmodule1-2
[LOG 17:49:26.166] Config(PART) Squad/Parts/Command/cupola/cupola/cupola
[LOG 17:49:26.166] Config(PART) Squad/Parts/Command/externalCommandSeat/externalCommandSeat/seatExternalCmd
[LOG 17:49:26.167] Config(PART) Squad/Parts/Command/hitchhikerStorageContainer/hitchikerStorageContainer/crewCabin
[LOG 17:49:26.167] Config(PART) Squad/Parts/Command/inlineAdvancedStabilizer/inlineAdvancedStabilizer/advSasModule
[LOG 17:49:26.167] Config(PART) Squad/Parts/Command/inlineReactionWheel/inlineReactionWheel/sasModule
[LOG 17:49:26.167] Config(PART) Squad/Parts/Command/Mk1-3Pod/mk1-3/mk1-3pod
[LOG 17:49:26.167] Config(PART) Squad/Parts/Command/mk1Cockpits/mk1Cockpit/Mark1Cockpit
[LOG 17:49:26.167] Config(PART) Squad/Parts/Command/mk1Cockpits/mk1CrewCabin/MK1CrewCabin
[LOG 17:49:26.167] Config(PART) Squad/Parts/Command/mk1Cockpits/mk1InlineCockpit/Mark2Cockpit
[LOG 17:49:26.167] Config(PART) Squad/Parts/Command/mk1LanderCan/mk1LanderCan/landerCabinSmall
[LOG 17:49:26.167] Config(PART) Squad/Parts/Command/mk1pod_v2/mk1Pod_v2/mk1pod_v2
[LOG 17:49:26.167] Config(PART) Squad/Parts/Command/mk2CockpitInline/mk2CockpitInline/mk2Cockpit_Inline
[LOG 17:49:26.167] Config(PART) Squad/Parts/Command/mk2CockpitStandard/mk2CockpitStandard/mk2Cockpit_Standard
[LOG 17:49:26.167] Config(PART) Squad/Parts/Command/mk2DroneCore/mk2Dronecore/mk2DroneCore
[LOG 17:49:26.167] Config(PART) Squad/Parts/Command/mk2LanderCan/mk2LanderCan/mk2LanderCabin
[LOG 17:49:26.167] Config(PART) Squad/Parts/Command/mk2LanderCan_v2/mk2LanderCan_v2/mk2LanderCabin_v2
[LOG 17:49:26.167] Config(PART) Squad/Parts/Command/mk3CockpitShuttle/mk3CockpitShuttle/mk3Cockpit_Shuttle
[LOG 17:49:26.167] Config(PART) Squad/Parts/Command/MpoProbe/MpoProbe/MpoProbe
[LOG 17:49:26.167] Config(PART) Squad/Parts/Command/MtmStage/MTM_Stage/MtmStage
[LOG 17:49:26.167] Config(PART) Squad/Parts/Command/probeCoreCube/probeCoreCube/probeCoreCube
[LOG 17:49:26.167] Config(PART) Squad/Parts/Command/probeCoreHex/probeCoreHex/probeCoreHex
[LOG 17:49:26.167] Config(PART) Squad/Parts/Command/probeCoreHex_v2/probeCoreHex_v2/probeCoreHex_v2
[LOG 17:49:26.167] Config(PART) Squad/Parts/Command/probeCoreOcto2_v2/probeCoreOcto2_v2/probeCoreOcto2_v2
[LOG 17:49:26.167] Config(PART) Squad/Parts/Command/probeCoreOcto_v2/probeCoreOcto_v2/probeCoreOcto_v2
[LOG 17:49:26.167] Config(PART) Squad/Parts/Command/probeRoverBody/probeRoverBody/roverBody
[LOG 17:49:26.167] Config(PART) Squad/Parts/Command/probeRoverBody_v2/probeRoverBody_v2/roverBody_v2
[LOG 17:49:26.167] Config(PART) Squad/Parts/Command/probeStackLarge/probeStackLarge/probeStackLarge
[LOG 17:49:26.167] Config(PART) Squad/Parts/Command/probeStackSmall/probeStackSmall/probeStackSmall
[LOG 17:49:26.167] Config(PART) Squad/Parts/Command/probeStackSphere_v2/probeStackSphere_v2/probeCoreSphere_v2
[LOG 17:49:26.168] Config(PART) Squad/Parts/CompoundParts/FuelLine/fuelLine/fuelLine
[LOG 17:49:26.168] Config(PART) Squad/Parts/CompoundParts/strutConnector/strutConnector/strutConnector
[LOG 17:49:26.168] Config(PART) Squad/Parts/Coupling/Decoupler_0/Decoupler_0
[LOG 17:49:26.168] Config(PART) Squad/Parts/Coupling/Decoupler_1/Decoupler_1
[LOG 17:49:26.168] Config(PART) Squad/Parts/Coupling/Decoupler_2/Decoupler_2
[LOG 17:49:26.168] Config(PART) Squad/Parts/Coupling/Decoupler_3/Decoupler_3
[LOG 17:49:26.168] Config(PART) Squad/Parts/Coupling/Separator_0/Separator_0
[LOG 17:49:26.168] Config(PART) Squad/Parts/Coupling/Separator_1/Separator_1
[LOG 17:49:26.168] Config(PART) Squad/Parts/Coupling/Separator_2/Separator_2
[LOG 17:49:26.168] Config(PART) Squad/Parts/Coupling/Separator_3/Separator_3
[LOG 17:49:26.168] Config(PART) Squad/Parts/Electrical/10CSolarPanels/OX-10C/solarPanelOX10C
[LOG 17:49:26.168] Config(PART) Squad/Parts/Electrical/10CSolarPanels/SP-10C/solarPanelSP10C
[LOG 17:49:26.168] Config(PART) Squad/Parts/Electrical/10LSolarPanels/OX-10L/solarPanelOX10L
[LOG 17:49:26.168] Config(PART) Squad/Parts/Electrical/10LSolarPanels/SP-10L/solarPanelSP10L
[LOG 17:49:26.168] Config(PART) Squad/Parts/Electrical/1x6ShroudSolarPanels/1x6ShroudSolarPanels/solarPanels2
[LOG 17:49:26.168] Config(PART) Squad/Parts/Electrical/1x6SolarPanels/1x6SolarPanels/solarPanels4
[LOG 17:49:26.168] Config(PART) Squad/Parts/Electrical/3x2ShroudSolarPanels/3x2ShroudSolarPanels/solarPanels1
[LOG 17:49:26.168] Config(PART) Squad/Parts/Electrical/3x2SolarPanels/3x2SolarPanels/solarPanels3
[LOG 17:49:26.168] Config(PART) Squad/Parts/Electrical/gigantorXlSolarArray/gigantorXlSolarArray/largeSolarPanel
[LOG 17:49:26.168] Config(PART) Squad/Parts/Electrical/radialFlatSolarPanel/radialFlatSolarPanel/solarPanels5
[LOG 17:49:26.168] Config(PART) Squad/Parts/Electrical/RTG/RTG/rtg
[LOG 17:49:26.168] Config(PART) Squad/Parts/Electrical/z-100Battery/z-100Battery/batteryPack
[LOG 17:49:26.168] Config(PART) Squad/Parts/Electrical/z-1kBattery/z-1kBattery/batteryBank
[LOG 17:49:26.168] Config(PART) Squad/Parts/Electrical/z-200Battery/z-200Battery/batteryBankMini
[LOG 17:49:26.168] Config(PART) Squad/Parts/Electrical/z-400Battery/z-400Battery/ksp_r_largeBatteryPack
[LOG 17:49:26.168] Config(PART) Squad/Parts/Electrical/z-4kBattery/z-4kBattery/batteryBankLarge
[LOG 17:49:26.168] Config(PART) Squad/Parts/Engine/ionEngine/ionEngine/ionEngine
[LOG 17:49:26.169] Config(PART) Squad/Parts/Engine/jetEngines/jetEngineAfterburning/turboJet
[LOG 17:49:26.169] Config(PART) Squad/Parts/Engine/jetEngines/jetEngineBasic/JetEngine
[LOG 17:49:26.169] Config(PART) Squad/Parts/Engine/jetEngines/jetEngineBig/turboFanSize2
[LOG 17:49:26.169] Config(PART) Squad/Parts/Engine/jetEngines/jetEngineTurbo/turboFanEngine
[LOG 17:49:26.169] Config(PART) Squad/Parts/Engine/liquidEngine24-77/liquidEngine24-77/smallRadialEngine
[LOG 17:49:26.169] Config(PART) Squad/Parts/Engine/liquidEngine24-77_v2/liquidEngine24-77_v2/smallRadialEngine_v2
[LOG 17:49:26.169] Config(PART) Squad/Parts/Engine/liquidEngine48-7S_v2/liquidEngine48-7S_v2/liquidEngineMini_v2
[LOG 17:49:26.169] Config(PART) Squad/Parts/Engine/liquidEngineAerospike/liquidEngineAerospike/toroidalAerospike
[LOG 17:49:26.169] Config(PART) Squad/Parts/Engine/liquidEngineLV-1_v2/liquidEngineLV-1R _v2/radialEngineMini_v2
[LOG 17:49:26.169] Config(PART) Squad/Parts/Engine/liquidEngineLV-1_v2/liquidEngineLV-1_v2/microEngine_v2
[LOG 17:49:26.169] Config(PART) Squad/Parts/Engine/liquidEngineLV-909_v2/liquidEngineLV-909_v2/liquidEngine3_v2
[LOG 17:49:26.169] Config(PART) Squad/Parts/Engine/liquidEngineLV-N/liquidEngineLV-N/nuclearEngine
[LOG 17:49:26.169] Config(PART) Squad/Parts/Engine/liquidEngineLV-T30/liquidEngineLV-T30/liquidEngine
[LOG 17:49:26.169] Config(PART) Squad/Parts/Engine/liquidEngineLV-T30_v2/liquidEngineLV-T30_v2/liquidEngine_v2
[LOG 17:49:26.169] Config(PART) Squad/Parts/Engine/liquidEngineLV-T45/liquidEngineLV-T45/liquidEngine2
[LOG 17:49:26.169] Config(PART) Squad/Parts/Engine/liquidEngineLV-T45_v2/liquidEngineLV-T45_v2/liquidEngine2_v2
[LOG 17:49:26.169] Config(PART) Squad/Parts/Engine/liquidEngineMainsail_v2/liquidEngineMainsail_v2/liquidEngineMainsail_v2
[LOG 17:49:26.169] Config(PART) Squad/Parts/Engine/liquidEngineMk55/liquidEngineMk55/radialLiquidEngine1-2
[LOG 17:49:26.169] Config(PART) Squad/Parts/Engine/liquidEnginePoodle_v2/liquidEnginePoodle_v2/liquidEngine2-2_v2
[LOG 17:49:26.169] Config(PART) Squad/Parts/Engine/liquidEngineSkipper_v2/skipperLiquidEngine_v2/engineLargeSkipper_v2
[LOG 17:49:26.169] Config(PART) Squad/Parts/Engine/liquidEngineSSME/SSME/SSME
[LOG 17:49:26.169] Config(PART) Squad/Parts/Engine/MassiveSRB/part/MassiveBooster
[LOG 17:49:26.169] Config(PART) Squad/Parts/Engine/miniJet/SmallJetEngine/miniJetEngine
[LOG 17:49:26.170] Config(PART) Squad/Parts/Engine/OMSEngine/omsEngine/omsEngine
[LOG 17:49:26.170] Config(PART) Squad/Parts/Engine/rapierEngine/rapierEngine/RAPIER
[LOG 17:49:26.170] Config(PART) Squad/Parts/Engine/Size1_SRBs/solidBoosterRT-10_v2/solidBooster_v2
[LOG 17:49:26.170] Config(PART) Squad/Parts/Engine/Size1_SRBs/solidBoosterRT-5_v2/solidBooster_sm_v2
[LOG 17:49:26.170] Config(PART) Squad/Parts/Engine/Size2LFB/part/Size2LFB
[LOG 17:49:26.170] Config(PART) Squad/Parts/Engine/Size2LFB_v2/part/Size2LFB_v2
[LOG 17:49:26.170] Config(PART) Squad/Parts/Engine/Size3AdvancedEngine/part/Size3AdvancedEngine
[LOG 17:49:26.170] Config(PART) Squad/Parts/Engine/Size3EngineCluster/part/Size3EngineCluster
[LOG 17:49:26.170] Config(PART) Squad/Parts/Engine/solidBoosterBACC/solidBoosterBACC/solidBooster1-1
[LOG 17:49:26.170] Config(PART) Squad/Parts/Engine/solidBoosterS2-17/solidBoosterS2-17/Thoroughbred
[LOG 17:49:26.170] Config(PART) Squad/Parts/Engine/solidBoosterS2-33/solidBoosterS2-33/Clydesdale
[LOG 17:49:26.170] Config(PART) Squad/Parts/Engine/solidBoosterSep/solidBoosterSep/sepMotor1
[LOG 17:49:26.170] Config(PART) Squad/Parts/Engine/SolidBoostersF/SolidBoosterF3S0/Shrimp
[LOG 17:49:26.170] Config(PART) Squad/Parts/Engine/SolidBoostersF/SolidBoosterFM1/Mite
[LOG 17:49:26.170] Config(PART) Squad/Parts/FuelTank/adapterTanks/Mk3-Mk2/adapterMk3-Mk2
[LOG 17:49:26.170] Config(PART) Squad/Parts/FuelTank/adapterTanks/Mk3-ShuttleAdapter/adapterEngines
[LOG 17:49:26.170] Config(PART) Squad/Parts/FuelTank/adapterTanks/Mk3-Size2/adapterMk3-Size2
[LOG 17:49:26.170] Config(PART) Squad/Parts/FuelTank/adapterTanks/Mk3-Size2Slant/adapterMk3-Size2Slant
[LOG 17:49:26.170] Config(PART) Squad/Parts/FuelTank/adapterTanks/Size2-Mk2/adapterSize2-Mk2
[LOG 17:49:26.170] Config(PART) Squad/Parts/FuelTank/adapterTanks/Size2-Size1/adapterSize2-Size1
[LOG 17:49:26.170] Config(PART) Squad/Parts/FuelTank/adapterTanks/Size2-Size1Slant/adapterSize2-Size1Slant
[LOG 17:49:26.170] Config(PART) Squad/Parts/FuelTank/adapterTanks/Size3-Mk3/adapterSize3-Mk3
[LOG 17:49:26.170] Config(PART) Squad/Parts/FuelTank/drainTankFTE-1/ReleaseValve/ReleaseValve
[LOG 17:49:26.170] Config(PART) Squad/Parts/FuelTank/FoilTanks/RadialTank_Capsule/externalTankCapsule
[LOG 17:49:26.170] Config(PART) Squad/Parts/FuelTank/FoilTanks/RadialTank_Round/externalTankRound
[LOG 17:49:26.171] Config(PART) Squad/Parts/FuelTank/FoilTanks/ToroidTank/externalTankToroid
[LOG 17:49:26.171] Config(PART) Squad/Parts/FuelTank/fuelTankOscarB/fuelTankOscarB/miniFuelTank
[LOG 17:49:26.171] Config(PART) Squad/Parts/FuelTank/miniFuselage/miniFuselage/miniFuselage
[LOG 17:49:26.171] Config(PART) Squad/Parts/FuelTank/mk2Adapters/bicoupler/mk2_1m_Bicoupler
[LOG 17:49:26.171] Config(PART) Squad/Parts/FuelTank/mk2Adapters/long/mk2_1m_AdapterLong
[LOG 17:49:26.171] Config(PART) Squad/Parts/FuelTank/mk2Adapters/standard/mk2SpacePlaneAdapter
[LOG 17:49:26.171] Config(PART) Squad/Parts/FuelTank/mk2FuselageLong/LFO_long/mk2FuselageLongLFO
[LOG 17:49:26.171] Config(PART) Squad/Parts/FuelTank/mk2FuselageLong/L_long/mk2Fuselage
[LOG 17:49:26.171] Config(PART) Squad/Parts/FuelTank/mk2FuselageShort/LFO_short/mk2FuselageShortLFO
[LOG 17:49:26.171] Config(PART) Squad/Parts/FuelTank/mk2FuselageShort/L_short/mk2FuselageShortLiquid
[LOG 17:49:26.171] Config(PART) Squad/Parts/FuelTank/mk2FuselageShort/Mono_short/mk2FuselageShortMono
[LOG 17:49:26.171] Config(PART) Squad/Parts/FuelTank/mk3Fuselage/CREW/mk3CrewCabin
[LOG 17:49:26.171] Config(PART) Squad/Parts/FuelTank/mk3Fuselage/LFO_100/mk3FuselageLFO_100
[LOG 17:49:26.171] Config(PART) Squad/Parts/FuelTank/mk3Fuselage/LFO_25/mk3FuselageLFO_25
[LOG 17:49:26.171] Config(PART) Squad/Parts/FuelTank/mk3Fuselage/LFO_50/mk3FuselageLFO_50
[LOG 17:49:26.171] Config(PART) Squad/Parts/FuelTank/mk3Fuselage/LF_100/mk3FuselageLF_100
[LOG 17:49:26.171] Config(PART) Squad/Parts/FuelTank/mk3Fuselage/LF_25/mk3FuselageLF_25
[LOG 17:49:26.171] Config(PART) Squad/Parts/FuelTank/mk3Fuselage/LF_50/mk3FuselageLF_50
[LOG 17:49:26.171] Config(PART) Squad/Parts/FuelTank/mk3Fuselage/MONO/mk3FuselageMONO
[LOG 17:49:26.171] Config(PART) Squad/Parts/FuelTank/RCSFuelTankR1/RCSFuelTankR1/RCSTank1-2
[LOG 17:49:26.171] Config(PART) Squad/Parts/FuelTank/RCSFuelTankR10/RCSFuelTankR10/rcsTankMini
[LOG 17:49:26.171] Config(PART) Squad/Parts/FuelTank/RCSFuelTankR25/RCSFuelTankR25/RCSFuelTank
[LOG 17:49:26.171] Config(PART) Squad/Parts/FuelTank/RCSTankRadial/radialRCSTank/radialRCSTank
[LOG 17:49:26.171] Config(PART) Squad/Parts/FuelTank/RCStankRadialLong/RCSTankRadialLong/rcsTankRadialLong
[LOG 17:49:26.171] Config(PART) Squad/Parts/FuelTank/RockomaxTanks/Rockomax16/Rockomax16_BW
[LOG 17:49:26.171] Config(PART) Squad/Parts/FuelTank/RockomaxTanks/Rockomax32/Rockomax32_BW
[LOG 17:49:26.171] Config(PART) Squad/Parts/FuelTank/RockomaxTanks/Rockomax64/Rockomax64_BW
[LOG 17:49:26.171] Config(PART) Squad/Parts/FuelTank/RockomaxTanks/Rockomax8/Rockomax8BW
[LOG 17:49:26.171] Config(PART) Squad/Parts/FuelTank/Size1_Tanks/fuelTankT100/fuelTankSmallFlat
[LOG 17:49:26.172] Config(PART) Squad/Parts/FuelTank/Size1_Tanks/fuelTankT200/fuelTankSmall
[LOG 17:49:26.172] Config(PART) Squad/Parts/FuelTank/Size1_Tanks/fuelTankT400/fuelTank
[LOG 17:49:26.172] Config(PART) Squad/Parts/FuelTank/Size1_Tanks/fuelTankT800/fuelTank_long
[LOG 17:49:26.172] Config(PART) Squad/Parts/FuelTank/Size3Tanks/large/Size3LargeTank
[LOG 17:49:26.172] Config(PART) Squad/Parts/FuelTank/Size3Tanks/medium/Size3MediumTank
[LOG 17:49:26.172] Config(PART) Squad/Parts/FuelTank/Size3Tanks/small/Size3SmallTank
[LOG 17:49:26.172] Config(PART) Squad/Parts/FuelTank/xenonTank/xenonTank/xenonTank
[LOG 17:49:26.172] Config(PART) Squad/Parts/FuelTank/xenonTankLarge/xenonTankLarge/xenonTankLarge
[LOG 17:49:26.172] Config(PART) Squad/Parts/FuelTank/xenonTankRadial/xenonTankRadial/xenonTankRadial
[LOG 17:49:26.172] Config(PART) Squad/Parts/Misc/AsteroidDay/CamSat/InfraredTelescope
[LOG 17:49:26.172] Config(PART) Squad/Parts/Misc/AsteroidDay/HECS2/HECS2_ProbeCore
[LOG 17:49:26.172] Config(PART) Squad/Parts/Misc/AsteroidDay/HighGainAntenna/HighGainAntenna
[LOG 17:49:26.172] Config(PART) Squad/Parts/Misc/AsteroidDay/LgRadialSolar/LgRadialSolarPanel
[LOG 17:49:26.172] Config(PART) Squad/Parts/Misc/PotatoComet/part/PotatoComet
[LOG 17:49:26.172] Config(PART) Squad/Parts/Misc/PotatoRoid/part/PotatoRoid
[LOG 17:49:26.172] Config(PART) Squad/Parts/Prebuilt/flag/flag
[LOG 17:49:26.172] Config(PART) Squad/Parts/Prebuilt/kerbalEVA/kerbalEVA
[LOG 17:49:26.172] Config(PART) Squad/Parts/Prebuilt/kerbalEVAfemale/kerbalEVAfemale
[LOG 17:49:26.172] Config(PART) Squad/Parts/Prebuilt/kerbalEVASlimSuit/kerbalEVASlimSuit
[LOG 17:49:26.172] Config(PART) Squad/Parts/Prebuilt/kerbalEVASlimSuitFemale/kerbalEVASlimSuitFemale
[LOG 17:49:26.172] Config(PART) Squad/Parts/Resources/FuelCell/FuelCell/FuelCell
[LOG 17:49:26.172] Config(PART) Squad/Parts/Resources/FuelCell/FuelCellArray/FuelCellArray
[LOG 17:49:26.172] Config(PART) Squad/Parts/Resources/ISRU/ISRU/ISRU
[LOG 17:49:26.172] Config(PART) Squad/Parts/Resources/LargeTank/LargeTank/LargeTank
[LOG 17:49:26.172] Config(PART) Squad/Parts/Resources/MiniDrill/MiniDrill/MiniDrill
[LOG 17:49:26.172] Config(PART) Squad/Parts/Resources/MiniISRU/MiniISRU/MiniISRU
[LOG 17:49:26.172] Config(PART) Squad/Parts/Resources/OrbitalScanner/OrbitalScanner/OrbitalScanner
[LOG 17:49:26.173] Config(PART) Squad/Parts/Resources/RadialDrill/RadialDrill/RadialDrill
[LOG 17:49:26.173] Config(PART) Squad/Parts/Resources/RadialTank/RadialTank/RadialOreTank
[LOG 17:49:26.173] Config(PART) Squad/Parts/Resources/SmallTank/SmallTank/SmallTank
[LOG 17:49:26.173] Config(PART) Squad/Parts/Resources/SurfaceScanner/SurfaceScanner/SurfaceScanner
[LOG 17:49:26.173] Config(PART) Squad/Parts/Resources/SurveyScanner/SurveyScanner/SurveyScanner
[LOG 17:49:26.173] Config(PART) Squad/Parts/Science/AtmosphereSensor/sensorAtmosphere/sensorAtmosphere
[LOG 17:49:26.173] Config(PART) Squad/Parts/Science/GooExperiment/gooExperiment/GooExperiment
[LOG 17:49:26.173] Config(PART) Squad/Parts/Science/LargeCrewedLab/largeCrewedLab/Large_Crewed_Lab
[LOG 17:49:26.173] Config(PART) Squad/Parts/Science/Magnetometer/Magnetometer/Magnetometer
[LOG 17:49:26.173] Config(PART) Squad/Parts/Science/MaterialBay/materialBay/science_module
[LOG 17:49:26.173] Config(PART) Squad/Parts/Science/ScienceBox/ScienceBox/ScienceBox
[LOG 17:49:26.173] Config(PART) Squad/Parts/Science/sensorAccelerometer/sensorAccelerometer/sensorAccelerometer
[LOG 17:49:26.173] Config(PART) Squad/Parts/Science/sensorBarometer/sensorBarometer/sensorBarometer
[LOG 17:49:26.173] Config(PART) Squad/Parts/Science/sensorGravimeter/sensorGravimeter/sensorGravimeter
[LOG 17:49:26.173] Config(PART) Squad/Parts/Science/sensorThermometer/sensorThermometer/sensorThermometer
[LOG 17:49:26.173] Config(PART) Squad/Parts/Structural/FLAdapters/adapterSmallMiniShort/adapterSmallMiniShort
[LOG 17:49:26.173] Config(PART) Squad/Parts/Structural/FLAdapters/adapterSmallMiniTall/adapterSmallMiniTall
[LOG 17:49:26.173] Config(PART) Squad/Parts/Structural/mk1Parts/engineBodyRadial/radialEngineBody
[LOG 17:49:26.173] Config(PART) Squad/Parts/Structural/mk1Parts/engineNacelle/nacelleBody
[LOG 17:49:26.173] Config(PART) Squad/Parts/Structural/mk1Parts/mk1Fuselage/MK1Fuselage
[LOG 17:49:26.173] Config(PART) Squad/Parts/Structural/mk1Parts/mk1FuselageIntake/MK1IntakeFuselage
[LOG 17:49:26.173] Config(PART) Squad/Parts/Structural/mk1Parts/mk1Structural/Mk1FuselageStructural
[LOG 17:49:26.173] Config(PART) Squad/Parts/Structural/Size3To2Adapter_v2/Size2to3_v2/Size3To2Adapter_v2
[LOG 17:49:26.173] Config(PART) Squad/Parts/Structural/stackAdapters/adapterLargeSmallBi/adapterLargeSmallBi
[LOG 17:49:26.173] Config(PART) Squad/Parts/Structural/stackAdapters/adapterLargeSmallQuad/adapterLargeSmallQuad
[LOG 17:49:26.173] Config(PART) Squad/Parts/Structural/stackAdapters/adapterLargeSmallTri/adapterLargeSmallTri
[LOG 17:49:26.174] Config(PART) Squad/Parts/Structural/stationHub/stationHub/stationHub
[LOG 17:49:26.174] Config(PART) Squad/Parts/Structural/structuralIBeam200/structuralIBeam200/structuralIBeam2
[LOG 17:49:26.174] Config(PART) Squad/Parts/Structural/structuralIBeam200Pocket/structuralIBeam200Pocket/structuralIBeam3
[LOG 17:49:26.174] Config(PART) Squad/Parts/Structural/structuralIBeam650/structuralIBeam650/structuralIBeam1
[LOG 17:49:26.174] Config(PART) Squad/Parts/Structural/structuralMicronode/structuralMicronode/structuralMiniNode
[LOG 17:49:26.174] Config(PART) Squad/Parts/Structural/structuralPanel1x1/structuralPanel1x1/structuralPanel1
[LOG 17:49:26.174] Config(PART) Squad/Parts/Structural/structuralPanel2x2/structuralPanel2x2/structuralPanel2
[LOG 17:49:26.174] Config(PART) Squad/Parts/Structural/structuralPylons/smallHardpoint/smallHardpoint
[LOG 17:49:26.174] Config(PART) Squad/Parts/Structural/structuralPylons/structuralPylon/structuralPylon
[LOG 17:49:26.174] Config(PART) Squad/Parts/Structural/strutCubicOcto/strutCubicOcto/strutCube
[LOG 17:49:26.174] Config(PART) Squad/Parts/Structural/strutOcto/strutOcto/strutOcto
[LOG 17:49:26.174] Config(PART) Squad/Parts/Structural/trussGirderAdapter/trussGirderAdapter/trussAdapter
[LOG 17:49:26.174] Config(PART) Squad/Parts/Structural/trussGirderL/trussGirderL/trussPiece1x
[LOG 17:49:26.174] Config(PART) Squad/Parts/Structural/trussGirderXL/trussGirderXL/trussPiece3x
[LOG 17:49:26.174] Config(PART) Squad/Parts/Thermal/FoldingRadiators/foldingRadLarge/foldingRadLarge
[LOG 17:49:26.174] Config(PART) Squad/Parts/Thermal/FoldingRadiators/foldingRadMed/foldingRadMed
[LOG 17:49:26.174] Config(PART) Squad/Parts/Thermal/FoldingRadiators/foldingRadSmall/foldingRadSmall
[LOG 17:49:26.174] Config(PART) Squad/Parts/Thermal/RadiatorPanels/radPanelEdge/radPanelEdge
[LOG 17:49:26.174] Config(PART) Squad/Parts/Thermal/RadiatorPanels/radPanelLg/radPanelLg
[LOG 17:49:26.174] Config(PART) Squad/Parts/Thermal/RadiatorPanels/radPanelSm/radPanelSm
[LOG 17:49:26.174] Config(PART) Squad/Parts/Utility/commDish88-88/commDish88-88/commDish
[LOG 17:49:26.174] Config(PART) Squad/Parts/Utility/commsAntennaDTS-M1/commsAntennaDTS-M1/mediumDishAntenna
[LOG 17:49:26.174] Config(PART) Squad/Parts/Utility/commsDish16/commsAntenna16/longAntenna
[LOG 17:49:26.174] Config(PART) Squad/Parts/Utility/decouplerRadialHDM/decouplerRadialHDM/radialDecoupler1-2
[LOG 17:49:26.174] Config(PART) Squad/Parts/Utility/decouplerRadialTT-38K/decouplerRadialTT-38K/radialDecoupler
[LOG 17:49:26.174] Config(PART) Squad/Parts/Utility/decouplerRadialTT-70/decouplerRadialTT-70/radialDecoupler2
[LOG 17:49:26.174] Config(PART) Squad/Parts/Utility/DirectAntennas/C16S/SurfAntenna
[LOG 17:49:26.174] Config(PART) Squad/Parts/Utility/DirectAntennas/HG-5/HighGainAntenna5
[LOG 17:49:26.175] Config(PART) Squad/Parts/Utility/DirectAntennas/HG-5_v2/HighGainAntenna5_v2
[LOG 17:49:26.175] Config(PART) Squad/Parts/Utility/dockingPort/dockingPort/dockingPort2
[LOG 17:49:26.175] Config(PART) Squad/Parts/Utility/dockingPortInline/dockingPortInline/dockingPortLateral
[LOG 17:49:26.175] Config(PART) Squad/Parts/Utility/dockingPortJr/dockingPortJr/dockingPort3
[LOG 17:49:26.175] Config(PART) Squad/Parts/Utility/dockingPortShielded/dockingPortShielded/dockingPort1
[LOG 17:49:26.175] Config(PART) Squad/Parts/Utility/dockingPortSr/dockingPortSr/dockingPortLarge
[LOG 17:49:26.175] Config(PART) Squad/Parts/Utility/Fireworks/fireworksLauncherBig/fireworksLauncherBig
[LOG 17:49:26.175] Config(PART) Squad/Parts/Utility/Fireworks/fireworksLauncherSmall/fireworksLauncherSmall
[LOG 17:49:26.175] Config(PART) Squad/Parts/Utility/flags/flagFlat/flagFlat/flagPartFlat
[LOG 17:49:26.175] Config(PART) Squad/Parts/Utility/flags/flagSize0/flagSize0/flagPartSize0
[LOG 17:49:26.175] Config(PART) Squad/Parts/Utility/flags/flagSize1/flagSize1/flagPartSize1
[LOG 17:49:26.175] Config(PART) Squad/Parts/Utility/flags/flagSize2/flagSize2/flagPartSize2
[LOG 17:49:26.175] Config(PART) Squad/Parts/Utility/flags/flagSize3/flagSize3/flagPartSize3
[LOG 17:49:26.175] Config(PART) Squad/Parts/Utility/GrapplingDevice/part/GrapplingDevice
[LOG 17:49:26.175] Config(PART) Squad/Parts/Utility/ladderRadial/ladderRadial/ladder1
[LOG 17:49:26.175] Config(PART) Squad/Parts/Utility/ladderTelescopic/ladderTelescopic/telescopicLadder
[LOG 17:49:26.175] Config(PART) Squad/Parts/Utility/ladderTelescopicBay/ladderTelescopicBay/telescopicLadderBay
[LOG 17:49:26.175] Config(PART) Squad/Parts/Utility/landingLegLT-1/landingLegLT-1/landingLeg1
[LOG 17:49:26.175] Config(PART) Squad/Parts/Utility/landingLegLT-2/landingLegLT-2/landingLeg1-2
[LOG 17:49:26.175] Config(PART) Squad/Parts/Utility/landingLegLT-5/landingLegLT-5/miniLandingLeg
[LOG 17:49:26.175] Config(PART) Squad/Parts/Utility/launchClamp1/launchClamp1/launchClamp1
[LOG 17:49:26.175] Config(PART) Squad/Parts/Utility/launchEscapeSystem/part/LaunchEscapeSystem
[LOG 17:49:26.175] Config(PART) Squad/Parts/Utility/Lights/domeLight1/domeLight1
[LOG 17:49:26.175] Config(PART) Squad/Parts/Utility/Lights/groundLight1/groundLight1
[LOG 17:49:26.175] Config(PART) Squad/Parts/Utility/Lights/groundLight2/groundLight2
[LOG 17:49:26.175] Config(PART) Squad/Parts/Utility/Lights/navLight1/navLight1
[LOG 17:49:26.176] Config(PART) Squad/Parts/Utility/Lights/spotLight1/spotLight3
[LOG 17:49:26.176] Config(PART) Squad/Parts/Utility/Lights/stripLight1/stripLight1
[LOG 17:49:26.176] Config(PART) Squad/Parts/Utility/linearVernorRCS/linearRCS/linearRcs
[LOG 17:49:26.176] Config(PART) Squad/Parts/Utility/linearVernorRCS/vernorEngine/vernierEngine
[LOG 17:49:26.176] Config(PART) Squad/Parts/Utility/mk2CargoBay/BayL/mk2CargoBayL
[LOG 17:49:26.176] Config(PART) Squad/Parts/Utility/mk2CargoBay/BayS/mk2CargoBayS
[LOG 17:49:26.176] Config(PART) Squad/Parts/Utility/mk2CrewCabin/mk2CrewCabin/mk2CrewCabin
[LOG 17:49:26.176] Config(PART) Squad/Parts/Utility/mk2DockingPort/mk2DockingPort/mk2DockingPort
[LOG 17:49:26.176] Config(PART) Squad/Parts/Utility/mk3CargoBay/long/mk3CargoBayL
[LOG 17:49:26.176] Config(PART) Squad/Parts/Utility/mk3CargoBay/medium/mk3CargoBayM
[LOG 17:49:26.176] Config(PART) Squad/Parts/Utility/mk3CargoBay/ramp/mk3CargoRamp
[LOG 17:49:26.176] Config(PART) Squad/Parts/Utility/mk3CargoBay/short/mk3CargoBayS
[LOG 17:49:26.176] Config(PART) Squad/Parts/Utility/parachuteMk1/parachuteMk1/parachuteSingle
[LOG 17:49:26.176] Config(PART) Squad/Parts/Utility/parachuteMk12-R/parachuteMk12-R/radialDrogue
[LOG 17:49:26.176] Config(PART) Squad/Parts/Utility/parachuteMk16-XL/parachuteMk16-XL/parachuteLarge
[LOG 17:49:26.176] Config(PART) Squad/Parts/Utility/parachuteMk2-R/parachuteMk2-R/parachuteRadial
[LOG 17:49:26.176] Config(PART) Squad/Parts/Utility/parachuteMk25/parachuteMk25/parachuteDrogue
[LOG 17:49:26.176] Config(PART) Squad/Parts/Utility/radialAttachmentPoint/radialAttachmentPoint/stackPoint1
[LOG 17:49:26.176] Config(PART) Squad/Parts/Utility/rcsBlockRV-105_v2/rcsBlockRV-105/RCSBlock_v2
[LOG 17:49:26.176] Config(PART) Squad/Parts/Utility/rcsBlockRV-105_v2/RCSblock_01_small/RCSblock_01_small
[LOG 17:49:26.176] Config(PART) Squad/Parts/Utility/rcsSmallLinear/RCSLinearSmall/RCSLinearSmall
[LOG 17:49:26.176] Config(PART) Squad/Parts/Utility/RelayAntennas/RA-100/RelayAntenna100
[LOG 17:49:26.176] Config(PART) Squad/Parts/Utility/RelayAntennas/RA-5/RelayAntenna5
[LOG 17:49:26.176] Config(PART) Squad/Parts/Utility/RelayAntennas/RA-50/RelayAntenna50
[LOG 17:49:26.176] Config(PART) Squad/Parts/Utility/rockomaxAdapters/largeAdapter/largeAdapter
[LOG 17:49:26.176] Config(PART) Squad/Parts/Utility/rockomaxAdapters/largeAdapterShort/largeAdapter2
[LOG 17:49:26.176] Config(PART) Squad/Parts/Utility/ServiceBay_v2/ServiceBay_125_v2/ServiceBay_125_v2
[LOG 17:49:26.177] Config(PART) Squad/Parts/Utility/ServiceBay_v2/ServiceBay_250_v2/ServiceBay_250_v2
[LOG 17:49:26.177] Config(PART) Squad/Parts/Utility/smallClaw/smallClaw/smallClaw
[LOG 17:49:26.177] Config(PART) Squad/Parts/Utility/spotLightMk1/spotLightMk1/spotLight1
[LOG 17:49:26.177] Config(PART) Squad/Parts/Utility/spotLightMk1_v2/spotLightMk1_v2/spotLight1_v2
[LOG 17:49:26.177] Config(PART) Squad/Parts/Utility/spotLightMk2/spotLightMk2/spotLight2
[LOG 17:49:26.177] Config(PART) Squad/Parts/Utility/spotLightMk2_v2/spotLightMk2_v2/spotLight2_v2
[LOG 17:49:26.177] Config(PART) Squad/Parts/Utility/stackCouplers/stackBiCoupler_v2/stackBiCoupler_v2
[LOG 17:49:26.177] Config(PART) Squad/Parts/Utility/stackCouplers/stackQuadCoupler/stackQuadCoupler
[LOG 17:49:26.177] Config(PART) Squad/Parts/Utility/stackCouplers/stackTriCoupler_v2/stackTriCoupler_v2
[LOG 17:49:26.177] Config(PART) Squad/Parts/Wheel/LandingGear/GearExtraLarge/GearLarge
[LOG 17:49:26.177] Config(PART) Squad/Parts/Wheel/LandingGear/GearFixed/GearFixed
[LOG 17:49:26.177] Config(PART) Squad/Parts/Wheel/LandingGear/GearFree/GearFree
[LOG 17:49:26.177] Config(PART) Squad/Parts/Wheel/LandingGear/GearLarge/GearMedium
[LOG 17:49:26.177] Config(PART) Squad/Parts/Wheel/LandingGear/GearMedium/GearSmall
[LOG 17:49:26.177] Config(PART) Squad/Parts/Wheel/LandingGear/GearSmall/SmallGearBay
[LOG 17:49:26.177] Config(PART) Squad/Parts/Wheel/roverWheelM1/roverWheelM1/roverWheel1
[LOG 17:49:26.177] Config(PART) Squad/Parts/Wheel/roverWheelS2/roverWheelS2/roverWheel2
[LOG 17:49:26.177] Config(PART) Squad/Parts/Wheel/roverWheelTR-2L/roverWheelTR-2L/wheelMed
[LOG 17:49:26.177] Config(PART) Squad/Parts/Wheel/roverWheelXL3/roverWheelXL3/roverWheel3
[LOG 17:49:26.177] Config(PROP) Squad/Props/AltimeterThreeHands/prop/AltimeterThreeHands
[LOG 17:49:26.177] Config(PROP) Squad/Props/AtmosphereDepth/prop/AtmosphereDepth
[LOG 17:49:26.177] Config(PROP) Squad/Props/AxisIndicator/pitchConfig/AxisIndicatorPitch
[LOG 17:49:26.178] Config(PROP) Squad/Props/AxisIndicator/rollConfig/AxisIndicatorRoll
[LOG 17:49:26.178] Config(PROP) Squad/Props/AxisIndicator/yawConfig/AxisIndicatorYaw
[LOG 17:49:26.178] Config(PROP) Squad/Props/buttonsGeneric/circularButton/genericCircularButton
[LOG 17:49:26.178] Config(PROP) Squad/Props/buttonsGeneric/clusterButtons/genericClusterButtons
[LOG 17:49:26.178] Config(PROP) Squad/Props/buttonsGeneric/clusterButtons2/genericClusterButtons2
[LOG 17:49:26.178] Config(PROP) Squad/Props/buttonsGeneric/clusterKnob/genericClusterKnobs
[LOG 17:49:26.178] Config(PROP) Squad/Props/buttonsGeneric/clusterKnob2/genericClusterKnobs2
[LOG 17:49:26.178] Config(PROP) Squad/Props/buttonsGeneric/clusterMixed/genericClusterMixed
[LOG 17:49:26.178] Config(PROP) Squad/Props/buttonsGeneric/clusterSwitches01/genericClusterSwitches01
[LOG 17:49:26.178] Config(PROP) Squad/Props/buttonsGeneric/clusterSwitches02/genericClusterSwitches02
[LOG 17:49:26.178] Config(PROP) Squad/Props/buttonsGeneric/clusterSwitches03/genericClusterSwitches03
[LOG 17:49:26.178] Config(PROP) Squad/Props/buttonsGeneric/clusterSwitches04/genericClusterSwitches04
[LOG 17:49:26.178] Config(PROP) Squad/Props/buttonsGeneric/clusterSwitches05/genericClusterSwitches05
[LOG 17:49:26.178] Config(PROP) Squad/Props/buttonsGeneric/clusterSwitches06/genericClusterSwitches06
[LOG 17:49:26.178] Config(PROP) Squad/Props/buttonsGeneric/clusterSwitches07/genericClusterSwitches07
[LOG 17:49:26.178] Config(PROP) Squad/Props/buttonsGeneric/directionalKnob/genericDirectionalKnob
[LOG 17:49:26.178] Config(PROP) Squad/Props/buttonsGeneric/directionalKnob2/genericDirectionalKnob2
[LOG 17:49:26.178] Config(PROP) Squad/Props/buttonsGeneric/pullSwitch/genericPullSwitch
[LOG 17:49:26.178] Config(PROP) Squad/Props/buttonsGeneric/squareButton/genericSquareButton
[LOG 17:49:26.178] Config(PROP) Squad/Props/buttonsGeneric/standingSwitch/genericStandingSwitch
[LOG 17:49:26.178] Config(PROP) Squad/Props/buttonsGeneric/switch/genericSwitch
[LOG 17:49:26.178] Config(PROP) Squad/Props/buttonsGeneric/switchWithGuards/genericSwitchWithGuards
[LOG 17:49:26.178] Config(PROP) Squad/Props/ButtonSquare/prop/ButtonSquare
[LOG 17:49:26.178] Config(PROP) Squad/Props/circularButton/prop/circularButton
[LOG 17:49:26.178] Config(PROP) Squad/Props/Compass/prop/Compass
[LOG 17:49:26.178] Config(PROP) Squad/Props/directionalKnob/prop/directionalKnob
[LOG 17:49:26.178] Config(PROP) Squad/Props/directionalKnob2/prop/directionalKnob2
[LOG 17:49:26.178] Config(PROP) Squad/Props/IndicatorPanel/prop/IndicatorPanel
[LOG 17:49:26.178] Config(PROP) Squad/Props/IVANavBall/prop/NavBall
[LOG 17:49:26.178] Config(PROP) Squad/Props/IVANavBallNoBase/prop/NavBallNoBase
[LOG 17:49:26.179] Config(PROP) Squad/Props/ledPanelSpeed/prop/ledPanelSpeed
[LOG 17:49:26.179] Config(PROP) Squad/Props/Monitor/DockingMode/MonitorDockingMode
[LOG 17:49:26.179] Config(PROP) Squad/Props/NavBall/prop/NavBall
[LOG 17:49:26.179] Config(PROP) Squad/Props/PropsGeneric/Button_DockingMode/Button_DockingMode
[LOG 17:49:26.179] Config(PROP) Squad/Props/PropsGeneric/CargoBagA/CargoBagA
[LOG 17:49:26.179] Config(PROP) Squad/Props/PropsGeneric/CargoBagB/CargoBagB
[LOG 17:49:26.179] Config(PROP) Squad/Props/PropsGeneric/CargoBagC/CargoBagC
[LOG 17:49:26.179] Config(PROP) Squad/Props/PropsGeneric/Hatch_Plane/Hatch_Plane
[LOG 17:49:26.179] Config(PROP) Squad/Props/PropsGeneric/Hatch_Plane_Curve90/Hatch_Plane_Curve90
[LOG 17:49:26.179] Config(PROP) Squad/Props/PropsGeneric/Hatch_Plane_Frame/Hatch_Plane_Frame
[LOG 17:49:26.179] Config(PROP) Squad/Props/PropsGeneric/Seat_Passenger/Seat_Passenger
[LOG 17:49:26.179] Config(PROP) Squad/Props/PropsGeneric/Seat_Pilot/Seat_Pilot
[LOG 17:49:26.179] Config(PROP) Squad/Props/PropsGeneric/Seat_Pilot_Helmet/Seat_Pilot_Helmet
[LOG 17:49:26.179] Config(PROP) Squad/Props/PropsGeneric/SideStick/SideStick
[LOG 17:49:26.179] Config(PROP) Squad/Props/pullSwitch/prop/pullSwitch
[LOG 17:49:26.179] Config(PROP) Squad/Props/radarAltitude/prop/RadarAltimeter
[LOG 17:49:26.179] Config(PROP) Squad/Props/squareButton/prop/squareButton
[LOG 17:49:26.179] Config(PROP) Squad/Props/standingSwitch/prop/standingSwitch
[LOG 17:49:26.179] Config(PROP) Squad/Props/switch/prop/switch
[LOG 17:49:26.179] Config(PROP) Squad/Props/switchGuard/prop/switchGuard
[LOG 17:49:26.179] Config(PROP) Squad/Props/switchWithGuards/prop/switchWithGuards
[LOG 17:49:26.179] Config(PROP) Squad/Props/throttle/prop/throttle
[LOG 17:49:26.179] Config(PROP) Squad/Props/VSI/prop/VSI
[LOG 17:49:26.179] Config(SPACEOBJECTS_LIMITS) Squad/Resources/CometDefs/SPACEOBJECTS_LIMITS
[LOG 17:49:26.179] Config(COMET_MANAGER) Squad/Resources/CometDefs/COMET_MANAGER
[LOG 17:49:26.179] Config(COMET_ORBIT_TYPE) Squad/Resources/CometDefs/short
[LOG 17:49:26.179] Config(COMET_ORBIT_TYPE) Squad/Resources/CometDefs/intermediate
[LOG 17:49:26.179] Config(COMET_ORBIT_TYPE) Squad/Resources/CometDefs/long
[LOG 17:49:26.179] Config(COMET_ORBIT_TYPE) Squad/Resources/CometDefs/interstellar
[LOG 17:49:26.180] Config(FIREWORKFX_DEFINITION) Squad/Resources/FireworkFXDefinitions/classicTrail
[LOG 17:49:26.180] Config(FIREWORKFX_DEFINITION) Squad/Resources/FireworkFXDefinitions/whirlyTrail
[LOG 17:49:26.180] Config(FIREWORKFX_DEFINITION) Squad/Resources/FireworkFXDefinitions/strobeTrail
[LOG 17:49:26.180] Config(FIREWORKFX_DEFINITION) Squad/Resources/FireworkFXDefinitions/bareTrail
[LOG 17:49:26.180] Config(FIREWORKFX_DEFINITION) Squad/Resources/FireworkFXDefinitions/classicBurst
[LOG 17:49:26.180] Config(FIREWORKFX_DEFINITION) Squad/Resources/FireworkFXDefinitions/chrysBurst
[LOG 17:49:26.180] Config(FIREWORKFX_DEFINITION) Squad/Resources/FireworkFXDefinitions/palmBurst
[LOG 17:49:26.180] Config(FIREWORKFX_DEFINITION) Squad/Resources/FireworkFXDefinitions/ringBurst
[LOG 17:49:26.180] Config(FIREWORKFX_DEFINITION) Squad/Resources/FireworkFXDefinitions/crosetteBurst
[LOG 17:49:26.180] Config(FIREWORKFX_DEFINITION) Squad/Resources/FireworkFXDefinitions/willowBurst
[LOG 17:49:26.180] Config(FIREWORKFX_DEFINITION) Squad/Resources/FireworkFXDefinitions/crackeBurst
[LOG 17:49:26.180] Config(FIREWORKFX_DEFINITION) Squad/Resources/FireworkFXDefinitions/palmCrackleBurst
[LOG 17:49:26.180] Config(FIREWORKFX_DEFINITION) Squad/Resources/FireworkFXDefinitions/dragonBurst
[LOG 17:49:26.180] Config(GLOBAL_RESOURCE) Squad/Resources/Ore/GLOBAL_RESOURCE
[LOG 17:49:26.180] Config(PLANETARY_RESOURCE) Squad/Resources/Ore/PLANETARY_RESOURCE
[LOG 17:49:26.180] Config(PLANETARY_RESOURCE) Squad/Resources/Ore/PLANETARY_RESOURCE
[LOG 17:49:26.180] Config(RESOURCE_OVERLAY_CONFIGURATION_SOLID) Squad/Resources/Overlay/RESOURCE_OVERLAY_CONFIGURATION_SOLID
[LOG 17:49:26.180] Config(RESOURCE_OVERLAY_CONFIGURATION_LINES) Squad/Resources/Overlay/RESOURCE_OVERLAY_CONFIGURATION_LINES
[LOG 17:49:26.180] Config(RESOURCE_OVERLAY_CONFIGURATION_DOTS) Squad/Resources/Overlay/RESOURCE_OVERLAY_CONFIGURATION_DOTS
[LOG 17:49:26.180] Config(RESOURCE_CONFIGURATION) Squad/Resources/ResourceDefaults/RESOURCE_CONFIGURATION
[LOG 17:49:26.180] Config(RESOURCE_DEFINITION) Squad/Resources/ResourcesGeneric/LiquidFuel
[LOG 17:49:26.180] Config(RESOURCE_DEFINITION) Squad/Resources/ResourcesGeneric/Oxidizer
[LOG 17:49:26.180] Config(RESOURCE_DEFINITION) Squad/Resources/ResourcesGeneric/SolidFuel
[LOG 17:49:26.180] Config(RESOURCE_DEFINITION) Squad/Resources/ResourcesGeneric/MonoPropellant
[LOG 17:49:26.180] Config(RESOURCE_DEFINITION) Squad/Resources/ResourcesGeneric/XenonGas
[LOG 17:49:26.180] Config(RESOURCE_DEFINITION) Squad/Resources/ResourcesGeneric/ElectricCharge
[LOG 17:49:26.180] Config(RESOURCE_DEFINITION) Squad/Resources/ResourcesGeneric/IntakeAir
[LOG 17:49:26.180] Config(RESOURCE_DEFINITION) Squad/Resources/ResourcesGeneric/EVA Propellant
[LOG 17:49:26.180] Config(RESOURCE_DEFINITION) Squad/Resources/ResourcesGeneric/Ore
[LOG 17:49:26.180] Config(RESOURCE_DEFINITION) Squad/Resources/ResourcesGeneric/Ablator
[LOG 17:49:26.181] Config(EXPERIMENT_DEFINITION) Squad/Resources/ScienceDefs/EXPERIMENT_DEFINITION
[LOG 17:49:26.181] Config(EXPERIMENT_DEFINITION) Squad/Resources/ScienceDefs/EXPERIMENT_DEFINITION
[LOG 17:49:26.181] Config(EXPERIMENT_DEFINITION) Squad/Resources/ScienceDefs/EXPERIMENT_DEFINITION
[LOG 17:49:26.181] Config(EXPERIMENT_DEFINITION) Squad/Resources/ScienceDefs/EXPERIMENT_DEFINITION
[LOG 17:49:26.181] Config(EXPERIMENT_DEFINITION) Squad/Resources/ScienceDefs/EXPERIMENT_DEFINITION
[LOG 17:49:26.181] Config(EXPERIMENT_DEFINITION) Squad/Resources/ScienceDefs/EXPERIMENT_DEFINITION
[LOG 17:49:26.181] Config(EXPERIMENT_DEFINITION) Squad/Resources/ScienceDefs/EXPERIMENT_DEFINITION
[LOG 17:49:26.181] Config(EXPERIMENT_DEFINITION) Squad/Resources/ScienceDefs/EXPERIMENT_DEFINITION
[LOG 17:49:26.181] Config(EXPERIMENT_DEFINITION) Squad/Resources/ScienceDefs/EXPERIMENT_DEFINITION
[LOG 17:49:26.181] Config(EXPERIMENT_DEFINITION) Squad/Resources/ScienceDefs/EXPERIMENT_DEFINITION
[LOG 17:49:26.181] Config(EXPERIMENT_DEFINITION) Squad/Resources/ScienceDefs/EXPERIMENT_DEFINITION
[LOG 17:49:26.181] Config(EXPERIMENT_DEFINITION) Squad/Resources/ScienceDefs/EXPERIMENT_DEFINITION
[LOG 17:49:26.181] Config(EXPERIMENT_DEFINITION) Squad/Resources/ScienceDefs/EXPERIMENT_DEFINITION
[LOG 17:49:26.181] Config(EXPERIMENT_DEFINITION) Squad/Resources/ScienceDefs/EXPERIMENT_DEFINITION
[LOG 17:49:26.181] Config(EXPERIMENT_DEFINITION) Squad/Resources/ScienceDefs/EXPERIMENT_DEFINITION
[LOG 17:49:26.181] Config(EXPERIMENT_DEFINITION) Squad/Resources/ScienceDefs/EXPERIMENT_DEFINITION
[LOG 17:49:26.181] Config(EXPERIMENT_DEFINITION) Squad/Resources/ScienceDefs/EXPERIMENT_DEFINITION
[LOG 17:49:26.181] Config(EXPERIMENT_DEFINITION) Squad/Resources/ScienceDefs/EXPERIMENT_DEFINITION
[LOG 17:49:26.181] Config(STORY_DEF) Squad/Resources/StoryDefs/STORY_DEF
[LOG 17:49:26.181] Config(TechTree) Squad/Resources/TechTree/TechTree
[LOG 17:49:26.181] Config(INTERNAL) Squad/Spaces/crewCabinInternals/internal/crewCabinInternals
[LOG 17:49:26.181] Config(INTERNAL) Squad/Spaces/cupolaInternal/internal/cupolaInternal
[LOG 17:49:26.181] Config(INTERNAL) Squad/Spaces/GenericSpace1/internal/GenericSpace1
[LOG 17:49:26.181] Config(INTERNAL) Squad/Spaces/GenericSpace3/internal/GenericSpace3
[LOG 17:49:26.181] Config(INTERNAL) Squad/Spaces/landerCabinInternals/internal/landerCabinInternals
[LOG 17:49:26.182] Config(INTERNAL) Squad/Spaces/landerCabinSmallInternal/internal/landerCabinSmallInternal
[LOG 17:49:26.182] Config(INTERNAL) Squad/Spaces/LargeCrewedLabInternals/internal/Mobile_Processing_Lab_Int
[LOG 17:49:26.182] Config(INTERNAL) Squad/Spaces/Mk1-3/internal/Mk1-3
[LOG 17:49:26.182] Config(INTERNAL) Squad/Spaces/mk1CabinInternal/internal/mk1CabinInternal
[LOG 17:49:26.182] Config(INTERNAL) Squad/Spaces/mk1CockpitInternal/internal/mk1CockpitInternal
[LOG 17:49:26.182] Config(INTERNAL) Squad/Spaces/mk1InlineInternal/internal/mk1InlineInternal
[LOG 17:49:26.182] Config(INTERNAL) Squad/Spaces/mk1PodCockpit/internal/mk1PodCockpit
[LOG 17:49:26.182] Config(INTERNAL) Squad/Spaces/mk1pod_IVA/mk1pod_Internal/mk1pod_IVA
[LOG 17:49:26.182] Config(INTERNAL) Squad/Spaces/mk2CockpitStandardInternal/internal/mk2CockpitStandardInternals
[LOG 17:49:26.182] Config(INTERNAL) Squad/Spaces/Mk2CrewCabinInternal/internal_MK2_CrewCab/MK2_CrewCab_Int
[LOG 17:49:26.182] Config(INTERNAL) Squad/Spaces/mk2InlineInternal/internal/mk2InlineInternal
[LOG 17:49:26.182] Config(INTERNAL) Squad/Spaces/mk2LanderCanInternal/internal/mk2LanderCanInternal
[LOG 17:49:26.182] Config(INTERNAL) Squad/Spaces/MK3CockpitInternal/internal_MK3/MK3_Cockpit_Int
[LOG 17:49:26.182] Config(INTERNAL) Squad/Spaces/MK3_CrewCab_Int/internal_MK3_CrewCab/MK3_CrewCab_Int
[LOG 17:49:26.182] Config(INTERNAL) Squad/Spaces/Placeholder/internal/Placeholder
[LOG 17:49:26.182] Config(INTERNAL) Squad/Spaces/PodCockpit/internal/PodCockpit
[LOG 17:49:26.182] Config(STRATEGY_DEPARTMENT) Squad/Strategies/Departments/Finances
[LOG 17:49:26.182] Config(STRATEGY_DEPARTMENT) Squad/Strategies/Departments/Science
[LOG 17:49:26.182] Config(STRATEGY_DEPARTMENT) Squad/Strategies/Departments/Public Relations
[LOG 17:49:26.182] Config(STRATEGY_DEPARTMENT) Squad/Strategies/Departments/Operations
[LOG 17:49:26.182] Config(STRATEGY) Squad/Strategies/Strategies/AppreciationCampaignCfg
[LOG 17:49:26.182] Config(STRATEGY) Squad/Strategies/Strategies/FundraisingCampaignCfg
[LOG 17:49:26.182] Config(STRATEGY) Squad/Strategies/Strategies/OpenSourceTechProgramCfg
[LOG 17:49:26.182] Config(STRATEGY) Squad/Strategies/Strategies/UnpaidResearchProgramCfg
[LOG 17:49:26.182] Config(STRATEGY) Squad/Strategies/Strategies/OutsourcedResearchCfg
[LOG 17:49:26.182] Config(STRATEGY) Squad/Strategies/Strategies/PatentsLicensingCfg
[LOG 17:49:26.183] Config(STRATEGY) Squad/Strategies/Strategies/AgressiveNegotiations
[LOG 17:49:26.183] Config(STRATEGY) Squad/Strategies/Strategies/RecoveryTransponders
[LOG 17:49:26.183] Config(STRATEGY) Squad/Strategies/Strategies/BailoutGrant
[LOG 17:49:26.183] Config(STRATEGY) Squad/Strategies/Strategies/researchIPsellout
[LOG 17:49:26.183] Config(STRATEGY) Squad/Strategies/Strategies/LeadershipInitiative
[LOG 17:49:26.183] Config(TUTORIAL) Squad/Tutorials/FlightSuborbital/FlightSuborbital
[LOG 17:49:26.183] Config(TUTORIAL) Squad/Tutorials/FromMun/FromMun
[LOG 17:49:26.183] Config(TUTORIAL) Squad/Tutorials/GoForOrbit/GoForOrbit
[LOG 17:49:26.183] Config(MISSIONPACK) SquadExpansion/MakingHistory/Missions/MissionPacks/squad_MakingHistory
[LOG 17:49:26.183] Config(MISSIONPACK) SquadExpansion/MakingHistory/Missions/MissionPacks/squad_MakingHistory_Other
[LOG 17:49:26.183] Config(MISSIONPACK) SquadExpansion/MakingHistory/Missions/MissionPacks/squad_MakingHistory_Tutorial
[LOG 17:49:26.183] Config(MEBASICNODE) SquadExpansion/MakingHistory/Nodes/AccuracyLogic/TestAccuracyLogic
[LOG 17:49:26.183] Config(MEBASICNODE) SquadExpansion/MakingHistory/Nodes/ActionChancePartResourceLevels/ActionPartResourceAmount
[LOG 17:49:26.183] Config(MEBASICNODE) SquadExpansion/MakingHistory/Nodes/ActionExplode/ActionVesselExplode
[LOG 17:49:26.183] Config(MEBASICNODE) SquadExpansion/MakingHistory/Nodes/ActionMissionScore/MissionScore
[LOG 17:49:26.183] Config(MEBASICNODE) SquadExpansion/MakingHistory/Nodes/ActionModifierFunds/ModifyFunds
[LOG 17:49:26.183] Config(MEBASICNODE) SquadExpansion/MakingHistory/Nodes/ActionModifierScore/MissionScore
[LOG 17:49:26.183] Config(MEBASICNODE) SquadExpansion/MakingHistory/Nodes/ActionPartExplode/ActionPartExplode
[LOG 17:49:26.183] Config(MEBASICNODE) SquadExpansion/MakingHistory/Nodes/ActionPartResourceDrain/ActionPartResourceDrain
[LOG 17:49:26.183] Config(MEBASICNODE) SquadExpansion/MakingHistory/Nodes/ActionVesselActionGroup/ActionVesselActionGroup
[LOG 17:49:26.183] Config(MEBASICNODE) SquadExpansion/MakingHistory/Nodes/ActionVesselStage/ActionVesselStage
[LOG 17:49:26.183] Config(MEBASICNODE) SquadExpansion/MakingHistory/Nodes/CreateAsteroid/CreateAsteroid
[LOG 17:49:26.183] Config(MEBASICNODE) SquadExpansion/MakingHistory/Nodes/CreateComet/CreateComet
[LOG 17:49:26.183] Config(MEBASICNODE) SquadExpansion/MakingHistory/Nodes/CreateFlag/CreateFlag
[LOG 17:49:26.183] Config(MEBASICNODE) SquadExpansion/MakingHistory/Nodes/CreateLaunchSite/CreateLaunchSite
[LOG 17:49:26.183] Config(MEBASICNODE) SquadExpansion/MakingHistory/Nodes/CreateVessel/CreateVessel
[LOG 17:49:26.183] Config(MEBASICNODE) SquadExpansion/MakingHistory/Nodes/CrewAssignment/TestCrewAssignment
[LOG 17:49:26.183] Config(MEBASICNODE) SquadExpansion/MakingHistory/Nodes/Destroyed/Crashed
[LOG 17:49:26.184] Config(MEBASICNODE) SquadExpansion/MakingHistory/Nodes/DialogMessage/DialogMessage
[LOG 17:49:26.184] Config(MEBASICNODE) SquadExpansion/MakingHistory/Nodes/Distance/Distance
[LOG 17:49:26.184] Config(MEBASICNODE) SquadExpansion/MakingHistory/Nodes/EmptyFalse/EmptyFalse
[LOG 17:49:26.184] Config(MEBASICNODE) SquadExpansion/MakingHistory/Nodes/EmptyTrue/EmptyTrue
[LOG 17:49:26.184] Config(MEBASICNODE) SquadExpansion/MakingHistory/Nodes/EscapeSOI/SOILeft
[LOG 17:49:26.184] Config(MEBASICNODE) SquadExpansion/MakingHistory/Nodes/EVA/EVA
[LOG 17:49:26.184] Config(MEBASICNODE) SquadExpansion/MakingHistory/Nodes/Flying/Flying
[LOG 17:49:26.184] Config(MEBASICNODE) SquadExpansion/MakingHistory/Nodes/FundsRecovery/FundsRecovery
[LOG 17:49:26.184] Config(MEBASICNODE) SquadExpansion/MakingHistory/Nodes/KerbalBoarded/TestKerbalBoarded
[LOG 17:49:26.184] Config(MEBASICNODE) SquadExpansion/MakingHistory/Nodes/KerbalKilled/EVA
[LOG 17:49:26.184] Config(MEBASICNODE) SquadExpansion/MakingHistory/Nodes/KerbalRecovery/KerbalRecovery
[LOG 17:49:26.184] Config(MEBASICNODE) SquadExpansion/MakingHistory/Nodes/KerbalRescue/KerbalRescue
[LOG 17:49:26.184] Config(MEBASICNODE) SquadExpansion/MakingHistory/Nodes/Landed/Landed
[LOG 17:49:26.184] Config(MEBASICNODE) SquadExpansion/MakingHistory/Nodes/Message/Message
[LOG 17:49:26.184] Config(MEBASICNODE) SquadExpansion/MakingHistory/Nodes/MissionFunds/MissionFunds
[LOG 17:49:26.184] Config(MEBASICNODE) SquadExpansion/MakingHistory/Nodes/MissionScore/MissionScore
[LOG 17:49:26.184] Config(MEBASICNODE) SquadExpansion/MakingHistory/Nodes/Orbit/Orbit
[LOG 17:49:26.184] Config(MEBASICNODE) SquadExpansion/MakingHistory/Nodes/OrbitParams/OrbitParams
[LOG 17:49:26.184] Config(MEBASICNODE) SquadExpansion/MakingHistory/Nodes/PartDocking/TestPartDocking
[LOG 17:49:26.184] Config(MEBASICNODE) SquadExpansion/MakingHistory/Nodes/PartFailure/PartFailure
[LOG 17:49:26.184] Config(MEBASICNODE) SquadExpansion/MakingHistory/Nodes/PartGrapple/TestGrapple
[LOG 17:49:26.184] Config(MEBASICNODE) SquadExpansion/MakingHistory/Nodes/PartRepair/PartRepair
[LOG 17:49:26.184] Config(MEBASICNODE) SquadExpansion/MakingHistory/Nodes/PlaceKerbal/CreateKerbal
[LOG 17:49:26.184] Config(MEBASICNODE) SquadExpansion/MakingHistory/Nodes/PlantFlag/PlantFlag
[LOG 17:49:26.184] Config(MEBASICNODE) SquadExpansion/MakingHistory/Nodes/ReachSOI/ReachSOI
[LOG 17:49:26.184] Config(MEBASICNODE) SquadExpansion/MakingHistory/Nodes/Resource/ResourceAmount
[LOG 17:49:26.184] Config(MEBASICNODE) SquadExpansion/MakingHistory/Nodes/ResourceRecovery/TestResourcesRecovery
[LOG 17:49:26.184] Config(MEBASICNODE) SquadExpansion/MakingHistory/Nodes/ScienceExperiment/ScienceExperiment
[LOG 17:49:26.184] Config(MEBASICNODE) SquadExpansion/MakingHistory/Nodes/SetCamera/SetCamera
[LOG 17:49:26.185] Config(MEBASICNODE) SquadExpansion/MakingHistory/Nodes/SplashDown/SplashDown
[LOG 17:49:26.185] Config(MEBASICNODE) SquadExpansion/MakingHistory/Nodes/StageActivated/TestVesselStageActivated
[LOG 17:49:26.185] Config(MEBASICNODE) SquadExpansion/MakingHistory/Nodes/TakeKerbal/TestTakeKerbal
[LOG 17:49:26.185] Config(MEBASICNODE) SquadExpansion/MakingHistory/Nodes/TestFlyThrough/TestFlyThrough
[LOG 17:49:26.185] Config(MEBASICNODE) SquadExpansion/MakingHistory/Nodes/TestGoTo/TestGoTo
[LOG 17:49:26.185] Config(MEBASICNODE) SquadExpansion/MakingHistory/Nodes/TimeMET/TimeMET
[LOG 17:49:26.185] Config(MEBASICNODE) SquadExpansion/MakingHistory/Nodes/TimeOfMission/TimeOfMission
[LOG 17:49:26.185] Config(MEBASICNODE) SquadExpansion/MakingHistory/Nodes/TimeSinceNode/TestTimeSinceNode
[LOG 17:49:26.185] Config(MEBASICNODE) SquadExpansion/MakingHistory/Nodes/VesselActiveCount/TestVesselActiveCount
[LOG 17:49:26.185] Config(MEBASICNODE) SquadExpansion/MakingHistory/Nodes/VesselAltitudeGoal/VesselAltitudeGoal
[LOG 17:49:26.185] Config(MEBASICNODE) SquadExpansion/MakingHistory/Nodes/VesselCrewCount/VeselCrewCount
[LOG 17:49:26.185] Config(MEBASICNODE) SquadExpansion/MakingHistory/Nodes/VesselMassLogic/VesselMass
[LOG 17:49:26.185] Config(MEBASICNODE) SquadExpansion/MakingHistory/Nodes/VesselPartCount/PartCount
[LOG 17:49:26.185] Config(MEBASICNODE) SquadExpansion/MakingHistory/Nodes/VesselRecovery/TestVesselRecovery
[LOG 17:49:26.185] Config(MEBASICNODE) SquadExpansion/MakingHistory/Nodes/VesselStage/TestVesselStage
[LOG 17:49:26.185] Config(MEBASICNODE) SquadExpansion/MakingHistory/Nodes/VesselVelocity/VesselVelocity
[LOG 17:49:26.185] Config(PART) SquadExpansion/MakingHistory/Parts/Aero/protectiveRocketNoseMk16/rocketNoseCone_size4/rocketNoseConeSize4
[LOG 17:49:26.185] Config(PART) SquadExpansion/MakingHistory/Parts/Aero/protectiveRocketNoseMk5A/Size_1_5_Cone/Size_1_5_Cone
[LOG 17:49:26.185] Config(PART) SquadExpansion/MakingHistory/Parts/Coupling/Decoupler_1p5/Decoupler_1p5
[LOG 17:49:26.185] Config(PART) SquadExpansion/MakingHistory/Parts/Coupling/Decoupler_4/Decoupler_4
[LOG 17:49:26.185] Config(PART) SquadExpansion/MakingHistory/Parts/Coupling/EnginePlate_1p5/EnginePlate1p5
[LOG 17:49:26.185] Config(PART) SquadExpansion/MakingHistory/Parts/Coupling/EnginePlate_2/EnginePlate2
[LOG 17:49:26.185] Config(PART) SquadExpansion/MakingHistory/Parts/Coupling/EnginePlate_3/EnginePlate3
[LOG 17:49:26.185] Config(PART) SquadExpansion/MakingHistory/Parts/Coupling/EnginePlate_4/EnginePlate4
[LOG 17:49:26.185] Config(PART) SquadExpansion/MakingHistory/Parts/Coupling/EnginePlate_5/EnginePlate5
[LOG 17:49:26.185] Config(PART) SquadExpansion/MakingHistory/Parts/Coupling/InflatableAirlock/InflatableAirlock
[LOG 17:49:26.185] Config(PART) SquadExpansion/MakingHistory/Parts/Coupling/Separator_1p5/Separator_1p5
[LOG 17:49:26.186] Config(PART) SquadExpansion/MakingHistory/Parts/Coupling/Separator_4/Separator_4
[LOG 17:49:26.186] Config(PART) SquadExpansion/MakingHistory/Parts/Coupling/Size1p5_Strut_Decoupler/Size1p5_Strut_Decoupler
[LOG 17:49:26.186] Config(PART) SquadExpansion/MakingHistory/Parts/Engine/LiquidEngineKE-1/LiquidEngineKE-1
[LOG 17:49:26.186] Config(PART) SquadExpansion/MakingHistory/Parts/Engine/LiquidEngineLV-T91/LiquidEngineLV-T91
[LOG 17:49:26.186] Config(PART) SquadExpansion/MakingHistory/Parts/Engine/LiquidEngineLV-TX87/LiquidEngineLV-TX87
[LOG 17:49:26.186] Config(PART) SquadExpansion/MakingHistory/Parts/Engine/LiquidEngineRE-I2/LiquidEngineRE-I2
[LOG 17:49:26.186] Config(PART) SquadExpansion/MakingHistory/Parts/Engine/LiquidEngineRE-J10/LiquidEngineRE-J10
[LOG 17:49:26.186] Config(PART) SquadExpansion/MakingHistory/Parts/Engine/LiquidEngineRK-7/LiquidEngineRK-7
[LOG 17:49:26.186] Config(PART) SquadExpansion/MakingHistory/Parts/Engine/LiquidEngineRV-1/LiquidEngineRV-1
[LOG 17:49:26.186] Config(PART) SquadExpansion/MakingHistory/Parts/Engine/solidBoosterTHK/solidBoosterTHK/Pollux
[LOG 17:49:26.186] Config(PART) SquadExpansion/MakingHistory/Parts/FuelTank/MonoPropMini/monopropMiniSphere
[LOG 17:49:26.186] Config(PART) SquadExpansion/MakingHistory/Parts/FuelTank/Size1p5_Monoprop/Size1p5_Monoprop
[LOG 17:49:26.186] Config(PART) SquadExpansion/MakingHistory/Parts/FuelTank/Size1p5_Size0_Adapter_01/Size1p5_Size0_Adapter_01
[LOG 17:49:26.186] Config(PART) SquadExpansion/MakingHistory/Parts/FuelTank/Size1p5_Size1_Adapter_01/Size1p5_Size1_Adapter_01
[LOG 17:49:26.186] Config(PART) SquadExpansion/MakingHistory/Parts/FuelTank/Size1p5_Size1_Adapter_02/Size1p5_Size1_Adapter_02
[LOG 17:49:26.186] Config(PART) SquadExpansion/MakingHistory/Parts/FuelTank/Size1p5_Size2_Adapter_01/Size1p5_Size2_Adapter_01
[LOG 17:49:26.186] Config(PART) SquadExpansion/MakingHistory/Parts/FuelTank/Size1p5_Tank_01/Size1p5_Tank_01
[LOG 17:49:26.186] Config(PART) SquadExpansion/MakingHistory/Parts/FuelTank/Size1p5_Tank_02/Size1p5_Tank_02
[LOG 17:49:26.186] Config(PART) SquadExpansion/MakingHistory/Parts/FuelTank/Size1p5_Tank_03/Size1p5_Tank_03
[LOG 17:49:26.186] Config(PART) SquadExpansion/MakingHistory/Parts/FuelTank/Size1p5_Tank_04/Size1p5_Tank_04
[LOG 17:49:26.186] Config(PART) SquadExpansion/MakingHistory/Parts/FuelTank/Size1p5_Tank_05/Size1p5_Tank_05
[LOG 17:49:26.186] Config(PART) SquadExpansion/MakingHistory/Parts/FuelTank/Size3_Size4_Adapter_01/Size3_Size4_Adapter_01
[LOG 17:49:26.186] Config(PART) SquadExpansion/MakingHistory/Parts/FuelTank/Size4_EngineAdapter_01/Size4_EngineAdapter_01
[LOG 17:49:26.186] Config(PART) SquadExpansion/MakingHistory/Parts/FuelTank/Size4_Tank_01/Size4_Tank_01
[LOG 17:49:26.186] Config(PART) SquadExpansion/MakingHistory/Parts/FuelTank/Size4_Tank_02/Size4_Tank_02
[LOG 17:49:26.186] Config(PART) SquadExpansion/MakingHistory/Parts/FuelTank/Size4_Tank_03/Size4_Tank_03
[LOG 17:49:26.187] Config(PART) SquadExpansion/MakingHistory/Parts/FuelTank/Size4_Tank_04/Size4_Tank_04
[LOG 17:49:26.187] Config(PART) SquadExpansion/MakingHistory/Parts/Ground/RoverWheel/roverWheelM1-F
[LOG 17:49:26.187] Config(PART) SquadExpansion/MakingHistory/Parts/Payload/fairingSize1p5/fairingSize1p5
[LOG 17:49:26.187] Config(PART) SquadExpansion/MakingHistory/Parts/Payload/fairingSize4/fairingSize4
[LOG 17:49:26.187] Config(PART) SquadExpansion/MakingHistory/Parts/Payload/Size1to0ServiceModule/Size1to0ServiceModule
[LOG 17:49:26.187] Config(PART) SquadExpansion/MakingHistory/Parts/Payload/SM18/ServiceModule18
[LOG 17:49:26.187] Config(PART) SquadExpansion/MakingHistory/Parts/Payload/SM25/ServiceModule25
[LOG 17:49:26.187] Config(PART) SquadExpansion/MakingHistory/Parts/Pods/KV1Pod/kv1Pod
[LOG 17:49:26.187] Config(PART) SquadExpansion/MakingHistory/Parts/Pods/KV2Pod/kv2Pod
[LOG 17:49:26.187] Config(PART) SquadExpansion/MakingHistory/Parts/Pods/KV3Pod/kv3Pod
[LOG 17:49:26.187] Config(PART) SquadExpansion/MakingHistory/Parts/Pods/Mk2Pod/Mk2Pod
[LOG 17:49:26.187] Config(PART) SquadExpansion/MakingHistory/Parts/Pods/Size1_5_Lander/MEMLander
[LOG 17:49:26.187] Config(PART) SquadExpansion/MakingHistory/Parts/Prebuilt/kerbalEVAfemaleVintage/kerbalEVAfemaleVintage
[LOG 17:49:26.187] Config(PART) SquadExpansion/MakingHistory/Parts/Prebuilt/kerbalEVAVintage/kerbalEVAVintage
[LOG 17:49:26.187] Config(PART) SquadExpansion/MakingHistory/Parts/Structural/EquiTriangle0/EquiTriangle0
[LOG 17:49:26.187] Config(PART) SquadExpansion/MakingHistory/Parts/Structural/EquiTriangle1/EquiTriangle1
[LOG 17:49:26.187] Config(PART) SquadExpansion/MakingHistory/Parts/Structural/EquiTriangle1p5/EquiTriangle1p5
[LOG 17:49:26.187] Config(PART) SquadExpansion/MakingHistory/Parts/Structural/EquiTriangle2/EquiTriangle2
[LOG 17:49:26.187] Config(PART) SquadExpansion/MakingHistory/Parts/Structural/Panel0/Panel0
[LOG 17:49:26.187] Config(PART) SquadExpansion/MakingHistory/Parts/Structural/Panel1/Panel1
[LOG 17:49:26.187] Config(PART) SquadExpansion/MakingHistory/Parts/Structural/Panel1p5/Panel1p5
[LOG 17:49:26.187] Config(PART) SquadExpansion/MakingHistory/Parts/Structural/Panel2/Panel2
[LOG 17:49:26.187] Config(PART) SquadExpansion/MakingHistory/Parts/Structural/Triangle0/Triangle0
[LOG 17:49:26.187] Config(PART) SquadExpansion/MakingHistory/Parts/Structural/Triangle1/Triangle1
[LOG 17:49:26.187] Config(PART) SquadExpansion/MakingHistory/Parts/Structural/Triangle1p5/Triangle1p5
[LOG 17:49:26.187] Config(PART) SquadExpansion/MakingHistory/Parts/Structural/Triangle2/Triangle2
[LOG 17:49:26.187] Config(PART) SquadExpansion/MakingHistory/Parts/Structural/Tube1/Tube1
[LOG 17:49:26.188] Config(PART) SquadExpansion/MakingHistory/Parts/Structural/Tube1p5/Tube1p5
[LOG 17:49:26.188] Config(PART) SquadExpansion/MakingHistory/Parts/Structural/Tube2/Tube2
[LOG 17:49:26.188] Config(PART) SquadExpansion/MakingHistory/Parts/Structural/Tube3/Tube3
[LOG 17:49:26.188] Config(PART) SquadExpansion/MakingHistory/Parts/Structural/Tube4/Tube4
[LOG 17:49:26.188] Config(PART) SquadExpansion/MakingHistory/Parts/Thermal/HeatShield1p5/HeatShield1p5
[LOG 17:49:26.188] Config(PART) SquadExpansion/MakingHistory/Parts/Utility/flags/flagSize1p5/flagSize1p5/flagPartSize1p5
[LOG 17:49:26.188] Config(PART) SquadExpansion/MakingHistory/Parts/Utility/flags/flagSize4/flagSize4/flagPartSize4
[LOG 17:49:26.188] Config(INTERNAL) SquadExpansion/MakingHistory/Spaces/KVPods/Airlock_Internal/Airlock_IVA
[LOG 17:49:26.188] Config(INTERNAL) SquadExpansion/MakingHistory/Spaces/KVPods/KV1_Internal/KV1_IVA
[LOG 17:49:26.188] Config(INTERNAL) SquadExpansion/MakingHistory/Spaces/KVPods/KV2_Internal/KV2_IVA
[LOG 17:49:26.188] Config(INTERNAL) SquadExpansion/MakingHistory/Spaces/KVPods/KV3_Internal/KV3_IVA
[LOG 17:49:26.188] Config(INTERNAL) SquadExpansion/MakingHistory/Spaces/MEM/MEM_IVA/MEM_IVA
[LOG 17:49:26.188] Config(INTERNAL) SquadExpansion/MakingHistory/Spaces/Mk2Pod/Mk2Pod_Internal/MK2POD_IVA
[LOG 17:49:26.188] Config(Contracts) SquadExpansion/Serenity/Contracts/contracts/Contracts
[LOG 17:49:26.188] Config(EXPERIENCE_TRAIT) SquadExpansion/Serenity/Experience/Traits/Engineer
[LOG 17:49:26.188] Config(EXPERIENCE_TRAIT) SquadExpansion/Serenity/Experience/Traits/Scientist
[LOG 17:49:26.188] Config(Localization) SquadExpansion/Serenity/Localization/dictionary/Localization
[LOG 17:49:26.188] Config(PART) SquadExpansion/Serenity/Parts/Aero/FanShroud_01/FanShroud_01
[LOG 17:49:26.188] Config(PART) SquadExpansion/Serenity/Parts/Aero/FanShroud_02/FanShroud_02
[LOG 17:49:26.188] Config(PART) SquadExpansion/Serenity/Parts/Aero/FanShroud_03/FanShroud_03
[LOG 17:49:26.188] Config(PART) SquadExpansion/Serenity/Parts/Aero/noseconeTiny/noseconeTiny
[LOG 17:49:26.188] Config(PART) SquadExpansion/Serenity/Parts/Aero/noseconeVS/noseconeVS
[LOG 17:49:26.188] Config(PART) SquadExpansion/Serenity/Parts/DeployedScience/centralStation/DeployedCentralStation
[LOG 17:49:26.188] Config(PART) SquadExpansion/Serenity/Parts/DeployedScience/gooObservation/DeployedGoExOb
[LOG 17:49:26.188] Config(PART) SquadExpansion/Serenity/Parts/DeployedScience/ionCollector/DeployedIONExp
[LOG 17:49:26.189] Config(PART) SquadExpansion/Serenity/Parts/DeployedScience/rtg/DeployedRTG
[LOG 17:49:26.189] Config(PART) SquadExpansion/Serenity/Parts/DeployedScience/satDish/DeployedSatDish
[LOG 17:49:26.189] Config(PART) SquadExpansion/Serenity/Parts/DeployedScience/seismicSensor/DeployedSeismicSensor
[LOG 17:49:26.189] Config(PART) SquadExpansion/Serenity/Parts/DeployedScience/solarPanel/DeployedSolarPanel
[LOG 17:49:26.189] Config(PART) SquadExpansion/Serenity/Parts/DeployedScience/weatherStation/DeployedWeatherStn
[LOG 17:49:26.189] Config(PART) SquadExpansion/Serenity/Parts/Prebuilt/kerbalEVA/kerbalEVA
[LOG 17:49:26.189] Config(PART) SquadExpansion/Serenity/Parts/Prebuilt/kerbalEVAfemale/kerbalEVAfemale
[LOG 17:49:26.189] Config(PART) SquadExpansion/Serenity/Parts/Prebuilt/kerbalEVAfemaleFuture/kerbalEVAfemaleFuture
[LOG 17:49:26.189] Config(PART) SquadExpansion/Serenity/Parts/Prebuilt/kerbalEVAfemaleVintage/kerbalEVAfemaleVintage
[LOG 17:49:26.189] Config(PART) SquadExpansion/Serenity/Parts/Prebuilt/kerbalEVAFuture/kerbalEVAFuture
[LOG 17:49:26.189] Config(PART) SquadExpansion/Serenity/Parts/Prebuilt/kerbalEVASlimSuit/kerbalEVASlimSuit
[LOG 17:49:26.189] Config(PART) SquadExpansion/Serenity/Parts/Prebuilt/kerbalEVASlimSuitFemale/kerbalEVASlimSuitFemale
[LOG 17:49:26.189] Config(PART) SquadExpansion/Serenity/Parts/Prebuilt/kerbalEVAVintage/kerbalEVAVintage
[LOG 17:49:26.189] Config(PART) SquadExpansion/Serenity/Parts/Propellers/largeFanBlade/largeFanBlade
[LOG 17:49:26.189] Config(PART) SquadExpansion/Serenity/Parts/Propellers/largeHeliBlade/largeHeliBlade
[LOG 17:49:26.189] Config(PART) SquadExpansion/Serenity/Parts/Propellers/largePropeller/largePropeller
[LOG 17:49:26.189] Config(PART) SquadExpansion/Serenity/Parts/Propellers/mediumFanBlade/mediumFanBlade
[LOG 17:49:26.189] Config(PART) SquadExpansion/Serenity/Parts/Propellers/mediumHeliBlade/mediumHeliBlade
[LOG 17:49:26.189] Config(PART) SquadExpansion/Serenity/Parts/Propellers/mediumPropeller/mediumPropeller
[LOG 17:49:26.189] Config(PART) SquadExpansion/Serenity/Parts/Propellers/smallFanBlade/smallFanBlade
[LOG 17:49:26.189] Config(PART) SquadExpansion/Serenity/Parts/Propellers/smallHeliBlade/smallHeliBlade
[LOG 17:49:26.189] Config(PART) SquadExpansion/Serenity/Parts/Propellers/smallPropeller/smallPropeller
[LOG 17:49:26.189] Config(PART) SquadExpansion/Serenity/Parts/Robotics/hinge_01/hinge_01
[LOG 17:49:26.189] Config(PART) SquadExpansion/Serenity/Parts/Robotics/hinge_01_s/hinge_01_s
[LOG 17:49:26.189] Config(PART) SquadExpansion/Serenity/Parts/Robotics/hinge_03/hinge_03
[LOG 17:49:26.189] Config(PART) SquadExpansion/Serenity/Parts/Robotics/hinge_03_s/hinge_03_s
[LOG 17:49:26.189] Config(PART) SquadExpansion/Serenity/Parts/Robotics/hinge_04/hinge_04
[LOG 17:49:26.190] Config(PART) SquadExpansion/Serenity/Parts/Robotics/piston_01/piston_01
[LOG 17:49:26.190] Config(PART) SquadExpansion/Serenity/Parts/Robotics/piston_02/piston_02
[LOG 17:49:26.190] Config(PART) SquadExpansion/Serenity/Parts/Robotics/piston_03/piston_03
[LOG 17:49:26.190] Config(PART) SquadExpansion/Serenity/Parts/Robotics/piston_04/piston_04
[LOG 17:49:26.190] Config(PART) SquadExpansion/Serenity/Parts/Robotics/RotorEngine_02/RotorEngine_02
[LOG 17:49:26.190] Config(PART) SquadExpansion/Serenity/Parts/Robotics/RotorEngine_03/RotorEngine_03
[LOG 17:49:26.190] Config(PART) SquadExpansion/Serenity/Parts/Robotics/rotor_01/rotor_01
[LOG 17:49:26.190] Config(PART) SquadExpansion/Serenity/Parts/Robotics/rotor_01s/rotor_01s
[LOG 17:49:26.190] Config(PART) SquadExpansion/Serenity/Parts/Robotics/rotor_02/rotor_02
[LOG 17:49:26.190] Config(PART) SquadExpansion/Serenity/Parts/Robotics/rotor_02s/rotor_02s
[LOG 17:49:26.190] Config(PART) SquadExpansion/Serenity/Parts/Robotics/rotor_03/rotor_03
[LOG 17:49:26.190] Config(PART) SquadExpansion/Serenity/Parts/Robotics/rotor_03s/rotor_03s
[LOG 17:49:26.190] Config(PART) SquadExpansion/Serenity/Parts/Robotics/rotoServo_00/rotoServo_00
[LOG 17:49:26.190] Config(PART) SquadExpansion/Serenity/Parts/Robotics/rotoServo_02/rotoServo_02
[LOG 17:49:26.190] Config(PART) SquadExpansion/Serenity/Parts/Robotics/rotoServo_03/rotoServo_03
[LOG 17:49:26.190] Config(PART) SquadExpansion/Serenity/Parts/Robotics/rotoServo_04/rotoServo_04
[LOG 17:49:26.190] Config(PART) SquadExpansion/Serenity/Parts/Robotics/Controllers/KAL1000/controller1000
[LOG 17:49:26.190] Config(PART) SquadExpansion/Serenity/Parts/Science/RobotArmScanner/RobotArmScanner_S1/RobotArmScanner_S1
[LOG 17:49:26.190] Config(PART) SquadExpansion/Serenity/Parts/Science/RobotArmScanner/RobotArmScanner_S2/RobotArmScanner_S2
[LOG 17:49:26.190] Config(PART) SquadExpansion/Serenity/Parts/Science/RobotArmScanner/RobotArmScanner_S3/RobotArmScanner_S3
[LOG 17:49:26.190] Config(PART) SquadExpansion/Serenity/Parts/Structural/gripPads/lGripPad/lGripPad
[LOG 17:49:26.190] Config(PART) SquadExpansion/Serenity/Parts/Structural/gripPads/lGripStrip/lGripStrip
[LOG 17:49:26.190] Config(PART) SquadExpansion/Serenity/Parts/Structural/gripPads/mGripPad/mGripPad
[LOG 17:49:26.190] Config(PART) SquadExpansion/Serenity/Parts/Structural/gripPads/sGripPad/sGripPad
[LOG 17:49:26.190] Config(PART) SquadExpansion/Serenity/Parts/Structural/gripPads/sGripStrip/sGripStrip
[LOG 17:49:26.190] Config(DEPLOYEDSCIENCE) SquadExpansion/Serenity/Resources/DeployedScience/DEPLOYEDSCIENCE
[LOG 17:49:26.191] Config(PHYSICMATERIAL_DEFINITION) SquadExpansion/Serenity/Resources/PhysicsMaterials/MediumGrip
[LOG 17:49:26.191] Config(PHYSICMATERIAL_DEFINITION) SquadExpansion/Serenity/Resources/PhysicsMaterials/HighGrip
[LOG 17:49:26.191] Config(PHYSICMATERIAL_DEFINITION) SquadExpansion/Serenity/Resources/PhysicsMaterials/ExtremeGrip
[LOG 17:49:26.191] Config(PHYSICMATERIAL_DEFINITION) SquadExpansion/Serenity/Resources/PhysicsMaterials/LowGrip
[LOG 17:49:26.191] Config(PHYSICMATERIAL_DEFINITION) SquadExpansion/Serenity/Resources/PhysicsMaterials/Default
[LOG 17:49:26.191] Config(ROC_DEFINITION) SquadExpansion/Serenity/Resources/rocsdef/ROC_DEFINITION
[LOG 17:49:26.191] Config(ROC_DEFINITION) SquadExpansion/Serenity/Resources/rocsdef/ROC_DEFINITION
[LOG 17:49:26.191] Config(ROC_DEFINITION) SquadExpansion/Serenity/Resources/rocsdef/ROC_DEFINITION
[LOG 17:49:26.191] Config(ROC_DEFINITION) SquadExpansion/Serenity/Resources/rocsdef/ROC_DEFINITION
[LOG 17:49:26.191] Config(ROC_DEFINITION) SquadExpansion/Serenity/Resources/rocsdef/ROC_DEFINITION
[LOG 17:49:26.191] Config(ROC_DEFINITION) SquadExpansion/Serenity/Resources/rocsdef/ROC_DEFINITION
[LOG 17:49:26.191] Config(ROC_DEFINITION) SquadExpansion/Serenity/Resources/rocsdef/ROC_DEFINITION
[LOG 17:49:26.191] Config(ROC_DEFINITION) SquadExpansion/Serenity/Resources/rocsdef/ROC_DEFINITION
[LOG 17:49:26.191] Config(ROC_DEFINITION) SquadExpansion/Serenity/Resources/rocsdef/ROC_DEFINITION
[LOG 17:49:26.191] Config(ROC_DEFINITION) SquadExpansion/Serenity/Resources/rocsdef/ROC_DEFINITION
[LOG 17:49:26.191] Config(ROC_DEFINITION) SquadExpansion/Serenity/Resources/rocsdef/ROC_DEFINITION
[LOG 17:49:26.191] Config(ROC_DEFINITION) SquadExpansion/Serenity/Resources/rocsdef/ROC_DEFINITION
[LOG 17:49:26.191] Config(ROC_DEFINITION) SquadExpansion/Serenity/Resources/rocsdef/ROC_DEFINITION
[LOG 17:49:26.191] Config(ROC_DEFINITION) SquadExpansion/Serenity/Resources/rocsdef/ROC_DEFINITION
[LOG 17:49:26.191] Config(ROC_DEFINITION) SquadExpansion/Serenity/Resources/rocsdef/ROC_DEFINITION
[LOG 17:49:26.191] Config(ROC_DEFINITION) SquadExpansion/Serenity/Resources/rocsdef/ROC_DEFINITION
[LOG 17:49:26.191] Config(ROC_DEFINITION) SquadExpansion/Serenity/Resources/rocsdef/ROC_DEFINITION
[LOG 17:49:26.191] Config(ROC_DEFINITION) SquadExpansion/Serenity/Resources/rocsdef/ROC_DEFINITION
[LOG 17:49:26.191] Config(ROC_DEFINITION) SquadExpansion/Serenity/Resources/rocsdef/ROC_DEFINITION
[LOG 17:49:26.191] Config(ROC_DEFINITION) SquadExpansion/Serenity/Resources/rocsdef/ROC_DEFINITION
[LOG 17:49:26.191] Config(ROC_DEFINITION) SquadExpansion/Serenity/Resources/rocsdef/ROC_DEFINITION
[LOG 17:49:26.191] Config(ROC_DEFINITION) SquadExpansion/Serenity/Resources/rocsdef/ROC_DEFINITION
[LOG 17:49:26.191] Config(ROC_DEFINITION) SquadExpansion/Serenity/Resources/rocsdef/ROC_DEFINITION
[LOG 17:49:26.191] Config(ROC_DEFINITION) SquadExpansion/Serenity/Resources/rocsdef/ROC_DEFINITION
[LOG 17:49:26.191] Config(ROC_DEFINITION) SquadExpansion/Serenity/Resources/rocsdef/ROC_DEFINITION
[LOG 17:49:26.192] Config(ROC_DEFINITION) SquadExpansion/Serenity/Resources/rocsdef/ROC_DEFINITION
[LOG 17:49:26.192] Config(ROC_DEFINITION) SquadExpansion/Serenity/Resources/rocsdef/ROC_DEFINITION
[LOG 17:49:26.192] Config(ROC_DEFINITION) SquadExpansion/Serenity/Resources/rocsdef/ROC_DEFINITION
[LOG 17:49:26.192] Config(ROC_DEFINITION) SquadExpansion/Serenity/Resources/rocsdef/ROC_DEFINITION
[LOG 17:49:26.192] Config(ROC_DEFINITION) SquadExpansion/Serenity/Resources/rocsdef/ROC_DEFINITION
[LOG 17:49:26.192] Config(ROC_DEFINITION) SquadExpansion/Serenity/Resources/rocsdef/ROC_DEFINITION
[LOG 17:49:26.192] Config(ROC_DEFINITION) SquadExpansion/Serenity/Resources/rocsdef/ROC_DEFINITION
[LOG 17:49:26.192] Config(ROC_DEFINITION) SquadExpansion/Serenity/Resources/rocsdef/ROC_DEFINITION
[LOG 17:49:26.192] Config(ROC_DEFINITION) SquadExpansion/Serenity/Resources/rocsdef/ROC_DEFINITION
[LOG 17:49:26.192] Config(EXPERIMENT_DEFINITION) SquadExpansion/Serenity/Resources/ScienceDefs/EXPERIMENT_DEFINITION
[LOG 17:49:26.192] Config(EXPERIMENT_DEFINITION) SquadExpansion/Serenity/Resources/ScienceDefs/EXPERIMENT_DEFINITION
[LOG 17:49:26.192] Config(EXPERIMENT_DEFINITION) SquadExpansion/Serenity/Resources/ScienceDefs/EXPERIMENT_DEFINITION
[LOG 17:49:26.192] Config(EXPERIMENT_DEFINITION) SquadExpansion/Serenity/Resources/ScienceDefs/EXPERIMENT_DEFINITION
[LOG 17:49:26.192] Config(EXPERIMENT_DEFINITION) SquadExpansion/Serenity/Resources/ScienceDefs/EXPERIMENT_DEFINITION
[LOG 17:49:26.192] Config(EXPERIMENT_DEFINITION) SquadExpansion/Serenity/Resources/ScienceDefs/EXPERIMENT_DEFINITION
[LOG 17:49:26.192] Config(EXPERIMENT_DEFINITION) SquadExpansion/Serenity/Resources/ScienceDefs/EXPERIMENT_DEFINITION
[LOG 17:49:26.192] Config(EXPERIMENT_DEFINITION) SquadExpansion/Serenity/Resources/ScienceDefs/EXPERIMENT_DEFINITION
[LOG 17:49:26.192] Config(EXPERIMENT_DEFINITION) SquadExpansion/Serenity/Resources/ScienceDefs/EXPERIMENT_DEFINITION
[LOG 17:49:26.192] Config(EXPERIMENT_DEFINITION) SquadExpansion/Serenity/Resources/ScienceDefs/EXPERIMENT_DEFINITION
[LOG 17:49:26.192] Config(EXPERIMENT_DEFINITION) SquadExpansion/Serenity/Resources/ScienceDefs/EXPERIMENT_DEFINITION
[LOG 17:49:26.192] Config(EXPERIMENT_DEFINITION) SquadExpansion/Serenity/Resources/ScienceDefs/EXPERIMENT_DEFINITION
[LOG 17:49:26.192] Config(EXPERIMENT_DEFINITION) SquadExpansion/Serenity/Resources/ScienceDefs/EXPERIMENT_DEFINITION
[LOG 17:49:26.192] Config(EXPERIMENT_DEFINITION) SquadExpansion/Serenity/Resources/ScienceDefs/EXPERIMENT_DEFINITION
[LOG 17:49:26.192] Config(EXPERIMENT_DEFINITION) SquadExpansion/Serenity/Resources/ScienceDefs/EXPERIMENT_DEFINITION
[LOG 17:49:26.192] Config(EXPERIMENT_DEFINITION) SquadExpansion/Serenity/Resources/ScienceDefs/EXPERIMENT_DEFINITION
[LOG 17:49:26.192] Config(EXPERIMENT_DEFINITION) SquadExpansion/Serenity/Resources/ScienceDefs/EXPERIMENT_DEFINITION
[LOG 17:49:26.192] Config(EXPERIMENT_DEFINITION) SquadExpansion/Serenity/Resources/ScienceDefs/EXPERIMENT_DEFINITION
[LOG 17:49:26.192] Config(EXPERIMENT_DEFINITION) SquadExpansion/Serenity/Resources/ScienceDefs/EXPERIMENT_DEFINITION
[LOG 17:49:26.192] Config(EXPERIMENT_DEFINITION) SquadExpansion/Serenity/Resources/ScienceDefs/EXPERIMENT_DEFINITION
[LOG 17:49:26.193] Config(EXPERIMENT_DEFINITION) SquadExpansion/Serenity/Resources/ScienceDefs/EXPERIMENT_DEFINITION
[LOG 17:49:26.193] Config(EXPERIMENT_DEFINITION) SquadExpansion/Serenity/Resources/ScienceDefs/EXPERIMENT_DEFINITION
[LOG 17:49:26.193] Config(EXPERIMENT_DEFINITION) SquadExpansion/Serenity/Resources/ScienceDefs/EXPERIMENT_DEFINITION
[LOG 17:49:26.193] Config(EXPERIMENT_DEFINITION) SquadExpansion/Serenity/Resources/ScienceDefs/EXPERIMENT_DEFINITION
[LOG 17:49:26.193] Config(EXPERIMENT_DEFINITION) SquadExpansion/Serenity/Resources/ScienceDefs/EXPERIMENT_DEFINITION
[LOG 17:49:26.193] Config(EXPERIMENT_DEFINITION) SquadExpansion/Serenity/Resources/ScienceDefs/EXPERIMENT_DEFINITION
[LOG 17:49:26.193] Config(EXPERIMENT_DEFINITION) SquadExpansion/Serenity/Resources/ScienceDefs/EXPERIMENT_DEFINITION
[LOG 17:49:26.193] Config(EXPERIMENT_DEFINITION) SquadExpansion/Serenity/Resources/ScienceDefs/EXPERIMENT_DEFINITION
[LOG 17:49:26.193] Config(EXPERIMENT_DEFINITION) SquadExpansion/Serenity/Resources/ScienceDefs/EXPERIMENT_DEFINITION
[LOG 17:49:26.193] Config(EXPERIMENT_DEFINITION) SquadExpansion/Serenity/Resources/ScienceDefs/EXPERIMENT_DEFINITION
[LOG 17:49:26.193] Config(EXPERIMENT_DEFINITION) SquadExpansion/Serenity/Resources/ScienceDefs/EXPERIMENT_DEFINITION
[LOG 17:49:26.193] Config(EXPERIMENT_DEFINITION) SquadExpansion/Serenity/Resources/ScienceDefs/EXPERIMENT_DEFINITION
[LOG 17:49:26.193] Config(EXPERIMENT_DEFINITION) SquadExpansion/Serenity/Resources/ScienceDefs/EXPERIMENT_DEFINITION
[LOG 17:49:26.193] Config(EXPERIMENT_DEFINITION) SquadExpansion/Serenity/Resources/ScienceDefs/EXPERIMENT_DEFINITION
[LOG 17:49:26.193] Config(EXPERIMENT_DEFINITION) SquadExpansion/Serenity/Resources/ScienceDefs/EXPERIMENT_DEFINITION
[LOG 17:49:26.193] Config(EXPERIMENT_DEFINITION) SquadExpansion/Serenity/Resources/ScienceDefs/EXPERIMENT_DEFINITION
[LOG 17:49:26.193] Config(EXPERIMENT_DEFINITION) SquadExpansion/Serenity/Resources/ScienceDefs/EXPERIMENT_DEFINITION
[LOG 17:49:26.193] Config(EXPERIMENT_DEFINITION) SquadExpansion/Serenity/Resources/ScienceDefs/EXPERIMENT_DEFINITION
[LOG 17:49:26.193] Config(STORY_DEF) SquadExpansion/Serenity/Resources/StoryDefs/STORY_DEF
[LOG 17:49:26.193] Compiling Configs Completed.
[LOG 17:49:26.196] Resource LiquidFuel added to database
[LOG 17:49:26.196] Resource Oxidizer added to database
[LOG 17:49:26.196] Resource SolidFuel added to database
[LOG 17:49:26.196] Resource MonoPropellant added to database
[LOG 17:49:26.196] Resource XenonGas added to database
[LOG 17:49:26.196] Resource ElectricCharge added to database
[LOG 17:49:26.196] Resource IntakeAir added to database
[LOG 17:49:26.196] Resource EVA Propellant added to database
[LOG 17:49:26.197] Resource Ore added to database
[LOG 17:49:26.197] Resource Ablator added to database
[LOG 17:49:26.198] Resource MediumGrip added to database
[LOG 17:49:26.198] Resource HighGrip added to database
[LOG 17:49:26.198] Resource ExtremeGrip added to database
[LOG 17:49:26.198] Resource LowGrip added to database
[LOG 17:49:26.198] Resource Default added to database
[LOG 17:49:26.198] CodeAssetLoader: Compiling all code assets
[LOG 17:49:26.202] ExperienceSystemConfig: Added Effect 'DeployedSciencePowerSkill' to Trait 'Ingénieur'
[LOG 17:49:26.202] ExperienceSystemConfig: Added Effect 'DeployedScienceExpSkill' to Trait 'Scientifique'
[LOG 17:49:26.207] ConfigNode[]
[LOG 17:49:26.208] GameDatabase: Assets loaded in 7.015s
[LOG 17:49:26.209] [ModuleManager] Waited 0.000s for patching to finish
[LOG 17:49:26.209] [ModuleManager] Applying patched game database
[LOG 17:49:26.211] [ModuleManager] Dumping ModuleManager log to main log
[LOG 17:49:26.212] [ModuleManager] 
#### BEGIN MODULEMANAGER LOG ####


[LOG 17:49:20.346] Log started at 2026-09-28 17:49:20.346
[LOG 17:49:22.442] Checking Cache
[LOG 17:49:22.783] SHA generated in 0.339s
[LOG 17:49:22.783]       SHA = FE-03-D3-11-AC-DD-C2-FE-45-E6-88-3B-7D-59-44-37-02-7A-D7-66-EB-B5-70-95-29-D7-11-EC-32-BE-92-8C
[LOG 17:49:22.804] Cache SHA = E6-35-5F-1E-8D-8B-85-10-E4-AE-B3-CC-CE-5A-96-C7-04-76-FE-8C-79-B7-87-40-E1-50-22-09-04-43-DA-5E
[LOG 17:49:22.804] useCache = False
[LOG 17:49:22.805] Pre patch init
[LOG 17:49:23.048] compiling list of loaded mods...
Mod DLLs found:
  Name                                    Assembly Version         Assembly File Version    KSPAssembly Version      SHA256

  Assembly-CSharp                         0.0.0.0                  0.0.0.0                  1.12                     d9e42483f25ee80a9c11d6c1c0a0d29b4ec78c1e08d76c971b71580c9cce51e4
  ModuleManager                           4.2.3.0                  4.2.3.0                  2.5                      95847827ab293b9e82a19b7efb97ffea3e98cc03b181862536ac8eb572e30d7d
  0Harmony                                2.2.1.0                  2.2.1.0                                           19ce60ac3280f72ec1751d36a40cb7e2fece2934df8345969dc7feb83bd633e4
  HarmonyInstallChecker                   2.2.1.0                  2.2.1.0                  1.0                      f11e659e91a52c21c5bda78e52b82a7bdc246bcab6a999733af3c69a11a9dc0e
  0_MultipleModuleInPartAPI               1.0.0.0                  1.0.0.0                  1.0                      df4a22fb0535de7fa154ca234b50dd7c2fc6be879e4a877d9bad1f87bafafcbf
  KSPCommunityFixes                       1.41.0.0                 1.41.1.0                 1.41                     e08ebbec7ab34f4f7ff56d6e900051bb0d259a4bc092881d7db3ca2f9f2e9a11
  TerrainPrecisionFixDiag2Mod             1.0.9764.27375           1.0.9764.27375                                    e7869c4109b7aa84077ab584ca50358ebc0f5ac9382b60879f812bc06c4deea7
  TerrainPrecisionFixDiagMod              1.0.9764.24952           1.0.9764.24952                                    84b1bd881502e7f17ea2cf8e684157a4c983068f9498b71359b1aad42ff0b762
Non-DLL mods added (:FOR[xxx]):
Mods by directory (sub directories of GameData):
  000_Harmony
  Squad
  SquadExpansion
Mods added by assemblies:

[LOG 17:49:23.051] Loading Physics.cfg
[LOG 17:49:23.056] Extracting patches
[LOG 17:49:23.068] Deleting root node in file KSPCommunityFixes/MMPatches/ModSupport/FixDockingNodes node: @PART[*]:HAS[@MODULE[ModuleDockingNodeFixed]]:NEEDS[FixDockingNodes]:FINAL as it can't satisfy its NEEDS
[LOG 17:49:23.071] Deleting root node in file KSPCommunityFixes/MMPatches/ModSupport/KSPRecall node: @KSP_COMMUNITY_FIXES:NEEDS[AttachedOnEditor] as it can't satisfy its NEEDS
[LOG 17:49:23.071] Deleting root node in file KSPCommunityFixes/MMPatches/ModSupport/UniversalStorage node: @KSP_COMMUNITY_FIXES:NEEDS[UniversalStorage2] as it can't satisfy its NEEDS
[LOG 17:49:23.198] Applying patches
[LOG 17:49:23.200] :INSERT (initial) pass
[LOG 17:49:23.252] :FIRST pass
[LOG 17:49:23.263] Applying update KSPCommunityFixes/MMPatches/StockTweaks/LadderToggleableLight/@PART[telescopicLadderBay]:FIRST to Squad/Parts/Utility/ladderTelescopicBay/ladderTelescopicBay.cfg/PART[telescopicLadderBay]
[LOG 17:49:23.279] Applying update KSPCommunityFixes/MMPatches/StockTweaks/LadderToggleableLight/@PART[telescopicLadderBay]:HAS[#LadderToggleableLight[?rue]]:FIRST to Squad/Parts/Utility/ladderTelescopicBay/ladderTelescopicBay.cfg/PART[telescopicLadderBay]
[LOG 17:49:23.281] Applying update KSPCommunityFixes/MMPatches/StockTweaks/LadderToggleableLight/@PART[telescopicLadderBay]:HAS[#LadderToggleableLight]:FIRST to Squad/Parts/Utility/ladderTelescopicBay/ladderTelescopicBay.cfg/PART[telescopicLadderBay]
[LOG 17:49:23.282] Applying update KSPCommunityFixes/MMPatches/StockTweaks/LandingGearLights/@PART[GearSmall]:FIRST to Squad/Parts/Wheel/LandingGear/GearMedium.cfg/PART[GearSmall]
[LOG 17:49:23.285] Applying update KSPCommunityFixes/MMPatches/StockTweaks/LandingGearLights/@PART[SmallGearBay]:FIRST to Squad/Parts/Wheel/LandingGear/GearSmall.cfg/PART[SmallGearBay]
[LOG 17:49:23.292] :LEGACY (default) pass
[LOG 17:49:23.302] :BEFORE[0_MULTIPLEMODULEINPARTAPI] pass
[LOG 17:49:23.302] :FOR[0_MULTIPLEMODULEINPARTAPI] pass
[LOG 17:49:23.302] :AFTER[0_MULTIPLEMODULEINPARTAPI] pass
[LOG 17:49:23.302] :BEFORE[000_HARMONY] pass
[LOG 17:49:23.302] :FOR[000_HARMONY] pass
[LOG 17:49:23.302] :AFTER[000_HARMONY] pass
[LOG 17:49:23.302] :BEFORE[0HARMONY] pass
[LOG 17:49:23.302] :FOR[0HARMONY] pass
[LOG 17:49:23.302] :AFTER[0HARMONY] pass
[LOG 17:49:23.302] :BEFORE[ASSEMBLY-CSHARP] pass
[LOG 17:49:23.302] :FOR[ASSEMBLY-CSHARP] pass
[LOG 17:49:23.302] :AFTER[ASSEMBLY-CSHARP] pass
[LOG 17:49:23.302] :BEFORE[HARMONYINSTALLCHECKER] pass
[LOG 17:49:23.302] :FOR[HARMONYINSTALLCHECKER] pass
[LOG 17:49:23.302] :AFTER[HARMONYINSTALLCHECKER] pass
[LOG 17:49:23.302] :BEFORE[KSPCOMMUNITYFIXES] pass
[LOG 17:49:23.302] :FOR[KSPCOMMUNITYFIXES] pass
[LOG 17:49:23.302] Applying update KSPCommunityFixes/MMPatches/StockTweaks/ManufacturerFixes/@PART[sasModule]:FOR[KSPCommunityFixes] to Squad/Parts/Command/inlineReactionWheel/inlineReactionWheel.cfg/PART[sasModule]
[LOG 17:49:23.304] Applying update KSPCommunityFixes/MMPatches/StockTweaks/ManufacturerFixes/@PART[xenonTankRadial]:FOR[KSPCommunityFixes] to Squad/Parts/FuelTank/xenonTankRadial/xenonTankRadial.cfg/PART[xenonTankRadial]
[LOG 17:49:23.311] Applying update KSPCommunityFixes/MMPatches/StockTweaks/ManufacturerFixes/@PART[winglet|fireworksLauncherSmall|fireworksLauncherBig]:FOR[KSPCommunityFixes] to Squad/Parts/Aero/wingletAV-T1/wingletAV-T1.cfg/PART[winglet]
[LOG 17:49:23.314] Applying update KSPCommunityFixes/MMPatches/StockTweaks/ManufacturerFixes/@PART[winglet|fireworksLauncherSmall|fireworksLauncherBig]:FOR[KSPCommunityFixes] to Squad/Parts/Utility/Fireworks/fireworksLauncherBig.cfg/PART[fireworksLauncherBig]
[LOG 17:49:23.314] Applying update KSPCommunityFixes/MMPatches/StockTweaks/ManufacturerFixes/@PART[winglet|fireworksLauncherSmall|fireworksLauncherBig]:FOR[KSPCommunityFixes] to Squad/Parts/Utility/Fireworks/fireworksLauncherSmall.cfg/PART[fireworksLauncherSmall]
[LOG 17:49:23.321] Applying update KSPCommunityFixes/MMPatches/StockTweaks/ManufacturerFixes/@PART[solidBooster_sm_v2|solidBooster_v2]:FOR[KSPCommunityFixes] to Squad/Parts/Engine/Size1_SRBs/solidBoosterRT-10_v2.cfg/PART[solidBooster_v2]
[LOG 17:49:23.321] Applying update KSPCommunityFixes/MMPatches/StockTweaks/ManufacturerFixes/@PART[solidBooster_sm_v2|solidBooster_v2]:FOR[KSPCommunityFixes] to Squad/Parts/Engine/Size1_SRBs/solidBoosterRT-5_v2.cfg/PART[solidBooster_sm_v2]
[LOG 17:49:23.326] Applying update KSPCommunityFixes/MMPatches/StockTweaks/ManufacturerFixes/@PART[ServiceBay_125_v2|ServiceBay_250_v2]:FOR[KSPCommunityFixes] to Squad/Parts/Utility/ServiceBay_v2/ServiceBay_125_v2.cfg/PART[ServiceBay_125_v2]
[LOG 17:49:23.326] Applying update KSPCommunityFixes/MMPatches/StockTweaks/ManufacturerFixes/@PART[ServiceBay_125_v2|ServiceBay_250_v2]:FOR[KSPCommunityFixes] to Squad/Parts/Utility/ServiceBay_v2/ServiceBay_250_v2.cfg/PART[ServiceBay_250_v2]
[LOG 17:49:23.329] Applying update KSPCommunityFixes/MMPatches/StockTweaks/ManufacturerFixes/@PART[externalTankCapsule]:FOR[KSPCommunityFixes] to Squad/Parts/FuelTank/FoilTanks/RadialTank_Capsule.cfg/PART[externalTankCapsule]
[LOG 17:49:23.331] Applying update KSPCommunityFixes/MMPatches/StockTweaks/ManufacturerFixes/@PART[RCSFuelTank|rcsTankMini|RCSTank1-2]:FOR[KSPCommunityFixes] to Squad/Parts/FuelTank/RCSFuelTankR1/RCSFuelTankR1.cfg/PART[RCSTank1-2]
[LOG 17:49:23.332] Applying update KSPCommunityFixes/MMPatches/StockTweaks/ManufacturerFixes/@PART[RCSFuelTank|rcsTankMini|RCSTank1-2]:FOR[KSPCommunityFixes] to Squad/Parts/FuelTank/RCSFuelTankR10/RCSFuelTankR10.cfg/PART[rcsTankMini]
[LOG 17:49:23.336] Applying update KSPCommunityFixes/MMPatches/StockTweaks/ManufacturerFixes/@PART[RCSFuelTank|rcsTankMini|RCSTank1-2]:FOR[KSPCommunityFixes] to Squad/Parts/FuelTank/RCSFuelTankR25/RCSFuelTankR25.cfg/PART[RCSFuelTank]
[LOG 17:49:23.338] Applying update KSPCommunityFixes/MMPatches/StockTweaks/ManufacturerFixes/@PART[landerCabinSmall]:FOR[KSPCommunityFixes] to Squad/Parts/Command/mk1LanderCan/mk1LanderCan.cfg/PART[landerCabinSmall]
[LOG 17:49:23.344] Applying update KSPCommunityFixes/MMPatches/StockTweaks/ManufacturerFixes/@PART[dockingPortLateral]:FOR[KSPCommunityFixes] to Squad/Parts/Utility/dockingPortInline/dockingPortInline.cfg/PART[dockingPortLateral]
[LOG 17:49:23.345] Applying update KSPCommunityFixes/MMPatches/StockTweaks/ManufacturerFixes/@PART[EnginePlate4]:FOR[KSPCommunityFixes]:NEEDS[SquadExpansion/MakingHistory] to SquadExpansion/MakingHistory/Parts/Coupling/EnginePlate_4.cfg/PART[EnginePlate4]
[LOG 17:49:23.347] Applying update KSPCommunityFixes/MMPatches/StockTweaks/ManufacturerFixes/@PART[Mk2Pod]:FOR[KSPCommunityFixes]:NEEDS[SquadExpansion/MakingHistory] to SquadExpansion/MakingHistory/Parts/Pods/Mk2Pod.cfg/PART[Mk2Pod]
[LOG 17:49:23.348] Applying update KSPCommunityFixes/MMPatches/StockTweaks/ManufacturerFixes/@PART[evaChute|parachuteSingle|parachuteRadial|radialDrogue|parachuteLarge|parachuteDrogue]:FOR[KSPCommunityFixes] to Squad/Parts/Cargo/Parachute/Parachute.cfg/PART[evaChute]
[LOG 17:49:23.349] Applying update KSPCommunityFixes/MMPatches/StockTweaks/ManufacturerFixes/@PART[evaChute|parachuteSingle|parachuteRadial|radialDrogue|parachuteLarge|parachuteDrogue]:FOR[KSPCommunityFixes] to Squad/Parts/Utility/parachuteMk1/parachuteMk1.cfg/PART[parachuteSingle]
[LOG 17:49:23.349] Applying update KSPCommunityFixes/MMPatches/StockTweaks/ManufacturerFixes/@PART[evaChute|parachuteSingle|parachuteRadial|radialDrogue|parachuteLarge|parachuteDrogue]:FOR[KSPCommunityFixes] to Squad/Parts/Utility/parachuteMk12-R/parachuteMk12-R.cfg/PART[radialDrogue]
[LOG 17:49:23.350] Applying update KSPCommunityFixes/MMPatches/StockTweaks/ManufacturerFixes/@PART[evaChute|parachuteSingle|parachuteRadial|radialDrogue|parachuteLarge|parachuteDrogue]:FOR[KSPCommunityFixes] to Squad/Parts/Utility/parachuteMk16-XL/parachuteMk16-XL.cfg/PART[parachuteLarge]
[LOG 17:49:23.350] Applying update KSPCommunityFixes/MMPatches/StockTweaks/ManufacturerFixes/@PART[evaChute|parachuteSingle|parachuteRadial|radialDrogue|parachuteLarge|parachuteDrogue]:FOR[KSPCommunityFixes] to Squad/Parts/Utility/parachuteMk2-R/parachuteMk2-R.cfg/PART[parachuteRadial]
[LOG 17:49:23.350] Applying update KSPCommunityFixes/MMPatches/StockTweaks/ManufacturerFixes/@PART[evaChute|parachuteSingle|parachuteRadial|radialDrogue|parachuteLarge|parachuteDrogue]:FOR[KSPCommunityFixes] to Squad/Parts/Utility/parachuteMk25/parachuteMk25.cfg/PART[parachuteDrogue]
[LOG 17:49:23.352] Applying update KSPCommunityFixes/MMPatches/StockTweaks/ManufacturerFixes/@PART[stackPoint1|dockingPort1|dockingPort2|dockingPort3|dockingPortLarge]:FOR[KSPCommunityFixes] to Squad/Parts/Utility/dockingPort/dockingPort.cfg/PART[dockingPort2]
[LOG 17:49:23.352] Applying update KSPCommunityFixes/MMPatches/StockTweaks/ManufacturerFixes/@PART[stackPoint1|dockingPort1|dockingPort2|dockingPort3|dockingPortLarge]:FOR[KSPCommunityFixes] to Squad/Parts/Utility/dockingPortJr/dockingPortJr.cfg/PART[dockingPort3]
[LOG 17:49:23.352] Applying update KSPCommunityFixes/MMPatches/StockTweaks/ManufacturerFixes/@PART[stackPoint1|dockingPort1|dockingPort2|dockingPort3|dockingPortLarge]:FOR[KSPCommunityFixes] to Squad/Parts/Utility/dockingPortShielded/dockingPortShielded.cfg/PART[dockingPort1]
[LOG 17:49:23.353] Applying update KSPCommunityFixes/MMPatches/StockTweaks/ManufacturerFixes/@PART[stackPoint1|dockingPort1|dockingPort2|dockingPort3|dockingPortLarge]:FOR[KSPCommunityFixes] to Squad/Parts/Utility/dockingPortSr/dockingPortSr.cfg/PART[dockingPortLarge]
[LOG 17:49:23.353] Applying update KSPCommunityFixes/MMPatches/StockTweaks/ManufacturerFixes/@PART[stackPoint1|dockingPort1|dockingPort2|dockingPort3|dockingPortLarge]:FOR[KSPCommunityFixes] to Squad/Parts/Utility/radialAttachmentPoint/radialAttachmentPoint.cfg/PART[stackPoint1]
[LOG 17:49:23.353] :AFTER[KSPCOMMUNITYFIXES] pass
[LOG 17:49:23.353] :BEFORE[MODULEMANAGER] pass
[LOG 17:49:23.353] :FOR[MODULEMANAGER] pass
[LOG 17:49:23.353] :AFTER[MODULEMANAGER] pass
[LOG 17:49:23.353] :BEFORE[SQUAD] pass
[LOG 17:49:23.353] :FOR[SQUAD] pass
[LOG 17:49:23.353] :AFTER[SQUAD] pass
[LOG 17:49:23.353] :BEFORE[SQUADEXPANSION] pass
[LOG 17:49:23.353] :FOR[SQUADEXPANSION] pass
[LOG 17:49:23.353] :AFTER[SQUADEXPANSION] pass
[LOG 17:49:23.353] :BEFORE[TERRAINPRECISIONFIXDIAG2MOD] pass
[LOG 17:49:23.353] :FOR[TERRAINPRECISIONFIXDIAG2MOD] pass
[LOG 17:49:23.353] :AFTER[TERRAINPRECISIONFIXDIAG2MOD] pass
[LOG 17:49:23.353] :BEFORE[TERRAINPRECISIONFIXDIAGMOD] pass
[LOG 17:49:23.353] :FOR[TERRAINPRECISIONFIXDIAGMOD] pass
[LOG 17:49:23.353] :AFTER[TERRAINPRECISIONFIXDIAGMOD] pass
[LOG 17:49:23.355] :LAST[999_KSP-RECALL] pass
[LOG 17:49:23.382] :FINAL pass
[LOG 17:49:23.382] Done patching
[LOG 17:49:23.382] Saving Cache
[LOG 17:49:23.514] Saving cache
[LOG 17:49:24.262] ModuleManager: 33 patches applied

[LOG 17:49:24.262] Ran in 1.820s
[LOG 17:49:24.292] Done!



#### END MODULEMANAGER LOG ####
[LOG 17:49:26.214] [ModuleManager] Running tests...
[LOG 17:49:26.214] [ModuleManager] tests complete.
[LOG 17:49:26.215] [ModuleManager] Reloading resources definitions
[LOG 17:49:26.215] Resource LiquidFuel added to database
[LOG 17:49:26.215] Resource Oxidizer added to database
[LOG 17:49:26.216] Resource SolidFuel added to database
[LOG 17:49:26.216] Resource MonoPropellant added to database
[LOG 17:49:26.216] Resource XenonGas added to database
[LOG 17:49:26.216] Resource ElectricCharge added to database
[LOG 17:49:26.216] Resource IntakeAir added to database
[LOG 17:49:26.216] Resource EVA Propellant added to database
[LOG 17:49:26.216] Resource Ore added to database
[LOG 17:49:26.216] Resource Ablator added to database
[LOG 17:49:26.216] [ModuleManager] Reloading Trait configs
[LOG 17:49:26.217] ExperienceSystemConfig: Added Effect 'DeployedSciencePowerSkill' to Trait 'Ingénieur'
[LOG 17:49:26.217] ExperienceSystemConfig: Added Effect 'DeployedScienceExpSkill' to Trait 'Scientifique'
[LOG 17:49:26.217] [ModuleManager] Reloading Part Upgrades
[LOG 17:49:26.217] [ModuleManager] Setting modded physics as the active one
[LOG 17:49:26.218] PhysicsGlobals: Loading database
[LOG 17:49:26.220] [ModuleManager] Running post patch callbacks
[LOG 17:49:26.231] [KSPCommunityFixes] Patch AutoStrutDrift applied.
[LOG 17:49:26.234] [KSPCommunityFixes] Patch EditorAnimatedPartsShipModified applied.
[LOG 17:49:26.241] [KSPCommunityFixes] Patch DragCubeLoadException applied.
[LOG 17:49:26.246] [KSPCommunityFixes] Patch DoubleCurvePreserveTangents applied.
[LOG 17:49:26.297] [KSPCommunityFixes] Patch DockingPortRotationDriftAndFixes applied.
[LOG 17:49:26.346] [KSPCommunityFixes] Patch DockingPortConserveMomentum applied.
[LOG 17:49:26.352] [KSPCommunityFixes] Patch DebugConsoleDontStealInput applied.
[LOG 17:49:26.357] [KSPCommunityFixes] Patch CorrectDragForFlags applied.
[LOG 17:49:26.358] [KSPCommunityFixes] Patch CometMiningNotRemovingMass applied.
[LOG 17:49:26.365] [KSPCommunityFixes] Patch ChutePhantomSymmetry applied.
[LOG 17:49:26.368] [KSPCommunityFixes] Patch CometSpawnerUniqueFlightId applied.
[LOG 17:49:26.369] [KSPCommunityFixes] Patch AsteroidSpawnerUniqueFlightId applied.
[LOG 17:49:26.370] [KSPCommunityFixes] Patch AsteroidInfiniteMining applied.
[LOG 17:49:26.402] [KSPCommunityFixes] Patch PersistentIConfigNode applied.
[LOG 17:49:26.402] [KSPCommunityFixes] Patch OnSymmetryFieldChanged not applied (not enabled in Settings.cfg)
[LOG 17:49:26.403] [KSPCommunityFixes] Patch ModUpgradePipeline not applied (not enabled in Settings.cfg)
[LOG 17:49:26.403] [KSPCommunityFixes] Patch KSPFieldEnumDesc not applied (not enabled in Settings.cfg)
[LOG 17:49:26.404] [KSPCommunityFixes] Patch EventProfilerMarkers not applied (not enabled in Settings.cfg)
[LOG 17:49:26.404] [KSPCommunityFixes] Patch DockingPortLockedEvents not applied (not enabled in Settings.cfg)
[LOG 17:49:26.407] [KSPCommunityFixes] Patch DepartmentHeadImage applied.
[LOG 17:49:26.421] [KSPCommunityFixes] Patch BaseFieldListUseFieldHost applied.
[LOG 17:49:26.458] [KSPCommunityFixes] Patch ResourceConverterPerf applied.
[LOG 17:49:26.467] [KSPCommunityFixes] Patch ProgressTrackingSpeedBoost applied.
[LOG 17:49:26.470] [KSPCommunityFixes] Patch PQSUpdateNoMemoryAlloc applied.
[LOG 17:49:26.471] [KSPCommunityFixes] Patch PQSOnlyStartOnce not applied (not enabled in Settings.cfg)
[LOG 17:49:26.482] [KSPCommunityFixes] Patch PQSCoroutineLeak applied.
[LOG 17:49:26.516] [KSPCommunityFixes] Patch PartSystemsFastUpdate applied.
[LOG 17:49:26.539] [KSPCommunityFixes] Patch PartParsingPerf applied.
[LOG 17:49:26.543] [KSPCommunityFixes] Patch EnginePlateAirstreamShieldedTopPart applied.
[LOG 17:49:26.552] [KSPCommunityFixes] Patch EVAConstructionMass applied.
[LOG 17:49:26.560] [KSPCommunityFixes] Patch EVAConstructionUninitializedInventory applied.
[LOG 17:49:26.567] [KSPCommunityFixes] Patch EVAKerbalRecovery applied.
[LOG 17:49:26.573] [KSPCommunityFixes] Patch TimeWarpOrbitShift applied.
[LOG 17:49:26.575] [KSPCommunityFixes] Patch TimeWarpBodyCollision applied.
[LOG 17:49:26.590] [KSPCommunityFixes] Patch ThumbnailSpotlight applied.
[LOG 17:49:26.596] [KSPCommunityFixes] Patch SymmetryReferenceOnDelete applied.
[LOG 17:49:26.596] [KSPCommunityFixes] Patch StrategyDuration not applied (not enabled in Settings.cfg)
[LOG 17:49:26.599] [KSPCommunityFixes] Patch StockAlarmDescPreserveLineBreak applied.
[LOG 17:49:26.630] [KSPCommunityFixes] Patch StickySplashedFixer applied.
[LOG 17:49:26.639] [KSPCommunityFixes] Patch ScatterDistribution applied.
[LOG 17:49:26.672] [KSPCommunityFixes] Patch RoboticsDrift applied.
[LOG 17:49:26.675] [KSPCommunityFixes] Patch RestoreMaxPhysicsDT applied.
[LOG 17:49:26.699] [KSPCommunityFixes] Patch RespawnDeadKerbals applied.
[LOG 17:49:26.704] [KSPCommunityFixes] Patch RescaledRoboticParts applied.
[LOG 17:49:26.707] [KSPCommunityFixes] Patch ReRootPreserveSurfaceAttach applied.
[LOG 17:49:26.741] [KSPCommunityFixes] Patch OptimizedModuleRaycasts applied.
[LOG 17:49:26.748] GetSubclassesOfParentClass: Found 1 types with ModuleInventoryPart parent in 8 assemblies.
[LOG 17:49:26.755] [KSPCommunityFixes] Patch RefundingOnRecovery applied.
[LOG 17:49:26.755] [KSPCommunityFixes] Patch PatchedConicEncounterFlickering applied.
[LOG 17:49:26.768] [KSPCommunityFixes] Patch PartListTooltipIconSpin applied.
[LOG 17:49:26.772] [KSPCommunityFixes] Patch PackedPartsRotation applied.
[LOG 17:49:26.786] [KSPCommunityFixes] Patch ModulePartVariantsNodePersistence applied.
[LOG 17:49:26.789] [KSPCommunityFixes] Patch ModuleAnimateGenericCrewModSpawnIVA applied.
[LOG 17:49:26.790] [KSPCommunityFixes] Patch ModuleActiveRadiatorNoParentException applied.
[LOG 17:49:26.794] [KSPCommunityFixes] Patch MapTargetBodyWithEncounter applied.
[LOG 17:49:26.797] [KSPCommunityFixes] Patch LostSoundAfterSceneSwitch applied.
[LOG 17:49:26.805] [KSPCommunityFixes] Patch LadderToggleableLight applied.
[LOG 17:49:26.821] [KSPCommunityFixes] Patch InventoryPartMass applied.
[LOG 17:49:26.828] [KSPCommunityFixes] Patch HarvesterECConsumption applied.
[LOG 17:49:26.830] [KSPCommunityFixes] Patch FixGetUnivseralTime applied.
[LOG 17:49:26.842] [KSPCommunityFixes] Patch ExtendedDeployableParts applied.
[LOG 17:49:26.844] [KSPCommunityFixes] Patch PropellantFlowDescription applied.
[LOG 17:49:26.869] [KSPCommunityFixes] Patch OptimisedVectorLines applied.
[LOG 17:49:26.877] [KSPCommunityFixes] Patch ModuleDockingNodeFindOtherNodesFaster applied.
[LOG 17:49:26.882] [KSPCommunityFixes] Patch ModuleColorChangerOptimization applied.
[LOG 17:49:26.889] [KSPCommunityFixes] Patch AutoSavedCraftNameAtLaunch applied.
[LOG 17:49:26.914] [KSPCommunityFixes] Patch PAWCollapsedInventories applied.
[LOG 17:49:26.918] [KSPCommunityFixes] Patch UIFloatEditNumericInput applied.
[LOG 17:49:26.946] [KSPCommunityFixes] Patch PAWStockGroups applied.
[LOG 17:49:26.958] [KSPCommunityFixes] Patch AltimeterHorizontalPosition applied.
[LOG 17:49:26.967] [KSPCommunityFixes] Patch SceneLoadSpeedBoost applied.
[LOG 17:49:27.017] [KSPCommunityFixes] Patch OnDemandPartBuoyancy applied.
[LOG 17:49:27.018] [KSPCommunityFixes] Patch ForceSyncSceneSwitch applied.
[LOG 17:49:27.018] [KSPCommunityFixes] Patch FewerSaves not applied (not enabled in Settings.cfg)
[LOG 17:49:27.021] [KSPCommunityFixes] Patch WheelInertiaLimit applied.
[LOG 17:49:27.021] [KSPCommunityFixes] Patch StockAlarmCustomFormatterDate isn't applicable to this KSP version.
[LOG 17:49:27.033] [KSPCommunityFixes] Patch ROCValidationOOR applied.
[LOG 17:49:27.045] [KSPCommunityFixes] Patch ZeroCostTechNodes applied.
[LOG 17:49:27.047] [KSPCommunityFixes] Patch ReactionWheelsPotentialTorque applied.
[LOG 17:49:27.052] [KSPCommunityFixes] Patch PAWGroupMemory applied.
[LOG 17:49:27.098] [KSPCommunityFixes] Patch PartStartStability applied.
[LOG 17:49:27.106] [KSPCommunityFixes] Patch PartBoundsIgnoreDisabledTransforms applied.
[LOG 17:49:27.156] [KSPCommunityFixes] Patch ModuleIndexingMismatch applied.
[LOG 17:49:27.161] [KSPCommunityFixes] Patch MapSOCorrectWrapping applied.
[LOG 17:49:27.162] [KSPCommunityFixes] Patch KerbalTooltipMaxSustainedG applied.
[LOG 17:49:27.166] [KSPCommunityFixes] Patch KerbalInventoryPersistence applied.
[LOG 17:49:27.166] [KSPCommunityFixes] Patch FlightSceneLoadKraken not applied (not enabled in Settings.cfg)
[LOG 17:49:27.169] [KSPCommunityFixes] Patch FIUpdateRadiation applied.
[LOG 17:49:27.171] [KSPCommunityFixes] Patch FastAndFixedEnumExtensions applied.
[LOG 17:49:27.216] [KSPCommunityFixes] Patch DeltaVHideWhenDisabled applied.
[LOG 17:49:27.221] [KSPCommunityFixes] Patch BlockMapViewPartClick applied.
[LOG 17:49:27.225] [KSPCommunityFixes] Patch PAWItemsOrder applied.
[LOG 17:49:27.287] [KSPCommunityFixes] Patch BetterEditorUndoRedo applied.
[LOG 17:49:27.304] [KSPCommunityFixes] Patch AutostrutActions applied.
[LOG 17:49:27.304] [KSPCommunityFixes] Patch DisableNewGameIntro not applied (not enabled in Settings.cfg)
[LOG 17:49:27.370] [KSPCommunityFixes] Patch MinorPerfTweaks applied.
[LOG 17:49:27.475] [KSPCommunityFixes] Patch MemoryLeaks applied.
[LOG 17:49:27.484] [KSPCommunityFixes] Patch LowerMinPhysicsDTPerFrame applied.
[LOG 17:49:27.489] [KSPCommunityFixes] Patch LocalizerPerf applied.
[LOG 17:49:27.491] [KSPCommunityFixes] Patch IMGUIOptimization applied.
[LOG 17:49:27.512] [KSPCommunityFixes] Patch FloatingOriginPerf applied.
[LOG 17:49:27.581] [KSPCommunityFixes] Patch FlightIntegratorPerf applied.
[LOG 17:49:27.586] [KSPCommunityFixes] Patch FasterPartFindTransform applied.
[LOG 17:49:27.601] [KSPCommunityFixes] Patch FasterEditorPartList applied.
[LOG 17:49:27.603] [KSPCommunityFixes] Patch ExpansionBundlePreload applied.
[LOG 17:49:27.617] [KSPCommunityFixes] Patch DragCubeGeneration applied.
[LOG 17:49:27.621] [KSPCommunityFixes] Patch DisableMapUpdateInFlight applied.
[LOG 17:49:27.622] [KSPCommunityFixes] Patch DisableHiddenPortraits applied.
[LOG 17:49:27.624] [KSPCommunityFixes] Patch DisableManeuverTool applied.
[LOG 17:49:27.664] [KSPCommunityFixes] Patch CraftBrowserOptimisations applied.
[LOG 17:49:27.668] [KSPCommunityFixes] Patch CommNetThrottling applied.
[LOG 17:49:27.680] [KSPCommunityFixes] Patch FairingMouseOverPersistence applied.
[LOG 17:49:27.700] [KSPCommunityFixes] Patch OptionalMakingHistoryDLCFeatures applied.
[LOG 17:49:27.703] [KSPCommunityFixes] Patch ResourceLockActions applied.
[LOG 17:49:27.712] [KSPCommunityFixes] Patch ShowContractFinishDates applied.
[LOG 17:49:27.723] [KSPCommunityFixes] Patch TargetParentBody applied.
[LOG 17:49:27.743] [KSPCommunityFixes] Patch ToolbarShowHide applied.
[LOG 17:49:27.746] [KSPCommunityFixes] Patch ContractProgressEnumCache applied.
[LOG 17:49:27.757] [KSPCommunityFixes] Patch ActiveRadiatorPerf applied.
[LOG 17:49:27.762] [KSPCommunityFixes] Patch CargoBayPerf applied.
[LOG 17:49:27.772] [KSPCommunityFixes] Patch CollisionEnhancerFastUpdate applied.
[LOG 17:49:27.777] [KSPCommunityFixes] Patch CollisionManagerFastUpdate applied.
[LOG 17:49:27.783] [KSPCommunityFixes] Patch AsteroidAndCometDrillCache applied.
[LOG 17:49:27.797] [KSPCommunityFixes] Patch TweakableWheelsAutostrut applied.
[LOG 17:49:27.830] [KSPCommunityFixes] Patch PatchSettings applied.
[LOG 17:49:27.882] [KSPCommunityFixes] Patch UpgradeBugs applied.
[LOG 17:49:27.882] [KSPCommunityFixes] Patch PartTooltipUpgradesApplyToSubstituteParts not applied (not enabled in Settings.cfg)
[LOG 17:49:27.962] [ModuleManager] Calling ConfigNodePerf.ModuleManagerPostLoad()
[LOG 17:49:27.963] [ModuleManager] Post patch ran in 1.754s
[LOG 17:49:27.987] PartLoader: Creating part database
[LOG 17:49:27.988] PartLoader: Compiling Part 'Squad/Parts/Aero/aerodynamicNoseCone/aerodynamicNoseCone/noseCone'
[LOG 17:49:28.011] EffectList: Created 15 effect types
[LOG 17:49:28.116] PartLoader: Part 'Squad/Parts/Aero/aerodynamicNoseCone/aerodynamicNoseCone/noseCone' has no database record. Creating.
[LOG 17:49:28.116] [DragCubeSystem]: Drag cubes not found or cannot be read for part Part. Generating New drag cubes.
[LOG 17:49:28.117] [KSPCF/DragCubeGeneration] Creating drag cubes for part 'noseCone'
[LOG 17:49:28.154] PartLoader: Compiling Part 'Squad/Parts/Aero/airbrake/Airbrake/airbrake1'
[LOG 17:49:28.188] PartLoader: Part 'Squad/Parts/Aero/airbrake/Airbrake/airbrake1' has no database record. Creating.
[LOG 17:49:28.188] [DragCubeSystem]: Drag cubes not found or cannot be read for part Part. Generating New drag cubes.
[LOG 17:49:28.189] [KSPCF/DragCubeGeneration] Creating drag cubes for part 'airbrake1'
[LOG 17:49:28.236] PartLoader: Compiling Part 'Squad/Parts/Aero/airIntakeRadialXM-G50/airIntakeRadialXM-G50/airScoop'
[LOG 17:49:28.261] PartLoader: Part 'Squad/Parts/Aero/airIntakeRadialXM-G50/airIntakeRadialXM-G50/airScoop' has no database record. Creating.
[LOG 17:49:28.261] [DragCubeSystem]: Drag cubes not found or cannot be read for part Part. Generating New drag cubes.
[LOG 17:49:28.261] [KSPCF/DragCubeGeneration] Creating drag cubes for part 'airScoop'
[LOG 17:49:28.270] PartLoader: Compiling Part 'Squad/Parts/Aero/airlinerWings/ControlSurface/airlinerCtrlSrf'
[LOG 17:49:28.296] PartLoader: Part 'Squad/Parts/Aero/airlinerWings/ControlSurface/airlinerCtrlSrf' has no database record. Creating.
[LOG 17:49:28.296] [DragCubeSystem]: Drag cubes not found or cannot be read for part Part. Generating New drag cubes.
[LOG 17:49:28.297] [KSPCF/DragCubeGeneration] Creating drag cubes for part 'airlinerCtrlSrf'
[LOG 17:49:28.333] PartLoader: Compiling Part 'Squad/Parts/Aero/airlinerWings/MainWing/airlinerMainWing'
[LOG 17:49:28.344] PartLoader: Part 'Squad/Parts/Aero/airlinerWings/MainWing/airlinerMainWing' has no database record. Creating.
[LOG 17:49:28.344] [DragCubeSystem]: Drag cubes not found or cannot be read for part Part. Generating New drag cubes.
[LOG 17:49:28.344] [KSPCF/DragCubeGeneration] Creating drag cubes for part 'airlinerMainWing'
[LOG 17:49:28.349] PartLoader: Compiling Part 'Squad/Parts/Aero/airlinerWings/TailFin/airlinerTailFin'
[LOG 17:49:28.368] PartLoader: Part 'Squad/Parts/Aero/airlinerWings/TailFin/airlinerTailFin' has no database record. Creating.
[LOG 17:49:28.368] [DragCubeSystem]: Drag cubes not found or cannot be read for part Part. Generating New drag cubes.
[LOG 17:49:28.368] [KSPCF/DragCubeGeneration] Creating drag cubes for part 'airlinerTailFin'
[LOG 17:49:28.400] PartLoader: Compiling Part 'Squad/Parts/Aero/airplaneFins/advancedCanard/AdvancedCanard'
[LOG 17:49:28.406] PartLoader: Part 'Squad/Parts/Aero/airplaneFins/advancedCanard/AdvancedCanard' has no database record. Creating.
[LOG 17:49:28.406] [DragCubeSystem]: Drag cubes not found or cannot be read for part Part. Generating New drag cubes.
[LOG 17:49:28.406] [KSPCF/DragCubeGeneration] Creating drag cubes for part 'AdvancedCanard'
[LOG 17:49:28.426] PartLoader: Compiling Part 'Squad/Parts/Aero/airplaneFins/standardCanard/CanardController'
[LOG 17:49:28.434] PartLoader: Part 'Squad/Parts/Aero/airplaneFins/standardCanard/CanardController' has no database record. Creating.
[LOG 17:49:28.434] [DragCubeSystem]: Drag cubes not found or cannot be read for part Part. Generating New drag cubes.
[LOG 17:49:28.434] [KSPCF/DragCubeGeneration] Creating drag cubes for part 'CanardController'
[LOG 17:49:28.453] PartLoader: Compiling Part 'Squad/Parts/Aero/airplaneFins/sweptWing/sweptWing'
[LOG 17:49:28.457] PartLoader: Part 'Squad/Parts/Aero/airplaneFins/sweptWing/sweptWing' has no database record. Creating.
[LOG 17:49:28.457] [DragCubeSystem]: Drag cubes not found or cannot be read for part Part. Generating New drag cubes.
[LOG 17:49:28.457] [KSPCF/DragCubeGeneration] Creating drag cubes for part 'sweptWing'
[LOG 17:49:28.462] PartLoader: Compiling Part 'Squad/Parts/Aero/airplaneFins/tailfin/tailfin'
[LOG 17:49:28.468] PartLoader: Part 'Squad/Parts/Aero/airplaneFins/tailfin/tailfin' has no database record. Creating.
[LOG 17:49:28.468] [DragCubeSystem]: Drag cubes not found or cannot be read for part Part. Generating New drag cubes.
[LOG 17:49:28.468] [KSPCF/DragCubeGeneration] Creating drag cubes for part 'tailfin'
[LOG 17:49:28.487] PartLoader: Compiling Part 'Squad/Parts/Aero/basicFin/basicFin/basicFin'
[LOG 17:49:28.492] PartLoader: Part 'Squad/Parts/Aero/basicFin/basicFin/basicFin' has no database record. Creating.
[LOG 17:49:28.492] [DragCubeSystem]: Drag cubes not found or cannot be read for part Part. Generating New drag cubes.
[LOG 17:49:28.492] [KSPCF/DragCubeGeneration] Creating drag cubes for part 'basicFin'
[LOG 17:49:28.497] PartLoader: Compiling Part 'Squad/Parts/Aero/circularIntake/circularIntake/CircularIntake'
[LOG 17:49:28.508] PartLoader: Part 'Squad/Parts/Aero/circularIntake/circularIntake/CircularIntake' has no database record. Creating.
[LOG 17:49:28.509] PartLoader: Compiling Part 'Squad/Parts/Aero/circularIntake/intakeShockCone/shockConeIntake'
[LOG 17:49:28.514] PartLoader: Part 'Squad/Parts/Aero/circularIntake/intakeShockCone/shockConeIntake' has no database record. Creating.
[LOG 17:49:28.515] PartLoader: Compiling Part 'Squad/Parts/Aero/cones/avionicsNoseCone/avionicsNoseCone'
[LOG 17:49:28.534] PartLoader: Part 'Squad/Parts/Aero/cones/avionicsNoseCone/avionicsNoseCone' has no database record. Creating.
[LOG 17:49:28.534] [DragCubeSystem]: Drag cubes not found or cannot be read for part Part. Generating New drag cubes.
[LOG 17:49:28.534] [KSPCF/DragCubeGeneration] Creating drag cubes for part 'avionicsNoseCone'
[LOG 17:49:28.543] PartLoader: Compiling Part 'Squad/Parts/Aero/cones/ConeA/pointyNoseConeA'
[LOG 17:49:28.546] PartLoader: Part 'Squad/Parts/Aero/cones/ConeA/pointyNoseConeA' has no database record. Creating.
[LOG 17:49:28.546] [DragCubeSystem]: Drag cubes not found or cannot be read for part Part. Generating New drag cubes.
[LOG 17:49:28.546] [KSPCF/DragCubeGeneration] Creating drag cubes for part 'pointyNoseConeA'
[LOG 17:49:28.552] PartLoader: Compiling Part 'Squad/Parts/Aero/cones/ConeB/pointyNoseConeB'
[LOG 17:49:28.557] PartLoader: Part 'Squad/Parts/Aero/cones/ConeB/pointyNoseConeB' has no database record. Creating.
[LOG 17:49:28.557] [DragCubeSystem]: Drag cubes not found or cannot be read for part Part. Generating New drag cubes.
[LOG 17:49:28.557] [KSPCF/DragCubeGeneration] Creating drag cubes for part 'pointyNoseConeB'
[LOG 17:49:28.562] PartLoader: Compiling Part 'Squad/Parts/Aero/cones/noseConeAdapter/noseConeAdapter'
[LOG 17:49:28.569] PartLoader: Part 'Squad/Parts/Aero/cones/noseConeAdapter/noseConeAdapter' has no database record. Creating.
[LOG 17:49:28.569] [DragCubeSystem]: Drag cubes not found or cannot be read for part Part. Generating New drag cubes.
[LOG 17:49:28.569] [KSPCF/DragCubeGeneration] Creating drag cubes for part 'noseConeAdapter'
[LOG 17:49:28.574] PartLoader: Compiling Part 'Squad/Parts/Aero/cones/protectiveRocketNoseMk7_v2/rocketNoseCone_v2'
[LOG 17:49:28.580] PartLoader: Part 'Squad/Parts/Aero/cones/protectiveRocketNoseMk7_v2/rocketNoseCone_v2' has no database record. Creating.
[LOG 17:49:28.580] [DragCubeSystem]: Drag cubes not found or cannot be read for part Part. Generating New drag cubes.
[LOG 17:49:28.580] [KSPCF/DragCubeGeneration] Creating drag cubes for part 'rocketNoseCone.v2'
[LOG 17:49:28.585] PartLoader: Compiling Part 'Squad/Parts/Aero/cones/protectiveRocketNoseMk7_v3/rocketNoseCone_v3'
[LOG 17:49:28.589] PartLoader: Part 'Squad/Parts/Aero/cones/protectiveRocketNoseMk7_v3/rocketNoseCone_v3' has no database record. Creating.
[LOG 17:49:28.589] [DragCubeSystem]: Drag cubes not found or cannot be read for part Part. Generating New drag cubes.
[LOG 17:49:28.589] [KSPCF/DragCubeGeneration] Creating drag cubes for part 'rocketNoseCone.v3'
[LOG 17:49:28.594] PartLoader: Compiling Part 'Squad/Parts/Aero/cones/rocketNoseCone_size3/rocketNoseConeSize3'
[LOG 17:49:28.600] PartLoader: Part 'Squad/Parts/Aero/cones/rocketNoseCone_size3/rocketNoseConeSize3' has no database record. Creating.
[LOG 17:49:28.600] [DragCubeSystem]: Drag cubes not found or cannot be read for part Part. Generating New drag cubes.
[LOG 17:49:28.600] [KSPCF/DragCubeGeneration] Creating drag cubes for part 'rocketNoseConeSize3'
[LOG 17:49:28.607] PartLoader: Compiling Part 'Squad/Parts/Aero/cones/smallNoseCone/standardNoseCone'
[LOG 17:49:28.611] PartLoader: Part 'Squad/Parts/Aero/cones/smallNoseCone/standardNoseCone' has no database record. Creating.
[LOG 17:49:28.612] [DragCubeSystem]: Drag cubes not found or cannot be read for part Part. Generating New drag cubes.
[LOG 17:49:28.612] [KSPCF/DragCubeGeneration] Creating drag cubes for part 'standardNoseCone'
[LOG 17:49:28.617] PartLoader: Compiling Part 'Squad/Parts/Aero/cones/tailConnectorA/airplaneTail'
[LOG 17:49:28.621] PartLoader: Part 'Squad/Parts/Aero/cones/tailConnectorA/airplaneTail' has no database record. Creating.
[LOG 17:49:28.621] [DragCubeSystem]: Drag cubes not found or cannot be read for part Part. Generating New drag cubes.
[LOG 17:49:28.621] [KSPCF/DragCubeGeneration] Creating drag cubes for part 'airplaneTail'
[LOG 17:49:28.626] PartLoader: Compiling Part 'Squad/Parts/Aero/cones/tailConnectorB/airplaneTailB'
[LOG 17:49:28.631] PartLoader: Part 'Squad/Parts/Aero/cones/tailConnectorB/airplaneTailB' has no database record. Creating.
[LOG 17:49:28.631] [DragCubeSystem]: Drag cubes not found or cannot be read for part Part. Generating New drag cubes.
[LOG 17:49:28.631] [KSPCF/DragCubeGeneration] Creating drag cubes for part 'airplaneTailB'
[LOG 17:49:28.636] PartLoader: Compiling Part 'Squad/Parts/Aero/fairings/fairingSize1/fairingSize1'
[LOG 17:49:28.683] PartLoader: Part 'Squad/Parts/Aero/fairings/fairingSize1/fairingSize1' has no database record. Creating.
[LOG 17:49:28.683] [DragCubeSystem]: Drag cubes not found or cannot be read for part Part. Generating New drag cubes.
[LOG 17:49:28.683] [KSPCF/DragCubeGeneration] Creating drag cubes for part 'fairingSize1'
[LOG 17:49:28.689] PartLoader: Compiling Part 'Squad/Parts/Aero/fairings/fairingSize2/fairingSize2'
[LOG 17:49:28.705] PartLoader: Part 'Squad/Parts/Aero/fairings/fairingSize2/fairingSize2' has no database record. Creating.
[LOG 17:49:28.706] [DragCubeSystem]: Drag cubes not found or cannot be read for part Part. Generating New drag cubes.
[LOG 17:49:28.706] [KSPCF/DragCubeGeneration] Creating drag cubes for part 'fairingSize2'
[LOG 17:49:28.711] PartLoader: Compiling Part 'Squad/Parts/Aero/fairings/fairingSize3/fairingSize3'
[LOG 17:49:28.729] PartLoader: Part 'Squad/Parts/Aero/fairings/fairingSize3/fairingSize3' has no database record. Creating.
[LOG 17:49:28.729] [DragCubeSystem]: Drag cubes not found or cannot be read for part Part. Generating New drag cubes.
[LOG 17:49:28.729] [KSPCF/DragCubeGeneration] Creating drag cubes for part 'fairingSize3'
[LOG 17:49:28.734] PartLoader: Compiling Part 'Squad/Parts/Aero/HeatShield/HeatShield0/HeatShield0'
[LOG 17:49:28.757] PartLoader: Part 'Squad/Parts/Aero/HeatShield/HeatShield0/HeatShield0' has no database record. Creating.
[LOG 17:49:28.757] [DragCubeSystem]: Drag cubes not found or cannot be read for part Part. Generating New drag cubes.
[LOG 17:49:28.757] [KSPCF/DragCubeGeneration] Creating drag cubes for part 'HeatShield0'
[LOG 17:49:28.764] PartLoader: Compiling Part 'Squad/Parts/Aero/HeatShield/HeatShield1/HeatShield1'
[LOG 17:49:28.778] PartLoader: Part 'Squad/Parts/Aero/HeatShield/HeatShield1/HeatShield1' has no database record. Creating.
[LOG 17:49:28.778] [DragCubeSystem]: Drag cubes not found or cannot be read for part Part. Generating New drag cubes.
[LOG 17:49:28.778] [KSPCF/DragCubeGeneration] Creating drag cubes for part 'HeatShield1'
[LOG 17:49:28.791] PartLoader: Compiling Part 'Squad/Parts/Aero/HeatShield/HeatShield2/HeatShield2'
[LOG 17:49:28.796] PartLoader: Part 'Squad/Parts/Aero/HeatShield/HeatShield2/HeatShield2' has no database record. Creating.
[LOG 17:49:28.797] [DragCubeSystem]: Drag cubes not found or cannot be read for part Part. Generating New drag cubes.
[LOG 17:49:28.797] [KSPCF/DragCubeGeneration] Creating drag cubes for part 'HeatShield2'
[LOG 17:49:28.810] PartLoader: Compiling Part 'Squad/Parts/Aero/HeatShield/HeatShield3/HeatShield3'
[LOG 17:49:28.818] PartLoader: Part 'Squad/Parts/Aero/HeatShield/HeatShield3/HeatShield3' has no database record. Creating.
[LOG 17:49:28.818] [DragCubeSystem]: Drag cubes not found or cannot be read for part Part. Generating New drag cubes.
[LOG 17:49:28.818] [KSPCF/DragCubeGeneration] Creating drag cubes for part 'HeatShield3'
[LOG 17:49:28.832] PartLoader: Compiling Part 'Squad/Parts/Aero/InflatableHeatShield/HeatShield/InflatableHeatShield'
[LOG 17:49:28.847] PartLoader: Part 'Squad/Parts/Aero/InflatableHeatShield/HeatShield/InflatableHeatShield' has no database record. Creating.
[LOG 17:49:28.848] [DragCubeSystem]: Drag cubes not found or cannot be read for part Part. Generating New drag cubes.
[LOG 17:49:28.848] [KSPCF/DragCubeGeneration] Creating drag cubes for part 'InflatableHeatShield'
[LOG 17:49:28.862] PartLoader: Compiling Part 'Squad/Parts/Aero/intakeRadialLong/intakeRadialLong/IntakeRadialLong'
[LOG 17:49:28.867] PartLoader: Part 'Squad/Parts/Aero/intakeRadialLong/intakeRadialLong/IntakeRadialLong' has no database record. Creating.
[LOG 17:49:28.867] [DragCubeSystem]: Drag cubes not found or cannot be read for part Part. Generating New drag cubes.
[LOG 17:49:28.867] [KSPCF/DragCubeGeneration] Creating drag cubes for part 'IntakeRadialLong'
[LOG 17:49:28.872] PartLoader: Compiling Part 'Squad/Parts/Aero/miniIntake/SmallIntake/miniIntake'
[LOG 17:49:28.877] PartLoader: Part 'Squad/Parts/Aero/miniIntake/SmallIntake/miniIntake' has no database record. Creating.
[LOG 17:49:28.878] PartLoader: Compiling Part 'Squad/Parts/Aero/ramAirIntake/ramAirIntake/ramAirIntake'
[LOG 17:49:28.883] PartLoader: Part 'Squad/Parts/Aero/ramAirIntake/ramAirIntake/ramAirIntake' has no database record. Creating.
[LOG 17:49:28.884] PartLoader: Compiling Part 'Squad/Parts/Aero/shuttleWings/delta/wingShuttleDelta'
[LOG 17:49:28.886] PartLoader: Part 'Squad/Parts/Aero/shuttleWings/delta/wingShuttleDelta' has no database record. Creating.
[LOG 17:49:28.886] [DragCubeSystem]: Drag cubes not found or cannot be read for part Part. Generating New drag cubes.
[LOG 17:49:28.886] [KSPCF/DragCubeGeneration] Creating drag cubes for part 'wingShuttleDelta'
[LOG 17:49:28.890] PartLoader: Compiling Part 'Squad/Parts/Aero/shuttleWings/elevon1/wingShuttleElevon1'
[LOG 17:49:28.895] PartLoader: Part 'Squad/Parts/Aero/shuttleWings/elevon1/wingShuttleElevon1' has no database record. Creating.
[LOG 17:49:28.895] [DragCubeSystem]: Drag cubes not found or cannot be read for part Part. Generating New drag cubes.
[LOG 17:49:28.895] [KSPCF/DragCubeGeneration] Creating drag cubes for part 'wingShuttleElevon1'
[LOG 17:49:28.912] PartLoader: Compiling Part 'Squad/Parts/Aero/shuttleWings/elevon2/wingShuttleElevon2'
[LOG 17:49:28.918] PartLoader: Part 'Squad/Parts/Aero/shuttleWings/elevon2/wingShuttleElevon2' has no database record. Creating.
[LOG 17:49:28.918] [DragCubeSystem]: Drag cubes not found or cannot be read for part Part. Generating New drag cubes.
[LOG 17:49:28.919] [KSPCF/DragCubeGeneration] Creating drag cubes for part 'wingShuttleElevon2'
[LOG 17:49:28.935] PartLoader: Compiling Part 'Squad/Parts/Aero/shuttleWings/rudder/wingShuttleRudder'
[LOG 17:49:28.942] PartLoader: Part 'Squad/Parts/Aero/shuttleWings/rudder/wingShuttleRudder' has no database record. Creating.
[LOG 17:49:28.942] [DragCubeSystem]: Drag cubes not found or cannot be read for part Part. Generating New drag cubes.
[LOG 17:49:28.942] [KSPCF/DragCubeGeneration] Creating drag cubes for part 'wingShuttleRudder'
[LOG 17:49:28.958] PartLoader: Compiling Part 'Squad/Parts/Aero/shuttleWings/strake/wingShuttleStrake'
[LOG 17:49:28.962] PartLoader: Part 'Squad/Parts/Aero/shuttleWings/strake/wingShuttleStrake' has no database record. Creating.
[LOG 17:49:28.962] [DragCubeSystem]: Drag cubes not found or cannot be read for part Part. Generating New drag cubes.
[LOG 17:49:28.962] [KSPCF/DragCubeGeneration] Creating drag cubes for part 'wingShuttleStrake'
[LOG 17:49:28.967] PartLoader: Compiling Part 'Squad/Parts/Aero/wingletAV-R8/wingletAV-R8/R8winglet'
[LOG 17:49:28.972] PartLoader: Part 'Squad/Parts/Aero/wingletAV-R8/wingletAV-R8/R8winglet' has no database record. Creating.
[LOG 17:49:28.973] [DragCubeSystem]: Drag cubes not found or cannot be read for part Part. Generating New drag cubes.
[LOG 17:49:28.973] [KSPCF/DragCubeGeneration] Creating drag cubes for part 'R8winglet'
[LOG 17:49:28.988] PartLoader: Compiling Part 'Squad/Parts/Aero/wingletAV-T1/wingletAV-T1/winglet'
[LOG 17:49:28.993] PartLoader: Part 'Squad/Parts/Aero/wingletAV-T1/wingletAV-T1/winglet' has no database record. Creating.
[LOG 17:49:28.993] [DragCubeSystem]: Drag cubes not found or cannot be read for part Part. Generating New drag cubes.
[LOG 17:49:28.993] [KSPCF/DragCubeGeneration] Creating drag cubes for part 'winglet'
[LOG 17:49:28.997] PartLoader: Compiling Part 'Squad/Parts/Aero/wingletDeltaDeluxe/wingletDeltaDeluxe/winglet3'
[LOG 17:49:29.003] PartLoader: Part 'Squad/Parts/Aero/wingletDeltaDeluxe/wingletDeltaDeluxe/winglet3' has no database record. Creating.
[LOG 17:49:29.003] [DragCubeSystem]: Drag cubes not found or cannot be read for part Part. Generating New drag cubes.
[LOG 17:49:29.003] [KSPCF/DragCubeGeneration] Creating drag cubes for part 'winglet3'
[LOG 17:49:29.020] PartLoader: Compiling Part 'Squad/Parts/Aero/wings/connector1/wingConnector'
[LOG 17:49:29.026] PartLoader: Part 'Squad/Parts/Aero/wings/connector1/wingConnector' has no database record. Creating.
[LOG 17:49:29.026] [DragCubeSystem]: Drag cubes not found or cannot be read for part Part. Generating New drag cubes.
[LOG 17:49:29.026] [KSPCF/DragCubeGeneration] Creating drag cubes for part 'wingConnector'
[LOG 17:49:29.030] PartLoader: Compiling Part 'Squad/Parts/Aero/wings/connector2/wingConnector2'
[LOG 17:49:29.034] PartLoader: Part 'Squad/Parts/Aero/wings/connector2/wingConnector2' has no database record. Creating.
[LOG 17:49:29.034] [DragCubeSystem]: Drag cubes not found or cannot be read for part Part. Generating New drag cubes.
[LOG 17:49:29.035] [KSPCF/DragCubeGeneration] Creating drag cubes for part 'wingConnector2'
[LOG 17:49:29.038] PartLoader: Compiling Part 'Squad/Parts/Aero/wings/connector3/wingConnector3'
[LOG 17:49:29.041] PartLoader: Part 'Squad/Parts/Aero/wings/connector3/wingConnector3' has no database record. Creating.
[LOG 17:49:29.041] [DragCubeSystem]: Drag cubes not found or cannot be read for part Part. Generating New drag cubes.
[LOG 17:49:29.041] [KSPCF/DragCubeGeneration] Creating drag cubes for part 'wingConnector3'
[LOG 17:49:29.045] PartLoader: Compiling Part 'Squad/Parts/Aero/wings/connector4/wingConnector4'
[LOG 17:49:29.052] PartLoader: Part 'Squad/Parts/Aero/wings/connector4/wingConnector4' has no database record. Creating.
[LOG 17:49:29.052] [DragCubeSystem]: Drag cubes not found or cannot be read for part Part. Generating New drag cubes.
[LOG 17:49:29.052] [KSPCF/DragCubeGeneration] Creating drag cubes for part 'wingConnector4'
[LOG 17:49:29.055] PartLoader: Compiling Part 'Squad/Parts/Aero/wings/connector5/wingConnector5'
[LOG 17:49:29.058] PartLoader: Part 'Squad/Parts/Aero/wings/connector5/wingConnector5' has no database record. Creating.
[LOG 17:49:29.059] [DragCubeSystem]: Drag cubes not found or cannot be read for part Part. Generating New drag cubes.
[LOG 17:49:29.059] [KSPCF/DragCubeGeneration] Creating drag cubes for part 'wingConnector5'
[LOG 17:49:29.063] PartLoader: Compiling Part 'Squad/Parts/Aero/wings/delta/deltaWing'
[LOG 17:49:29.067] PartLoader: Part 'Squad/Parts/Aero/wings/delta/deltaWing' has no database record. Creating.
[LOG 17:49:29.067] [DragCubeSystem]: Drag cubes not found or cannot be read for part Part. Generating New drag cubes.
[LOG 17:49:29.067] [KSPCF/DragCubeGeneration] Creating drag cubes for part 'deltaWing'
[LOG 17:49:29.071] PartLoader: Compiling Part 'Squad/Parts/Aero/wings/delta_small/delta_small'
[LOG 17:49:29.075] PartLoader: Part 'Squad/Parts/Aero/wings/delta_small/delta_small' has no database record. Creating.
[LOG 17:49:29.075] [DragCubeSystem]: Drag cubes not found or cannot be read for part Part. Generating New drag cubes.
[LOG 17:49:29.075] [KSPCF/DragCubeGeneration] Creating drag cubes for part 'delta.small'
[LOG 17:49:29.079] PartLoader: Compiling Part 'Squad/Parts/Aero/wings/elevon1/StandardCtrlSrf'
[LOG 17:49:29.085] PartLoader: Part 'Squad/Parts/Aero/wings/elevon1/StandardCtrlSrf' has no database record. Creating.
[LOG 17:49:29.085] [DragCubeSystem]: Drag cubes not found or cannot be read for part Part. Generating New drag cubes.
[LOG 17:49:29.085] [KSPCF/DragCubeGeneration] Creating drag cubes for part 'StandardCtrlSrf'
[LOG 17:49:29.102] PartLoader: Compiling Part 'Squad/Parts/Aero/wings/elevon2/elevon2'
[LOG 17:49:29.107] PartLoader: Part 'Squad/Parts/Aero/wings/elevon2/elevon2' has no database record. Creating.
[LOG 17:49:29.107] [DragCubeSystem]: Drag cubes not found or cannot be read for part Part. Generating New drag cubes.
[LOG 17:49:29.107] [KSPCF/DragCubeGeneration] Creating drag cubes for part 'elevon2'
[LOG 17:49:29.123] PartLoader: Compiling Part 'Squad/Parts/Aero/wings/elevon3/elevon3'
[LOG 17:49:29.130] PartLoader: Part 'Squad/Parts/Aero/wings/elevon3/elevon3' has no database record. Creating.
[LOG 17:49:29.130] [DragCubeSystem]: Drag cubes not found or cannot be read for part Part. Generating New drag cubes.
[LOG 17:49:29.130] [KSPCF/DragCubeGeneration] Creating drag cubes for part 'elevon3'
[LOG 17:49:29.147] PartLoader: Compiling Part 'Squad/Parts/Aero/wings/elevon4/smallCtrlSrf'
[LOG 17:49:29.155] PartLoader: Part 'Squad/Parts/Aero/wings/elevon4/smallCtrlSrf' has no database record. Creating.
[LOG 17:49:29.155] [DragCubeSystem]: Drag cubes not found or cannot be read for part Part. Generating New drag cubes.
[LOG 17:49:29.155] [KSPCF/DragCubeGeneration] Creating drag cubes for part 'smallCtrlSrf'
[LOG 17:49:29.172] PartLoader: Compiling Part 'Squad/Parts/Aero/wings/elevon5/elevon5'
[LOG 17:49:29.176] PartLoader: Part 'Squad/Parts/Aero/wings/elevon5/elevon5' has no database record. Creating.
[LOG 17:49:29.176] [DragCubeSystem]: Drag cubes not found or cannot be read for part Part. Generating New drag cubes.
[LOG 17:49:29.176] [KSPCF/DragCubeGeneration] Creating drag cubes for part 'elevon5'
[LOG 17:49:29.192] PartLoader: Compiling Part 'Squad/Parts/Aero/wings/strake/wingStrake'
[LOG 17:49:29.195] PartLoader: Part 'Squad/Parts/Aero/wings/strake/wingStrake' has no database record. Creating.
[LOG 17:49:29.195] [DragCubeSystem]: Drag cubes not found or cannot be read for part Part. Generating New drag cubes.
[LOG 17:49:29.195] [KSPCF/DragCubeGeneration] Creating drag cubes for part 'wingStrake'
[LOG 17:49:29.199] PartLoader: Compiling Part 'Squad/Parts/Aero/wings/structural1/structuralWing'
[LOG 17:49:29.203] PartLoader: Part 'Squad/Parts/Aero/wings/structural1/structuralWing' has no database record. Creating.
[LOG 17:49:29.203] [DragCubeSystem]: Drag cubes not found or cannot be read for part Part. Generating New drag cubes.
[LOG 17:49:29.203] [KSPCF/DragCubeGeneration] Creating drag cubes for part 'structuralWing'
[LOG 17:49:29.207] PartLoader: Compiling Part 'Squad/Parts/Aero/wings/structural2/structuralWing2'
[LOG 17:49:29.212] PartLoader: Part 'Squad/Parts/Aero/wings/structural2/structuralWing2' has no database record. Creating.
[LOG 17:49:29.212] [DragCubeSystem]: Drag cubes not found or cannot be read for part Part. Generating New drag cubes.
[LOG 17:49:29.212] [KSPCF/DragCubeGeneration] Creating drag cubes for part 'structuralWing2'
[LOG 17:49:29.216] PartLoader: Compiling Part 'Squad/Parts/Aero/wings/structural3/structuralWing3'
[LOG 17:49:29.220] PartLoader: Part 'Squad/Parts/Aero/wings/structural3/structuralWing3' has no database record. Creating.
[LOG 17:49:29.220] [DragCubeSystem]: Drag cubes not found or cannot be read for part Part. Generating New drag cubes.
[LOG 17:49:29.220] [KSPCF/DragCubeGeneration] Creating drag cubes for part 'structuralWing3'
[LOG 17:49:29.225] PartLoader: Compiling Part 'Squad/Parts/Aero/wings/structural4/structuralWing4'
[LOG 17:49:29.229] PartLoader: Part 'Squad/Parts/Aero/wings/structural4/structuralWing4' has no database record. Creating.
[LOG 17:49:29.229] [DragCubeSystem]: Drag cubes not found or cannot be read for part Part. Generating New drag cubes.
[LOG 17:49:29.229] [KSPCF/DragCubeGeneration] Creating drag cubes for part 'structuralWing4'
[LOG 17:49:29.234] PartLoader: Compiling Part 'Squad/Parts/Aero/wings/swept1/sweptWing1'
[LOG 17:49:29.238] PartLoader: Part 'Squad/Parts/Aero/wings/swept1/sweptWing1' has no database record. Creating.
[LOG 17:49:29.238] [DragCubeSystem]: Drag cubes not found or cannot be read for part Part. Generating New drag cubes.
[LOG 17:49:29.238] [KSPCF/DragCubeGeneration] Creating drag cubes for part 'sweptWing1'
[LOG 17:49:29.242] PartLoader: Compiling Part 'Squad/Parts/Aero/wings/swept2/sweptWing2'
[LOG 17:49:29.245] PartLoader: Part 'Squad/Parts/Aero/wings/swept2/sweptWing2' has no database record. Creating.
[LOG 17:49:29.245] [DragCubeSystem]: Drag cubes not found or cannot be read for part Part. Generating New drag cubes.
[LOG 17:49:29.245] [KSPCF/DragCubeGeneration] Creating drag cubes for part 'sweptWing2'
[LOG 17:49:29.249] PartLoader: Compiling Part 'Squad/Parts/Cargo/CargoContainers/cargoContainer/cargoContainer'
[WRN 17:49:29.251] [Part]: Cannot have ModuleCargoPart and ModuleInventoryPart on same Part [cargoContainer'. Removed ModuleCargoPart
[LOG 17:49:29.262] PartLoader: Part 'Squad/Parts/Cargo/CargoContainers/cargoContainer/cargoContainer' has no database record. Creating.
[LOG 17:49:29.262] [DragCubeSystem]: Drag cubes not found or cannot be read for part Part. Generating New drag cubes.
[LOG 17:49:29.262] [KSPCF/DragCubeGeneration] Creating drag cubes for part 'cargoContainer'
[LOG 17:49:29.268] PartLoader: Compiling Part 'Squad/Parts/Cargo/CargoContainers/smallCargoContainer/smallCargoContainer'
[WRN 17:49:29.270] [Part]: Cannot have ModuleCargoPart and ModuleInventoryPart on same Part [smallCargoContainer'. Removed ModuleCargoPart
[LOG 17:49:29.273] PartLoader: Part 'Squad/Parts/Cargo/CargoContainers/smallCargoContainer/smallCargoContainer' has no database record. Creating.
[LOG 17:49:29.273] [DragCubeSystem]: Drag cubes not found or cannot be read for part Part. Generating New drag cubes.
[LOG 17:49:29.273] [KSPCF/DragCubeGeneration] Creating drag cubes for part 'smallCargoContainer'
[LOG 17:49:29.278] PartLoader: Compiling Part 'Squad/Parts/Cargo/Cylinder/Cylinder/evaCylinder'
[LOG 17:49:29.283] PartLoader: Part 'Squad/Parts/Cargo/Cylinder/Cylinder/evaCylinder' has no database record. Creating.
[LOG 17:49:29.283] [DragCubeSystem]: Drag cubes not found or cannot be read for part Part. Generating New drag cubes.
[LOG 17:49:29.283] [KSPCF/DragCubeGeneration] Creating drag cubes for part 'evaCylinder'
[LOG 17:49:29.287] PartLoader: Compiling Part 'Squad/Parts/Cargo/GroundAnchor/groundAnchor/groundAnchor'
[LOG 17:49:29.308] PartLoader: Part 'Squad/Parts/Cargo/GroundAnchor/groundAnchor/groundAnchor' has no database record. Creating.
[LOG 17:49:29.308] [DragCubeSystem]: Drag cubes not found or cannot be read for part Part. Generating New drag cubes.
[LOG 17:49:29.308] [KSPCF/DragCubeGeneration] Creating drag cubes for part 'groundAnchor'
[LOG 17:49:29.322] PartLoader: Compiling Part 'Squad/Parts/Cargo/Jetpack/Jetpack/evaJetpack'
[LOG 17:49:29.328] PartLoader: Part 'Squad/Parts/Cargo/Jetpack/Jetpack/evaJetpack' has no database record. Creating.
[LOG 17:49:29.328] [DragCubeSystem]: Drag cubes not found or cannot be read for part Part. Generating New drag cubes.
[LOG 17:49:29.328] [KSPCF/DragCubeGeneration] Creating drag cubes for part 'evaJetpack'
[LOG 17:49:29.333] PartLoader: Compiling Part 'Squad/Parts/Cargo/Parachute/Parachute/evaChute'
[LOG 17:49:29.337] PartLoader: Part 'Squad/Parts/Cargo/Parachute/Parachute/evaChute' has no database record. Creating.
[LOG 17:49:29.337] [DragCubeSystem]: Drag cubes not found or cannot be read for part Part. Generating New drag cubes.
[LOG 17:49:29.337] [KSPCF/DragCubeGeneration] Creating drag cubes for part 'evaChute'
[LOG 17:49:29.341] PartLoader: Compiling Part 'Squad/Parts/Cargo/RepairKit/RepairKit/evaRepairKit'
[LOG 17:49:29.344] PartLoader: Part 'Squad/Parts/Cargo/RepairKit/RepairKit/evaRepairKit' has no database record. Creating.
[LOG 17:49:29.344] [DragCubeSystem]: Drag cubes not found or cannot be read for part Part. Generating New drag cubes.
[LOG 17:49:29.344] [KSPCF/DragCubeGeneration] Creating drag cubes for part 'evaRepairKit'
[LOG 17:49:29.349] PartLoader: Compiling Part 'Squad/Parts/Cargo/ScienceKit/evaScienceKit/evaScienceKit'
[LOG 17:49:29.354] PartLoader: Part 'Squad/Parts/Cargo/ScienceKit/evaScienceKit/evaScienceKit' has no database record. Creating.
[LOG 17:49:29.354] [DragCubeSystem]: Drag cubes not found or cannot be read for part Part. Generating New drag cubes.
[LOG 17:49:29.354] [KSPCF/DragCubeGeneration] Creating drag cubes for part 'evaScienceKit'
[LOG 17:49:29.359] PartLoader: Compiling Part 'Squad/Parts/Cargo/StorageUnits/CargoStorageUnit/CargoStorageUnit'
[WRN 17:49:29.363] [Part]: Cannot have ModuleCargoPart and ModuleInventoryPart on same Part [CargoStorageUnit'. Removed ModuleCargoPart
[LOG 17:49:29.365] PartLoader: Part 'Squad/Parts/Cargo/StorageUnits/CargoStorageUnit/CargoStorageUnit' has no database record. Creating.
[LOG 17:49:29.365] [DragCubeSystem]: Drag cubes not found or cannot be read for part Part. Generating New drag cubes.
[LOG 17:49:29.365] [KSPCF/DragCubeGeneration] Creating drag cubes for part 'CargoStorageUnit'
[LOG 17:49:29.370] PartLoader: Compiling Part 'Squad/Parts/Cargo/StorageUnits/ConformalStorageUnit/ConformalStorageUnit'
[WRN 17:49:29.377] [Part]: Cannot have ModuleCargoPart and ModuleInventoryPart on same Part [ConformalStorageUnit'. Removed ModuleCargoPart
[LOG 17:49:29.378] PartLoader: Part 'Squad/Parts/Cargo/StorageUnits/ConformalStorageUnit/ConformalStorageUnit' has no database record. Creating.
[LOG 17:49:29.378] [DragCubeSystem]: Drag cubes not found or cannot be read for part Part. Generating New drag cubes.
[LOG 17:49:29.378] [KSPCF/DragCubeGeneration] Creating drag cubes for part 'ConformalStorageUnit'
[LOG 17:49:29.383] PartLoader: Compiling Part 'Squad/Parts/Command/advancedSasModuleLarge/advSasModuleLarge/asasmodule1-2'
[LOG 17:49:29.393] PartLoader: Part 'Squad/Parts/Command/advancedSasModuleLarge/advSasModuleLarge/asasmodule1-2' has no database record. Creating.
[LOG 17:49:29.394] PartLoader: Compiling Part 'Squad/Parts/Command/cupola/cupola/cupola'
[LOG 17:49:29.429] PartLoader: Part 'Squad/Parts/Command/cupola/cupola/cupola' has no database record. Creating.
[LOG 17:49:29.429] [DragCubeSystem]: Drag cubes not found or cannot be read for part Part. Generating New drag cubes.
[LOG 17:49:29.429] [KSPCF/DragCubeGeneration] Creating drag cubes for part 'cupola'
[LOG 17:49:29.437] PartLoader: Compiling Part 'Squad/Parts/Command/externalCommandSeat/externalCommandSeat/seatExternalCmd'
[LOG 17:49:29.444] PartLoader: Part 'Squad/Parts/Command/externalCommandSeat/externalCommandSeat/seatExternalCmd' has no database record. Creating.
[LOG 17:49:29.444] [DragCubeSystem]: Drag cubes not found or cannot be read for part Part. Generating New drag cubes.
[LOG 17:49:29.444] [KSPCF/DragCubeGeneration] Creating drag cubes for part 'seatExternalCmd'
[LOG 17:49:29.448] PartLoader: Compiling Part 'Squad/Parts/Command/hitchhikerStorageContainer/hitchikerStorageContainer/crewCabin'
[LOG 17:49:29.454] PartLoader: Part 'Squad/Parts/Command/hitchhikerStorageContainer/hitchikerStorageContainer/crewCabin' has no database record. Creating.
[LOG 17:49:29.454] [DragCubeSystem]: Drag cubes not found or cannot be read for part Part. Generating New drag cubes.
[LOG 17:49:29.454] [KSPCF/DragCubeGeneration] Creating drag cubes for part 'crewCabin'
[LOG 17:49:29.459] PartLoader: Compiling Part 'Squad/Parts/Command/inlineAdvancedStabilizer/inlineAdvancedStabilizer/advSasModule'
[LOG 17:49:29.464] PartLoader: Part 'Squad/Parts/Command/inlineAdvancedStabilizer/inlineAdvancedStabilizer/advSasModule' has no database record. Creating.
[LOG 17:49:29.464] [DragCubeSystem]: Drag cubes not found or cannot be read for part Part. Generating New drag cubes.
[LOG 17:49:29.464] [KSPCF/DragCubeGeneration] Creating drag cubes for part 'advSasModule'
[LOG 17:49:29.468] PartLoader: Compiling Part 'Squad/Parts/Command/inlineReactionWheel/inlineReactionWheel/sasModule'
[LOG 17:49:29.472] PartLoader: Part 'Squad/Parts/Command/inlineReactionWheel/inlineReactionWheel/sasModule' has no database record. Creating.
[LOG 17:49:29.472] [DragCubeSystem]: Drag cubes not found or cannot be read for part Part. Generating New drag cubes.
[LOG 17:49:29.472] [KSPCF/DragCubeGeneration] Creating drag cubes for part 'sasModule'
[LOG 17:49:29.477] PartLoader: Compiling Part 'Squad/Parts/Command/Mk1-3Pod/mk1-3/mk1-3pod'
[LOG 17:49:29.502] PartLoader: Part 'Squad/Parts/Command/Mk1-3Pod/mk1-3/mk1-3pod' has no database record. Creating.
[LOG 17:49:29.502] [DragCubeSystem]: Drag cubes not found or cannot be read for part Part. Generating New drag cubes.
[LOG 17:49:29.502] [KSPCF/DragCubeGeneration] Creating drag cubes for part 'mk1-3pod'
[LOG 17:49:29.510] PartLoader: Compiling Part 'Squad/Parts/Command/mk1Cockpits/mk1Cockpit/Mark1Cockpit'
[WRN 17:49:29.514] [Part]: Cannot have ModuleCargoPart and ModuleInventoryPart on same Part [Mark1Cockpit'. Removed ModuleCargoPart
[LOG 17:49:29.517] PartLoader: Part 'Squad/Parts/Command/mk1Cockpits/mk1Cockpit/Mark1Cockpit' has no database record. Creating.
[LOG 17:49:29.517] [DragCubeSystem]: Drag cubes not found or cannot be read for part Part. Generating New drag cubes.
[LOG 17:49:29.517] [KSPCF/DragCubeGeneration] Creating drag cubes for part 'Mark1Cockpit'
[LOG 17:49:29.523] PartLoader: Compiling Part 'Squad/Parts/Command/mk1Cockpits/mk1CrewCabin/MK1CrewCabin'
[WRN 17:49:29.526] [Part]: Cannot have ModuleCargoPart and ModuleInventoryPart on same Part [MK1CrewCabin'. Removed ModuleCargoPart
[LOG 17:49:29.529] PartLoader: Part 'Squad/Parts/Command/mk1Cockpits/mk1CrewCabin/MK1CrewCabin' has no database record. Creating.
[LOG 17:49:29.529] [DragCubeSystem]: Drag cubes not found or cannot be read for part Part. Generating New drag cubes.
[LOG 17:49:29.529] [KSPCF/DragCubeGeneration] Creating drag cubes for part 'MK1CrewCabin'
[LOG 17:49:29.535] PartLoader: Compiling Part 'Squad/Parts/Command/mk1Cockpits/mk1InlineCockpit/Mark2Cockpit'
[WRN 17:49:29.538] [Part]: Cannot have ModuleCargoPart and ModuleInventoryPart on same Part [Mark2Cockpit'. Removed ModuleCargoPart
[LOG 17:49:29.544] PartLoader: Part 'Squad/Parts/Command/mk1Cockpits/mk1InlineCockpit/Mark2Cockpit' has no database record. Creating.
[LOG 17:49:29.545] [DragCubeSystem]: Drag cubes not found or cannot be read for part Part. Generating New drag cubes.
[LOG 17:49:29.545] [KSPCF/DragCubeGeneration] Creating drag cubes for part 'Mark2Cockpit'
[LOG 17:49:29.551] PartLoader: Compiling Part 'Squad/Parts/Command/mk1LanderCan/mk1LanderCan/landerCabinSmall'
[WRN 17:49:29.554] [Part]: Cannot have ModuleCargoPart and ModuleInventoryPart on same Part [landerCabinSmall'. Removed ModuleCargoPart
[LOG 17:49:29.557] PartLoader: Part 'Squad/Parts/Command/mk1LanderCan/mk1LanderCan/landerCabinSmall' has no database record. Creating.
[LOG 17:49:29.557] [DragCubeSystem]: Drag cubes not found or cannot be read for part Part. Generating New drag cubes.
[LOG 17:49:29.557] [KSPCF/DragCubeGeneration] Creating drag cubes for part 'landerCabinSmall'
[LOG 17:49:29.563] PartLoader: Compiling Part 'Squad/Parts/Command/mk1pod_v2/mk1Pod_v2/mk1pod_v2'
[WRN 17:49:29.568] [Part]: Cannot have ModuleCargoPart and ModuleInventoryPart on same Part [mk1pod.v2'. Removed ModuleCargoPart
[LOG 17:49:29.575] PartLoader: Part 'Squad/Parts/Command/mk1pod_v2/mk1Pod_v2/mk1pod_v2' has no database record. Creating.
[LOG 17:49:29.575] [DragCubeSystem]: Drag cubes not found or cannot be read for part Part. Generating New drag cubes.
[LOG 17:49:29.575] [KSPCF/DragCubeGeneration] Creating drag cubes for part 'mk1pod.v2'
[LOG 17:49:29.582] PartLoader: Compiling Part 'Squad/Parts/Command/mk2CockpitInline/mk2CockpitInline/mk2Cockpit_Inline'
[WRN 17:49:29.587] [Part]: Cannot have ModuleCargoPart and ModuleInventoryPart on same Part [mk2Cockpit.Inline'. Removed ModuleCargoPart
[LOG 17:49:29.590] PartLoader: Part 'Squad/Parts/Command/mk2CockpitInline/mk2CockpitInline/mk2Cockpit_Inline' has no database record. Creating.
[LOG 17:49:29.590] [DragCubeSystem]: Drag cubes not found or cannot be read for part Part. Generating New drag cubes.
[LOG 17:49:29.590] [KSPCF/DragCubeGeneration] Creating drag cubes for part 'mk2Cockpit.Inline'
[LOG 17:49:29.596] PartLoader: Compiling Part 'Squad/Parts/Command/mk2CockpitStandard/mk2CockpitStandard/mk2Cockpit_Standard'
[WRN 17:49:29.601] [Part]: Cannot have ModuleCargoPart and ModuleInventoryPart on same Part [mk2Cockpit.Standard'. Removed ModuleCargoPart
[LOG 17:49:29.604] PartLoader: Part 'Squad/Parts/Command/mk2CockpitStandard/mk2CockpitStandard/mk2Cockpit_Standard' has no database record. Creating.
[LOG 17:49:29.604] [DragCubeSystem]: Drag cubes not found or cannot be read for part Part. Generating New drag cubes.
[LOG 17:49:29.604] [KSPCF/DragCubeGeneration] Creating drag cubes for part 'mk2Cockpit.Standard'
[LOG 17:49:29.612] PartLoader: Compiling Part 'Squad/Parts/Command/mk2DroneCore/mk2Dronecore/mk2DroneCore'
[LOG 17:49:29.621] PartLoader: Part 'Squad/Parts/Command/mk2DroneCore/mk2Dronecore/mk2DroneCore' has no database record. Creating.
[LOG 17:49:29.623] PartLoader: Compiling Part 'Squad/Parts/Command/mk2LanderCan/mk2LanderCan/mk2LanderCabin'
[WRN 17:49:29.628] [Part]: Cannot have ModuleCargoPart and ModuleInventoryPart on same Part [mk2LanderCabin'. Removed ModuleCargoPart
[LOG 17:49:29.640] PartLoader: Part 'Squad/Parts/Command/mk2LanderCan/mk2LanderCan/mk2LanderCabin' has no database record. Creating.
[LOG 17:49:29.640] [DragCubeSystem]: Drag cubes not found or cannot be read for part Part. Generating New drag cubes.
[LOG 17:49:29.640] [KSPCF/DragCubeGeneration] Creating drag cubes for part 'mk2LanderCabin'
[LOG 17:49:29.646] PartLoader: Compiling Part 'Squad/Parts/Command/mk2LanderCan_v2/mk2LanderCan_v2/mk2LanderCabin_v2'
[WRN 17:49:29.653] [Part]: Cannot have ModuleCargoPart and ModuleInventoryPart on same Part [mk2LanderCabin.v2'. Removed ModuleCargoPart
[LOG 17:49:29.659] PartLoader: Part 'Squad/Parts/Command/mk2LanderCan_v2/mk2LanderCan_v2/mk2LanderCabin_v2' has no database record. Creating.
[LOG 17:49:29.659] [DragCubeSystem]: Drag cubes not found or cannot be read for part Part. Generating New drag cubes.
[LOG 17:49:29.659] [KSPCF/DragCubeGeneration] Creating drag cubes for part 'mk2LanderCabin.v2'
[LOG 17:49:29.667] PartLoader: Compiling Part 'Squad/Parts/Command/mk3CockpitShuttle/mk3CockpitShuttle/mk3Cockpit_Shuttle'
[LOG 17:49:29.687] PartLoader: Part 'Squad/Parts/Command/mk3CockpitShuttle/mk3CockpitShuttle/mk3Cockpit_Shuttle' has no database record. Creating.
[LOG 17:49:29.687] [DragCubeSystem]: Drag cubes not found or cannot be read for part Part. Generating New drag cubes.
[LOG 17:49:29.687] [KSPCF/DragCubeGeneration] Creating drag cubes for part 'mk3Cockpit.Shuttle'
[LOG 17:49:29.694] PartLoader: Compiling Part 'Squad/Parts/Command/MpoProbe/MpoProbe/MpoProbe'
[LOG 17:49:29.702] PartLoader: Part 'Squad/Parts/Command/MpoProbe/MpoProbe/MpoProbe' has no database record. Creating.
[LOG 17:49:29.702] [DragCubeSystem]: Drag cubes not found or cannot be read for part Part. Generating New drag cubes.
[LOG 17:49:29.702] [KSPCF/DragCubeGeneration] Creating drag cubes for part 'MpoProbe'
[LOG 17:49:29.707] PartLoader: Compiling Part 'Squad/Parts/Command/MtmStage/MTM_Stage/MtmStage'
[LOG 17:49:29.713] PartLoader: Part 'Squad/Parts/Command/MtmStage/MTM_Stage/MtmStage' has no database record. Creating.
[LOG 17:49:29.714] [DragCubeSystem]: Drag cubes not found or cannot be read for part Part. Generating New drag cubes.
[LOG 17:49:29.714] [KSPCF/DragCubeGeneration] Creating drag cubes for part 'MtmStage'
[LOG 17:49:29.719] PartLoader: Compiling Part 'Squad/Parts/Command/probeCoreCube/probeCoreCube/probeCoreCube'
[LOG 17:49:29.725] PartLoader: Part 'Squad/Parts/Command/probeCoreCube/probeCoreCube/probeCoreCube' has no database record. Creating.
[LOG 17:49:29.726] PartLoader: Compiling Part 'Squad/Parts/Command/probeCoreHex/probeCoreHex/probeCoreHex'
[LOG 17:49:29.731] PartLoader: Part 'Squad/Parts/Command/probeCoreHex/probeCoreHex/probeCoreHex' has no database record. Creating.
[LOG 17:49:29.731] [DragCubeSystem]: Drag cubes not found or cannot be read for part Part. Generating New drag cubes.
[LOG 17:49:29.732] [KSPCF/DragCubeGeneration] Creating drag cubes for part 'probeCoreHex'
[LOG 17:49:29.736] PartLoader: Compiling Part 'Squad/Parts/Command/probeCoreHex_v2/probeCoreHex_v2/probeCoreHex_v2'
[LOG 17:49:29.743] PartLoader: Part 'Squad/Parts/Command/probeCoreHex_v2/probeCoreHex_v2/probeCoreHex_v2' has no database record. Creating.
[LOG 17:49:29.743] [DragCubeSystem]: Drag cubes not found or cannot be read for part Part. Generating New drag cubes.
[LOG 17:49:29.743] [KSPCF/DragCubeGeneration] Creating drag cubes for part 'probeCoreHex.v2'
[LOG 17:49:29.748] PartLoader: Compiling Part 'Squad/Parts/Command/probeCoreOcto2_v2/probeCoreOcto2_v2/probeCoreOcto2_v2'
[LOG 17:49:29.754] PartLoader: Part 'Squad/Parts/Command/probeCoreOcto2_v2/probeCoreOcto2_v2/probeCoreOcto2_v2' has no database record. Creating.
[LOG 17:49:29.755] [DragCubeSystem]: Drag cubes not found or cannot be read for part Part. Generating New drag cubes.
[LOG 17:49:29.755] [KSPCF/DragCubeGeneration] Creating drag cubes for part 'probeCoreOcto2.v2'
[LOG 17:49:29.760] PartLoader: Compiling Part 'Squad/Parts/Command/probeCoreOcto_v2/probeCoreOcto_v2/probeCoreOcto_v2'
[LOG 17:49:29.766] PartLoader: Part 'Squad/Parts/Command/probeCoreOcto_v2/probeCoreOcto_v2/probeCoreOcto_v2' has no database record. Creating.
[LOG 17:49:29.766] [DragCubeSystem]: Drag cubes not found or cannot be read for part Part. Generating New drag cubes.
[LOG 17:49:29.766] [KSPCF/DragCubeGeneration] Creating drag cubes for part 'probeCoreOcto.v2'
[LOG 17:49:29.771] PartLoader: Compiling Part 'Squad/Parts/Command/probeRoverBody/probeRoverBody/roverBody'
[LOG 17:49:29.777] PartLoader: Part 'Squad/Parts/Command/probeRoverBody/probeRoverBody/roverBody' has no database record. Creating.
[LOG 17:49:29.777] [DragCubeSystem]: Drag cubes not found or cannot be read for part Part. Generating New drag cubes.
[LOG 17:49:29.777] [KSPCF/DragCubeGeneration] Creating drag cubes for part 'roverBody'
[LOG 17:49:29.783] PartLoader: Compiling Part 'Squad/Parts/Command/probeRoverBody_v2/probeRoverBody_v2/roverBody_v2'
[LOG 17:49:29.791] PartLoader: Part 'Squad/Parts/Command/probeRoverBody_v2/probeRoverBody_v2/roverBody_v2' has no database record. Creating.
[LOG 17:49:29.791] [DragCubeSystem]: Drag cubes not found or cannot be read for part Part. Generating New drag cubes.
[LOG 17:49:29.791] [KSPCF/DragCubeGeneration] Creating drag cubes for part 'roverBody.v2'
[LOG 17:49:29.812] PartLoader: Compiling Part 'Squad/Parts/Command/probeStackLarge/probeStackLarge/probeStackLarge'
[LOG 17:49:29.819] PartLoader: Part 'Squad/Parts/Command/probeStackLarge/probeStackLarge/probeStackLarge' has no database record. Creating.
[LOG 17:49:29.819] [DragCubeSystem]: Drag cubes not found or cannot be read for part Part. Generating New drag cubes.
[LOG 17:49:29.819] [KSPCF/DragCubeGeneration] Creating drag cubes for part 'probeStackLarge'
[LOG 17:49:29.823] PartLoader: Compiling Part 'Squad/Parts/Command/probeStackSmall/probeStackSmall/probeStackSmall'
[LOG 17:49:29.830] PartLoader: Part 'Squad/Parts/Command/probeStackSmall/probeStackSmall/probeStackSmall' has no database record. Creating.
[LOG 17:49:29.830] [DragCubeSystem]: Drag cubes not found or cannot be read for part Part. Generating New drag cubes.
[LOG 17:49:29.830] [KSPCF/DragCubeGeneration] Creating drag cubes for part 'probeStackSmall'
[LOG 17:49:29.835] PartLoader: Compiling Part 'Squad/Parts/Command/probeStackSphere_v2/probeStackSphere_v2/probeCoreSphere_v2'
[LOG 17:49:29.841] PartLoader: Part 'Squad/Parts/Command/probeStackSphere_v2/probeStackSphere_v2/probeCoreSphere_v2' has no database record. Creating.
[LOG 17:49:29.842] PartLoader: Compiling Part 'Squad/Parts/CompoundParts/FuelLine/fuelLine/fuelLine'
[LOG 17:49:29.872] PartLoader: Part 'Squad/Parts/CompoundParts/FuelLine/fuelLine/fuelLine' has no database record. Creating.
[LOG 17:49:29.872] [DragCubeSystem]: Drag cubes not found or cannot be read for part CompoundPart. Generating New drag cubes.
[LOG 17:49:29.872] [KSPCF/DragCubeGeneration] Creating drag cubes for part 'fuelLine'
[LOG 17:49:29.876] PartLoader: Compiling Part 'Squad/Parts/CompoundParts/strutConnector/strutConnector/strutConnector'
[LOG 17:49:29.885] PartLoader: Part 'Squad/Parts/CompoundParts/strutConnector/strutConnector/strutConnector' has no database record. Creating.
[LOG 17:49:29.885] [DragCubeSystem]: Drag cubes not found or cannot be read for part CompoundPart. Generating New drag cubes.
[LOG 17:49:29.885] [KSPCF/DragCubeGeneration] Creating drag cubes for part 'strutConnector'
[LOG 17:49:29.890] PartLoader: Compiling Part 'Squad/Parts/Coupling/Decoupler_0/Decoupler_0'
[LOG 17:49:29.902] PartLoader: Part 'Squad/Parts/Coupling/Decoupler_0/Decoupler_0' has no database record. Creating.
[LOG 17:49:29.903] PartLoader: Compiling Part 'Squad/Parts/Coupling/Decoupler_1/Decoupler_1'
[LOG 17:49:29.910] PartLoader: Part 'Squad/Parts/Coupling/Decoupler_1/Decoupler_1' has no database record. Creating.
[LOG 17:49:29.911] PartLoader: Compiling Part 'Squad/Parts/Coupling/Decoupler_2/Decoupler_2'
[LOG 17:49:29.915] PartLoader: Part 'Squad/Parts/Coupling/Decoupler_2/Decoupler_2' has no database record. Creating.
[LOG 17:49:29.916] PartLoader: Compiling Part 'Squad/Parts/Coupling/Decoupler_3/Decoupler_3'
[LOG 17:49:29.919] PartLoader: Part 'Squad/Parts/Coupling/Decoupler_3/Decoupler_3' has no database record. Creating.
[LOG 17:49:29.920] PartLoader: Compiling Part 'Squad/Parts/Coupling/Separator_0/Separator_0'
[LOG 17:49:29.924] PartLoader: Part 'Squad/Parts/Coupling/Separator_0/Separator_0' has no database record. Creating.
[LOG 17:49:29.924] PartLoader: Compiling Part 'Squad/Parts/Coupling/Separator_1/Separator_1'
[LOG 17:49:29.929] PartLoader: Part 'Squad/Parts/Coupling/Separator_1/Separator_1' has no database record. Creating.
[LOG 17:49:29.929] PartLoader: Compiling Part 'Squad/Parts/Coupling/Separator_2/Separator_2'
[LOG 17:49:29.933] PartLoader: Part 'Squad/Parts/Coupling/Separator_2/Separator_2' has no database record. Creating.
[LOG 17:49:29.934] PartLoader: Compiling Part 'Squad/Parts/Coupling/Separator_3/Separator_3'
[LOG 17:49:29.938] PartLoader: Part 'Squad/Parts/Coupling/Separator_3/Separator_3' has no database record. Creating.
[LOG 17:49:29.938] PartLoader: Compiling Part 'Squad/Parts/Electrical/10CSolarPanels/OX-10C/solarPanelOX10C'
[LOG 17:49:29.948] PartLoader: Part 'Squad/Parts/Electrical/10CSolarPanels/OX-10C/solarPanelOX10C' has no database record. Creating.
[LOG 17:49:29.948] [DragCubeSystem]: Drag cubes not found or cannot be read for part Part. Generating New drag cubes.
[LOG 17:49:29.948] [KSPCF/DragCubeGeneration] Creating drag cubes for part 'solarPanelOX10C'
[LOG 17:49:29.967] PartLoader: Compiling Part 'Squad/Parts/Electrical/10CSolarPanels/SP-10C/solarPanelSP10C'
[LOG 17:49:29.972] PartLoader: Part 'Squad/Parts/Electrical/10CSolarPanels/SP-10C/solarPanelSP10C' has no database record. Creating.
[LOG 17:49:29.972] [DragCubeSystem]: Drag cubes not found or cannot be read for part Part. Generating New drag cubes.
[LOG 17:49:29.972] [KSPCF/DragCubeGeneration] Creating drag cubes for part 'solarPanelSP10C'
[LOG 17:49:29.989] PartLoader: Compiling Part 'Squad/Parts/Electrical/10LSolarPanels/OX-10L/solarPanelOX10L'
[LOG 17:49:29.993] PartLoader: Part 'Squad/Parts/Electrical/10LSolarPanels/OX-10L/solarPanelOX10L' has no database record. Creating.
[LOG 17:49:29.993] [DragCubeSystem]: Drag cubes not found or cannot be read for part Part. Generating New drag cubes.
[LOG 17:49:29.993] [KSPCF/DragCubeGeneration] Creating drag cubes for part 'solarPanelOX10L'
[LOG 17:49:30.010] PartLoader: Compiling Part 'Squad/Parts/Electrical/10LSolarPanels/SP-10L/solarPanelSP10L'
[LOG 17:49:30.018] PartLoader: Part 'Squad/Parts/Electrical/10LSolarPanels/SP-10L/solarPanelSP10L' has no database record. Creating.
[LOG 17:49:30.018] [DragCubeSystem]: Drag cubes not found or cannot be read for part Part. Generating New drag cubes.
[LOG 17:49:30.018] [KSPCF/DragCubeGeneration] Creating drag cubes for part 'solarPanelSP10L'
[LOG 17:49:30.034] PartLoader: Compiling Part 'Squad/Parts/Electrical/1x6ShroudSolarPanels/1x6ShroudSolarPanels/solarPanels2'
[LOG 17:49:30.039] PartLoader: Part 'Squad/Parts/Electrical/1x6ShroudSolarPanels/1x6ShroudSolarPanels/solarPanels2' has no database record. Creating.
[LOG 17:49:30.039] [DragCubeSystem]: Drag cubes not found or cannot be read for part Part. Generating New drag cubes.
[LOG 17:49:30.039] [KSPCF/DragCubeGeneration] Creating drag cubes for part 'solarPanels2'
[LOG 17:49:30.054] PartLoader: Compiling Part 'Squad/Parts/Electrical/1x6SolarPanels/1x6SolarPanels/solarPanels4'
[LOG 17:49:30.059] PartLoader: Part 'Squad/Parts/Electrical/1x6SolarPanels/1x6SolarPanels/solarPanels4' has no database record. Creating.
[LOG 17:49:30.059] [DragCubeSystem]: Drag cubes not found or cannot be read for part Part. Generating New drag cubes.
[LOG 17:49:30.059] [KSPCF/DragCubeGeneration] Creating drag cubes for part 'solarPanels4'
[LOG 17:49:30.075] PartLoader: Compiling Part 'Squad/Parts/Electrical/3x2ShroudSolarPanels/3x2ShroudSolarPanels/solarPanels1'
[LOG 17:49:30.078] PartLoader: Part 'Squad/Parts/Electrical/3x2ShroudSolarPanels/3x2ShroudSolarPanels/solarPanels1' has no database record. Creating.
[LOG 17:49:30.078] [DragCubeSystem]: Drag cubes not found or cannot be read for part Part. Generating New drag cubes.
[LOG 17:49:30.078] [KSPCF/DragCubeGeneration] Creating drag cubes for part 'solarPanels1'
[LOG 17:49:30.094] PartLoader: Compiling Part 'Squad/Parts/Electrical/3x2SolarPanels/3x2SolarPanels/solarPanels3'
[LOG 17:49:30.101] PartLoader: Part 'Squad/Parts/Electrical/3x2SolarPanels/3x2SolarPanels/solarPanels3' has no database record. Creating.
[LOG 17:49:30.101] [DragCubeSystem]: Drag cubes not found or cannot be read for part Part. Generating New drag cubes.
[LOG 17:49:30.101] [KSPCF/DragCubeGeneration] Creating drag cubes for part 'solarPanels3'
[LOG 17:49:30.118] PartLoader: Compiling Part 'Squad/Parts/Electrical/gigantorXlSolarArray/gigantorXlSolarArray/largeSolarPanel'
[LOG 17:49:30.122] PartLoader: Part 'Squad/Parts/Electrical/gigantorXlSolarArray/gigantorXlSolarArray/largeSolarPanel' has no database record. Creating.
[LOG 17:49:30.123] [DragCubeSystem]: Drag cubes not found or cannot be read for part Part. Generating New drag cubes.
[LOG 17:49:30.123] [KSPCF/DragCubeGeneration] Creating drag cubes for part 'largeSolarPanel'
[LOG 17:49:30.137] PartLoader: Compiling Part 'Squad/Parts/Electrical/radialFlatSolarPanel/radialFlatSolarPanel/solarPanels5'
[LOG 17:49:30.142] PartLoader: Part 'Squad/Parts/Electrical/radialFlatSolarPanel/radialFlatSolarPanel/solarPanels5' has no database record. Creating.
[LOG 17:49:30.142] [DragCubeSystem]: Drag cubes not found or cannot be read for part Part. Generating New drag cubes.
[LOG 17:49:30.142] [KSPCF/DragCubeGeneration] Creating drag cubes for part 'solarPanels5'
[LOG 17:49:30.148] PartLoader: Compiling Part 'Squad/Parts/Electrical/RTG/RTG/rtg'
[LOG 17:49:30.159] PartLoader: Part 'Squad/Parts/Electrical/RTG/RTG/rtg' has no database record. Creating.
[LOG 17:49:30.159] [DragCubeSystem]: Drag cubes not found or cannot be read for part Part. Generating New drag cubes.
[LOG 17:49:30.159] [KSPCF/DragCubeGeneration] Creating drag cubes for part 'rtg'
[LOG 17:49:30.164] PartLoader: Compiling Part 'Squad/Parts/Electrical/z-100Battery/z-100Battery/batteryPack'
[LOG 17:49:30.168] PartLoader: Part 'Squad/Parts/Electrical/z-100Battery/z-100Battery/batteryPack' has no database record. Creating.
[LOG 17:49:30.168] [DragCubeSystem]: Drag cubes not found or cannot be read for part Part. Generating New drag cubes.
[LOG 17:49:30.168] [KSPCF/DragCubeGeneration] Creating drag cubes for part 'batteryPack'
[LOG 17:49:30.173] PartLoader: Compiling Part 'Squad/Parts/Electrical/z-1kBattery/z-1kBattery/batteryBank'
[LOG 17:49:30.178] PartLoader: Part 'Squad/Parts/Electrical/z-1kBattery/z-1kBattery/batteryBank' has no database record. Creating.
[LOG 17:49:30.178] [DragCubeSystem]: Drag cubes not found or cannot be read for part Part. Generating New drag cubes.
[LOG 17:49:30.178] [KSPCF/DragCubeGeneration] Creating drag cubes for part 'batteryBank'
[LOG 17:49:30.182] PartLoader: Compiling Part 'Squad/Parts/Electrical/z-200Battery/z-200Battery/batteryBankMini'
[LOG 17:49:30.186] PartLoader: Part 'Squad/Parts/Electrical/z-200Battery/z-200Battery/batteryBankMini' has no database record. Creating.
[LOG 17:49:30.186] [DragCubeSystem]: Drag cubes not found or cannot be read for part Part. Generating New drag cubes.
[LOG 17:49:30.186] [KSPCF/DragCubeGeneration] Creating drag cubes for part 'batteryBankMini'
[LOG 17:49:30.191] PartLoader: Compiling Part 'Squad/Parts/Electrical/z-400Battery/z-400Battery/ksp_r_largeBatteryPack'
[LOG 17:49:30.196] PartLoader: Part 'Squad/Parts/Electrical/z-400Battery/z-400Battery/ksp_r_largeBatteryPack' has no database record. Creating.
[LOG 17:49:30.196] [DragCubeSystem]: Drag cubes not found or cannot be read for part Part. Generating New drag cubes.
[LOG 17:49:30.196] [KSPCF/DragCubeGeneration] Creating drag cubes for part 'ksp.r.largeBatteryPack'
[LOG 17:49:30.200] PartLoader: Compiling Part 'Squad/Parts/Electrical/z-4kBattery/z-4kBattery/batteryBankLarge'
[LOG 17:49:30.204] PartLoader: Part 'Squad/Parts/Electrical/z-4kBattery/z-4kBattery/batteryBankLarge' has no database record. Creating.
[LOG 17:49:30.204] [DragCubeSystem]: Drag cubes not found or cannot be read for part Part. Generating New drag cubes.
[LOG 17:49:30.204] [KSPCF/DragCubeGeneration] Creating drag cubes for part 'batteryBankLarge'
[LOG 17:49:30.208] PartLoader: Compiling Part 'Squad/Parts/Engine/ionEngine/ionEngine/ionEngine'
[LOG 17:49:30.226] PartLoader: Part 'Squad/Parts/Engine/ionEngine/ionEngine/ionEngine' has no database record. Creating.
[LOG 17:49:30.226] [DragCubeSystem]: Drag cubes not found or cannot be read for part Part. Generating New drag cubes.
[LOG 17:49:30.226] [KSPCF/DragCubeGeneration] Creating drag cubes for part 'ionEngine'
[LOG 17:49:30.233] PartLoader: Compiling Part 'Squad/Parts/Engine/jetEngines/jetEngineAfterburning/turboJet'
[LOG 17:49:30.267] PartLoader: Part 'Squad/Parts/Engine/jetEngines/jetEngineAfterburning/turboJet' has no database record. Creating.
[LOG 17:49:30.267] [DragCubeSystem]: Drag cubes not found or cannot be read for part Part. Generating New drag cubes.
[LOG 17:49:30.267] [KSPCF/DragCubeGeneration] Creating drag cubes for part 'turboJet'
[LOG 17:49:30.277] PartLoader: Compiling Part 'Squad/Parts/Engine/jetEngines/jetEngineBasic/JetEngine'
[LOG 17:49:30.288] PartLoader: Part 'Squad/Parts/Engine/jetEngines/jetEngineBasic/JetEngine' has no database record. Creating.
[LOG 17:49:30.288] [DragCubeSystem]: Drag cubes not found or cannot be read for part Part. Generating New drag cubes.
[LOG 17:49:30.288] [KSPCF/DragCubeGeneration] Creating drag cubes for part 'JetEngine'
[LOG 17:49:30.303] PartLoader: Compiling Part 'Squad/Parts/Engine/jetEngines/jetEngineBig/turboFanSize2'
[LOG 17:49:30.319] PartLoader: Part 'Squad/Parts/Engine/jetEngines/jetEngineBig/turboFanSize2' has no database record. Creating.
[LOG 17:49:30.320] [DragCubeSystem]: Drag cubes not found or cannot be read for part Part. Generating New drag cubes.
[LOG 17:49:30.320] [KSPCF/DragCubeGeneration] Creating drag cubes for part 'turboFanSize2'
[LOG 17:49:30.338] PartLoader: Compiling Part 'Squad/Parts/Engine/jetEngines/jetEngineTurbo/turboFanEngine'
[LOG 17:49:30.348] PartLoader: Part 'Squad/Parts/Engine/jetEngines/jetEngineTurbo/turboFanEngine' has no database record. Creating.
[LOG 17:49:30.348] [DragCubeSystem]: Drag cubes not found or cannot be read for part Part. Generating New drag cubes.
[LOG 17:49:30.348] [KSPCF/DragCubeGeneration] Creating drag cubes for part 'turboFanEngine'
[LOG 17:49:30.354] PartLoader: Compiling Part 'Squad/Parts/Engine/liquidEngine24-77/liquidEngine24-77/smallRadialEngine'
[LOG 17:49:30.362] PartLoader: Part 'Squad/Parts/Engine/liquidEngine24-77/liquidEngine24-77/smallRadialEngine' has no database record. Creating.
[LOG 17:49:30.362] [DragCubeSystem]: Drag cubes not found or cannot be read for part Part. Generating New drag cubes.
[LOG 17:49:30.362] [KSPCF/DragCubeGeneration] Creating drag cubes for part 'smallRadialEngine'
[LOG 17:49:30.370] PartLoader: Compiling Part 'Squad/Parts/Engine/liquidEngine24-77_v2/liquidEngine24-77_v2/smallRadialEngine_v2'
[LOG 17:49:30.381] PartLoader: Part 'Squad/Parts/Engine/liquidEngine24-77_v2/liquidEngine24-77_v2/smallRadialEngine_v2' has no database record. Creating.
[LOG 17:49:30.381] [DragCubeSystem]: Drag cubes not found or cannot be read for part Part. Generating New drag cubes.
[LOG 17:49:30.381] [KSPCF/DragCubeGeneration] Creating drag cubes for part 'smallRadialEngine.v2'
[LOG 17:49:30.387] PartLoader: Compiling Part 'Squad/Parts/Engine/liquidEngine48-7S_v2/liquidEngine48-7S_v2/liquidEngineMini_v2'
[LOG 17:49:30.396] PartLoader: Part 'Squad/Parts/Engine/liquidEngine48-7S_v2/liquidEngine48-7S_v2/liquidEngineMini_v2' has no database record. Creating.
[LOG 17:49:30.396] [DragCubeSystem]: Drag cubes not found or cannot be read for part Part. Generating New drag cubes.
[LOG 17:49:30.396] [KSPCF/DragCubeGeneration] Creating drag cubes for part 'liquidEngineMini.v2'
[LOG 17:49:30.424] PartLoader: Compiling Part 'Squad/Parts/Engine/liquidEngineAerospike/liquidEngineAerospike/toroidalAerospike'
[LOG 17:49:30.439] PartLoader: Part 'Squad/Parts/Engine/liquidEngineAerospike/liquidEngineAerospike/toroidalAerospike' has no database record. Creating.
[LOG 17:49:30.439] [DragCubeSystem]: Drag cubes not found or cannot be read for part Part. Generating New drag cubes.
[LOG 17:49:30.439] [KSPCF/DragCubeGeneration] Creating drag cubes for part 'toroidalAerospike'
[LOG 17:49:30.452] PartLoader: Compiling Part 'Squad/Parts/Engine/liquidEngineLV-1_v2/liquidEngineLV-1R _v2/radialEngineMini_v2'
[LOG 17:49:30.460] PartLoader: Part 'Squad/Parts/Engine/liquidEngineLV-1_v2/liquidEngineLV-1R _v2/radialEngineMini_v2' has no database record. Creating.
[LOG 17:49:30.460] [DragCubeSystem]: Drag cubes not found or cannot be read for part Part. Generating New drag cubes.
[LOG 17:49:30.460] [KSPCF/DragCubeGeneration] Creating drag cubes for part 'radialEngineMini.v2'
[LOG 17:49:30.475] PartLoader: Compiling Part 'Squad/Parts/Engine/liquidEngineLV-1_v2/liquidEngineLV-1_v2/microEngine_v2'
[LOG 17:49:30.482] PartLoader: Part 'Squad/Parts/Engine/liquidEngineLV-1_v2/liquidEngineLV-1_v2/microEngine_v2' has no database record. Creating.
[LOG 17:49:30.482] [DragCubeSystem]: Drag cubes not found or cannot be read for part Part. Generating New drag cubes.
[LOG 17:49:30.482] [KSPCF/DragCubeGeneration] Creating drag cubes for part 'microEngine.v2'
[LOG 17:49:30.497] PartLoader: Compiling Part 'Squad/Parts/Engine/liquidEngineLV-909_v2/liquidEngineLV-909_v2/liquidEngine3_v2'
[LOG 17:49:30.505] PartLoader: Part 'Squad/Parts/Engine/liquidEngineLV-909_v2/liquidEngineLV-909_v2/liquidEngine3_v2' has no database record. Creating.
[LOG 17:49:30.505] [DragCubeSystem]: Drag cubes not found or cannot be read for part Part. Generating New drag cubes.
[LOG 17:49:30.505] [KSPCF/DragCubeGeneration] Creating drag cubes for part 'liquidEngine3.v2'
[LOG 17:49:30.535] PartLoader: Compiling Part 'Squad/Parts/Engine/liquidEngineLV-N/liquidEngineLV-N/nuclearEngine'
[LOG 17:49:30.544] PartLoader: Part 'Squad/Parts/Engine/liquidEngineLV-N/liquidEngineLV-N/nuclearEngine' has no database record. Creating.
[LOG 17:49:30.544] [DragCubeSystem]: Drag cubes not found or cannot be read for part Part. Generating New drag cubes.
[LOG 17:49:30.544] [KSPCF/DragCubeGeneration] Part 'nuclearEngine' has defined a procedural drag cube setup
[LOG 17:49:30.546] PartLoader: Compiling Part 'Squad/Parts/Engine/liquidEngineLV-T30/liquidEngineLV-T30/liquidEngine'
[LOG 17:49:30.553] PartLoader: Part 'Squad/Parts/Engine/liquidEngineLV-T30/liquidEngineLV-T30/liquidEngine' has no database record. Creating.
[LOG 17:49:30.553] [DragCubeSystem]: Drag cubes not found or cannot be read for part Part. Generating New drag cubes.
[LOG 17:49:30.553] [KSPCF/DragCubeGeneration] Creating drag cubes for part 'liquidEngine'
[LOG 17:49:30.567] PartLoader: Compiling Part 'Squad/Parts/Engine/liquidEngineLV-T30_v2/liquidEngineLV-T30_v2/liquidEngine_v2'
[LOG 17:49:30.576] PartLoader: Part 'Squad/Parts/Engine/liquidEngineLV-T30_v2/liquidEngineLV-T30_v2/liquidEngine_v2' has no database record. Creating.
[LOG 17:49:30.578] PartLoader: Compiling Part 'Squad/Parts/Engine/liquidEngineLV-T45/liquidEngineLV-T45/liquidEngine2'
[LOG 17:49:30.586] PartLoader: Part 'Squad/Parts/Engine/liquidEngineLV-T45/liquidEngineLV-T45/liquidEngine2' has no database record. Creating.
[LOG 17:49:30.586] [DragCubeSystem]: Drag cubes not found or cannot be read for part Part. Generating New drag cubes.
[LOG 17:49:30.586] [KSPCF/DragCubeGeneration] Creating drag cubes for part 'liquidEngine2'
[LOG 17:49:30.601] PartLoader: Compiling Part 'Squad/Parts/Engine/liquidEngineLV-T45_v2/liquidEngineLV-T45_v2/liquidEngine2_v2'
[LOG 17:49:30.612] PartLoader: Part 'Squad/Parts/Engine/liquidEngineLV-T45_v2/liquidEngineLV-T45_v2/liquidEngine2_v2' has no database record. Creating.
[LOG 17:49:30.614] PartLoader: Compiling Part 'Squad/Parts/Engine/liquidEngineMainsail_v2/liquidEngineMainsail_v2/liquidEngineMainsail_v2'
[LOG 17:49:30.625] PartLoader: Part 'Squad/Parts/Engine/liquidEngineMainsail_v2/liquidEngineMainsail_v2/liquidEngineMainsail_v2' has no database record. Creating.
[LOG 17:49:30.625] [DragCubeSystem]: Drag cubes not found or cannot be read for part Part. Generating New drag cubes.
[LOG 17:49:30.625] [KSPCF/DragCubeGeneration] Creating drag cubes for part 'liquidEngineMainsail.v2'
[LOG 17:49:30.655] PartLoader: Compiling Part 'Squad/Parts/Engine/liquidEngineMk55/liquidEngineMk55/radialLiquidEngine1-2'
[LOG 17:49:30.662] PartLoader: Part 'Squad/Parts/Engine/liquidEngineMk55/liquidEngineMk55/radialLiquidEngine1-2' has no database record. Creating.
[LOG 17:49:30.662] [DragCubeSystem]: Drag cubes not found or cannot be read for part Part. Generating New drag cubes.
[LOG 17:49:30.662] [KSPCF/DragCubeGeneration] Creating drag cubes for part 'radialLiquidEngine1-2'
[LOG 17:49:30.667] PartLoader: Compiling Part 'Squad/Parts/Engine/liquidEnginePoodle_v2/liquidEnginePoodle_v2/liquidEngine2-2_v2'
[LOG 17:49:30.679] PartLoader: Part 'Squad/Parts/Engine/liquidEnginePoodle_v2/liquidEnginePoodle_v2/liquidEngine2-2_v2' has no database record. Creating.
[LOG 17:49:30.680] PartLoader: Compiling Part 'Squad/Parts/Engine/liquidEngineSkipper_v2/skipperLiquidEngine_v2/engineLargeSkipper_v2'
[LOG 17:49:30.693] PartLoader: Part 'Squad/Parts/Engine/liquidEngineSkipper_v2/skipperLiquidEngine_v2/engineLargeSkipper_v2' has no database record. Creating.
[LOG 17:49:30.693] [DragCubeSystem]: Drag cubes not found or cannot be read for part Part. Generating New drag cubes.
[LOG 17:49:30.693] [KSPCF/DragCubeGeneration] Creating drag cubes for part 'engineLargeSkipper.v2'
[LOG 17:49:30.740] PartLoader: Compiling Part 'Squad/Parts/Engine/liquidEngineSSME/SSME/SSME'
[LOG 17:49:30.750] PartLoader: Part 'Squad/Parts/Engine/liquidEngineSSME/SSME/SSME' has no database record. Creating.
[LOG 17:49:30.750] [DragCubeSystem]: Drag cubes not found or cannot be read for part Part. Generating New drag cubes.
[LOG 17:49:30.750] [KSPCF/DragCubeGeneration] Creating drag cubes for part 'SSME'
[LOG 17:49:30.765] PartLoader: Compiling Part 'Squad/Parts/Engine/MassiveSRB/part/MassiveBooster'
[LOG 17:49:30.774] PartLoader: Part 'Squad/Parts/Engine/MassiveSRB/part/MassiveBooster' has no database record. Creating.
[LOG 17:49:30.774] [DragCubeSystem]: Drag cubes not found or cannot be read for part Part. Generating New drag cubes.
[LOG 17:49:30.775] [KSPCF/DragCubeGeneration] Creating drag cubes for part 'MassiveBooster'
[LOG 17:49:30.779] PartLoader: Compiling Part 'Squad/Parts/Engine/miniJet/SmallJetEngine/miniJetEngine'
[LOG 17:49:30.787] PartLoader: Part 'Squad/Parts/Engine/miniJet/SmallJetEngine/miniJetEngine' has no database record. Creating.
[LOG 17:49:30.787] [DragCubeSystem]: Drag cubes not found or cannot be read for part Part. Generating New drag cubes.
[LOG 17:49:30.788] [KSPCF/DragCubeGeneration] Creating drag cubes for part 'miniJetEngine'
[LOG 17:49:30.792] PartLoader: Compiling Part 'Squad/Parts/Engine/OMSEngine/omsEngine/omsEngine'
[LOG 17:49:30.799] PartLoader: Part 'Squad/Parts/Engine/OMSEngine/omsEngine/omsEngine' has no database record. Creating.
[LOG 17:49:30.799] [DragCubeSystem]: Drag cubes not found or cannot be read for part Part. Generating New drag cubes.
[LOG 17:49:30.799] [KSPCF/DragCubeGeneration] Creating drag cubes for part 'omsEngine'
[LOG 17:49:30.804] PartLoader: Compiling Part 'Squad/Parts/Engine/rapierEngine/rapierEngine/RAPIER'
[LOG 17:49:30.815] PartLoader: Part 'Squad/Parts/Engine/rapierEngine/rapierEngine/RAPIER' has no database record. Creating.
[LOG 17:49:30.816] [DragCubeSystem]: Drag cubes not found or cannot be read for part Part. Generating New drag cubes.
[LOG 17:49:30.816] [KSPCF/DragCubeGeneration] Creating drag cubes for part 'RAPIER'
[LOG 17:49:30.821] PartLoader: Compiling Part 'Squad/Parts/Engine/Size1_SRBs/solidBoosterRT-10_v2/solidBooster_v2'
[LOG 17:49:30.830] PartLoader: Part 'Squad/Parts/Engine/Size1_SRBs/solidBoosterRT-10_v2/solidBooster_v2' has no database record. Creating.
[LOG 17:49:30.830] [DragCubeSystem]: Drag cubes not found or cannot be read for part Part. Generating New drag cubes.
[LOG 17:49:30.830] [KSPCF/DragCubeGeneration] Creating drag cubes for part 'solidBooster.v2'
[LOG 17:49:30.843] PartLoader: Compiling Part 'Squad/Parts/Engine/Size1_SRBs/solidBoosterRT-5_v2/solidBooster_sm_v2'
[LOG 17:49:30.849] PartLoader: Part 'Squad/Parts/Engine/Size1_SRBs/solidBoosterRT-5_v2/solidBooster_sm_v2' has no database record. Creating.
[LOG 17:49:30.849] [DragCubeSystem]: Drag cubes not found or cannot be read for part Part. Generating New drag cubes.
[LOG 17:49:30.849] [KSPCF/DragCubeGeneration] Creating drag cubes for part 'solidBooster.sm.v2'
[LOG 17:49:30.863] PartLoader: Compiling Part 'Squad/Parts/Engine/Size2LFB/part/Size2LFB'
[LOG 17:49:30.873] PartLoader: Part 'Squad/Parts/Engine/Size2LFB/part/Size2LFB' has no database record. Creating.
[LOG 17:49:30.873] [DragCubeSystem]: Drag cubes not found or cannot be read for part Part. Generating New drag cubes.
[LOG 17:49:30.873] [KSPCF/DragCubeGeneration] Creating drag cubes for part 'Size2LFB'
[LOG 17:49:30.878] PartLoader: Compiling Part 'Squad/Parts/Engine/Size2LFB_v2/part/Size2LFB_v2'
[LOG 17:49:30.887] PartLoader: Part 'Squad/Parts/Engine/Size2LFB_v2/part/Size2LFB_v2' has no database record. Creating.
[LOG 17:49:30.887] [DragCubeSystem]: Drag cubes not found or cannot be read for part Part. Generating New drag cubes.
[LOG 17:49:30.887] [KSPCF/DragCubeGeneration] Creating drag cubes for part 'Size2LFB.v2'
[LOG 17:49:30.893] PartLoader: Compiling Part 'Squad/Parts/Engine/Size3AdvancedEngine/part/Size3AdvancedEngine'
[LOG 17:49:30.903] PartLoader: Part 'Squad/Parts/Engine/Size3AdvancedEngine/part/Size3AdvancedEngine' has no database record. Creating.
[LOG 17:49:30.904] [DragCubeSystem]: Drag cubes not found or cannot be read for part Part. Generating New drag cubes.
[LOG 17:49:30.904] [KSPCF/DragCubeGeneration] Creating drag cubes for part 'Size3AdvancedEngine'
[LOG 17:49:30.919] PartLoader: Compiling Part 'Squad/Parts/Engine/Size3EngineCluster/part/Size3EngineCluster'
[LOG 17:49:30.926] PartLoader: Part 'Squad/Parts/Engine/Size3EngineCluster/part/Size3EngineCluster' has no database record. Creating.
[LOG 17:49:30.926] [DragCubeSystem]: Drag cubes not found or cannot be read for part Part. Generating New drag cubes.
[LOG 17:49:30.926] [KSPCF/DragCubeGeneration] Creating drag cubes for part 'Size3EngineCluster'
[LOG 17:49:30.932] PartLoader: Compiling Part 'Squad/Parts/Engine/solidBoosterBACC/solidBoosterBACC/solidBooster1-1'
[LOG 17:49:30.937] PartLoader: Part 'Squad/Parts/Engine/solidBoosterBACC/solidBoosterBACC/solidBooster1-1' has no database record. Creating.
[LOG 17:49:30.938] [DragCubeSystem]: Drag cubes not found or cannot be read for part Part. Generating New drag cubes.
[LOG 17:49:30.938] [KSPCF/DragCubeGeneration] Creating drag cubes for part 'solidBooster1-1'
[LOG 17:49:30.943] PartLoader: Compiling Part 'Squad/Parts/Engine/solidBoosterS2-17/solidBoosterS2-17/Thoroughbred'
[LOG 17:49:30.952] PartLoader: Part 'Squad/Parts/Engine/solidBoosterS2-17/solidBoosterS2-17/Thoroughbred' has no database record. Creating.
[LOG 17:49:30.952] [DragCubeSystem]: Drag cubes not found or cannot be read for part Part. Generating New drag cubes.
[LOG 17:49:30.952] [KSPCF/DragCubeGeneration] Creating drag cubes for part 'Thoroughbred'
[LOG 17:49:30.958] PartLoader: Compiling Part 'Squad/Parts/Engine/solidBoosterS2-33/solidBoosterS2-33/Clydesdale'
[LOG 17:49:30.964] PartLoader: Part 'Squad/Parts/Engine/solidBoosterS2-33/solidBoosterS2-33/Clydesdale' has no database record. Creating.
[LOG 17:49:30.964] [DragCubeSystem]: Drag cubes not found or cannot be read for part Part. Generating New drag cubes.
[LOG 17:49:30.964] [KSPCF/DragCubeGeneration] Creating drag cubes for part 'Clydesdale'
[LOG 17:49:30.970] PartLoader: Compiling Part 'Squad/Parts/Engine/solidBoosterSep/solidBoosterSep/sepMotor1'
[LOG 17:49:30.973] [ModuleCargoPart]: Setting stackableQuantity to 1 as sepMotor1 contains resources
[LOG 17:49:30.975] PartLoader: Part 'Squad/Parts/Engine/solidBoosterSep/solidBoosterSep/sepMotor1' has no database record. Creating.
[LOG 17:49:30.975] [DragCubeSystem]: Drag cubes not found or cannot be read for part Part. Generating New drag cubes.
[LOG 17:49:30.975] [KSPCF/DragCubeGeneration] Creating drag cubes for part 'sepMotor1'
[LOG 17:49:30.979] PartLoader: Compiling Part 'Squad/Parts/Engine/SolidBoostersF/SolidBoosterF3S0/Shrimp'
[LOG 17:49:30.987] PartLoader: Part 'Squad/Parts/Engine/SolidBoostersF/SolidBoosterF3S0/Shrimp' has no database record. Creating.
[LOG 17:49:30.988] [DragCubeSystem]: Drag cubes not found or cannot be read for part Part. Generating New drag cubes.
[LOG 17:49:30.988] [KSPCF/DragCubeGeneration] Creating drag cubes for part 'Shrimp'
[LOG 17:49:30.993] PartLoader: Compiling Part 'Squad/Parts/Engine/SolidBoostersF/SolidBoosterFM1/Mite'
[LOG 17:49:31.000] PartLoader: Part 'Squad/Parts/Engine/SolidBoostersF/SolidBoosterFM1/Mite' has no database record. Creating.
[LOG 17:49:31.001] [DragCubeSystem]: Drag cubes not found or cannot be read for part Part. Generating New drag cubes.
[LOG 17:49:31.001] [KSPCF/DragCubeGeneration] Creating drag cubes for part 'Mite'
[LOG 17:49:31.006] PartLoader: Compiling Part 'Squad/Parts/FuelTank/adapterTanks/Mk3-Mk2/adapterMk3-Mk2'
[LOG 17:49:31.009] PartLoader: Part 'Squad/Parts/FuelTank/adapterTanks/Mk3-Mk2/adapterMk3-Mk2' has no database record. Creating.
[LOG 17:49:31.009] [DragCubeSystem]: Drag cubes not found or cannot be read for part Part. Generating New drag cubes.
[LOG 17:49:31.009] [KSPCF/DragCubeGeneration] Creating drag cubes for part 'adapterMk3-Mk2'
[LOG 17:49:31.013] PartLoader: Compiling Part 'Squad/Parts/FuelTank/adapterTanks/Mk3-ShuttleAdapter/adapterEngines'
[LOG 17:49:31.015] PartLoader: Part 'Squad/Parts/FuelTank/adapterTanks/Mk3-ShuttleAdapter/adapterEngines' has no database record. Creating.
[LOG 17:49:31.015] [DragCubeSystem]: Drag cubes not found or cannot be read for part Part. Generating New drag cubes.
[LOG 17:49:31.015] [KSPCF/DragCubeGeneration] Creating drag cubes for part 'adapterEngines'
[LOG 17:49:31.019] PartLoader: Compiling Part 'Squad/Parts/FuelTank/adapterTanks/Mk3-Size2/adapterMk3-Size2'
[LOG 17:49:31.022] PartLoader: Part 'Squad/Parts/FuelTank/adapterTanks/Mk3-Size2/adapterMk3-Size2' has no database record. Creating.
[LOG 17:49:31.022] [DragCubeSystem]: Drag cubes not found or cannot be read for part Part. Generating New drag cubes.
[LOG 17:49:31.022] [KSPCF/DragCubeGeneration] Creating drag cubes for part 'adapterMk3-Size2'
[LOG 17:49:31.026] PartLoader: Compiling Part 'Squad/Parts/FuelTank/adapterTanks/Mk3-Size2Slant/adapterMk3-Size2Slant'
[LOG 17:49:31.029] PartLoader: Part 'Squad/Parts/FuelTank/adapterTanks/Mk3-Size2Slant/adapterMk3-Size2Slant' has no database record. Creating.
[LOG 17:49:31.029] [DragCubeSystem]: Drag cubes not found or cannot be read for part Part. Generating New drag cubes.
[LOG 17:49:31.029] [KSPCF/DragCubeGeneration] Creating drag cubes for part 'adapterMk3-Size2Slant'
[LOG 17:49:31.033] PartLoader: Compiling Part 'Squad/Parts/FuelTank/adapterTanks/Size2-Mk2/adapterSize2-Mk2'
[LOG 17:49:31.036] PartLoader: Part 'Squad/Parts/FuelTank/adapterTanks/Size2-Mk2/adapterSize2-Mk2' has no database record. Creating.
[LOG 17:49:31.036] [DragCubeSystem]: Drag cubes not found or cannot be read for part Part. Generating New drag cubes.
[LOG 17:49:31.036] [KSPCF/DragCubeGeneration] Creating drag cubes for part 'adapterSize2-Mk2'
[LOG 17:49:31.041] PartLoader: Compiling Part 'Squad/Parts/FuelTank/adapterTanks/Size2-Size1/adapterSize2-Size1'
[LOG 17:49:31.043] PartLoader: Part 'Squad/Parts/FuelTank/adapterTanks/Size2-Size1/adapterSize2-Size1' has no database record. Creating.
[LOG 17:49:31.043] [DragCubeSystem]: Drag cubes not found or cannot be read for part Part. Generating New drag cubes.
[LOG 17:49:31.043] [KSPCF/DragCubeGeneration] Creating drag cubes for part 'adapterSize2-Size1'
[LOG 17:49:31.048] PartLoader: Compiling Part 'Squad/Parts/FuelTank/adapterTanks/Size2-Size1Slant/adapterSize2-Size1Slant'
[LOG 17:49:31.051] PartLoader: Part 'Squad/Parts/FuelTank/adapterTanks/Size2-Size1Slant/adapterSize2-Size1Slant' has no database record. Creating.
[LOG 17:49:31.051] [DragCubeSystem]: Drag cubes not found or cannot be read for part Part. Generating New drag cubes.
[LOG 17:49:31.051] [KSPCF/DragCubeGeneration] Creating drag cubes for part 'adapterSize2-Size1Slant'
[LOG 17:49:31.057] PartLoader: Compiling Part 'Squad/Parts/FuelTank/adapterTanks/Size3-Mk3/adapterSize3-Mk3'
[LOG 17:49:31.061] PartLoader: Part 'Squad/Parts/FuelTank/adapterTanks/Size3-Mk3/adapterSize3-Mk3' has no database record. Creating.
[LOG 17:49:31.061] [DragCubeSystem]: Drag cubes not found or cannot be read for part Part. Generating New drag cubes.
[LOG 17:49:31.061] [KSPCF/DragCubeGeneration] Creating drag cubes for part 'adapterSize3-Mk3'
[LOG 17:49:31.066] PartLoader: Compiling Part 'Squad/Parts/FuelTank/drainTankFTE-1/ReleaseValve/ReleaseValve'
[LOG 17:49:31.076] PartLoader: Part 'Squad/Parts/FuelTank/drainTankFTE-1/ReleaseValve/ReleaseValve' has no database record. Creating.
[LOG 17:49:31.076] [DragCubeSystem]: Drag cubes not found or cannot be read for part Part. Generating New drag cubes.
[LOG 17:49:31.076] [KSPCF/DragCubeGeneration] Creating drag cubes for part 'ReleaseValve'
[LOG 17:49:31.080] PartLoader: Compiling Part 'Squad/Parts/FuelTank/FoilTanks/RadialTank_Capsule/externalTankCapsule'
[LOG 17:49:31.084] PartLoader: Part 'Squad/Parts/FuelTank/FoilTanks/RadialTank_Capsule/externalTankCapsule' has no database record. Creating.
[LOG 17:49:31.084] [DragCubeSystem]: Drag cubes not found or cannot be read for part Part. Generating New drag cubes.
[LOG 17:49:31.084] [KSPCF/DragCubeGeneration] Creating drag cubes for part 'externalTankCapsule'
[LOG 17:49:31.090] PartLoader: Compiling Part 'Squad/Parts/FuelTank/FoilTanks/RadialTank_Round/externalTankRound'
[LOG 17:49:31.094] PartLoader: Part 'Squad/Parts/FuelTank/FoilTanks/RadialTank_Round/externalTankRound' has no database record. Creating.
[LOG 17:49:31.094] [DragCubeSystem]: Drag cubes not found or cannot be read for part Part. Generating New drag cubes.
[LOG 17:49:31.094] [KSPCF/DragCubeGeneration] Creating drag cubes for part 'externalTankRound'
[LOG 17:49:31.100] PartLoader: Compiling Part 'Squad/Parts/FuelTank/FoilTanks/ToroidTank/externalTankToroid'
[LOG 17:49:31.106] PartLoader: Part 'Squad/Parts/FuelTank/FoilTanks/ToroidTank/externalTankToroid' has no database record. Creating.
[LOG 17:49:31.106] [DragCubeSystem]: Drag cubes not found or cannot be read for part Part. Generating New drag cubes.
[LOG 17:49:31.106] [KSPCF/DragCubeGeneration] Creating drag cubes for part 'externalTankToroid'
[LOG 17:49:31.110] PartLoader: Compiling Part 'Squad/Parts/FuelTank/fuelTankOscarB/fuelTankOscarB/miniFuelTank'
[LOG 17:49:31.114] PartLoader: Part 'Squad/Parts/FuelTank/fuelTankOscarB/fuelTankOscarB/miniFuelTank' has no database record. Creating.
[LOG 17:49:31.114] [DragCubeSystem]: Drag cubes not found or cannot be read for part Part. Generating New drag cubes.
[LOG 17:49:31.114] [KSPCF/DragCubeGeneration] Creating drag cubes for part 'miniFuelTank'
[LOG 17:49:31.119] PartLoader: Compiling Part 'Squad/Parts/FuelTank/miniFuselage/miniFuselage/miniFuselage'
[LOG 17:49:31.122] PartLoader: Part 'Squad/Parts/FuelTank/miniFuselage/miniFuselage/miniFuselage' has no database record. Creating.
[LOG 17:49:31.122] [DragCubeSystem]: Drag cubes not found or cannot be read for part Part. Generating New drag cubes.
[LOG 17:49:31.122] [KSPCF/DragCubeGeneration] Creating drag cubes for part 'miniFuselage'
[LOG 17:49:31.128] PartLoader: Compiling Part 'Squad/Parts/FuelTank/mk2Adapters/bicoupler/mk2_1m_Bicoupler'
[LOG 17:49:31.131] PartLoader: Part 'Squad/Parts/FuelTank/mk2Adapters/bicoupler/mk2_1m_Bicoupler' has no database record. Creating.
[LOG 17:49:31.131] [DragCubeSystem]: Drag cubes not found or cannot be read for part Part. Generating New drag cubes.
[LOG 17:49:31.131] [KSPCF/DragCubeGeneration] Creating drag cubes for part 'mk2.1m.Bicoupler'
[LOG 17:49:31.136] PartLoader: Compiling Part 'Squad/Parts/FuelTank/mk2Adapters/long/mk2_1m_AdapterLong'
[LOG 17:49:31.139] PartLoader: Part 'Squad/Parts/FuelTank/mk2Adapters/long/mk2_1m_AdapterLong' has no database record. Creating.
[LOG 17:49:31.139] [DragCubeSystem]: Drag cubes not found or cannot be read for part Part. Generating New drag cubes.
[LOG 17:49:31.139] [KSPCF/DragCubeGeneration] Creating drag cubes for part 'mk2.1m.AdapterLong'
[LOG 17:49:31.144] PartLoader: Compiling Part 'Squad/Parts/FuelTank/mk2Adapters/standard/mk2SpacePlaneAdapter'
[LOG 17:49:31.147] PartLoader: Part 'Squad/Parts/FuelTank/mk2Adapters/standard/mk2SpacePlaneAdapter' has no database record. Creating.
[LOG 17:49:31.147] [DragCubeSystem]: Drag cubes not found or cannot be read for part Part. Generating New drag cubes.
[LOG 17:49:31.148] [KSPCF/DragCubeGeneration] Creating drag cubes for part 'mk2SpacePlaneAdapter'
[LOG 17:49:31.152] PartLoader: Compiling Part 'Squad/Parts/FuelTank/mk2FuselageLong/LFO_long/mk2FuselageLongLFO'
[LOG 17:49:31.155] PartLoader: Part 'Squad/Parts/FuelTank/mk2FuselageLong/LFO_long/mk2FuselageLongLFO' has no database record. Creating.
[LOG 17:49:31.155] [DragCubeSystem]: Drag cubes not found or cannot be read for part Part. Generating New drag cubes.
[LOG 17:49:31.156] [KSPCF/DragCubeGeneration] Creating drag cubes for part 'mk2FuselageLongLFO'
[LOG 17:49:31.162] PartLoader: Compiling Part 'Squad/Parts/FuelTank/mk2FuselageLong/L_long/mk2Fuselage'
[LOG 17:49:31.166] PartLoader: Part 'Squad/Parts/FuelTank/mk2FuselageLong/L_long/mk2Fuselage' has no database record. Creating.
[LOG 17:49:31.166] [DragCubeSystem]: Drag cubes not found or cannot be read for part Part. Generating New drag cubes.
[LOG 17:49:31.166] [KSPCF/DragCubeGeneration] Creating drag cubes for part 'mk2Fuselage'
[LOG 17:49:31.170] PartLoader: Compiling Part 'Squad/Parts/FuelTank/mk2FuselageShort/LFO_short/mk2FuselageShortLFO'
[LOG 17:49:31.174] PartLoader: Part 'Squad/Parts/FuelTank/mk2FuselageShort/LFO_short/mk2FuselageShortLFO' has no database record. Creating.
[LOG 17:49:31.174] [DragCubeSystem]: Drag cubes not found or cannot be read for part Part. Generating New drag cubes.
[LOG 17:49:31.174] [KSPCF/DragCubeGeneration] Creating drag cubes for part 'mk2FuselageShortLFO'
[LOG 17:49:31.180] PartLoader: Compiling Part 'Squad/Parts/FuelTank/mk2FuselageShort/L_short/mk2FuselageShortLiquid'
[LOG 17:49:31.183] PartLoader: Part 'Squad/Parts/FuelTank/mk2FuselageShort/L_short/mk2FuselageShortLiquid' has no database record. Creating.
[LOG 17:49:31.183] [DragCubeSystem]: Drag cubes not found or cannot be read for part Part. Generating New drag cubes.
[LOG 17:49:31.183] [KSPCF/DragCubeGeneration] Creating drag cubes for part 'mk2FuselageShortLiquid'
[LOG 17:49:31.187] PartLoader: Compiling Part 'Squad/Parts/FuelTank/mk2FuselageShort/Mono_short/mk2FuselageShortMono'
[LOG 17:49:31.190] PartLoader: Part 'Squad/Parts/FuelTank/mk2FuselageShort/Mono_short/mk2FuselageShortMono' has no database record. Creating.
[LOG 17:49:31.190] [DragCubeSystem]: Drag cubes not found or cannot be read for part Part. Generating New drag cubes.
[LOG 17:49:31.190] [KSPCF/DragCubeGeneration] Creating drag cubes for part 'mk2FuselageShortMono'
[LOG 17:49:31.196] PartLoader: Compiling Part 'Squad/Parts/FuelTank/mk3Fuselage/CREW/mk3CrewCabin'
[LOG 17:49:31.200] PartLoader: Part 'Squad/Parts/FuelTank/mk3Fuselage/CREW/mk3CrewCabin' has no database record. Creating.
[LOG 17:49:31.200] [DragCubeSystem]: Drag cubes not found or cannot be read for part Part. Generating New drag cubes.
[LOG 17:49:31.200] [KSPCF/DragCubeGeneration] Creating drag cubes for part 'mk3CrewCabin'
[LOG 17:49:31.205] PartLoader: Compiling Part 'Squad/Parts/FuelTank/mk3Fuselage/LFO_100/mk3FuselageLFO_100'
[LOG 17:49:31.208] PartLoader: Part 'Squad/Parts/FuelTank/mk3Fuselage/LFO_100/mk3FuselageLFO_100' has no database record. Creating.
[LOG 17:49:31.208] [DragCubeSystem]: Drag cubes not found or cannot be read for part Part. Generating New drag cubes.
[LOG 17:49:31.208] [KSPCF/DragCubeGeneration] Creating drag cubes for part 'mk3FuselageLFO.100'
[LOG 17:49:31.212] PartLoader: Compiling Part 'Squad/Parts/FuelTank/mk3Fuselage/LFO_25/mk3FuselageLFO_25'
[LOG 17:49:31.215] PartLoader: Part 'Squad/Parts/FuelTank/mk3Fuselage/LFO_25/mk3FuselageLFO_25' has no database record. Creating.
[LOG 17:49:31.215] [DragCubeSystem]: Drag cubes not found or cannot be read for part Part. Generating New drag cubes.
[LOG 17:49:31.215] [KSPCF/DragCubeGeneration] Creating drag cubes for part 'mk3FuselageLFO.25'
[LOG 17:49:31.220] PartLoader: Compiling Part 'Squad/Parts/FuelTank/mk3Fuselage/LFO_50/mk3FuselageLFO_50'
[LOG 17:49:31.223] PartLoader: Part 'Squad/Parts/FuelTank/mk3Fuselage/LFO_50/mk3FuselageLFO_50' has no database record. Creating.
[LOG 17:49:31.223] [DragCubeSystem]: Drag cubes not found or cannot be read for part Part. Generating New drag cubes.
[LOG 17:49:31.223] [KSPCF/DragCubeGeneration] Creating drag cubes for part 'mk3FuselageLFO.50'
[LOG 17:49:31.229] PartLoader: Compiling Part 'Squad/Parts/FuelTank/mk3Fuselage/LF_100/mk3FuselageLF_100'
[LOG 17:49:31.233] PartLoader: Part 'Squad/Parts/FuelTank/mk3Fuselage/LF_100/mk3FuselageLF_100' has no database record. Creating.
[LOG 17:49:31.233] [DragCubeSystem]: Drag cubes not found or cannot be read for part Part. Generating New drag cubes.
[LOG 17:49:31.233] [KSPCF/DragCubeGeneration] Creating drag cubes for part 'mk3FuselageLF.100'
[LOG 17:49:31.237] PartLoader: Compiling Part 'Squad/Parts/FuelTank/mk3Fuselage/LF_25/mk3FuselageLF_25'
[LOG 17:49:31.240] PartLoader: Part 'Squad/Parts/FuelTank/mk3Fuselage/LF_25/mk3FuselageLF_25' has no database record. Creating.
[LOG 17:49:31.240] [DragCubeSystem]: Drag cubes not found or cannot be read for part Part. Generating New drag cubes.
[LOG 17:49:31.240] [KSPCF/DragCubeGeneration] Creating drag cubes for part 'mk3FuselageLF.25'
[LOG 17:49:31.245] PartLoader: Compiling Part 'Squad/Parts/FuelTank/mk3Fuselage/LF_50/mk3FuselageLF_50'
[LOG 17:49:31.247] PartLoader: Part 'Squad/Parts/FuelTank/mk3Fuselage/LF_50/mk3FuselageLF_50' has no database record. Creating.
[LOG 17:49:31.247] [DragCubeSystem]: Drag cubes not found or cannot be read for part Part. Generating New drag cubes.
[LOG 17:49:31.247] [KSPCF/DragCubeGeneration] Creating drag cubes for part 'mk3FuselageLF.50'
[LOG 17:49:31.252] PartLoader: Compiling Part 'Squad/Parts/FuelTank/mk3Fuselage/MONO/mk3FuselageMONO'
[LOG 17:49:31.254] PartLoader: Part 'Squad/Parts/FuelTank/mk3Fuselage/MONO/mk3FuselageMONO' has no database record. Creating.
[LOG 17:49:31.255] [DragCubeSystem]: Drag cubes not found or cannot be read for part Part. Generating New drag cubes.
[LOG 17:49:31.255] [KSPCF/DragCubeGeneration] Creating drag cubes for part 'mk3FuselageMONO'
[LOG 17:49:31.259] PartLoader: Compiling Part 'Squad/Parts/FuelTank/RCSFuelTankR1/RCSFuelTankR1/RCSTank1-2'
[LOG 17:49:31.263] PartLoader: Part 'Squad/Parts/FuelTank/RCSFuelTankR1/RCSFuelTankR1/RCSTank1-2' has no database record. Creating.
[LOG 17:49:31.264] [DragCubeSystem]: Drag cubes not found or cannot be read for part Part. Generating New drag cubes.
[LOG 17:49:31.264] [KSPCF/DragCubeGeneration] Creating drag cubes for part 'RCSTank1-2'
[LOG 17:49:31.269] PartLoader: Compiling Part 'Squad/Parts/FuelTank/RCSFuelTankR10/RCSFuelTankR10/rcsTankMini'
[LOG 17:49:31.271] PartLoader: Part 'Squad/Parts/FuelTank/RCSFuelTankR10/RCSFuelTankR10/rcsTankMini' has no database record. Creating.
[LOG 17:49:31.271] [DragCubeSystem]: Drag cubes not found or cannot be read for part Part. Generating New drag cubes.
[LOG 17:49:31.271] [KSPCF/DragCubeGeneration] Creating drag cubes for part 'rcsTankMini'
[LOG 17:49:31.276] PartLoader: Compiling Part 'Squad/Parts/FuelTank/RCSFuelTankR25/RCSFuelTankR25/RCSFuelTank'
[LOG 17:49:31.280] PartLoader: Part 'Squad/Parts/FuelTank/RCSFuelTankR25/RCSFuelTankR25/RCSFuelTank' has no database record. Creating.
[LOG 17:49:31.280] [DragCubeSystem]: Drag cubes not found or cannot be read for part Part. Generating New drag cubes.
[LOG 17:49:31.280] [KSPCF/DragCubeGeneration] Creating drag cubes for part 'RCSFuelTank'
[LOG 17:49:31.285] PartLoader: Compiling Part 'Squad/Parts/FuelTank/RCSTankRadial/radialRCSTank/radialRCSTank'
[LOG 17:49:31.288] PartLoader: Part 'Squad/Parts/FuelTank/RCSTankRadial/radialRCSTank/radialRCSTank' has no database record. Creating.
[LOG 17:49:31.288] [DragCubeSystem]: Drag cubes not found or cannot be read for part Part. Generating New drag cubes.
[LOG 17:49:31.288] [KSPCF/DragCubeGeneration] Creating drag cubes for part 'radialRCSTank'
[LOG 17:49:31.293] PartLoader: Compiling Part 'Squad/Parts/FuelTank/RCStankRadialLong/RCSTankRadialLong/rcsTankRadialLong'
[LOG 17:49:31.298] PartLoader: Part 'Squad/Parts/FuelTank/RCStankRadialLong/RCSTankRadialLong/rcsTankRadialLong' has no database record. Creating.
[LOG 17:49:31.298] [DragCubeSystem]: Drag cubes not found or cannot be read for part Part. Generating New drag cubes.
[LOG 17:49:31.298] [KSPCF/DragCubeGeneration] Creating drag cubes for part 'rcsTankRadialLong'
[LOG 17:49:31.302] PartLoader: Compiling Part 'Squad/Parts/FuelTank/RockomaxTanks/Rockomax16/Rockomax16_BW'
[LOG 17:49:31.306] PartLoader: Part 'Squad/Parts/FuelTank/RockomaxTanks/Rockomax16/Rockomax16_BW' has no database record. Creating.
[LOG 17:49:31.306] [DragCubeSystem]: Drag cubes not found or cannot be read for part Part. Generating New drag cubes.
[LOG 17:49:31.306] [KSPCF/DragCubeGeneration] Creating drag cubes for part 'Rockomax16.BW'
[LOG 17:49:31.311] PartLoader: Compiling Part 'Squad/Parts/FuelTank/RockomaxTanks/Rockomax32/Rockomax32_BW'
[LOG 17:49:31.314] PartLoader: Part 'Squad/Parts/FuelTank/RockomaxTanks/Rockomax32/Rockomax32_BW' has no database record. Creating.
[LOG 17:49:31.314] [DragCubeSystem]: Drag cubes not found or cannot be read for part Part. Generating New drag cubes.
[LOG 17:49:31.314] [KSPCF/DragCubeGeneration] Creating drag cubes for part 'Rockomax32.BW'
[LOG 17:49:31.330] PartLoader: Compiling Part 'Squad/Parts/FuelTank/RockomaxTanks/Rockomax64/Rockomax64_BW'
[LOG 17:49:31.333] PartLoader: Part 'Squad/Parts/FuelTank/RockomaxTanks/Rockomax64/Rockomax64_BW' has no database record. Creating.
[LOG 17:49:31.333] [DragCubeSystem]: Drag cubes not found or cannot be read for part Part. Generating New drag cubes.
[LOG 17:49:31.333] [KSPCF/DragCubeGeneration] Creating drag cubes for part 'Rockomax64.BW'
[LOG 17:49:31.344] PartLoader: Compiling Part 'Squad/Parts/FuelTank/RockomaxTanks/Rockomax8/Rockomax8BW'
[LOG 17:49:31.346] PartLoader: Part 'Squad/Parts/FuelTank/RockomaxTanks/Rockomax8/Rockomax8BW' has no database record. Creating.
[LOG 17:49:31.346] [DragCubeSystem]: Drag cubes not found or cannot be read for part Part. Generating New drag cubes.
[LOG 17:49:31.346] [KSPCF/DragCubeGeneration] Creating drag cubes for part 'Rockomax8BW'
[LOG 17:49:31.357] PartLoader: Compiling Part 'Squad/Parts/FuelTank/Size1_Tanks/fuelTankT100/fuelTankSmallFlat'
[LOG 17:49:31.360] PartLoader: Part 'Squad/Parts/FuelTank/Size1_Tanks/fuelTankT100/fuelTankSmallFlat' has no database record. Creating.
[LOG 17:49:31.360] [DragCubeSystem]: Drag cubes not found or cannot be read for part Part. Generating New drag cubes.
[LOG 17:49:31.360] [KSPCF/DragCubeGeneration] Creating drag cubes for part 'fuelTankSmallFlat'
[LOG 17:49:31.365] PartLoader: Compiling Part 'Squad/Parts/FuelTank/Size1_Tanks/fuelTankT200/fuelTankSmall'
[LOG 17:49:31.369] PartLoader: Part 'Squad/Parts/FuelTank/Size1_Tanks/fuelTankT200/fuelTankSmall' has no database record. Creating.
[LOG 17:49:31.369] [DragCubeSystem]: Drag cubes not found or cannot be read for part Part. Generating New drag cubes.
[LOG 17:49:31.369] [KSPCF/DragCubeGeneration] Creating drag cubes for part 'fuelTankSmall'
[LOG 17:49:31.374] PartLoader: Compiling Part 'Squad/Parts/FuelTank/Size1_Tanks/fuelTankT400/fuelTank'
[LOG 17:49:31.377] PartLoader: Part 'Squad/Parts/FuelTank/Size1_Tanks/fuelTankT400/fuelTank' has no database record. Creating.
[LOG 17:49:31.377] [DragCubeSystem]: Drag cubes not found or cannot be read for part Part. Generating New drag cubes.
[LOG 17:49:31.377] [KSPCF/DragCubeGeneration] Creating drag cubes for part 'fuelTank'
[LOG 17:49:31.382] PartLoader: Compiling Part 'Squad/Parts/FuelTank/Size1_Tanks/fuelTankT800/fuelTank_long'
[LOG 17:49:31.385] PartLoader: Part 'Squad/Parts/FuelTank/Size1_Tanks/fuelTankT800/fuelTank_long' has no database record. Creating.
[LOG 17:49:31.385] [DragCubeSystem]: Drag cubes not found or cannot be read for part Part. Generating New drag cubes.
[LOG 17:49:31.386] [KSPCF/DragCubeGeneration] Creating drag cubes for part 'fuelTank.long'
[LOG 17:49:31.391] PartLoader: Compiling Part 'Squad/Parts/FuelTank/Size3Tanks/large/Size3LargeTank'
[LOG 17:49:31.394] PartLoader: Part 'Squad/Parts/FuelTank/Size3Tanks/large/Size3LargeTank' has no database record. Creating.
[LOG 17:49:31.394] [DragCubeSystem]: Drag cubes not found or cannot be read for part Part. Generating New drag cubes.
[LOG 17:49:31.394] [KSPCF/DragCubeGeneration] Creating drag cubes for part 'Size3LargeTank'
[LOG 17:49:31.398] PartLoader: Compiling Part 'Squad/Parts/FuelTank/Size3Tanks/medium/Size3MediumTank'
[LOG 17:49:31.401] PartLoader: Part 'Squad/Parts/FuelTank/Size3Tanks/medium/Size3MediumTank' has no database record. Creating.
[LOG 17:49:31.401] [DragCubeSystem]: Drag cubes not found or cannot be read for part Part. Generating New drag cubes.
[LOG 17:49:31.401] [KSPCF/DragCubeGeneration] Creating drag cubes for part 'Size3MediumTank'
[LOG 17:49:31.405] PartLoader: Compiling Part 'Squad/Parts/FuelTank/Size3Tanks/small/Size3SmallTank'
[LOG 17:49:31.408] PartLoader: Part 'Squad/Parts/FuelTank/Size3Tanks/small/Size3SmallTank' has no database record. Creating.
[LOG 17:49:31.409] [DragCubeSystem]: Drag cubes not found or cannot be read for part Part. Generating New drag cubes.
[LOG 17:49:31.409] [KSPCF/DragCubeGeneration] Creating drag cubes for part 'Size3SmallTank'
[LOG 17:49:31.413] PartLoader: Compiling Part 'Squad/Parts/FuelTank/xenonTank/xenonTank/xenonTank'
[LOG 17:49:31.416] PartLoader: Part 'Squad/Parts/FuelTank/xenonTank/xenonTank/xenonTank' has no database record. Creating.
[LOG 17:49:31.416] [DragCubeSystem]: Drag cubes not found or cannot be read for part Part. Generating New drag cubes.
[LOG 17:49:31.416] [KSPCF/DragCubeGeneration] Creating drag cubes for part 'xenonTank'
[LOG 17:49:31.421] PartLoader: Compiling Part 'Squad/Parts/FuelTank/xenonTankLarge/xenonTankLarge/xenonTankLarge'
[LOG 17:49:31.425] PartLoader: Part 'Squad/Parts/FuelTank/xenonTankLarge/xenonTankLarge/xenonTankLarge' has no database record. Creating.
[LOG 17:49:31.425] [DragCubeSystem]: Drag cubes not found or cannot be read for part Part. Generating New drag cubes.
[LOG 17:49:31.425] [KSPCF/DragCubeGeneration] Creating drag cubes for part 'xenonTankLarge'
[LOG 17:49:31.429] PartLoader: Compiling Part 'Squad/Parts/FuelTank/xenonTankRadial/xenonTankRadial/xenonTankRadial'
[LOG 17:49:31.432] PartLoader: Part 'Squad/Parts/FuelTank/xenonTankRadial/xenonTankRadial/xenonTankRadial' has no database record. Creating.
[LOG 17:49:31.432] [DragCubeSystem]: Drag cubes not found or cannot be read for part Part. Generating New drag cubes.
[LOG 17:49:31.432] [KSPCF/DragCubeGeneration] Creating drag cubes for part 'xenonTankRadial'
[LOG 17:49:31.436] PartLoader: Compiling Part 'Squad/Parts/Misc/AsteroidDay/CamSat/InfraredTelescope'
[LOG 17:49:31.442] PartLoader: Part 'Squad/Parts/Misc/AsteroidDay/CamSat/InfraredTelescope' has no database record. Creating.
[LOG 17:49:31.442] [DragCubeSystem]: Drag cubes not found or cannot be read for part Part. Generating New drag cubes.
[LOG 17:49:31.442] [KSPCF/DragCubeGeneration] Creating drag cubes for part 'InfraredTelescope'
[LOG 17:49:31.446] PartLoader: Compiling Part 'Squad/Parts/Misc/AsteroidDay/HECS2/HECS2_ProbeCore'
[LOG 17:49:31.452] PartLoader: Part 'Squad/Parts/Misc/AsteroidDay/HECS2/HECS2_ProbeCore' has no database record. Creating.
[LOG 17:49:31.452] [DragCubeSystem]: Drag cubes not found or cannot be read for part Part. Generating New drag cubes.
[LOG 17:49:31.452] [KSPCF/DragCubeGeneration] Creating drag cubes for part 'HECS2.ProbeCore'
[LOG 17:49:31.459] PartLoader: Compiling Part 'Squad/Parts/Misc/AsteroidDay/HighGainAntenna/HighGainAntenna'
[LOG 17:49:31.469] PartLoader: Part 'Squad/Parts/Misc/AsteroidDay/HighGainAntenna/HighGainAntenna' has no database record. Creating.
[LOG 17:49:31.469] [DragCubeSystem]: Drag cubes not found or cannot be read for part Part. Generating New drag cubes.
[LOG 17:49:31.469] [KSPCF/DragCubeGeneration] Creating drag cubes for part 'HighGainAntenna'
[LOG 17:49:31.482] PartLoader: Compiling Part 'Squad/Parts/Misc/AsteroidDay/LgRadialSolar/LgRadialSolarPanel'
[LOG 17:49:31.487] PartLoader: Part 'Squad/Parts/Misc/AsteroidDay/LgRadialSolar/LgRadialSolarPanel' has no database record. Creating.
[LOG 17:49:31.487] [DragCubeSystem]: Drag cubes not found or cannot be read for part Part. Generating New drag cubes.
[LOG 17:49:31.487] [KSPCF/DragCubeGeneration] Creating drag cubes for part 'LgRadialSolarPanel'
[LOG 17:49:31.493] PartLoader: Compiling Part 'Squad/Parts/Misc/PotatoComet/part/PotatoComet'
[LOG 17:49:31.505] PartLoader: Part 'Squad/Parts/Misc/PotatoComet/part/PotatoComet' has no database record. Creating.
[LOG 17:49:31.505] PartLoader: Compiling Part 'Squad/Parts/Misc/PotatoRoid/part/PotatoRoid'
[LOG 17:49:31.516] PartLoader: Part 'Squad/Parts/Misc/PotatoRoid/part/PotatoRoid' has no database record. Creating.
[LOG 17:49:31.516] PartLoader: Compiling Part 'Squad/Parts/Prebuilt/flag/flag'
[LOG 17:49:31.518] PartLoader: Compiling Part 'Squad/Parts/Prebuilt/kerbalEVA/kerbalEVA'
[LOG 17:49:31.541] PartLoader: Compiling Part 'Squad/Parts/Prebuilt/kerbalEVAfemale/kerbalEVAfemale'
[LOG 17:49:31.549] PartLoader: Compiling Part 'Squad/Parts/Prebuilt/kerbalEVASlimSuit/kerbalEVASlimSuit'
[LOG 17:49:31.555] PartLoader: Compiling Part 'Squad/Parts/Prebuilt/kerbalEVASlimSuitFemale/kerbalEVASlimSuitFemale'
[LOG 17:49:31.560] PartLoader: Compiling Part 'Squad/Parts/Resources/FuelCell/FuelCell/FuelCell'
[LOG 17:49:31.568] PartLoader: Part 'Squad/Parts/Resources/FuelCell/FuelCell/FuelCell' has no database record. Creating.
[LOG 17:49:31.569] [DragCubeSystem]: Drag cubes not found or cannot be read for part Part. Generating New drag cubes.
[LOG 17:49:31.569] [KSPCF/DragCubeGeneration] Creating drag cubes for part 'FuelCell'
[LOG 17:49:31.575] PartLoader: Compiling Part 'Squad/Parts/Resources/FuelCell/FuelCellArray/FuelCellArray'
[LOG 17:49:31.580] PartLoader: Part 'Squad/Parts/Resources/FuelCell/FuelCellArray/FuelCellArray' has no database record. Creating.
[LOG 17:49:31.580] [DragCubeSystem]: Drag cubes not found or cannot be read for part Part. Generating New drag cubes.
[LOG 17:49:31.580] [KSPCF/DragCubeGeneration] Creating drag cubes for part 'FuelCellArray'
[LOG 17:49:31.584] PartLoader: Compiling Part 'Squad/Parts/Resources/ISRU/ISRU/ISRU'
[LOG 17:49:31.594] PartLoader: Part 'Squad/Parts/Resources/ISRU/ISRU/ISRU' has no database record. Creating.
[LOG 17:49:31.594] [DragCubeSystem]: Drag cubes not found or cannot be read for part Part. Generating New drag cubes.
[LOG 17:49:31.594] [KSPCF/DragCubeGeneration] Creating drag cubes for part 'ISRU'
[LOG 17:49:31.607] PartLoader: Compiling Part 'Squad/Parts/Resources/LargeTank/LargeTank/LargeTank'
[LOG 17:49:31.613] PartLoader: Part 'Squad/Parts/Resources/LargeTank/LargeTank/LargeTank' has no database record. Creating.
[LOG 17:49:31.613] [DragCubeSystem]: Drag cubes not found or cannot be read for part Part. Generating New drag cubes.
[LOG 17:49:31.613] [KSPCF/DragCubeGeneration] Creating drag cubes for part 'LargeTank'
[LOG 17:49:31.618] PartLoader: Compiling Part 'Squad/Parts/Resources/MiniDrill/MiniDrill/MiniDrill'
[LOG 17:49:31.634] PartLoader: Part 'Squad/Parts/Resources/MiniDrill/MiniDrill/MiniDrill' has no database record. Creating.
[LOG 17:49:31.635] [DragCubeSystem]: Drag cubes not found or cannot be read for part Part. Generating New drag cubes.
[LOG 17:49:31.636] [KSPCF/DragCubeGeneration] Creating drag cubes for part 'MiniDrill'
[LOG 17:49:31.662] PartLoader: Compiling Part 'Squad/Parts/Resources/MiniISRU/MiniISRU/MiniISRU'
[LOG 17:49:31.669] PartLoader: Part 'Squad/Parts/Resources/MiniISRU/MiniISRU/MiniISRU' has no database record. Creating.
[LOG 17:49:31.669] [DragCubeSystem]: Drag cubes not found or cannot be read for part Part. Generating New drag cubes.
[LOG 17:49:31.669] [KSPCF/DragCubeGeneration] Creating drag cubes for part 'MiniISRU'
[LOG 17:49:31.675] PartLoader: Compiling Part 'Squad/Parts/Resources/OrbitalScanner/OrbitalScanner/OrbitalScanner'
[LOG 17:49:31.684] PartLoader: Part 'Squad/Parts/Resources/OrbitalScanner/OrbitalScanner/OrbitalScanner' has no database record. Creating.
[LOG 17:49:31.684] [DragCubeSystem]: Drag cubes not found or cannot be read for part Part. Generating New drag cubes.
[LOG 17:49:31.684] [KSPCF/DragCubeGeneration] Creating drag cubes for part 'OrbitalScanner'
[LOG 17:49:31.697] PartLoader: Compiling Part 'Squad/Parts/Resources/RadialDrill/RadialDrill/RadialDrill'
[LOG 17:49:31.706] PartLoader: Part 'Squad/Parts/Resources/RadialDrill/RadialDrill/RadialDrill' has no database record. Creating.
[LOG 17:49:31.706] [DragCubeSystem]: Drag cubes not found or cannot be read for part Part. Generating New drag cubes.
[LOG 17:49:31.706] [KSPCF/DragCubeGeneration] Creating drag cubes for part 'RadialDrill'
[LOG 17:49:31.733] PartLoader: Compiling Part 'Squad/Parts/Resources/RadialTank/RadialTank/RadialOreTank'
[LOG 17:49:31.737] PartLoader: Part 'Squad/Parts/Resources/RadialTank/RadialTank/RadialOreTank' has no database record. Creating.
[LOG 17:49:31.737] [DragCubeSystem]: Drag cubes not found or cannot be read for part Part. Generating New drag cubes.
[LOG 17:49:31.737] [KSPCF/DragCubeGeneration] Creating drag cubes for part 'RadialOreTank'
[LOG 17:49:31.741] PartLoader: Compiling Part 'Squad/Parts/Resources/SmallTank/SmallTank/SmallTank'
[LOG 17:49:31.745] PartLoader: Part 'Squad/Parts/Resources/SmallTank/SmallTank/SmallTank' has no database record. Creating.
[LOG 17:49:31.745] [DragCubeSystem]: Drag cubes not found or cannot be read for part Part. Generating New drag cubes.
[LOG 17:49:31.745] [KSPCF/DragCubeGeneration] Creating drag cubes for part 'SmallTank'
[LOG 17:49:31.749] PartLoader: Compiling Part 'Squad/Parts/Resources/SurfaceScanner/SurfaceScanner/SurfaceScanner'
[LOG 17:49:31.766] PartLoader: Part 'Squad/Parts/Resources/SurfaceScanner/SurfaceScanner/SurfaceScanner' has no database record. Creating.
[LOG 17:49:31.766] [DragCubeSystem]: Drag cubes not found or cannot be read for part Part. Generating New drag cubes.
[LOG 17:49:31.766] [KSPCF/DragCubeGeneration] Creating drag cubes for part 'SurfaceScanner'
[LOG 17:49:31.770] PartLoader: Compiling Part 'Squad/Parts/Resources/SurveyScanner/SurveyScanner/SurveyScanner'
[LOG 17:49:31.779] PartLoader: Part 'Squad/Parts/Resources/SurveyScanner/SurveyScanner/SurveyScanner' has no database record. Creating.
[LOG 17:49:31.779] [DragCubeSystem]: Drag cubes not found or cannot be read for part Part. Generating New drag cubes.
[LOG 17:49:31.779] [KSPCF/DragCubeGeneration] Creating drag cubes for part 'SurveyScanner'
[LOG 17:49:31.789] PartLoader: Compiling Part 'Squad/Parts/Science/AtmosphereSensor/sensorAtmosphere/sensorAtmosphere'
[LOG 17:49:31.792] PartLoader: Part 'Squad/Parts/Science/AtmosphereSensor/sensorAtmosphere/sensorAtmosphere' has no database record. Creating.
[LOG 17:49:31.792] [DragCubeSystem]: Drag cubes not found or cannot be read for part Part. Generating New drag cubes.
[LOG 17:49:31.792] [KSPCF/DragCubeGeneration] Creating drag cubes for part 'sensorAtmosphere'
[LOG 17:49:31.796] PartLoader: Compiling Part 'Squad/Parts/Science/GooExperiment/gooExperiment/GooExperiment'
[LOG 17:49:31.801] PartLoader: Part 'Squad/Parts/Science/GooExperiment/gooExperiment/GooExperiment' has no database record. Creating.
[LOG 17:49:31.801] [DragCubeSystem]: Drag cubes not found or cannot be read for part Part. Generating New drag cubes.
[LOG 17:49:31.801] [KSPCF/DragCubeGeneration] Creating drag cubes for part 'GooExperiment'
[LOG 17:49:31.812] PartLoader: Compiling Part 'Squad/Parts/Science/LargeCrewedLab/largeCrewedLab/Large_Crewed_Lab'
[LOG 17:49:31.831] PartLoader: Part 'Squad/Parts/Science/LargeCrewedLab/largeCrewedLab/Large_Crewed_Lab' has no database record. Creating.
[LOG 17:49:31.832] [DragCubeSystem]: Drag cubes not found or cannot be read for part Part. Generating New drag cubes.
[LOG 17:49:31.832] [KSPCF/DragCubeGeneration] Creating drag cubes for part 'Large.Crewed.Lab'
[LOG 17:49:31.837] PartLoader: Compiling Part 'Squad/Parts/Science/Magnetometer/Magnetometer/Magnetometer'
[LOG 17:49:31.848] PartLoader: Part 'Squad/Parts/Science/Magnetometer/Magnetometer/Magnetometer' has no database record. Creating.
[LOG 17:49:31.848] [DragCubeSystem]: Drag cubes not found or cannot be read for part Part. Generating New drag cubes.
[LOG 17:49:31.849] [KSPCF/DragCubeGeneration] Creating drag cubes for part 'Magnetometer'
[LOG 17:49:31.871] PartLoader: Compiling Part 'Squad/Parts/Science/MaterialBay/materialBay/science_module'
[LOG 17:49:31.879] PartLoader: Part 'Squad/Parts/Science/MaterialBay/materialBay/science_module' has no database record. Creating.
[LOG 17:49:31.879] [DragCubeSystem]: Drag cubes not found or cannot be read for part Part. Generating New drag cubes.
[LOG 17:49:31.879] [KSPCF/DragCubeGeneration] Creating drag cubes for part 'science.module'
[LOG 17:49:31.898] PartLoader: Compiling Part 'Squad/Parts/Science/ScienceBox/ScienceBox/ScienceBox'
[LOG 17:49:31.904] PartLoader: Part 'Squad/Parts/Science/ScienceBox/ScienceBox/ScienceBox' has no database record. Creating.
[LOG 17:49:31.904] [DragCubeSystem]: Drag cubes not found or cannot be read for part Part. Generating New drag cubes.
[LOG 17:49:31.904] [KSPCF/DragCubeGeneration] Creating drag cubes for part 'ScienceBox'
[LOG 17:49:31.908] PartLoader: Compiling Part 'Squad/Parts/Science/sensorAccelerometer/sensorAccelerometer/sensorAccelerometer'
[LOG 17:49:31.916] PartLoader: Part 'Squad/Parts/Science/sensorAccelerometer/sensorAccelerometer/sensorAccelerometer' has no database record. Creating.
[LOG 17:49:31.916] [DragCubeSystem]: Drag cubes not found or cannot be read for part Part. Generating New drag cubes.
[LOG 17:49:31.916] [KSPCF/DragCubeGeneration] Creating drag cubes for part 'sensorAccelerometer'
[LOG 17:49:31.921] PartLoader: Compiling Part 'Squad/Parts/Science/sensorBarometer/sensorBarometer/sensorBarometer'
[LOG 17:49:31.935] PartLoader: Part 'Squad/Parts/Science/sensorBarometer/sensorBarometer/sensorBarometer' has no database record. Creating.
[LOG 17:49:31.936] [DragCubeSystem]: Drag cubes not found or cannot be read for part Part. Generating New drag cubes.
[LOG 17:49:31.936] [KSPCF/DragCubeGeneration] Creating drag cubes for part 'sensorBarometer'
[LOG 17:49:31.940] PartLoader: Compiling Part 'Squad/Parts/Science/sensorGravimeter/sensorGravimeter/sensorGravimeter'
[LOG 17:49:31.945] PartLoader: Part 'Squad/Parts/Science/sensorGravimeter/sensorGravimeter/sensorGravimeter' has no database record. Creating.
[LOG 17:49:31.945] [DragCubeSystem]: Drag cubes not found or cannot be read for part Part. Generating New drag cubes.
[LOG 17:49:31.945] [KSPCF/DragCubeGeneration] Creating drag cubes for part 'sensorGravimeter'
[LOG 17:49:31.950] PartLoader: Compiling Part 'Squad/Parts/Science/sensorThermometer/sensorThermometer/sensorThermometer'
[LOG 17:49:31.953] PartLoader: Part 'Squad/Parts/Science/sensorThermometer/sensorThermometer/sensorThermometer' has no database record. Creating.
[LOG 17:49:31.953] [DragCubeSystem]: Drag cubes not found or cannot be read for part Part. Generating New drag cubes.
[LOG 17:49:31.953] [KSPCF/DragCubeGeneration] Creating drag cubes for part 'sensorThermometer'
[LOG 17:49:31.957] PartLoader: Compiling Part 'Squad/Parts/Structural/FLAdapters/adapterSmallMiniShort/adapterSmallMiniShort'
[LOG 17:49:31.961] PartLoader: Part 'Squad/Parts/Structural/FLAdapters/adapterSmallMiniShort/adapterSmallMiniShort' has no database record. Creating.
[LOG 17:49:31.962] [DragCubeSystem]: Drag cubes not found or cannot be read for part Part. Generating New drag cubes.
[LOG 17:49:31.962] [KSPCF/DragCubeGeneration] Creating drag cubes for part 'adapterSmallMiniShort'
[LOG 17:49:31.966] PartLoader: Compiling Part 'Squad/Parts/Structural/FLAdapters/adapterSmallMiniTall/adapterSmallMiniTall'
[LOG 17:49:31.971] PartLoader: Part 'Squad/Parts/Structural/FLAdapters/adapterSmallMiniTall/adapterSmallMiniTall' has no database record. Creating.
[LOG 17:49:31.971] [DragCubeSystem]: Drag cubes not found or cannot be read for part Part. Generating New drag cubes.
[LOG 17:49:31.971] [KSPCF/DragCubeGeneration] Creating drag cubes for part 'adapterSmallMiniTall'
[LOG 17:49:31.974] PartLoader: Compiling Part 'Squad/Parts/Structural/mk1Parts/engineBodyRadial/radialEngineBody'
[LOG 17:49:31.977] PartLoader: Part 'Squad/Parts/Structural/mk1Parts/engineBodyRadial/radialEngineBody' has no database record. Creating.
[LOG 17:49:31.977] [DragCubeSystem]: Drag cubes not found or cannot be read for part Part. Generating New drag cubes.
[LOG 17:49:31.978] [KSPCF/DragCubeGeneration] Creating drag cubes for part 'radialEngineBody'
[LOG 17:49:31.982] PartLoader: Compiling Part 'Squad/Parts/Structural/mk1Parts/engineNacelle/nacelleBody'
[LOG 17:49:31.985] PartLoader: Part 'Squad/Parts/Structural/mk1Parts/engineNacelle/nacelleBody' has no database record. Creating.
[LOG 17:49:31.985] [DragCubeSystem]: Drag cubes not found or cannot be read for part Part. Generating New drag cubes.
[LOG 17:49:31.985] [KSPCF/DragCubeGeneration] Creating drag cubes for part 'nacelleBody'
[LOG 17:49:31.990] PartLoader: Compiling Part 'Squad/Parts/Structural/mk1Parts/mk1Fuselage/MK1Fuselage'
[LOG 17:49:31.994] PartLoader: Part 'Squad/Parts/Structural/mk1Parts/mk1Fuselage/MK1Fuselage' has no database record. Creating.
[LOG 17:49:31.995] [DragCubeSystem]: Drag cubes not found or cannot be read for part Part. Generating New drag cubes.
[LOG 17:49:31.995] [KSPCF/DragCubeGeneration] Creating drag cubes for part 'MK1Fuselage'
[LOG 17:49:31.999] PartLoader: Compiling Part 'Squad/Parts/Structural/mk1Parts/mk1FuselageIntake/MK1IntakeFuselage'
[LOG 17:49:32.002] PartLoader: Part 'Squad/Parts/Structural/mk1Parts/mk1FuselageIntake/MK1IntakeFuselage' has no database record. Creating.
[LOG 17:49:32.002] [DragCubeSystem]: Drag cubes not found or cannot be read for part Part. Generating New drag cubes.
[LOG 17:49:32.003] [KSPCF/DragCubeGeneration] Creating drag cubes for part 'MK1IntakeFuselage'
[LOG 17:49:32.008] PartLoader: Compiling Part 'Squad/Parts/Structural/mk1Parts/mk1Structural/Mk1FuselageStructural'
[LOG 17:49:32.010] PartLoader: Part 'Squad/Parts/Structural/mk1Parts/mk1Structural/Mk1FuselageStructural' has no database record. Creating.
[LOG 17:49:32.010] PartLoader: Compiling Part 'Squad/Parts/Structural/Size3To2Adapter_v2/Size2to3_v2/Size3To2Adapter_v2'
[LOG 17:49:32.012] PartLoader: Part 'Squad/Parts/Structural/Size3To2Adapter_v2/Size2to3_v2/Size3To2Adapter_v2' has no database record. Creating.
[LOG 17:49:32.013] PartLoader: Compiling Part 'Squad/Parts/Structural/stackAdapters/adapterLargeSmallBi/adapterLargeSmallBi'
[LOG 17:49:32.015] PartLoader: Part 'Squad/Parts/Structural/stackAdapters/adapterLargeSmallBi/adapterLargeSmallBi' has no database record. Creating.
[LOG 17:49:32.015] [DragCubeSystem]: Drag cubes not found or cannot be read for part Part. Generating New drag cubes.
[LOG 17:49:32.015] [KSPCF/DragCubeGeneration] Creating drag cubes for part 'adapterLargeSmallBi'
[LOG 17:49:32.020] PartLoader: Compiling Part 'Squad/Parts/Structural/stackAdapters/adapterLargeSmallQuad/adapterLargeSmallQuad'
[LOG 17:49:32.025] PartLoader: Part 'Squad/Parts/Structural/stackAdapters/adapterLargeSmallQuad/adapterLargeSmallQuad' has no database record. Creating.
[LOG 17:49:32.025] [DragCubeSystem]: Drag cubes not found or cannot be read for part Part. Generating New drag cubes.
[LOG 17:49:32.025] [KSPCF/DragCubeGeneration] Creating drag cubes for part 'adapterLargeSmallQuad'
[LOG 17:49:32.031] PartLoader: Compiling Part 'Squad/Parts/Structural/stackAdapters/adapterLargeSmallTri/adapterLargeSmallTri'
[LOG 17:49:32.034] PartLoader: Part 'Squad/Parts/Structural/stackAdapters/adapterLargeSmallTri/adapterLargeSmallTri' has no database record. Creating.
[LOG 17:49:32.034] [DragCubeSystem]: Drag cubes not found or cannot be read for part Part. Generating New drag cubes.
[LOG 17:49:32.034] [KSPCF/DragCubeGeneration] Creating drag cubes for part 'adapterLargeSmallTri'
[LOG 17:49:32.038] PartLoader: Compiling Part 'Squad/Parts/Structural/stationHub/stationHub/stationHub'
[LOG 17:49:32.040] PartLoader: Part 'Squad/Parts/Structural/stationHub/stationHub/stationHub' has no database record. Creating.
[LOG 17:49:32.041] [DragCubeSystem]: Drag cubes not found or cannot be read for part Part. Generating New drag cubes.
[LOG 17:49:32.041] [KSPCF/DragCubeGeneration] Creating drag cubes for part 'stationHub'
[LOG 17:49:32.045] PartLoader: Compiling Part 'Squad/Parts/Structural/structuralIBeam200/structuralIBeam200/structuralIBeam2'
[LOG 17:49:32.048] PartLoader: Part 'Squad/Parts/Structural/structuralIBeam200/structuralIBeam200/structuralIBeam2' has no database record. Creating.
[LOG 17:49:32.048] [DragCubeSystem]: Drag cubes not found or cannot be read for part Part. Generating New drag cubes.
[LOG 17:49:32.048] [KSPCF/DragCubeGeneration] Creating drag cubes for part 'structuralIBeam2'
[LOG 17:49:32.052] PartLoader: Compiling Part 'Squad/Parts/Structural/structuralIBeam200Pocket/structuralIBeam200Pocket/structuralIBeam3'
[LOG 17:49:32.055] PartLoader: Part 'Squad/Parts/Structural/structuralIBeam200Pocket/structuralIBeam200Pocket/structuralIBeam3' has no database record. Creating.
[LOG 17:49:32.055] [DragCubeSystem]: Drag cubes not found or cannot be read for part Part. Generating New drag cubes.
[LOG 17:49:32.055] [KSPCF/DragCubeGeneration] Creating drag cubes for part 'structuralIBeam3'
[LOG 17:49:32.059] PartLoader: Compiling Part 'Squad/Parts/Structural/structuralIBeam650/structuralIBeam650/structuralIBeam1'
[LOG 17:49:32.061] PartLoader: Part 'Squad/Parts/Structural/structuralIBeam650/structuralIBeam650/structuralIBeam1' has no database record. Creating.
[LOG 17:49:32.061] [DragCubeSystem]: Drag cubes not found or cannot be read for part Part. Generating New drag cubes.
[LOG 17:49:32.061] [KSPCF/DragCubeGeneration] Creating drag cubes for part 'structuralIBeam1'
[LOG 17:49:32.066] PartLoader: Compiling Part 'Squad/Parts/Structural/structuralMicronode/structuralMicronode/structuralMiniNode'
[LOG 17:49:32.070] PartLoader: Part 'Squad/Parts/Structural/structuralMicronode/structuralMicronode/structuralMiniNode' has no database record. Creating.
[LOG 17:49:32.070] [DragCubeSystem]: Drag cubes not found or cannot be read for part Part. Generating New drag cubes.
[LOG 17:49:32.070] [KSPCF/DragCubeGeneration] Creating drag cubes for part 'structuralMiniNode'
[LOG 17:49:32.074] PartLoader: Compiling Part 'Squad/Parts/Structural/structuralPanel1x1/structuralPanel1x1/structuralPanel1'
[LOG 17:49:32.078] PartLoader: Part 'Squad/Parts/Structural/structuralPanel1x1/structuralPanel1x1/structuralPanel1' has no database record. Creating.
[LOG 17:49:32.078] [DragCubeSystem]: Drag cubes not found or cannot be read for part Part. Generating New drag cubes.
[LOG 17:49:32.078] [KSPCF/DragCubeGeneration] Creating drag cubes for part 'structuralPanel1'
[LOG 17:49:32.081] PartLoader: Compiling Part 'Squad/Parts/Structural/structuralPanel2x2/structuralPanel2x2/structuralPanel2'
[LOG 17:49:32.085] PartLoader: Part 'Squad/Parts/Structural/structuralPanel2x2/structuralPanel2x2/structuralPanel2' has no database record. Creating.
[LOG 17:49:32.085] [DragCubeSystem]: Drag cubes not found or cannot be read for part Part. Generating New drag cubes.
[LOG 17:49:32.085] [KSPCF/DragCubeGeneration] Creating drag cubes for part 'structuralPanel2'
[LOG 17:49:32.088] PartLoader: Compiling Part 'Squad/Parts/Structural/structuralPylons/smallHardpoint/smallHardpoint'
[LOG 17:49:32.094] PartLoader: Part 'Squad/Parts/Structural/structuralPylons/smallHardpoint/smallHardpoint' has no database record. Creating.
[LOG 17:49:32.094] [DragCubeSystem]: Drag cubes not found or cannot be read for part Part. Generating New drag cubes.
[LOG 17:49:32.094] [KSPCF/DragCubeGeneration] Creating drag cubes for part 'smallHardpoint'
[LOG 17:49:32.097] PartLoader: Compiling Part 'Squad/Parts/Structural/structuralPylons/structuralPylon/structuralPylon'
[LOG 17:49:32.104] PartLoader: Part 'Squad/Parts/Structural/structuralPylons/structuralPylon/structuralPylon' has no database record. Creating.
[LOG 17:49:32.104] [DragCubeSystem]: Drag cubes not found or cannot be read for part Part. Generating New drag cubes.
[LOG 17:49:32.104] [KSPCF/DragCubeGeneration] Creating drag cubes for part 'structuralPylon'
[LOG 17:49:32.108] PartLoader: Compiling Part 'Squad/Parts/Structural/strutCubicOcto/strutCubicOcto/strutCube'
[LOG 17:49:32.110] PartLoader: Part 'Squad/Parts/Structural/strutCubicOcto/strutCubicOcto/strutCube' has no database record. Creating.
[LOG 17:49:32.110] [DragCubeSystem]: Drag cubes not found or cannot be read for part Part. Generating New drag cubes.
[LOG 17:49:32.110] [KSPCF/DragCubeGeneration] Creating drag cubes for part 'strutCube'
[LOG 17:49:32.114] PartLoader: Compiling Part 'Squad/Parts/Structural/strutOcto/strutOcto/strutOcto'
[LOG 17:49:32.117] PartLoader: Part 'Squad/Parts/Structural/strutOcto/strutOcto/strutOcto' has no database record. Creating.
[LOG 17:49:32.117] [DragCubeSystem]: Drag cubes not found or cannot be read for part Part. Generating New drag cubes.
[LOG 17:49:32.117] [KSPCF/DragCubeGeneration] Creating drag cubes for part 'strutOcto'
[LOG 17:49:32.120] PartLoader: Compiling Part 'Squad/Parts/Structural/trussGirderAdapter/trussGirderAdapter/trussAdapter'
[LOG 17:49:32.124] PartLoader: Part 'Squad/Parts/Structural/trussGirderAdapter/trussGirderAdapter/trussAdapter' has no database record. Creating.
[LOG 17:49:32.124] [DragCubeSystem]: Drag cubes not found or cannot be read for part Part. Generating New drag cubes.
[LOG 17:49:32.124] [KSPCF/DragCubeGeneration] Creating drag cubes for part 'trussAdapter'
[LOG 17:49:32.128] PartLoader: Compiling Part 'Squad/Parts/Structural/trussGirderL/trussGirderL/trussPiece1x'
[LOG 17:49:32.130] PartLoader: Part 'Squad/Parts/Structural/trussGirderL/trussGirderL/trussPiece1x' has no database record. Creating.
[LOG 17:49:32.130] [DragCubeSystem]: Drag cubes not found or cannot be read for part Part. Generating New drag cubes.
[LOG 17:49:32.130] [KSPCF/DragCubeGeneration] Creating drag cubes for part 'trussPiece1x'
[LOG 17:49:32.134] PartLoader: Compiling Part 'Squad/Parts/Structural/trussGirderXL/trussGirderXL/trussPiece3x'
[LOG 17:49:32.138] PartLoader: Part 'Squad/Parts/Structural/trussGirderXL/trussGirderXL/trussPiece3x' has no database record. Creating.
[LOG 17:49:32.138] [DragCubeSystem]: Drag cubes not found or cannot be read for part Part. Generating New drag cubes.
[LOG 17:49:32.138] [KSPCF/DragCubeGeneration] Creating drag cubes for part 'trussPiece3x'
[LOG 17:49:32.142] PartLoader: Compiling Part 'Squad/Parts/Thermal/FoldingRadiators/foldingRadLarge/foldingRadLarge'
[LOG 17:49:32.153] PartLoader: Part 'Squad/Parts/Thermal/FoldingRadiators/foldingRadLarge/foldingRadLarge' has no database record. Creating.
[LOG 17:49:32.155] PartLoader: Compiling Part 'Squad/Parts/Thermal/FoldingRadiators/foldingRadMed/foldingRadMed'
[LOG 17:49:32.159] PartLoader: Part 'Squad/Parts/Thermal/FoldingRadiators/foldingRadMed/foldingRadMed' has no database record. Creating.
[LOG 17:49:32.160] PartLoader: Compiling Part 'Squad/Parts/Thermal/FoldingRadiators/foldingRadSmall/foldingRadSmall'
[LOG 17:49:32.164] PartLoader: Part 'Squad/Parts/Thermal/FoldingRadiators/foldingRadSmall/foldingRadSmall' has no database record. Creating.
[LOG 17:49:32.165] PartLoader: Compiling Part 'Squad/Parts/Thermal/RadiatorPanels/radPanelEdge/radPanelEdge'
[LOG 17:49:32.167] PartLoader: Part 'Squad/Parts/Thermal/RadiatorPanels/radPanelEdge/radPanelEdge' has no database record. Creating.
[LOG 17:49:32.167] [DragCubeSystem]: Drag cubes not found or cannot be read for part Part. Generating New drag cubes.
[LOG 17:49:32.168] [KSPCF/DragCubeGeneration] Creating drag cubes for part 'radPanelEdge'
[LOG 17:49:32.172] PartLoader: Compiling Part 'Squad/Parts/Thermal/RadiatorPanels/radPanelLg/radPanelLg'
[LOG 17:49:32.176] PartLoader: Part 'Squad/Parts/Thermal/RadiatorPanels/radPanelLg/radPanelLg' has no database record. Creating.
[LOG 17:49:32.176] [DragCubeSystem]: Drag cubes not found or cannot be read for part Part. Generating New drag cubes.
[LOG 17:49:32.176] [KSPCF/DragCubeGeneration] Creating drag cubes for part 'radPanelLg'
[LOG 17:49:32.180] PartLoader: Compiling Part 'Squad/Parts/Thermal/RadiatorPanels/radPanelSm/radPanelSm'
[LOG 17:49:32.183] PartLoader: Part 'Squad/Parts/Thermal/RadiatorPanels/radPanelSm/radPanelSm' has no database record. Creating.
[LOG 17:49:32.183] [DragCubeSystem]: Drag cubes not found or cannot be read for part Part. Generating New drag cubes.
[LOG 17:49:32.183] [KSPCF/DragCubeGeneration] Creating drag cubes for part 'radPanelSm'
[LOG 17:49:32.187] PartLoader: Compiling Part 'Squad/Parts/Utility/commDish88-88/commDish88-88/commDish'
[LOG 17:49:32.193] PartLoader: Part 'Squad/Parts/Utility/commDish88-88/commDish88-88/commDish' has no database record. Creating.
[LOG 17:49:32.193] [DragCubeSystem]: Drag cubes not found or cannot be read for part Part. Generating New drag cubes.
[LOG 17:49:32.193] [KSPCF/DragCubeGeneration] Creating drag cubes for part 'commDish'
[LOG 17:49:32.209] PartLoader: Compiling Part 'Squad/Parts/Utility/commsAntennaDTS-M1/commsAntennaDTS-M1/mediumDishAntenna'
[LOG 17:49:32.214] PartLoader: Part 'Squad/Parts/Utility/commsAntennaDTS-M1/commsAntennaDTS-M1/mediumDishAntenna' has no database record. Creating.
[LOG 17:49:32.214] [DragCubeSystem]: Drag cubes not found or cannot be read for part Part. Generating New drag cubes.
[LOG 17:49:32.214] [KSPCF/DragCubeGeneration] Creating drag cubes for part 'mediumDishAntenna'
[LOG 17:49:32.228] PartLoader: Compiling Part 'Squad/Parts/Utility/commsDish16/commsAntenna16/longAntenna'
[LOG 17:49:32.232] PartLoader: Part 'Squad/Parts/Utility/commsDish16/commsAntenna16/longAntenna' has no database record. Creating.
[LOG 17:49:32.233] [DragCubeSystem]: Drag cubes not found or cannot be read for part Part. Generating New drag cubes.
[LOG 17:49:32.233] [KSPCF/DragCubeGeneration] Creating drag cubes for part 'longAntenna'
[LOG 17:49:32.245] PartLoader: Compiling Part 'Squad/Parts/Utility/decouplerRadialHDM/decouplerRadialHDM/radialDecoupler1-2'
[LOG 17:49:32.253] PartLoader: Part 'Squad/Parts/Utility/decouplerRadialHDM/decouplerRadialHDM/radialDecoupler1-2' has no database record. Creating.
[LOG 17:49:32.253] [DragCubeSystem]: Drag cubes not found or cannot be read for part Part. Generating New drag cubes.
[LOG 17:49:32.253] [KSPCF/DragCubeGeneration] Creating drag cubes for part 'radialDecoupler1-2'
[LOG 17:49:32.258] PartLoader: Compiling Part 'Squad/Parts/Utility/decouplerRadialTT-38K/decouplerRadialTT-38K/radialDecoupler'
[LOG 17:49:32.262] PartLoader: Part 'Squad/Parts/Utility/decouplerRadialTT-38K/decouplerRadialTT-38K/radialDecoupler' has no database record. Creating.
[LOG 17:49:32.262] [DragCubeSystem]: Drag cubes not found or cannot be read for part Part. Generating New drag cubes.
[LOG 17:49:32.262] [KSPCF/DragCubeGeneration] Creating drag cubes for part 'radialDecoupler'
[LOG 17:49:32.267] PartLoader: Compiling Part 'Squad/Parts/Utility/decouplerRadialTT-70/decouplerRadialTT-70/radialDecoupler2'
[LOG 17:49:32.273] PartLoader: Part 'Squad/Parts/Utility/decouplerRadialTT-70/decouplerRadialTT-70/radialDecoupler2' has no database record. Creating.
[LOG 17:49:32.274] [DragCubeSystem]: Drag cubes not found or cannot be read for part Part. Generating New drag cubes.
[LOG 17:49:32.274] [KSPCF/DragCubeGeneration] Creating drag cubes for part 'radialDecoupler2'
[LOG 17:49:32.278] PartLoader: Compiling Part 'Squad/Parts/Utility/DirectAntennas/C16S/SurfAntenna'
[LOG 17:49:32.281] PartLoader: Part 'Squad/Parts/Utility/DirectAntennas/C16S/SurfAntenna' has no database record. Creating.
[LOG 17:49:32.281] [DragCubeSystem]: Drag cubes not found or cannot be read for part Part. Generating New drag cubes.
[LOG 17:49:32.281] [KSPCF/DragCubeGeneration] Creating drag cubes for part 'SurfAntenna'
[LOG 17:49:32.286] PartLoader: Compiling Part 'Squad/Parts/Utility/DirectAntennas/HG-5/HighGainAntenna5'
[LOG 17:49:32.291] PartLoader: Part 'Squad/Parts/Utility/DirectAntennas/HG-5/HighGainAntenna5' has no database record. Creating.
[LOG 17:49:32.291] [DragCubeSystem]: Drag cubes not found or cannot be read for part Part. Generating New drag cubes.
[LOG 17:49:32.291] [KSPCF/DragCubeGeneration] Creating drag cubes for part 'HighGainAntenna5'
[LOG 17:49:32.303] PartLoader: Compiling Part 'Squad/Parts/Utility/DirectAntennas/HG-5_v2/HighGainAntenna5_v2'
[LOG 17:49:32.308] PartLoader: Part 'Squad/Parts/Utility/DirectAntennas/HG-5_v2/HighGainAntenna5_v2' has no database record. Creating.
[LOG 17:49:32.308] [DragCubeSystem]: Drag cubes not found or cannot be read for part Part. Generating New drag cubes.
[LOG 17:49:32.308] [KSPCF/DragCubeGeneration] Creating drag cubes for part 'HighGainAntenna5.v2'
[LOG 17:49:32.320] PartLoader: Compiling Part 'Squad/Parts/Utility/dockingPort/dockingPort/dockingPort2'
[LOG 17:49:32.332] PartLoader: Part 'Squad/Parts/Utility/dockingPort/dockingPort/dockingPort2' has no database record. Creating.
[LOG 17:49:32.332] [DragCubeSystem]: Drag cubes not found or cannot be read for part Part. Generating New drag cubes.
[LOG 17:49:32.332] [KSPCF/DragCubeGeneration] Creating drag cubes for part 'dockingPort2'
[LOG 17:49:32.338] PartLoader: Compiling Part 'Squad/Parts/Utility/dockingPortInline/dockingPortInline/dockingPortLateral'
[LOG 17:49:32.345] PartLoader: Part 'Squad/Parts/Utility/dockingPortInline/dockingPortInline/dockingPortLateral' has no database record. Creating.
[LOG 17:49:32.345] [DragCubeSystem]: Drag cubes not found or cannot be read for part Part. Generating New drag cubes.
[LOG 17:49:32.345] [KSPCF/DragCubeGeneration] Creating drag cubes for part 'dockingPortLateral'
[LOG 17:49:32.358] PartLoader: Compiling Part 'Squad/Parts/Utility/dockingPortJr/dockingPortJr/dockingPort3'
[LOG 17:49:32.362] PartLoader: Part 'Squad/Parts/Utility/dockingPortJr/dockingPortJr/dockingPort3' has no database record. Creating.
[LOG 17:49:32.362] [DragCubeSystem]: Drag cubes not found or cannot be read for part Part. Generating New drag cubes.
[LOG 17:49:32.362] [KSPCF/DragCubeGeneration] Creating drag cubes for part 'dockingPort3'
[LOG 17:49:32.367] PartLoader: Compiling Part 'Squad/Parts/Utility/dockingPortShielded/dockingPortShielded/dockingPort1'
[LOG 17:49:32.374] PartLoader: Part 'Squad/Parts/Utility/dockingPortShielded/dockingPortShielded/dockingPort1' has no database record. Creating.
[LOG 17:49:32.374] [DragCubeSystem]: Drag cubes not found or cannot be read for part Part. Generating New drag cubes.
[LOG 17:49:32.374] [KSPCF/DragCubeGeneration] Creating drag cubes for part 'dockingPort1'
[LOG 17:49:32.387] PartLoader: Compiling Part 'Squad/Parts/Utility/dockingPortSr/dockingPortSr/dockingPortLarge'
[LOG 17:49:32.393] PartLoader: Part 'Squad/Parts/Utility/dockingPortSr/dockingPortSr/dockingPortLarge' has no database record. Creating.
[LOG 17:49:32.393] [DragCubeSystem]: Drag cubes not found or cannot be read for part Part. Generating New drag cubes.
[LOG 17:49:32.393] [KSPCF/DragCubeGeneration] Creating drag cubes for part 'dockingPortLarge'
[LOG 17:49:32.397] PartLoader: Compiling Part 'Squad/Parts/Utility/Fireworks/fireworksLauncherBig/fireworksLauncherBig'
[LOG 17:49:32.411] PartLoader: Part 'Squad/Parts/Utility/Fireworks/fireworksLauncherBig/fireworksLauncherBig' has no database record. Creating.
[LOG 17:49:32.411] [DragCubeSystem]: Drag cubes not found or cannot be read for part Part. Generating New drag cubes.
[LOG 17:49:32.412] [KSPCF/DragCubeGeneration] Creating drag cubes for part 'fireworksLauncherBig'
[LOG 17:49:32.416] PartLoader: Compiling Part 'Squad/Parts/Utility/Fireworks/fireworksLauncherSmall/fireworksLauncherSmall'
[LOG 17:49:32.425] PartLoader: Part 'Squad/Parts/Utility/Fireworks/fireworksLauncherSmall/fireworksLauncherSmall' has no database record. Creating.
[LOG 17:49:32.425] [DragCubeSystem]: Drag cubes not found or cannot be read for part Part. Generating New drag cubes.
[LOG 17:49:32.425] [KSPCF/DragCubeGeneration] Creating drag cubes for part 'fireworksLauncherSmall'
[LOG 17:49:32.429] PartLoader: Compiling Part 'Squad/Parts/Utility/flags/flagFlat/flagFlat/flagPartFlat'
[LOG 17:49:32.438] PartLoader: Part 'Squad/Parts/Utility/flags/flagFlat/flagFlat/flagPartFlat' has no database record. Creating.
[LOG 17:49:32.439] [DragCubeSystem]: Drag cubes not found or cannot be read for part Part. Generating New drag cubes.
[LOG 17:49:32.439] [KSPCF/DragCubeGeneration] Creating drag cubes for part 'flagPartFlat'
[LOG 17:49:32.443] PartLoader: Compiling Part 'Squad/Parts/Utility/flags/flagSize0/flagSize0/flagPartSize0'
[LOG 17:49:32.449] PartLoader: Part 'Squad/Parts/Utility/flags/flagSize0/flagSize0/flagPartSize0' has no database record. Creating.
[LOG 17:49:32.449] [DragCubeSystem]: Drag cubes not found or cannot be read for part Part. Generating New drag cubes.
[LOG 17:49:32.449] [KSPCF/DragCubeGeneration] Creating drag cubes for part 'flagPartSize0'
[LOG 17:49:32.453] PartLoader: Compiling Part 'Squad/Parts/Utility/flags/flagSize1/flagSize1/flagPartSize1'
[LOG 17:49:32.459] PartLoader: Part 'Squad/Parts/Utility/flags/flagSize1/flagSize1/flagPartSize1' has no database record. Creating.
[LOG 17:49:32.459] [DragCubeSystem]: Drag cubes not found or cannot be read for part Part. Generating New drag cubes.
[LOG 17:49:32.459] [KSPCF/DragCubeGeneration] Creating drag cubes for part 'flagPartSize1'
[LOG 17:49:32.464] PartLoader: Compiling Part 'Squad/Parts/Utility/flags/flagSize2/flagSize2/flagPartSize2'
[LOG 17:49:32.469] PartLoader: Part 'Squad/Parts/Utility/flags/flagSize2/flagSize2/flagPartSize2' has no database record. Creating.
[LOG 17:49:32.469] [DragCubeSystem]: Drag cubes not found or cannot be read for part Part. Generating New drag cubes.
[LOG 17:49:32.469] [KSPCF/DragCubeGeneration] Creating drag cubes for part 'flagPartSize2'
[LOG 17:49:32.474] PartLoader: Compiling Part 'Squad/Parts/Utility/flags/flagSize3/flagSize3/flagPartSize3'
[LOG 17:49:32.482] PartLoader: Part 'Squad/Parts/Utility/flags/flagSize3/flagSize3/flagPartSize3' has no database record. Creating.
[LOG 17:49:32.482] [DragCubeSystem]: Drag cubes not found or cannot be read for part Part. Generating New drag cubes.
[LOG 17:49:32.482] [KSPCF/DragCubeGeneration] Creating drag cubes for part 'flagPartSize3'
[LOG 17:49:32.486] PartLoader: Compiling Part 'Squad/Parts/Utility/GrapplingDevice/part/GrapplingDevice'
[LOG 17:49:32.501] PartLoader: Part 'Squad/Parts/Utility/GrapplingDevice/part/GrapplingDevice' has no database record. Creating.
[LOG 17:49:32.501] [DragCubeSystem]: Drag cubes not found or cannot be read for part Part. Generating New drag cubes.
[LOG 17:49:32.501] [KSPCF/DragCubeGeneration] Creating drag cubes for part 'GrapplingDevice'
[LOG 17:49:32.518] PartLoader: Compiling Part 'Squad/Parts/Utility/ladderRadial/ladderRadial/ladder1'
[LOG 17:49:32.521] PartLoader: Part 'Squad/Parts/Utility/ladderRadial/ladderRadial/ladder1' has no database record. Creating.
[LOG 17:49:32.522] [DragCubeSystem]: Drag cubes not found or cannot be read for part Part. Generating New drag cubes.
[LOG 17:49:32.522] [KSPCF/DragCubeGeneration] Creating drag cubes for part 'ladder1'
[LOG 17:49:32.526] PartLoader: Compiling Part 'Squad/Parts/Utility/ladderTelescopic/ladderTelescopic/telescopicLadder'
[LOG 17:49:32.533] PartLoader: Part 'Squad/Parts/Utility/ladderTelescopic/ladderTelescopic/telescopicLadder' has no database record. Creating.
[LOG 17:49:32.533] [DragCubeSystem]: Drag cubes not found or cannot be read for part Part. Generating New drag cubes.
[LOG 17:49:32.534] [KSPCF/DragCubeGeneration] Creating drag cubes for part 'telescopicLadder'
[LOG 17:49:32.547] PartLoader: Compiling Part 'Squad/Parts/Utility/ladderTelescopicBay/ladderTelescopicBay/telescopicLadderBay'
[LOG 17:49:32.568] PartLoader: Part 'Squad/Parts/Utility/ladderTelescopicBay/ladderTelescopicBay/telescopicLadderBay' has no database record. Creating.
[LOG 17:49:32.568] [DragCubeSystem]: Drag cubes not found or cannot be read for part Part. Generating New drag cubes.
[LOG 17:49:32.568] [KSPCF/DragCubeGeneration] Creating drag cubes for part 'telescopicLadderBay'
[LOG 17:49:32.582] PartLoader: Compiling Part 'Squad/Parts/Utility/landingLegLT-1/landingLegLT-1/landingLeg1'
[LOG 17:49:32.613] PartLoader: Part 'Squad/Parts/Utility/landingLegLT-1/landingLegLT-1/landingLeg1' has no database record. Creating.
[LOG 17:49:32.613] [DragCubeSystem]: Drag cubes not found or cannot be read for part Part. Generating New drag cubes.
[LOG 17:49:32.613] [KSPCF/DragCubeGeneration] Creating drag cubes for part 'landingLeg1'
[LOG 17:49:32.626] PartLoader: Compiling Part 'Squad/Parts/Utility/landingLegLT-2/landingLegLT-2/landingLeg1-2'
[LOG 17:49:32.635] PartLoader: Part 'Squad/Parts/Utility/landingLegLT-2/landingLegLT-2/landingLeg1-2' has no database record. Creating.
[LOG 17:49:32.635] [DragCubeSystem]: Drag cubes not found or cannot be read for part Part. Generating New drag cubes.
[LOG 17:49:32.635] [KSPCF/DragCubeGeneration] Creating drag cubes for part 'landingLeg1-2'
[LOG 17:49:32.647] PartLoader: Compiling Part 'Squad/Parts/Utility/landingLegLT-5/landingLegLT-5/miniLandingLeg'
[LOG 17:49:32.653] PartLoader: Part 'Squad/Parts/Utility/landingLegLT-5/landingLegLT-5/miniLandingLeg' has no database record. Creating.
[LOG 17:49:32.653] [DragCubeSystem]: Drag cubes not found or cannot be read for part Part. Generating New drag cubes.
[LOG 17:49:32.653] [KSPCF/DragCubeGeneration] Creating drag cubes for part 'miniLandingLeg'
[LOG 17:49:32.666] PartLoader: Compiling Part 'Squad/Parts/Utility/launchClamp1/launchClamp1/launchClamp1'
[LOG 17:49:32.674] PartLoader: Part 'Squad/Parts/Utility/launchClamp1/launchClamp1/launchClamp1' has no database record. Creating.
[LOG 17:49:32.674] [DragCubeSystem]: Drag cubes not found or cannot be read for part Part. Generating New drag cubes.
[LOG 17:49:32.674] [KSPCF/DragCubeGeneration] Creating drag cubes for part 'launchClamp1'
[LOG 17:49:32.678] PartLoader: Compiling Part 'Squad/Parts/Utility/launchEscapeSystem/part/LaunchEscapeSystem'
[LOG 17:49:32.684] PartLoader: Part 'Squad/Parts/Utility/launchEscapeSystem/part/LaunchEscapeSystem' has no database record. Creating.
[LOG 17:49:32.684] [DragCubeSystem]: Drag cubes not found or cannot be read for part Part. Generating New drag cubes.
[LOG 17:49:32.684] [KSPCF/DragCubeGeneration] Creating drag cubes for part 'LaunchEscapeSystem'
[LOG 17:49:32.689] PartLoader: Compiling Part 'Squad/Parts/Utility/Lights/domeLight1/domeLight1'
[LOG 17:49:32.696] PartLoader: Part 'Squad/Parts/Utility/Lights/domeLight1/domeLight1' has no database record. Creating.
[LOG 17:49:32.696] [DragCubeSystem]: Drag cubes not found or cannot be read for part Part. Generating New drag cubes.
[LOG 17:49:32.696] [KSPCF/DragCubeGeneration] Creating drag cubes for part 'domeLight1'
[LOG 17:49:32.700] PartLoader: Compiling Part 'Squad/Parts/Utility/Lights/groundLight1/groundLight1'
[LOG 17:49:32.704] PartLoader: Part 'Squad/Parts/Utility/Lights/groundLight1/groundLight1' has no database record. Creating.
[LOG 17:49:32.704] [DragCubeSystem]: Drag cubes not found or cannot be read for part Part. Generating New drag cubes.
[LOG 17:49:32.704] [KSPCF/DragCubeGeneration] Creating drag cubes for part 'groundLight1'
[LOG 17:49:32.708] PartLoader: Compiling Part 'Squad/Parts/Utility/Lights/groundLight2/groundLight2'
[LOG 17:49:32.714] PartLoader: Part 'Squad/Parts/Utility/Lights/groundLight2/groundLight2' has no database record. Creating.
[LOG 17:49:32.714] [DragCubeSystem]: Drag cubes not found or cannot be read for part Part. Generating New drag cubes.
[LOG 17:49:32.714] [KSPCF/DragCubeGeneration] Creating drag cubes for part 'groundLight2'
[LOG 17:49:32.718] PartLoader: Compiling Part 'Squad/Parts/Utility/Lights/navLight1/navLight1'
[LOG 17:49:32.723] PartLoader: Part 'Squad/Parts/Utility/Lights/navLight1/navLight1' has no database record. Creating.
[LOG 17:49:32.724] [DragCubeSystem]: Drag cubes not found or cannot be read for part Part. Generating New drag cubes.
[LOG 17:49:32.724] [KSPCF/DragCubeGeneration] Creating drag cubes for part 'navLight1'
[LOG 17:49:32.727] PartLoader: Compiling Part 'Squad/Parts/Utility/Lights/spotLight1/spotLight3'
[LOG 17:49:32.734] PartLoader: Part 'Squad/Parts/Utility/Lights/spotLight1/spotLight3' has no database record. Creating.
[LOG 17:49:32.734] [DragCubeSystem]: Drag cubes not found or cannot be read for part Part. Generating New drag cubes.
[LOG 17:49:32.734] [KSPCF/DragCubeGeneration] Creating drag cubes for part 'spotLight3'
[LOG 17:49:32.738] PartLoader: Compiling Part 'Squad/Parts/Utility/Lights/stripLight1/stripLight1'
[LOG 17:49:32.743] PartLoader: Part 'Squad/Parts/Utility/Lights/stripLight1/stripLight1' has no database record. Creating.
[LOG 17:49:32.743] [DragCubeSystem]: Drag cubes not found or cannot be read for part Part. Generating New drag cubes.
[LOG 17:49:32.743] [KSPCF/DragCubeGeneration] Creating drag cubes for part 'stripLight1'
[LOG 17:49:32.747] PartLoader: Compiling Part 'Squad/Parts/Utility/linearVernorRCS/linearRCS/linearRcs'
[LOG 17:49:32.754] PartLoader: Part 'Squad/Parts/Utility/linearVernorRCS/linearRCS/linearRcs' has no database record. Creating.
[LOG 17:49:32.754] [DragCubeSystem]: Drag cubes not found or cannot be read for part Part. Generating New drag cubes.
[LOG 17:49:32.755] [KSPCF/DragCubeGeneration] Creating drag cubes for part 'linearRcs'
[LOG 17:49:32.759] PartLoader: Compiling Part 'Squad/Parts/Utility/linearVernorRCS/vernorEngine/vernierEngine'
[LOG 17:49:32.763] PartLoader: Part 'Squad/Parts/Utility/linearVernorRCS/vernorEngine/vernierEngine' has no database record. Creating.
[LOG 17:49:32.763] [DragCubeSystem]: Drag cubes not found or cannot be read for part Part. Generating New drag cubes.
[LOG 17:49:32.763] [KSPCF/DragCubeGeneration] Creating drag cubes for part 'vernierEngine'
[LOG 17:49:32.768] PartLoader: Compiling Part 'Squad/Parts/Utility/mk2CargoBay/BayL/mk2CargoBayL'
[LOG 17:49:32.774] PartLoader: Part 'Squad/Parts/Utility/mk2CargoBay/BayL/mk2CargoBayL' has no database record. Creating.
[LOG 17:49:32.774] PartLoader: Compiling Part 'Squad/Parts/Utility/mk2CargoBay/BayS/mk2CargoBayS'
[LOG 17:49:32.778] PartLoader: Part 'Squad/Parts/Utility/mk2CargoBay/BayS/mk2CargoBayS' has no database record. Creating.
[LOG 17:49:32.779] PartLoader: Compiling Part 'Squad/Parts/Utility/mk2CrewCabin/mk2CrewCabin/mk2CrewCabin'
[WRN 17:49:32.781] [Part]: Cannot have ModuleCargoPart and ModuleInventoryPart on same Part [mk2CrewCabin'. Removed ModuleCargoPart
[LOG 17:49:32.784] PartLoader: Part 'Squad/Parts/Utility/mk2CrewCabin/mk2CrewCabin/mk2CrewCabin' has no database record. Creating.
[LOG 17:49:32.784] [DragCubeSystem]: Drag cubes not found or cannot be read for part Part. Generating New drag cubes.
[LOG 17:49:32.784] [KSPCF/DragCubeGeneration] Creating drag cubes for part 'mk2CrewCabin'
[LOG 17:49:32.788] PartLoader: Compiling Part 'Squad/Parts/Utility/mk2DockingPort/mk2DockingPort/mk2DockingPort'
[LOG 17:49:32.793] PartLoader: Part 'Squad/Parts/Utility/mk2DockingPort/mk2DockingPort/mk2DockingPort' has no database record. Creating.
[LOG 17:49:32.794] PartLoader: Compiling Part 'Squad/Parts/Utility/mk3CargoBay/long/mk3CargoBayL'
[LOG 17:49:32.798] PartLoader: Part 'Squad/Parts/Utility/mk3CargoBay/long/mk3CargoBayL' has no database record. Creating.
[LOG 17:49:32.798] PartLoader: Compiling Part 'Squad/Parts/Utility/mk3CargoBay/medium/mk3CargoBayM'
[LOG 17:49:32.803] PartLoader: Part 'Squad/Parts/Utility/mk3CargoBay/medium/mk3CargoBayM' has no database record. Creating.
[LOG 17:49:32.803] PartLoader: Compiling Part 'Squad/Parts/Utility/mk3CargoBay/ramp/mk3CargoRamp'
[LOG 17:49:32.809] PartLoader: Part 'Squad/Parts/Utility/mk3CargoBay/ramp/mk3CargoRamp' has no database record. Creating.
[LOG 17:49:32.809] PartLoader: Compiling Part 'Squad/Parts/Utility/mk3CargoBay/short/mk3CargoBayS'
[LOG 17:49:32.814] PartLoader: Part 'Squad/Parts/Utility/mk3CargoBay/short/mk3CargoBayS' has no database record. Creating.
[LOG 17:49:32.814] PartLoader: Compiling Part 'Squad/Parts/Utility/parachuteMk1/parachuteMk1/parachuteSingle'
[LOG 17:49:32.828] PartLoader: Part 'Squad/Parts/Utility/parachuteMk1/parachuteMk1/parachuteSingle' has no database record. Creating.
[LOG 17:49:32.828] [DragCubeSystem]: Drag cubes not found or cannot be read for part Part. Generating New drag cubes.
[LOG 17:49:32.828] [KSPCF/DragCubeGeneration] Creating drag cubes for part 'parachuteSingle'
[LOG 17:49:32.848] PartLoader: Compiling Part 'Squad/Parts/Utility/parachuteMk12-R/parachuteMk12-R/radialDrogue'
[LOG 17:49:32.853] PartLoader: Part 'Squad/Parts/Utility/parachuteMk12-R/parachuteMk12-R/radialDrogue' has no database record. Creating.
[LOG 17:49:32.853] [DragCubeSystem]: Drag cubes not found or cannot be read for part Part. Generating New drag cubes.
[LOG 17:49:32.853] [KSPCF/DragCubeGeneration] Creating drag cubes for part 'radialDrogue'
[LOG 17:49:32.869] PartLoader: Compiling Part 'Squad/Parts/Utility/parachuteMk16-XL/parachuteMk16-XL/parachuteLarge'
[LOG 17:49:32.876] PartLoader: Part 'Squad/Parts/Utility/parachuteMk16-XL/parachuteMk16-XL/parachuteLarge' has no database record. Creating.
[LOG 17:49:32.876] [DragCubeSystem]: Drag cubes not found or cannot be read for part Part. Generating New drag cubes.
[LOG 17:49:32.876] [KSPCF/DragCubeGeneration] Creating drag cubes for part 'parachuteLarge'
[LOG 17:49:32.894] PartLoader: Compiling Part 'Squad/Parts/Utility/parachuteMk2-R/parachuteMk2-R/parachuteRadial'
[LOG 17:49:32.899] PartLoader: Part 'Squad/Parts/Utility/parachuteMk2-R/parachuteMk2-R/parachuteRadial' has no database record. Creating.
[LOG 17:49:32.899] [DragCubeSystem]: Drag cubes not found or cannot be read for part Part. Generating New drag cubes.
[LOG 17:49:32.899] [KSPCF/DragCubeGeneration] Creating drag cubes for part 'parachuteRadial'
[LOG 17:49:32.914] PartLoader: Compiling Part 'Squad/Parts/Utility/parachuteMk25/parachuteMk25/parachuteDrogue'
[LOG 17:49:32.919] PartLoader: Part 'Squad/Parts/Utility/parachuteMk25/parachuteMk25/parachuteDrogue' has no database record. Creating.
[LOG 17:49:32.919] [DragCubeSystem]: Drag cubes not found or cannot be read for part Part. Generating New drag cubes.
[LOG 17:49:32.920] [KSPCF/DragCubeGeneration] Creating drag cubes for part 'parachuteDrogue'
[LOG 17:49:32.935] PartLoader: Compiling Part 'Squad/Parts/Utility/radialAttachmentPoint/radialAttachmentPoint/stackPoint1'
[LOG 17:49:32.939] PartLoader: Part 'Squad/Parts/Utility/radialAttachmentPoint/radialAttachmentPoint/stackPoint1' has no database record. Creating.
[LOG 17:49:32.939] [DragCubeSystem]: Drag cubes not found or cannot be read for part Part. Generating New drag cubes.
[LOG 17:49:32.939] [KSPCF/DragCubeGeneration] Creating drag cubes for part 'stackPoint1'
[LOG 17:49:32.944] PartLoader: Compiling Part 'Squad/Parts/Utility/rcsBlockRV-105_v2/rcsBlockRV-105/RCSBlock_v2'
[LOG 17:49:32.950] PartLoader: Part 'Squad/Parts/Utility/rcsBlockRV-105_v2/rcsBlockRV-105/RCSBlock_v2' has no database record. Creating.
[LOG 17:49:32.950] [DragCubeSystem]: Drag cubes not found or cannot be read for part Part. Generating New drag cubes.
[LOG 17:49:32.950] [KSPCF/DragCubeGeneration] Creating drag cubes for part 'RCSBlock.v2'
[LOG 17:49:32.977] PartLoader: Compiling Part 'Squad/Parts/Utility/rcsBlockRV-105_v2/RCSblock_01_small/RCSblock_01_small'
[LOG 17:49:32.984] PartLoader: Part 'Squad/Parts/Utility/rcsBlockRV-105_v2/RCSblock_01_small/RCSblock_01_small' has no database record. Creating.
[LOG 17:49:32.984] [DragCubeSystem]: Drag cubes not found or cannot be read for part Part. Generating New drag cubes.
[LOG 17:49:32.984] [KSPCF/DragCubeGeneration] Creating drag cubes for part 'RCSblock.01.small'
[LOG 17:49:33.010] PartLoader: Compiling Part 'Squad/Parts/Utility/rcsSmallLinear/RCSLinearSmall/RCSLinearSmall'
[LOG 17:49:33.017] PartLoader: Part 'Squad/Parts/Utility/rcsSmallLinear/RCSLinearSmall/RCSLinearSmall' has no database record. Creating.
[LOG 17:49:33.017] [DragCubeSystem]: Drag cubes not found or cannot be read for part Part. Generating New drag cubes.
[LOG 17:49:33.017] [KSPCF/DragCubeGeneration] Creating drag cubes for part 'RCSLinearSmall'
[LOG 17:49:33.029] PartLoader: Compiling Part 'Squad/Parts/Utility/RelayAntennas/RA-100/RelayAntenna100'
[LOG 17:49:33.034] PartLoader: Part 'Squad/Parts/Utility/RelayAntennas/RA-100/RelayAntenna100' has no database record. Creating.
[LOG 17:49:33.034] [DragCubeSystem]: Drag cubes not found or cannot be read for part Part. Generating New drag cubes.
[LOG 17:49:33.034] [KSPCF/DragCubeGeneration] Creating drag cubes for part 'RelayAntenna100'
[LOG 17:49:33.039] PartLoader: Compiling Part 'Squad/Parts/Utility/RelayAntennas/RA-5/RelayAntenna5'
[LOG 17:49:33.043] PartLoader: Part 'Squad/Parts/Utility/RelayAntennas/RA-5/RelayAntenna5' has no database record. Creating.
[LOG 17:49:33.043] [DragCubeSystem]: Drag cubes not found or cannot be read for part Part. Generating New drag cubes.
[LOG 17:49:33.043] [KSPCF/DragCubeGeneration] Creating drag cubes for part 'RelayAntenna5'
[LOG 17:49:33.048] PartLoader: Compiling Part 'Squad/Parts/Utility/RelayAntennas/RA-50/RelayAntenna50'
[LOG 17:49:33.051] PartLoader: Part 'Squad/Parts/Utility/RelayAntennas/RA-50/RelayAntenna50' has no database record. Creating.
[LOG 17:49:33.052] [DragCubeSystem]: Drag cubes not found or cannot be read for part Part. Generating New drag cubes.
[LOG 17:49:33.052] [KSPCF/DragCubeGeneration] Creating drag cubes for part 'RelayAntenna50'
[LOG 17:49:33.057] PartLoader: Compiling Part 'Squad/Parts/Utility/rockomaxAdapters/largeAdapter/largeAdapter'
[LOG 17:49:33.060] PartLoader: Part 'Squad/Parts/Utility/rockomaxAdapters/largeAdapter/largeAdapter' has no database record. Creating.
[LOG 17:49:33.061] [DragCubeSystem]: Drag cubes not found or cannot be read for part Part. Generating New drag cubes.
[LOG 17:49:33.061] [KSPCF/DragCubeGeneration] Creating drag cubes for part 'largeAdapter'
[LOG 17:49:33.065] PartLoader: Compiling Part 'Squad/Parts/Utility/rockomaxAdapters/largeAdapterShort/largeAdapter2'
[LOG 17:49:33.068] PartLoader: Part 'Squad/Parts/Utility/rockomaxAdapters/largeAdapterShort/largeAdapter2' has no database record. Creating.
[LOG 17:49:33.068] [DragCubeSystem]: Drag cubes not found or cannot be read for part Part. Generating New drag cubes.
[LOG 17:49:33.068] [KSPCF/DragCubeGeneration] Creating drag cubes for part 'largeAdapter2'
[LOG 17:49:33.072] PartLoader: Compiling Part 'Squad/Parts/Utility/ServiceBay_v2/ServiceBay_125_v2/ServiceBay_125_v2'
[LOG 17:49:33.076] PartLoader: Part 'Squad/Parts/Utility/ServiceBay_v2/ServiceBay_125_v2/ServiceBay_125_v2' has no database record. Creating.
[LOG 17:49:33.076] [DragCubeSystem]: Drag cubes not found or cannot be read for part Part. Generating New drag cubes.
[LOG 17:49:33.076] [KSPCF/DragCubeGeneration] Creating drag cubes for part 'ServiceBay.125.v2'
[LOG 17:49:33.088] PartLoader: Compiling Part 'Squad/Parts/Utility/ServiceBay_v2/ServiceBay_250_v2/ServiceBay_250_v2'
[LOG 17:49:33.093] PartLoader: Part 'Squad/Parts/Utility/ServiceBay_v2/ServiceBay_250_v2/ServiceBay_250_v2' has no database record. Creating.
[LOG 17:49:33.093] [DragCubeSystem]: Drag cubes not found or cannot be read for part Part. Generating New drag cubes.
[LOG 17:49:33.093] [KSPCF/DragCubeGeneration] Creating drag cubes for part 'ServiceBay.250.v2'
[LOG 17:49:33.105] PartLoader: Compiling Part 'Squad/Parts/Utility/smallClaw/smallClaw/smallClaw'
[LOG 17:49:33.115] PartLoader: Part 'Squad/Parts/Utility/smallClaw/smallClaw/smallClaw' has no database record. Creating.
[LOG 17:49:33.115] [DragCubeSystem]: Drag cubes not found or cannot be read for part Part. Generating New drag cubes.
[LOG 17:49:33.115] [KSPCF/DragCubeGeneration] Creating drag cubes for part 'smallClaw'
[LOG 17:49:33.133] PartLoader: Compiling Part 'Squad/Parts/Utility/spotLightMk1/spotLightMk1/spotLight1'
[LOG 17:49:33.138] PartLoader: Part 'Squad/Parts/Utility/spotLightMk1/spotLightMk1/spotLight1' has no database record. Creating.
[LOG 17:49:33.138] [DragCubeSystem]: Drag cubes not found or cannot be read for part Part. Generating New drag cubes.
[LOG 17:49:33.138] [KSPCF/DragCubeGeneration] Creating drag cubes for part 'spotLight1'
[LOG 17:49:33.143] PartLoader: Compiling Part 'Squad/Parts/Utility/spotLightMk1_v2/spotLightMk1_v2/spotLight1_v2'
[LOG 17:49:33.148] PartLoader: Part 'Squad/Parts/Utility/spotLightMk1_v2/spotLightMk1_v2/spotLight1_v2' has no database record. Creating.
[LOG 17:49:33.148] [DragCubeSystem]: Drag cubes not found or cannot be read for part Part. Generating New drag cubes.
[LOG 17:49:33.148] [KSPCF/DragCubeGeneration] Creating drag cubes for part 'spotLight1.v2'
[LOG 17:49:33.152] PartLoader: Compiling Part 'Squad/Parts/Utility/spotLightMk2/spotLightMk2/spotLight2'
[LOG 17:49:33.157] PartLoader: Part 'Squad/Parts/Utility/spotLightMk2/spotLightMk2/spotLight2' has no database record. Creating.
[LOG 17:49:33.157] [DragCubeSystem]: Drag cubes not found or cannot be read for part Part. Generating New drag cubes.
[LOG 17:49:33.157] [KSPCF/DragCubeGeneration] Creating drag cubes for part 'spotLight2'
[LOG 17:49:33.162] PartLoader: Compiling Part 'Squad/Parts/Utility/spotLightMk2_v2/spotLightMk2_v2/spotLight2_v2'
[LOG 17:49:33.167] PartLoader: Part 'Squad/Parts/Utility/spotLightMk2_v2/spotLightMk2_v2/spotLight2_v2' has no database record. Creating.
[LOG 17:49:33.167] [DragCubeSystem]: Drag cubes not found or cannot be read for part Part. Generating New drag cubes.
[LOG 17:49:33.167] [KSPCF/DragCubeGeneration] Creating drag cubes for part 'spotLight2.v2'
[LOG 17:49:33.172] PartLoader: Compiling Part 'Squad/Parts/Utility/stackCouplers/stackBiCoupler_v2/stackBiCoupler_v2'
[LOG 17:49:33.175] PartLoader: Part 'Squad/Parts/Utility/stackCouplers/stackBiCoupler_v2/stackBiCoupler_v2' has no database record. Creating.
[LOG 17:49:33.175] [DragCubeSystem]: Drag cubes not found or cannot be read for part Part. Generating New drag cubes.
[LOG 17:49:33.175] [KSPCF/DragCubeGeneration] Creating drag cubes for part 'stackBiCoupler.v2'
[LOG 17:49:33.179] PartLoader: Compiling Part 'Squad/Parts/Utility/stackCouplers/stackQuadCoupler/stackQuadCoupler'
[LOG 17:49:33.183] PartLoader: Part 'Squad/Parts/Utility/stackCouplers/stackQuadCoupler/stackQuadCoupler' has no database record. Creating.
[LOG 17:49:33.183] [DragCubeSystem]: Drag cubes not found or cannot be read for part Part. Generating New drag cubes.
[LOG 17:49:33.183] [KSPCF/DragCubeGeneration] Creating drag cubes for part 'stackQuadCoupler'
[LOG 17:49:33.187] PartLoader: Compiling Part 'Squad/Parts/Utility/stackCouplers/stackTriCoupler_v2/stackTriCoupler_v2'
[LOG 17:49:33.190] PartLoader: Part 'Squad/Parts/Utility/stackCouplers/stackTriCoupler_v2/stackTriCoupler_v2' has no database record. Creating.
[LOG 17:49:33.190] [DragCubeSystem]: Drag cubes not found or cannot be read for part Part. Generating New drag cubes.
[LOG 17:49:33.190] [KSPCF/DragCubeGeneration] Creating drag cubes for part 'stackTriCoupler.v2'
[LOG 17:49:33.195] PartLoader: Compiling Part 'Squad/Parts/Wheel/LandingGear/GearExtraLarge/GearLarge'
[LOG 17:49:33.218] PartLoader: Part 'Squad/Parts/Wheel/LandingGear/GearExtraLarge/GearLarge' has no database record. Creating.
[LOG 17:49:33.219] [DragCubeSystem]: Drag cubes not found or cannot be read for part Part. Generating New drag cubes.
[LOG 17:49:33.219] [KSPCF/DragCubeGeneration] Creating drag cubes for part 'GearLarge'
[LOG 17:49:33.236] PartLoader: Compiling Part 'Squad/Parts/Wheel/LandingGear/GearFixed/GearFixed'
[LOG 17:49:33.244] PartLoader: Part 'Squad/Parts/Wheel/LandingGear/GearFixed/GearFixed' has no database record. Creating.
[LOG 17:49:33.244] [DragCubeSystem]: Drag cubes not found or cannot be read for part Part. Generating New drag cubes.
[LOG 17:49:33.244] [KSPCF/DragCubeGeneration] Creating drag cubes for part 'GearFixed'
[LOG 17:49:33.248] PartLoader: Compiling Part 'Squad/Parts/Wheel/LandingGear/GearFree/GearFree'
[LOG 17:49:33.259] PartLoader: Part 'Squad/Parts/Wheel/LandingGear/GearFree/GearFree' has no database record. Creating.
[LOG 17:49:33.260] [DragCubeSystem]: Drag cubes not found or cannot be read for part Part. Generating New drag cubes.
[LOG 17:49:33.260] [KSPCF/DragCubeGeneration] Creating drag cubes for part 'GearFree'
[LOG 17:49:33.268] PartLoader: Compiling Part 'Squad/Parts/Wheel/LandingGear/GearLarge/GearMedium'
[LOG 17:49:33.282] PartLoader: Part 'Squad/Parts/Wheel/LandingGear/GearLarge/GearMedium' has no database record. Creating.
[LOG 17:49:33.282] [DragCubeSystem]: Drag cubes not found or cannot be read for part Part. Generating New drag cubes.
[LOG 17:49:33.282] [KSPCF/DragCubeGeneration] Creating drag cubes for part 'GearMedium'
[LOG 17:49:33.309] PartLoader: Compiling Part 'Squad/Parts/Wheel/LandingGear/GearMedium/GearSmall'
[LOG 17:49:33.319] PartLoader: Part 'Squad/Parts/Wheel/LandingGear/GearMedium/GearSmall' has no database record. Creating.
[LOG 17:49:33.319] [DragCubeSystem]: Drag cubes not found or cannot be read for part Part. Generating New drag cubes.
[LOG 17:49:33.319] [KSPCF/DragCubeGeneration] Creating drag cubes for part 'GearSmall'
[LOG 17:49:33.335] PartLoader: Compiling Part 'Squad/Parts/Wheel/LandingGear/GearSmall/SmallGearBay'
[LOG 17:49:33.347] PartLoader: Part 'Squad/Parts/Wheel/LandingGear/GearSmall/SmallGearBay' has no database record. Creating.
[LOG 17:49:33.347] [DragCubeSystem]: Drag cubes not found or cannot be read for part Part. Generating New drag cubes.
[LOG 17:49:33.347] [KSPCF/DragCubeGeneration] Creating drag cubes for part 'SmallGearBay'
[LOG 17:49:33.361] PartLoader: Compiling Part 'Squad/Parts/Wheel/roverWheelM1/roverWheelM1/roverWheel1'
[LOG 17:49:33.371] PartLoader: Part 'Squad/Parts/Wheel/roverWheelM1/roverWheelM1/roverWheel1' has no database record. Creating.
[LOG 17:49:33.371] [DragCubeSystem]: Drag cubes not found or cannot be read for part Part. Generating New drag cubes.
[LOG 17:49:33.372] [KSPCF/DragCubeGeneration] Creating drag cubes for part 'roverWheel1'
[LOG 17:49:33.377] PartLoader: Compiling Part 'Squad/Parts/Wheel/roverWheelS2/roverWheelS2/roverWheel2'
[LOG 17:49:33.386] PartLoader: Part 'Squad/Parts/Wheel/roverWheelS2/roverWheelS2/roverWheel2' has no database record. Creating.
[LOG 17:49:33.386] [DragCubeSystem]: Drag cubes not found or cannot be read for part Part. Generating New drag cubes.
[LOG 17:49:33.386] [KSPCF/DragCubeGeneration] Creating drag cubes for part 'roverWheel2'
[LOG 17:49:33.392] PartLoader: Compiling Part 'Squad/Parts/Wheel/roverWheelTR-2L/roverWheelTR-2L/wheelMed'
[LOG 17:49:33.399] PartLoader: Part 'Squad/Parts/Wheel/roverWheelTR-2L/roverWheelTR-2L/wheelMed' has no database record. Creating.
[LOG 17:49:33.399] [DragCubeSystem]: Drag cubes not found or cannot be read for part Part. Generating New drag cubes.
[LOG 17:49:33.399] [KSPCF/DragCubeGeneration] Creating drag cubes for part 'wheelMed'
[LOG 17:49:33.404] PartLoader: Compiling Part 'Squad/Parts/Wheel/roverWheelXL3/roverWheelXL3/roverWheel3'
[LOG 17:49:33.415] PartLoader: Part 'Squad/Parts/Wheel/roverWheelXL3/roverWheelXL3/roverWheel3' has no database record. Creating.
[LOG 17:49:33.415] [DragCubeSystem]: Drag cubes not found or cannot be read for part Part. Generating New drag cubes.
[LOG 17:49:33.415] [KSPCF/DragCubeGeneration] Creating drag cubes for part 'roverWheel3'
[LOG 17:49:33.421] PartLoader: Compiling Part 'SquadExpansion/MakingHistory/Parts/Aero/protectiveRocketNoseMk16/rocketNoseCone_size4/rocketNoseConeSize4'
[LOG 17:49:33.423] PartLoader: Part 'SquadExpansion/MakingHistory/Parts/Aero/protectiveRocketNoseMk16/rocketNoseCone_size4/rocketNoseConeSize4' has no database record. Creating.
[LOG 17:49:33.423] [DragCubeSystem]: Drag cubes not found or cannot be read for part Part. Generating New drag cubes.
[LOG 17:49:33.423] [KSPCF/DragCubeGeneration] Creating drag cubes for part 'rocketNoseConeSize4'
[LOG 17:49:33.429] PartLoader: Compiling Part 'SquadExpansion/MakingHistory/Parts/Aero/protectiveRocketNoseMk5A/Size_1_5_Cone/Size_1_5_Cone'
[LOG 17:49:33.433] PartLoader: Part 'SquadExpansion/MakingHistory/Parts/Aero/protectiveRocketNoseMk5A/Size_1_5_Cone/Size_1_5_Cone' has no database record. Creating.
[LOG 17:49:33.434] [DragCubeSystem]: Drag cubes not found or cannot be read for part Part. Generating New drag cubes.
[LOG 17:49:33.434] [KSPCF/DragCubeGeneration] Creating drag cubes for part 'Size.1.5.Cone'
[LOG 17:49:33.438] PartLoader: Compiling Part 'SquadExpansion/MakingHistory/Parts/Coupling/Decoupler_1p5/Decoupler_1p5'
[LOG 17:49:33.445] PartLoader: Part 'SquadExpansion/MakingHistory/Parts/Coupling/Decoupler_1p5/Decoupler_1p5' has no database record. Creating.
[LOG 17:49:33.445] PartLoader: Compiling Part 'SquadExpansion/MakingHistory/Parts/Coupling/Decoupler_4/Decoupler_4'
[LOG 17:49:33.450] PartLoader: Part 'SquadExpansion/MakingHistory/Parts/Coupling/Decoupler_4/Decoupler_4' has no database record. Creating.
[LOG 17:49:33.450] PartLoader: Compiling Part 'SquadExpansion/MakingHistory/Parts/Coupling/EnginePlate_1p5/EnginePlate1p5'
[LOG 17:49:33.460] PartLoader: Part 'SquadExpansion/MakingHistory/Parts/Coupling/EnginePlate_1p5/EnginePlate1p5' has no database record. Creating.
[LOG 17:49:33.460] [DragCubeSystem]: Drag cubes not found or cannot be read for part Part. Generating New drag cubes.
[LOG 17:49:33.460] [KSPCF/DragCubeGeneration] Part 'EnginePlate1p5' has defined a procedural drag cube setup
[LOG 17:49:33.461] PartLoader: Compiling Part 'SquadExpansion/MakingHistory/Parts/Coupling/EnginePlate_2/EnginePlate2'
[LOG 17:49:33.468] PartLoader: Part 'SquadExpansion/MakingHistory/Parts/Coupling/EnginePlate_2/EnginePlate2' has no database record. Creating.
[LOG 17:49:33.468] [DragCubeSystem]: Drag cubes not found or cannot be read for part Part. Generating New drag cubes.
[LOG 17:49:33.468] [KSPCF/DragCubeGeneration] Part 'EnginePlate2' has defined a procedural drag cube setup
[LOG 17:49:33.469] PartLoader: Compiling Part 'SquadExpansion/MakingHistory/Parts/Coupling/EnginePlate_3/EnginePlate3'
[LOG 17:49:33.476] PartLoader: Part 'SquadExpansion/MakingHistory/Parts/Coupling/EnginePlate_3/EnginePlate3' has no database record. Creating.
[LOG 17:49:33.476] [DragCubeSystem]: Drag cubes not found or cannot be read for part Part. Generating New drag cubes.
[LOG 17:49:33.476] [KSPCF/DragCubeGeneration] Part 'EnginePlate3' has defined a procedural drag cube setup
[LOG 17:49:33.476] PartLoader: Compiling Part 'SquadExpansion/MakingHistory/Parts/Coupling/EnginePlate_4/EnginePlate4'
[LOG 17:49:33.483] PartLoader: Part 'SquadExpansion/MakingHistory/Parts/Coupling/EnginePlate_4/EnginePlate4' has no database record. Creating.
[LOG 17:49:33.483] [DragCubeSystem]: Drag cubes not found or cannot be read for part Part. Generating New drag cubes.
[LOG 17:49:33.483] [KSPCF/DragCubeGeneration] Part 'EnginePlate4' has defined a procedural drag cube setup
[LOG 17:49:33.483] PartLoader: Compiling Part 'SquadExpansion/MakingHistory/Parts/Coupling/EnginePlate_5/EnginePlate5'
[LOG 17:49:33.489] PartLoader: Part 'SquadExpansion/MakingHistory/Parts/Coupling/EnginePlate_5/EnginePlate5' has no database record. Creating.
[LOG 17:49:33.489] [DragCubeSystem]: Drag cubes not found or cannot be read for part Part. Generating New drag cubes.
[LOG 17:49:33.489] [KSPCF/DragCubeGeneration] Part 'EnginePlate5' has defined a procedural drag cube setup
[LOG 17:49:33.489] PartLoader: Compiling Part 'SquadExpansion/MakingHistory/Parts/Coupling/InflatableAirlock/InflatableAirlock'
[LOG 17:49:33.494] PartLoader: Part 'SquadExpansion/MakingHistory/Parts/Coupling/InflatableAirlock/InflatableAirlock' has no database record. Creating.
[LOG 17:49:33.494] [DragCubeSystem]: Drag cubes not found or cannot be read for part Part. Generating New drag cubes.
[LOG 17:49:33.494] [KSPCF/DragCubeGeneration] Creating drag cubes for part 'InflatableAirlock'
[LOG 17:49:33.507] PartLoader: Compiling Part 'SquadExpansion/MakingHistory/Parts/Coupling/Separator_1p5/Separator_1p5'
[LOG 17:49:33.513] PartLoader: Part 'SquadExpansion/MakingHistory/Parts/Coupling/Separator_1p5/Separator_1p5' has no database record. Creating.
[LOG 17:49:33.514] PartLoader: Compiling Part 'SquadExpansion/MakingHistory/Parts/Coupling/Separator_4/Separator_4'
[LOG 17:49:33.518] PartLoader: Part 'SquadExpansion/MakingHistory/Parts/Coupling/Separator_4/Separator_4' has no database record. Creating.
[LOG 17:49:33.519] PartLoader: Compiling Part 'SquadExpansion/MakingHistory/Parts/Coupling/Size1p5_Strut_Decoupler/Size1p5_Strut_Decoupler'
[LOG 17:49:33.523] PartLoader: Part 'SquadExpansion/MakingHistory/Parts/Coupling/Size1p5_Strut_Decoupler/Size1p5_Strut_Decoupler' has no database record. Creating.
[LOG 17:49:33.524] PartLoader: Compiling Part 'SquadExpansion/MakingHistory/Parts/Engine/LiquidEngineKE-1/LiquidEngineKE-1'
[LOG 17:49:33.533] PartLoader: Part 'SquadExpansion/MakingHistory/Parts/Engine/LiquidEngineKE-1/LiquidEngineKE-1' has no database record. Creating.
[LOG 17:49:33.533] [DragCubeSystem]: Drag cubes not found or cannot be read for part Part. Generating New drag cubes.
[LOG 17:49:33.533] [KSPCF/DragCubeGeneration] Creating drag cubes for part 'LiquidEngineKE-1'
[LOG 17:49:33.565] PartLoader: Compiling Part 'SquadExpansion/MakingHistory/Parts/Engine/LiquidEngineLV-T91/LiquidEngineLV-T91'
[LOG 17:49:33.575] PartLoader: Part 'SquadExpansion/MakingHistory/Parts/Engine/LiquidEngineLV-T91/LiquidEngineLV-T91' has no database record. Creating.
[LOG 17:49:33.575] [DragCubeSystem]: Drag cubes not found or cannot be read for part Part. Generating New drag cubes.
[LOG 17:49:33.575] [KSPCF/DragCubeGeneration] Creating drag cubes for part 'LiquidEngineLV-T91'
[LOG 17:49:33.599] PartLoader: Compiling Part 'SquadExpansion/MakingHistory/Parts/Engine/LiquidEngineLV-TX87/LiquidEngineLV-TX87'
[LOG 17:49:33.608] PartLoader: Part 'SquadExpansion/MakingHistory/Parts/Engine/LiquidEngineLV-TX87/LiquidEngineLV-TX87' has no database record. Creating.
[LOG 17:49:33.608] [DragCubeSystem]: Drag cubes not found or cannot be read for part Part. Generating New drag cubes.
[LOG 17:49:33.608] [KSPCF/DragCubeGeneration] Creating drag cubes for part 'LiquidEngineLV-TX87'
[LOG 17:49:33.634] PartLoader: Compiling Part 'SquadExpansion/MakingHistory/Parts/Engine/LiquidEngineRE-I2/LiquidEngineRE-I2'
[LOG 17:49:33.642] PartLoader: Part 'SquadExpansion/MakingHistory/Parts/Engine/LiquidEngineRE-I2/LiquidEngineRE-I2' has no database record. Creating.
[LOG 17:49:33.642] [DragCubeSystem]: Drag cubes not found or cannot be read for part Part. Generating New drag cubes.
[LOG 17:49:33.642] [KSPCF/DragCubeGeneration] Creating drag cubes for part 'LiquidEngineRE-I2'
[LOG 17:49:33.667] PartLoader: Compiling Part 'SquadExpansion/MakingHistory/Parts/Engine/LiquidEngineRE-J10/LiquidEngineRE-J10'
[LOG 17:49:33.679] PartLoader: Part 'SquadExpansion/MakingHistory/Parts/Engine/LiquidEngineRE-J10/LiquidEngineRE-J10' has no database record. Creating.
[LOG 17:49:33.679] [DragCubeSystem]: Drag cubes not found or cannot be read for part Part. Generating New drag cubes.
[LOG 17:49:33.680] [KSPCF/DragCubeGeneration] Creating drag cubes for part 'LiquidEngineRE-J10'
[LOG 17:49:33.704] PartLoader: Compiling Part 'SquadExpansion/MakingHistory/Parts/Engine/LiquidEngineRK-7/LiquidEngineRK-7'
[LOG 17:49:33.712] PartLoader: Part 'SquadExpansion/MakingHistory/Parts/Engine/LiquidEngineRK-7/LiquidEngineRK-7' has no database record. Creating.
[LOG 17:49:33.712] [DragCubeSystem]: Drag cubes not found or cannot be read for part Part. Generating New drag cubes.
[LOG 17:49:33.712] [KSPCF/DragCubeGeneration] Creating drag cubes for part 'LiquidEngineRK-7'
[LOG 17:49:33.740] PartLoader: Compiling Part 'SquadExpansion/MakingHistory/Parts/Engine/LiquidEngineRV-1/LiquidEngineRV-1'
[LOG 17:49:33.746] PartLoader: Part 'SquadExpansion/MakingHistory/Parts/Engine/LiquidEngineRV-1/LiquidEngineRV-1' has no database record. Creating.
[LOG 17:49:33.746] [DragCubeSystem]: Drag cubes not found or cannot be read for part Part. Generating New drag cubes.
[LOG 17:49:33.746] [KSPCF/DragCubeGeneration] Creating drag cubes for part 'LiquidEngineRV-1'
[LOG 17:49:33.751] PartLoader: Compiling Part 'SquadExpansion/MakingHistory/Parts/Engine/solidBoosterTHK/solidBoosterTHK/Pollux'
[LOG 17:49:33.758] PartLoader: Part 'SquadExpansion/MakingHistory/Parts/Engine/solidBoosterTHK/solidBoosterTHK/Pollux' has no database record. Creating.
[LOG 17:49:33.758] [DragCubeSystem]: Drag cubes not found or cannot be read for part Part. Generating New drag cubes.
[LOG 17:49:33.758] [KSPCF/DragCubeGeneration] Creating drag cubes for part 'Pollux'
[LOG 17:49:33.763] PartLoader: Compiling Part 'SquadExpansion/MakingHistory/Parts/FuelTank/MonoPropMini/monopropMiniSphere'
[LOG 17:49:33.766] PartLoader: Part 'SquadExpansion/MakingHistory/Parts/FuelTank/MonoPropMini/monopropMiniSphere' has no database record. Creating.
[LOG 17:49:33.766] [DragCubeSystem]: Drag cubes not found or cannot be read for part Part. Generating New drag cubes.
[LOG 17:49:33.766] [KSPCF/DragCubeGeneration] Creating drag cubes for part 'monopropMiniSphere'
[LOG 17:49:33.772] PartLoader: Compiling Part 'SquadExpansion/MakingHistory/Parts/FuelTank/Size1p5_Monoprop/Size1p5_Monoprop'
[LOG 17:49:33.776] PartLoader: Part 'SquadExpansion/MakingHistory/Parts/FuelTank/Size1p5_Monoprop/Size1p5_Monoprop' has no database record. Creating.
[LOG 17:49:33.776] [DragCubeSystem]: Drag cubes not found or cannot be read for part Part. Generating New drag cubes.
[LOG 17:49:33.776] [KSPCF/DragCubeGeneration] Creating drag cubes for part 'Size1p5.Monoprop'
[LOG 17:49:33.780] PartLoader: Compiling Part 'SquadExpansion/MakingHistory/Parts/FuelTank/Size1p5_Size0_Adapter_01/Size1p5_Size0_Adapter_01'
[LOG 17:49:33.784] PartLoader: Part 'SquadExpansion/MakingHistory/Parts/FuelTank/Size1p5_Size0_Adapter_01/Size1p5_Size0_Adapter_01' has no database record. Creating.
[LOG 17:49:33.784] [DragCubeSystem]: Drag cubes not found or cannot be read for part Part. Generating New drag cubes.
[LOG 17:49:33.784] [KSPCF/DragCubeGeneration] Creating drag cubes for part 'Size1p5.Size0.Adapter.01'
[LOG 17:49:33.788] PartLoader: Compiling Part 'SquadExpansion/MakingHistory/Parts/FuelTank/Size1p5_Size1_Adapter_01/Size1p5_Size1_Adapter_01'
[LOG 17:49:33.791] PartLoader: Part 'SquadExpansion/MakingHistory/Parts/FuelTank/Size1p5_Size1_Adapter_01/Size1p5_Size1_Adapter_01' has no database record. Creating.
[LOG 17:49:33.791] [DragCubeSystem]: Drag cubes not found or cannot be read for part Part. Generating New drag cubes.
[LOG 17:49:33.791] [KSPCF/DragCubeGeneration] Creating drag cubes for part 'Size1p5.Size1.Adapter.01'
[LOG 17:49:33.796] PartLoader: Compiling Part 'SquadExpansion/MakingHistory/Parts/FuelTank/Size1p5_Size1_Adapter_02/Size1p5_Size1_Adapter_02'
[LOG 17:49:33.800] PartLoader: Part 'SquadExpansion/MakingHistory/Parts/FuelTank/Size1p5_Size1_Adapter_02/Size1p5_Size1_Adapter_02' has no database record. Creating.
[LOG 17:49:33.800] [DragCubeSystem]: Drag cubes not found or cannot be read for part Part. Generating New drag cubes.
[LOG 17:49:33.800] [KSPCF/DragCubeGeneration] Creating drag cubes for part 'Size1p5.Size1.Adapter.02'
[LOG 17:49:33.805] PartLoader: Compiling Part 'SquadExpansion/MakingHistory/Parts/FuelTank/Size1p5_Size2_Adapter_01/Size1p5_Size2_Adapter_01'
[LOG 17:49:33.809] PartLoader: Part 'SquadExpansion/MakingHistory/Parts/FuelTank/Size1p5_Size2_Adapter_01/Size1p5_Size2_Adapter_01' has no database record. Creating.
[LOG 17:49:33.809] [DragCubeSystem]: Drag cubes not found or cannot be read for part Part. Generating New drag cubes.
[LOG 17:49:33.809] [KSPCF/DragCubeGeneration] Creating drag cubes for part 'Size1p5.Size2.Adapter.01'
[LOG 17:49:33.814] PartLoader: Compiling Part 'SquadExpansion/MakingHistory/Parts/FuelTank/Size1p5_Tank_01/Size1p5_Tank_01'
[LOG 17:49:33.819] PartLoader: Part 'SquadExpansion/MakingHistory/Parts/FuelTank/Size1p5_Tank_01/Size1p5_Tank_01' has no database record. Creating.
[LOG 17:49:33.819] [DragCubeSystem]: Drag cubes not found or cannot be read for part Part. Generating New drag cubes.
[LOG 17:49:33.819] [KSPCF/DragCubeGeneration] Creating drag cubes for part 'Size1p5.Tank.01'
[LOG 17:49:33.824] PartLoader: Compiling Part 'SquadExpansion/MakingHistory/Parts/FuelTank/Size1p5_Tank_02/Size1p5_Tank_02'
[LOG 17:49:33.828] PartLoader: Part 'SquadExpansion/MakingHistory/Parts/FuelTank/Size1p5_Tank_02/Size1p5_Tank_02' has no database record. Creating.
[LOG 17:49:33.828] [DragCubeSystem]: Drag cubes not found or cannot be read for part Part. Generating New drag cubes.
[LOG 17:49:33.828] [KSPCF/DragCubeGeneration] Creating drag cubes for part 'Size1p5.Tank.02'
[LOG 17:49:33.833] PartLoader: Compiling Part 'SquadExpansion/MakingHistory/Parts/FuelTank/Size1p5_Tank_03/Size1p5_Tank_03'
[LOG 17:49:33.836] PartLoader: Part 'SquadExpansion/MakingHistory/Parts/FuelTank/Size1p5_Tank_03/Size1p5_Tank_03' has no database record. Creating.
[LOG 17:49:33.836] [DragCubeSystem]: Drag cubes not found or cannot be read for part Part. Generating New drag cubes.
[LOG 17:49:33.836] [KSPCF/DragCubeGeneration] Creating drag cubes for part 'Size1p5.Tank.03'
[LOG 17:49:33.842] PartLoader: Compiling Part 'SquadExpansion/MakingHistory/Parts/FuelTank/Size1p5_Tank_04/Size1p5_Tank_04'
[LOG 17:49:33.845] PartLoader: Part 'SquadExpansion/MakingHistory/Parts/FuelTank/Size1p5_Tank_04/Size1p5_Tank_04' has no database record. Creating.
[LOG 17:49:33.845] [DragCubeSystem]: Drag cubes not found or cannot be read for part Part. Generating New drag cubes.
[LOG 17:49:33.845] [KSPCF/DragCubeGeneration] Creating drag cubes for part 'Size1p5.Tank.04'
[LOG 17:49:33.851] PartLoader: Compiling Part 'SquadExpansion/MakingHistory/Parts/FuelTank/Size1p5_Tank_05/Size1p5_Tank_05'
[LOG 17:49:33.855] PartLoader: Part 'SquadExpansion/MakingHistory/Parts/FuelTank/Size1p5_Tank_05/Size1p5_Tank_05' has no database record. Creating.
[LOG 17:49:33.855] [DragCubeSystem]: Drag cubes not found or cannot be read for part Part. Generating New drag cubes.
[LOG 17:49:33.855] [KSPCF/DragCubeGeneration] Creating drag cubes for part 'Size1p5.Tank.05'
[LOG 17:49:33.861] PartLoader: Compiling Part 'SquadExpansion/MakingHistory/Parts/FuelTank/Size3_Size4_Adapter_01/Size3_Size4_Adapter_01'
[LOG 17:49:33.864] PartLoader: Part 'SquadExpansion/MakingHistory/Parts/FuelTank/Size3_Size4_Adapter_01/Size3_Size4_Adapter_01' has no database record. Creating.
[LOG 17:49:33.864] [DragCubeSystem]: Drag cubes not found or cannot be read for part Part. Generating New drag cubes.
[LOG 17:49:33.864] [KSPCF/DragCubeGeneration] Creating drag cubes for part 'Size3.Size4.Adapter.01'
[LOG 17:49:33.869] PartLoader: Compiling Part 'SquadExpansion/MakingHistory/Parts/FuelTank/Size4_EngineAdapter_01/Size4_EngineAdapter_01'
[LOG 17:49:33.871] PartLoader: Part 'SquadExpansion/MakingHistory/Parts/FuelTank/Size4_EngineAdapter_01/Size4_EngineAdapter_01' has no database record. Creating.
[LOG 17:49:33.871] [DragCubeSystem]: Drag cubes not found or cannot be read for part Part. Generating New drag cubes.
[LOG 17:49:33.871] [KSPCF/DragCubeGeneration] Creating drag cubes for part 'Size4.EngineAdapter.01'
[LOG 17:49:33.879] PartLoader: Compiling Part 'SquadExpansion/MakingHistory/Parts/FuelTank/Size4_Tank_01/Size4_Tank_01'
[LOG 17:49:33.883] PartLoader: Part 'SquadExpansion/MakingHistory/Parts/FuelTank/Size4_Tank_01/Size4_Tank_01' has no database record. Creating.
[LOG 17:49:33.883] [DragCubeSystem]: Drag cubes not found or cannot be read for part Part. Generating New drag cubes.
[LOG 17:49:33.883] [KSPCF/DragCubeGeneration] Creating drag cubes for part 'Size4.Tank.01'
[LOG 17:49:33.888] PartLoader: Compiling Part 'SquadExpansion/MakingHistory/Parts/FuelTank/Size4_Tank_02/Size4_Tank_02'
[LOG 17:49:33.891] PartLoader: Part 'SquadExpansion/MakingHistory/Parts/FuelTank/Size4_Tank_02/Size4_Tank_02' has no database record. Creating.
[LOG 17:49:33.891] [DragCubeSystem]: Drag cubes not found or cannot be read for part Part. Generating New drag cubes.
[LOG 17:49:33.891] [KSPCF/DragCubeGeneration] Creating drag cubes for part 'Size4.Tank.02'
[LOG 17:49:33.896] PartLoader: Compiling Part 'SquadExpansion/MakingHistory/Parts/FuelTank/Size4_Tank_03/Size4_Tank_03'
[LOG 17:49:33.899] PartLoader: Part 'SquadExpansion/MakingHistory/Parts/FuelTank/Size4_Tank_03/Size4_Tank_03' has no database record. Creating.
[LOG 17:49:33.899] [DragCubeSystem]: Drag cubes not found or cannot be read for part Part. Generating New drag cubes.
[LOG 17:49:33.899] [KSPCF/DragCubeGeneration] Creating drag cubes for part 'Size4.Tank.03'
[LOG 17:49:33.904] PartLoader: Compiling Part 'SquadExpansion/MakingHistory/Parts/FuelTank/Size4_Tank_04/Size4_Tank_04'
[LOG 17:49:33.906] PartLoader: Part 'SquadExpansion/MakingHistory/Parts/FuelTank/Size4_Tank_04/Size4_Tank_04' has no database record. Creating.
[LOG 17:49:33.906] [DragCubeSystem]: Drag cubes not found or cannot be read for part Part. Generating New drag cubes.
[LOG 17:49:33.906] [KSPCF/DragCubeGeneration] Creating drag cubes for part 'Size4.Tank.04'
[LOG 17:49:33.912] PartLoader: Compiling Part 'SquadExpansion/MakingHistory/Parts/Ground/RoverWheel/roverWheelM1-F'
[LOG 17:49:33.922] PartLoader: Part 'SquadExpansion/MakingHistory/Parts/Ground/RoverWheel/roverWheelM1-F' has no database record. Creating.
[LOG 17:49:33.922] [DragCubeSystem]: Drag cubes not found or cannot be read for part Part. Generating New drag cubes.
[LOG 17:49:33.922] [KSPCF/DragCubeGeneration] Creating drag cubes for part 'roverWheelM1-F'
[LOG 17:49:33.939] PartLoader: Compiling Part 'SquadExpansion/MakingHistory/Parts/Payload/fairingSize1p5/fairingSize1p5'
[LOG 17:49:33.949] PartLoader: Part 'SquadExpansion/MakingHistory/Parts/Payload/fairingSize1p5/fairingSize1p5' has no database record. Creating.
[LOG 17:49:33.950] [DragCubeSystem]: Drag cubes not found or cannot be read for part Part. Generating New drag cubes.
[LOG 17:49:33.950] [KSPCF/DragCubeGeneration] Creating drag cubes for part 'fairingSize1p5'
[LOG 17:49:33.954] PartLoader: Compiling Part 'SquadExpansion/MakingHistory/Parts/Payload/fairingSize4/fairingSize4'
[LOG 17:49:33.965] PartLoader: Part 'SquadExpansion/MakingHistory/Parts/Payload/fairingSize4/fairingSize4' has no database record. Creating.
[LOG 17:49:33.965] [DragCubeSystem]: Drag cubes not found or cannot be read for part Part. Generating New drag cubes.
[LOG 17:49:33.965] [KSPCF/DragCubeGeneration] Creating drag cubes for part 'fairingSize4'
[LOG 17:49:33.971] PartLoader: Compiling Part 'SquadExpansion/MakingHistory/Parts/Payload/Size1to0ServiceModule/Size1to0ServiceModule'
[LOG 17:49:33.979] PartLoader: Part 'SquadExpansion/MakingHistory/Parts/Payload/Size1to0ServiceModule/Size1to0ServiceModule' has no database record. Creating.
[LOG 17:49:33.979] [DragCubeSystem]: Drag cubes not found or cannot be read for part Part. Generating New drag cubes.
[LOG 17:49:33.979] [KSPCF/DragCubeGeneration] Part 'Size1to0ServiceModule' has defined a procedural drag cube setup
[LOG 17:49:33.979] PartLoader: Compiling Part 'SquadExpansion/MakingHistory/Parts/Payload/SM18/ServiceModule18'
[LOG 17:49:33.986] PartLoader: Part 'SquadExpansion/MakingHistory/Parts/Payload/SM18/ServiceModule18' has no database record. Creating.
[LOG 17:49:33.986] [DragCubeSystem]: Drag cubes not found or cannot be read for part Part. Generating New drag cubes.
[LOG 17:49:33.986] [KSPCF/DragCubeGeneration] Part 'ServiceModule18' has defined a procedural drag cube setup
[LOG 17:49:33.986] PartLoader: Compiling Part 'SquadExpansion/MakingHistory/Parts/Payload/SM25/ServiceModule25'
[LOG 17:49:33.993] PartLoader: Part 'SquadExpansion/MakingHistory/Parts/Payload/SM25/ServiceModule25' has no database record. Creating.
[LOG 17:49:33.993] [DragCubeSystem]: Drag cubes not found or cannot be read for part Part. Generating New drag cubes.
[LOG 17:49:33.993] [KSPCF/DragCubeGeneration] Part 'ServiceModule25' has defined a procedural drag cube setup
[LOG 17:49:33.994] PartLoader: Compiling Part 'SquadExpansion/MakingHistory/Parts/Pods/KV1Pod/kv1Pod'
[WRN 17:49:33.998] [Part]: Cannot have ModuleCargoPart and ModuleInventoryPart on same Part [kv1Pod'. Removed ModuleCargoPart
[LOG 17:49:34.001] PartLoader: Part 'SquadExpansion/MakingHistory/Parts/Pods/KV1Pod/kv1Pod' has no database record. Creating.
[LOG 17:49:34.003] PartLoader: Compiling Part 'SquadExpansion/MakingHistory/Parts/Pods/KV2Pod/kv2Pod'
[WRN 17:49:34.007] [Part]: Cannot have ModuleCargoPart and ModuleInventoryPart on same Part [kv2Pod'. Removed ModuleCargoPart
[LOG 17:49:34.011] PartLoader: Part 'SquadExpansion/MakingHistory/Parts/Pods/KV2Pod/kv2Pod' has no database record. Creating.
[LOG 17:49:34.013] PartLoader: Compiling Part 'SquadExpansion/MakingHistory/Parts/Pods/KV3Pod/kv3Pod'
[WRN 17:49:34.016] [Part]: Cannot have ModuleCargoPart and ModuleInventoryPart on same Part [kv3Pod'. Removed ModuleCargoPart
[LOG 17:49:34.020] PartLoader: Part 'SquadExpansion/MakingHistory/Parts/Pods/KV3Pod/kv3Pod' has no database record. Creating.
[LOG 17:49:34.022] PartLoader: Compiling Part 'SquadExpansion/MakingHistory/Parts/Pods/Mk2Pod/Mk2Pod'
[WRN 17:49:34.025] [Part]: Cannot have ModuleCargoPart and ModuleInventoryPart on same Part [Mk2Pod'. Removed ModuleCargoPart
[LOG 17:49:34.029] PartLoader: Part 'SquadExpansion/MakingHistory/Parts/Pods/Mk2Pod/Mk2Pod' has no database record. Creating.
[LOG 17:49:34.029] [DragCubeSystem]: Drag cubes not found or cannot be read for part Part. Generating New drag cubes.
[LOG 17:49:34.029] [KSPCF/DragCubeGeneration] Creating drag cubes for part 'Mk2Pod'
[LOG 17:49:34.035] PartLoader: Compiling Part 'SquadExpansion/MakingHistory/Parts/Pods/Size1_5_Lander/MEMLander'
[WRN 17:49:34.042] [Part]: Cannot add ModuleCargoPart as this Part 'MEMLander' already has a ModuleInventoryPart PartModule and they are mutually exclusive.
[LOG 17:49:34.046] PartLoader: Part 'SquadExpansion/MakingHistory/Parts/Pods/Size1_5_Lander/MEMLander' has no database record. Creating.
[LOG 17:49:34.046] [DragCubeSystem]: Drag cubes not found or cannot be read for part Part. Generating New drag cubes.
[LOG 17:49:34.046] [KSPCF/DragCubeGeneration] Creating drag cubes for part 'MEMLander'
[LOG 17:49:34.053] PartLoader: Compiling Part 'SquadExpansion/MakingHistory/Parts/Prebuilt/kerbalEVAfemaleVintage/kerbalEVAfemaleVintage'
[LOG 17:49:34.059] PartLoader: Compiling Part 'SquadExpansion/MakingHistory/Parts/Prebuilt/kerbalEVAVintage/kerbalEVAVintage'
[LOG 17:49:34.064] PartLoader: Compiling Part 'SquadExpansion/MakingHistory/Parts/Structural/EquiTriangle0/EquiTriangle0'
[LOG 17:49:34.070] PartLoader: Part 'SquadExpansion/MakingHistory/Parts/Structural/EquiTriangle0/EquiTriangle0' has no database record. Creating.
[LOG 17:49:34.070] [DragCubeSystem]: Drag cubes not found or cannot be read for part Part. Generating New drag cubes.
[LOG 17:49:34.071] [KSPCF/DragCubeGeneration] Creating drag cubes for part 'EquiTriangle0'
[LOG 17:49:34.075] PartLoader: Compiling Part 'SquadExpansion/MakingHistory/Parts/Structural/EquiTriangle1/EquiTriangle1'
[LOG 17:49:34.079] PartLoader: Part 'SquadExpansion/MakingHistory/Parts/Structural/EquiTriangle1/EquiTriangle1' has no database record. Creating.
[LOG 17:49:34.079] [DragCubeSystem]: Drag cubes not found or cannot be read for part Part. Generating New drag cubes.
[LOG 17:49:34.079] [KSPCF/DragCubeGeneration] Creating drag cubes for part 'EquiTriangle1'
[LOG 17:49:34.083] PartLoader: Compiling Part 'SquadExpansion/MakingHistory/Parts/Structural/EquiTriangle1p5/EquiTriangle1p5'
[LOG 17:49:34.086] PartLoader: Part 'SquadExpansion/MakingHistory/Parts/Structural/EquiTriangle1p5/EquiTriangle1p5' has no database record. Creating.
[LOG 17:49:34.086] [DragCubeSystem]: Drag cubes not found or cannot be read for part Part. Generating New drag cubes.
[LOG 17:49:34.086] [KSPCF/DragCubeGeneration] Creating drag cubes for part 'EquiTriangle1p5'
[LOG 17:49:34.090] PartLoader: Compiling Part 'SquadExpansion/MakingHistory/Parts/Structural/EquiTriangle2/EquiTriangle2'
[LOG 17:49:34.093] PartLoader: Part 'SquadExpansion/MakingHistory/Parts/Structural/EquiTriangle2/EquiTriangle2' has no database record. Creating.
[LOG 17:49:34.094] [DragCubeSystem]: Drag cubes not found or cannot be read for part Part. Generating New drag cubes.
[LOG 17:49:34.094] [KSPCF/DragCubeGeneration] Creating drag cubes for part 'EquiTriangle2'
[LOG 17:49:34.097] PartLoader: Compiling Part 'SquadExpansion/MakingHistory/Parts/Structural/Panel0/Panel0'
[LOG 17:49:34.102] PartLoader: Part 'SquadExpansion/MakingHistory/Parts/Structural/Panel0/Panel0' has no database record. Creating.
[LOG 17:49:34.102] [DragCubeSystem]: Drag cubes not found or cannot be read for part Part. Generating New drag cubes.
[LOG 17:49:34.102] [KSPCF/DragCubeGeneration] Creating drag cubes for part 'Panel0'
[LOG 17:49:34.106] PartLoader: Compiling Part 'SquadExpansion/MakingHistory/Parts/Structural/Panel1/Panel1'
[LOG 17:49:34.111] PartLoader: Part 'SquadExpansion/MakingHistory/Parts/Structural/Panel1/Panel1' has no database record. Creating.
[LOG 17:49:34.111] [DragCubeSystem]: Drag cubes not found or cannot be read for part Part. Generating New drag cubes.
[LOG 17:49:34.111] [KSPCF/DragCubeGeneration] Creating drag cubes for part 'Panel1'
[LOG 17:49:34.115] PartLoader: Compiling Part 'SquadExpansion/MakingHistory/Parts/Structural/Panel1p5/Panel1p5'
[LOG 17:49:34.118] PartLoader: Part 'SquadExpansion/MakingHistory/Parts/Structural/Panel1p5/Panel1p5' has no database record. Creating.
[LOG 17:49:34.118] [DragCubeSystem]: Drag cubes not found or cannot be read for part Part. Generating New drag cubes.
[LOG 17:49:34.118] [KSPCF/DragCubeGeneration] Creating drag cubes for part 'Panel1p5'
[LOG 17:49:34.122] PartLoader: Compiling Part 'SquadExpansion/MakingHistory/Parts/Structural/Panel2/Panel2'
[LOG 17:49:34.125] PartLoader: Part 'SquadExpansion/MakingHistory/Parts/Structural/Panel2/Panel2' has no database record. Creating.
[LOG 17:49:34.125] [DragCubeSystem]: Drag cubes not found or cannot be read for part Part. Generating New drag cubes.
[LOG 17:49:34.125] [KSPCF/DragCubeGeneration] Creating drag cubes for part 'Panel2'
[LOG 17:49:34.129] PartLoader: Compiling Part 'SquadExpansion/MakingHistory/Parts/Structural/Triangle0/Triangle0'
[LOG 17:49:34.133] PartLoader: Part 'SquadExpansion/MakingHistory/Parts/Structural/Triangle0/Triangle0' has no database record. Creating.
[LOG 17:49:34.133] [DragCubeSystem]: Drag cubes not found or cannot be read for part Part. Generating New drag cubes.
[LOG 17:49:34.133] [KSPCF/DragCubeGeneration] Creating drag cubes for part 'Triangle0'
[LOG 17:49:34.137] PartLoader: Compiling Part 'SquadExpansion/MakingHistory/Parts/Structural/Triangle1/Triangle1'
[LOG 17:49:34.142] PartLoader: Part 'SquadExpansion/MakingHistory/Parts/Structural/Triangle1/Triangle1' has no database record. Creating.
[LOG 17:49:34.142] [DragCubeSystem]: Drag cubes not found or cannot be read for part Part. Generating New drag cubes.
[LOG 17:49:34.142] [KSPCF/DragCubeGeneration] Creating drag cubes for part 'Triangle1'
[LOG 17:49:34.145] PartLoader: Compiling Part 'SquadExpansion/MakingHistory/Parts/Structural/Triangle1p5/Triangle1p5'
[LOG 17:49:34.150] PartLoader: Part 'SquadExpansion/MakingHistory/Parts/Structural/Triangle1p5/Triangle1p5' has no database record. Creating.
[LOG 17:49:34.150] [DragCubeSystem]: Drag cubes not found or cannot be read for part Part. Generating New drag cubes.
[LOG 17:49:34.150] [KSPCF/DragCubeGeneration] Creating drag cubes for part 'Triangle1p5'
[LOG 17:49:34.154] PartLoader: Compiling Part 'SquadExpansion/MakingHistory/Parts/Structural/Triangle2/Triangle2'
[LOG 17:49:34.158] PartLoader: Part 'SquadExpansion/MakingHistory/Parts/Structural/Triangle2/Triangle2' has no database record. Creating.
[LOG 17:49:34.158] [DragCubeSystem]: Drag cubes not found or cannot be read for part Part. Generating New drag cubes.
[LOG 17:49:34.158] [KSPCF/DragCubeGeneration] Creating drag cubes for part 'Triangle2'
[LOG 17:49:34.161] PartLoader: Compiling Part 'SquadExpansion/MakingHistory/Parts/Structural/Tube1/Tube1'
[LOG 17:49:34.166] PartLoader: Part 'SquadExpansion/MakingHistory/Parts/Structural/Tube1/Tube1' has no database record. Creating.
[LOG 17:49:34.166] PartLoader: Compiling Part 'SquadExpansion/MakingHistory/Parts/Structural/Tube1p5/Tube1p5'
[LOG 17:49:34.171] PartLoader: Part 'SquadExpansion/MakingHistory/Parts/Structural/Tube1p5/Tube1p5' has no database record. Creating.
[LOG 17:49:34.171] PartLoader: Compiling Part 'SquadExpansion/MakingHistory/Parts/Structural/Tube2/Tube2'
[LOG 17:49:34.175] PartLoader: Part 'SquadExpansion/MakingHistory/Parts/Structural/Tube2/Tube2' has no database record. Creating.
[LOG 17:49:34.175] PartLoader: Compiling Part 'SquadExpansion/MakingHistory/Parts/Structural/Tube3/Tube3'
[LOG 17:49:34.178] PartLoader: Part 'SquadExpansion/MakingHistory/Parts/Structural/Tube3/Tube3' has no database record. Creating.
[LOG 17:49:34.179] PartLoader: Compiling Part 'SquadExpansion/MakingHistory/Parts/Structural/Tube4/Tube4'
[LOG 17:49:34.182] PartLoader: Part 'SquadExpansion/MakingHistory/Parts/Structural/Tube4/Tube4' has no database record. Creating.
[LOG 17:49:34.182] PartLoader: Compiling Part 'SquadExpansion/MakingHistory/Parts/Thermal/HeatShield1p5/HeatShield1p5'
[LOG 17:49:34.189] PartLoader: Part 'SquadExpansion/MakingHistory/Parts/Thermal/HeatShield1p5/HeatShield1p5' has no database record. Creating.
[LOG 17:49:34.189] [DragCubeSystem]: Drag cubes not found or cannot be read for part Part. Generating New drag cubes.
[LOG 17:49:34.189] [KSPCF/DragCubeGeneration] Creating drag cubes for part 'HeatShield1p5'
[LOG 17:49:34.201] PartLoader: Compiling Part 'SquadExpansion/MakingHistory/Parts/Utility/flags/flagSize1p5/flagSize1p5/flagPartSize1p5'
[LOG 17:49:34.207] PartLoader: Part 'SquadExpansion/MakingHistory/Parts/Utility/flags/flagSize1p5/flagSize1p5/flagPartSize1p5' has no database record. Creating.
[LOG 17:49:34.207] [DragCubeSystem]: Drag cubes not found or cannot be read for part Part. Generating New drag cubes.
[LOG 17:49:34.207] [KSPCF/DragCubeGeneration] Creating drag cubes for part 'flagPartSize1p5'
[LOG 17:49:34.211] PartLoader: Compiling Part 'SquadExpansion/MakingHistory/Parts/Utility/flags/flagSize4/flagSize4/flagPartSize4'
[LOG 17:49:34.215] PartLoader: Part 'SquadExpansion/MakingHistory/Parts/Utility/flags/flagSize4/flagSize4/flagPartSize4' has no database record. Creating.
[LOG 17:49:34.215] [DragCubeSystem]: Drag cubes not found or cannot be read for part Part. Generating New drag cubes.
[LOG 17:49:34.215] [KSPCF/DragCubeGeneration] Creating drag cubes for part 'flagPartSize4'
[LOG 17:49:34.219] PartLoader: Compiling Part 'SquadExpansion/Serenity/Parts/Aero/FanShroud_01/FanShroud_01'
[LOG 17:49:34.223] PartLoader: Part 'SquadExpansion/Serenity/Parts/Aero/FanShroud_01/FanShroud_01' has no database record. Creating.
[LOG 17:49:34.223] [DragCubeSystem]: Drag cubes not found or cannot be read for part Part. Generating New drag cubes.
[LOG 17:49:34.223] [KSPCF/DragCubeGeneration] Creating drag cubes for part 'FanShroud.01'
[LOG 17:49:34.227] PartLoader: Compiling Part 'SquadExpansion/Serenity/Parts/Aero/FanShroud_02/FanShroud_02'
[LOG 17:49:34.232] PartLoader: Part 'SquadExpansion/Serenity/Parts/Aero/FanShroud_02/FanShroud_02' has no database record. Creating.
[LOG 17:49:34.232] [DragCubeSystem]: Drag cubes not found or cannot be read for part Part. Generating New drag cubes.
[LOG 17:49:34.232] [KSPCF/DragCubeGeneration] Creating drag cubes for part 'FanShroud.02'
[LOG 17:49:34.235] PartLoader: Compiling Part 'SquadExpansion/Serenity/Parts/Aero/FanShroud_03/FanShroud_03'
[LOG 17:49:34.239] PartLoader: Part 'SquadExpansion/Serenity/Parts/Aero/FanShroud_03/FanShroud_03' has no database record. Creating.
[LOG 17:49:34.239] [DragCubeSystem]: Drag cubes not found or cannot be read for part Part. Generating New drag cubes.
[LOG 17:49:34.239] [KSPCF/DragCubeGeneration] Creating drag cubes for part 'FanShroud.03'
[LOG 17:49:34.244] PartLoader: Compiling Part 'SquadExpansion/Serenity/Parts/Aero/noseconeTiny/noseconeTiny'
[LOG 17:49:34.247] PartLoader: Part 'SquadExpansion/Serenity/Parts/Aero/noseconeTiny/noseconeTiny' has no database record. Creating.
[LOG 17:49:34.247] [DragCubeSystem]: Drag cubes not found or cannot be read for part Part. Generating New drag cubes.
[LOG 17:49:34.247] [KSPCF/DragCubeGeneration] Creating drag cubes for part 'noseconeTiny'
[LOG 17:49:34.251] PartLoader: Compiling Part 'SquadExpansion/Serenity/Parts/Aero/noseconeVS/noseconeVS'
[LOG 17:49:34.254] PartLoader: Part 'SquadExpansion/Serenity/Parts/Aero/noseconeVS/noseconeVS' has no database record. Creating.
[LOG 17:49:34.254] [DragCubeSystem]: Drag cubes not found or cannot be read for part Part. Generating New drag cubes.
[LOG 17:49:34.254] [KSPCF/DragCubeGeneration] Creating drag cubes for part 'noseconeVS'
[LOG 17:49:34.258] PartLoader: Compiling Part 'SquadExpansion/Serenity/Parts/DeployedScience/centralStation/DeployedCentralStation'
[LOG 17:49:34.269] PartLoader: Part 'SquadExpansion/Serenity/Parts/DeployedScience/centralStation/DeployedCentralStation' has no database record. Creating.
[LOG 17:49:34.269] [DragCubeSystem]: Drag cubes not found or cannot be read for part Part. Generating New drag cubes.
[LOG 17:49:34.269] [KSPCF/DragCubeGeneration] Creating drag cubes for part 'DeployedCentralStation'
[LOG 17:49:34.293] PartLoader: Compiling Part 'SquadExpansion/Serenity/Parts/DeployedScience/gooObservation/DeployedGoExOb'
[LOG 17:49:34.304] PartLoader: Part 'SquadExpansion/Serenity/Parts/DeployedScience/gooObservation/DeployedGoExOb' has no database record. Creating.
[LOG 17:49:34.304] [DragCubeSystem]: Drag cubes not found or cannot be read for part Part. Generating New drag cubes.
[LOG 17:49:34.304] [KSPCF/DragCubeGeneration] Creating drag cubes for part 'DeployedGoExOb'
[LOG 17:49:34.328] PartLoader: Compiling Part 'SquadExpansion/Serenity/Parts/DeployedScience/ionCollector/DeployedIONExp'
[LOG 17:49:34.333] PartLoader: Part 'SquadExpansion/Serenity/Parts/DeployedScience/ionCollector/DeployedIONExp' has no database record. Creating.
[LOG 17:49:34.333] [DragCubeSystem]: Drag cubes not found or cannot be read for part Part. Generating New drag cubes.
[LOG 17:49:34.333] [KSPCF/DragCubeGeneration] Creating drag cubes for part 'DeployedIONExp'
[LOG 17:49:34.345] PartLoader: Compiling Part 'SquadExpansion/Serenity/Parts/DeployedScience/rtg/DeployedRTG'
[LOG 17:49:34.355] PartLoader: Part 'SquadExpansion/Serenity/Parts/DeployedScience/rtg/DeployedRTG' has no database record. Creating.
[LOG 17:49:34.355] [DragCubeSystem]: Drag cubes not found or cannot be read for part Part. Generating New drag cubes.
[LOG 17:49:34.355] [KSPCF/DragCubeGeneration] Creating drag cubes for part 'DeployedRTG'
[LOG 17:49:34.369] PartLoader: Compiling Part 'SquadExpansion/Serenity/Parts/DeployedScience/satDish/DeployedSatDish'
[LOG 17:49:34.379] PartLoader: Part 'SquadExpansion/Serenity/Parts/DeployedScience/satDish/DeployedSatDish' has no database record. Creating.
[LOG 17:49:34.379] [DragCubeSystem]: Drag cubes not found or cannot be read for part Part. Generating New drag cubes.
[LOG 17:49:34.379] [KSPCF/DragCubeGeneration] Creating drag cubes for part 'DeployedSatDish'
[LOG 17:49:34.392] PartLoader: Compiling Part 'SquadExpansion/Serenity/Parts/DeployedScience/seismicSensor/DeployedSeismicSensor'
[LOG 17:49:34.397] PartLoader: Part 'SquadExpansion/Serenity/Parts/DeployedScience/seismicSensor/DeployedSeismicSensor' has no database record. Creating.
[LOG 17:49:34.397] [DragCubeSystem]: Drag cubes not found or cannot be read for part Part. Generating New drag cubes.
[LOG 17:49:34.397] [KSPCF/DragCubeGeneration] Creating drag cubes for part 'DeployedSeismicSensor'
[LOG 17:49:34.409] PartLoader: Compiling Part 'SquadExpansion/Serenity/Parts/DeployedScience/solarPanel/DeployedSolarPanel'
[LOG 17:49:34.415] PartLoader: Part 'SquadExpansion/Serenity/Parts/DeployedScience/solarPanel/DeployedSolarPanel' has no database record. Creating.
[LOG 17:49:34.415] [DragCubeSystem]: Drag cubes not found or cannot be read for part Part. Generating New drag cubes.
[LOG 17:49:34.415] [KSPCF/DragCubeGeneration] Creating drag cubes for part 'DeployedSolarPanel'
[LOG 17:49:34.429] PartLoader: Compiling Part 'SquadExpansion/Serenity/Parts/DeployedScience/weatherStation/DeployedWeatherStn'
[LOG 17:49:34.434] PartLoader: Part 'SquadExpansion/Serenity/Parts/DeployedScience/weatherStation/DeployedWeatherStn' has no database record. Creating.
[LOG 17:49:34.434] [DragCubeSystem]: Drag cubes not found or cannot be read for part Part. Generating New drag cubes.
[LOG 17:49:34.434] [KSPCF/DragCubeGeneration] Creating drag cubes for part 'DeployedWeatherStn'
[LOG 17:49:34.457] PartLoader: Compiling Part 'SquadExpansion/Serenity/Parts/Prebuilt/kerbalEVA/kerbalEVA'
[LOG 17:49:34.459] PartLoader: Compiling Part 'SquadExpansion/Serenity/Parts/Prebuilt/kerbalEVAfemale/kerbalEVAfemale'
[LOG 17:49:34.460] PartLoader: Compiling Part 'SquadExpansion/Serenity/Parts/Prebuilt/kerbalEVAfemaleFuture/kerbalEVAfemaleFuture'
[LOG 17:49:34.469] PartLoader: Compiling Part 'SquadExpansion/Serenity/Parts/Prebuilt/kerbalEVAfemaleVintage/kerbalEVAfemaleVintage'
[LOG 17:49:34.470] PartLoader: Compiling Part 'SquadExpansion/Serenity/Parts/Prebuilt/kerbalEVAFuture/kerbalEVAFuture'
[LOG 17:49:34.477] PartLoader: Compiling Part 'SquadExpansion/Serenity/Parts/Prebuilt/kerbalEVASlimSuit/kerbalEVASlimSuit'
[LOG 17:49:34.479] PartLoader: Compiling Part 'SquadExpansion/Serenity/Parts/Prebuilt/kerbalEVASlimSuitFemale/kerbalEVASlimSuitFemale'
[LOG 17:49:34.480] PartLoader: Compiling Part 'SquadExpansion/Serenity/Parts/Prebuilt/kerbalEVAVintage/kerbalEVAVintage'
[LOG 17:49:34.482] PartLoader: Compiling Part 'SquadExpansion/Serenity/Parts/Propellers/largeFanBlade/largeFanBlade'
[LOG 17:49:34.488] PartLoader: Part 'SquadExpansion/Serenity/Parts/Propellers/largeFanBlade/largeFanBlade' has no database record. Creating.
[LOG 17:49:34.488] [DragCubeSystem]: Drag cubes not found or cannot be read for part Part. Generating New drag cubes.
[LOG 17:49:34.488] [KSPCF/DragCubeGeneration] Creating drag cubes for part 'largeFanBlade'
[LOG 17:49:34.504] PartLoader: Compiling Part 'SquadExpansion/Serenity/Parts/Propellers/largeHeliBlade/largeHeliBlade'
[LOG 17:49:34.510] PartLoader: Part 'SquadExpansion/Serenity/Parts/Propellers/largeHeliBlade/largeHeliBlade' has no database record. Creating.
[LOG 17:49:34.510] [DragCubeSystem]: Drag cubes not found or cannot be read for part Part. Generating New drag cubes.
[LOG 17:49:34.510] [KSPCF/DragCubeGeneration] Creating drag cubes for part 'largeHeliBlade'
[LOG 17:49:34.525] PartLoader: Compiling Part 'SquadExpansion/Serenity/Parts/Propellers/largePropeller/largePropeller'
[LOG 17:49:34.531] PartLoader: Part 'SquadExpansion/Serenity/Parts/Propellers/largePropeller/largePropeller' has no database record. Creating.
[LOG 17:49:34.531] [DragCubeSystem]: Drag cubes not found or cannot be read for part Part. Generating New drag cubes.
[LOG 17:49:34.531] [KSPCF/DragCubeGeneration] Creating drag cubes for part 'largePropeller'
[LOG 17:49:34.547] PartLoader: Compiling Part 'SquadExpansion/Serenity/Parts/Propellers/mediumFanBlade/mediumFanBlade'
[LOG 17:49:34.557] PartLoader: Part 'SquadExpansion/Serenity/Parts/Propellers/mediumFanBlade/mediumFanBlade' has no database record. Creating.
[LOG 17:49:34.557] [DragCubeSystem]: Drag cubes not found or cannot be read for part Part. Generating New drag cubes.
[LOG 17:49:34.557] [KSPCF/DragCubeGeneration] Creating drag cubes for part 'mediumFanBlade'
[LOG 17:49:34.580] PartLoader: Compiling Part 'SquadExpansion/Serenity/Parts/Propellers/mediumHeliBlade/mediumHeliBlade'
[LOG 17:49:34.587] PartLoader: Part 'SquadExpansion/Serenity/Parts/Propellers/mediumHeliBlade/mediumHeliBlade' has no database record. Creating.
[LOG 17:49:34.587] [DragCubeSystem]: Drag cubes not found or cannot be read for part Part. Generating New drag cubes.
[LOG 17:49:34.587] [KSPCF/DragCubeGeneration] Creating drag cubes for part 'mediumHeliBlade'
[LOG 17:49:34.611] PartLoader: Compiling Part 'SquadExpansion/Serenity/Parts/Propellers/mediumPropeller/mediumPropeller'
[LOG 17:49:34.617] PartLoader: Part 'SquadExpansion/Serenity/Parts/Propellers/mediumPropeller/mediumPropeller' has no database record. Creating.
[LOG 17:49:34.617] [DragCubeSystem]: Drag cubes not found or cannot be read for part Part. Generating New drag cubes.
[LOG 17:49:34.617] [KSPCF/DragCubeGeneration] Creating drag cubes for part 'mediumPropeller'
[LOG 17:49:34.642] PartLoader: Compiling Part 'SquadExpansion/Serenity/Parts/Propellers/smallFanBlade/smallFanBlade'
[LOG 17:49:34.647] PartLoader: Part 'SquadExpansion/Serenity/Parts/Propellers/smallFanBlade/smallFanBlade' has no database record. Creating.
[LOG 17:49:34.647] [DragCubeSystem]: Drag cubes not found or cannot be read for part Part. Generating New drag cubes.
[LOG 17:49:34.647] [KSPCF/DragCubeGeneration] Creating drag cubes for part 'smallFanBlade'
[LOG 17:49:34.662] PartLoader: Compiling Part 'SquadExpansion/Serenity/Parts/Propellers/smallHeliBlade/smallHeliBlade'
[LOG 17:49:34.667] PartLoader: Part 'SquadExpansion/Serenity/Parts/Propellers/smallHeliBlade/smallHeliBlade' has no database record. Creating.
[LOG 17:49:34.667] [DragCubeSystem]: Drag cubes not found or cannot be read for part Part. Generating New drag cubes.
[LOG 17:49:34.668] [KSPCF/DragCubeGeneration] Creating drag cubes for part 'smallHeliBlade'
[LOG 17:49:34.684] PartLoader: Compiling Part 'SquadExpansion/Serenity/Parts/Propellers/smallPropeller/smallPropeller'
[LOG 17:49:34.692] PartLoader: Part 'SquadExpansion/Serenity/Parts/Propellers/smallPropeller/smallPropeller' has no database record. Creating.
[LOG 17:49:34.692] [DragCubeSystem]: Drag cubes not found or cannot be read for part Part. Generating New drag cubes.
[LOG 17:49:34.692] [KSPCF/DragCubeGeneration] Creating drag cubes for part 'smallPropeller'
[LOG 17:49:34.707] PartLoader: Compiling Part 'SquadExpansion/Serenity/Parts/Robotics/hinge_01/hinge_01'
[LOG 17:49:34.724] PartLoader: Part 'SquadExpansion/Serenity/Parts/Robotics/hinge_01/hinge_01' has no database record. Creating.
[LOG 17:49:34.724] [DragCubeSystem]: Drag cubes not found or cannot be read for part Part. Generating New drag cubes.
[LOG 17:49:34.724] [KSPCF/DragCubeGeneration] Creating drag cubes for part 'hinge.01'
[LOG 17:49:34.729] PartLoader: Compiling Part 'SquadExpansion/Serenity/Parts/Robotics/hinge_01_s/hinge_01_s'
[LOG 17:49:34.735] PartLoader: Part 'SquadExpansion/Serenity/Parts/Robotics/hinge_01_s/hinge_01_s' has no database record. Creating.
[LOG 17:49:34.735] [DragCubeSystem]: Drag cubes not found or cannot be read for part Part. Generating New drag cubes.
[LOG 17:49:34.735] [KSPCF/DragCubeGeneration] Creating drag cubes for part 'hinge.01.s'
[LOG 17:49:34.741] PartLoader: Compiling Part 'SquadExpansion/Serenity/Parts/Robotics/hinge_03/hinge_03'
[LOG 17:49:34.748] PartLoader: Part 'SquadExpansion/Serenity/Parts/Robotics/hinge_03/hinge_03' has no database record. Creating.
[LOG 17:49:34.749] PartLoader: Compiling Part 'SquadExpansion/Serenity/Parts/Robotics/hinge_03_s/hinge_03_s'
[LOG 17:49:34.756] PartLoader: Part 'SquadExpansion/Serenity/Parts/Robotics/hinge_03_s/hinge_03_s' has no database record. Creating.
[LOG 17:49:34.756] PartLoader: Compiling Part 'SquadExpansion/Serenity/Parts/Robotics/hinge_04/hinge_04'
[LOG 17:49:34.763] PartLoader: Part 'SquadExpansion/Serenity/Parts/Robotics/hinge_04/hinge_04' has no database record. Creating.
[LOG 17:49:34.764] PartLoader: Compiling Part 'SquadExpansion/Serenity/Parts/Robotics/piston_01/piston_01'
[LOG 17:49:34.775] PartLoader: Part 'SquadExpansion/Serenity/Parts/Robotics/piston_01/piston_01' has no database record. Creating.
[LOG 17:49:34.776] PartLoader: Compiling Part 'SquadExpansion/Serenity/Parts/Robotics/piston_02/piston_02'
[LOG 17:49:34.782] PartLoader: Part 'SquadExpansion/Serenity/Parts/Robotics/piston_02/piston_02' has no database record. Creating.
[LOG 17:49:34.783] PartLoader: Compiling Part 'SquadExpansion/Serenity/Parts/Robotics/piston_03/piston_03'
[LOG 17:49:34.788] PartLoader: Part 'SquadExpansion/Serenity/Parts/Robotics/piston_03/piston_03' has no database record. Creating.
[LOG 17:49:34.789] PartLoader: Compiling Part 'SquadExpansion/Serenity/Parts/Robotics/piston_04/piston_04'
[LOG 17:49:34.795] PartLoader: Part 'SquadExpansion/Serenity/Parts/Robotics/piston_04/piston_04' has no database record. Creating.
[LOG 17:49:34.796] PartLoader: Compiling Part 'SquadExpansion/Serenity/Parts/Robotics/RotorEngine_02/RotorEngine_02'
[LOG 17:49:34.808] PartLoader: Part 'SquadExpansion/Serenity/Parts/Robotics/RotorEngine_02/RotorEngine_02' has no database record. Creating.
[LOG 17:49:34.808] [DragCubeSystem]: Drag cubes not found or cannot be read for part Part. Generating New drag cubes.
[LOG 17:49:34.808] [KSPCF/DragCubeGeneration] Creating drag cubes for part 'RotorEngine.02'
[LOG 17:49:34.813] PartLoader: Compiling Part 'SquadExpansion/Serenity/Parts/Robotics/RotorEngine_03/RotorEngine_03'
[LOG 17:49:34.820] PartLoader: Part 'SquadExpansion/Serenity/Parts/Robotics/RotorEngine_03/RotorEngine_03' has no database record. Creating.
[LOG 17:49:34.820] [DragCubeSystem]: Drag cubes not found or cannot be read for part Part. Generating New drag cubes.
[LOG 17:49:34.820] [KSPCF/DragCubeGeneration] Creating drag cubes for part 'RotorEngine.03'
[LOG 17:49:34.825] PartLoader: Compiling Part 'SquadExpansion/Serenity/Parts/Robotics/rotor_01/rotor_01'
[LOG 17:49:34.832] PartLoader: Part 'SquadExpansion/Serenity/Parts/Robotics/rotor_01/rotor_01' has no database record. Creating.
[LOG 17:49:34.832] [DragCubeSystem]: Drag cubes not found or cannot be read for part Part. Generating New drag cubes.
[LOG 17:49:34.832] [KSPCF/DragCubeGeneration] Creating drag cubes for part 'rotor.01'
[LOG 17:49:34.837] PartLoader: Compiling Part 'SquadExpansion/Serenity/Parts/Robotics/rotor_01s/rotor_01s'
[LOG 17:49:34.846] PartLoader: Part 'SquadExpansion/Serenity/Parts/Robotics/rotor_01s/rotor_01s' has no database record. Creating.
[LOG 17:49:34.846] [DragCubeSystem]: Drag cubes not found or cannot be read for part Part. Generating New drag cubes.
[LOG 17:49:34.846] [KSPCF/DragCubeGeneration] Creating drag cubes for part 'rotor.01s'
[LOG 17:49:34.851] PartLoader: Compiling Part 'SquadExpansion/Serenity/Parts/Robotics/rotor_02/rotor_02'
[LOG 17:49:34.857] PartLoader: Part 'SquadExpansion/Serenity/Parts/Robotics/rotor_02/rotor_02' has no database record. Creating.
[LOG 17:49:34.857] [DragCubeSystem]: Drag cubes not found or cannot be read for part Part. Generating New drag cubes.
[LOG 17:49:34.857] [KSPCF/DragCubeGeneration] Creating drag cubes for part 'rotor.02'
[LOG 17:49:34.863] PartLoader: Compiling Part 'SquadExpansion/Serenity/Parts/Robotics/rotor_02s/rotor_02s'
[LOG 17:49:34.869] PartLoader: Part 'SquadExpansion/Serenity/Parts/Robotics/rotor_02s/rotor_02s' has no database record. Creating.
[LOG 17:49:34.869] [DragCubeSystem]: Drag cubes not found or cannot be read for part Part. Generating New drag cubes.
[LOG 17:49:34.869] [KSPCF/DragCubeGeneration] Creating drag cubes for part 'rotor.02s'
[LOG 17:49:34.875] PartLoader: Compiling Part 'SquadExpansion/Serenity/Parts/Robotics/rotor_03/rotor_03'
[LOG 17:49:34.883] PartLoader: Part 'SquadExpansion/Serenity/Parts/Robotics/rotor_03/rotor_03' has no database record. Creating.
[LOG 17:49:34.883] [DragCubeSystem]: Drag cubes not found or cannot be read for part Part. Generating New drag cubes.
[LOG 17:49:34.883] [KSPCF/DragCubeGeneration] Creating drag cubes for part 'rotor.03'
[LOG 17:49:34.889] PartLoader: Compiling Part 'SquadExpansion/Serenity/Parts/Robotics/rotor_03s/rotor_03s'
[LOG 17:49:34.897] PartLoader: Part 'SquadExpansion/Serenity/Parts/Robotics/rotor_03s/rotor_03s' has no database record. Creating.
[LOG 17:49:34.897] [DragCubeSystem]: Drag cubes not found or cannot be read for part Part. Generating New drag cubes.
[LOG 17:49:34.897] [KSPCF/DragCubeGeneration] Creating drag cubes for part 'rotor.03s'
[LOG 17:49:34.902] PartLoader: Compiling Part 'SquadExpansion/Serenity/Parts/Robotics/rotoServo_00/rotoServo_00'
[LOG 17:49:34.916] PartLoader: Part 'SquadExpansion/Serenity/Parts/Robotics/rotoServo_00/rotoServo_00' has no database record. Creating.
[LOG 17:49:34.917] [DragCubeSystem]: Drag cubes not found or cannot be read for part Part. Generating New drag cubes.
[LOG 17:49:34.917] [KSPCF/DragCubeGeneration] Creating drag cubes for part 'rotoServo.00'
[LOG 17:49:34.922] PartLoader: Compiling Part 'SquadExpansion/Serenity/Parts/Robotics/rotoServo_02/rotoServo_02'
[LOG 17:49:34.929] PartLoader: Part 'SquadExpansion/Serenity/Parts/Robotics/rotoServo_02/rotoServo_02' has no database record. Creating.
[LOG 17:49:34.929] [DragCubeSystem]: Drag cubes not found or cannot be read for part Part. Generating New drag cubes.
[LOG 17:49:34.930] [KSPCF/DragCubeGeneration] Creating drag cubes for part 'rotoServo.02'
[LOG 17:49:34.934] PartLoader: Compiling Part 'SquadExpansion/Serenity/Parts/Robotics/rotoServo_03/rotoServo_03'
[LOG 17:49:34.940] PartLoader: Part 'SquadExpansion/Serenity/Parts/Robotics/rotoServo_03/rotoServo_03' has no database record. Creating.
[LOG 17:49:34.940] [DragCubeSystem]: Drag cubes not found or cannot be read for part Part. Generating New drag cubes.
[LOG 17:49:34.940] [KSPCF/DragCubeGeneration] Creating drag cubes for part 'rotoServo.03'
[LOG 17:49:34.946] PartLoader: Compiling Part 'SquadExpansion/Serenity/Parts/Robotics/rotoServo_04/rotoServo_04'
[LOG 17:49:34.954] PartLoader: Part 'SquadExpansion/Serenity/Parts/Robotics/rotoServo_04/rotoServo_04' has no database record. Creating.
[LOG 17:49:34.954] [DragCubeSystem]: Drag cubes not found or cannot be read for part Part. Generating New drag cubes.
[LOG 17:49:34.954] [KSPCF/DragCubeGeneration] Creating drag cubes for part 'rotoServo.04'
[LOG 17:49:34.960] PartLoader: Compiling Part 'SquadExpansion/Serenity/Parts/Robotics/Controllers/KAL1000/controller1000'
[LOG 17:49:34.970] PartLoader: Part 'SquadExpansion/Serenity/Parts/Robotics/Controllers/KAL1000/controller1000' has no database record. Creating.
[LOG 17:49:34.970] [DragCubeSystem]: Drag cubes not found or cannot be read for part Part. Generating New drag cubes.
[LOG 17:49:34.970] [KSPCF/DragCubeGeneration] Creating drag cubes for part 'controller1000'
[LOG 17:49:34.974] PartLoader: Compiling Part 'SquadExpansion/Serenity/Parts/Science/RobotArmScanner/RobotArmScanner_S1/RobotArmScanner_S1'
[LOG 17:49:34.986] PartLoader: Part 'SquadExpansion/Serenity/Parts/Science/RobotArmScanner/RobotArmScanner_S1/RobotArmScanner_S1' has no database record. Creating.
[LOG 17:49:34.986] [DragCubeSystem]: Drag cubes not found or cannot be read for part Part. Generating New drag cubes.
[LOG 17:49:34.988] [KSPCF/DragCubeGeneration] Creating drag cubes for part 'RobotArmScanner.S1'
[LOG 17:49:35.007] PartLoader: Compiling Part 'SquadExpansion/Serenity/Parts/Science/RobotArmScanner/RobotArmScanner_S2/RobotArmScanner_S2'
[LOG 17:49:35.015] PartLoader: Part 'SquadExpansion/Serenity/Parts/Science/RobotArmScanner/RobotArmScanner_S2/RobotArmScanner_S2' has no database record. Creating.
[LOG 17:49:35.015] [DragCubeSystem]: Drag cubes not found or cannot be read for part Part. Generating New drag cubes.
[LOG 17:49:35.015] [KSPCF/DragCubeGeneration] Creating drag cubes for part 'RobotArmScanner.S2'
[LOG 17:49:35.032] PartLoader: Compiling Part 'SquadExpansion/Serenity/Parts/Science/RobotArmScanner/RobotArmScanner_S3/RobotArmScanner_S3'
[LOG 17:49:35.041] PartLoader: Part 'SquadExpansion/Serenity/Parts/Science/RobotArmScanner/RobotArmScanner_S3/RobotArmScanner_S3' has no database record. Creating.
[LOG 17:49:35.041] [DragCubeSystem]: Drag cubes not found or cannot be read for part Part. Generating New drag cubes.
[LOG 17:49:35.041] [KSPCF/DragCubeGeneration] Creating drag cubes for part 'RobotArmScanner.S3'
[LOG 17:49:35.060] PartLoader: Compiling Part 'SquadExpansion/Serenity/Parts/Structural/gripPads/lGripPad/lGripPad'
[LOG 17:49:35.068] PartLoader: Part 'SquadExpansion/Serenity/Parts/Structural/gripPads/lGripPad/lGripPad' has no database record. Creating.
[LOG 17:49:35.068] [DragCubeSystem]: Drag cubes not found or cannot be read for part Part. Generating New drag cubes.
[LOG 17:49:35.068] [KSPCF/DragCubeGeneration] Creating drag cubes for part 'lGripPad'
[LOG 17:49:35.079] PartLoader: Compiling Part 'SquadExpansion/Serenity/Parts/Structural/gripPads/lGripStrip/lGripStrip'
[LOG 17:49:35.084] PartLoader: Part 'SquadExpansion/Serenity/Parts/Structural/gripPads/lGripStrip/lGripStrip' has no database record. Creating.
[LOG 17:49:35.084] [DragCubeSystem]: Drag cubes not found or cannot be read for part Part. Generating New drag cubes.
[LOG 17:49:35.084] [KSPCF/DragCubeGeneration] Creating drag cubes for part 'lGripStrip'
[LOG 17:49:35.088] PartLoader: Compiling Part 'SquadExpansion/Serenity/Parts/Structural/gripPads/mGripPad/mGripPad'
[LOG 17:49:35.091] PartLoader: Part 'SquadExpansion/Serenity/Parts/Structural/gripPads/mGripPad/mGripPad' has no database record. Creating.
[LOG 17:49:35.091] [DragCubeSystem]: Drag cubes not found or cannot be read for part Part. Generating New drag cubes.
[LOG 17:49:35.091] [KSPCF/DragCubeGeneration] Creating drag cubes for part 'mGripPad'
[LOG 17:49:35.103] PartLoader: Compiling Part 'SquadExpansion/Serenity/Parts/Structural/gripPads/sGripPad/sGripPad'
[LOG 17:49:35.107] PartLoader: Part 'SquadExpansion/Serenity/Parts/Structural/gripPads/sGripPad/sGripPad' has no database record. Creating.
[LOG 17:49:35.107] [DragCubeSystem]: Drag cubes not found or cannot be read for part Part. Generating New drag cubes.
[LOG 17:49:35.107] [KSPCF/DragCubeGeneration] Creating drag cubes for part 'sGripPad'
[LOG 17:49:35.119] PartLoader: Compiling Part 'SquadExpansion/Serenity/Parts/Structural/gripPads/sGripStrip/sGripStrip'
[LOG 17:49:35.123] PartLoader: Part 'SquadExpansion/Serenity/Parts/Structural/gripPads/sGripStrip/sGripStrip' has no database record. Creating.
[LOG 17:49:35.123] [DragCubeSystem]: Drag cubes not found or cannot be read for part Part. Generating New drag cubes.
[LOG 17:49:35.123] [KSPCF/DragCubeGeneration] Creating drag cubes for part 'sGripStrip'
[LOG 17:49:35.128] PartLoader: Compiling Internal Prop 'Squad/Props/AltimeterThreeHands/prop/AltimeterThreeHands'
[LOG 17:49:35.132] PartLoader: Compiling Internal Prop 'Squad/Props/AtmosphereDepth/prop/AtmosphereDepth'
[LOG 17:49:35.134] PartLoader: Compiling Internal Prop 'Squad/Props/AxisIndicator/pitchConfig/AxisIndicatorPitch'
[LOG 17:49:35.136] PartLoader: Compiling Internal Prop 'Squad/Props/AxisIndicator/rollConfig/AxisIndicatorRoll'
[LOG 17:49:35.137] PartLoader: Compiling Internal Prop 'Squad/Props/AxisIndicator/yawConfig/AxisIndicatorYaw'
[LOG 17:49:35.138] PartLoader: Compiling Internal Prop 'Squad/Props/buttonsGeneric/circularButton/genericCircularButton'
[LOG 17:49:35.139] PartLoader: Compiling Internal Prop 'Squad/Props/buttonsGeneric/clusterButtons/genericClusterButtons'
[LOG 17:49:35.140] PartLoader: Compiling Internal Prop 'Squad/Props/buttonsGeneric/clusterButtons2/genericClusterButtons2'
[LOG 17:49:35.141] PartLoader: Compiling Internal Prop 'Squad/Props/buttonsGeneric/clusterKnob/genericClusterKnobs'
[LOG 17:49:35.141] PartLoader: Compiling Internal Prop 'Squad/Props/buttonsGeneric/clusterKnob2/genericClusterKnobs2'
[LOG 17:49:35.142] PartLoader: Compiling Internal Prop 'Squad/Props/buttonsGeneric/clusterMixed/genericClusterMixed'
[LOG 17:49:35.142] PartLoader: Compiling Internal Prop 'Squad/Props/buttonsGeneric/clusterSwitches01/genericClusterSwitches01'
[LOG 17:49:35.143] PartLoader: Compiling Internal Prop 'Squad/Props/buttonsGeneric/clusterSwitches02/genericClusterSwitches02'
[LOG 17:49:35.143] PartLoader: Compiling Internal Prop 'Squad/Props/buttonsGeneric/clusterSwitches03/genericClusterSwitches03'
[LOG 17:49:35.144] PartLoader: Compiling Internal Prop 'Squad/Props/buttonsGeneric/clusterSwitches04/genericClusterSwitches04'
[LOG 17:49:35.144] PartLoader: Compiling Internal Prop 'Squad/Props/buttonsGeneric/clusterSwitches05/genericClusterSwitches05'
[LOG 17:49:35.145] PartLoader: Compiling Internal Prop 'Squad/Props/buttonsGeneric/clusterSwitches06/genericClusterSwitches06'
[LOG 17:49:35.145] PartLoader: Compiling Internal Prop 'Squad/Props/buttonsGeneric/clusterSwitches07/genericClusterSwitches07'
[LOG 17:49:35.146] PartLoader: Compiling Internal Prop 'Squad/Props/buttonsGeneric/directionalKnob/genericDirectionalKnob'
[LOG 17:49:35.146] PartLoader: Compiling Internal Prop 'Squad/Props/buttonsGeneric/directionalKnob2/genericDirectionalKnob2'
[LOG 17:49:35.147] PartLoader: Compiling Internal Prop 'Squad/Props/buttonsGeneric/pullSwitch/genericPullSwitch'
[LOG 17:49:35.148] PartLoader: Compiling Internal Prop 'Squad/Props/buttonsGeneric/squareButton/genericSquareButton'
[LOG 17:49:35.148] PartLoader: Compiling Internal Prop 'Squad/Props/buttonsGeneric/standingSwitch/genericStandingSwitch'
[LOG 17:49:35.149] PartLoader: Compiling Internal Prop 'Squad/Props/buttonsGeneric/switch/genericSwitch'
[LOG 17:49:35.149] PartLoader: Compiling Internal Prop 'Squad/Props/buttonsGeneric/switchWithGuards/genericSwitchWithGuards'
[LOG 17:49:35.150] PartLoader: Compiling Internal Prop 'Squad/Props/ButtonSquare/prop/ButtonSquare'
[LOG 17:49:35.152] PartLoader: Compiling Internal Prop 'Squad/Props/circularButton/prop/circularButton'
[LOG 17:49:35.152] PartLoader: Compiling Internal Prop 'Squad/Props/Compass/prop/Compass'
[LOG 17:49:35.154] PartLoader: Compiling Internal Prop 'Squad/Props/directionalKnob/prop/directionalKnob'
[LOG 17:49:35.154] PartLoader: Compiling Internal Prop 'Squad/Props/directionalKnob2/prop/directionalKnob2'
[LOG 17:49:35.155] PartLoader: Compiling Internal Prop 'Squad/Props/IndicatorPanel/prop/IndicatorPanel'
[LOG 17:49:35.157] PartLoader: Compiling Internal Prop 'Squad/Props/IVANavBall/prop/NavBall'
[LOG 17:49:35.160] PartLoader: Compiling Internal Prop 'Squad/Props/IVANavBallNoBase/prop/NavBallNoBase'
[LOG 17:49:35.160] PartLoader: Compiling Internal Prop 'Squad/Props/ledPanelSpeed/prop/ledPanelSpeed'
[LOG 17:49:35.163] PartLoader: Compiling Internal Prop 'Squad/Props/Monitor/DockingMode/MonitorDockingMode'
[LOG 17:49:35.165] PartLoader: Compiling Internal Prop 'Squad/Props/NavBall/prop/NavBall'
[LOG 17:49:35.166] PartLoader: Compiling Internal Prop 'Squad/Props/PropsGeneric/Button_DockingMode/Button_DockingMode'
[LOG 17:49:35.167] PartLoader: Compiling Internal Prop 'Squad/Props/PropsGeneric/CargoBagA/CargoBagA'
[LOG 17:49:35.167] PartLoader: Compiling Internal Prop 'Squad/Props/PropsGeneric/CargoBagB/CargoBagB'
[LOG 17:49:35.168] PartLoader: Compiling Internal Prop 'Squad/Props/PropsGeneric/CargoBagC/CargoBagC'
[LOG 17:49:35.169] PartLoader: Compiling Internal Prop 'Squad/Props/PropsGeneric/Hatch_Plane/Hatch_Plane'
[LOG 17:49:35.170] PartLoader: Compiling Internal Prop 'Squad/Props/PropsGeneric/Hatch_Plane_Curve90/Hatch_Plane_Curve90'
[LOG 17:49:35.171] PartLoader: Compiling Internal Prop 'Squad/Props/PropsGeneric/Hatch_Plane_Frame/Hatch_Plane_Frame'
[LOG 17:49:35.171] PartLoader: Compiling Internal Prop 'Squad/Props/PropsGeneric/Seat_Passenger/Seat_Passenger'
[LOG 17:49:35.172] PartLoader: Compiling Internal Prop 'Squad/Props/PropsGeneric/Seat_Pilot/Seat_Pilot'
[LOG 17:49:35.172] PartLoader: Compiling Internal Prop 'Squad/Props/PropsGeneric/Seat_Pilot_Helmet/Seat_Pilot_Helmet'
[LOG 17:49:35.173] PartLoader: Compiling Internal Prop 'Squad/Props/PropsGeneric/SideStick/SideStick'
[LOG 17:49:35.173] PartLoader: Compiling Internal Prop 'Squad/Props/pullSwitch/prop/pullSwitch'
[LOG 17:49:35.174] PartLoader: Compiling Internal Prop 'Squad/Props/radarAltitude/prop/RadarAltimeter'
[LOG 17:49:35.176] PartLoader: Compiling Internal Prop 'Squad/Props/squareButton/prop/squareButton'
[LOG 17:49:35.176] PartLoader: Compiling Internal Prop 'Squad/Props/standingSwitch/prop/standingSwitch'
[LOG 17:49:35.177] PartLoader: Compiling Internal Prop 'Squad/Props/switch/prop/switch'
[LOG 17:49:35.177] PartLoader: Compiling Internal Prop 'Squad/Props/switchGuard/prop/switchGuard'
[LOG 17:49:35.178] PartLoader: Compiling Internal Prop 'Squad/Props/switchWithGuards/prop/switchWithGuards'
[LOG 17:49:35.178] PartLoader: Compiling Internal Prop 'Squad/Props/throttle/prop/throttle'
[LOG 17:49:35.180] PartLoader: Compiling Internal Prop 'Squad/Props/VSI/prop/VSI'
[LOG 17:49:35.182] PartLoader: Compiling Internal Space 'Squad/Spaces/crewCabinInternals/internal/crewCabinInternals'
[LOG 17:49:35.190] PartLoader: Compiling Internal Space 'Squad/Spaces/cupolaInternal/internal/cupolaInternal'
[LOG 17:49:35.203] PartLoader: Compiling Internal Space 'Squad/Spaces/GenericSpace1/internal/GenericSpace1'
[LOG 17:49:35.205] PartLoader: Compiling Internal Space 'Squad/Spaces/GenericSpace3/internal/GenericSpace3'
[LOG 17:49:35.207] PartLoader: Compiling Internal Space 'Squad/Spaces/landerCabinInternals/internal/landerCabinInternals'
[LOG 17:49:35.210] PartLoader: Compiling Internal Space 'Squad/Spaces/landerCabinSmallInternal/internal/landerCabinSmallInternal'
[LOG 17:49:35.213] PartLoader: Compiling Internal Space 'Squad/Spaces/LargeCrewedLabInternals/internal/Mobile_Processing_Lab_Int'
[LOG 17:49:35.216] PartLoader: Compiling Internal Space 'Squad/Spaces/Mk1-3/internal/Mk1-3'
[LOG 17:49:35.225] PartLoader: Compiling Internal Space 'Squad/Spaces/mk1CabinInternal/internal/mk1CabinInternal'
[LOG 17:49:35.231] PartLoader: Compiling Internal Space 'Squad/Spaces/mk1CockpitInternal/internal/mk1CockpitInternal'
[LOG 17:49:35.239] PartLoader: Compiling Internal Space 'Squad/Spaces/mk1InlineInternal/internal/mk1InlineInternal'
[LOG 17:49:35.244] PartLoader: Compiling Internal Space 'Squad/Spaces/mk1PodCockpit/internal/mk1PodCockpit'
[LOG 17:49:35.247] PartLoader: Compiling Internal Space 'Squad/Spaces/mk1pod_IVA/mk1pod_Internal/mk1pod_IVA'
[LOG 17:49:35.254] PartLoader: Compiling Internal Space 'Squad/Spaces/mk2CockpitStandardInternal/internal/mk2CockpitStandardInternals'
[LOG 17:49:35.262] PartLoader: Compiling Internal Space 'Squad/Spaces/Mk2CrewCabinInternal/internal_MK2_CrewCab/MK2_CrewCab_Int'
[LOG 17:49:35.267] PartLoader: Compiling Internal Space 'Squad/Spaces/mk2InlineInternal/internal/mk2InlineInternal'
[LOG 17:49:35.277] PartLoader: Compiling Internal Space 'Squad/Spaces/mk2LanderCanInternal/internal/mk2LanderCanInternal'
[LOG 17:49:35.284] PartLoader: Compiling Internal Space 'Squad/Spaces/MK3CockpitInternal/internal_MK3/MK3_Cockpit_Int'
[LOG 17:49:35.296] PartLoader: Compiling Internal Space 'Squad/Spaces/MK3_CrewCab_Int/internal_MK3_CrewCab/MK3_CrewCab_Int'
[LOG 17:49:35.301] InternalSeat: Cannot find portraitCamera of name 'Camera_Left003'
[LOG 17:49:35.308] PartLoader: Compiling Internal Space 'Squad/Spaces/Placeholder/internal/Placeholder'
[LOG 17:49:35.316] PartLoader: Compiling Internal Space 'Squad/Spaces/PodCockpit/internal/PodCockpit'
[LOG 17:49:35.324] PartLoader: Compiling Internal Space 'SquadExpansion/MakingHistory/Spaces/KVPods/Airlock_Internal/Airlock_IVA'
[LOG 17:49:35.325] PartLoader: Compiling Internal Space 'SquadExpansion/MakingHistory/Spaces/KVPods/KV1_Internal/KV1_IVA'
[LOG 17:49:35.329] PartLoader: Compiling Internal Space 'SquadExpansion/MakingHistory/Spaces/KVPods/KV2_Internal/KV2_IVA'
[LOG 17:49:35.335] PartLoader: Compiling Internal Space 'SquadExpansion/MakingHistory/Spaces/KVPods/KV3_Internal/KV3_IVA'
[LOG 17:49:35.341] PartLoader: Compiling Internal Space 'SquadExpansion/MakingHistory/Spaces/MEM/MEM_IVA/MEM_IVA'
[LOG 17:49:35.349] PartLoader: Compiling Internal Space 'SquadExpansion/MakingHistory/Spaces/Mk2Pod/Mk2Pod_Internal/MK2POD_IVA'
[LOG 17:49:35.864] Assets:
[LOG 17:49:35.864] anim_missionsapp_idle.anim
[LOG 17:49:35.864] anim_missionsapp_idle_warning.anim
[LOG 17:49:35.864] anim_missionsapp_warning.anim
[LOG 17:49:35.864] anim_missionssapp.anim
[LOG 17:49:35.864] animcontroller_missionsappmaster.controller
[LOG 17:49:35.864] app_bg.tif
[LOG 17:49:35.864] app_bottom_gray.tif
[LOG 17:49:35.864] app_divider_pulldown_body.tif
[LOG 17:49:35.864] app_divider_pulldown_footer.tif
[LOG 17:49:35.864] app_divider_pulldown_header.tif
[LOG 17:49:35.864] app_divider_pulldown_header_over.tif
[LOG 17:49:35.864] app_header_gray.tif
[LOG 17:49:35.864] app_missions_icon_active.tif
[LOG 17:49:35.864] app_missions_icon_complete.tif
[LOG 17:49:35.864] app_missions_icon_failed.tif
[LOG 17:49:35.864] app_missions_icon_inactive.tif
[LOG 17:49:35.864] spritesheet_missionsapp.tif
[LOG 17:49:35.864] spritesheet_missionsappwarning.tif
[LOG 17:49:35.865] missionbriefingdialog.prefab
[LOG 17:49:35.865] missionbriefingtag.prefab
[LOG 17:49:35.865] awardwidget.prefab
[LOG 17:49:35.865] missionenddialog.prefab
[LOG 17:49:35.865] missionitemwidget.prefab
[LOG 17:49:35.865] missionplaybutton.prefab
[LOG 17:49:35.865] missionplaydialog.prefab
[LOG 17:49:35.865] missionsteamitemwidget.prefab
[LOG 17:49:35.865] missionvalidationdialog.prefab
[LOG 17:49:35.865] validationentry.prefab
[LOG 17:49:35.865] comettoken.fbx
[LOG 17:49:35.865] comettoken.jpg
[LOG 17:49:35.865] placementegizmo_comet.mat
[LOG 17:49:35.865] placementegizmo_comet_tail.mat
[LOG 17:49:35.865] femalevintagepreview.prefab
[LOG 17:49:35.865] malevintagepreview.prefab
[LOG 17:49:35.865] checkpointentrywidget.prefab
[LOG 17:49:35.865] crewmanagementdialog.prefab
[LOG 17:49:35.865] listitem_vesseltitle.prefab
[LOG 17:49:35.865] missionbrowser.prefab
[LOG 17:49:35.865] missioncheckpointbrowser.prefab
[LOG 17:49:35.865] missioncrewlistitem.prefab
[LOG 17:49:35.865] missionentrywidget.prefab
[LOG 17:49:35.865] missiontemplateentrywidget.prefab
[LOG 17:49:35.865] partcategorizerbutton.prefab
[LOG 17:49:35.865] partselectorbrowser.prefab
[LOG 17:49:35.865] partselectorentry.prefab
[LOG 17:49:35.865] gaputil_vesselframe.prefab
[LOG 17:49:35.866] meguiconnector.prefab
[LOG 17:49:35.866] meguinode.prefab
[LOG 17:49:35.866] meguinodecategorybutton.prefab
[LOG 17:49:35.866] meguinodeicon.prefab
[LOG 17:49:35.866] meguinodeicongroup.prefab
[LOG 17:49:35.866] meguiscrollviewitem.prefab
[LOG 17:49:35.866] meiconloaderbasicnode.prefab
[LOG 17:49:35.866] meiconloadergap.prefab
[LOG 17:49:35.866] meiconloadernodecategorizer.prefab
[LOG 17:49:35.866] menodecanvas.prefab
[LOG 17:49:35.866] missioneditorscreen.prefab
[LOG 17:49:35.866] nodelisttooltip.prefab
[LOG 17:49:35.866] nodelisttooltipextinfolistspacer.prefab
[LOG 17:49:35.866] orbitgizmo.prefab
[LOG 17:49:35.866] biomeshighlight.shader
[LOG 17:49:35.866] projector-surfacegizmo.shader
[LOG 17:49:35.866] scaledplanetbiomeshighlight.shader
[LOG 17:49:35.866] sprites-alwaysover.shader
[LOG 17:49:35.866] ui-unlit-infinite.shader
[LOG 17:49:35.866] ui-unlit-solid.shader
[LOG 17:49:35.866] assetgraph_connectionpoint_inputmark.png
[LOG 17:49:35.866] assetgraph_inputbg.png
[LOG 17:49:35.866] boldly.png
[LOG 17:49:35.867] carpool.png
[LOG 17:49:35.867] frugal.png
[LOG 17:49:35.867] homesick.png
[LOG 17:49:35.867] keys.png
[LOG 17:49:35.867] saint.png
[LOG 17:49:35.867] sinner.png
[LOG 17:49:35.867] thespot.png
[LOG 17:49:35.867] timekeeper.png
[LOG 17:49:35.867] helmetbronze.png
[LOG 17:49:35.867] helmetgold.png
[LOG 17:49:35.867] helmetsilver.png
[LOG 17:49:35.867] action-part-resource-drain.png
[LOG 17:49:35.867] change-part-resource-levels.png
[LOG 17:49:35.867] create-asteroid.png
[LOG 17:49:35.867] create-kerbal.png
[LOG 17:49:35.867] create-vessel.png
[LOG 17:49:35.867] crew-assignment.png
[LOG 17:49:35.867] dialog-message.png
[LOG 17:49:35.867] display-message.png
[LOG 17:49:35.867] fail-part.png
[LOG 17:49:35.867] fly-through.png
[LOG 17:49:35.867] funds-recovery.png
[LOG 17:49:35.867] generic-node.png
[LOG 17:49:35.867] go-to.png
[LOG 17:49:35.867] kerbal-boarded.png
[LOG 17:49:35.867] kerbal-recovery.png
[LOG 17:49:35.867] kerbal-rescue.png
[LOG 17:49:35.867] launch-site.png
[LOG 17:49:35.867] leave-soi.png
[LOG 17:49:35.868] orbit.png
[LOG 17:49:35.868] part-explode.png
[LOG 17:49:35.868] plant-flag.png
[LOG 17:49:35.868] reach-soi.png
[LOG 17:49:35.868] repair-part.png
[LOG 17:49:35.868] resource-amount.png
[LOG 17:49:35.868] resource-recovery.png
[LOG 17:49:35.868] science-experiment.png
[LOG 17:49:35.868] score.png
[LOG 17:49:35.868] take-tourist.png
[LOG 17:49:35.868] test-altitude.png
[LOG 17:49:35.868] test-eva.png
[LOG 17:49:35.868] test-grapple.png
[LOG 17:49:35.868] time-of-flight.png
[LOG 17:49:35.868] time-of-mission.png
[LOG 17:49:35.868] time-since-node.png
[LOG 17:49:35.868] vessel-crashed.png
[LOG 17:49:35.868] vessel-crew-count.png
[LOG 17:49:35.868] vessel-explode.png
[LOG 17:49:35.868] vessel-flying.png
[LOG 17:49:35.868] vessel-landed.png
[LOG 17:49:35.868] vessel-mass.png
[LOG 17:49:35.868] vessel-splashed.png
[LOG 17:49:35.868] vessel-stage-activated.png
[LOG 17:49:35.868] vessel-stage.png
[LOG 17:49:35.868] arrange-graph.png
[LOG 17:49:35.868] builderbuttons_briefing.png
[LOG 17:49:35.868] builderbuttons_reset.png
[LOG 17:49:35.868] builderbuttons_trackingstation.png
[LOG 17:49:35.869] frame-graph.png
[LOG 17:49:35.869] lock.png
[LOG 17:49:35.869] maximize.png
[LOG 17:49:35.869] minimize.png
[LOG 17:49:35.869] pin.png
[LOG 17:49:35.869] pin_down.png
[LOG 17:49:35.869] redo.png
[LOG 17:49:35.869] reset.png
[LOG 17:49:35.869] tracking-station.png
[LOG 17:49:35.869] undo.png
[LOG 17:49:35.869] visible-in-gap.png
[LOG 17:49:35.869] location.png
[LOG 17:49:35.869] logic.png
[LOG 17:49:35.869] science.png
[LOG 17:49:35.869] utility.png
[LOG 17:49:35.869] vessel.png
[LOG 17:49:35.869] eye.png
[LOG 17:49:35.869] iconmb.png
[LOG 17:49:35.869] me_btn_generic_normal.tif
[LOG 17:49:35.869] me_button_generic_normal.tif
[LOG 17:49:35.869] nodecat_bg.png
[LOG 17:49:35.869] nodecat_divider.tif
[LOG 17:49:35.869] nodecat_divider_bottom.tif
[LOG 17:49:35.869] pholderwarningicon.png
[LOG 17:49:35.869] reseticon.png
[LOG 17:49:35.869] validityindicator.controller
[LOG 17:49:35.869] validtyinidicatorpulse.anim
[LOG 17:49:35.869] broadorbittoggle button.png
[LOG 17:49:35.869] maneuvertoggle button.png
[LOG 17:49:35.869] orbitalgizmoicons.png
[LOG 17:49:35.870] reset orbit button.png
[LOG 17:49:35.870] nodelabel.prefab
[LOG 17:49:35.870] kerbaleva_female_exp.prefab
[LOG 17:49:35.870] kerbaleva_rd_exp.prefab
[LOG 17:49:35.870] missioneditorevabody.mat
[LOG 17:49:35.870] missioneditorevabodyalternate.mat
[LOG 17:49:35.870] missioneditorevabodybrown.mat
[LOG 17:49:35.870] missioneditorevaeyeballs.mat
[LOG 17:49:35.870] missioneditorevaeyes.mat
[LOG 17:49:35.870] missioneditorevahead.mat
[LOG 17:49:35.870] missioneditorevahelmet.mat
[LOG 17:49:35.870] missioneditorevahelmetred.mat
[LOG 17:49:35.870] missioneditorevajetpack.mat
[LOG 17:49:35.870] missioneditorevalight.mat
[LOG 17:49:35.870] kbevafemalevintage.prefab
[LOG 17:49:35.870] kbevavintage.prefab
[LOG 17:49:35.870] evalight.fbx
[LOG 17:49:35.870] kbeva@new.fbx
[LOG 17:49:35.870] kbeva@newfem.fbx
[LOG 17:49:35.870] mevahelmetlight.fbx
[LOG 17:49:35.870] evajetpackscondary.dds
[LOG 17:49:35.870] evajetpacksecondary_n.dds
[LOG 17:49:35.870] evalight.png
[LOG 17:49:35.870] kerbalmainnrm.dds
[LOG 17:49:35.870] me_suit_difuse_blue.dds
[LOG 17:49:35.870] me_suit_difuse_low_polybrown.dds
[LOG 17:49:35.870] me_suit_difuse_orange.dds
[LOG 17:49:35.870] kerbalfemalevintage.prefab
[LOG 17:49:35.870] kerbalmalevintage.prefab
[LOG 17:49:35.871] evahelmet.mat
[LOG 17:49:35.871] evatexture.mat
[LOG 17:49:35.871] kerbalgirl_06_basecolor.mat
[LOG 17:49:35.871] kerbalhead.mat
[LOG 17:49:35.871] lambert6.mat
[LOG 17:49:35.871] mat_eyeballs.mat
[LOG 17:49:35.871] mat_eyes01.mat
[LOG 17:49:35.871] material #4.mat
[LOG 17:49:35.871] mesh_female_kerbalastronaut01_kerbalgirl_export_15_lambert20.mat
[LOG 17:49:35.871] mesh_female_kerbalastronaut01_kerbalgirl_export_15_lambert21.mat
[LOG 17:49:35.871] kbfemale_iva_mecanim.fbx
[LOG 17:49:35.871] kbiva_mecanim.fbx
[LOG 17:49:35.871] kerbalicon_eva_female_vintage.tif
[LOG 17:49:35.871] kerbalicon_eva_vintage.tif
[LOG 17:49:35.871] kerbalicon_suit_female_vintage.tif
[LOG 17:49:35.871] kerbalicon_suit_orange_female_vintage.tif
[LOG 17:49:35.871] kerbalicon_suit_orange_vintage.tif
[LOG 17:49:35.871] kerbalicon_suit_vintage.tif
[LOG 17:49:35.871] gap_celestialbody_camerasetup.prefab
[LOG 17:49:35.871] gap_celestialbody_collisionsphere.prefab
[LOG 17:49:35.871] gap_celestialbody_surfacegizmo_area.prefab
[LOG 17:49:35.871] gap_celestialbody_surfacegizmo_basic.prefab
[LOG 17:49:35.871] gap_celestialbody_surfacegizmo_icon.prefab
[LOG 17:49:35.871] gap_celestialbody_surfacegizmo_vessel.prefab
[LOG 17:49:35.871] gap_celestialbody_surfacegizmo_volume.prefab
[LOG 17:49:35.871] gap_proceduralasteroid.prefab
[LOG 17:49:35.871] gap_proceduralcomet.prefab
[LOG 17:49:35.871] gapbuttonprefab.prefab
[LOG 17:49:35.871] gapkerbal_femaleveteran.prefab
[LOG 17:49:35.872] gapkerbal_femaleveteran_vintage.prefab
[LOG 17:49:35.872] gapkerbal_male_slimsuit.prefab
[LOG 17:49:35.872] gapkerbal_maleveteran.prefab
[LOG 17:49:35.872] gapkerbal_maleveteran_vintage.prefab
[LOG 17:49:35.872] gapscrollablesidebarbutton.prefab
[LOG 17:49:35.872] gapsidebarbutton.prefab
[LOG 17:49:35.872] gaptoggleprefab.prefab
[LOG 17:49:35.872] gaputil_biselector.prefab
[LOG 17:49:35.872] gaputil_celestialbody.prefab
[LOG 17:49:35.872] vesseldisplay_camerasetup.prefab
[LOG 17:49:35.872] desert_airfield.prefab
[LOG 17:49:35.872] desert_groundobjects.prefab
[LOG 17:49:35.872] desert_launch_site.prefab
[LOG 17:49:35.872] larkes.prefab
[LOG 17:49:35.872] floor bottom.mat
[LOG 17:49:35.872] floor top.mat
[LOG 17:49:35.872] legs.mat
[LOG 17:49:35.872] ramp.mat
[LOG 17:49:35.872] stairs grid lights pivot.mat
[LOG 17:49:35.872] supports 1.mat
[LOG 17:49:35.872] supports 2.mat
[LOG 17:49:35.872] tunnels.mat
[LOG 17:49:35.872] floor bottom.dds
[LOG 17:49:35.872] floor top.dds
[LOG 17:49:35.872] floor top_normal.dds
[LOG 17:49:35.872] legs.dds
[LOG 17:49:35.872] ramp.dds
[LOG 17:49:35.872] stairs grid lights pivot.dds
[LOG 17:49:35.872] supports 1.dds
[LOG 17:49:35.872] supports 2.dds
[LOG 17:49:35.873] tunnels.dds
[LOG 17:49:35.873] diffuse.mat
[LOG 17:49:35.873] floor bottom_base_color.mat
[LOG 17:49:35.873] floor top_base_color.mat
[LOG 17:49:35.873] legs_base_color.mat
[LOG 17:49:35.873] ramp_base_color.mat
[LOG 17:49:35.873] stairs grid lights pivot_base_colormodpsd.mat
[LOG 17:49:35.873] stairs_grid_lights_pivot_base_color.mat
[LOG 17:49:35.873] supports 1_base_color.mat
[LOG 17:49:35.873] supports 2_base_color.mat
[LOG 17:49:35.873] tunnels_base_color.mat
[LOG 17:49:35.873] mobilelaunchpad_19.fbx
[LOG 17:49:35.873] pontoons.fbx
[LOG 17:49:35.873] pontoons_diffuse.dds
[LOG 17:49:35.873] ramp_normal.png
[LOG 17:49:35.873] 1001_base_color.mat
[LOG 17:49:35.873] desert groundtransition.mat
[LOG 17:49:35.873] desert groundtransition_highquality.mat
[LOG 17:49:35.873] desert groundtransition_lowquality.mat
[LOG 17:49:35.873] desert groundtransition_mediumquality.mat
[LOG 17:49:35.873] desert groundtransition_ultraquality.mat
[LOG 17:49:35.873] desert runway sand.mat
[LOG 17:49:35.873] desert runway stone.mat
[LOG 17:49:35.873] mobilelaunchpad.prefab
[LOG 17:49:35.873] woomerang_groundobjects.prefab
[LOG 17:49:35.873] woomerang_launch_site.prefab
[LOG 17:49:35.874] Scenes:
[LOG 17:49:35.874] kspMissionEditor.unity
[LOG 17:49:43.824] Assets:
[LOG 17:49:43.824] appanim_missionsapp.prefab
[LOG 17:49:43.824] cascading_body_missionheader.prefab
[LOG 17:49:43.824] cascading_body_missioninfo.prefab
[LOG 17:49:43.824] cascading_body_missionobjective.prefab
[LOG 17:49:43.824] cascading_body_missionsvesselheader.prefab
[LOG 17:49:43.824] cascading_body_missionsvesselitem.prefab
[LOG 17:49:43.824] cascading_body_settingsbutton.prefab
[LOG 17:49:43.824] cascading_body_settingstoggle.prefab
[LOG 17:49:43.824] missionsapp.prefab
[LOG 17:49:43.824] axislimitline.prefab
[LOG 17:49:43.824] controlleraction.prefab
[LOG 17:49:43.824] controlleraxis.prefab
[LOG 17:49:43.824] controllerwindow.prefab
[LOG 17:49:43.824] curvepanelpoint.prefab
[LOG 17:49:43.825] curvepanelpointaction.prefab
[LOG 17:49:43.825] axis_align_ends.png
[LOG 17:49:43.825] axis_clamp_values.png
[LOG 17:49:43.825] axis_copy.png
[LOG 17:49:43.825] axis_flip_horizontal.png
[LOG 17:49:43.825] axis_flip_vertical.png
[LOG 17:49:43.825] axis_move_down-trackrow.png
[LOG 17:49:43.825] axis_move_down.png
[LOG 17:49:43.825] axis_move_up-trackrow.png
[LOG 17:49:43.825] axis_move_up.png
[LOG 17:49:43.825] axis_paste.png
[LOG 17:49:43.825] axis_preset_flat.png
[LOG 17:49:43.825] axis_preset_sawtooth.png
[LOG 17:49:43.825] axis_preset_sine.png
[LOG 17:49:43.825] axis_preset_square.png
[LOG 17:49:43.825] axis_preset_triangle.png
[LOG 17:49:43.825] axis_select_all.png
[LOG 17:49:43.825] background_squared_inset.png
[LOG 17:49:43.825] close.png
[LOG 17:49:43.825] direction_forward.png
[LOG 17:49:43.825] direction_reverse.png
[LOG 17:49:43.825] edit.png
[LOG 17:49:43.825] fieldlimitline.png
[LOG 17:49:43.825] keyframe_add.png
[LOG 17:49:43.825] keyframe_clamp_value.png
[LOG 17:49:43.825] keyframe_delete.png
[LOG 17:49:43.825] keyframe_linear.png
[LOG 17:49:43.825] keyframe_smooth.png
[LOG 17:49:43.825] keyframe_step_backward.png
[LOG 17:49:43.826] keyframe_step_forward.png
[LOG 17:49:43.826] line.png
[LOG 17:49:43.826] line_dashed.png
[LOG 17:49:43.826] loop_pingpong.png
[LOG 17:49:43.826] loop_playonce.png
[LOG 17:49:43.826] loop_repeat.png
[LOG 17:49:43.826] node.png
[LOG 17:49:43.826] node_circle.png
[LOG 17:49:43.826] node_square.png
[LOG 17:49:43.826] pause.png
[LOG 17:49:43.826] play.png
[LOG 17:49:43.826] pointer.png
[LOG 17:49:43.826] remove-axis.png
[LOG 17:49:43.826] remove_key.png
[LOG 17:49:43.826] resize_icon.png
[LOG 17:49:43.826] sequence_resize_button_states.png
[LOG 17:49:43.826] sequence_resize_maintain.png
[LOG 17:49:43.826] sequence_resize_scale.png
[LOG 17:49:43.826] sequence_speed.png
[LOG 17:49:43.826] tracking_editor_button_states.png
[LOG 17:49:43.826] femalefuturepreview.prefab
[LOG 17:49:43.826] malefuturepreview.prefab
[LOG 17:49:43.826] kbfemale@controlpanel_a.fbx
[LOG 17:49:43.826] kbfemale@controlpanel_b.fbx
[LOG 17:49:43.826] kbfemale@controlpanel_c.fbx
[LOG 17:49:43.826] kbfemale@rocksample.fbx
[LOG 17:49:43.826] hammerfemale.fbx
[LOG 17:49:43.826] hammermale.fbx
[LOG 17:49:43.826] kbeva@controlpanel_a.fbx
[LOG 17:49:43.826] kbeva@controlpanel_b.fbx
[LOG 17:49:43.827] kbeva@controlpanel_c.fbx
[LOG 17:49:43.827] kbeva@rocksample.fbx
[LOG 17:49:43.827] kerbaleva_female_future.prefab
[LOG 17:49:43.827] kerbaleva_rd_future.prefab
[LOG 17:49:43.827] futureevabody.mat
[LOG 17:49:43.827] futureevabodyalternate.mat
[LOG 17:49:43.827] futureevajetpack.mat
[LOG 17:49:43.827] futureevalight.mat
[LOG 17:49:43.827] futurehelmet.mat
[LOG 17:49:43.827] kbevafemalefuture.prefab
[LOG 17:49:43.827] kbevafuture.prefab
[LOG 17:49:43.827] kbeva@new.fbx
[LOG 17:49:43.827] kbeva@newfem.fbx
[LOG 17:49:43.827] mevahelmetlight.fbx
[LOG 17:49:43.827] serenityfemaleeva.fbx
[LOG 17:49:43.827] serenityflares.fbx
[LOG 17:49:43.827] serenitymaleeva.fbx
[LOG 17:49:43.827] evajetpacknrm.dds
[LOG 17:49:43.827] futuresuit_diffuse_orange.dds
[LOG 17:49:43.827] futuresuit_diffuse_whiteblue.dds
[LOG 17:49:43.827] futuresuit_diffuse_whiteorange.dds
[LOG 17:49:43.827] futuresuit_emissive.dds
[LOG 17:49:43.827] futuresuit_evalight.png
[LOG 17:49:43.827] futuresuitmainnrm.dds
[LOG 17:49:43.827] ksp_ig_jetpack_diffuse.jpg
[LOG 17:49:43.827] kerbalfemalefuture.prefab
[LOG 17:49:43.827] kerbalmalefuture.prefab
[LOG 17:49:43.827] futuresuit_diffuse.mat
[LOG 17:49:43.827] serenityfemaleiva.fbx
[LOG 17:49:43.828] serenitymaleiva.fbx
[LOG 17:49:43.828] kerbalicon_eva_female_future.tif
[LOG 17:49:43.828] kerbalicon_eva_future.tif
[LOG 17:49:43.828] kerbalicon_suit_female_future.tif
[LOG 17:49:43.828] kerbalicon_suit_future.tif
[LOG 17:49:43.828] kerbalicon_suit_orange_female_future.tif
[LOG 17:49:43.828] kerbalicon_suit_orange_future.tif
[LOG 17:49:43.828] bottom_emissor.mat
[LOG 17:49:43.828] burst_emissor.mat
[LOG 17:49:43.828] burstprojectiles_emissor.mat
[LOG 17:49:43.828] constantburst_emissor.mat
[LOG 17:49:43.828] snowflakes_emissor.mat
[LOG 17:49:43.828] vapor_emissor.mat
[LOG 17:49:43.828] base_0.mat
[LOG 17:49:43.828] base_1.mat
[LOG 17:49:43.828] base_2.mat
[LOG 17:49:43.828] base_3_1.mat
[LOG 17:49:43.828] base_3_2.mat
[LOG 17:49:43.828] vapor.mat
[LOG 17:49:43.828] burst.png
[LOG 17:49:43.828] cloud2.png
[LOG 17:49:43.828] v1.png
[LOG 17:49:43.828] v2.png
[LOG 17:49:43.828] v3.png
[LOG 17:49:43.828] v5.png
[LOG 17:49:43.828] gapkerbal_female_future.prefab
[LOG 17:49:43.828] gapkerbal_male_future.prefab
[LOG 17:49:43.828] hammerfemale.prefab
[LOG 17:49:43.828] hammermale.prefab
[LOG 17:49:43.828] bopgravelpile.prefab
[LOG 17:49:43.829] bopgravelpile.fbx
[LOG 17:49:43.829] bop_gravel pile_d.mat
[LOG 17:49:43.829] lambert1.mat
[LOG 17:49:43.829] bop_gravel pile_d.png
[LOG 17:49:43.829] bop_gravel pile_d.tga
[LOG 17:49:43.829] bop_gravel pile_n.png
[LOG 17:49:43.829] bop_gravel pile_s.png
[LOG 17:49:43.829] drescrater.prefab
[LOG 17:49:43.829] dresmeteorite.prefab
[LOG 17:49:43.829] drescrater.fbx
[LOG 17:49:43.829] dresmeteorite.fbx
[LOG 17:49:43.829] dres_crater_d.mat
[LOG 17:49:43.829] dres_meteorite_d.mat
[LOG 17:49:43.829] lambert1.mat
[LOG 17:49:43.829] dres_crater_d.tga
[LOG 17:49:43.829] dres_crater_n.png
[LOG 17:49:43.829] dres_meteorite_d.tga
[LOG 17:49:43.829] dres_meteorite_n.png
[LOG 17:49:43.829] dunablueberries.prefab
[LOG 17:49:43.829] dunadune.prefab
[LOG 17:49:43.829] dunameteorite.prefab
[LOG 17:49:43.829] dunastone.prefab
[LOG 17:49:43.829] dunaasteroid.fbx
[LOG 17:49:43.829] dunablueberries.fbx
[LOG 17:49:43.829] dunadune.fbx
[LOG 17:49:43.829] dunastone.fbx
[LOG 17:49:43.829] duna_asteroid_d.mat
[LOG 17:49:43.829] duna_dune_d.mat
[LOG 17:49:43.829] duna_stone_d.mat
[LOG 17:49:43.829] dune_blueberries_d.mat
[LOG 17:49:43.830] lambert1.mat
[LOG 17:49:43.830] duna_asteroid_d.tga
[LOG 17:49:43.830] duna_asteroid_n.png
[LOG 17:49:43.830] duna_dune_d.tga
[LOG 17:49:43.830] duna_dune_n.tga
[LOG 17:49:43.830] duna_stone_d.tga
[LOG 17:49:43.830] duna_stone_n.png
[LOG 17:49:43.830] dune_blueberries_d.tga
[LOG 17:49:43.830] dune_blueberries_n.png
[LOG 17:49:43.830] eelooberg.prefab
[LOG 17:49:43.830] eeloobrownboulder.prefab
[LOG 17:49:43.830] eelooicechunk.prefab
[LOG 17:49:43.830] eelooberg.fbx
[LOG 17:49:43.830] eelooboulder.fbx
[LOG 17:49:43.830] eelooicechunk.fbx
[LOG 17:49:43.830] eeloo_alien_glacier_d.mat
[LOG 17:49:43.830] eeloo_brown_ boulder_d.mat
[LOG 17:49:43.830] eeloo_ice chunk_d.mat
[LOG 17:49:43.830] lambert1.mat
[LOG 17:49:43.830] eeloo_alien_glacier_d.tga
[LOG 17:49:43.830] eeloo_alien_glacier_e.tga
[LOG 17:49:43.830] eeloo_alien_glacier_n.png
[LOG 17:49:43.830] eeloo_brown_ boulder_d.tga
[LOG 17:49:43.830] eeloo_brown_ boulder_n.png
[LOG 17:49:43.830] eeloo_ice chunk_d.tga
[LOG 17:49:43.830] eeloo_ice chunk_e.tga
[LOG 17:49:43.830] eeloo_ice chunk_n.png
[LOG 17:49:43.830] eeloo_ice chunk_s.tga
[LOG 17:49:43.831] evebasaltformation.prefab
[LOG 17:49:43.831] evepancakedome.prefab
[LOG 17:49:43.831] evevolcanicrock.prefab
[LOG 17:49:43.831] evebasaltformation.fbx
[LOG 17:49:43.831] evepancakeformation.fbx
[LOG 17:49:43.831] evevolcanicrock.fbx
[LOG 17:49:43.831] eve basalt formation_d.mat
[LOG 17:49:43.831] eve pancake formation_d.mat
[LOG 17:49:43.831] eve volcanic rock_d.mat
[LOG 17:49:43.831] lambert1.mat
[LOG 17:49:43.831] eve basalt formation_d.tga
[LOG 17:49:43.831] eve basalt formation_n.tga
[LOG 17:49:43.831] eve pancake formation_d.tga
[LOG 17:49:43.831] eve pancake formation_e.png
[LOG 17:49:43.831] eve pancake formation_n.png
[LOG 17:49:43.831] eve volcanic rock_d.tga
[LOG 17:49:43.831] eve volcanic rock_n.png
[LOG 17:49:43.831] gillyridgeline.fbx
[LOG 17:49:43.831] gilly ridegeline_d.mat
[LOG 17:49:43.831] lambert1.mat
[LOG 17:49:43.831] gillyridgeline.prefab
[LOG 17:49:43.831] gilly ridegeline_d.tga
[LOG 17:49:43.831] gilly ridegeline_n.png
[LOG 17:49:43.831] dunaejecta.prefab
[LOG 17:49:43.831] ikedunaejecta.fbx
[LOG 17:49:43.831] ike_duna_ejecta_mat.mat
[LOG 17:49:43.831] ike duna ejecta_d.tga
[LOG 17:49:43.831] ike duna ejecta_n.png
[LOG 17:49:43.831] kerbinbaobabtree.fbx
[LOG 17:49:43.832] kerbinquartz.fbx
[LOG 17:49:43.832] baobaptree.mat
[LOG 17:49:43.832] kerbin_baobab_tree_d.mat
[LOG 17:49:43.832] kerbin_boabob_tree_d.mat
[LOG 17:49:43.832] kerbin_giant_quartz_d.mat
[LOG 17:49:43.832] lambert1.mat
[LOG 17:49:43.832] lambert2.mat
[LOG 17:49:43.832] kerbinbaobabtree.prefab
[LOG 17:49:43.832] kerbinquartz.prefab
[LOG 17:49:43.832] kerbin_baobab_tree_alpha.png
[LOG 17:49:43.832] kerbin_baobab_tree_d.tga
[LOG 17:49:43.832] kerbin_baobab_tree_n.png
[LOG 17:49:43.832] kerbin_giant_quartz_d.tga
[LOG 17:49:43.832] kerbin_giant_quartz_e.tga
[LOG 17:49:43.832] kerbin_giant_quartz_n.tga
[LOG 17:49:43.832] kerbin_giant_quartz_s.tga
[LOG 17:49:43.832] laytheboulder.fbx
[LOG 17:49:43.832] laythegeyser.fbx
[LOG 17:49:43.832] laythestone.fbx
[LOG 17:49:43.832] lambert1.mat
[LOG 17:49:43.832] laythe_boulder_d.mat
[LOG 17:49:43.832] laythe_geyser_d.mat
[LOG 17:49:43.832] laythe_stone_d.mat
[LOG 17:49:43.832] laytheboulder.prefab
[LOG 17:49:43.832] laythegeyser.prefab
[LOG 17:49:43.832] laythestone.prefab
[LOG 17:49:43.833] laythe_boulder_d.tga
[LOG 17:49:43.833] laythe_boulder_n.png
[LOG 17:49:43.833] laythe_geyser_d.tga
[LOG 17:49:43.833] laythe_geyser_n.png
[LOG 17:49:43.833] laythe_stone_d.tga
[LOG 17:49:43.833] laythe_stone_n.png
[LOG 17:49:43.833] greensandstone.fbx
[LOG 17:49:43.833] lambert1.mat
[LOG 17:49:43.833] minmus_green_sandstone_d.mat
[LOG 17:49:43.833] minmus_olivine_formation_d.mat
[LOG 17:49:43.833] minmusolivineformation.fbx
[LOG 17:49:43.833] minmus_greensandstone.prefab
[LOG 17:49:43.833] minmus_olivineformation.prefab
[LOG 17:49:43.833] minmus_green_sandstone_d.tga
[LOG 17:49:43.833] minmus_green_sandstone_n.png
[LOG 17:49:43.833] minmus_olivine_formation_d.tga
[LOG 17:49:43.833] minmus_olivine_formation_n.png
[LOG 17:49:43.833] lambert1.mat
[LOG 17:49:43.833] moho wrinkleridge_d.mat
[LOG 17:49:43.833] moho_stone_d.mat
[LOG 17:49:43.833] mohostone.fbx
[LOG 17:49:43.833] mohowrinkleridge.fbx
[LOG 17:49:43.833] mohostone.prefab
[LOG 17:49:43.833] mohowrinkleridge.prefab
[LOG 17:49:43.833] moho wrinkleridge_d.tga
[LOG 17:49:43.833] moho wrinkleridge_e.png
[LOG 17:49:43.833] moho wrinkleridge_n.png
[LOG 17:49:43.833] moho_stone_d.tga
[LOG 17:49:43.833] moho_stone_n.png
[LOG 17:49:43.833] lambert1.mat
[LOG 17:49:43.833] mun_crater_d.mat
[LOG 17:49:43.834] mun_large_crater_d.mat
[LOG 17:49:43.834] mun_stone_d.mat
[LOG 17:49:43.834] muncrater.fbx
[LOG 17:49:43.834] munlargecrater.fbx
[LOG 17:49:43.834] munstone.fbx
[LOG 17:49:43.834] muncrater.prefab
[LOG 17:49:43.834] munlargecrater.prefab
[LOG 17:49:43.834] munstone.prefab
[LOG 17:49:43.834] mun_crater_d.tga
[LOG 17:49:43.834] mun_crater_n.png
[LOG 17:49:43.834] mun_large_crater_d.tga
[LOG 17:49:43.834] mun_large_crater_n.png
[LOG 17:49:43.834] mun_stone_d.tga
[LOG 17:49:43.834] mun_stone_n.png
[LOG 17:49:43.834] lambert1.mat
[LOG 17:49:43.834] pol_yellowstone_d.mat
[LOG 17:49:43.834] polyellowstone.fbx
[LOG 17:49:43.834] pol_yellowstones.prefab
[LOG 17:49:43.834] pol_yellowstone_d.png
[LOG 17:49:43.834] pol_yellowstone_n.png
[LOG 17:49:43.834] lambert1.mat
[LOG 17:49:43.834] tylo_checkerboard_d.mat
[LOG 17:49:43.834] tylo_dark boulder_d.mat
[LOG 17:49:43.834] tylo_light_d.mat
[LOG 17:49:43.834] tyloboulder.fbx
[LOG 17:49:43.834] tylocheckerboard.fbx
[LOG 17:49:43.834] tylolightstone.fbx
[LOG 17:49:43.834] tylo_ checkerboard_n.png
[LOG 17:49:43.834] tylo_checkerboard_d.png
[LOG 17:49:43.834] tylo_dark boulder_d.tga
[LOG 17:49:43.834] tylo_dark boulder_n.png
[LOG 17:49:43.835] tylo_light_d.tga
[LOG 17:49:43.835] tylo_light_n.png
[LOG 17:49:43.835] tylocheckerboard.prefab
[LOG 17:49:43.835] tylodarkboulder.prefab
[LOG 17:49:43.835] tylolightstone.prefab
[LOG 17:49:43.835] cryovolcano_d.mat
[LOG 17:49:43.835] lambert1.mat
[LOG 17:49:43.835] vallicechunk_d.mat
[LOG 17:49:43.835] vallstone_d.mat
[LOG 17:49:43.835] vall_cryovolcano.fbx
[LOG 17:49:43.835] vall_icechunk.fbx
[LOG 17:49:43.835] vall_stone.fbx
[LOG 17:49:43.835] cryovolcano_d.tga
[LOG 17:49:43.835] cryovolcano_e.png
[LOG 17:49:43.835] cryovolcano_n.jpg
[LOG 17:49:43.835] cryovolcano_s.jpg
[LOG 17:49:43.835] vallicechunk_d.jpg
[LOG 17:49:43.835] vallicechunk_e.jpg
[LOG 17:49:43.835] vallicechunk_n.jpg
[LOG 17:49:43.835] vallicechunk_s.jpg
[LOG 17:49:43.835] vallstone_d.jpg
[LOG 17:49:43.835] vallstone_e.jpg
[LOG 17:49:43.835] vallstone_n.jpg
[LOG 17:49:43.835] vallstone_s.jpg
[LOG 17:49:43.835] vallcryovolcano.prefab
[LOG 17:49:43.835] vallicechunk.prefab
[LOG 17:49:43.835] vallstone.prefab
[LOG 17:49:43.835] vfx_spark.mat
[LOG 17:49:43.835] vfx_welding_flare.mat
[LOG 17:49:43.836] cometdustmaterial.mat
[LOG 17:49:43.836] cometgeysermat.mat
[LOG 17:49:43.843] GetTypesOfModulesImplementingInterface2: Found 69 types with IPartModuleAdjuster interface in 8 assemblies.
[LOG 17:49:43.850] GetSubclassesOfParentClass: Found 0 types with ModuleActiveRadiator parent in 8 assemblies.
[LOG 17:49:43.857] GetSubclassesOfParentClass: Found 0 types with ModuleAlternator parent in 8 assemblies.
[LOG 17:49:43.863] GetSubclassesOfParentClass: Found 1 types with ModuleControlSurface parent in 8 assemblies.
[LOG 17:49:43.869] GetSubclassesOfParentClass: Found 0 types with ModuleDataTransmitter parent in 8 assemblies.
[LOG 17:49:43.875] GetSubclassesOfParentClass: Found 0 types with ModuleDeployableSolarPanel parent in 8 assemblies.
[LOG 17:49:43.882] GetSubclassesOfParentClass: Found 1 types with ModuleEngines parent in 8 assemblies.
[LOG 17:49:43.889] GetSubclassesOfParentClass: Found 0 types with ModuleGenerator parent in 8 assemblies.
[LOG 17:49:43.896] GetSubclassesOfParentClass: Found 0 types with ModuleGimbal parent in 8 assemblies.
[LOG 17:49:43.902] GetSubclassesOfParentClass: Found 2 types with ModuleLiftingSurface parent in 8 assemblies.
[LOG 17:49:43.908] GetSubclassesOfParentClass: Found 0 types with ModuleLight parent in 8 assemblies.
[LOG 17:49:43.913] GetSubclassesOfParentClass: Found 0 types with ModuleReactionWheel parent in 8 assemblies.
[LOG 17:49:43.919] GetSubclassesOfParentClass: Found 0 types with ModuleSAS parent in 8 assemblies.
[LOG 17:49:43.925] GetSubclassesOfParentClass: Found 0 types with ModuleWheelBrakes parent in 8 assemblies.
[LOG 17:49:43.931] GetSubclassesOfParentClass: Found 1 types with ModuleWheelMotor parent in 8 assemblies.
[LOG 17:49:43.931] GetSubclassesOfParentClass: Using cached results for ModuleActiveRadiator
[LOG 17:49:43.937] GetSubclassesOfParentClass: Found 0 types with ModuleAnchoredDecoupler parent in 8 assemblies.
[LOG 17:49:43.944] GetSubclassesOfParentClass: Found 0 types with ModuleCargoBay parent in 8 assemblies.
[LOG 17:49:43.944] GetSubclassesOfParentClass: Using cached results for ModuleControlSurface
[LOG 17:49:43.944] GetSubclassesOfParentClass: Using cached results for ModuleDataTransmitter
[LOG 17:49:43.950] GetSubclassesOfParentClass: Found 0 types with ModuleDecouple parent in 8 assemblies.
[LOG 17:49:43.957] GetSubclassesOfParentClass: Found 4 types with ModuleDeployablePart parent in 8 assemblies.
[LOG 17:49:43.963] GetSubclassesOfParentClass: Found 0 types with ModuleDockingNode parent in 8 assemblies.
[LOG 17:49:43.963] GetSubclassesOfParentClass: Using cached results for ModuleEngines
[LOG 17:49:43.969] GetSubclassesOfParentClass: Found 0 types with CModuleFuelLine parent in 8 assemblies.
[LOG 17:49:43.974] GetSubclassesOfParentClass: Found 0 types with ModuleGPS parent in 8 assemblies.
[LOG 17:49:43.980] GetSubclassesOfParentClass: Found 0 types with ModuleGrappleNode parent in 8 assemblies.
[LOG 17:49:43.980] GetSubclassesOfParentClass: Using cached results for ModuleGrappleNode
[LOG 17:49:43.986] GetSubclassesOfParentClass: Found 0 types with ModuleKerbNetAccess parent in 8 assemblies.
[LOG 17:49:43.986] GetSubclassesOfParentClass: Using cached results for ModuleLight
[LOG 17:49:43.986] GetSubclassesOfParentClass: Using cached results for ModuleLight
[LOG 17:49:43.992] GetSubclassesOfParentClass: Found 0 types with ModuleProbeControlPoint parent in 8 assemblies.
[LOG 17:49:43.998] GetSubclassesOfParentClass: Found 1 types with ModuleRCS parent in 8 assemblies.
[LOG 17:49:43.998] GetSubclassesOfParentClass: Using cached results for ModuleRCS
[LOG 17:49:43.998] GetSubclassesOfParentClass: Using cached results for ModuleReactionWheel
[LOG 17:49:43.998] GetSubclassesOfParentClass: Using cached results for ModuleReactionWheel
[LOG 17:49:44.004] GetSubclassesOfParentClass: Found 0 types with ModuleResourceIntake parent in 8 assemblies.
[LOG 17:49:44.010] GetSubclassesOfParentClass: Found 0 types with ModuleScienceExperiment parent in 8 assemblies.
[LOG 17:49:44.016] GetSubclassesOfParentClass: Found 0 types with ModuleToggleCrossfeed parent in 8 assemblies.
[LOG 17:49:44.021] GetSubclassesOfParentClass: Found 0 types with ModuleWheelDeployment parent in 8 assemblies.
[LOG 17:49:44.044] ExpansionsLoader: Expansions loaded in 8.608s
[LOG 17:49:44.044] Loading Systems: Elapsed time is 25.08899s
[LOG 17:49:47.372] [AddonLoader]: Instantiating addon 'KSPCFFastLoaderPSystemSetup' from assembly 'KSPCommunityFixes'
[LOG 17:49:47.686] [Agent]: Found 19 agent mentality types
[LOG 17:49:47.688] [AgentList]: 31 agents parsed and loaded.
[LOG 17:49:47.724] [UIMasterController]: HideUI
[LOG 17:49:47.810] [CelestialBody]: Kerbin's solar day length is 1d, 0h, 0m long. sidereal day length is 5h, 59m, 9s long
[LOG 17:49:53.531] [UIMasterController]: HideUI
[LOG 17:49:53.538] [HighLogic]: =========================== Scene Change : From LOADING to MAINMENU =====================
[LOG 17:49:54.101] [AddonLoader]: Instantiating addon 'ContractDefs' from assembly 'KSP'
[LOG 17:49:54.128] [AddonLoader]: Instantiating addon 'KSPCFFastLoaderReport' from assembly 'KSPCommunityFixes'
[LOG 17:49:54.156] [UIMasterController]: ShowUI
[LOG 17:49:54.414] [GameParameters]: Loaded custom parameter class CommNetParams.
[LOG 17:49:54.415] [GameParameters]: Loaded custom parameter class MissionParamsGeneral.
[LOG 17:49:54.415] [GameParameters]: Loaded custom parameter class MissionParamsFacilities.
[LOG 17:49:54.415] [GameParameters]: Loaded custom parameter class MissionParamsExtras.
[LOG 17:49:54.415] [GameParameters]: Loaded custom parameter class AdvancedParams.
[LOG 17:49:54.435] [ReflectionUtil]: Found 40 types with UpgradeModule attribute in 8 assemblies.
[LOG 17:49:54.453] [KSPCF:FastLoader] Intel(R) Core(TM) i7-4790K CPU @ 4.00GHz | 32687 MB | NVIDIA GeForce GTX 1060 6GB (6029 MB)
Total loading time to main menu : 38.999s
- Configs and assemblies loaded in 5.165s
- Configs reload done in 1.110s
- Configs translated in 0.019s
- 2337 assets loaded in 3.357s :
  - 86 audio assets (79.689 MiB) in 0.619s, 128.748 MiB/s
  - 1624 texture assets (1.293 GiB) in 2.217s, 597.382 MiB/s
  - 626 model assets (64.41 MiB) in 0.518s, 124.258 MiB/s
- Asset bundles loaded in 0.480s
- GameDatabase (configs, resources, traits, upgrades...) loaded in 0.065s
- Built-in parts copied in 0.021s
- Part and internal configs extracted in 0.001s
- 483 parts and 1927 modules compiled in 7.140s
  - 4.0 modules/part, 14.783 ms/part, 3.705 ms/module
  - PartIcon compilation : 1.101s
- 27 internal spaces and 56 props compiled in 0.229s
- 2 DLC (Making History, Breaking Ground) loaded in 8.659s
- Planetary system loaded in 7.492s
[LOG 17:49:54.453] Texture queries : 1709, slow path : 1 (0.06 %)
[LOG 17:49:54.458] [ModuleManager] Total loading Time = 34.119s
[LOG 17:49:54.494] [ScenarioTypes]: List Created 23 scenario types loaded from 8 loaded assemblies.
[WRN 17:49:54.503] File 'D:/KSP-Dev/KSP_x64_Data/../Missions/MissionScoreInfo.cfg' does not exist
[LOG 17:49:54.506] [ApplicationLauncher] Awake False
[LOG 17:49:54.506] [ApplicationLauncher] SpawnSimpleLayout: VerticalTopDown
[LOG 17:49:54.520] [UiApp] Awake: 
[LOG 17:49:54.521] [ApplicationLauncher] OnSceneLoadedGUIReady: scene MAINMENU ShouldBeVisible() True ShouldBeOnTop() True iIsPositionedAtTop True
[LOG 17:49:54.543] [UIApp] Adding  to Application Launcher
[LOG 17:49:54.546] [ApplicationLauncher] SetHidden: 
[LOG 17:49:54.552] [MessageSystem] OnAppInitialized
[LOG 17:49:54.552] [MessageSystem] Reposition 0.0408539 15405
[LOG 17:49:55.879] [UIMasterController]: HideUI
[LOG 17:49:55.881] [HighLogic]: =========================== Scene Change : From MAINMENU to SETTINGS =====================
[WRN 17:49:55.982] The referenced script on this Behaviour (Game Object 'Screen') is missing!
[LOG 17:49:56.121] UICanvasPrefabSpawner SettingsSpawner spawning Settings
[LOG 17:49:56.211] [UIMasterController]: ShowUI
[LOG 17:49:56.515] [AccessorBase] Create GameSettings  FLT_VESSEL_LABELS
[LOG 17:49:56.516] [AccessorBase] Create GameSettings  SHOW_SPACE_CENTER_CREW
[LOG 17:49:56.516] [AccessorBase] Create GameSettings  KERBIN_TIME
[LOG 17:49:56.516] [AccessorBase] Create GameSettings  SHOW_DEADLINES_AS_DATES
[LOG 17:49:56.516] [AccessorBase] Create GameSettings  TEMPERATURE_GAUGES_MODE
[LOG 17:49:56.516] [AccessorBase] Create GameSettings  TEMPERATURE_GAUGES_MODE
[LOG 17:49:56.516] [AccessorBase] Create GameSettings  CAMERA_DOUBLECLICK_MOUSELOOK
[LOG 17:49:56.516] [AccessorBase] Create GameSettings  EVA_ROTATE_ON_MOVE
[LOG 17:49:56.516] [AccessorBase] Create GameSettings  IVA_RETAIN_CONTROL_POINT
[LOG 17:49:56.518] [AccessorBase] Create GameSettings  UI_SCALE
[LOG 17:49:56.519] [AccessorBase] Create GameSettings  CAMERA_FX_EXTERNAL
[LOG 17:49:56.519] [AccessorBase] Create GameSettings  CAMERA_FX_INTERNAL
[LOG 17:49:56.519] [AccessorBase] Create GameSettings  ADVANCED_TWEAKABLES
[LOG 17:49:56.519] [AccessorBase] Create GameSettings  PRELAUNCH_DEFAULT_THROTTLE
[LOG 17:49:56.519] [AccessorBase] Create GameSettings  AUTOHIDE_NAVBALL
[LOG 17:49:56.519] [AccessorBase] Create GameSettings  EXTENDED_BURNTIME
[LOG 17:49:56.519] [AccessorBase] Create GameSettings  KERBNET_ALIGNS_WITH_ORBIT
[LOG 17:49:56.519] [AccessorBase] Create GameSettings  ADVANCED_MESSAGESAPP
[LOG 17:49:56.520] [AccessorBase] Create GameSettings  NAVIGATION_GHOSTING
[LOG 17:49:56.520] [AccessorBase] Create GameSettings  EVA_DEFAULT_HELMET_ON
[LOG 17:49:56.520] [AccessorBase] Create GameSettings  EVA_DEFAULT_NECKRING_ON
[LOG 17:49:56.520] [AccessorBase] Create GameSettings  EVA_LADDER_CHECK_END
[LOG 17:49:56.520] [AccessorBase] Create GameSettings  SHOW_EXIT_TO_MENU_CONFIRMATION
[LOG 17:49:56.520] [AccessorBase] Create GameSettings  SHOW_WRONG_VESSEL_TYPE_CONFIRMATION
[LOG 17:49:56.520] [AccessorBase] Create GameSettings  SHOW_DELETE_ALARM_CONFIRMATION
[LOG 17:49:56.520] [AccessorBase] Create GameSettings  SIMULATE_IN_BACKGROUND
[LOG 17:49:56.520] [AccessorBase] Create GameSettings  dontShowLauncher
[LOG 17:49:56.520] [AccessorBase] Create GameSettings  SHOW_VERSION_WATERMARK
[LOG 17:49:56.520] [AccessorBase] Create GameSettings  SHOW_ANALYTICS_DIALOG
[LOG 17:49:56.521] [AccessorBase] Create GameSettings  MAX_VESSELS_BUDGET
[LOG 17:49:56.521] [AccessorBase] Create GameSettings  DECLUTTER_KSC
[LOG 17:49:56.522] [AccessorBase] Create GameSettings  PHYSICS_FRAME_DT_LIMIT
[LOG 17:49:56.522] [AccessorBase] Create GameSettings  ORBIT_DRIFT_COMPENSATION
[LOG 17:49:56.522] [AccessorBase] Create GameSettings  PHYSICS_EASE
[LOG 17:49:56.522] [AccessorBase] Create GameSettings  VERBOSE_DEBUG_LOG
[LOG 17:49:56.522] [AccessorBase] Create GameSettings  MISSION_GAP_CAMERA_VAB_CONTROLS
[LOG 17:49:56.522] [AccessorBase] Create GameSettings  MISSION_MINIMUM_CANVAS_ZOOM
[LOG 17:49:56.564] [GenericAppFrame] Reposition 0 15837
[LOG 17:49:56.565] [ApplicationLauncher] OnSceneLoadedGUIReady: scene SETTINGS ShouldBeVisible() False ShouldBeOnTop() False iIsPositionedAtTop True
[LOG 17:49:58.308] [AccessorBase] Create GameSettings  PLANET_SCATTER
[LOG 17:49:58.308] [AccessorBase] Create GameSettings  PLANET_SCATTER_FACTOR
[LOG 17:49:58.309] [AccessorBase] Create GameSettings  
[LOG 17:49:58.311] [AccessorBase] Create GameSettings  FULLSCREEN
[LOG 17:49:58.311] [AccessorBase] Create GameSettings  ANTI_ALIASING
[LOG 17:49:58.311] [AccessorBase] Create GameSettings  SYNC_VBL
[LOG 17:49:58.311] [AccessorBase] Create GameSettings  FRAMERATE_LIMIT
[LOG 17:49:58.311] [AccessorBase] Create GameSettings  LIGHT_QUALITY
[LOG 17:49:58.312] [AccessorBase] Create GameSettings  SHADOWS_QUALITY
[LOG 17:49:58.313] [AccessorBase] Create GameSettings  AMBIENTLIGHT_BOOSTFACTOR
[LOG 17:49:58.313] [AccessorBase] Create GameSettings  AMBIENTLIGHT_BOOSTFACTOR_MAPONLY
[LOG 17:49:58.313] [AccessorBase] Create GameSettings  AMBIENTLIGHT_BOOSTFACTOR_EDITONLY
[LOG 17:49:58.313] [AccessorBase] Create GameSettings  QUALITY_PRESET
[LOG 17:49:58.313] [AccessorBase] Create GameSettings  TEXTURE_QUALITY
[LOG 17:49:58.313] [AccessorBase] Create GameSettings  AERO_FX_QUALITY
[LOG 17:49:58.313] [AccessorBase] Create GameSettings  REFLECTION_PROBE_REFRESH_MODE
[LOG 17:49:58.313] [AccessorBase] Create GameSettings  REFLECTION_PROBE_TEXTURE_RESOLUTION
[LOG 17:49:58.314] [AccessorBase] Create GameSettings  TERRAIN_SHADER_QUALITY
[LOG 17:49:58.314] [AccessorBase] Create GameSettings  
[LOG 17:49:58.314] [AccessorBase] Create GameSettings  SURFACE_FX
[LOG 17:49:58.314] [AccessorBase] Create GameSettings  FALLBACK_UNDERWATER_MODE
[LOG 17:49:58.319] [AccessorBase] Create GameSettings  HIGHLIGHT_FX
[LOG 17:49:58.319] [AccessorBase] Create GameSettings  CONIC_PATCH_DRAW_MODE
[LOG 17:49:58.320] [AccessorBase] Create GameSettings  CONIC_PATCH_LIMIT
[LOG 17:49:58.320] [AccessorBase] Create GameSettings  ORBIT_FADE_STRENGTH
[LOG 17:49:58.320] [AccessorBase] Create GameSettings  ORBIT_FADE_DIRECTION_INV
[LOG 17:49:58.320] [AccessorBase] Create GameSettings  ALWAYS_SHOW_TARGET_APPROACH_MARKERS
[LOG 17:49:58.321] [AccessorBase] Create GameSettings  COMMNET_LOWCOLOR_BRIGHTNESSFACTOR
[LOG 17:49:58.321] [AccessorBase] Create GameSettings  PART_HIGHLIGHTER_BRIGHTNESSFACTOR
[LOG 17:49:58.321] [AccessorBase] Create GameSettings  INFLIGHT_HIGHLIGHT
[LOG 17:49:58.321] [AccessorBase] Create GameSettings  CELESTIAL_BODIES_CAST_SHADOWS
[LOG 17:50:05.725] Launcher here(in write): False
[LOG 17:50:05.733] [UIMasterController]: HideUI
[LOG 17:50:05.736] [HighLogic]: =========================== Scene Change : From SETTINGS to MAINMENU =====================
[LOG 17:50:06.302] [UIMasterController]: ShowUI
[LOG 17:50:06.564] [MessageSystem] Reposition 0 27406
[LOG 17:50:06.564] [GenericAppFrame] Reposition 0 27406
[LOG 17:50:06.564] [GenericAppFrame] Reposition 0 27406
[LOG 17:50:06.593] [ScenarioTypes]: List Created 23 scenario types loaded from 8 loaded assemblies.
[WRN 17:50:06.598] File 'D:/KSP-Dev/KSP_x64_Data/../Missions/MissionScoreInfo.cfg' does not exist
[LOG 17:50:06.598] [ApplicationLauncher] OnSceneLoadedGUIReady: scene MAINMENU ShouldBeVisible() True ShouldBeOnTop() True iIsPositionedAtTop True
[LOG 17:50:06.603] [MessageSystem] Reposition 0.02 27408
[LOG 17:50:06.603] [GenericAppFrame] Reposition 0.02 27408
[LOG 17:50:06.603] [GenericAppFrame] Reposition 0.02 27408
[LOG 17:50:11.294] [KSPUpgradePipeline]: claude (1.12.5) is up to date.
[LOG 17:50:11.303] [ExperienceSystem]: Found 0 trait types
[LOG 17:50:11.309] [ExperienceSystem]: Found 20 effect types
[LOG 17:50:11.341] [ScenarioTypes]: List Created 23 scenario types loaded from 8 loaded assemblies.
[LOG 17:50:11.359] Game State Saved to saves/claude/persistent
[LOG 17:50:11.368] [MessageSystem] Load Messages
[LOG 17:50:11.370] [UIMasterController]: HideUI
[LOG 17:50:11.371] [HighLogic]: =========================== Scene Change : From MAINMENU to SPACECENTER =====================
[LOG 17:50:11.760] [AddonLoader]: Instantiating addon 'CustomConfigsManager' from assembly 'ModuleManager'
[LOG 17:50:14.668] [UIMasterController]: ShowUI
[LOG 17:50:14.962] [SceneLoadSpeedBoost] Save loaded from disk in 1ms
[LOG 17:50:14.975] GetSubclassesOfParentClass: Found 7 types with AlarmTypeBase parent in 8 assemblies.
[LOG 17:50:14.984] Loading Depletion Nodes
[LOG 17:50:14.984] DepNodeCount:  0
[LOG 17:50:14.985] Loading Biome Nodes
[LOG 17:50:14.985] BiomeNodeCount:  0
[LOG 17:50:14.985] Loading Planet Nodes
[LOG 17:50:14.985] PlanetNodeCount:  0
[LOG 17:50:15.003] [ScenarioDestructibles]: Loading... 0 objects registered
[LOG 17:50:15.125] [UiApp] Awake: KSPedia
[LOG 17:50:15.125] [UiApp] Awake: Missions App
[LOG 17:50:15.125] [UiApp] Awake: AlarmClock
[LOG 17:50:15.125] [ApplicationLauncher] OnSceneLoadedGUIReady: scene SPACECENTER ShouldBeVisible() True ShouldBeOnTop() False iIsPositionedAtTop True
[LOG 17:50:15.125] [ApplicationLauncher] SpawnSimpleLayout: HorizontalRightLeft
[LOG 17:50:15.128] [ApplicationLauncher] SetVisible: 
[LOG 17:50:15.178] [UIApp] OnDestroy: Contracts
[LOG 17:50:15.185] [MessageSystem] Reposition 0.02 29871
[LOG 17:50:15.186] [GenericAppFrame] Reposition 0.02 29871
[LOG 17:50:15.186] [GenericAppFrame] Reposition 0.02 29871
[LOG 17:50:15.328] [UIApp] Adding AlarmClock to Application Launcher
[LOG 17:50:15.330] [UIApp] Adding Missions App to Application Launcher
[LOG 17:50:15.358] [GenericAppFrame] Reposition 0.1016244 29877
[LOG 17:50:15.363] [MissionsApp] OnAppStarted(): id: -389892
[LOG 17:50:15.363] MissionsApp does not execute in this game mode, destroying this instance
[LOG 17:50:15.363] [UIApp] OnDestroy: Missions App
[LOG 17:50:15.376] [UIApp] Adding KSPedia to Application Launcher
[LOG 17:50:18.847] [VesselRecovery]: Vaisseau sans nom recovered À Piste de décollage. Recovery Value: 100.0% 
[LOG 17:50:18.848] Crewmember Valentina Kerman is available again
[LOG 17:50:18.856] Vessel Vaisseau sans nom recovered
[LOG 17:50:18.858] Flight State Captured
[LOG 17:50:18.862] Saving Achievements Tree...
[LOG 17:50:18.862] Saving Achievements Tree...
[LOG 17:50:18.866] [MessageSystem] Save Messages
[LOG 17:50:19.477] Game State Saved to saves/claude/persistent
[LOG 17:50:21.992] Flight State Captured
[LOG 17:50:21.992] Saving Achievements Tree...
[LOG 17:50:21.992] Saving Achievements Tree...
[LOG 17:50:21.992] [MessageSystem] Save Messages
[LOG 17:50:22.003] Game State Saved to saves/claude/persistent
[LOG 17:50:22.013] [UIMasterController]: HideUI
[LOG 17:50:22.021] [HighLogic]: =========================== Scene Change : From SPACECENTER to TRACKSTATION =====================
[LOG 17:50:22.278] [UIApp] OnDestroy: KSPedia
[LOG 17:50:22.279] [UIApp] OnDestroy: AlarmClock
[LOG 17:50:22.284] [KSPCF:MemoryLeaks] Removed a onPlanetariumTargetChange callback owned by a destroyed Assembly-CSharp:CommNetVessel instance
[LOG 17:50:22.290] [KSPCF:MemoryLeaks] Removed a OnDestructibleLoaded callback owned by a destroyed Assembly-CSharp:RunwayCollisionHandler instance
[LOG 17:50:22.294] [KSPCF:MemoryLeaks] Leaving scene "SpaceCenter", cleaned 6 memory leaks in 0.014s. GameEvents callbacks : 344. Allocated memory : 661.855 MiB (managed heap), 2.174 GiB (unmanaged)
[LOG 17:50:22.303] UICanvasPrefabSpawner TrackingStationSpawner spawning TrackingStation
[LOG 17:50:22.406] [PlanetariumCamera]: Focus: Kerbin
[LOG 17:50:22.407] [UIMasterController]: ShowUI
[LOG 17:50:22.680] [SceneLoadSpeedBoost] Save loaded from cache in 0ms
[LOG 17:50:22.682] GetSubclassesOfParentClass: Using cached results for AlarmTypeBase
[LOG 17:50:22.682] Loading Depletion Nodes
[LOG 17:50:22.682] DepNodeCount:  0
[LOG 17:50:22.683] Loading Biome Nodes
[LOG 17:50:22.683] BiomeNodeCount:  0
[LOG 17:50:22.683] Loading Planet Nodes
[LOG 17:50:22.683] PlanetNodeCount:  0
[LOG 17:50:22.685] [ScenarioDestructibles]: Loading... 0 objects registered
[LOG 17:50:22.726] [PlanetariumCamera]: Focus: Kerbin
[LOG 17:50:22.822] [UiApp] Awake: KSPedia
[LOG 17:50:22.822] [UiApp] Awake: Missions App
[LOG 17:50:22.822] [UiApp] Awake: AlarmClock
[LOG 17:50:22.822] [ApplicationLauncher] OnSceneLoadedGUIReady: scene TRACKSTATION ShouldBeVisible() True ShouldBeOnTop() False iIsPositionedAtTop False
[LOG 17:50:22.824] [KnowledgeBase] OnAppLauncherReady 31064
[LOG 17:50:22.832] [UIApp] OnDestroy: Contracts
[LOG 17:50:22.839] [MessageSystem] Reposition 0.02 31065
[LOG 17:50:22.839] [GenericAppFrame] Reposition 0.02 31065
[LOG 17:50:22.839] [GenericAppFrame] Reposition 0.02 31065
[LOG 17:50:22.854] [PlanetariumCamera]: Focus: Kerbin
[LOG 17:50:22.992] [UIApp] Adding AlarmClock to Application Launcher
[LOG 17:50:22.993] [UIApp] Adding Missions App to Application Launcher
[LOG 17:50:23.013] [GenericAppFrame] Reposition 0.1178071 31071
[LOG 17:50:23.016] [MissionsApp] OnAppStarted(): id: -399806
[LOG 17:50:23.016] MissionsApp does not execute in this game mode, destroying this instance
[LOG 17:50:23.016] [UIApp] OnDestroy: Missions App
[LOG 17:50:23.032] [UIApp] Adding KSPedia to Application Launcher
[LOG 17:50:24.500] Flight State Captured
[LOG 17:50:24.500] Saving Achievements Tree...
[LOG 17:50:24.500] Saving Achievements Tree...
[LOG 17:50:24.501] [MessageSystem] Save Messages
[LOG 17:50:24.512] Game State Saved to saves/claude/persistent
[LOG 17:50:25.214] [Tracking Station]: SetVessel(Vaisseau sans nom)
[LOG 17:50:25.215] [PlanetariumCamera]: Focus: Vaisseau sans nom
[LOG 17:50:27.932] [Tracking Station]: SetVessel(null)
[LOG 17:50:27.933] [PlanetariumCamera]: Focus: Kerbin
[LOG 17:50:27.940] [Progress Node Reached]: FirstCrewToSurvive
[LOG 17:50:27.941] [Progress Node Complete]: FirstCrewToSurvive
[LOG 17:50:27.944] [VesselRecovery]: Vaisseau sans nom recovered 7.8 km du CSK. Recovery Value: 97.6% 
[LOG 17:50:27.944] Crewmember Jebediah Kerman is available again
[LOG 17:50:27.947] Flight State Captured
[LOG 17:50:27.947] Saving Achievements Tree...
[LOG 17:50:27.947] Saving Achievements Tree...
[LOG 17:50:27.948] [MessageSystem] Save Messages
[LOG 17:50:27.958] Game State Saved to saves/claude/persistent
[LOG 17:50:29.594] Flight State Captured
[LOG 17:50:29.594] Saving Achievements Tree...
[LOG 17:50:29.594] Saving Achievements Tree...
[LOG 17:50:29.594] [MessageSystem] Save Messages
[LOG 17:50:29.604] Game State Saved to saves/claude/persistent
[LOG 17:50:29.613] [Tracking Station]: SetVessel(null)
[LOG 17:50:29.613] [PlanetariumCamera]: Focus: Kerbin
[LOG 17:50:29.619] [UIMasterController]: HideUI
[LOG 17:50:29.704] [HighLogic]: =========================== Scene Change : From TRACKSTATION to SPACECENTER =====================
[LOG 17:50:29.961] KbApp.OnDestroy Planet Resources
[LOG 17:50:29.961] [UIApp] OnDestroy: KSPedia
[LOG 17:50:29.961] KbApp.OnDestroy Unowned Info
[LOG 17:50:29.961] KbApp.OnDestroy NullName
[LOG 17:50:29.961] KbApp.OnDestroy Planet Info
[LOG 17:50:29.962] KbApp.OnDestroy Planet Parameters
[LOG 17:50:29.962] KbApp.OnDestroy Vessel Info
[LOG 17:50:29.962] [UIApp] OnDestroy: AlarmClock
[LOG 17:50:29.962] KbApp.OnDestroy Vessel Crew
[LOG 17:50:29.964] [KSPCF:MemoryLeaks] Removed a onPlanetariumTargetChange callback owned by a destroyed Assembly-CSharp:OverlayGenerator instance
[LOG 17:50:29.964] [KSPCF:MemoryLeaks] Removed a onGameStateLoad callback owned by a destroyed Assembly-CSharp:OverlayGenerator instance
[LOG 17:50:29.965] [KSPCF:MemoryLeaks] Removed a MapView.OnEnterMapView callback owned by a destroyed Assembly-CSharp:OverlayGenerator instance
[LOG 17:50:29.965] [KSPCF:MemoryLeaks] Removed a MapView.OnExitMapView callback owned by a destroyed Assembly-CSharp:OverlayGenerator instance
[LOG 17:50:29.965] [KSPCF:MemoryLeaks] Removed a TimingManager.Instance.timing5.onLateUpdate callback owned by a destroyed Assembly-CSharp:MapView instance
[LOG 17:50:29.965] [KSPCF:MemoryLeaks] Leaving scene "TrackingStation", cleaned 9 memory leaks in 0.002s. GameEvents callbacks : 482. Allocated memory : 659.441 MiB (managed heap), 2.171 GiB (unmanaged)
[LOG 17:50:30.065] [AddonLoader]: Instantiating addon 'CustomConfigsManager' from assembly 'ModuleManager'
[LOG 17:50:31.420] [UIMasterController]: ShowUI
[LOG 17:50:31.713] [SceneLoadSpeedBoost] Save loaded from cache in 0ms
[LOG 17:50:31.715] GetSubclassesOfParentClass: Using cached results for AlarmTypeBase
[LOG 17:50:31.716] Loading Depletion Nodes
[LOG 17:50:31.716] DepNodeCount:  0
[LOG 17:50:31.716] Loading Biome Nodes
[LOG 17:50:31.716] BiomeNodeCount:  0
[LOG 17:50:31.716] Loading Planet Nodes
[LOG 17:50:31.716] PlanetNodeCount:  0
[LOG 17:50:31.717] [ScenarioDestructibles]: Loading... 0 objects registered
[LOG 17:50:31.744] Flight State Captured
[LOG 17:50:31.744] Saving Achievements Tree...
[LOG 17:50:31.744] Saving Achievements Tree...
[LOG 17:50:31.745] [MessageSystem] Save Messages
[LOG 17:50:31.756] Game State Saved to saves/claude/persistent
[LOG 17:50:31.776] [UiApp] Awake: KSPedia
[LOG 17:50:31.776] [UiApp] Awake: Missions App
[LOG 17:50:31.776] [UiApp] Awake: AlarmClock
[LOG 17:50:31.776] [ApplicationLauncher] OnSceneLoadedGUIReady: scene SPACECENTER ShouldBeVisible() True ShouldBeOnTop() False iIsPositionedAtTop False
[LOG 17:50:32.085] [UIApp] OnDestroy: Contracts
[LOG 17:50:32.090] [MessageSystem] Reposition 0.02 32836
[LOG 17:50:32.090] [GenericAppFrame] Reposition 0.02 32836
[LOG 17:50:32.090] [GenericAppFrame] Reposition 0.02 32836
[LOG 17:50:32.636] [UIApp] Adding AlarmClock to Application Launcher
[LOG 17:50:32.637] [UIApp] Adding Missions App to Application Launcher
[LOG 17:50:32.737] [GenericAppFrame] Reposition 0.26 32842
[LOG 17:50:32.740] [MissionsApp] OnAppStarted(): id: -421920
[LOG 17:50:32.740] MissionsApp does not execute in this game mode, destroying this instance
[LOG 17:50:32.740] [UIApp] OnDestroy: Missions App
[LOG 17:50:32.911] [UIApp] Adding KSPedia to Application Launcher
[LOG 17:50:34.759] Flight State Captured
[LOG 17:50:34.759] Saving Achievements Tree...
[LOG 17:50:34.759] Saving Achievements Tree...
[LOG 17:50:34.759] [MessageSystem] Save Messages
[LOG 17:50:34.770] Game State Saved to saves/claude/persistent
[LOG 17:50:34.777] Going to Hangar! CachedShipType: None
[LOG 17:50:34.778] [UIMasterController]: HideUI
[LOG 17:50:34.781] [HighLogic]: =========================== Scene Change : From SPACECENTER to EDITOR =====================
[LOG 17:50:35.005] [UIApp] OnDestroy: AlarmClock
[LOG 17:50:35.006] [UIApp] OnDestroy: KSPedia
[LOG 17:50:35.008] [KSPCF:MemoryLeaks] Removed a OnDestructibleLoaded callback owned by a destroyed Assembly-CSharp:RunwayCollisionHandler instance
[LOG 17:50:35.008] [KSPCF:MemoryLeaks] Leaving scene "SpaceCenter", cleaned 5 memory leaks in 0.002s. GameEvents callbacks : 344. Allocated memory : 685.492 MiB (managed heap), 2.181 GiB (unmanaged)
[LOG 17:50:35.018] UICanvasPrefabSpawner SceneLogic spawning Editor
[LOG 17:50:35.045] Aucun verrouillage commandes en cours
[LOG 17:50:35.153] [UIMasterController]: ShowUI
[LOG 17:50:35.526] [UIMasterController]: ShowUI
[LOG 17:50:35.657] [UIMasterController]: ShowUI
[LOG 17:50:35.668] ------------------- initializing editor mode... ------------------
[LOG 17:50:35.668] editor started
[LOG 17:50:35.669] [SceneLoadSpeedBoost] Save loaded from cache in 0ms
[LOG 17:50:35.671] GetSubclassesOfParentClass: Using cached results for AlarmTypeBase
[LOG 17:50:35.671] Loading Depletion Nodes
[LOG 17:50:35.671] DepNodeCount:  0
[LOG 17:50:35.671] Loading Biome Nodes
[LOG 17:50:35.671] BiomeNodeCount:  0
[LOG 17:50:35.671] Loading Planet Nodes
[LOG 17:50:35.672] PlanetNodeCount:  0
[LOG 17:50:35.673] [ScenarioDestructibles]: Loading... 0 objects registered
[WRN 17:50:35.917] HighlightingSystem : Framebuffer depth data is not available and can't be used to occlude highlighting. Highlighting occluders enabled.
[LOG 17:50:35.958] [UiApp] Awake: EngineersReport
[LOG 17:50:35.958] [UiApp] Awake: KSPedia
[LOG 17:50:35.958] [UiApp] Awake: Missions App
[LOG 17:50:35.958] [UiApp] Awake: DeltaVApp
[LOG 17:50:35.958] [UiApp] Awake: ActionGroupsApp
[LOG 17:50:35.958] [UiApp] Awake: AlarmClock
[LOG 17:50:35.958] [ApplicationLauncher] OnSceneLoadedGUIReady: scene EDITOR ShouldBeVisible() True ShouldBeOnTop() False iIsPositionedAtTop False
[LOG 17:50:35.966] [UIApp] OnDestroy: Contracts
[LOG 17:50:35.979] [MessageSystem] Reposition 0.02 33039
[LOG 17:50:35.979] [GenericAppFrame] Reposition 0.02 33039
[LOG 17:50:35.979] [GenericAppFrame] Reposition 0.02 33039
[LOG 17:50:36.045] [UIApp] Adding AlarmClock to Application Launcher
[LOG 17:50:36.046] [UIApp] Adding ActionGroupsApp to Application Launcher
[LOG 17:50:36.047] [ApplicationLauncher] SetHidden: 
[LOG 17:50:36.048] [UIApp] Adding Missions App to Application Launcher
[LOG 17:50:36.049] [UIApp] Adding EngineersReport to Application Launcher
[LOG 17:50:36.071] [GenericAppFrame] Reposition 0.102775 33045
[LOG 17:50:36.074] [ActionGroupsApp] OnAppStarted(): id: -449956
[LOG 17:50:36.075] [GenericAppFrame] Reposition 0.102775 33045
[LOG 17:50:36.076] [UIApp] Adding DeltaVApp to Application Launcher
[LOG 17:50:36.077] [MissionsApp] OnAppStarted(): id: -449944
[LOG 17:50:36.077] MissionsApp does not execute in this game mode, destroying this instance
[LOG 17:50:36.077] [UIApp] OnDestroy: Missions App
[LOG 17:50:36.078] [GenericAppFrame] Reposition 0.102775 33045
[LOG 17:50:36.119] [GenericAppFrame] Reposition 0.142775 33046
[LOG 17:50:36.136] [UIApp] Adding KSPedia to Application Launcher
[LOG 17:50:54.657] mk1pod.v2 added to ship - part count: 2
[LOG 17:50:58.760] [Pre-Flight Check]: Checking for CraftWithinPartCountLimit: PASS!
[LOG 17:50:58.761] [Pre-Flight Check]: Checking for CraftWithinSizeLimits: PASS!
[LOG 17:50:58.761] [Pre-Flight Check]: Checking for CraftWithinMassLimits: PASS!
[LOG 17:50:58.761] [Pre-Flight Check]: Checking for ExperimentalPartsAvailable: PASS!
[LOG 17:50:58.761] [Pre-Flight Check]: Checking for CanAffordLaunchTest: PASS!
[LOG 17:50:58.761] [Pre-Flight Check]: Checking for FacilityOperational: PASS!
[LOG 17:50:58.761] [Pre-Flight Check]: Checking for NoControlSources: PASS!
[LOG 17:50:58.762] [Pre-Flight Check]: Checking for LaunchSiteClear: PASS!
[LOG 17:50:58.762] [Pre-Flight Check]: All Checks Complete. Go for Launch!
[LOG 17:50:58.773] Launching vessel from Runway. Craft file: D:\KSP-Dev\saves\claude\Ships\SPH\/Vaisseau sauvegardé auto_.craft
[LOG 17:50:58.773] Saving Achievements Tree...
[LOG 17:50:58.773] Saving Achievements Tree...
[LOG 17:50:58.774] [MessageSystem] Save Messages
[LOG 17:50:58.785] Game State Saved to saves/claude/persistent
[LOG 17:50:58.794] [UIMasterController]: HideUI
[LOG 17:50:58.935] [HighLogic]: =========================== Scene Change : From EDITOR to FLIGHT =====================
[LOG 17:50:59.190] [UIApp] OnDestroy: EngineersReport
[LOG 17:50:59.191] [UIApp] OnDestroy: KSPedia
[LOG 17:50:59.192] [UIApp] OnDestroy: ActionGroupsApp
[LOG 17:50:59.195] [UIApp] OnDestroy: DeltaVApp
[LOG 17:50:59.196] [UIApp] OnDestroy: AlarmClock
[LOG 17:50:59.199] [KSPCF:MemoryLeaks] Removed a onPartActionUICreate callback owned by a destroyed Assembly-CSharp:ModuleInventoryPart instance
[LOG 17:50:59.199] [KSPCF:MemoryLeaks] Removed a onEditorPartEvent callback owned by a destroyed Assembly-CSharp:ModuleInventoryPart instance
[LOG 17:50:59.199] [KSPCF:MemoryLeaks] Removed a OnPartPurchased callback owned by a destroyed Assembly-CSharp:ModuleInventoryPart instance
[LOG 17:50:59.200] [KSPCF:MemoryLeaks] Removed a onModuleInventoryChanged callback owned by a destroyed Assembly-CSharp:ModuleInventoryPart instance
[LOG 17:50:59.200] [KSPCF:MemoryLeaks] A destroyed KSPCommunityFixes:EditorAnimatedPartsShipModified.ScalarModuleStopListener instance is owning a OnStop callback. No action has been taken, but unless this mod is relying on this pattern, this is likely a memory leak.
[LOG 17:50:59.200] [KSPCF:MemoryLeaks] Removed a OnDestructibleLoaded callback owned by a destroyed Assembly-CSharp:RunwayCollisionHandler instance
[LOG 17:50:59.200] [KSPCF:MemoryLeaks] Removed a OnDestructibleLoaded callback owned by a destroyed Assembly-CSharp:RunwayCollisionHandler instance
[LOG 17:50:59.201] [KSPCF:MemoryLeaks] Leaving scene "Editor", cleaned 10 memory leaks in 0.003s. GameEvents callbacks : 560. Allocated memory : 669.785 MiB (managed heap), 2.072 GiB (unmanaged)
[LOG 17:50:59.212] UICanvasPrefabSpawner FlightUI spawning Flight
[LOG 17:50:59.243] UICanvasPrefabSpawner FlightUI spawning VesselLabels
[LOG 17:50:59.243] [UiApp] Awake: ResourceDisplay
[LOG 17:50:59.331] [AddonLoader]: Instantiating addon 'AeroGUI' from assembly 'KSP'
[LOG 17:50:59.344] [AddonLoader]: Instantiating addon 'TerrainPrecisionFixDiag2Mod' from assembly 'TerrainPrecisionFixDiag2Mod'
[LOG 17:50:59.345] [AddonLoader]: Instantiating addon 'TerrainPrecisionFixDiagMod' from assembly 'TerrainPrecisionFixDiagMod'
[LOG 17:50:59.346] [PlanetariumCamera]: Focus: Kerbin
[LOG 17:50:59.347] [UIMasterController]: HideUI
[LOG 17:50:59.681] [UIMasterController]: HideUI
[LOG 17:50:59.681] ------------------- initializing flight mode... ------------------
[LOG 17:50:59.682] [SceneLoadSpeedBoost] Save loaded from cache in 0ms
[LOG 17:50:59.685] [MessageSystem] Save Messages
[LOG 17:50:59.686] GetSubclassesOfParentClass: Using cached results for AlarmTypeBase
[LOG 17:50:59.687] Loading Depletion Nodes
[LOG 17:50:59.687] DepNodeCount:  0
[LOG 17:50:59.687] Loading Biome Nodes
[LOG 17:50:59.687] BiomeNodeCount:  0
[LOG 17:50:59.687] Loading Planet Nodes
[LOG 17:50:59.687] PlanetNodeCount:  0
[LOG 17:50:59.688] [ScenarioDestructibles]: Loading... 0 objects registered
[LOG 17:50:59.707] Loading ship from file: D:\KSP-Dev\saves\claude\Ships\SPH\/Vaisseau sauvegardé auto_.craft
[LOG 17:50:59.708] [UIMasterController]: HideUI
[LOG 17:50:59.717] Vaisseau sans nom loaded!
[LOG 17:51:02.016] putting ship to ground: 9.41468
[LOG 17:51:02.022] [Vaisseau sans nom]: Ready to Launch - waiting to start physics...
[LOG 17:51:02.029] Crewmember Jebediah Kerman assigned to Capsule de commande Mk1, seat # 0 (crew seat index: 0)
[LOG 17:51:02.030] [FLIGHT GLOBALS]: Switching To Vessel Vaisseau sans nom ---------------------- 
[LOG 17:51:02.031] setting new dominant body: Kerbin
FlightGlobals.mainBody: Kerbin
[LOG 17:51:02.033] Reference Frame: Rotating
[LOG 17:51:02.051] Vessel assembly complete!
[LOG 17:51:04.902] all systems started
[LOG 17:51:05.408] [UiApp] Awake: CurrencyWidgetsApp
[LOG 17:51:05.408] [UiApp] Awake: ResourceDisplay
[LOG 17:51:05.408] [UiApp] Awake: KSPedia
[LOG 17:51:05.408] [UiApp] Awake: Missions App
[LOG 17:51:05.408] [UiApp] Awake: DeltaVApp
[LOG 17:51:05.409] [UiApp] Awake: ActionGroupsApp
[LOG 17:51:05.409] [UiApp] Awake: Construction
[LOG 17:51:05.409] [UiApp] Awake: Cargo
[LOG 17:51:05.409] [UiApp] Awake: AlarmClock
[LOG 17:51:05.409] [UiApp] Awake: ManeuverTool
[LOG 17:51:05.409] [ApplicationLauncher] OnSceneLoadedGUIReady: scene FLIGHT ShouldBeVisible() True ShouldBeOnTop() True iIsPositionedAtTop False
[LOG 17:51:05.409] [ApplicationLauncher] SpawnSimpleLayout: VerticalTopDown
[LOG 17:51:05.413] [KnowledgeBase] OnAppLauncherReady 35676
[LOG 17:51:05.428] [UIApp] OnDestroy: Contracts
[LOG 17:51:05.446] [FlightIntegrator]: Reloaded drag cube for zeroed cube root part fuelTankSmallFlat on vessel Vaisseau sans nom
[LOG 17:51:05.456] [FlightIntegrator]: Vessel Vaisseau sans nom has been unloaded 1.79769313486232E+308, applying analytic temperature 308.371446891147
[LOG 17:51:05.459] [MessageSystem] Reposition 0.02 35677
[LOG 17:51:05.459] [GenericAppFrame] Reposition 0.02 35677
[LOG 17:51:05.459] [GenericAppFrame] Reposition 0.02 35677
[LOG 17:51:05.539] [PlanetariumCamera]: Focus: Vaisseau sans nom
[LOG 17:51:05.555] [UIApp] Adding ResourceDisplay to Application Launcher
[LOG 17:51:05.556] [UIApp] Adding ResourceDisplay to Application Launcher
[LOG 17:51:05.566] [ResourceDisplay] OnAppStarted(): id: -524460
[LOG 17:51:05.566] [GenericAppFrame] Reposition 0.1228061 35681
[LOG 17:51:05.567] [ResourceDisplay] OnAppStarted(): id: 302016
[LOG 17:51:05.567] ResourceDisplay already exist, destroying this instance
[LOG 17:51:05.567] [UIApp] OnDestroy: ResourceDisplay
[LOG 17:51:05.582] [UIApp] Adding AlarmClock to Application Launcher
[LOG 17:51:05.583] [UIApp] Adding ActionGroupsApp to Application Launcher
[LOG 17:51:05.584] [UIApp] Adding Missions App to Application Launcher
[LOG 17:51:05.585] CURRENCY WIDGET False False False
[LOG 17:51:05.587] [UIApp] OnDestroy: CurrencyWidgetsApp
[LOG 17:51:05.610] [GenericAppFrame] Reposition 0.1514355 35683
[LOG 17:51:05.613] [ActionGroupsApp] OnAppStarted(): id: -524484
[LOG 17:51:05.614] [GenericAppFrame] Reposition 0.1514355 35683
[LOG 17:51:05.614] [UIApp] Adding DeltaVApp to Application Launcher
[LOG 17:51:05.615] [MissionsApp] OnAppStarted(): id: -524472
[LOG 17:51:05.615] MissionsApp does not execute in this game mode, destroying this instance
[LOG 17:51:05.615] [UIApp] OnDestroy: Missions App
[LOG 17:51:05.625] [GenericAppFrame] Reposition 0.181998 35684
[LOG 17:51:05.636] [UIApp] Adding Cargo to Application Launcher
[LOG 17:51:05.638] [UIApp] Adding Construction to Application Launcher
[LOG 17:51:05.639] [UIApp] Adding KSPedia to Application Launcher
[WRN 17:51:05.645] HighlightingSystem : Framebuffer depth data is not available and can't be used to occlude highlighting. Highlighting occluders enabled.
[LOG 17:51:05.649] [UIApp] Adding ManeuverTool to Application Launcher
[LOG 17:51:05.651] [ApplicationLauncher] SetHidden: 
[LOG 17:51:05.667] [GenericAppFrame] Reposition 0.2194514 35687
[LOG 17:51:05.676] [ManeuverTool]: Found 1 transfer types
[LOG 17:51:05.720] Flight State Captured
[LOG 17:51:05.720] Saving Achievements Tree...
[LOG 17:51:05.720] Saving Achievements Tree...
[LOG 17:51:05.720] [MessageSystem] Save Messages
[LOG 17:51:05.732] Game State Saved as persistent
[LOG 17:51:06.437] Unpacking Vaisseau sans nom
[LOG 17:51:06.450] [UIMasterController]: ShowUI
[LOG 17:51:27.839] Killed all parts in permanent ground contact on vessel Vaisseau sans nom.
[LOG 17:51:27.840] Packing Vaisseau sans nom for orbit
[LOG 17:51:27.841] setting new dominant body: Kerbin
FlightGlobals.mainBody: Kerbin
[LOG 17:51:27.843] Reference Frame: Rotating
[LOG 17:51:27.872] Part fuelTankSmallFlat exited collision with runway_collider, but it wasn't in collision count list!
[LOG 17:51:27.873] Part fuelTankSmallFlat exited collision with End09_Mesh, but it wasn't in collision count list!
[LOG 17:51:27.874] Unpacking Vaisseau sans nom
[LOG 17:51:43.381] Game Paused!
[LOG 17:51:43.382] [UIMasterController]: ShowUI
[LOG 17:51:45.798] Flight State Captured
[LOG 17:51:45.798] Saving Achievements Tree...
[LOG 17:51:45.798] Saving Achievements Tree...
[LOG 17:51:45.798] [MessageSystem] Save Messages
[LOG 17:51:45.811] Game State Saved to saves/claude/persistent
[LOG 17:51:45.820] [UIMasterController]: HideUI
[LOG 17:51:45.829] [HighLogic]: =========================== Scene Change : From FLIGHT to SPACECENTER =====================
[LOG 17:51:46.138] KbApp.OnDestroy Vessel Crew
[LOG 17:51:46.138] [UIApp] OnDestroy: KSPedia
[LOG 17:51:46.140] KbApp.OnDestroy Planet Resources
[LOG 17:51:46.140] [UIApp] OnDestroy: AlarmClock
[LOG 17:51:46.140] [UIApp] OnDestroy: Construction
[LOG 17:51:46.141] KbApp.OnDestroy Planet Info
[LOG 17:51:46.141] [UIApp] OnDestroy: Cargo
[LOG 17:51:46.142] KbApp.OnDestroy Vessel Info
[LOG 17:51:46.142] KbApp.OnDestroy NullName
[LOG 17:51:46.142] [UIApp] OnDestroy: DeltaVApp
[LOG 17:51:46.143] KbApp.OnDestroy Unowned Info
[LOG 17:51:46.144] [UIApp] OnDestroy: ResourceDisplay
[LOG 17:51:46.145] KbApp.OnDestroy Planet Parameters
[LOG 17:51:46.146] [UIApp] OnDestroy: ManeuverTool
[LOG 17:51:46.147] [UIApp] OnDestroy: ActionGroupsApp
[LOG 17:51:46.149] [KSPCF:MemoryLeaks] Removed a OnMapExited callback owned by a destroyed Assembly-CSharp:NavBallToggle instance
[LOG 17:51:46.149] [KSPCF:MemoryLeaks] Removed a OnGameSettingsApplied callback owned by a destroyed Assembly-CSharp:VesselAutopilotUI instance
[LOG 17:51:46.149] [KSPCF:MemoryLeaks] Removed a onPartActionUICreate callback owned by a destroyed Assembly-CSharp:ModuleInventoryPart instance
[LOG 17:51:46.150] [KSPCF:MemoryLeaks] Removed a onModuleInventoryChanged callback owned by a destroyed Assembly-CSharp:ModuleInventoryPart instance
[LOG 17:51:46.150] [KSPCF:MemoryLeaks] Removed a OnEVAConstructionMode callback owned by a destroyed Assembly-CSharp:ModuleCargoPart instance
[LOG 17:51:46.150] [KSPCF:MemoryLeaks] Removed a OnEVAConstructionMode callback owned by a destroyed Assembly-CSharp:ModuleCargoPart instance
[LOG 17:51:46.150] [KSPCF:MemoryLeaks] Removed a OnEVAConstructionMode callback owned by a destroyed Assembly-CSharp:ModuleCargoPart instance
[LOG 17:51:46.150] [KSPCF:MemoryLeaks] Removed a OnEVAConstructionMode callback owned by a destroyed Assembly-CSharp:ModuleCargoPart instance
[LOG 17:51:46.150] [KSPCF:MemoryLeaks] Removed a OnEVAConstructionMode callback owned by a destroyed Assembly-CSharp:ModuleCargoPart instance
[LOG 17:51:46.150] [KSPCF:MemoryLeaks] Removed a OnEVAConstructionMode callback owned by a destroyed Assembly-CSharp:ModuleCargoPart instance
[LOG 17:51:46.151] [KSPCF:MemoryLeaks] Removed a TimingManager.Instance.timing5.onLateUpdate callback owned by a destroyed Assembly-CSharp:MapView instance
[LOG 17:51:46.151] [KSPCF:MemoryLeaks] Leaving scene "Flight", cleaned 29 memory leaks in 0.003s. GameEvents callbacks : 496. Allocated memory : 687.34 MiB (managed heap), 2.201 GiB (unmanaged)
[LOG 17:51:46.258] [AddonLoader]: Instantiating addon 'CustomConfigsManager' from assembly 'ModuleManager'
[LOG 17:51:48.817] [UIMasterController]: ShowUI
[LOG 17:51:49.152] [SceneLoadSpeedBoost] Save loaded from cache in 0ms
[LOG 17:51:49.157] GetSubclassesOfParentClass: Using cached results for AlarmTypeBase
[LOG 17:51:49.158] Loading Depletion Nodes
[LOG 17:51:49.158] DepNodeCount:  0
[LOG 17:51:49.158] Loading Biome Nodes
[LOG 17:51:49.158] BiomeNodeCount:  0
[LOG 17:51:49.158] Loading Planet Nodes
[LOG 17:51:49.158] PlanetNodeCount:  0
[LOG 17:51:49.160] [ScenarioDestructibles]: Loading... 0 objects registered
[LOG 17:51:49.204] [UiApp] Awake: KSPedia
[LOG 17:51:49.205] [UiApp] Awake: Missions App
[LOG 17:51:49.205] [UiApp] Awake: AlarmClock
[LOG 17:51:49.206] [ApplicationLauncher] OnSceneLoadedGUIReady: scene SPACECENTER ShouldBeVisible() True ShouldBeOnTop() False iIsPositionedAtTop True
[LOG 17:51:49.206] [ApplicationLauncher] SpawnSimpleLayout: HorizontalRightLeft
[LOG 17:51:49.302] [UIApp] OnDestroy: Contracts
[LOG 17:51:49.307] [MessageSystem] Reposition 0.02 41279
[LOG 17:51:49.307] [GenericAppFrame] Reposition 0.02 41279
[LOG 17:51:49.308] [GenericAppFrame] Reposition 0.02 41279
[LOG 17:51:49.415] [UIApp] Adding AlarmClock to Application Launcher
[LOG 17:51:49.416] [UIApp] Adding Missions App to Application Launcher
[LOG 17:51:49.435] [GenericAppFrame] Reposition 0.082416 41285
[LOG 17:51:49.438] [MissionsApp] OnAppStarted(): id: -544886
[LOG 17:51:49.438] MissionsApp does not execute in this game mode, destroying this instance
[LOG 17:51:49.439] [UIApp] OnDestroy: Missions App
[LOG 17:51:49.448] [UIApp] Adding KSPedia to Application Launcher
[LOG 17:51:50.406] Flight State Captured
[LOG 17:51:50.406] Saving Achievements Tree...
[LOG 17:51:50.406] Saving Achievements Tree...
[LOG 17:51:50.406] [MessageSystem] Save Messages
[LOG 17:51:50.417] Game State Saved to saves/claude/persistent
[LOG 17:51:50.425] Going to Hangar! CachedShipType: SPH
[LOG 17:51:50.426] [UIMasterController]: HideUI
[LOG 17:51:50.429] [HighLogic]: =========================== Scene Change : From SPACECENTER to EDITOR =====================
[LOG 17:51:50.645] [UIApp] OnDestroy: KSPedia
[LOG 17:51:50.645] [UIApp] OnDestroy: AlarmClock
[LOG 17:51:50.647] [KSPCF:MemoryLeaks] Removed a OnDestructibleLoaded callback owned by a destroyed Assembly-CSharp:RunwayCollisionHandler instance
[LOG 17:51:50.648] [KSPCF:MemoryLeaks] Leaving scene "SpaceCenter", cleaned 5 memory leaks in 0.002s. GameEvents callbacks : 349. Allocated memory : 668.887 MiB (managed heap), 2.194 GiB (unmanaged)
[LOG 17:51:50.657] UICanvasPrefabSpawner SceneLogic spawning Editor
[LOG 17:51:50.676] Aucun verrouillage commandes en cours
[LOG 17:51:50.788] [UIMasterController]: ShowUI
[LOG 17:51:51.212] [UIMasterController]: ShowUI
[LOG 17:51:51.360] [UIMasterController]: ShowUI
[LOG 17:51:51.371] ------------------- initializing editor mode... ------------------
[LOG 17:51:51.371] editor started
[LOG 17:51:51.371] [SceneLoadSpeedBoost] Save loaded from cache in 0ms
[LOG 17:51:51.373] GetSubclassesOfParentClass: Using cached results for AlarmTypeBase
[LOG 17:51:51.374] Loading Depletion Nodes
[LOG 17:51:51.374] DepNodeCount:  0
[LOG 17:51:51.374] Loading Biome Nodes
[LOG 17:51:51.374] BiomeNodeCount:  0
[LOG 17:51:51.374] Loading Planet Nodes
[LOG 17:51:51.374] PlanetNodeCount:  0
[LOG 17:51:51.375] [ScenarioDestructibles]: Loading... 0 objects registered
[LOG 17:51:51.480] Vaisseau sans nom loaded!
[LOG 17:51:51.485] [Crew Manifest]: Cannot resume cached manifest. The crew in it isn't available. Reverting to default.
[WRN 17:51:51.548] HighlightingSystem : Framebuffer depth data is not available and can't be used to occlude highlighting. Highlighting occluders enabled.
[LOG 17:51:51.572] [UiApp] Awake: EngineersReport
[LOG 17:51:51.572] [UiApp] Awake: KSPedia
[LOG 17:51:51.572] [UiApp] Awake: Missions App
[LOG 17:51:51.572] [UiApp] Awake: DeltaVApp
[LOG 17:51:51.572] [UiApp] Awake: ActionGroupsApp
[LOG 17:51:51.572] [UiApp] Awake: AlarmClock
[LOG 17:51:51.572] [ApplicationLauncher] OnSceneLoadedGUIReady: scene EDITOR ShouldBeVisible() True ShouldBeOnTop() False iIsPositionedAtTop False
[LOG 17:51:51.577] [UIApp] OnDestroy: Contracts
[LOG 17:51:51.589] [MessageSystem] Reposition 0.02 41493
[LOG 17:51:51.589] [GenericAppFrame] Reposition 0.02 41493
[LOG 17:51:51.589] [GenericAppFrame] Reposition 0.02 41493
[LOG 17:51:51.661] [UIApp] Adding AlarmClock to Application Launcher
[LOG 17:51:51.662] [UIApp] Adding ActionGroupsApp to Application Launcher
[LOG 17:51:51.663] [ApplicationLauncher] SetHidden: 
[LOG 17:51:51.664] [UIApp] Adding Missions App to Application Launcher
[LOG 17:51:51.665] [UIApp] Adding EngineersReport to Application Launcher
[LOG 17:51:51.687] [GenericAppFrame] Reposition 0.1072252 41499
[LOG 17:51:51.690] [ActionGroupsApp] OnAppStarted(): id: -570852
[LOG 17:51:51.690] [GenericAppFrame] Reposition 0.1072252 41499
[LOG 17:51:51.690] [UIApp] Adding DeltaVApp to Application Launcher
[LOG 17:51:51.692] [MissionsApp] OnAppStarted(): id: -570840
[LOG 17:51:51.692] MissionsApp does not execute in this game mode, destroying this instance
[LOG 17:51:51.692] [UIApp] OnDestroy: Missions App
[LOG 17:51:51.692] [GenericAppFrame] Reposition 0.1072252 41499
[LOG 17:51:51.721] [GenericAppFrame] Reposition 0.1472252 41500
[LOG 17:51:51.736] [UIApp] Adding KSPedia to Application Launcher
[LOG 17:51:57.703] [Pre-Flight Check]: Checking for CraftWithinPartCountLimit: PASS!
[LOG 17:51:57.703] [Pre-Flight Check]: Checking for CraftWithinSizeLimits: PASS!
[LOG 17:51:57.703] [Pre-Flight Check]: Checking for CraftWithinMassLimits: PASS!
[LOG 17:51:57.703] [Pre-Flight Check]: Checking for ExperimentalPartsAvailable: PASS!
[LOG 17:51:57.703] [Pre-Flight Check]: Checking for CanAffordLaunchTest: PASS!
[LOG 17:51:57.703] [Pre-Flight Check]: Checking for FacilityOperational: PASS!
[LOG 17:51:57.703] [Pre-Flight Check]: Checking for NoControlSources: PASS!
[LOG 17:51:57.703] [Pre-Flight Check]: Checking for LaunchSiteClear: PASS!
[LOG 17:51:57.703] [Pre-Flight Check]: All Checks Complete. Go for Launch!
[LOG 17:51:57.714] Launching vessel from Runway. Craft file: D:\KSP-Dev\saves\claude\Ships\SPH\/Vaisseau sauvegardé auto_.craft
[LOG 17:51:57.714] Saving Achievements Tree...
[LOG 17:51:57.714] Saving Achievements Tree...
[LOG 17:51:57.715] [MessageSystem] Save Messages
[LOG 17:51:57.725] Game State Saved to saves/claude/persistent
[LOG 17:51:57.734] [UIMasterController]: HideUI
[LOG 17:51:57.875] [HighLogic]: =========================== Scene Change : From EDITOR to FLIGHT =====================
[LOG 17:51:58.090] [UIApp] OnDestroy: KSPedia
[LOG 17:51:58.091] [UIApp] OnDestroy: ActionGroupsApp
[LOG 17:51:58.096] [UIApp] OnDestroy: EngineersReport
[LOG 17:51:58.097] [UIApp] OnDestroy: DeltaVApp
[LOG 17:51:58.097] [UIApp] OnDestroy: AlarmClock
[LOG 17:51:58.099] [KSPCF:MemoryLeaks] Removed a onPartActionUICreate callback owned by a destroyed Assembly-CSharp:ModuleInventoryPart instance
[LOG 17:51:58.099] [KSPCF:MemoryLeaks] Removed a onPartActionUICreate callback owned by a destroyed Assembly-CSharp:ModuleInventoryPart instance
[LOG 17:51:58.099] [KSPCF:MemoryLeaks] Removed a onEditorPartEvent callback owned by a destroyed Assembly-CSharp:ModuleInventoryPart instance
[LOG 17:51:58.100] [KSPCF:MemoryLeaks] Removed a onEditorPartEvent callback owned by a destroyed Assembly-CSharp:ModuleInventoryPart instance
[LOG 17:51:58.100] [KSPCF:MemoryLeaks] Removed a OnPartPurchased callback owned by a destroyed Assembly-CSharp:ModuleInventoryPart instance
[LOG 17:51:58.100] [KSPCF:MemoryLeaks] Removed a OnPartPurchased callback owned by a destroyed Assembly-CSharp:ModuleInventoryPart instance
[LOG 17:51:58.100] [KSPCF:MemoryLeaks] Removed a onModuleInventoryChanged callback owned by a destroyed Assembly-CSharp:ModuleInventoryPart instance
[LOG 17:51:58.100] [KSPCF:MemoryLeaks] Removed a onModuleInventoryChanged callback owned by a destroyed Assembly-CSharp:ModuleInventoryPart instance
[LOG 17:51:58.100] [KSPCF:MemoryLeaks] A destroyed KSPCommunityFixes:EditorAnimatedPartsShipModified.ScalarModuleStopListener instance is owning a OnStop callback. No action has been taken, but unless this mod is relying on this pattern, this is likely a memory leak.
[LOG 17:51:58.101] [KSPCF:MemoryLeaks] Removed a OnDestructibleLoaded callback owned by a destroyed Assembly-CSharp:RunwayCollisionHandler instance
[LOG 17:51:58.101] [KSPCF:MemoryLeaks] Removed a OnDestructibleLoaded callback owned by a destroyed Assembly-CSharp:RunwayCollisionHandler instance
[LOG 17:51:58.101] [KSPCF:MemoryLeaks] Leaving scene "Editor", cleaned 14 memory leaks in 0.003s. GameEvents callbacks : 565. Allocated memory : 694.813 MiB (managed heap), 2.093 GiB (unmanaged)
[LOG 17:51:58.113] UICanvasPrefabSpawner FlightUI spawning Flight
[LOG 17:51:58.132] UICanvasPrefabSpawner FlightUI spawning VesselLabels
[LOG 17:51:58.132] [UiApp] Awake: ResourceDisplay
[LOG 17:51:58.223] [AddonLoader]: Instantiating addon 'AeroGUI' from assembly 'KSP'
[LOG 17:51:58.235] [AddonLoader]: Instantiating addon 'TerrainPrecisionFixDiag2Mod' from assembly 'TerrainPrecisionFixDiag2Mod'
[LOG 17:51:58.236] [AddonLoader]: Instantiating addon 'TerrainPrecisionFixDiagMod' from assembly 'TerrainPrecisionFixDiagMod'
[LOG 17:51:58.236] [PlanetariumCamera]: Focus: Kerbin
[LOG 17:51:58.236] [UIMasterController]: HideUI
[LOG 17:51:58.599] [UIMasterController]: HideUI
[LOG 17:51:58.599] ------------------- initializing flight mode... ------------------
[LOG 17:51:58.600] [SceneLoadSpeedBoost] Save loaded from cache in 0ms
[LOG 17:51:58.603] [MessageSystem] Save Messages
[LOG 17:51:58.604] GetSubclassesOfParentClass: Using cached results for AlarmTypeBase
[LOG 17:51:58.604] Loading Depletion Nodes
[LOG 17:51:58.604] DepNodeCount:  0
[LOG 17:51:58.604] Loading Biome Nodes
[LOG 17:51:58.604] BiomeNodeCount:  0
[LOG 17:51:58.604] Loading Planet Nodes
[LOG 17:51:58.604] PlanetNodeCount:  0
[LOG 17:51:58.606] [ScenarioDestructibles]: Loading... 0 objects registered
[LOG 17:51:58.626] Loading ship from file: D:\KSP-Dev\saves\claude\Ships\SPH\/Vaisseau sauvegardé auto_.craft
[LOG 17:51:58.627] [UIMasterController]: HideUI
[LOG 17:51:58.632] Vaisseau sans nom loaded!
[LOG 17:52:00.920] putting ship to ground: 9.41468
[LOG 17:52:00.922] [Vaisseau sans nom]: Ready to Launch - waiting to start physics...
[LOG 17:52:00.924] Crewmember Valentina Kerman assigned to Capsule de commande Mk1, seat # 0 (crew seat index: 0)
[LOG 17:52:00.924] [FLIGHT GLOBALS]: Switching To Vessel Vaisseau sans nom ---------------------- 
[LOG 17:52:00.924] setting new dominant body: Kerbin
FlightGlobals.mainBody: Kerbin
[LOG 17:52:00.924] Reference Frame: Rotating
[LOG 17:52:00.930] Vessel assembly complete!
[LOG 17:52:03.736] all systems started
[LOG 17:52:03.847] [Vaisseau sans nom]: landed - waiting for ground contact to resume physics...
[LOG 17:52:03.886] [UiApp] Awake: CurrencyWidgetsApp
[LOG 17:52:03.887] [UiApp] Awake: ResourceDisplay
[LOG 17:52:03.887] [UiApp] Awake: KSPedia
[LOG 17:52:03.887] [UiApp] Awake: Missions App
[LOG 17:52:03.887] [UiApp] Awake: DeltaVApp
[LOG 17:52:03.888] [UiApp] Awake: ActionGroupsApp
[LOG 17:52:03.888] [UiApp] Awake: Construction
[LOG 17:52:03.888] [UiApp] Awake: Cargo
[LOG 17:52:03.888] [UiApp] Awake: AlarmClock
[LOG 17:52:03.888] [UiApp] Awake: ManeuverTool
[LOG 17:52:03.888] [ApplicationLauncher] OnSceneLoadedGUIReady: scene FLIGHT ShouldBeVisible() True ShouldBeOnTop() True iIsPositionedAtTop False
[LOG 17:52:03.889] [ApplicationLauncher] SpawnSimpleLayout: VerticalTopDown
[LOG 17:52:03.893] [KnowledgeBase] OnAppLauncherReady 42243
[LOG 17:52:03.904] [UIApp] OnDestroy: Contracts
[LOG 17:52:03.964] [FlightIntegrator]: Reloaded drag cube for zeroed cube root part fuelTankSmallFlat on vessel Vaisseau sans nom
[LOG 17:52:03.965] [FlightIntegrator]: Vessel Vaisseau sans nom has been unloaded 1.79769313486232E+308, applying analytic temperature 308.425718323801
[LOG 17:52:03.967] [MessageSystem] Reposition 0.02 42244
[LOG 17:52:03.967] [GenericAppFrame] Reposition 0.02 42244
[LOG 17:52:03.967] [GenericAppFrame] Reposition 0.02 42244
[LOG 17:52:04.038] [FlightIntegrator]: Reloaded drag cube for zeroed cube root part fuelTankSmallFlat (Vaisseau sans nom) on vessel Vaisseau sans nom
[LOG 17:52:04.041] [PlanetariumCamera]: Focus: Vaisseau sans nom
[LOG 17:52:04.057] [UIApp] Adding ResourceDisplay to Application Launcher
[LOG 17:52:04.058] [UIApp] Adding ResourceDisplay to Application Launcher
[LOG 17:52:04.068] [ResourceDisplay] OnAppStarted(): id: -623736
[LOG 17:52:04.069] [GenericAppFrame] Reposition 0.110979 42248
[LOG 17:52:04.069] [ResourceDisplay] OnAppStarted(): id: 327666
[LOG 17:52:04.069] ResourceDisplay already exist, destroying this instance
[LOG 17:52:04.069] [UIApp] OnDestroy: ResourceDisplay
[LOG 17:52:04.082] [UIApp] Adding AlarmClock to Application Launcher
[LOG 17:52:04.083] [UIApp] Adding ActionGroupsApp to Application Launcher
[LOG 17:52:04.084] [UIApp] Adding Missions App to Application Launcher
[LOG 17:52:04.085] CURRENCY WIDGET False False False
[LOG 17:52:04.086] [UIApp] OnDestroy: CurrencyWidgetsApp
[LOG 17:52:04.107] [GenericAppFrame] Reposition 0.1371836 42250
[LOG 17:52:04.110] [ActionGroupsApp] OnAppStarted(): id: -623760
[LOG 17:52:04.110] [GenericAppFrame] Reposition 0.1371836 42250
[LOG 17:52:04.111] [UIApp] Adding DeltaVApp to Application Launcher
[LOG 17:52:04.112] [MissionsApp] OnAppStarted(): id: -623748
[LOG 17:52:04.112] MissionsApp does not execute in this game mode, destroying this instance
[LOG 17:52:04.112] [UIApp] OnDestroy: Missions App
[LOG 17:52:04.122] [GenericAppFrame] Reposition 0.1648193 42251
[LOG 17:52:04.132] [UIApp] Adding Cargo to Application Launcher
[LOG 17:52:04.133] [UIApp] Adding Construction to Application Launcher
[LOG 17:52:04.134] [UIApp] Adding KSPedia to Application Launcher
[LOG 17:52:04.144] [UIApp] Adding ManeuverTool to Application Launcher
[LOG 17:52:04.146] [ApplicationLauncher] SetHidden: 
[LOG 17:52:04.161] [GenericAppFrame] Reposition 0.1998882 42254
[LOG 17:52:04.170] [ManeuverTool]: Found 1 transfer types
[LOG 17:52:04.201] Flight State Captured
[LOG 17:52:04.201] Saving Achievements Tree...
[LOG 17:52:04.201] Saving Achievements Tree...
[LOG 17:52:04.201] [MessageSystem] Save Messages
[LOG 17:52:04.212] Game State Saved as persistent
[LOG 17:52:04.953] Unpacking Vaisseau sans nom
[LOG 17:52:04.954] Unpacking Vaisseau sans nom
[LOG 17:52:04.959] [UIMasterController]: ShowUI
[LOG 17:52:09.085] Flight State Captured
[LOG 17:52:09.085] Saving Achievements Tree...
[LOG 17:52:09.085] Saving Achievements Tree...
[LOG 17:52:09.086] [MessageSystem] Save Messages
[LOG 17:52:09.096] Game State Saved to saves/claude/persistent
[LOG 17:52:09.104] [UIMasterController]: HideUI
[LOG 17:52:09.112] [HighLogic]: =========================== Scene Change : From FLIGHT to SPACECENTER =====================
[LOG 17:52:09.409] KbApp.OnDestroy Planet Parameters
[LOG 17:52:09.410] KbApp.OnDestroy Vessel Info
[LOG 17:52:09.410] KbApp.OnDestroy Unowned Info
[LOG 17:52:09.411] [UIApp] OnDestroy: AlarmClock
[LOG 17:52:09.411] [UIApp] OnDestroy: DeltaVApp
[LOG 17:52:09.411] [UIApp] OnDestroy: ActionGroupsApp
[LOG 17:52:09.411] [UIApp] OnDestroy: KSPedia
[LOG 17:52:09.411] KbApp.OnDestroy Planet Info
[LOG 17:52:09.411] [UIApp] OnDestroy: Construction
[LOG 17:52:09.412] KbApp.OnDestroy NullName
[LOG 17:52:09.412] KbApp.OnDestroy Vessel Crew
[LOG 17:52:09.412] KbApp.OnDestroy Planet Resources
[LOG 17:52:09.412] [UIApp] OnDestroy: ResourceDisplay
[LOG 17:52:09.412] [UIApp] OnDestroy: Cargo
[LOG 17:52:09.413] [UIApp] OnDestroy: ManeuverTool
[LOG 17:52:09.415] [KSPCF:MemoryLeaks] Removed a OnMapExited callback owned by a destroyed Assembly-CSharp:NavBallToggle instance
[LOG 17:52:09.415] [KSPCF:MemoryLeaks] Removed a OnGameSettingsApplied callback owned by a destroyed Assembly-CSharp:VesselAutopilotUI instance
[LOG 17:52:09.415] [KSPCF:MemoryLeaks] Removed a onPartActionUICreate callback owned by a destroyed Assembly-CSharp:ModuleInventoryPart instance
[LOG 17:52:09.415] [KSPCF:MemoryLeaks] Removed a onPartActionUICreate callback owned by a destroyed Assembly-CSharp:ModuleInventoryPart instance
[LOG 17:52:09.415] [KSPCF:MemoryLeaks] Removed a onModuleInventoryChanged callback owned by a destroyed Assembly-CSharp:ModuleInventoryPart instance
[LOG 17:52:09.416] [KSPCF:MemoryLeaks] Removed a onModuleInventoryChanged callback owned by a destroyed Assembly-CSharp:ModuleInventoryPart instance
[LOG 17:52:09.416] [KSPCF:MemoryLeaks] Removed a OnEVAConstructionMode callback owned by a destroyed Assembly-CSharp:ModuleCargoPart instance
[LOG 17:52:09.416] [KSPCF:MemoryLeaks] Removed a OnEVAConstructionMode callback owned by a destroyed Assembly-CSharp:ModuleCargoPart instance
[LOG 17:52:09.416] [KSPCF:MemoryLeaks] Removed a OnEVAConstructionMode callback owned by a destroyed Assembly-CSharp:ModuleCargoPart instance
[LOG 17:52:09.416] [KSPCF:MemoryLeaks] Removed a OnEVAConstructionMode callback owned by a destroyed Assembly-CSharp:ModuleCargoPart instance
[LOG 17:52:09.416] [KSPCF:MemoryLeaks] Removed a TimingManager.Instance.timing5.onLateUpdate callback owned by a destroyed Assembly-CSharp:MapView instance
[LOG 17:52:09.417] [KSPCF:MemoryLeaks] Leaving scene "Flight", cleaned 41 memory leaks in 0.003s. GameEvents callbacks : 496. Allocated memory : 706.133 MiB (managed heap), 2.22 GiB (unmanaged)
[LOG 17:52:09.537] [AddonLoader]: Instantiating addon 'CustomConfigsManager' from assembly 'ModuleManager'
[LOG 17:52:12.095] [UIMasterController]: ShowUI
[LOG 17:52:12.442] [SceneLoadSpeedBoost] Save loaded from cache in 0ms
[LOG 17:52:12.445] GetSubclassesOfParentClass: Using cached results for AlarmTypeBase
[LOG 17:52:12.445] Loading Depletion Nodes
[LOG 17:52:12.446] DepNodeCount:  0
[LOG 17:52:12.446] Loading Biome Nodes
[LOG 17:52:12.446] BiomeNodeCount:  0
[LOG 17:52:12.446] Loading Planet Nodes
[LOG 17:52:12.446] PlanetNodeCount:  0
[LOG 17:52:12.447] [ScenarioDestructibles]: Loading... 0 objects registered
[LOG 17:52:12.494] [UiApp] Awake: KSPedia
[LOG 17:52:12.494] [UiApp] Awake: Missions App
[LOG 17:52:12.494] [UiApp] Awake: AlarmClock
[LOG 17:52:12.494] [ApplicationLauncher] OnSceneLoadedGUIReady: scene SPACECENTER ShouldBeVisible() True ShouldBeOnTop() False iIsPositionedAtTop True
[LOG 17:52:12.494] [ApplicationLauncher] SpawnSimpleLayout: HorizontalRightLeft
[LOG 17:52:12.527] [UIApp] OnDestroy: Contracts
[LOG 17:52:12.535] [MessageSystem] Reposition 0.02 42949
[LOG 17:52:12.536] [GenericAppFrame] Reposition 0.02 42949
[LOG 17:52:12.536] [GenericAppFrame] Reposition 0.02 42949
[LOG 17:52:12.706] [UIApp] Adding AlarmClock to Application Launcher
[LOG 17:52:12.707] [UIApp] Adding Missions App to Application Launcher
[LOG 17:52:12.724] [GenericAppFrame] Reposition 0.0815259 42955
[LOG 17:52:12.727] [MissionsApp] OnAppStarted(): id: -640676
[LOG 17:52:12.727] MissionsApp does not execute in this game mode, destroying this instance
[LOG 17:52:12.727] [UIApp] OnDestroy: Missions App
[LOG 17:52:12.738] [UIApp] Adding KSPedia to Application Launcher
[LOG 17:52:16.594] Flight State Captured
[LOG 17:52:16.594] Saving Achievements Tree...
[LOG 17:52:16.595] Saving Achievements Tree...
[LOG 17:52:16.595] [MessageSystem] Save Messages
[LOG 17:52:16.605] Game State Saved to saves/claude/persistent
[LOG 17:52:16.615] [UIMasterController]: HideUI
[LOG 17:52:16.617] [HighLogic]: =========================== Scene Change : From SPACECENTER to FLIGHT =====================
[LOG 17:52:16.837] [UIApp] OnDestroy: AlarmClock
[LOG 17:52:16.837] [UIApp] OnDestroy: KSPedia
[LOG 17:52:16.840] [KSPCF:MemoryLeaks] Leaving scene "SpaceCenter", cleaned 4 memory leaks in 0.002s. GameEvents callbacks : 476. Allocated memory : 672.238 MiB (managed heap), 2.221 GiB (unmanaged)
[LOG 17:52:16.850] UICanvasPrefabSpawner FlightUI spawning Flight
[LOG 17:52:16.872] UICanvasPrefabSpawner FlightUI spawning VesselLabels
[LOG 17:52:16.873] [UiApp] Awake: ResourceDisplay
[LOG 17:52:16.967] [AddonLoader]: Instantiating addon 'AeroGUI' from assembly 'KSP'
[LOG 17:52:16.980] [AddonLoader]: Instantiating addon 'TerrainPrecisionFixDiag2Mod' from assembly 'TerrainPrecisionFixDiag2Mod'
[LOG 17:52:16.981] [AddonLoader]: Instantiating addon 'TerrainPrecisionFixDiagMod' from assembly 'TerrainPrecisionFixDiagMod'
[LOG 17:52:16.981] [PlanetariumCamera]: Focus: Kerbin
[LOG 17:52:16.981] [UIMasterController]: HideUI
[LOG 17:52:17.313] [UIMasterController]: HideUI
[LOG 17:52:17.313] ------------------- initializing flight mode... ------------------
[LOG 17:52:17.314] [SceneLoadSpeedBoost] Save loaded from cache in 0ms
[LOG 17:52:17.316] GetSubclassesOfParentClass: Using cached results for AlarmTypeBase
[LOG 17:52:17.317] Loading Depletion Nodes
[LOG 17:52:17.317] DepNodeCount:  0
[LOG 17:52:17.317] Loading Biome Nodes
[LOG 17:52:17.317] BiomeNodeCount:  0
[LOG 17:52:17.317] Loading Planet Nodes
[LOG 17:52:17.317] PlanetNodeCount:  0
[LOG 17:52:17.318] [ScenarioDestructibles]: Loading... 0 objects registered
[LOG 17:52:17.355] Target vessel index: 8  vessel count: 9
[LOG 17:52:17.356] [FLIGHT GLOBALS]: Switching To Vessel Vaisseau sans nom ---------------------- 
[LOG 17:52:17.356] setting new dominant body: Kerbin
FlightGlobals.mainBody: Kerbin
[LOG 17:52:17.356] Reference Frame: Rotating
[LOG 17:52:17.363] [Vaisseau sans nom]: landed - waiting for ground contact to resume physics...
[LOG 17:52:17.364] Camera Mode: AUTO
[LOG 17:52:19.952] all systems started
[LOG 17:52:20.064] [Vaisseau sans nom]: landed - waiting for ground contact to resume physics...
[LOG 17:52:20.098] [UiApp] Awake: CurrencyWidgetsApp
[LOG 17:52:20.098] [UiApp] Awake: ResourceDisplay
[LOG 17:52:20.098] [UiApp] Awake: KSPedia
[LOG 17:52:20.098] [UiApp] Awake: Missions App
[LOG 17:52:20.099] [UiApp] Awake: DeltaVApp
[LOG 17:52:20.099] [UiApp] Awake: ActionGroupsApp
[LOG 17:52:20.099] [UiApp] Awake: Construction
[LOG 17:52:20.099] [UiApp] Awake: Cargo
[LOG 17:52:20.099] [UiApp] Awake: AlarmClock
[LOG 17:52:20.099] [UiApp] Awake: ManeuverTool
[LOG 17:52:20.099] [ApplicationLauncher] OnSceneLoadedGUIReady: scene FLIGHT ShouldBeVisible() True ShouldBeOnTop() True iIsPositionedAtTop False
[LOG 17:52:20.099] [ApplicationLauncher] SpawnSimpleLayout: VerticalTopDown
[LOG 17:52:20.103] [KnowledgeBase] OnAppLauncherReady 43718
[LOG 17:52:20.115] [UIApp] OnDestroy: Contracts
[LOG 17:52:20.146] [MessageSystem] Reposition 0.02 43719
[LOG 17:52:20.147] [GenericAppFrame] Reposition 0.02 43719
[LOG 17:52:20.147] [GenericAppFrame] Reposition 0.02 43719
[LOG 17:52:20.159] [FlightIntegrator]: Reloaded drag cube for zeroed cube root part fuelTankSmallFlat (Vaisseau sans nom) on vessel Vaisseau sans nom
[LOG 17:52:20.159] [FlightIntegrator]: Vessel Vaisseau sans nom has been unloaded 4.07999999999629, applying analytic temperature 308.43328664194
[LOG 17:52:20.223] [FlightIntegrator]: Reloaded drag cube for zeroed cube root part fuelTankSmallFlat (Vaisseau sans nom) on vessel Vaisseau sans nom
[LOG 17:52:20.224] [FlightIntegrator]: Vessel Vaisseau sans nom has been unloaded 4.09999999999627, applying analytic temperature 308.713365102023
[LOG 17:52:20.226] [PlanetariumCamera]: Focus: Vaisseau sans nom
[LOG 17:52:20.242] [UIApp] Adding ResourceDisplay to Application Launcher
[LOG 17:52:20.243] [UIApp] Adding ResourceDisplay to Application Launcher
[LOG 17:52:20.253] [ResourceDisplay] OnAppStarted(): id: -660036
[LOG 17:52:20.254] [GenericAppFrame] Reposition 0.1052608 43723
[LOG 17:52:20.254] [ResourceDisplay] OnAppStarted(): id: 327906
[LOG 17:52:20.254] ResourceDisplay already exist, destroying this instance
[LOG 17:52:20.254] [UIApp] OnDestroy: ResourceDisplay
[LOG 17:52:20.267] [UIApp] Adding AlarmClock to Application Launcher
[LOG 17:52:20.268] [UIApp] Adding ActionGroupsApp to Application Launcher
[LOG 17:52:20.269] [UIApp] Adding Missions App to Application Launcher
[LOG 17:52:20.270] CURRENCY WIDGET False False False
[LOG 17:52:20.272] [UIApp] OnDestroy: CurrencyWidgetsApp
[LOG 17:52:20.294] [GenericAppFrame] Reposition 0.13068 43725
[LOG 17:52:20.297] [ActionGroupsApp] OnAppStarted(): id: -660060
[LOG 17:52:20.298] [GenericAppFrame] Reposition 0.13068 43725
[LOG 17:52:20.298] [UIApp] Adding DeltaVApp to Application Launcher
[LOG 17:52:20.299] [MissionsApp] OnAppStarted(): id: -660048
[LOG 17:52:20.299] MissionsApp does not execute in this game mode, destroying this instance
[LOG 17:52:20.299] [UIApp] OnDestroy: Missions App
[LOG 17:52:20.311] [GenericAppFrame] Reposition 0.1613976 43726
[LOG 17:52:20.322] [UIApp] Adding Cargo to Application Launcher
[LOG 17:52:20.323] [UIApp] Adding Construction to Application Launcher
[LOG 17:52:20.324] [UIApp] Adding KSPedia to Application Launcher
[LOG 17:52:20.333] [UIApp] Adding ManeuverTool to Application Launcher
[LOG 17:52:20.335] [ApplicationLauncher] SetHidden: 
[LOG 17:52:20.350] [GenericAppFrame] Reposition 0.1979188 43729
[LOG 17:52:20.359] [ManeuverTool]: Found 1 transfer types
[LOG 17:52:20.392] Flight State Captured
[LOG 17:52:20.392] Saving Achievements Tree...
[LOG 17:52:20.392] Saving Achievements Tree...
[LOG 17:52:20.393] [MessageSystem] Save Messages
[LOG 17:52:20.405] Game State Saved as persistent
[LOG 17:52:21.164] Unpacking Vaisseau sans nom
[LOG 17:52:21.165] Unpacking Vaisseau sans nom
[LOG 17:52:21.170] [UIMasterController]: ShowUI
[LOG 17:52:21.816] [FLIGHT GLOBALS]: Switching To Vessel Vaisseau sans nom ---------------------- 
[LOG 17:52:21.817] [PlanetariumCamera]: Focus: Vaisseau sans nom
[LOG 17:52:21.823] Camera Mode: AUTO
[LOG 17:52:25.740] Game Paused!
[LOG 17:52:25.740] [UIMasterController]: ShowUI
[LOG 17:52:34.544] Flight State Captured
[LOG 17:52:34.544] Saving Achievements Tree...
[LOG 17:52:34.544] Saving Achievements Tree...
[LOG 17:52:34.545] [MessageSystem] Save Messages
[LOG 17:52:34.576] Game State Saved to saves/claude/diag-runway
[LOG 17:52:34.593] Game State Saved to saves/claude/persistent
[LOG 17:52:34.601] Game Unpaused!
[LOG 17:52:36.855] Game Paused!
[LOG 17:52:36.855] [UIMasterController]: ShowUI
[LOG 17:52:39.125] [KSPUpgradePipeline]: claude (1.12.5) is up to date.
[LOG 17:52:39.134] [ScenarioTypes]: List Created 23 scenario types loaded from 8 loaded assemblies.
[LOG 17:52:39.134] [MessageSystem] Load Messages
[LOG 17:52:39.136] [UIMasterController]: HideUI
[LOG 17:52:39.227] [HighLogic]: =========================== Scene Change : From FLIGHT to FLIGHT =====================
[LOG 17:52:39.228] Game Unpaused!
[LOG 17:52:39.380] [UIApp] OnDestroy: Construction
[LOG 17:52:39.380] KbApp.OnDestroy Unowned Info
[LOG 17:52:39.380] [UIApp] OnDestroy: AlarmClock
[LOG 17:52:39.381] KbApp.OnDestroy Planet Info
[LOG 17:52:39.381] KbApp.OnDestroy Planet Resources
[LOG 17:52:39.381] [UIApp] OnDestroy: DeltaVApp
[LOG 17:52:39.382] KbApp.OnDestroy Vessel Crew
[LOG 17:52:39.382] [UIApp] OnDestroy: KSPedia
[LOG 17:52:39.382] [UIApp] OnDestroy: ActionGroupsApp
[LOG 17:52:39.382] [UIApp] OnDestroy: ManeuverTool
[LOG 17:52:39.382] [PlanetariumCamera]: Focus: Kerbin
[LOG 17:52:39.383] [UIApp] OnDestroy: Cargo
[LOG 17:52:39.383] KbApp.OnDestroy Vessel Info
[LOG 17:52:39.384] [UIApp] OnDestroy: ResourceDisplay
[LOG 17:52:39.384] KbApp.OnDestroy Planet Parameters
[LOG 17:52:39.384] KbApp.OnDestroy NullName
[LOG 17:52:39.386] [KSPCF:MemoryLeaks] Removed a OnMapExited callback owned by a destroyed Assembly-CSharp:NavBallToggle instance
[LOG 17:52:39.386] [KSPCF:MemoryLeaks] Removed a OnGameSettingsApplied callback owned by a destroyed Assembly-CSharp:VesselAutopilotUI instance
[LOG 17:52:39.386] [KSPCF:MemoryLeaks] Removed a onPartActionUICreate callback owned by a destroyed Assembly-CSharp:ModuleInventoryPart instance
[LOG 17:52:39.386] [KSPCF:MemoryLeaks] Removed a onPartActionUICreate callback owned by a destroyed Assembly-CSharp:ModuleInventoryPart instance
[LOG 17:52:39.387] [KSPCF:MemoryLeaks] Removed a onModuleInventoryChanged callback owned by a destroyed Assembly-CSharp:ModuleInventoryPart instance
[LOG 17:52:39.387] [KSPCF:MemoryLeaks] Removed a onModuleInventoryChanged callback owned by a destroyed Assembly-CSharp:ModuleInventoryPart instance
[LOG 17:52:39.387] [KSPCF:MemoryLeaks] Removed a OnDestructibleLoaded callback owned by a destroyed Assembly-CSharp:RunwayCollisionHandler instance
[LOG 17:52:39.387] [KSPCF:MemoryLeaks] Removed a OnClick callback owned by a destroyed Assembly-CSharp:EVAConstructionModeEditor instance
[LOG 17:52:39.388] [KSPCF:MemoryLeaks] Removed a TimingManager.Instance.timing5.onLateUpdate callback owned by a destroyed Assembly-CSharp:MapView instance
[LOG 17:52:39.388] [KSPCF:MemoryLeaks] Leaving scene "Flight", cleaned 39 memory leaks in 0.003s. GameEvents callbacks : 535. Allocated memory : 721.051 MiB (managed heap), 2.214 GiB (unmanaged)
[LOG 17:52:39.398] UICanvasPrefabSpawner FlightUI spawning Flight
[LOG 17:52:39.418] UICanvasPrefabSpawner FlightUI spawning VesselLabels
[LOG 17:52:39.418] [UiApp] Awake: ResourceDisplay
[LOG 17:52:39.510] [AddonLoader]: Instantiating addon 'AeroGUI' from assembly 'KSP'
[LOG 17:52:39.522] [AddonLoader]: Instantiating addon 'TerrainPrecisionFixDiag2Mod' from assembly 'TerrainPrecisionFixDiag2Mod'
[LOG 17:52:39.522] [AddonLoader]: Instantiating addon 'TerrainPrecisionFixDiagMod' from assembly 'TerrainPrecisionFixDiagMod'
[LOG 17:52:39.522] [PlanetariumCamera]: Focus: Kerbin
[LOG 17:52:39.523] [UIMasterController]: HideUI
[LOG 17:52:39.866] [UIMasterController]: HideUI
[LOG 17:52:39.866] ------------------- initializing flight mode... ------------------
[LOG 17:52:39.867] GetSubclassesOfParentClass: Using cached results for AlarmTypeBase
[LOG 17:52:39.868] Loading Depletion Nodes
[LOG 17:52:39.868] DepNodeCount:  0
[LOG 17:52:39.868] Loading Biome Nodes
[LOG 17:52:39.868] BiomeNodeCount:  0
[LOG 17:52:39.868] Loading Planet Nodes
[LOG 17:52:39.868] PlanetNodeCount:  0
[LOG 17:52:39.870] [ScenarioDestructibles]: Loading... 0 objects registered
[LOG 17:52:39.908] Target vessel index: 7  vessel count: 9
[LOG 17:52:39.908] [FLIGHT GLOBALS]: Switching To Vessel Vaisseau sans nom ---------------------- 
[LOG 17:52:39.908] setting new dominant body: Kerbin
FlightGlobals.mainBody: Kerbin
[LOG 17:52:39.908] Reference Frame: Rotating
[LOG 17:52:39.915] [Vaisseau sans nom]: landed - waiting for ground contact to resume physics...
[LOG 17:52:39.916] Camera Mode: AUTO
[LOG 17:52:42.525] all systems started
[LOG 17:52:42.647] [Vaisseau sans nom]: landed - waiting for ground contact to resume physics...
[LOG 17:52:42.678] [UiApp] Awake: CurrencyWidgetsApp
[LOG 17:52:42.678] [UiApp] Awake: ResourceDisplay
[LOG 17:52:42.678] [UiApp] Awake: KSPedia
[LOG 17:52:42.678] [UiApp] Awake: Missions App
[LOG 17:52:42.678] [UiApp] Awake: DeltaVApp
[LOG 17:52:42.678] [UiApp] Awake: ActionGroupsApp
[LOG 17:52:42.678] [UiApp] Awake: Construction
[LOG 17:52:42.679] [UiApp] Awake: Cargo
[LOG 17:52:42.679] [UiApp] Awake: AlarmClock
[LOG 17:52:42.679] [UiApp] Awake: ManeuverTool
[LOG 17:52:42.679] [ApplicationLauncher] OnSceneLoadedGUIReady: scene FLIGHT ShouldBeVisible() True ShouldBeOnTop() True iIsPositionedAtTop True
[LOG 17:52:42.681] [KnowledgeBase] OnAppLauncherReady 46378
[LOG 17:52:42.692] [UIApp] OnDestroy: Contracts
[LOG 17:52:42.716] [FlightIntegrator]: Reloaded drag cube for zeroed cube root part fuelTankSmallFlat (Vaisseau sans nom) on vessel Vaisseau sans nom
[LOG 17:52:42.718] [MessageSystem] Reposition 0.02 46379
[LOG 17:52:42.718] [GenericAppFrame] Reposition 0.02 46379
[LOG 17:52:42.718] [GenericAppFrame] Reposition 0.02 46379
[LOG 17:52:42.790] [FlightIntegrator]: Reloaded drag cube for zeroed cube root part fuelTankSmallFlat (Vaisseau sans nom) on vessel Vaisseau sans nom
[LOG 17:52:42.793] [PlanetariumCamera]: Focus: Vaisseau sans nom
[LOG 17:52:42.809] [UIApp] Adding ResourceDisplay to Application Launcher
[LOG 17:52:42.810] [UIApp] Adding ResourceDisplay to Application Launcher
[LOG 17:52:42.819] [ResourceDisplay] OnAppStarted(): id: -708034
[LOG 17:52:42.820] [GenericAppFrame] Reposition 0.1113546 46383
[LOG 17:52:42.820] [ResourceDisplay] OnAppStarted(): id: 328038
[LOG 17:52:42.820] ResourceDisplay already exist, destroying this instance
[LOG 17:52:42.820] [UIApp] OnDestroy: ResourceDisplay
[LOG 17:52:42.834] [UIApp] Adding AlarmClock to Application Launcher
[LOG 17:52:42.835] [UIApp] Adding ActionGroupsApp to Application Launcher
[LOG 17:52:42.836] [UIApp] Adding Missions App to Application Launcher
[LOG 17:52:42.837] CURRENCY WIDGET False False False
[LOG 17:52:42.839] [UIApp] OnDestroy: CurrencyWidgetsApp
[LOG 17:52:42.859] [GenericAppFrame] Reposition 0.137831 46385
[LOG 17:52:42.862] [ActionGroupsApp] OnAppStarted(): id: -708058
[LOG 17:52:42.862] [GenericAppFrame] Reposition 0.137831 46385
[LOG 17:52:42.863] [UIApp] Adding DeltaVApp to Application Launcher
[LOG 17:52:42.864] [MissionsApp] OnAppStarted(): id: -708046
[LOG 17:52:42.864] MissionsApp does not execute in this game mode, destroying this instance
[LOG 17:52:42.864] [UIApp] OnDestroy: Missions App
[LOG 17:52:42.875] [GenericAppFrame] Reposition 0.1653379 46386
[LOG 17:52:42.886] [UIApp] Adding Cargo to Application Launcher
[LOG 17:52:42.887] [UIApp] Adding Construction to Application Launcher
[LOG 17:52:42.888] [UIApp] Adding KSPedia to Application Launcher
[LOG 17:52:42.898] [UIApp] Adding ManeuverTool to Application Launcher
[LOG 17:52:42.900] [ApplicationLauncher] SetHidden: 
[LOG 17:52:42.914] [GenericAppFrame] Reposition 0.2013929 46389
[LOG 17:52:42.922] [ManeuverTool]: Found 1 transfer types
[LOG 17:52:42.955] Flight State Captured
[LOG 17:52:42.956] Saving Achievements Tree...
[LOG 17:52:42.956] Saving Achievements Tree...
[LOG 17:52:42.956] [MessageSystem] Save Messages
[LOG 17:52:42.967] Game State Saved as persistent
[LOG 17:52:43.709] Unpacking Vaisseau sans nom
[LOG 17:52:43.709] Unpacking Vaisseau sans nom
[LOG 17:52:43.715] [UIMasterController]: ShowUI
[LOG 17:52:50.670] [FLIGHT GLOBALS]: Switching To Vessel Vaisseau sans nom ---------------------- 
[LOG 17:52:50.670] [PlanetariumCamera]: Focus: Vaisseau sans nom
[LOG 17:52:50.676] Camera Mode: AUTO
[LOG 17:52:54.165] Game Paused!
[LOG 17:52:54.165] [UIMasterController]: ShowUI
[LOG 17:52:55.470] [SceneLoadSpeedBoost] Save loaded from disk in 2ms
[LOG 17:52:57.024] [KSPUpgradePipeline]: claude (1.12.5) is up to date.
[LOG 17:52:57.033] [ScenarioTypes]: List Created 23 scenario types loaded from 8 loaded assemblies.
[LOG 17:52:57.033] [MessageSystem] Load Messages
[LOG 17:52:57.035] [UIMasterController]: HideUI
[LOG 17:52:57.124] [HighLogic]: =========================== Scene Change : From FLIGHT to FLIGHT =====================
[LOG 17:52:57.126] Game Unpaused!
[LOG 17:52:57.281] [UIApp] OnDestroy: DeltaVApp
[LOG 17:52:57.357] [UIApp] OnDestroy: ManeuverTool
[LOG 17:52:57.357] KbApp.OnDestroy Planet Parameters
[LOG 17:52:57.357] KbApp.OnDestroy Planet Resources
[LOG 17:52:57.357] [UIApp] OnDestroy: Construction
[LOG 17:52:57.358] [UIApp] OnDestroy: ResourceDisplay
[LOG 17:52:57.358] KbApp.OnDestroy Vessel Crew
[LOG 17:52:57.358] [UIApp] OnDestroy: KSPedia
[LOG 17:52:57.358] [UIApp] OnDestroy: Cargo
[LOG 17:52:57.359] KbApp.OnDestroy Planet Info
[LOG 17:52:57.359] KbApp.OnDestroy Unowned Info
[LOG 17:52:57.359] [UIApp] OnDestroy: ActionGroupsApp
[LOG 17:52:57.359] [UIApp] OnDestroy: AlarmClock
[LOG 17:52:57.359] [PlanetariumCamera]: Focus: Kerbin
[LOG 17:52:57.359] KbApp.OnDestroy NullName
[LOG 17:52:57.360] KbApp.OnDestroy Vessel Info
[LOG 17:52:57.361] [KSPCF:MemoryLeaks] Removed a OnMapExited callback owned by a destroyed Assembly-CSharp:NavBallToggle instance
[LOG 17:52:57.361] [KSPCF:MemoryLeaks] Removed a OnGameSettingsApplied callback owned by a destroyed Assembly-CSharp:VesselAutopilotUI instance
[LOG 17:52:57.361] [KSPCF:MemoryLeaks] Removed a onPartActionUICreate callback owned by a destroyed Assembly-CSharp:ModuleInventoryPart instance
[LOG 17:52:57.362] [KSPCF:MemoryLeaks] Removed a onPartActionUICreate callback owned by a destroyed Assembly-CSharp:ModuleInventoryPart instance
[LOG 17:52:57.362] [KSPCF:MemoryLeaks] Removed a onModuleInventoryChanged callback owned by a destroyed Assembly-CSharp:ModuleInventoryPart instance
[LOG 17:52:57.362] [KSPCF:MemoryLeaks] Removed a onModuleInventoryChanged callback owned by a destroyed Assembly-CSharp:ModuleInventoryPart instance
[LOG 17:52:57.362] [KSPCF:MemoryLeaks] Removed a OnDestructibleLoaded callback owned by a destroyed Assembly-CSharp:RunwayCollisionHandler instance
[LOG 17:52:57.363] [KSPCF:MemoryLeaks] Removed a OnClick callback owned by a destroyed Assembly-CSharp:EVAConstructionModeEditor instance
[LOG 17:52:57.363] [KSPCF:MemoryLeaks] Removed a TimingManager.Instance.timing5.onLateUpdate callback owned by a destroyed Assembly-CSharp:MapView instance
[LOG 17:52:57.363] [KSPCF:MemoryLeaks] Leaving scene "Flight", cleaned 39 memory leaks in 0.002s. GameEvents callbacks : 535. Allocated memory : 687.031 MiB (managed heap), 2.215 GiB (unmanaged)
[LOG 17:52:57.373] UICanvasPrefabSpawner FlightUI spawning Flight
[LOG 17:52:57.393] UICanvasPrefabSpawner FlightUI spawning VesselLabels
[LOG 17:52:57.393] [UiApp] Awake: ResourceDisplay
[LOG 17:52:57.489] [AddonLoader]: Instantiating addon 'AeroGUI' from assembly 'KSP'
[LOG 17:52:57.502] [AddonLoader]: Instantiating addon 'TerrainPrecisionFixDiag2Mod' from assembly 'TerrainPrecisionFixDiag2Mod'
[LOG 17:52:57.503] [AddonLoader]: Instantiating addon 'TerrainPrecisionFixDiagMod' from assembly 'TerrainPrecisionFixDiagMod'
[LOG 17:52:57.503] [PlanetariumCamera]: Focus: Kerbin
[LOG 17:52:57.503] [UIMasterController]: HideUI
[LOG 17:52:57.838] [UIMasterController]: HideUI
[LOG 17:52:57.838] ------------------- initializing flight mode... ------------------
[LOG 17:52:57.839] GetSubclassesOfParentClass: Using cached results for AlarmTypeBase
[LOG 17:52:57.840] Loading Depletion Nodes
[LOG 17:52:57.840] DepNodeCount:  0
[LOG 17:52:57.840] Loading Biome Nodes
[LOG 17:52:57.840] BiomeNodeCount:  0
[LOG 17:52:57.840] Loading Planet Nodes
[LOG 17:52:57.840] PlanetNodeCount:  0
[LOG 17:52:57.841] [ScenarioDestructibles]: Loading... 0 objects registered
[LOG 17:52:57.878] Target vessel index: 7  vessel count: 9
[LOG 17:52:57.879] [FLIGHT GLOBALS]: Switching To Vessel Vaisseau sans nom ---------------------- 
[LOG 17:52:57.879] setting new dominant body: Kerbin
FlightGlobals.mainBody: Kerbin
[LOG 17:52:57.879] Reference Frame: Rotating
[LOG 17:52:57.888] [Vaisseau sans nom]: landed - waiting for ground contact to resume physics...
[LOG 17:52:57.889] Camera Mode: AUTO
[LOG 17:53:00.471] all systems started
[LOG 17:53:00.608] [Vaisseau sans nom]: landed - waiting for ground contact to resume physics...
[LOG 17:53:00.640] [UiApp] Awake: CurrencyWidgetsApp
[LOG 17:53:00.641] [UiApp] Awake: ResourceDisplay
[LOG 17:53:00.641] [UiApp] Awake: KSPedia
[LOG 17:53:00.641] [UiApp] Awake: Missions App
[LOG 17:53:00.641] [UiApp] Awake: DeltaVApp
[LOG 17:53:00.641] [UiApp] Awake: ActionGroupsApp
[LOG 17:53:00.641] [UiApp] Awake: Construction
[LOG 17:53:00.641] [UiApp] Awake: Cargo
[LOG 17:53:00.641] [UiApp] Awake: AlarmClock
[LOG 17:53:00.642] [UiApp] Awake: ManeuverTool
[LOG 17:53:00.642] [ApplicationLauncher] OnSceneLoadedGUIReady: scene FLIGHT ShouldBeVisible() True ShouldBeOnTop() True iIsPositionedAtTop True
[LOG 17:53:00.645] [KnowledgeBase] OnAppLauncherReady 48303
[LOG 17:53:00.656] [UIApp] OnDestroy: Contracts
[LOG 17:53:00.677] [FlightIntegrator]: Reloaded drag cube for zeroed cube root part fuelTankSmallFlat (Vaisseau sans nom) on vessel Vaisseau sans nom
[LOG 17:53:00.679] [MessageSystem] Reposition 0.02 48304
[LOG 17:53:00.679] [GenericAppFrame] Reposition 0.02 48304
[LOG 17:53:00.679] [GenericAppFrame] Reposition 0.02 48304
[LOG 17:53:00.752] [FlightIntegrator]: Reloaded drag cube for zeroed cube root part fuelTankSmallFlat (Vaisseau sans nom) on vessel Vaisseau sans nom
[LOG 17:53:00.755] [PlanetariumCamera]: Focus: Vaisseau sans nom
[LOG 17:53:00.772] [UIApp] Adding ResourceDisplay to Application Launcher
[LOG 17:53:00.773] [UIApp] Adding ResourceDisplay to Application Launcher
[LOG 17:53:00.783] [ResourceDisplay] OnAppStarted(): id: -755288
[LOG 17:53:00.784] [GenericAppFrame] Reposition 0.1120332 48308
[LOG 17:53:00.784] [ResourceDisplay] OnAppStarted(): id: 328170
[LOG 17:53:00.784] ResourceDisplay already exist, destroying this instance
[LOG 17:53:00.784] [UIApp] OnDestroy: ResourceDisplay
[LOG 17:53:00.797] [UIApp] Adding AlarmClock to Application Launcher
[LOG 17:53:00.798] [UIApp] Adding ActionGroupsApp to Application Launcher
[LOG 17:53:00.799] [UIApp] Adding Missions App to Application Launcher
[LOG 17:53:00.800] CURRENCY WIDGET False False False
[LOG 17:53:00.802] [UIApp] OnDestroy: CurrencyWidgetsApp
[LOG 17:53:00.821] [GenericAppFrame] Reposition 0.1384585 48310
[LOG 17:53:00.824] [ActionGroupsApp] OnAppStarted(): id: -755312
[LOG 17:53:00.825] [GenericAppFrame] Reposition 0.1384585 48310
[LOG 17:53:00.825] [UIApp] Adding DeltaVApp to Application Launcher
[LOG 17:53:00.826] [MissionsApp] OnAppStarted(): id: -755300
[LOG 17:53:00.826] MissionsApp does not execute in this game mode, destroying this instance
[LOG 17:53:00.826] [UIApp] OnDestroy: Missions App
[LOG 17:53:00.838] [GenericAppFrame] Reposition 0.1658931 48311
[LOG 17:53:00.849] [UIApp] Adding Cargo to Application Launcher
[LOG 17:53:00.850] [UIApp] Adding Construction to Application Launcher
[LOG 17:53:00.851] [UIApp] Adding KSPedia to Application Launcher
[LOG 17:53:00.862] [UIApp] Adding ManeuverTool to Application Launcher
[LOG 17:53:00.864] [ApplicationLauncher] SetHidden: 
[LOG 17:53:00.879] [GenericAppFrame] Reposition 0.2035892 48314
[LOG 17:53:00.889] [ManeuverTool]: Found 1 transfer types
[LOG 17:53:00.926] Flight State Captured
[LOG 17:53:00.926] Saving Achievements Tree...
[LOG 17:53:00.926] Saving Achievements Tree...
[LOG 17:53:00.926] [MessageSystem] Save Messages
[LOG 17:53:00.937] Game State Saved as persistent
[LOG 17:53:01.660] Unpacking Vaisseau sans nom
[LOG 17:53:01.660] Unpacking Vaisseau sans nom
[LOG 17:53:01.666] [UIMasterController]: ShowUI
[LOG 17:53:10.251] [FLIGHT GLOBALS]: Switching To Vessel Vaisseau sans nom ---------------------- 
[LOG 17:53:10.252] [PlanetariumCamera]: Focus: Vaisseau sans nom
[LOG 17:53:10.258] Camera Mode: AUTO
[LOG 17:53:13.797] Game Paused!
[LOG 17:53:13.797] [UIMasterController]: ShowUI
[LOG 17:53:14.639] [SceneLoadSpeedBoost] Save loaded from disk in 4ms
[LOG 17:53:17.171] [KSPUpgradePipeline]: claude (1.12.5) is up to date.
[LOG 17:53:17.181] [ScenarioTypes]: List Created 23 scenario types loaded from 8 loaded assemblies.
[LOG 17:53:17.181] [MessageSystem] Load Messages
[LOG 17:53:17.182] [UIMasterController]: HideUI
[LOG 17:53:17.273] [HighLogic]: =========================== Scene Change : From FLIGHT to FLIGHT =====================
[LOG 17:53:17.274] Game Unpaused!
[LOG 17:53:17.428] [UIApp] OnDestroy: Construction
[LOG 17:53:17.428] [UIApp] OnDestroy: Cargo
[LOG 17:53:17.429] KbApp.OnDestroy NullName
[LOG 17:53:17.430] KbApp.OnDestroy Vessel Crew
[LOG 17:53:17.430] KbApp.OnDestroy Planet Info
[LOG 17:53:17.430] [UIApp] OnDestroy: ManeuverTool
[LOG 17:53:17.430] KbApp.OnDestroy Vessel Info
[LOG 17:53:17.430] [UIApp] OnDestroy: ResourceDisplay
[LOG 17:53:17.431] [UIApp] OnDestroy: AlarmClock
[LOG 17:53:17.431] [PlanetariumCamera]: Focus: Kerbin
[LOG 17:53:17.431] KbApp.OnDestroy Planet Parameters
[LOG 17:53:17.431] [UIApp] OnDestroy: ActionGroupsApp
[LOG 17:53:17.432] KbApp.OnDestroy Unowned Info
[LOG 17:53:17.432] KbApp.OnDestroy Planet Resources
[LOG 17:53:17.432] [UIApp] OnDestroy: KSPedia
[LOG 17:53:17.432] [UIApp] OnDestroy: DeltaVApp
[LOG 17:53:17.434] [KSPCF:MemoryLeaks] Removed a OnMapExited callback owned by a destroyed Assembly-CSharp:NavBallToggle instance
[LOG 17:53:17.434] [KSPCF:MemoryLeaks] Removed a OnGameSettingsApplied callback owned by a destroyed Assembly-CSharp:VesselAutopilotUI instance
[LOG 17:53:17.434] [KSPCF:MemoryLeaks] Removed a onPartActionUICreate callback owned by a destroyed Assembly-CSharp:ModuleInventoryPart instance
[LOG 17:53:17.434] [KSPCF:MemoryLeaks] Removed a onPartActionUICreate callback owned by a destroyed Assembly-CSharp:ModuleInventoryPart instance
[LOG 17:53:17.435] [KSPCF:MemoryLeaks] Removed a onModuleInventoryChanged callback owned by a destroyed Assembly-CSharp:ModuleInventoryPart instance
[LOG 17:53:17.435] [KSPCF:MemoryLeaks] Removed a onModuleInventoryChanged callback owned by a destroyed Assembly-CSharp:ModuleInventoryPart instance
[LOG 17:53:17.435] [KSPCF:MemoryLeaks] Removed a OnDestructibleLoaded callback owned by a destroyed Assembly-CSharp:RunwayCollisionHandler instance
[LOG 17:53:17.435] [KSPCF:MemoryLeaks] Removed a OnClick callback owned by a destroyed Assembly-CSharp:EVAConstructionModeEditor instance
[LOG 17:53:17.436] [KSPCF:MemoryLeaks] Removed a TimingManager.Instance.timing5.onLateUpdate callback owned by a destroyed Assembly-CSharp:MapView instance
[LOG 17:53:17.436] [KSPCF:MemoryLeaks] Leaving scene "Flight", cleaned 39 memory leaks in 0.002s. GameEvents callbacks : 535. Allocated memory : 726.211 MiB (managed heap), 2.217 GiB (unmanaged)
[LOG 17:53:17.446] UICanvasPrefabSpawner FlightUI spawning Flight
[LOG 17:53:17.466] UICanvasPrefabSpawner FlightUI spawning VesselLabels
[LOG 17:53:17.466] [UiApp] Awake: ResourceDisplay
[LOG 17:53:17.560] [AddonLoader]: Instantiating addon 'AeroGUI' from assembly 'KSP'
[LOG 17:53:17.573] [AddonLoader]: Instantiating addon 'TerrainPrecisionFixDiag2Mod' from assembly 'TerrainPrecisionFixDiag2Mod'
[LOG 17:53:17.573] [AddonLoader]: Instantiating addon 'TerrainPrecisionFixDiagMod' from assembly 'TerrainPrecisionFixDiagMod'
[LOG 17:53:17.573] [PlanetariumCamera]: Focus: Kerbin
[LOG 17:53:17.574] [UIMasterController]: HideUI
[LOG 17:53:17.913] [UIMasterController]: HideUI
[LOG 17:53:17.913] ------------------- initializing flight mode... ------------------
[LOG 17:53:17.914] GetSubclassesOfParentClass: Using cached results for AlarmTypeBase
[LOG 17:53:17.915] Loading Depletion Nodes
[LOG 17:53:17.915] DepNodeCount:  0
[LOG 17:53:17.915] Loading Biome Nodes
[LOG 17:53:17.915] BiomeNodeCount:  0
[LOG 17:53:17.915] Loading Planet Nodes
[LOG 17:53:17.915] PlanetNodeCount:  0
[LOG 17:53:17.917] [ScenarioDestructibles]: Loading... 0 objects registered
[LOG 17:53:17.955] Target vessel index: 7  vessel count: 9
[LOG 17:53:17.956] [FLIGHT GLOBALS]: Switching To Vessel Vaisseau sans nom ---------------------- 
[LOG 17:53:17.956] setting new dominant body: Kerbin
FlightGlobals.mainBody: Kerbin
[LOG 17:53:17.956] Reference Frame: Rotating
[LOG 17:53:17.963] [Vaisseau sans nom]: landed - waiting for ground contact to resume physics...
[LOG 17:53:17.963] Camera Mode: AUTO
[LOG 17:53:20.533] all systems started
[LOG 17:53:20.667] [Vaisseau sans nom]: landed - waiting for ground contact to resume physics...
[LOG 17:53:20.702] [UiApp] Awake: CurrencyWidgetsApp
[LOG 17:53:20.702] [UiApp] Awake: ResourceDisplay
[LOG 17:53:20.702] [UiApp] Awake: KSPedia
[LOG 17:53:20.702] [UiApp] Awake: Missions App
[LOG 17:53:20.703] [UiApp] Awake: DeltaVApp
[LOG 17:53:20.703] [UiApp] Awake: ActionGroupsApp
[LOG 17:53:20.703] [UiApp] Awake: Construction
[LOG 17:53:20.703] [UiApp] Awake: Cargo
[LOG 17:53:20.703] [UiApp] Awake: AlarmClock
[LOG 17:53:20.703] [UiApp] Awake: ManeuverTool
[LOG 17:53:20.703] [ApplicationLauncher] OnSceneLoadedGUIReady: scene FLIGHT ShouldBeVisible() True ShouldBeOnTop() True iIsPositionedAtTop True
[LOG 17:53:20.706] [KnowledgeBase] OnAppLauncherReady 50499
[LOG 17:53:20.717] [UIApp] OnDestroy: Contracts
[LOG 17:53:20.742] [FlightIntegrator]: Reloaded drag cube for zeroed cube root part fuelTankSmallFlat (Vaisseau sans nom) on vessel Vaisseau sans nom
[LOG 17:53:20.745] [MessageSystem] Reposition 0.02 50500
[LOG 17:53:20.745] [GenericAppFrame] Reposition 0.02 50500
[LOG 17:53:20.745] [GenericAppFrame] Reposition 0.02 50500
[LOG 17:53:20.821] [FlightIntegrator]: Reloaded drag cube for zeroed cube root part fuelTankSmallFlat (Vaisseau sans nom) on vessel Vaisseau sans nom
[LOG 17:53:20.824] [PlanetariumCamera]: Focus: Vaisseau sans nom
[LOG 17:53:20.841] [UIApp] Adding ResourceDisplay to Application Launcher
[LOG 17:53:20.842] [UIApp] Adding ResourceDisplay to Application Launcher
[LOG 17:53:20.852] [ResourceDisplay] OnAppStarted(): id: -802580
[LOG 17:53:20.853] [GenericAppFrame] Reposition 0.1128364 50504
[LOG 17:53:20.853] [ResourceDisplay] OnAppStarted(): id: 328302
[LOG 17:53:20.854] ResourceDisplay already exist, destroying this instance
[LOG 17:53:20.854] [UIApp] OnDestroy: ResourceDisplay
[LOG 17:53:20.867] [UIApp] Adding AlarmClock to Application Launcher
[LOG 17:53:20.868] [UIApp] Adding ActionGroupsApp to Application Launcher
[LOG 17:53:20.869] [UIApp] Adding Missions App to Application Launcher
[LOG 17:53:20.870] CURRENCY WIDGET False False False
[LOG 17:53:20.872] [UIApp] OnDestroy: CurrencyWidgetsApp
[LOG 17:53:20.892] [GenericAppFrame] Reposition 0.1406152 50506
[LOG 17:53:20.896] [ActionGroupsApp] OnAppStarted(): id: -802604
[LOG 17:53:20.896] [GenericAppFrame] Reposition 0.1406152 50506
[LOG 17:53:20.897] [UIApp] Adding DeltaVApp to Application Launcher
[LOG 17:53:20.898] [MissionsApp] OnAppStarted(): id: -802592
[LOG 17:53:20.898] MissionsApp does not execute in this game mode, destroying this instance
[LOG 17:53:20.898] [UIApp] OnDestroy: Missions App
[LOG 17:53:20.933] [GenericAppFrame] Reposition 0.1697376 50507
[LOG 17:53:20.951] [UIApp] Adding Cargo to Application Launcher
[LOG 17:53:20.952] [UIApp] Adding Construction to Application Launcher
[LOG 17:53:20.953] [UIApp] Adding KSPedia to Application Launcher
[LOG 17:53:20.969] [UIApp] Adding ManeuverTool to Application Launcher
[LOG 17:53:20.971] [ApplicationLauncher] SetHidden: 
[LOG 17:53:20.983] [GenericAppFrame] Reposition 0.2406479 50510
[LOG 17:53:20.991] [ManeuverTool]: Found 1 transfer types
[LOG 17:53:21.021] Flight State Captured
[LOG 17:53:21.022] Saving Achievements Tree...
[LOG 17:53:21.022] Saving Achievements Tree...
[LOG 17:53:21.022] [MessageSystem] Save Messages
[LOG 17:53:21.035] Game State Saved as persistent
[LOG 17:53:21.727] Unpacking Vaisseau sans nom
[LOG 17:53:21.727] Unpacking Vaisseau sans nom
[LOG 17:53:21.733] [UIMasterController]: ShowUI
[LOG 17:53:28.939] [FLIGHT GLOBALS]: Switching To Vessel Vaisseau sans nom ---------------------- 
[LOG 17:53:28.940] [PlanetariumCamera]: Focus: Vaisseau sans nom
[LOG 17:53:28.946] Camera Mode: AUTO
[LOG 17:53:33.396] Game Paused!
[LOG 17:53:33.399] [UIMasterController]: ShowUI
[LOG 17:53:34.075] [SceneLoadSpeedBoost] Save loaded from disk in 5ms
[LOG 17:53:35.234] [KSPUpgradePipeline]: claude (1.12.5) is up to date.
[LOG 17:53:35.243] [ScenarioTypes]: List Created 23 scenario types loaded from 8 loaded assemblies.
[LOG 17:53:35.243] [MessageSystem] Load Messages
[LOG 17:53:35.244] [UIMasterController]: HideUI
[LOG 17:53:35.335] [HighLogic]: =========================== Scene Change : From FLIGHT to FLIGHT =====================
[LOG 17:53:35.336] Game Unpaused!
[LOG 17:53:35.491] [UIApp] OnDestroy: DeltaVApp
[LOG 17:53:35.491] [UIApp] OnDestroy: AlarmClock
[LOG 17:53:35.491] KbApp.OnDestroy Vessel Info
[LOG 17:53:35.491] [PlanetariumCamera]: Focus: Kerbin
[LOG 17:53:35.492] KbApp.OnDestroy Vessel Crew
[LOG 17:53:35.492] [UIApp] OnDestroy: ActionGroupsApp
[LOG 17:53:35.492] [UIApp] OnDestroy: Construction
[LOG 17:53:35.492] [UIApp] OnDestroy: ResourceDisplay
[LOG 17:53:35.493] KbApp.OnDestroy NullName
[LOG 17:53:35.493] KbApp.OnDestroy Planet Parameters
[LOG 17:53:35.493] [UIApp] OnDestroy: KSPedia
[LOG 17:53:35.494] KbApp.OnDestroy Unowned Info
[LOG 17:53:35.494] KbApp.OnDestroy Planet Resources
[LOG 17:53:35.494] [UIApp] OnDestroy: Cargo
[LOG 17:53:35.495] [UIApp] OnDestroy: ManeuverTool
[LOG 17:53:35.495] KbApp.OnDestroy Planet Info
[LOG 17:53:35.497] [KSPCF:MemoryLeaks] Removed a OnMapExited callback owned by a destroyed Assembly-CSharp:NavBallToggle instance
[LOG 17:53:35.497] [KSPCF:MemoryLeaks] Removed a OnGameSettingsApplied callback owned by a destroyed Assembly-CSharp:VesselAutopilotUI instance
[LOG 17:53:35.497] [KSPCF:MemoryLeaks] Removed a onPartActionUICreate callback owned by a destroyed Assembly-CSharp:ModuleInventoryPart instance
[LOG 17:53:35.497] [KSPCF:MemoryLeaks] Removed a onPartActionUICreate callback owned by a destroyed Assembly-CSharp:ModuleInventoryPart instance
[LOG 17:53:35.497] [KSPCF:MemoryLeaks] Removed a onModuleInventoryChanged callback owned by a destroyed Assembly-CSharp:ModuleInventoryPart instance
[LOG 17:53:35.497] [KSPCF:MemoryLeaks] Removed a onModuleInventoryChanged callback owned by a destroyed Assembly-CSharp:ModuleInventoryPart instance
[LOG 17:53:35.498] [KSPCF:MemoryLeaks] Removed a OnDestructibleLoaded callback owned by a destroyed Assembly-CSharp:RunwayCollisionHandler instance
[LOG 17:53:35.498] [KSPCF:MemoryLeaks] Removed a OnClick callback owned by a destroyed Assembly-CSharp:EVAConstructionModeEditor instance
[LOG 17:53:35.498] [KSPCF:MemoryLeaks] Removed a TimingManager.Instance.timing5.onLateUpdate callback owned by a destroyed Assembly-CSharp:MapView instance
[LOG 17:53:35.498] [KSPCF:MemoryLeaks] Leaving scene "Flight", cleaned 39 memory leaks in 0.002s. GameEvents callbacks : 535. Allocated memory : 691.516 MiB (managed heap), 2.218 GiB (unmanaged)
[LOG 17:53:35.509] UICanvasPrefabSpawner FlightUI spawning Flight
[LOG 17:53:35.529] UICanvasPrefabSpawner FlightUI spawning VesselLabels
[LOG 17:53:35.529] [UiApp] Awake: ResourceDisplay
[LOG 17:53:35.623] [AddonLoader]: Instantiating addon 'AeroGUI' from assembly 'KSP'
[LOG 17:53:35.636] [AddonLoader]: Instantiating addon 'TerrainPrecisionFixDiag2Mod' from assembly 'TerrainPrecisionFixDiag2Mod'
[LOG 17:53:35.636] [AddonLoader]: Instantiating addon 'TerrainPrecisionFixDiagMod' from assembly 'TerrainPrecisionFixDiagMod'
[LOG 17:53:35.636] [PlanetariumCamera]: Focus: Kerbin
[LOG 17:53:35.637] [UIMasterController]: HideUI
[LOG 17:53:35.983] [UIMasterController]: HideUI
[LOG 17:53:35.983] ------------------- initializing flight mode... ------------------
[LOG 17:53:35.984] GetSubclassesOfParentClass: Using cached results for AlarmTypeBase
[LOG 17:53:35.985] Loading Depletion Nodes
[LOG 17:53:35.985] DepNodeCount:  0
[LOG 17:53:35.985] Loading Biome Nodes
[LOG 17:53:35.985] BiomeNodeCount:  0
[LOG 17:53:35.985] Loading Planet Nodes
[LOG 17:53:35.985] PlanetNodeCount:  0
[LOG 17:53:35.987] [ScenarioDestructibles]: Loading... 0 objects registered
[LOG 17:53:36.028] Target vessel index: 7  vessel count: 9
[LOG 17:53:36.028] [FLIGHT GLOBALS]: Switching To Vessel Vaisseau sans nom ---------------------- 
[LOG 17:53:36.028] setting new dominant body: Kerbin
FlightGlobals.mainBody: Kerbin
[LOG 17:53:36.028] Reference Frame: Rotating
[LOG 17:53:36.036] [Vaisseau sans nom]: landed - waiting for ground contact to resume physics...
[LOG 17:53:36.036] Camera Mode: AUTO
[LOG 17:53:38.591] all systems started
[LOG 17:53:38.720] [Vaisseau sans nom]: landed - waiting for ground contact to resume physics...
[LOG 17:53:38.749] [UiApp] Awake: CurrencyWidgetsApp
[LOG 17:53:38.749] [UiApp] Awake: ResourceDisplay
[LOG 17:53:38.749] [UiApp] Awake: KSPedia
[LOG 17:53:38.750] [UiApp] Awake: Missions App
[LOG 17:53:38.750] [UiApp] Awake: DeltaVApp
[LOG 17:53:38.750] [UiApp] Awake: ActionGroupsApp
[LOG 17:53:38.750] [UiApp] Awake: Construction
[LOG 17:53:38.750] [UiApp] Awake: Cargo
[LOG 17:53:38.750] [UiApp] Awake: AlarmClock
[LOG 17:53:38.750] [UiApp] Awake: ManeuverTool
[LOG 17:53:38.750] [ApplicationLauncher] OnSceneLoadedGUIReady: scene FLIGHT ShouldBeVisible() True ShouldBeOnTop() True iIsPositionedAtTop True
[LOG 17:53:38.753] [KnowledgeBase] OnAppLauncherReady 52319
[LOG 17:53:38.763] [UIApp] OnDestroy: Contracts
[LOG 17:53:38.789] [FlightIntegrator]: Reloaded drag cube for zeroed cube root part fuelTankSmallFlat (Vaisseau sans nom) on vessel Vaisseau sans nom
[LOG 17:53:38.792] [MessageSystem] Reposition 0.02 52320
[LOG 17:53:38.792] [GenericAppFrame] Reposition 0.02 52320
[LOG 17:53:38.792] [GenericAppFrame] Reposition 0.02 52320
[LOG 17:53:38.865] [FlightIntegrator]: Reloaded drag cube for zeroed cube root part fuelTankSmallFlat (Vaisseau sans nom) on vessel Vaisseau sans nom
[LOG 17:53:38.868] [PlanetariumCamera]: Focus: Vaisseau sans nom
[LOG 17:53:38.885] [UIApp] Adding ResourceDisplay to Application Launcher
[LOG 17:53:38.886] [UIApp] Adding ResourceDisplay to Application Launcher
[LOG 17:53:38.897] [ResourceDisplay] OnAppStarted(): id: -849800
[LOG 17:53:38.898] [GenericAppFrame] Reposition 0.1133952 52324
[LOG 17:53:38.898] [ResourceDisplay] OnAppStarted(): id: 328434
[LOG 17:53:38.898] ResourceDisplay already exist, destroying this instance
[LOG 17:53:38.898] [UIApp] OnDestroy: ResourceDisplay
[LOG 17:53:38.911] [UIApp] Adding AlarmClock to Application Launcher
[LOG 17:53:38.912] [UIApp] Adding ActionGroupsApp to Application Launcher
[LOG 17:53:38.913] [UIApp] Adding Missions App to Application Launcher
[LOG 17:53:38.914] CURRENCY WIDGET False False False
[LOG 17:53:38.916] [UIApp] OnDestroy: CurrencyWidgetsApp
[LOG 17:53:38.936] [GenericAppFrame] Reposition 0.1399593 52326
[LOG 17:53:38.939] [ActionGroupsApp] OnAppStarted(): id: -849824
[LOG 17:53:38.940] [GenericAppFrame] Reposition 0.1399593 52326
[LOG 17:53:38.940] [UIApp] Adding DeltaVApp to Application Launcher
[LOG 17:53:38.941] [MissionsApp] OnAppStarted(): id: -849812
[LOG 17:53:38.941] MissionsApp does not execute in this game mode, destroying this instance
[LOG 17:53:38.942] [UIApp] OnDestroy: Missions App
[LOG 17:53:38.952] [GenericAppFrame] Reposition 0.16772 52327
[LOG 17:53:38.964] [UIApp] Adding Cargo to Application Launcher
[LOG 17:53:38.965] [UIApp] Adding Construction to Application Launcher
[LOG 17:53:38.966] [UIApp] Adding KSPedia to Application Launcher
[LOG 17:53:38.976] [UIApp] Adding ManeuverTool to Application Launcher
[LOG 17:53:38.978] [ApplicationLauncher] SetHidden: 
[LOG 17:53:38.991] [GenericAppFrame] Reposition 0.2034149 52330
[LOG 17:53:38.999] [ManeuverTool]: Found 1 transfer types
[LOG 17:53:39.033] Flight State Captured
[LOG 17:53:39.033] Saving Achievements Tree...
[LOG 17:53:39.033] Saving Achievements Tree...
[LOG 17:53:39.033] [MessageSystem] Save Messages
[LOG 17:53:39.045] Game State Saved as persistent
[LOG 17:53:39.785] Unpacking Vaisseau sans nom
[LOG 17:53:39.785] Unpacking Vaisseau sans nom
[LOG 17:53:39.792] [UIMasterController]: ShowUI
[LOG 17:53:47.101] [FLIGHT GLOBALS]: Switching To Vessel Vaisseau sans nom ---------------------- 
[LOG 17:53:47.101] [PlanetariumCamera]: Focus: Vaisseau sans nom
[LOG 17:53:47.107] Camera Mode: AUTO
[LOG 17:53:51.364] Game Paused!
[LOG 17:53:51.364] [UIMasterController]: ShowUI
[LOG 17:53:52.139] [SceneLoadSpeedBoost] Save loaded from disk in 10ms
[LOG 17:53:53.834] [KSPUpgradePipeline]: claude (1.12.5) is up to date.
[LOG 17:53:53.844] [ScenarioTypes]: List Created 23 scenario types loaded from 8 loaded assemblies.
[LOG 17:53:53.845] [MessageSystem] Load Messages
[LOG 17:53:53.846] [UIMasterController]: HideUI
[LOG 17:53:53.940] [HighLogic]: =========================== Scene Change : From FLIGHT to FLIGHT =====================
[LOG 17:53:53.941] Game Unpaused!
[LOG 17:53:54.099] KbApp.OnDestroy Planet Resources
[LOG 17:53:54.100] [PlanetariumCamera]: Focus: Kerbin
[LOG 17:53:54.100] [UIApp] OnDestroy: ResourceDisplay
[LOG 17:53:54.100] KbApp.OnDestroy Vessel Crew
[LOG 17:53:54.101] KbApp.OnDestroy Unowned Info
[LOG 17:53:54.101] KbApp.OnDestroy Vessel Info
[LOG 17:53:54.101] KbApp.OnDestroy Planet Info
[LOG 17:53:54.101] [UIApp] OnDestroy: ActionGroupsApp
[LOG 17:53:54.102] [UIApp] OnDestroy: Cargo
[LOG 17:53:54.103] KbApp.OnDestroy NullName
[LOG 17:53:54.103] [UIApp] OnDestroy: KSPedia
[LOG 17:53:54.103] KbApp.OnDestroy Planet Parameters
[LOG 17:53:54.103] [UIApp] OnDestroy: Construction
[LOG 17:53:54.103] [UIApp] OnDestroy: ManeuverTool
[LOG 17:53:54.103] [UIApp] OnDestroy: AlarmClock
[LOG 17:53:54.103] [UIApp] OnDestroy: DeltaVApp
[LOG 17:53:54.105] [KSPCF:MemoryLeaks] Removed a OnMapExited callback owned by a destroyed Assembly-CSharp:NavBallToggle instance
[LOG 17:53:54.105] [KSPCF:MemoryLeaks] Removed a OnGameSettingsApplied callback owned by a destroyed Assembly-CSharp:VesselAutopilotUI instance
[LOG 17:53:54.105] [KSPCF:MemoryLeaks] Removed a onPartActionUICreate callback owned by a destroyed Assembly-CSharp:ModuleInventoryPart instance
[LOG 17:53:54.105] [KSPCF:MemoryLeaks] Removed a onPartActionUICreate callback owned by a destroyed Assembly-CSharp:ModuleInventoryPart instance
[LOG 17:53:54.106] [KSPCF:MemoryLeaks] Removed a onModuleInventoryChanged callback owned by a destroyed Assembly-CSharp:ModuleInventoryPart instance
[LOG 17:53:54.106] [KSPCF:MemoryLeaks] Removed a onModuleInventoryChanged callback owned by a destroyed Assembly-CSharp:ModuleInventoryPart instance
[LOG 17:53:54.106] [KSPCF:MemoryLeaks] Removed a OnDestructibleLoaded callback owned by a destroyed Assembly-CSharp:RunwayCollisionHandler instance
[LOG 17:53:54.106] [KSPCF:MemoryLeaks] Removed a OnClick callback owned by a destroyed Assembly-CSharp:EVAConstructionModeEditor instance
[LOG 17:53:54.106] [KSPCF:MemoryLeaks] Removed a TimingManager.Instance.timing5.onLateUpdate callback owned by a destroyed Assembly-CSharp:MapView instance
[LOG 17:53:54.107] [KSPCF:MemoryLeaks] Leaving scene "Flight", cleaned 39 memory leaks in 0.002s. GameEvents callbacks : 535. Allocated memory : 713.547 MiB (managed heap), 2.219 GiB (unmanaged)
[LOG 17:53:54.117] UICanvasPrefabSpawner FlightUI spawning Flight
[LOG 17:53:54.137] UICanvasPrefabSpawner FlightUI spawning VesselLabels
[LOG 17:53:54.137] [UiApp] Awake: ResourceDisplay
[LOG 17:53:54.229] [AddonLoader]: Instantiating addon 'AeroGUI' from assembly 'KSP'
[LOG 17:53:54.241] [AddonLoader]: Instantiating addon 'TerrainPrecisionFixDiag2Mod' from assembly 'TerrainPrecisionFixDiag2Mod'
[LOG 17:53:54.241] [AddonLoader]: Instantiating addon 'TerrainPrecisionFixDiagMod' from assembly 'TerrainPrecisionFixDiagMod'
[LOG 17:53:54.241] [PlanetariumCamera]: Focus: Kerbin
[LOG 17:53:54.242] [UIMasterController]: HideUI
[LOG 17:53:54.580] [UIMasterController]: HideUI
[LOG 17:53:54.581] ------------------- initializing flight mode... ------------------
[LOG 17:53:54.581] GetSubclassesOfParentClass: Using cached results for AlarmTypeBase
[LOG 17:53:54.582] Loading Depletion Nodes
[LOG 17:53:54.582] DepNodeCount:  0
[LOG 17:53:54.582] Loading Biome Nodes
[LOG 17:53:54.582] BiomeNodeCount:  0
[LOG 17:53:54.582] Loading Planet Nodes
[LOG 17:53:54.582] PlanetNodeCount:  0
[LOG 17:53:54.584] [ScenarioDestructibles]: Loading... 0 objects registered
[LOG 17:53:54.621] Target vessel index: 7  vessel count: 9
[LOG 17:53:54.621] [FLIGHT GLOBALS]: Switching To Vessel Vaisseau sans nom ---------------------- 
[LOG 17:53:54.622] setting new dominant body: Kerbin
FlightGlobals.mainBody: Kerbin
[LOG 17:53:54.622] Reference Frame: Rotating
[LOG 17:53:54.629] [Vaisseau sans nom]: landed - waiting for ground contact to resume physics...
[LOG 17:53:54.629] Camera Mode: AUTO
[LOG 17:53:57.201] all systems started
[LOG 17:53:57.324] [Vaisseau sans nom]: landed - waiting for ground contact to resume physics...
[LOG 17:53:57.355] [UiApp] Awake: CurrencyWidgetsApp
[LOG 17:53:57.356] [UiApp] Awake: ResourceDisplay
[LOG 17:53:57.356] [UiApp] Awake: KSPedia
[LOG 17:53:57.356] [UiApp] Awake: Missions App
[LOG 17:53:57.356] [UiApp] Awake: DeltaVApp
[LOG 17:53:57.356] [UiApp] Awake: ActionGroupsApp
[LOG 17:53:57.356] [UiApp] Awake: Construction
[LOG 17:53:57.356] [UiApp] Awake: Cargo
[LOG 17:53:57.356] [UiApp] Awake: AlarmClock
[LOG 17:53:57.356] [UiApp] Awake: ManeuverTool
[LOG 17:53:57.356] [ApplicationLauncher] OnSceneLoadedGUIReady: scene FLIGHT ShouldBeVisible() True ShouldBeOnTop() True iIsPositionedAtTop True
[LOG 17:53:57.359] [KnowledgeBase] OnAppLauncherReady 54192
[LOG 17:53:57.369] [UIApp] OnDestroy: Contracts
[LOG 17:53:57.396] [FlightIntegrator]: Reloaded drag cube for zeroed cube root part fuelTankSmallFlat (Vaisseau sans nom) on vessel Vaisseau sans nom
[LOG 17:53:57.399] [MessageSystem] Reposition 0.02 54193
[LOG 17:53:57.399] [GenericAppFrame] Reposition 0.02 54193
[LOG 17:53:57.399] [GenericAppFrame] Reposition 0.02 54193
[LOG 17:53:57.473] [FlightIntegrator]: Reloaded drag cube for zeroed cube root part fuelTankSmallFlat (Vaisseau sans nom) on vessel Vaisseau sans nom
[LOG 17:53:57.476] [PlanetariumCamera]: Focus: Vaisseau sans nom
[LOG 17:53:57.493] [UIApp] Adding ResourceDisplay to Application Launcher
[LOG 17:53:57.494] [UIApp] Adding ResourceDisplay to Application Launcher
[LOG 17:53:57.504] [ResourceDisplay] OnAppStarted(): id: -896976
[LOG 17:53:57.505] [GenericAppFrame] Reposition 0.114666 54197
[LOG 17:53:57.505] [ResourceDisplay] OnAppStarted(): id: 328566
[LOG 17:53:57.505] ResourceDisplay already exist, destroying this instance
[LOG 17:53:57.505] [UIApp] OnDestroy: ResourceDisplay
[LOG 17:53:57.519] [UIApp] Adding AlarmClock to Application Launcher
[LOG 17:53:57.520] [UIApp] Adding ActionGroupsApp to Application Launcher
[LOG 17:53:57.521] [UIApp] Adding Missions App to Application Launcher
[LOG 17:53:57.522] CURRENCY WIDGET False False False
[LOG 17:53:57.524] [UIApp] OnDestroy: CurrencyWidgetsApp
[LOG 17:53:57.547] [GenericAppFrame] Reposition 0.1418337 54199
[LOG 17:53:57.550] [ActionGroupsApp] OnAppStarted(): id: -897000
[LOG 17:53:57.550] [GenericAppFrame] Reposition 0.1418337 54199
[LOG 17:53:57.551] [UIApp] Adding DeltaVApp to Application Launcher
[LOG 17:53:57.552] [MissionsApp] OnAppStarted(): id: -896988
[LOG 17:53:57.552] MissionsApp does not execute in this game mode, destroying this instance
[LOG 17:53:57.552] [UIApp] OnDestroy: Missions App
[LOG 17:53:57.563] [GenericAppFrame] Reposition 0.1721772 54200
[LOG 17:53:57.574] [UIApp] Adding Cargo to Application Launcher
[LOG 17:53:57.575] [UIApp] Adding Construction to Application Launcher
[LOG 17:53:57.576] [UIApp] Adding KSPedia to Application Launcher
[LOG 17:53:57.587] [UIApp] Adding ManeuverTool to Application Launcher
[LOG 17:53:57.588] [ApplicationLauncher] SetHidden: 
[LOG 17:53:57.603] [GenericAppFrame] Reposition 0.2088246 54203
[LOG 17:53:57.612] [ManeuverTool]: Found 1 transfer types
[LOG 17:53:57.646] Flight State Captured
[LOG 17:53:57.646] Saving Achievements Tree...
[LOG 17:53:57.646] Saving Achievements Tree...
[LOG 17:53:57.647] [MessageSystem] Save Messages
[LOG 17:53:57.658] Game State Saved as persistent
[LOG 17:53:58.393] Unpacking Vaisseau sans nom
[LOG 17:53:58.394] Unpacking Vaisseau sans nom
[LOG 17:53:58.401] [UIMasterController]: ShowUI
[LOG 17:54:04.262] [FLIGHT GLOBALS]: Switching To Vessel Vaisseau sans nom ---------------------- 
[LOG 17:54:04.262] [PlanetariumCamera]: Focus: Vaisseau sans nom
[LOG 17:54:04.269] Camera Mode: AUTO
[LOG 17:54:07.760] Game Paused!
[LOG 17:54:07.760] [UIMasterController]: ShowUI
[LOG 17:54:08.525] [SceneLoadSpeedBoost] Save loaded from disk in 12ms
[LOG 17:54:09.934] [KSPUpgradePipeline]: claude (1.12.5) is up to date.
[LOG 17:54:09.944] [ScenarioTypes]: List Created 23 scenario types loaded from 8 loaded assemblies.
[LOG 17:54:09.944] [MessageSystem] Load Messages
[LOG 17:54:09.945] [UIMasterController]: HideUI
[LOG 17:54:10.044] [HighLogic]: =========================== Scene Change : From FLIGHT to FLIGHT =====================
[LOG 17:54:10.045] Game Unpaused!
[LOG 17:54:10.212] [UIApp] OnDestroy: DeltaVApp
[LOG 17:54:10.213] [PlanetariumCamera]: Focus: Kerbin
[LOG 17:54:10.213] [UIApp] OnDestroy: ResourceDisplay
[LOG 17:54:10.213] KbApp.OnDestroy Unowned Info
[LOG 17:54:10.214] KbApp.OnDestroy Vessel Crew
[LOG 17:54:10.214] KbApp.OnDestroy Planet Parameters
[LOG 17:54:10.214] [UIApp] OnDestroy: KSPedia
[LOG 17:54:10.214] [UIApp] OnDestroy: AlarmClock
[LOG 17:54:10.214] [UIApp] OnDestroy: Cargo
[LOG 17:54:10.215] [UIApp] OnDestroy: ActionGroupsApp
[LOG 17:54:10.215] KbApp.OnDestroy NullName
[LOG 17:54:10.215] KbApp.OnDestroy Planet Info
[LOG 17:54:10.215] KbApp.OnDestroy Vessel Info
[LOG 17:54:10.216] [UIApp] OnDestroy: Construction
[LOG 17:54:10.216] KbApp.OnDestroy Planet Resources
[LOG 17:54:10.216] [UIApp] OnDestroy: ManeuverTool
[LOG 17:54:10.218] [KSPCF:MemoryLeaks] Removed a OnMapExited callback owned by a destroyed Assembly-CSharp:NavBallToggle instance
[LOG 17:54:10.218] [KSPCF:MemoryLeaks] Removed a OnGameSettingsApplied callback owned by a destroyed Assembly-CSharp:VesselAutopilotUI instance
[LOG 17:54:10.218] [KSPCF:MemoryLeaks] Removed a onPartActionUICreate callback owned by a destroyed Assembly-CSharp:ModuleInventoryPart instance
[LOG 17:54:10.218] [KSPCF:MemoryLeaks] Removed a onPartActionUICreate callback owned by a destroyed Assembly-CSharp:ModuleInventoryPart instance
[LOG 17:54:10.219] [KSPCF:MemoryLeaks] Removed a onModuleInventoryChanged callback owned by a destroyed Assembly-CSharp:ModuleInventoryPart instance
[LOG 17:54:10.219] [KSPCF:MemoryLeaks] Removed a onModuleInventoryChanged callback owned by a destroyed Assembly-CSharp:ModuleInventoryPart instance
[LOG 17:54:10.219] [KSPCF:MemoryLeaks] Removed a OnDestructibleLoaded callback owned by a destroyed Assembly-CSharp:RunwayCollisionHandler instance
[LOG 17:54:10.219] [KSPCF:MemoryLeaks] Removed a OnClick callback owned by a destroyed Assembly-CSharp:EVAConstructionModeEditor instance
[LOG 17:54:10.219] [KSPCF:MemoryLeaks] Removed a TimingManager.Instance.timing5.onLateUpdate callback owned by a destroyed Assembly-CSharp:MapView instance
[LOG 17:54:10.220] [KSPCF:MemoryLeaks] Leaving scene "Flight", cleaned 39 memory leaks in 0.003s. GameEvents callbacks : 535. Allocated memory : 710.059 MiB (managed heap), 2.222 GiB (unmanaged)
[LOG 17:54:10.232] UICanvasPrefabSpawner FlightUI spawning Flight
[LOG 17:54:10.256] UICanvasPrefabSpawner FlightUI spawning VesselLabels
[LOG 17:54:10.257] [UiApp] Awake: ResourceDisplay
[LOG 17:54:10.357] [AddonLoader]: Instantiating addon 'AeroGUI' from assembly 'KSP'
[LOG 17:54:10.370] [AddonLoader]: Instantiating addon 'TerrainPrecisionFixDiag2Mod' from assembly 'TerrainPrecisionFixDiag2Mod'
[LOG 17:54:10.370] [AddonLoader]: Instantiating addon 'TerrainPrecisionFixDiagMod' from assembly 'TerrainPrecisionFixDiagMod'
[LOG 17:54:10.370] [PlanetariumCamera]: Focus: Kerbin
[LOG 17:54:10.371] [UIMasterController]: HideUI
[LOG 17:54:10.735] [UIMasterController]: HideUI
[LOG 17:54:10.735] ------------------- initializing flight mode... ------------------
[LOG 17:54:10.736] GetSubclassesOfParentClass: Using cached results for AlarmTypeBase
[LOG 17:54:10.737] Loading Depletion Nodes
[LOG 17:54:10.737] DepNodeCount:  0
[LOG 17:54:10.737] Loading Biome Nodes
[LOG 17:54:10.737] BiomeNodeCount:  0
[LOG 17:54:10.737] Loading Planet Nodes
[LOG 17:54:10.737] PlanetNodeCount:  0
[LOG 17:54:10.738] [ScenarioDestructibles]: Loading... 0 objects registered
[LOG 17:54:10.779] Target vessel index: 7  vessel count: 9
[LOG 17:54:10.779] [FLIGHT GLOBALS]: Switching To Vessel Vaisseau sans nom ---------------------- 
[LOG 17:54:10.779] setting new dominant body: Kerbin
FlightGlobals.mainBody: Kerbin
[LOG 17:54:10.779] Reference Frame: Rotating
[LOG 17:54:10.787] [Vaisseau sans nom]: landed - waiting for ground contact to resume physics...
[LOG 17:54:10.788] Camera Mode: AUTO
[LOG 17:54:13.584] all systems started
[LOG 17:54:13.721] [Vaisseau sans nom]: landed - waiting for ground contact to resume physics...
[LOG 17:54:13.753] [UiApp] Awake: CurrencyWidgetsApp
[LOG 17:54:13.753] [UiApp] Awake: ResourceDisplay
[LOG 17:54:13.753] [UiApp] Awake: KSPedia
[LOG 17:54:13.754] [UiApp] Awake: Missions App
[LOG 17:54:13.754] [UiApp] Awake: DeltaVApp
[LOG 17:54:13.754] [UiApp] Awake: ActionGroupsApp
[LOG 17:54:13.754] [UiApp] Awake: Construction
[LOG 17:54:13.754] [UiApp] Awake: Cargo
[LOG 17:54:13.754] [UiApp] Awake: AlarmClock
[LOG 17:54:13.754] [UiApp] Awake: ManeuverTool
[LOG 17:54:13.754] [ApplicationLauncher] OnSceneLoadedGUIReady: scene FLIGHT ShouldBeVisible() True ShouldBeOnTop() True iIsPositionedAtTop True
[LOG 17:54:13.757] [KnowledgeBase] OnAppLauncherReady 55704
[LOG 17:54:13.769] [UIApp] OnDestroy: Contracts
[LOG 17:54:13.792] [FlightIntegrator]: Reloaded drag cube for zeroed cube root part fuelTankSmallFlat (Vaisseau sans nom) on vessel Vaisseau sans nom
[LOG 17:54:13.795] [MessageSystem] Reposition 0.02 55705
[LOG 17:54:13.795] [GenericAppFrame] Reposition 0.02 55705
[LOG 17:54:13.795] [GenericAppFrame] Reposition 0.02 55705
[LOG 17:54:13.874] [FlightIntegrator]: Reloaded drag cube for zeroed cube root part fuelTankSmallFlat (Vaisseau sans nom) on vessel Vaisseau sans nom
[LOG 17:54:13.877] [PlanetariumCamera]: Focus: Vaisseau sans nom
[LOG 17:54:13.893] [UIApp] Adding ResourceDisplay to Application Launcher
[LOG 17:54:13.893] [UIApp] Adding ResourceDisplay to Application Launcher
[LOG 17:54:13.904] [ResourceDisplay] OnAppStarted(): id: -944102
[LOG 17:54:13.904] [GenericAppFrame] Reposition 0.1121942 55709
[LOG 17:54:13.905] [ResourceDisplay] OnAppStarted(): id: 328698
[LOG 17:54:13.905] ResourceDisplay already exist, destroying this instance
[LOG 17:54:13.905] [UIApp] OnDestroy: ResourceDisplay
[LOG 17:54:13.920] [UIApp] Adding AlarmClock to Application Launcher
[LOG 17:54:13.921] [UIApp] Adding ActionGroupsApp to Application Launcher
[LOG 17:54:13.922] [UIApp] Adding Missions App to Application Launcher
[LOG 17:54:13.923] CURRENCY WIDGET False False False
[LOG 17:54:13.925] [UIApp] OnDestroy: CurrencyWidgetsApp
[LOG 17:54:13.946] [GenericAppFrame] Reposition 0.1409652 55711
[LOG 17:54:13.949] [ActionGroupsApp] OnAppStarted(): id: -944126
[LOG 17:54:13.950] [GenericAppFrame] Reposition 0.1409652 55711
[LOG 17:54:13.950] [UIApp] Adding DeltaVApp to Application Launcher
[LOG 17:54:13.951] [MissionsApp] OnAppStarted(): id: -944114
[LOG 17:54:13.951] MissionsApp does not execute in this game mode, destroying this instance
[LOG 17:54:13.951] [UIApp] OnDestroy: Missions App
[LOG 17:54:13.964] [GenericAppFrame] Reposition 0.170864 55712
[LOG 17:54:13.974] [UIApp] Adding Cargo to Application Launcher
[LOG 17:54:13.976] [UIApp] Adding Construction to Application Launcher
[LOG 17:54:13.977] [UIApp] Adding KSPedia to Application Launcher
[LOG 17:54:13.989] [UIApp] Adding ManeuverTool to Application Launcher
[LOG 17:54:13.990] [ApplicationLauncher] SetHidden: 
[LOG 17:54:14.006] [GenericAppFrame] Reposition 0.21008 55715
[LOG 17:54:14.015] [ManeuverTool]: Found 1 transfer types
[LOG 17:54:14.050] Flight State Captured
[LOG 17:54:14.050] Saving Achievements Tree...
[LOG 17:54:14.050] Saving Achievements Tree...
[LOG 17:54:14.051] [MessageSystem] Save Messages
[LOG 17:54:14.062] Game State Saved as persistent
[LOG 17:54:14.784] Unpacking Vaisseau sans nom
[LOG 17:54:14.785] Unpacking Vaisseau sans nom
[LOG 17:54:14.792] [UIMasterController]: ShowUI
[LOG 17:54:22.147] [FLIGHT GLOBALS]: Switching To Vessel Vaisseau sans nom ---------------------- 
[LOG 17:54:22.147] [PlanetariumCamera]: Focus: Vaisseau sans nom
[LOG 17:54:22.153] Camera Mode: AUTO
[LOG 17:54:43.798] [AsteroidSpawner]: No new objects this time. (Odds are 1:2)
[LOG 17:55:25.391] Game Paused!
[LOG 17:55:25.391] [UIMasterController]: ShowUI
[LOG 17:55:26.015] Flight State Captured
[LOG 17:55:26.015] Saving Achievements Tree...
[LOG 17:55:26.015] Saving Achievements Tree...
[LOG 17:55:26.016] [MessageSystem] Save Messages
[LOG 17:55:26.027] Game State Saved to saves/claude/persistent
[LOG 17:55:26.036] [UIMasterController]: HideUI
[LOG 17:55:26.046] [HighLogic]: =========================== Scene Change : From FLIGHT to MAINMENU =====================
[LOG 17:55:26.531] KbApp.OnDestroy Unowned Info
[LOG 17:55:26.531] KbApp.OnDestroy Planet Parameters
[LOG 17:55:26.531] [UIApp] OnDestroy: KSPedia
[LOG 17:55:26.532] KbApp.OnDestroy Planet Resources
[LOG 17:55:26.532] [UIApp] OnDestroy: Cargo
[LOG 17:55:26.532] [UIApp] OnDestroy: ActionGroupsApp
[LOG 17:55:26.532] [UIApp] OnDestroy: AlarmClock
[LOG 17:55:26.533] KbApp.OnDestroy NullName
[LOG 17:55:26.533] KbApp.OnDestroy Vessel Info
[LOG 17:55:26.533] [UIApp] OnDestroy: DeltaVApp
[LOG 17:55:26.533] KbApp.OnDestroy Vessel Crew
[LOG 17:55:26.533] [UIApp] OnDestroy: ManeuverTool
[LOG 17:55:26.533] KbApp.OnDestroy Planet Info
[LOG 17:55:26.535] [UIApp] OnDestroy: Construction
[LOG 17:55:26.535] [UIApp] OnDestroy: ResourceDisplay
[LOG 17:55:26.536] [KSPCF:MemoryLeaks] Removed a OnMapExited callback owned by a destroyed Assembly-CSharp:NavBallToggle instance
[LOG 17:55:26.536] [KSPCF:MemoryLeaks] Removed a OnGameSettingsApplied callback owned by a destroyed Assembly-CSharp:VesselAutopilotUI instance
[LOG 17:55:26.537] [KSPCF:MemoryLeaks] Removed a onPartActionUICreate callback owned by a destroyed Assembly-CSharp:ModuleInventoryPart instance
[LOG 17:55:26.537] [KSPCF:MemoryLeaks] Removed a onPartActionUICreate callback owned by a destroyed Assembly-CSharp:ModuleInventoryPart instance
[LOG 17:55:26.537] [KSPCF:MemoryLeaks] Removed a onModuleInventoryChanged callback owned by a destroyed Assembly-CSharp:ModuleInventoryPart instance
[LOG 17:55:26.537] [KSPCF:MemoryLeaks] Removed a onModuleInventoryChanged callback owned by a destroyed Assembly-CSharp:ModuleInventoryPart instance
[LOG 17:55:26.538] [KSPCF:MemoryLeaks] Removed a OnDestructibleLoaded callback owned by a destroyed Assembly-CSharp:RunwayCollisionHandler instance
[LOG 17:55:26.538] [KSPCF:MemoryLeaks] Removed a OnClick callback owned by a destroyed Assembly-CSharp:EVAConstructionModeEditor instance
[LOG 17:55:26.538] [KSPCF:MemoryLeaks] Removed a TimingManager.Instance.timing5.onLateUpdate callback owned by a destroyed Assembly-CSharp:MapView instance
[LOG 17:55:26.538] [KSPCF:MemoryLeaks] Leaving scene "Flight", cleaned 39 memory leaks in 0.003s. GameEvents callbacks : 369. Allocated memory : 686.871 MiB (managed heap), 2.292 GiB (unmanaged)
[LOG 17:55:26.669] [UIMasterController]: ShowUI
[LOG 17:55:27.038] [ScenarioTypes]: List Created 23 scenario types loaded from 8 loaded assemblies.
[WRN 17:55:27.043] File 'D:/KSP-Dev/KSP_x64_Data/../Missions/MissionScoreInfo.cfg' does not exist
[LOG 17:55:27.044] [ApplicationLauncher] OnSceneLoadedGUIReady: scene MAINMENU ShouldBeVisible() True ShouldBeOnTop() True iIsPositionedAtTop True
[LOG 17:55:27.044] [ApplicationLauncher] SetHidden: 
[LOG 17:55:27.048] [MessageSystem] Reposition 0.02 64356
[LOG 17:55:27.048] [GenericAppFrame] Reposition 0.02 64356
[LOG 17:55:27.048] [GenericAppFrame] Reposition 0.02 64356
[LOG 17:55:31.433] [UIApp] OnDestroy: 
