[LOG 21:49:35.439] ******* Log Initiated for Kerbal Space Program - 1.12.5.3190 (WindowsPlayer x64) fr-fr *******
Kerbal Space Program - 1.12.5.3190 (WindowsPlayer x64) fr-fr


OS: Windows 10  (10.0.0) 64bit
CPU: Intel(R) Core(TM) Ultra 7 155H (22)
RAM: 32265
GPU: Intel(R) Arc(TM) Pro Graphics (18391MB)
SM: 50 (Direct3D 11.0 [level 11.1])
RT Formats: ARGB32, Depth, ARGBHalf, Shadowmap, RGB565, ARGB4444, ARGB1555, Default, ARGB2101010, DefaultHDR, ARGB64, ARGBFloat, RGFloat, RGHalf, RFloat, RHalf, R8, ARGBInt, RGInt, RInt, BGRA32, RGB111110Float, RG32, RGBAUShort, RG16, BGRA10101010_XR, BGR101010_XR, R16


Log started: Tue, Sep 29, 2026 21:49:35


[LOG 21:49:35.456] ActionCanvas MASK: 3458764513820540928
[LOG 21:49:35.456] AppCanvas MASK: 3458764513820540928
[LOG 21:49:35.458] MainCanvas MASK: 3458764513820540928
[LOG 21:49:43.111] Load(Assembly): /ModuleManager.4.2.3
[LOG 21:49:43.111] AssemblyLoader: Loading assembly at C:\Users\lhervier\Perso\ksp-dev\GameData\ModuleManager.4.2.3.dll
[LOG 21:49:43.128] AssemblyLoader: KSPAssembly 'ModuleManager' V2.5.0
[LOG 21:49:43.128] Load(Assembly): 000_Harmony/0Harmony
[LOG 21:49:43.128] AssemblyLoader: Loading assembly at C:\Users\lhervier\Perso\ksp-dev\GameData\000_Harmony\0Harmony.dll
[LOG 21:49:43.132] Load(Assembly): 000_Harmony/HarmonyInstallChecker
[LOG 21:49:43.132] AssemblyLoader: Loading assembly at C:\Users\lhervier\Perso\ksp-dev\GameData\000_Harmony\HarmonyInstallChecker.dll
[LOG 21:49:43.133] AssemblyLoader: KSPAssembly 'HarmonyKSP' V1.0.0
[LOG 21:49:43.133] Load(Assembly): CustomPreLaunchChecks/CustomPreLaunchChecks
[LOG 21:49:43.133] AssemblyLoader: Loading assembly at C:\Users\lhervier\Perso\ksp-dev\GameData\CustomPreLaunchChecks\CustomPreLaunchChecks.dll
[LOG 21:49:43.134] AssemblyLoader: KSPAssembly 'CustomPreLaunchChecks' V1.0.0
[LOG 21:49:43.134] Load(Assembly): KerbalKonstructs/KerbalKonstructs
[LOG 21:49:43.134] AssemblyLoader: Loading assembly at C:\Users\lhervier\Perso\ksp-dev\GameData\KerbalKonstructs\KerbalKonstructs.dll
[LOG 21:49:43.136] AssemblyLoader: KSPAssemblyDependency 'CustomPreLaunchChecks' V1.0.0
[LOG 21:49:43.136] AssemblyLoader: KSPAssembly 'KerbalKonstructs' V1.12.0
[LOG 21:49:43.136] Load(Assembly): KSPCommunityFixes/Plugins/0_MultipleModuleInPartAPI
[LOG 21:49:43.136] AssemblyLoader: Loading assembly at C:\Users\lhervier\Perso\ksp-dev\GameData\KSPCommunityFixes\Plugins\0_MultipleModuleInPartAPI.dll
[LOG 21:49:43.137] AssemblyLoader: KSPAssembly 'MultipleModulePartAPI' V1.0.0
[LOG 21:49:43.137] Load(Assembly): KSPCommunityFixes/Plugins/KSPCommunityFixes
[LOG 21:49:43.137] AssemblyLoader: Loading assembly at C:\Users\lhervier\Perso\ksp-dev\GameData\KSPCommunityFixes\Plugins\KSPCommunityFixes.dll
[LOG 21:49:43.144] AssemblyLoader: KSPAssembly 'KSPCommunityFixes' V1.41.1
[LOG 21:49:43.145] AssemblyLoader: KSPAssemblyDependency 'HarmonyKSP' V1.0.0
[LOG 21:49:43.145] AssemblyLoader: KSPAssemblyDependency 'ModuleManager' V1.0.0
[LOG 21:49:43.145] AssemblyLoader: KSPAssemblyDependency 'MultipleModulePartAPI' V1.0.0
[LOG 21:49:43.145] Load(Assembly): Squad/Plugins/KSPSteamCtrlr
[LOG 21:49:43.145] AssemblyLoader: Loading assembly at C:\Users\lhervier\Perso\ksp-dev\GameData\Squad\Plugins\KSPSteamCtrlr.dll
[LOG 21:49:43.146] Load(Assembly): TerrainPrecisionFixDiag2Mod/TerrainPrecisionFixDiag2Mod
[LOG 21:49:43.146] AssemblyLoader: Loading assembly at C:\Users\lhervier\Perso\ksp-dev\GameData\TerrainPrecisionFixDiag2Mod\TerrainPrecisionFixDiag2Mod.dll
[LOG 21:49:43.147] Load(Assembly): TerrainPrecisionFixDiagMod/TerrainPrecisionFixDiagMod
[LOG 21:49:43.147] AssemblyLoader: Loading assembly at C:\Users\lhervier\Perso\ksp-dev\GameData\TerrainPrecisionFixDiagMod\TerrainPrecisionFixDiagMod.dll
[LOG 21:49:43.148] AssemblyLoader: Loading assemblies
[LOG 21:49:43.212] VesselModules: Found VesselModule of type AxisGroupsModule with order 999
[LOG 21:49:43.255] VesselModules: Found VesselModule of type CometVessel with order 999
[LOG 21:49:43.257] VesselModules: Found VesselModule of type SuspensionLoadBalancer with order 999
[LOG 21:49:43.258] VesselModules: Found VesselModule of type FlightIntegrator with order 0
[LOG 21:49:43.259] VesselModules: Found VesselModule of type CommNetVessel with order 999
[LOG 21:49:43.262] VesselModules: Found 5 VesselModule types
[LOG 21:49:43.270] 
************************************************************************

Environment Info
Win32NT 7FFFFFFFFFFFFFFF  Args: KSP_x64.exe 

Mod DLLs found:
Stock assembly: Assembly-CSharp v0.0.0.0
ModuleManager v4.2.3.0
0Harmony v2.2.1.0
HarmonyInstallChecker v2.2.1.0
CustomPreLaunchChecks v1.0.0.0 / v1.8.1.0
KerbalKonstructs v2.0.0.0 / v1.12.3.0
0_MultipleModuleInPartAPI v1.0.0.0 / v1.0.0+7969fdc50bf4e350193abe5ba2e89533b12ca02f
KSPCommunityFixes v1.41.0.0 / v1.41.1+7969fdc50bf4e350193abe5ba2e89533b12ca02f / v1.41.1.0
Stock assembly: KSPSteamCtrlr v0.0.1.35
TerrainPrecisionFixDiag2Mod v1.0.9763.17423
TerrainPrecisionFixDiagMod v1.0.9762.27666

Folders and files in GameData:
000_Harmony
CustomPreLaunchChecks
KerbalKonstructs
KSPCommunityFixes
Stock folder: Squad

Stock folder: SquadExpansion

TerrainPrecisionFixDiag2Mod
TerrainPrecisionFixDiagMod
ModuleManager.4.2.3.dll
ModuleManager.ConfigCache
ModuleManager.ConfigSHA
ModuleManager.Physics
ModuleManager.TechTree

************************************************************************

[LOG 21:49:43.283] [AddonLoader]: Instantiating addon 'ModuleManager' from assembly 'ModuleManager'
[LOG 21:49:43.292] [ModuleManager] Adding post patch to the loading screen 4
[LOG 21:49:43.293] [ModuleManager] Patching started on a new thread, all output will be directed to C:\Users\lhervier\Perso\ksp-dev\Logs\ModuleManager\ModuleManager.log
[LOG 21:49:43.296] [AddonLoader]: Instantiating addon 'HarmonyInstallChecker' from assembly 'HarmonyKSP'
[LOG 21:49:43.297] [AddonLoader]: Instantiating addon 'CustomPreLaunchChecks' from assembly 'CustomPreLaunchChecks'
[LOG 21:49:43.298] [AddonLoader]: Instantiating addon 'DebugDrawer' from assembly 'KerbalKonstructs'
[LOG 21:49:43.299] [AddonLoader]: Instantiating addon 'KSPCommunityFixes' from assembly 'KSPCommunityFixes'
[LOG 21:49:43.300] [AddonLoader]: Instantiating addon 'NoIVA' from assembly 'KSPCommunityFixes'
[LOG 21:49:43.301] [AddonLoader]: Instantiating addon 'ConfigNodePerf' from assembly 'KSPCommunityFixes'
[LOG 21:49:43.465] [AddonLoader]: Instantiating addon 'KSPCFFastLoader' from assembly 'KSPCommunityFixes'
[LOG 21:49:43.466] [KSPCF] Injecting FastLoader...
[LOG 21:49:43.484] [KSPCommunityFixes] Patch GameDatabasePerf applied.
[LOG 21:49:43.556] [AddonLoader]: Instantiating addon 'ReflectionTypeLoadExceptionHandler' from assembly 'KSPCommunityFixes'
[LOG 21:49:43.559] [AddonLoader]: Instantiating addon 'KSPSteamController' from assembly 'KSPSteamCtrlr'
[LOG 21:49:44.659] [KSPCF] Taking over stock loader. An exception will follow, this is intended.
[EXC 21:49:44.663] Exception: Terminating stock loader coroutine, this is intended and not an error
	KSPCommunityFixes.Performance.KSPCFFastLoader.GameDatabase_SetupMainLoaders_Prefix () (at <62bb7f5420994f409a34377c091e8538>:0)
	(wrapper dynamic-method) GameDatabase.GameDatabase.SetupMainLoaders_Patch1(GameDatabase)
	GameDatabase+<LoadObjects>d__90.MoveNext () (at <4b449f2841f84227adfaad3149c8fdba>:0)
	UnityEngine.SetupCoroutine.InvokeMoveNext (System.Collections.IEnumerator enumerator, System.IntPtr returnValueAddress) (at <12e76cd50cc64cf19e759e981cb725af>:0)
	UnityEngine.DebugLogHandler:LogException(Exception, Object)
	ModuleManager.UnityLogHandle.InterceptLogHandler:LogException(Exception, Object)
	UnityEngine.MonoBehaviour:StartCoroutine(IEnumerator)
	<CreateDatabase>d__71:MoveNext()
	UnityEngine.MonoBehaviour:StartCoroutine(IEnumerator)
	GameDatabase:StartLoad()
	<LoadSystems>d__11:MoveNext()
	UnityEngine.MonoBehaviour:StartCoroutine(IEnumerator)
	LoadingScreen:Start()
[LOG 21:49:44.708] DebugDrawer starting
[LOG 21:49:44.818] Preloading Asset Bundle Definitions
[LOG 21:49:45.130] Load Audio: Squad/Alarms/Sounds/Chirps
[LOG 21:49:45.150] Load Audio: Squad/Alarms/Sounds/Classic
[LOG 21:49:45.151] Load Audio: Squad/Alarms/Sounds/ClockTower
[LOG 21:49:45.151] Load Audio: Squad/Alarms/Sounds/ComputerGlass1
[LOG 21:49:45.151] Load Audio: Squad/Alarms/Sounds/ComputerGlass2
[LOG 21:49:45.151] Load Audio: Squad/Alarms/Sounds/ComputerShort
[LOG 21:49:45.152] Load Audio: Squad/Alarms/Sounds/ComputerTriad
[LOG 21:49:45.152] Load Audio: Squad/Alarms/Sounds/DoorBell
[LOG 21:49:45.152] Load Audio: Squad/Alarms/Sounds/Glass
[LOG 21:49:45.153] Load Audio: Squad/Alarms/Sounds/Klaxon
[LOG 21:49:45.153] Load Audio: Squad/Alarms/Sounds/Mobile
[LOG 21:49:45.154] Load Audio: Squad/Alarms/Sounds/Morning
[LOG 21:49:45.154] Load Audio: Squad/Alarms/Sounds/OldClock
[LOG 21:49:45.154] Load Audio: Squad/Alarms/Sounds/OldHorn
[LOG 21:49:45.154] Load Audio: Squad/Alarms/Sounds/Ripple
[LOG 21:49:45.155] Load Audio: Squad/Sounds/editorLoop01
[LOG 21:49:45.155] Load Audio: Squad/Sounds/elev_loop
[LOG 21:49:45.155] Load Audio: Squad/Sounds/elev_start
[LOG 21:49:45.155] Load Audio: Squad/Sounds/elev_stop
[LOG 21:49:45.156] Load Audio: Squad/Sounds/fireworks_explosion_2
[LOG 21:49:45.156] Load Audio: Squad/Sounds/fireworks_explosion_3
[LOG 21:49:45.156] Load Audio: Squad/Sounds/fireworks_explosion_4
[LOG 21:49:45.157] Load Audio: Squad/Sounds/fireworks_launch_boom
[LOG 21:49:45.157] Load Audio: Squad/Sounds/fireworks_only_crackle_crackle_1
[LOG 21:49:45.157] Load Audio: Squad/Sounds/fireworks_only_crackle_dragon_1
[LOG 21:49:45.329] Load Audio: Squad/Sounds/fireworks_only_crackle_palm_1
[LOG 21:49:45.330] Load Audio: Squad/Sounds/fireworks_whistle
[LOG 21:49:45.330] Load Audio: Squad/Sounds/ksp1_banana_V2_01
[LOG 21:49:45.330] Load Audio: Squad/Sounds/ksp1_banana_V2_04
[LOG 21:49:45.330] Load Audio: Squad/Sounds/ksp1_banana_V2_05
[LOG 21:49:45.331] Load Audio: Squad/Sounds/ksp1_golf_swing_normal
[LOG 21:49:45.331] Load Audio: Squad/Sounds/ksp1_ground_anchor_v2_1
[LOG 21:49:45.331] Load Audio: Squad/Sounds/ksp1_strunts_disconnect_v3_pitched2
[LOG 21:49:45.331] Load Audio: Squad/Sounds/repairKit_repair1
[LOG 21:49:45.331] Load Audio: Squad/Sounds/repairKit_repair2
[LOG 21:49:45.332] Load Audio: Squad/Sounds/sound_ambience_nature
[LOG 21:49:45.461] Load Audio: Squad/Sounds/sound_click_flick
[LOG 21:49:45.461] Load Audio: Squad/Sounds/sound_click_latch
[LOG 21:49:45.462] Load Audio: Squad/Sounds/sound_click_sharp
[LOG 21:49:45.462] Load Audio: Squad/Sounds/sound_click_tick
[LOG 21:49:45.462] Load Audio: Squad/Sounds/sound_click_tock
[LOG 21:49:45.462] Load Audio: Squad/Sounds/sound_decoupler_fire
[LOG 21:49:45.463] Load Audio: Squad/Sounds/sound_delete_bin
[LOG 21:49:45.463] Load Audio: Squad/Sounds/sound_explosion_debris1
[LOG 21:49:45.463] Load Audio: Squad/Sounds/sound_explosion_debris2
[LOG 21:49:45.463] Load Audio: Squad/Sounds/sound_explosion_large
[LOG 21:49:45.463] Load Audio: Squad/Sounds/sound_rocket_mini
[LOG 21:49:45.463] Load Audio: Squad/Sounds/sound_rocket_spurts
[LOG 21:49:45.463] Load Audio: Squad/Sounds/sound_servomotor
[LOG 21:49:45.463] Load Audio: Squad/Sounds/sound_tab_extend
[LOG 21:49:45.463] Load Audio: Squad/Sounds/sound_tab_retreat
[LOG 21:49:45.464] Load Audio: SquadExpansion/Serenity/Sounds/robo_arm_large_end
[LOG 21:49:45.464] Load Audio: SquadExpansion/Serenity/Sounds/robo_arm_large_motor_00
[LOG 21:49:45.464] Load Audio: SquadExpansion/Serenity/Sounds/robo_arm_large_scan
[LOG 21:49:45.464] Load Audio: SquadExpansion/Serenity/Sounds/robo_arm_large_start
[LOG 21:49:45.464] Load Audio: SquadExpansion/Serenity/Sounds/robo_arm_medium_end
[LOG 21:49:45.464] Load Audio: SquadExpansion/Serenity/Sounds/robo_arm_medium_motor_00
[LOG 21:49:45.464] Load Audio: SquadExpansion/Serenity/Sounds/robo_arm_medium_scan
[LOG 21:49:45.464] Load Audio: SquadExpansion/Serenity/Sounds/robo_arm_medium_start
[LOG 21:49:45.465] Load Audio: SquadExpansion/Serenity/Sounds/robo_arm_small_end
[LOG 21:49:45.465] Load Audio: SquadExpansion/Serenity/Sounds/robo_arm_small_motor_00
[LOG 21:49:45.484] Load Audio: SquadExpansion/Serenity/Sounds/robo_arm_small_scan
[LOG 21:49:45.484] Load Audio: SquadExpansion/Serenity/Sounds/robo_arm_small_start
[LOG 21:49:45.484] Load Audio: SquadExpansion/Serenity/Sounds/sfx_cryoVolcano_burst
[LOG 21:49:45.485] Load Audio: SquadExpansion/Serenity/Sounds/sfx_cryoVolcano_idle
[LOG 21:49:45.485] Load Audio: SquadExpansion/Serenity/Sounds/sfx_deployable_booster_antena_end
[LOG 21:49:45.485] Load Audio: SquadExpansion/Serenity/Sounds/sfx_deployable_booster_antena_start
[LOG 21:49:45.485] Load Audio: SquadExpansion/Serenity/Sounds/sfx_deployable_central_station_end
[LOG 21:49:45.485] Load Audio: SquadExpansion/Serenity/Sounds/sfx_deployable_central_station_loop
[LOG 21:49:45.485] Load Audio: SquadExpansion/Serenity/Sounds/sfx_deployable_central_station_start
[LOG 21:49:45.485] Load Audio: SquadExpansion/Serenity/Sounds/sfx_deployable_detector_end
[LOG 21:49:45.486] Load Audio: SquadExpansion/Serenity/Sounds/sfx_deployable_detector_start
[LOG 21:49:45.486] Load Audio: SquadExpansion/Serenity/Sounds/sfx_deployable_GoObEd_end
[LOG 21:49:45.486] Load Audio: SquadExpansion/Serenity/Sounds/sfx_deployable_GoObEd_loop
[LOG 21:49:45.486] Load Audio: SquadExpansion/Serenity/Sounds/sfx_deployable_GoObEd_start
[LOG 21:49:45.486] Load Audio: SquadExpansion/Serenity/Sounds/sfx_deployable_rtg_end
[LOG 21:49:45.486] Load Audio: SquadExpansion/Serenity/Sounds/sfx_deployable_rtg_start
[LOG 21:49:45.487] Load Audio: SquadExpansion/Serenity/Sounds/sfx_deployable_seismometer_end
[LOG 21:49:45.487] Load Audio: SquadExpansion/Serenity/Sounds/sfx_deployable_seismometer_start
[LOG 21:49:45.487] Load Audio: SquadExpansion/Serenity/Sounds/sfx_deployable_solar_panel_end
[LOG 21:49:45.487] Load Audio: SquadExpansion/Serenity/Sounds/sfx_deployable_solar_panel_start
[LOG 21:49:45.487] Load Audio: SquadExpansion/Serenity/Sounds/sfx_deployable_weather_station_end
[LOG 21:49:45.487] Load Audio: SquadExpansion/Serenity/Sounds/sfx_deployable_weather_station_loop
[LOG 21:49:45.488] Load Audio: SquadExpansion/Serenity/Sounds/sfx_deployable_weather_station_start
[LOG 21:49:45.488] Load Audio: SquadExpansion/Serenity/Sounds/sfx_geyser_burst
[LOG 21:49:45.515] Load Audio: SquadExpansion/Serenity/Sounds/sfx_geyser_idle
[LOG 21:49:45.564] Load Cached PNG Texture: KerbalKonstructs/Assets/ANYMapIcon
[LOG 21:49:45.565] Load PNG texture: KerbalKonstructs/Assets/banner
[WRN 21:49:45.568] Texture isn't eligible for DXT compression, width and height must be multiples of 4
[LOG 21:49:45.568] Load PNG texture: KerbalKonstructs/Assets/BaseManagerIcon
[WRN 21:49:45.568] Texture isn't eligible for DXT compression, width and height must be multiples of 4
[LOG 21:49:45.568] Load PNG texture: KerbalKonstructs/Assets/billeted
[WRN 21:49:45.568] Texture isn't eligible for DXT compression, width and height must be multiples of 4
[LOG 21:49:45.571] Load Cached PNG Texture: KerbalKonstructs/Assets/boatlaunchIcon
[LOG 21:49:45.577] Load Cached PNG Texture: KerbalKonstructs/Assets/cancelsearch
[LOG 21:49:45.583] Load Cached PNG Texture: KerbalKonstructs/Assets/closedlaunchsite
[LOG 21:49:45.588] Load Cached PNG Texture: KerbalKonstructs/Assets/copypos
[LOG 21:49:45.594] Load Cached PNG Texture: KerbalKonstructs/Assets/cubes
[LOG 21:49:45.595] Load PNG texture: KerbalKonstructs/Assets/DefaultSiteLogo
[WRN 21:49:45.596] Texture isn't eligible for DXT compression, width and height must be multiples of 4
[LOG 21:49:45.600] Load Cached PNG Texture: KerbalKonstructs/Assets/focuson
[LOG 21:49:45.606] Load Cached PNG Texture: KerbalKonstructs/Assets/foldin
[LOG 21:49:45.611] Load Cached PNG Texture: KerbalKonstructs/Assets/foldout
[LOG 21:49:45.617] Load Cached PNG Texture: KerbalKonstructs/Assets/horizontalsep
[LOG 21:49:45.618] Load PNG texture: KerbalKonstructs/Assets/horizontalsep2
[WRN 21:49:45.618] Texture isn't eligible for DXT compression, width and height must be multiples of 4
[LOG 21:49:45.624] Load Cached PNG Texture: KerbalKonstructs/Assets/horizontalsep3
[LOG 21:49:45.629] Load Cached PNG Texture: KerbalKonstructs/Assets/isFavourite
[LOG 21:49:45.635] Load Cached PNG Texture: KerbalKonstructs/Assets/kscadmin
[LOG 21:49:45.636] Load PNG texture: KerbalKonstructs/Assets/kscadminister
[WRN 21:49:45.636] Texture isn't eligible for DXT compression, width and height must be multiples of 4
[LOG 21:49:45.636] Load PNG texture: KerbalKonstructs/Assets/kscassembly
[WRN 21:49:45.636] Texture isn't eligible for DXT compression, width and height must be multiples of 4
[LOG 21:49:45.641] Load Cached PNG Texture: KerbalKonstructs/Assets/kscastro
[LOG 21:49:45.647] Load Cached PNG Texture: KerbalKonstructs/Assets/ksccommand
[LOG 21:49:45.648] Load PNG texture: KerbalKonstructs/Assets/ksccontrol
[WRN 21:49:45.648] Texture isn't eligible for DXT compression, width and height must be multiples of 4
[LOG 21:49:45.648] Load PNG texture: KerbalKonstructs/Assets/kschangar
[WRN 21:49:45.648] Texture isn't eligible for DXT compression, width and height must be multiples of 4
[LOG 21:49:45.656] Load Cached PNG Texture: KerbalKonstructs/Assets/kscHelipadIcon
[LOG 21:49:45.656] Load PNG texture: KerbalKonstructs/Assets/ksclabs
[WRN 21:49:45.656] Texture isn't eligible for DXT compression, width and height must be multiples of 4
[LOG 21:49:45.662] Load Cached PNG Texture: KerbalKonstructs/Assets/ksclaunch
[LOG 21:49:45.663] Load PNG texture: KerbalKonstructs/Assets/KSCLaunchpad
[WRN 21:49:45.663] Texture isn't eligible for DXT compression, width and height must be multiples of 4
[LOG 21:49:45.664] Load PNG texture: KerbalKonstructs/Assets/kscpad
[WRN 21:49:45.664] Texture isn't eligible for DXT compression, width and height must be multiples of 4
[LOG 21:49:45.664] Load PNG texture: KerbalKonstructs/Assets/kscquarters
[WRN 21:49:45.665] Texture isn't eligible for DXT compression, width and height must be multiples of 4
[LOG 21:49:45.671] Load Cached PNG Texture: KerbalKonstructs/Assets/kscrnd
[LOG 21:49:45.678] Load Cached PNG Texture: KerbalKonstructs/Assets/kscrun
[LOG 21:49:45.679] Load PNG texture: KerbalKonstructs/Assets/KSCRunway
[WRN 21:49:45.680] Texture isn't eligible for DXT compression, width and height must be multiples of 4
[LOG 21:49:45.686] Load Cached PNG Texture: KerbalKonstructs/Assets/kscRunwayIcon
[LOG 21:49:45.693] Load Cached PNG Texture: KerbalKonstructs/Assets/kscsph
[LOG 21:49:45.693] Load PNG texture: KerbalKonstructs/Assets/ksctrack
[WRN 21:49:45.693] Texture isn't eligible for DXT compression, width and height must be multiples of 4
[LOG 21:49:45.699] Load Cached PNG Texture: KerbalKonstructs/Assets/ksctracking
[LOG 21:49:45.719] Load Cached PNG Texture: KerbalKonstructs/Assets/kscvab
[LOG 21:49:45.720] Load PNG texture: KerbalKonstructs/Assets/kscway
[WRN 21:49:45.720] Texture isn't eligible for DXT compression, width and height must be multiples of 4
[LOG 21:49:45.726] Load Cached PNG Texture: KerbalKonstructs/Assets/leftoff
[LOG 21:49:45.731] Load Cached PNG Texture: KerbalKonstructs/Assets/lefton
[LOG 21:49:45.732] Load PNG texture: KerbalKonstructs/Assets/lgbottom
[WRN 21:49:45.732] Texture isn't eligible for DXT compression, width and height must be multiples of 4
[LOG 21:49:45.737] Load Cached PNG Texture: KerbalKonstructs/Assets/lgmiddle
[LOG 21:49:45.738] Load PNG texture: KerbalKonstructs/Assets/lgtop
[WRN 21:49:45.739] Texture isn't eligible for DXT compression, width and height must be multiples of 4
[LOG 21:49:45.744] Load Cached PNG Texture: KerbalKonstructs/Assets/littleclose
[LOG 21:49:45.749] Load Cached PNG Texture: KerbalKonstructs/Assets/makefavourite
[LOG 21:49:45.755] Load Cached PNG Texture: KerbalKonstructs/Assets/mapButtonHover
[LOG 21:49:45.760] Load Cached PNG Texture: KerbalKonstructs/Assets/mapButtonNormal
[LOG 21:49:45.766] Load Cached PNG Texture: KerbalKonstructs/Assets/mapClosedBasesOff
[LOG 21:49:45.771] Load Cached PNG Texture: KerbalKonstructs/Assets/mapClosedBasesOn
[LOG 21:49:45.775] Load Cached PNG Texture: KerbalKonstructs/Assets/mapDownlinksOff
[LOG 21:49:45.781] Load Cached PNG Texture: KerbalKonstructs/Assets/mapDownlinksOn
[LOG 21:49:45.787] Load Cached PNG Texture: KerbalKonstructs/Assets/mapFavouritesOff
[LOG 21:49:45.793] Load Cached PNG Texture: KerbalKonstructs/Assets/mapFavouritesOn
[LOG 21:49:45.799] Load Cached PNG Texture: KerbalKonstructs/Assets/mapGroundCommsOff
[LOG 21:49:45.805] Load Cached PNG Texture: KerbalKonstructs/Assets/mapGroundCommsOn
[LOG 21:49:45.810] Load Cached PNG Texture: KerbalKonstructs/Assets/mapHelipadsOff
[LOG 21:49:45.816] Load Cached PNG Texture: KerbalKonstructs/Assets/mapHelipadsOn
[LOG 21:49:45.821] Load Cached PNG Texture: KerbalKonstructs/Assets/mapHideOff
[LOG 21:49:45.828] Load Cached PNG Texture: KerbalKonstructs/Assets/mapHideOn
[LOG 21:49:45.833] Load Cached PNG Texture: KerbalKonstructs/Assets/mapLaunchpadsOff
[LOG 21:49:45.839] Load Cached PNG Texture: KerbalKonstructs/Assets/mapLaunchpadsOn
[LOG 21:49:45.844] Load Cached PNG Texture: KerbalKonstructs/Assets/mapOpenBasesOff
[LOG 21:49:45.851] Load Cached PNG Texture: KerbalKonstructs/Assets/mapOpenBasesOn
[LOG 21:49:45.858] Load Cached PNG Texture: KerbalKonstructs/Assets/mapOtherOff
[LOG 21:49:45.866] Load Cached PNG Texture: KerbalKonstructs/Assets/mapOtherOn
[LOG 21:49:45.873] Load Cached PNG Texture: KerbalKonstructs/Assets/mapRadarOff
[LOG 21:49:45.880] Load Cached PNG Texture: KerbalKonstructs/Assets/mapRadarOn
[LOG 21:49:45.886] Load Cached PNG Texture: KerbalKonstructs/Assets/mapRunwaysOff
[LOG 21:49:45.891] Load Cached PNG Texture: KerbalKonstructs/Assets/mapRunwaysOn
[LOG 21:49:45.897] Load Cached PNG Texture: KerbalKonstructs/Assets/mapTrackingOff
[LOG 21:49:45.903] Load Cached PNG Texture: KerbalKonstructs/Assets/mapTrackingOn
[LOG 21:49:45.910] Load Cached PNG Texture: KerbalKonstructs/Assets/mapUplinksOff
[LOG 21:49:45.916] Load Cached PNG Texture: KerbalKonstructs/Assets/mapUplinksOn
[LOG 21:49:45.923] Load Cached PNG Texture: KerbalKonstructs/Assets/mapWaterOff
[LOG 21:49:45.929] Load Cached PNG Texture: KerbalKonstructs/Assets/mapWaterOn
[LOG 21:49:45.937] Load Cached PNG Texture: KerbalKonstructs/Assets/openedlaunchsite
[LOG 21:49:45.943] Load Cached PNG Texture: KerbalKonstructs/Assets/pastepos
[LOG 21:49:45.949] Load Cached PNG Texture: KerbalKonstructs/Assets/radarcover
[LOG 21:49:45.956] Load Cached PNG Texture: KerbalKonstructs/Assets/recoveryBase
[LOG 21:49:45.962] Load Cached PNG Texture: KerbalKonstructs/Assets/rightoff
[LOG 21:49:45.967] Load Cached PNG Texture: KerbalKonstructs/Assets/righton
[LOG 21:49:45.977] Load Cached PNG Texture: KerbalKonstructs/Assets/search
[LOG 21:49:45.983] Load Cached PNG Texture: KerbalKonstructs/Assets/setaslaunchsite
[LOG 21:49:45.991] Load Cached PNG Texture: KerbalKonstructs/Assets/settingscross
[LOG 21:49:45.996] Load Cached PNG Texture: KerbalKonstructs/Assets/settingstick
[LOG 21:49:45.997] Load PNG texture: KerbalKonstructs/Assets/siteclosed
[WRN 21:49:45.997] Texture isn't eligible for DXT compression, width and height must be multiples of 4
[LOG 21:49:45.997] Load PNG texture: KerbalKonstructs/Assets/siteopen
[WRN 21:49:45.997] Texture isn't eligible for DXT compression, width and height must be multiples of 4
[LOG 21:49:45.998] Load PNG texture: KerbalKonstructs/Assets/SiteToolbarIcon
[WRN 21:49:45.998] Texture isn't eligible for DXT compression, width and height must be multiples of 4
[LOG 21:49:46.003] Load Cached PNG Texture: KerbalKonstructs/Assets/snapto
[LOG 21:49:46.009] Load Cached PNG Texture: KerbalKonstructs/Assets/terrain
[LOG 21:49:46.015] Load Cached PNG Texture: KerbalKonstructs/Assets/titlebaricon
[LOG 21:49:46.022] Load Cached PNG Texture: KerbalKonstructs/Assets/touchdownL
[LOG 21:49:46.031] Load Cached PNG Texture: KerbalKonstructs/Assets/touchdownR
[LOG 21:49:46.038] Load Cached PNG Texture: KerbalKonstructs/Assets/TrackingMapIcon
[LOG 21:49:46.038] Load PNG texture: KerbalKonstructs/Assets/unbilleted
[WRN 21:49:46.038] Texture isn't eligible for DXT compression, width and height must be multiples of 4
[LOG 21:49:46.044] Load Cached PNG Texture: KerbalKonstructs/Assets/VABMapIcon
[LOG 21:49:46.044] Load PNG texture: KerbalKonstructs/Assets/verticalsep
[WRN 21:49:46.044] Texture isn't eligible for DXT compression, width and height must be multiples of 4
[LOG 21:49:46.049] Load Cached PNG Texture: KerbalKonstructs/Assets/world
[LOG 21:49:46.050] Load PNG texture: KerbalKonstructs/Assets/xpgained
[WRN 21:49:46.050] Texture isn't eligible for DXT compression, width and height must be multiples of 4
[LOG 21:49:46.050] Load PNG texture: KerbalKonstructs/Assets/xpungained
[WRN 21:49:46.050] Texture isn't eligible for DXT compression, width and height must be multiples of 4
[LOG 21:49:46.056] Load Cached PNG Texture: KerbalKonstructs/Assets/Colors/legacyGrassColors
[LOG 21:49:46.064] Load DDS texture: KerbalKonstructs/Assets/CommunityTextures/Blast_01_Damonvv
[LOG 21:49:46.070] Load DDS texture: KerbalKonstructs/Assets/CommunityTextures/Blast_02_Damonvv
[LOG 21:49:46.077] Load DDS texture: KerbalKonstructs/Assets/CommunityTextures/Containers_Damonvv
[LOG 21:49:46.084] Load DDS texture: KerbalKonstructs/Assets/CommunityTextures/Containers_Damonvv_NRM
[LOG 21:49:46.090] Load DDS texture: KerbalKonstructs/Assets/CommunityTextures/DrainLaunchpad
[LOG 21:49:46.095] Load DDS texture: KerbalKonstructs/Assets/Smoke/KKPadSmoke1/ember1
[LOG 21:49:46.101] Load DDS texture: KerbalKonstructs/Assets/Smoke/KKPadSmoke1/smoke2
[LOG 21:49:46.108] Load DDS texture: KerbalKonstructs/Assets/Smoke/KKPadSmoke1/smoke5
[LOG 21:49:46.109] Load PNG texture: KerbalKonstructs/Flags/Kerbal Konstructs
[WRN 21:49:46.110] Texture isn't eligible for DXT compression, width and height must be multiples of 4
[LOG 21:49:46.115] Load Cached PNG Texture: KerbalKonstructs/FreeStatics/KKflagDemo/KKFlagDemoBboard
[LOG 21:49:46.121] Load Cached PNG Texture: KerbalKonstructs/FreeStatics/RunwayMarkings/AimPoint
[LOG 21:49:46.125] Load Cached PNG Texture: KerbalKonstructs/FreeStatics/RunwayMarkings/Displacement
[LOG 21:49:46.131] Load Cached PNG Texture: KerbalKonstructs/FreeStatics/RunwayMarkings/Fixed1500
[LOG 21:49:46.137] Load Cached PNG Texture: KerbalKonstructs/FreeStatics/RunwayMarkings/Fixed500
[LOG 21:49:46.138] Load PNG texture: KerbalKonstructs/FreeStatics/RunwayMarkings/runway_symbols
[WRN 21:49:46.142] Texture isn't eligible for DXT compression, width and height must be multiples of 4
[LOG 21:49:46.144] Load Cached PNG Texture: KerbalKonstructs/FreeStatics/RunwayMarkings/Threshold6
[LOG 21:49:46.150] Load Cached PNG Texture: KerbalKonstructs/FreeStatics/RunwayMarkings/Threshold8
[LOG 21:49:46.156] Load Cached PNG Texture: KerbalKonstructs/MapDecalMaps/AllBlack
[LOG 21:49:46.161] Load Cached PNG Texture: KerbalKonstructs/MapDecalMaps/CircleSlope
[LOG 21:49:46.169] Load Cached PNG Texture: KerbalKonstructs/MapDecalMaps/diagonalSlope
[LOG 21:49:46.173] Load Cached PNG Texture: KerbalKonstructs/MapDecalMaps/HoleDecal
[LOG 21:49:46.180] Load Cached PNG Texture: KerbalKonstructs/MapDecalMaps/Lava
[LOG 21:49:46.187] Load Cached PNG Texture: KerbalKonstructs/MapDecalMaps/SquarePlateauSloped
[LOG 21:49:46.193] Load Cached PNG Texture: KerbalKonstructs/MapDecalMaps/SquareSlope
[LOG 21:49:46.198] Load Cached PNG Texture: KerbalKonstructs/MapDecalMaps/Test
[LOG 21:49:46.205] Load DDS texture: KSPCommunityFixes/MMPatches/StockTweaks/Icons/Clamp-O-Tron
[LOG 21:49:46.205] Load TRUECOLOR texture: KSPCommunityFixes/MMPatches/StockTweaks/Icons/Clamp-O-Tron_scaled
[LOG 21:49:46.211] Load DDS texture: KSPCommunityFixes/MMPatches/StockTweaks/Icons/FreeFallParachutes
[LOG 21:49:46.212] Load TRUECOLOR texture: KSPCommunityFixes/MMPatches/StockTweaks/Icons/FreeFallParachutes_scaled
[LOG 21:49:46.219] Load DDS texture: KSPCommunityFixes/MMPatches/StockTweaks/Icons/LightYearTireCompany
[LOG 21:49:46.219] Load TRUECOLOR texture: KSPCommunityFixes/MMPatches/StockTweaks/Icons/LightYearTireCompany_scaled
[LOG 21:49:46.225] Load DDS texture: KSPCommunityFixes/MMPatches/StockTweaks/Icons/StratusCorporation
[LOG 21:49:46.226] Load TRUECOLOR texture: KSPCommunityFixes/MMPatches/StockTweaks/Icons/StratusCorporation_scaled
[LOG 21:49:46.233] Load DDS texture: Squad/Agencies/C7AerospaceDivision
[LOG 21:49:46.233] Load TRUECOLOR texture: Squad/Agencies/C7AerospaceDivision_scaled
[LOG 21:49:46.239] Load DDS texture: Squad/Agencies/DinkelsteinKermansConstructionEmporium
[LOG 21:49:46.240] Load TRUECOLOR texture: Squad/Agencies/DinkelsteinKermansConstructionEmporium_scaled
[LOG 21:49:46.248] Load DDS texture: Squad/Agencies/ExperimentalEngineering
[LOG 21:49:46.249] Load TRUECOLOR texture: Squad/Agencies/ExperimentalEngineering_scaled
[LOG 21:49:46.255] Load DDS texture: Squad/Agencies/FlooydResearchLab
[LOG 21:49:46.255] Load TRUECOLOR texture: Squad/Agencies/FlooydResearchLab_scaled
[LOG 21:49:46.261] Load DDS texture: Squad/Agencies/GoliathNationalProducts
[LOG 21:49:46.262] Load TRUECOLOR texture: Squad/Agencies/GoliathNationalProducts_scaled
[LOG 21:49:46.268] Load DDS texture: Squad/Agencies/IntegratedIntegrals
[LOG 21:49:46.268] Load TRUECOLOR texture: Squad/Agencies/IntegratedIntegrals_scaled
[LOG 21:49:46.274] Load DDS texture: Squad/Agencies/IonicSymphonicProtonicElectronics
[LOG 21:49:46.274] Load TRUECOLOR texture: Squad/Agencies/IonicSymphonicProtonicElectronics_scaled
[LOG 21:49:46.280] Load DDS texture: Squad/Agencies/JebsJunkyard
[LOG 21:49:46.280] Load TRUECOLOR texture: Squad/Agencies/JebsJunkyard_scaled
[LOG 21:49:46.288] Load DDS texture: Squad/Agencies/KerbalMotion
[LOG 21:49:46.289] Load TRUECOLOR texture: Squad/Agencies/KerbalMotion_scaled
[LOG 21:49:46.295] Load DDS texture: Squad/Agencies/KerbinWorldFirstRecordKeepingSociety
[LOG 21:49:46.296] Load TRUECOLOR texture: Squad/Agencies/KerbinWorldFirstRecordKeepingSociety_scaled
[LOG 21:49:46.301] Load DDS texture: Squad/Agencies/Kerbodyne
[LOG 21:49:46.302] Load TRUECOLOR texture: Squad/Agencies/Kerbodyne_scaled
[LOG 21:49:46.308] Load DDS texture: Squad/Agencies/Kerlington
[LOG 21:49:46.308] Load TRUECOLOR texture: Squad/Agencies/Kerlington_scaled
[LOG 21:49:46.314] Load DDS texture: Squad/Agencies/MaxoConstructionToys
[LOG 21:49:46.315] Load TRUECOLOR texture: Squad/Agencies/MaxoConstructionToys_scaled
[LOG 21:49:46.322] Load DDS texture: Squad/Agencies/MovingPartsExpertsGroup
[LOG 21:49:46.323] Load TRUECOLOR texture: Squad/Agencies/MovingPartsExpertsGroup_scaled
[LOG 21:49:46.328] Load DDS texture: Squad/Agencies/OMBDemolition
[LOG 21:49:46.329] Load TRUECOLOR texture: Squad/Agencies/OMBDemolition_scaled
[LOG 21:49:46.336] Load DDS texture: Squad/Agencies/PeriapsisCo
[LOG 21:49:46.337] Load TRUECOLOR texture: Squad/Agencies/PeriapsisCo_scaled
[LOG 21:49:46.342] Load DDS texture: Squad/Agencies/Probodobodyne
[LOG 21:49:46.343] Load TRUECOLOR texture: Squad/Agencies/Probodobodyne_scaled
[LOG 21:49:46.348] Load DDS texture: Squad/Agencies/R&D
[LOG 21:49:46.348] Load TRUECOLOR texture: Squad/Agencies/R&D_scaled
[LOG 21:49:46.355] Load DDS texture: Squad/Agencies/ReactionSystemsLtd
[LOG 21:49:46.356] Load TRUECOLOR texture: Squad/Agencies/ReactionSystemsLtd_scaled
[LOG 21:49:46.361] Load DDS texture: Squad/Agencies/Rockomax
[LOG 21:49:46.362] Load TRUECOLOR texture: Squad/Agencies/Rockomax_scaled
[LOG 21:49:46.367] Load DDS texture: Squad/Agencies/Rokea
[LOG 21:49:46.368] Load TRUECOLOR texture: Squad/Agencies/Rokea_scaled
[LOG 21:49:46.374] Load DDS texture: Squad/Agencies/SeansCannery
[LOG 21:49:46.375] Load TRUECOLOR texture: Squad/Agencies/SeansCannery_scaled
[LOG 21:49:46.380] Load DDS texture: Squad/Agencies/SteadlerEngineeringCorps
[LOG 21:49:46.381] Load TRUECOLOR texture: Squad/Agencies/SteadlerEngineeringCorps_scaled
[LOG 21:49:46.386] Load DDS texture: Squad/Agencies/StrutCo
[LOG 21:49:46.386] Load TRUECOLOR texture: Squad/Agencies/StrutCo_scaled
[LOG 21:49:46.393] Load DDS texture: Squad/Agencies/Vac-Co
[LOG 21:49:46.394] Load TRUECOLOR texture: Squad/Agencies/Vac-Co_scaled
[LOG 21:49:46.400] Load DDS texture: Squad/Agencies/WinterOwl
[LOG 21:49:46.401] Load TRUECOLOR texture: Squad/Agencies/WinterOwl_scaled
[LOG 21:49:46.407] Load DDS texture: Squad/Agencies/ZaltonicElectronics
[LOG 21:49:46.408] Load TRUECOLOR texture: Squad/Agencies/ZaltonicElectronics_scaled
[LOG 21:49:46.412] Load Cached PNG Texture: Squad/Alarms/Icons/ap
[LOG 21:49:46.418] Load Cached PNG Texture: Squad/Alarms/Icons/default
[LOG 21:49:46.423] Load Cached PNG Texture: Squad/Alarms/Icons/maneuver
[LOG 21:49:46.429] Load Cached PNG Texture: Squad/Alarms/Icons/pe
[LOG 21:49:46.433] Load Cached PNG Texture: Squad/Alarms/Icons/raw
[LOG 21:49:46.438] Load Cached PNG Texture: Squad/Alarms/Icons/soi
[LOG 21:49:46.445] Load Cached PNG Texture: Squad/Alarms/Icons/xfer
[LOG 21:49:46.450] Load DDS texture: Squad/Contracts/Icons/balloon
[LOG 21:49:46.455] Load DDS texture: Squad/Contracts/Icons/custom
[LOG 21:49:46.460] Load DDS texture: Squad/Contracts/Icons/default
[LOG 21:49:46.466] Load DDS texture: Squad/Contracts/Icons/dish
[LOG 21:49:46.470] Load DDS texture: Squad/Contracts/Icons/eva
[LOG 21:49:46.475] Load DDS texture: Squad/Contracts/Icons/gravity
[LOG 21:49:46.481] Load Cached PNG Texture: Squad/Contracts/Icons/ksc
[LOG 21:49:46.485] Load DDS texture: Squad/Contracts/Icons/launchsite
[LOG 21:49:46.490] Load DDS texture: Squad/Contracts/Icons/marker
[LOG 21:49:46.496] Load DDS texture: Squad/Contracts/Icons/pressure
[LOG 21:49:46.501] Load DDS texture: Squad/Contracts/Icons/report
[LOG 21:49:46.505] Load DDS texture: Squad/Contracts/Icons/runway
[LOG 21:49:46.511] Load DDS texture: Squad/Contracts/Icons/sample
[LOG 21:49:46.516] Load DDS texture: Squad/Contracts/Icons/seismic
[LOG 21:49:46.521] Load DDS texture: Squad/Contracts/Icons/thermometer
[LOG 21:49:46.526] Load DDS texture: Squad/Contracts/Icons/vessel
[LOG 21:49:46.532] Load Cached PNG Texture: Squad/Flags/09
[LOG 21:49:46.538] Load Cached PNG Texture: Squad/Flags/blorbs
[LOG 21:49:46.542] Load Cached PNG Texture: Squad/Flags/bullseye
[LOG 21:49:46.548] Load Cached PNG Texture: Squad/Flags/capsule
[LOG 21:49:46.554] Load Cached PNG Texture: Squad/Flags/circles
[LOG 21:49:46.560] Load Cached PNG Texture: Squad/Flags/default
[LOG 21:49:46.566] Load Cached PNG Texture: Squad/Flags/hexagon
[LOG 21:49:46.571] Load Cached PNG Texture: Squad/Flags/hexagonCircles
[LOG 21:49:46.577] Load Cached PNG Texture: Squad/Flags/kerbal1
[LOG 21:49:46.583] Load Cached PNG Texture: Squad/Flags/kerbal2
[LOG 21:49:46.590] Load Cached PNG Texture: Squad/Flags/kerbin
[LOG 21:49:46.596] Load Cached PNG Texture: Squad/Flags/kerbinmunflag
[LOG 21:49:46.602] Load Cached PNG Texture: Squad/Flags/line
[LOG 21:49:46.607] Load Cached PNG Texture: Squad/Flags/minimalistic
[LOG 21:49:46.613] Load Cached PNG Texture: Squad/Flags/orbit
[LOG 21:49:46.619] Load Cached PNG Texture: Squad/Flags/orbs
[LOG 21:49:46.626] Load Cached PNG Texture: Squad/Flags/retro
[LOG 21:49:46.631] Load Cached PNG Texture: Squad/Flags/rings
[LOG 21:49:46.638] Load Cached PNG Texture: Squad/Flags/rocketScience
[LOG 21:49:46.645] Load Cached PNG Texture: Squad/Flags/satellite
[LOG 21:49:46.651] Load Cached PNG Texture: Squad/Flags/Sentinel_Flag
[LOG 21:49:46.659] Load Cached PNG Texture: Squad/Flags/spheres
[LOG 21:49:46.667] Load Cached PNG Texture: Squad/Flags/squadLogo
[LOG 21:49:46.672] Load Cached PNG Texture: Squad/Flags/squadLogo2
[LOG 21:49:46.678] Load Cached PNG Texture: Squad/Flags/stripes
[LOG 21:49:46.684] Load Cached PNG Texture: Squad/Flags/trees
[LOG 21:49:46.689] Load Cached PNG Texture: Squad/Flags/trippy
[LOG 21:49:46.695] Load Cached PNG Texture: Squad/FlagsAgency/esa_dark_blue
[LOG 21:49:46.701] Load Cached PNG Texture: Squad/FlagsAgency/NASA
[LOG 21:49:46.706] Load Cached PNG Texture: Squad/FlagsAgency/uk_space_agency
[LOG 21:49:46.712] Load Cached PNG Texture: Squad/FlagsOrganization/B612_Foundation_flag
[LOG 21:49:46.718] Load Cached PNG Texture: Squad/FlagsOrganization/electron
[LOG 21:49:46.723] Load Cached PNG Texture: Squad/FlagsOrganization/ESA_Arianespace
[LOG 21:49:46.729] Load Cached PNG Texture: Squad/FlagsOrganization/rocketlab
[LOG 21:49:46.735] Load DDS texture: Squad/FX/DiamondBlue
[LOG 21:49:46.740] Load DDS texture: Squad/FX/FlameBlueOrange
[LOG 21:49:46.745] Load DDS texture: Squad/FX/FlamePurple
[LOG 21:49:46.750] Load DDS texture: Squad/FX/FlameRed
[LOG 21:49:46.755] Load DDS texture: Squad/FX/FlameRedOrange
[LOG 21:49:46.761] Load DDS texture: Squad/FX/Monoprop
[LOG 21:49:46.766] Load DDS texture: Squad/FX/plasma2
[LOG 21:49:46.772] Load DDS texture: Squad/FX/rocketplume2
[LOG 21:49:46.779] Load DDS texture: Squad/FX/shockDiamond2
[LOG 21:49:46.784] Load DDS texture: Squad/FX/smokepuff1
[LOG 21:49:46.791] Load DDS texture: Squad/Interiors/Administration/AdminBuilding_Lvl1
[LOG 21:49:46.799] Load DDS texture: Squad/Interiors/Administration/AdminBuilding_Lvl2
[LOG 21:49:46.810] Load DDS texture: Squad/Interiors/Administration/AdminBuilding_Lvl3
[LOG 21:49:46.816] Load DDS texture: Squad/MenuProps/MunOrBust
[LOG 21:49:46.823] Load Cached PNG Texture: Squad/Missions/Banners/Fail/default
[LOG 21:49:46.824] Load PNG texture: Squad/Missions/Banners/Menu/default
[WRN 21:49:46.826] Texture isn't eligible for DXT compression, width and height must be multiples of 4
[LOG 21:49:46.830] Load Cached PNG Texture: Squad/Missions/Banners/Success/default
[LOG 21:49:46.831] Load PNG texture: Squad/Missions/ESA-BepiColombo/Banners/Fail/ESA_MB_Fail_01
[WRN 21:49:46.834] Texture isn't eligible for DXT compression, width and height must be multiples of 4
[LOG 21:49:46.834] Load PNG texture: Squad/Missions/ESA-BepiColombo/Banners/Menu/ESA_MB_Select_01
[WRN 21:49:46.839] Texture isn't eligible for DXT compression, width and height must be multiples of 4
[LOG 21:49:46.839] Load PNG texture: Squad/Missions/ESA-BepiColombo/Banners/Success/ESA_MB_Success_01
[WRN 21:49:46.844] Texture isn't eligible for DXT compression, width and height must be multiples of 4
[LOG 21:49:46.844] Load PNG texture: Squad/Missions/ESA-BepiColombo-Short/Banners/Fail/ESA_MB_Fail_01
[WRN 21:49:46.847] Texture isn't eligible for DXT compression, width and height must be multiples of 4
[LOG 21:49:46.847] Load PNG texture: Squad/Missions/ESA-BepiColombo-Short/Banners/Menu/ESA_MB_Select_01
[WRN 21:49:46.851] Texture isn't eligible for DXT compression, width and height must be multiples of 4
[LOG 21:49:46.851] Load PNG texture: Squad/Missions/ESA-BepiColombo-Short/Banners/Success/ESA_MB_Success_01
[WRN 21:49:46.854] Texture isn't eligible for DXT compression, width and height must be multiples of 4
[LOG 21:49:46.854] Load PNG texture: Squad/Missions/ESA-Rosetta/Banners/Fail/ESA_MB_Fail_02
[WRN 21:49:46.858] Texture isn't eligible for DXT compression, width and height must be multiples of 4
[LOG 21:49:46.858] Load PNG texture: Squad/Missions/ESA-Rosetta/Banners/Menu/ESA_MB_Select_02
[WRN 21:49:46.860] Texture isn't eligible for DXT compression, width and height must be multiples of 4
[LOG 21:49:46.860] Load PNG texture: Squad/Missions/ESA-Rosetta/Banners/Success/ESA_MB_Success_02
[WRN 21:49:46.864] Texture isn't eligible for DXT compression, width and height must be multiples of 4
[LOG 21:49:46.864] Load Cached PNG Texture: Squad/PartList/SimpleIcons/ablator
[LOG 21:49:46.864] Load Cached PNG Texture: Squad/PartList/SimpleIcons/active_radiator
[LOG 21:49:46.864] Load Cached PNG Texture: Squad/PartList/SimpleIcons/asteroid_drill
[LOG 21:49:46.865] Load Cached PNG Texture: Squad/PartList/SimpleIcons/cargo_part
[LOG 21:49:46.869] Load Cached PNG Texture: Squad/PartList/SimpleIcons/comet_drill
[LOG 21:49:46.874] Load Cached PNG Texture: Squad/PartList/SimpleIcons/core_heat
[LOG 21:49:46.880] Load Cached PNG Texture: Squad/PartList/SimpleIcons/cs_main
[LOG 21:49:46.887] Load Cached PNG Texture: Squad/PartList/SimpleIcons/cs_mk2
[LOG 21:49:46.894] Load Cached PNG Texture: Squad/PartList/SimpleIcons/cs_mk3
[LOG 21:49:46.901] Load Cached PNG Texture: Squad/PartList/SimpleIcons/cs_size0
[LOG 21:49:46.906] Load Cached PNG Texture: Squad/PartList/SimpleIcons/cs_size1
[LOG 21:49:46.911] Load Cached PNG Texture: Squad/PartList/SimpleIcons/cs_size1p5
[LOG 21:49:46.917] Load Cached PNG Texture: Squad/PartList/SimpleIcons/cs_size2
[LOG 21:49:46.923] Load Cached PNG Texture: Squad/PartList/SimpleIcons/cs_size3
[LOG 21:49:46.928] Load Cached PNG Texture: Squad/PartList/SimpleIcons/cs_size4
[LOG 21:49:46.933] Load Cached PNG Texture: Squad/PartList/SimpleIcons/cs_surface
[LOG 21:49:46.938] Load Cached PNG Texture: Squad/PartList/SimpleIcons/custom_built_fairing
[LOG 21:49:46.944] Load Cached PNG Texture: Squad/PartList/SimpleIcons/deployable_antenna
[LOG 21:49:46.950] Load Cached PNG Texture: Squad/PartList/SimpleIcons/deployable_comms_part
[LOG 21:49:46.956] Load Cached PNG Texture: Squad/PartList/SimpleIcons/deployable_ground_part
[LOG 21:49:46.961] Load Cached PNG Texture: Squad/PartList/SimpleIcons/deployable_part
[LOG 21:49:46.967] Load Cached PNG Texture: Squad/PartList/SimpleIcons/deployable_radiator
[LOG 21:49:46.972] Load Cached PNG Texture: Squad/PartList/SimpleIcons/deployed_science_control_unit
[LOG 21:49:46.978] Load Cached PNG Texture: Squad/PartList/SimpleIcons/deployed_science_experiment
[LOG 21:49:46.983] Load Cached PNG Texture: Squad/PartList/SimpleIcons/deployed_science_part
[LOG 21:49:46.988] Load Cached PNG Texture: Squad/PartList/SimpleIcons/enviro_sensor
[LOG 21:49:46.994] Load Cached PNG Texture: Squad/PartList/SimpleIcons/experience_management
[LOG 21:49:46.998] Load Cached PNG Texture: Squad/PartList/SimpleIcons/fuels_monopropellant
[LOG 21:49:47.004] Load Cached PNG Texture: Squad/PartList/SimpleIcons/fuels_ore
[LOG 21:49:47.008] Load Cached PNG Texture: Squad/PartList/SimpleIcons/fuels_oxidizer
[LOG 21:49:47.014] Load Cached PNG Texture: Squad/PartList/SimpleIcons/fuels_solidfuel
[LOG 21:49:47.018] Load Cached PNG Texture: Squad/PartList/SimpleIcons/fuels_xenongas
[LOG 21:49:47.023] Load Cached PNG Texture: Squad/PartList/SimpleIcons/inventory_part
[LOG 21:49:47.028] Load Cached PNG Texture: Squad/PartList/SimpleIcons/kerbnet_access
[LOG 21:49:47.033] Load Cached PNG Texture: Squad/PartList/SimpleIcons/number1
[LOG 21:49:47.039] Load Cached PNG Texture: Squad/PartList/SimpleIcons/number2
[LOG 21:49:47.045] Load Cached PNG Texture: Squad/PartList/SimpleIcons/number3
[LOG 21:49:47.050] Load Cached PNG Texture: Squad/PartList/SimpleIcons/number4
[LOG 21:49:47.056] Load Cached PNG Texture: Squad/PartList/SimpleIcons/number5
[LOG 21:49:47.061] Load Cached PNG Texture: Squad/PartList/SimpleIcons/number6
[LOG 21:49:47.067] Load Cached PNG Texture: Squad/PartList/SimpleIcons/number7
[LOG 21:49:47.072] Load Cached PNG Texture: Squad/PartList/SimpleIcons/number8
[LOG 21:49:47.079] Load Cached PNG Texture: Squad/PartList/SimpleIcons/number9
[LOG 21:49:47.084] Load Cached PNG Texture: Squad/PartList/SimpleIcons/probe_control_unit
[LOG 21:49:47.089] Load Cached PNG Texture: Squad/PartList/SimpleIcons/R&D_node_icon_advaerodynamics
[LOG 21:49:47.095] Load Cached PNG Texture: Squad/PartList/SimpleIcons/R&D_node_icon_advancedmotors
[LOG 21:49:47.100] Load Cached PNG Texture: Squad/PartList/SimpleIcons/R&D_node_icon_advconstruction
[LOG 21:49:47.107] Load Cached PNG Texture: Squad/PartList/SimpleIcons/R&D_node_icon_advelectrics
[LOG 21:49:47.113] Load Cached PNG Texture: Squad/PartList/SimpleIcons/R&D_node_icon_advexploration
[LOG 21:49:47.119] Load Cached PNG Texture: Squad/PartList/SimpleIcons/R&D_node_icon_advflightcontrol
[LOG 21:49:47.125] Load Cached PNG Texture: Squad/PartList/SimpleIcons/R&D_node_icon_advlanding
[LOG 21:49:47.130] Load Cached PNG Texture: Squad/PartList/SimpleIcons/R&D_node_icon_advmetalworks
[LOG 21:49:47.135] Load Cached PNG Texture: Squad/PartList/SimpleIcons/R&D_node_icon_advrocketry
[LOG 21:49:47.141] Load Cached PNG Texture: Squad/PartList/SimpleIcons/R&D_node_icon_advsciencetech
[LOG 21:49:47.147] Load Cached PNG Texture: Squad/PartList/SimpleIcons/R&D_node_icon_advunmanned
[LOG 21:49:47.152] Load Cached PNG Texture: Squad/PartList/SimpleIcons/R&D_node_icon_aerodynamicsystems
[LOG 21:49:47.158] Load Cached PNG Texture: Squad/PartList/SimpleIcons/R&D_node_icon_aerospacetech
[LOG 21:49:47.163] Load Cached PNG Texture: Squad/PartList/SimpleIcons/R&D_node_icon_automation
[LOG 21:49:47.168] Load Cached PNG Texture: Squad/PartList/SimpleIcons/R&D_node_icon_basicprobes
[LOG 21:49:47.174] Load Cached PNG Texture: Squad/PartList/SimpleIcons/R&D_node_icon_basicrocketry
[LOG 21:49:47.181] Load Cached PNG Texture: Squad/PartList/SimpleIcons/R&D_node_icon_composites
[LOG 21:49:47.185] Load Cached PNG Texture: Squad/PartList/SimpleIcons/R&D_node_icon_electrics
[LOG 21:49:47.190] Load Cached PNG Texture: Squad/PartList/SimpleIcons/R&D_node_icon_electronics
[LOG 21:49:47.196] Load Cached PNG Texture: Squad/PartList/SimpleIcons/R&D_node_icon_evatech
[LOG 21:49:47.201] Load Cached PNG Texture: Squad/PartList/SimpleIcons/R&D_node_icon_experimentalaerodynamics
[LOG 21:49:47.205] Load Cached PNG Texture: Squad/PartList/SimpleIcons/R&D_node_icon_experimentalelectrics
[LOG 21:49:47.210] Load Cached PNG Texture: Squad/PartList/SimpleIcons/R&D_node_icon_experimentalmotors
[LOG 21:49:47.216] Load Cached PNG Texture: Squad/PartList/SimpleIcons/R&D_node_icon_experimentalrocketry
[LOG 21:49:47.221] Load Cached PNG Texture: Squad/PartList/SimpleIcons/R&D_node_icon_experimentalscience
[LOG 21:49:47.227] Load Cached PNG Texture: Squad/PartList/SimpleIcons/R&D_node_icon_fieldscience
[LOG 21:49:47.232] Load Cached PNG Texture: Squad/PartList/SimpleIcons/R&D_node_icon_flightcontrol
[LOG 21:49:47.239] Load Cached PNG Texture: Squad/PartList/SimpleIcons/R&D_node_icon_fuelsystems
[LOG 21:49:47.245] Load Cached PNG Texture: Squad/PartList/SimpleIcons/R&D_node_icon_generalconstruction
[LOG 21:49:47.251] Load Cached PNG Texture: Squad/PartList/SimpleIcons/R&D_node_icon_generalrocketry
[LOG 21:49:47.258] Load Cached PNG Texture: Squad/PartList/SimpleIcons/R&D_node_icon_generic
[LOG 21:49:47.263] Load Cached PNG Texture: Squad/PartList/SimpleIcons/R&D_node_icon_heavierrocketry
[LOG 21:49:47.269] Load Cached PNG Texture: Squad/PartList/SimpleIcons/R&D_node_icon_heavyaerodynamics
[LOG 21:49:47.274] Load Cached PNG Texture: Squad/PartList/SimpleIcons/R&D_node_icon_heavyrocketry
[LOG 21:49:47.279] Load Cached PNG Texture: Squad/PartList/SimpleIcons/R&D_node_icon_highaltitudeflight
[LOG 21:49:47.285] Load Cached PNG Texture: Squad/PartList/SimpleIcons/R&D_node_icon_highaltitudepropulsion
[LOG 21:49:47.290] Load Cached PNG Texture: Squad/PartList/SimpleIcons/R&D_node_icon_hypersonicflight
[LOG 21:49:47.296] Load Cached PNG Texture: Squad/PartList/SimpleIcons/R&D_node_icon_ionpropulsion
[LOG 21:49:47.301] Load Cached PNG Texture: Squad/PartList/SimpleIcons/R&D_node_icon_landing
[LOG 21:49:47.305] Load Cached PNG Texture: Squad/PartList/SimpleIcons/R&D_node_icon_largecontrol
[LOG 21:49:47.311] Load Cached PNG Texture: Squad/PartList/SimpleIcons/R&D_node_icon_largeelectrics
[LOG 21:49:47.317] Load Cached PNG Texture: Squad/PartList/SimpleIcons/R&D_node_icon_largeprobes
[LOG 21:49:47.322] Load Cached PNG Texture: Squad/PartList/SimpleIcons/R&D_node_icon_metamaterials
[LOG 21:49:47.327] Load Cached PNG Texture: Squad/PartList/SimpleIcons/R&D_node_icon_nanolathing
[LOG 21:49:47.333] Load Cached PNG Texture: Squad/PartList/SimpleIcons/R&D_node_icon_nuclearpropulsion
[LOG 21:49:47.338] Load Cached PNG Texture: Squad/PartList/SimpleIcons/R&D_node_icon_precisionengineering
[LOG 21:49:47.342] Load Cached PNG Texture: Squad/PartList/SimpleIcons/R&D_node_icon_robotics
[LOG 21:49:47.348] Load Cached PNG Texture: Squad/PartList/SimpleIcons/R&D_node_icon_sciencetech
[LOG 21:49:47.353] Load Cached PNG Texture: Squad/PartList/SimpleIcons/R&D_node_icon_specializedconstruction
[LOG 21:49:47.359] Load Cached PNG Texture: Squad/PartList/SimpleIcons/R&D_node_icon_specializedcontrol
[LOG 21:49:47.364] Load Cached PNG Texture: Squad/PartList/SimpleIcons/R&D_node_icon_specializedelectrics
[LOG 21:49:47.369] Load Cached PNG Texture: Squad/PartList/SimpleIcons/R&D_node_icon_stability
[LOG 21:49:47.375] Load Cached PNG Texture: Squad/PartList/SimpleIcons/R&D_node_icon_start
[LOG 21:49:47.380] Load Cached PNG Texture: Squad/PartList/SimpleIcons/R&D_node_icon_supersonicflight
[LOG 21:49:47.385] Load Cached PNG Texture: Squad/PartList/SimpleIcons/R&D_node_icon_survivability
[LOG 21:49:47.391] Load Cached PNG Texture: Squad/PartList/SimpleIcons/R&D_node_icon_unmannedtech
[LOG 21:49:47.397] Load Cached PNG Texture: Squad/PartList/SimpleIcons/R&D_node_icon_veryheavyrocketry
[LOG 21:49:47.403] Load Cached PNG Texture: Squad/PartList/SimpleIcons/rcsfx
[LOG 21:49:47.408] Load Cached PNG Texture: Squad/PartList/SimpleIcons/RDicon_aerospaceTech2
[LOG 21:49:47.414] Load Cached PNG Texture: Squad/PartList/SimpleIcons/RDicon_commandmodules
[LOG 21:49:47.419] Load Cached PNG Texture: Squad/PartList/SimpleIcons/RDicon_fuelSystems-advanced
[LOG 21:49:47.424] Load Cached PNG Texture: Squad/PartList/SimpleIcons/RDicon_fuelSystems-highPerformance
[LOG 21:49:47.429] Load Cached PNG Texture: Squad/PartList/SimpleIcons/RDicon_largeVolumeContainment
[LOG 21:49:47.435] Load Cached PNG Texture: Squad/PartList/SimpleIcons/RDicon_miniaturization
[LOG 21:49:47.440] Load Cached PNG Texture: Squad/PartList/SimpleIcons/RDicon_propulsion-precision
[LOG 21:49:47.446] Load Cached PNG Texture: Squad/PartList/SimpleIcons/RDicon_propulsionSystems
[LOG 21:49:47.451] Load Cached PNG Texture: Squad/PartList/SimpleIcons/RDicon_telescope
[LOG 21:49:47.457] Load Cached PNG Texture: Squad/PartList/SimpleIcons/robotic_controller
[LOG 21:49:47.462] Load Cached PNG Texture: Squad/PartList/SimpleIcons/robotic_rotation_servo
[LOG 21:49:47.469] Load Cached PNG Texture: Squad/PartList/SimpleIcons/robotic_servo_hinge
[LOG 21:49:47.474] Load Cached PNG Texture: Squad/PartList/SimpleIcons/robotic_servo_piston
[LOG 21:49:47.479] Load Cached PNG Texture: Squad/PartList/SimpleIcons/robotic_servo_rotor
[LOG 21:49:47.485] Load Cached PNG Texture: Squad/PartList/SimpleIcons/scanner_arm
[LOG 21:49:47.490] Load Cached PNG Texture: Squad/PartList/SimpleIcons/variant
[LOG 21:49:47.498] Load Cached PNG Texture: Squad/Parts/@thumbs/adapterSmallMiniShort_icon0
[LOG 21:49:47.505] Load Cached PNG Texture: Squad/Parts/@thumbs/adapterSmallMiniShort_icon1
[LOG 21:49:47.511] Load Cached PNG Texture: Squad/Parts/@thumbs/adapterSmallMiniTall_icon0
[LOG 21:49:47.518] Load Cached PNG Texture: Squad/Parts/@thumbs/adapterSmallMiniTall_icon1
[LOG 21:49:47.524] Load Cached PNG Texture: Squad/Parts/@thumbs/AdvancedCanard_icon
[LOG 21:49:47.530] Load Cached PNG Texture: Squad/Parts/@thumbs/advSasModule_icon
[LOG 21:49:47.536] Load Cached PNG Texture: Squad/Parts/@thumbs/airbrake1_icon
[LOG 21:49:47.543] Load Cached PNG Texture: Squad/Parts/@thumbs/airScoop_icon
[LOG 21:49:47.550] Load Cached PNG Texture: Squad/Parts/@thumbs/avionicsNoseCone_icon
[LOG 21:49:47.557] Load Cached PNG Texture: Squad/Parts/@thumbs/basicFin_icon
[LOG 21:49:47.562] Load Cached PNG Texture: Squad/Parts/@thumbs/batteryBankLarge_icon
[LOG 21:49:47.570] Load Cached PNG Texture: Squad/Parts/@thumbs/batteryBankMini_icon
[LOG 21:49:47.576] Load Cached PNG Texture: Squad/Parts/@thumbs/batteryBank_icon
[LOG 21:49:47.583] Load Cached PNG Texture: Squad/Parts/@thumbs/batteryPack_icon
[LOG 21:49:47.593] Load Cached PNG Texture: Squad/Parts/@thumbs/cargoContainer_icon
[LOG 21:49:47.601] Load Cached PNG Texture: Squad/Parts/@thumbs/CircularIntake_icon
[LOG 21:49:47.611] Load Cached PNG Texture: Squad/Parts/@thumbs/commDish_icon
[LOG 21:49:47.619] Load Cached PNG Texture: Squad/Parts/@thumbs/Decoupler.0_icon0
[LOG 21:49:47.652] Load Cached PNG Texture: Squad/Parts/@thumbs/Decoupler.0_icon1
[LOG 21:49:47.670] Load Cached PNG Texture: Squad/Parts/@thumbs/Decoupler.1_icon0
[LOG 21:49:47.677] Load Cached PNG Texture: Squad/Parts/@thumbs/Decoupler.1_icon1
[LOG 21:49:47.684] Load Cached PNG Texture: Squad/Parts/@thumbs/dockingPort1_icon
[LOG 21:49:47.691] Load Cached PNG Texture: Squad/Parts/@thumbs/dockingPort2_icon
[LOG 21:49:47.700] Load Cached PNG Texture: Squad/Parts/@thumbs/dockingPort3_icon
[LOG 21:49:47.705] Load Cached PNG Texture: Squad/Parts/@thumbs/domeLight1_icon0
[LOG 21:49:47.712] Load Cached PNG Texture: Squad/Parts/@thumbs/domeLight1_icon1
[LOG 21:49:47.721] Load Cached PNG Texture: Squad/Parts/@thumbs/elevon2_icon
[LOG 21:49:47.731] Load Cached PNG Texture: Squad/Parts/@thumbs/elevon3_icon
[LOG 21:49:47.739] Load Cached PNG Texture: Squad/Parts/@thumbs/elevon5_icon
[LOG 21:49:47.745] Load Cached PNG Texture: Squad/Parts/@thumbs/evaChute_icon
[LOG 21:49:47.751] Load Cached PNG Texture: Squad/Parts/@thumbs/evaCylinder_icon
[LOG 21:49:47.758] Load Cached PNG Texture: Squad/Parts/@thumbs/evaJetpack_icon
[LOG 21:49:47.765] Load Cached PNG Texture: Squad/Parts/@thumbs/evaRepairKit_icon
[LOG 21:49:47.770] Load Cached PNG Texture: Squad/Parts/@thumbs/evaScienceKit_icon
[LOG 21:49:47.778] Load Cached PNG Texture: Squad/Parts/@thumbs/externalTankCapsule_icon0
[LOG 21:49:47.785] Load Cached PNG Texture: Squad/Parts/@thumbs/externalTankCapsule_icon1
[LOG 21:49:47.790] Load Cached PNG Texture: Squad/Parts/@thumbs/externalTankRound_icon0
[LOG 21:49:47.796] Load Cached PNG Texture: Squad/Parts/@thumbs/externalTankRound_icon1
[LOG 21:49:47.802] Load Cached PNG Texture: Squad/Parts/@thumbs/externalTankToroid_icon0
[LOG 21:49:47.809] Load Cached PNG Texture: Squad/Parts/@thumbs/externalTankToroid_icon1
[LOG 21:49:47.816] Load Cached PNG Texture: Squad/Parts/@thumbs/fireworksLauncherBig_icon
[LOG 21:49:47.822] Load Cached PNG Texture: Squad/Parts/@thumbs/fireworksLauncherSmall_icon
[LOG 21:49:47.830] Load Cached PNG Texture: Squad/Parts/@thumbs/foldingRadMed_icon
[LOG 21:49:47.836] Load Cached PNG Texture: Squad/Parts/@thumbs/foldingRadSmall_icon
[LOG 21:49:47.841] Load Cached PNG Texture: Squad/Parts/@thumbs/FuelCellArray_icon
[LOG 21:49:47.847] Load Cached PNG Texture: Squad/Parts/@thumbs/FuelCell_icon
[LOG 21:49:47.853] Load Cached PNG Texture: Squad/Parts/@thumbs/fuelTank.long_icon0
[LOG 21:49:47.854] Load PNG texture: Squad/Parts/@thumbs/fuelTankSmallFlat_icon0
[LOG 21:49:47.858] [KSPCF] PNG texture 'Squad/Parts/@thumbs/fuelTankSmallFlat_icon0' was converted to DXT5 and has been cached for future reloads
[LOG 21:49:47.860] Load Cached PNG Texture: Squad/Parts/@thumbs/fuelTankSmallFlat_icon1
[LOG 21:49:47.867] Load Cached PNG Texture: Squad/Parts/@thumbs/fuelTankSmallFlat_icon2
[LOG 21:49:47.872] Load Cached PNG Texture: Squad/Parts/@thumbs/fuelTankSmallFlat_icon3
[LOG 21:49:47.877] Load Cached PNG Texture: Squad/Parts/@thumbs/fuelTankSmall_icon0
[LOG 21:49:47.884] Load Cached PNG Texture: Squad/Parts/@thumbs/fuelTankSmall_icon1
[LOG 21:49:47.890] Load Cached PNG Texture: Squad/Parts/@thumbs/fuelTankSmall_icon2
[LOG 21:49:47.895] Load Cached PNG Texture: Squad/Parts/@thumbs/fuelTankSmall_icon3
[LOG 21:49:47.900] Load Cached PNG Texture: Squad/Parts/@thumbs/GearFixed_icon
[LOG 21:49:47.913] Load Cached PNG Texture: Squad/Parts/@thumbs/GearFree_icon
[LOG 21:49:47.917] Load Cached PNG Texture: Squad/Parts/@thumbs/GearSmall_icon
[LOG 21:49:47.929] Load Cached PNG Texture: Squad/Parts/@thumbs/GooExperiment_icon
[LOG 21:49:47.934] Load Cached PNG Texture: Squad/Parts/@thumbs/groundAnchor_icon
[LOG 21:49:47.941] Load Cached PNG Texture: Squad/Parts/@thumbs/groundLight1_icon
[LOG 21:49:47.947] Load Cached PNG Texture: Squad/Parts/@thumbs/groundLight2_icon
[LOG 21:49:47.955] Load Cached PNG Texture: Squad/Parts/@thumbs/HeatShield0_icon
[LOG 21:49:47.962] Load Cached PNG Texture: Squad/Parts/@thumbs/HeatShield1_icon
[LOG 21:49:47.969] Load Cached PNG Texture: Squad/Parts/@thumbs/HECS2.ProbeCore_icon
[LOG 21:49:47.975] Load Cached PNG Texture: Squad/Parts/@thumbs/HighGainAntenna5.v2_icon
[LOG 21:49:48.057] Load Cached PNG Texture: Squad/Parts/@thumbs/HighGainAntenna5_icon
[LOG 21:49:48.073] Load Cached PNG Texture: Squad/Parts/@thumbs/HighGainAntenna_icon
[LOG 21:49:48.083] Load Cached PNG Texture: Squad/Parts/@thumbs/IntakeRadialLong_icon
[LOG 21:49:48.090] Load Cached PNG Texture: Squad/Parts/@thumbs/ionEngine_icon
[LOG 21:49:48.104] Load Cached PNG Texture: Squad/Parts/@thumbs/ISRU_icon
[LOG 21:49:48.111] Load Cached PNG Texture: Squad/Parts/@thumbs/ksp.r.largeBatteryPack_icon
[LOG 21:49:48.117] Load Cached PNG Texture: Squad/Parts/@thumbs/ladder1_icon
[LOG 21:49:48.122] Load Cached PNG Texture: Squad/Parts/@thumbs/landingLeg1-2_icon
[LOG 21:49:48.130] Load Cached PNG Texture: Squad/Parts/@thumbs/landingLeg1_icon
[LOG 21:49:48.136] Load Cached PNG Texture: Squad/Parts/@thumbs/largeSolarPanel_icon
[LOG 21:49:48.141] Load Cached PNG Texture: Squad/Parts/@thumbs/LargeTank_icon
[LOG 21:49:48.148] Load Cached PNG Texture: Squad/Parts/@thumbs/LgRadialSolarPanel_icon
[LOG 21:49:48.156] Load Cached PNG Texture: Squad/Parts/@thumbs/linearRcs_icon
[LOG 21:49:48.162] Load Cached PNG Texture: Squad/Parts/@thumbs/liquidEngine3.v2_icon0
[LOG 21:49:48.167] Load Cached PNG Texture: Squad/Parts/@thumbs/liquidEngine3.v2_icon1
[LOG 21:49:48.173] Load Cached PNG Texture: Squad/Parts/@thumbs/liquidEngine3.v2_icon2
[LOG 21:49:48.179] Load Cached PNG Texture: Squad/Parts/@thumbs/liquidEngineMini.v2_icon0
[LOG 21:49:48.185] Load Cached PNG Texture: Squad/Parts/@thumbs/liquidEngineMini.v2_icon1
[LOG 21:49:48.191] Load Cached PNG Texture: Squad/Parts/@thumbs/liquidEngineMini.v2_icon2
[LOG 21:49:48.200] Load Cached PNG Texture: Squad/Parts/@thumbs/longAntenna_icon
[LOG 21:49:48.213] Load Cached PNG Texture: Squad/Parts/@thumbs/Magnetometer_icon
[LOG 21:49:48.221] Load Cached PNG Texture: Squad/Parts/@thumbs/mediumDishAntenna_icon
[LOG 21:49:48.228] Load Cached PNG Texture: Squad/Parts/@thumbs/microEngine.v2_icon0
[LOG 21:49:48.235] Load Cached PNG Texture: Squad/Parts/@thumbs/microEngine.v2_icon1
[LOG 21:49:48.241] Load Cached PNG Texture: Squad/Parts/@thumbs/MiniDrill_icon
[LOG 21:49:48.247] Load Cached PNG Texture: Squad/Parts/@thumbs/miniFuelTank_icon
[LOG 21:49:48.255] Load Cached PNG Texture: Squad/Parts/@thumbs/miniFuselage_icon
[LOG 21:49:48.261] Load Cached PNG Texture: Squad/Parts/@thumbs/miniIntake_icon
[LOG 21:49:48.269] Load Cached PNG Texture: Squad/Parts/@thumbs/miniJetEngine_icon
[LOG 21:49:48.276] Load Cached PNG Texture: Squad/Parts/@thumbs/miniLandingLeg_icon
[LOG 21:49:48.281] Load Cached PNG Texture: Squad/Parts/@thumbs/Mite_icon
[LOG 21:49:48.287] Load Cached PNG Texture: Squad/Parts/@thumbs/MK1CrewCabin_icon
[LOG 21:49:48.288] Load PNG texture: Squad/Parts/@thumbs/mk1pod.v2_icon0
[LOG 21:49:48.290] [KSPCF] PNG texture 'Squad/Parts/@thumbs/mk1pod.v2_icon0' was converted to DXT5 and has been cached for future reloads
[LOG 21:49:48.299] Load Cached PNG Texture: Squad/Parts/@thumbs/mk2DroneCore_icon
[LOG 21:49:48.305] Load Cached PNG Texture: Squad/Parts/@thumbs/mk2LanderCabin.v2_icon0
[LOG 21:49:48.312] Load Cached PNG Texture: Squad/Parts/@thumbs/mk2LanderCabin.v2_icon1
[LOG 21:49:48.318] Load Cached PNG Texture: Squad/Parts/@thumbs/MpoProbe_icon
[LOG 21:49:48.325] Load Cached PNG Texture: Squad/Parts/@thumbs/navLight1_icon0
[LOG 21:49:48.331] Load Cached PNG Texture: Squad/Parts/@thumbs/navLight1_icon1
[LOG 21:49:48.337] Load Cached PNG Texture: Squad/Parts/@thumbs/noseCone_icon0
[LOG 21:49:48.354] Load Cached PNG Texture: Squad/Parts/@thumbs/noseCone_icon1
[LOG 21:49:48.362] Load Cached PNG Texture: Squad/Parts/@thumbs/noseCone_icon2
[LOG 21:49:48.368] Load Cached PNG Texture: Squad/Parts/@thumbs/omsEngine_icon
[LOG 21:49:48.374] Load Cached PNG Texture: Squad/Parts/@thumbs/OrbitalScanner_icon
[LOG 21:49:48.381] Load Cached PNG Texture: Squad/Parts/@thumbs/parachuteDrogue_icon
[LOG 21:49:48.395] Load Cached PNG Texture: Squad/Parts/@thumbs/parachuteLarge_icon
[LOG 21:49:48.403] Load Cached PNG Texture: Squad/Parts/@thumbs/parachuteRadial_icon
[LOG 21:49:48.414] Load Cached PNG Texture: Squad/Parts/@thumbs/parachuteSingle_icon
[LOG 21:49:48.420] Load Cached PNG Texture: Squad/Parts/@thumbs/probeCoreCube_icon
[LOG 21:49:48.426] Load Cached PNG Texture: Squad/Parts/@thumbs/probeCoreHex.v2_icon
[LOG 21:49:48.432] Load Cached PNG Texture: Squad/Parts/@thumbs/probeCoreOcto.v2_icon
[LOG 21:49:48.438] Load Cached PNG Texture: Squad/Parts/@thumbs/probeCoreOcto2.v2_icon
[LOG 21:49:48.445] Load Cached PNG Texture: Squad/Parts/@thumbs/probeCoreSphere.v2_icon
[LOG 21:49:48.451] Load Cached PNG Texture: Squad/Parts/@thumbs/probeStackLarge_icon
[LOG 21:49:48.457] Load Cached PNG Texture: Squad/Parts/@thumbs/probeStackSmall_icon
[LOG 21:49:48.463] Load Cached PNG Texture: Squad/Parts/@thumbs/R8winglet_icon
[LOG 21:49:48.469] Load Cached PNG Texture: Squad/Parts/@thumbs/radialDecoupler1-2_icon
[LOG 21:49:48.475] Load Cached PNG Texture: Squad/Parts/@thumbs/radialDecoupler2_icon
[LOG 21:49:48.481] Load Cached PNG Texture: Squad/Parts/@thumbs/radialDecoupler_icon
[LOG 21:49:48.489] Load Cached PNG Texture: Squad/Parts/@thumbs/RadialDrill_icon
[LOG 21:49:48.494] Load Cached PNG Texture: Squad/Parts/@thumbs/radialDrogue_icon
[LOG 21:49:48.500] Load Cached PNG Texture: Squad/Parts/@thumbs/radialEngineMini.v2_icon0
[LOG 21:49:48.506] Load Cached PNG Texture: Squad/Parts/@thumbs/radialEngineMini.v2_icon1
[LOG 21:49:48.513] Load Cached PNG Texture: Squad/Parts/@thumbs/radialLiquidEngine1-2_icon
[LOG 21:49:48.519] Load Cached PNG Texture: Squad/Parts/@thumbs/RadialOreTank_icon
[LOG 21:49:48.524] Load Cached PNG Texture: Squad/Parts/@thumbs/radialRCSTank_icon
[LOG 21:49:48.530] Load Cached PNG Texture: Squad/Parts/@thumbs/radPanelEdge_icon
[LOG 21:49:48.536] Load Cached PNG Texture: Squad/Parts/@thumbs/radPanelLg_icon
[LOG 21:49:48.541] Load Cached PNG Texture: Squad/Parts/@thumbs/radPanelSm_icon
[LOG 21:49:48.547] Load Cached PNG Texture: Squad/Parts/@thumbs/RCSblock.01.small_icon0
[LOG 21:49:48.553] Load Cached PNG Texture: Squad/Parts/@thumbs/RCSblock.01.small_icon1
[LOG 21:49:48.558] Load Cached PNG Texture: Squad/Parts/@thumbs/RCSblock.01.small_icon2
[LOG 21:49:48.564] Load Cached PNG Texture: Squad/Parts/@thumbs/RCSblock.01.small_icon3
[LOG 21:49:48.571] Load Cached PNG Texture: Squad/Parts/@thumbs/RCSblock.01.small_icon4
[LOG 21:49:48.583] Load Cached PNG Texture: Squad/Parts/@thumbs/RCSBlock.v2_icon
[LOG 21:49:48.590] Load Cached PNG Texture: Squad/Parts/@thumbs/RCSBlock.v2_icon0
[LOG 21:49:48.595] Load Cached PNG Texture: Squad/Parts/@thumbs/RCSBlock.v2_icon1
[LOG 21:49:48.601] Load Cached PNG Texture: Squad/Parts/@thumbs/RCSBlock.v2_icon2
[LOG 21:49:48.607] Load Cached PNG Texture: Squad/Parts/@thumbs/RCSBlock.v2_icon3
[LOG 21:49:48.612] Load Cached PNG Texture: Squad/Parts/@thumbs/RCSBlock.v2_icon4
[LOG 21:49:48.618] Load Cached PNG Texture: Squad/Parts/@thumbs/RCSFuelTank_icon
[LOG 21:49:48.625] Load Cached PNG Texture: Squad/Parts/@thumbs/RCSLinearSmall_icon
[LOG 21:49:48.631] Load Cached PNG Texture: Squad/Parts/@thumbs/rcsTankMini_icon
[LOG 21:49:48.636] Load Cached PNG Texture: Squad/Parts/@thumbs/RelayAntenna100_icon
[LOG 21:49:48.642] Load Cached PNG Texture: Squad/Parts/@thumbs/RelayAntenna50_icon
[LOG 21:49:48.649] Load Cached PNG Texture: Squad/Parts/@thumbs/RelayAntenna5_icon
[LOG 21:49:48.655] Load Cached PNG Texture: Squad/Parts/@thumbs/ReleaseValve_icon
[LOG 21:49:48.661] Load Cached PNG Texture: Squad/Parts/@thumbs/Rockomax32.BW_icon0
[LOG 21:49:48.667] Load Cached PNG Texture: Squad/Parts/@thumbs/roverBody.v2_icon0
[LOG 21:49:48.673] Load Cached PNG Texture: Squad/Parts/@thumbs/roverBody.v2_icon1
[LOG 21:49:48.678] Load Cached PNG Texture: Squad/Parts/@thumbs/roverBody.v2_icon2
[LOG 21:49:48.698] Load Cached PNG Texture: Squad/Parts/@thumbs/roverWheel1_icon
[LOG 21:49:48.705] Load Cached PNG Texture: Squad/Parts/@thumbs/roverWheel2_icon
[LOG 21:49:48.710] Load Cached PNG Texture: Squad/Parts/@thumbs/rtg_icon
[LOG 21:49:48.716] Load Cached PNG Texture: Squad/Parts/@thumbs/sasModule_icon
[LOG 21:49:48.722] Load Cached PNG Texture: Squad/Parts/@thumbs/science.module_icon
[LOG 21:49:48.727] Load Cached PNG Texture: Squad/Parts/@thumbs/ScienceBox_icon
[LOG 21:49:48.733] Load Cached PNG Texture: Squad/Parts/@thumbs/seatExternalCmd_icon
[LOG 21:49:48.740] Load Cached PNG Texture: Squad/Parts/@thumbs/sensorAccelerometer_icon
[LOG 21:49:48.746] Load Cached PNG Texture: Squad/Parts/@thumbs/sensorAtmosphere_icon
[LOG 21:49:48.751] Load Cached PNG Texture: Squad/Parts/@thumbs/sensorBarometer_icon
[LOG 21:49:48.757] Load Cached PNG Texture: Squad/Parts/@thumbs/sensorGravimeter_icon
[LOG 21:49:48.762] Load Cached PNG Texture: Squad/Parts/@thumbs/sensorThermometer_icon
[LOG 21:49:48.770] Load Cached PNG Texture: Squad/Parts/@thumbs/Separator.0_icon0
[LOG 21:49:48.803] Load Cached PNG Texture: Squad/Parts/@thumbs/Separator.0_icon1
[LOG 21:49:48.811] Load Cached PNG Texture: Squad/Parts/@thumbs/Separator.1_icon0
[LOG 21:49:48.820] Load Cached PNG Texture: Squad/Parts/@thumbs/Separator.1_icon1
[LOG 21:49:48.826] Load Cached PNG Texture: Squad/Parts/@thumbs/sepMotor1_icon
[LOG 21:49:48.831] Load Cached PNG Texture: Squad/Parts/@thumbs/ServiceBay.125.v2_icon
[LOG 21:49:48.842] Load Cached PNG Texture: Squad/Parts/@thumbs/shockConeIntake_icon
[LOG 21:49:48.848] Load Cached PNG Texture: Squad/Parts/@thumbs/Shrimp_icon
[LOG 21:49:48.854] Load Cached PNG Texture: Squad/Parts/@thumbs/Size3LargeTank_icon0
[LOG 21:49:48.859] Load Cached PNG Texture: Squad/Parts/@thumbs/Size3MediumTank_icon0
[LOG 21:49:48.870] Load Cached PNG Texture: Squad/Parts/@thumbs/smallCargoContainer_icon
[LOG 21:49:48.874] Load Cached PNG Texture: Squad/Parts/@thumbs/smallClaw_icon0
[LOG 21:49:48.879] Load Cached PNG Texture: Squad/Parts/@thumbs/smallClaw_icon1
[LOG 21:49:48.889] Load Cached PNG Texture: Squad/Parts/@thumbs/smallCtrlSrf_icon
[LOG 21:49:48.895] Load Cached PNG Texture: Squad/Parts/@thumbs/SmallGearBay_icon
[LOG 21:49:48.906] Load Cached PNG Texture: Squad/Parts/@thumbs/smallHardpoint_icon
[LOG 21:49:48.913] Load Cached PNG Texture: Squad/Parts/@thumbs/smallRadialEngine.v2_icon0
[LOG 21:49:48.918] Load Cached PNG Texture: Squad/Parts/@thumbs/smallRadialEngine.v2_icon1
[LOG 21:49:48.922] Load Cached PNG Texture: Squad/Parts/@thumbs/SmallTank_icon
[LOG 21:49:48.930] Load Cached PNG Texture: Squad/Parts/@thumbs/solarPanelOX10C_icon
[LOG 21:49:48.936] Load Cached PNG Texture: Squad/Parts/@thumbs/solarPanelOX10L_icon
[LOG 21:49:48.941] Load Cached PNG Texture: Squad/Parts/@thumbs/solarPanels1_icon
[LOG 21:49:48.946] Load Cached PNG Texture: Squad/Parts/@thumbs/solarPanels2_icon
[LOG 21:49:48.951] Load Cached PNG Texture: Squad/Parts/@thumbs/solarPanels3_icon
[LOG 21:49:48.957] Load Cached PNG Texture: Squad/Parts/@thumbs/solarPanels4_icon
[LOG 21:49:48.964] Load Cached PNG Texture: Squad/Parts/@thumbs/solarPanels5_icon
[LOG 21:49:48.969] Load Cached PNG Texture: Squad/Parts/@thumbs/solarPanelSP10C_icon
[LOG 21:49:48.975] Load Cached PNG Texture: Squad/Parts/@thumbs/solarPanelSP10L_icon
[LOG 21:49:48.981] Load Cached PNG Texture: Squad/Parts/@thumbs/spotLight1_icon
[LOG 21:49:48.987] Load Cached PNG Texture: Squad/Parts/@thumbs/spotLight2_icon
[LOG 21:49:48.993] Load Cached PNG Texture: Squad/Parts/@thumbs/spotLight3_icon0
[LOG 21:49:49.006] Load Cached PNG Texture: Squad/Parts/@thumbs/spotLight3_icon1
[LOG 21:49:49.012] Load Cached PNG Texture: Squad/Parts/@thumbs/stackPoint1_icon
[LOG 21:49:49.018] Load Cached PNG Texture: Squad/Parts/@thumbs/StandardCtrlSrf_icon
[LOG 21:49:49.024] Load Cached PNG Texture: Squad/Parts/@thumbs/standardNoseCone_icon
[LOG 21:49:49.030] Load Cached PNG Texture: Squad/Parts/@thumbs/stripLight1_icon0
[LOG 21:49:49.036] Load Cached PNG Texture: Squad/Parts/@thumbs/stripLight1_icon1
[LOG 21:49:49.043] Load Cached PNG Texture: Squad/Parts/@thumbs/structuralIBeam1_icon
[LOG 21:49:49.049] Load Cached PNG Texture: Squad/Parts/@thumbs/structuralIBeam3_icon
[LOG 21:49:49.058] Load Cached PNG Texture: Squad/Parts/@thumbs/structuralMiniNode_icon
[LOG 21:49:49.094] Load Cached PNG Texture: Squad/Parts/@thumbs/structuralPanel1_icon
[LOG 21:49:49.103] Load Cached PNG Texture: Squad/Parts/@thumbs/structuralPanel2_icon
[LOG 21:49:49.109] Load Cached PNG Texture: Squad/Parts/@thumbs/structuralWing4_icon
[LOG 21:49:49.115] Load Cached PNG Texture: Squad/Parts/@thumbs/strutCube_icon
[LOG 21:49:49.120] Load Cached PNG Texture: Squad/Parts/@thumbs/strutOcto_icon
[LOG 21:49:49.126] Load Cached PNG Texture: Squad/Parts/@thumbs/SurfaceScanner_icon
[LOG 21:49:49.132] Load Cached PNG Texture: Squad/Parts/@thumbs/SurfAntenna_icon
[LOG 21:49:49.140] Load Cached PNG Texture: Squad/Parts/@thumbs/telescopicLadderBay_icon
[LOG 21:49:49.147] Load Cached PNG Texture: Squad/Parts/@thumbs/telescopicLadder_icon
[LOG 21:49:49.154] Load Cached PNG Texture: Squad/Parts/@thumbs/toroidalAerospike_icon
[LOG 21:49:49.159] Load Cached PNG Texture: Squad/Parts/@thumbs/trussAdapter_icon
[LOG 21:49:49.166] Load Cached PNG Texture: Squad/Parts/@thumbs/trussPiece1x_icon
[LOG 21:49:49.171] Load Cached PNG Texture: Squad/Parts/@thumbs/trussPiece3x_icon
[LOG 21:49:49.177] Load Cached PNG Texture: Squad/Parts/@thumbs/vernierEngine_icon
[LOG 21:49:49.183] Load Cached PNG Texture: Squad/Parts/@thumbs/wheelMed_icon
[LOG 21:49:49.189] Load Cached PNG Texture: Squad/Parts/@thumbs/wingConnector4_icon
[LOG 21:49:49.194] Load Cached PNG Texture: Squad/Parts/@thumbs/wingConnector5_icon
[LOG 21:49:49.200] Load Cached PNG Texture: Squad/Parts/@thumbs/winglet3_icon
[LOG 21:49:49.211] Load Cached PNG Texture: Squad/Parts/@thumbs/winglet_icon
[LOG 21:49:49.218] Load Cached PNG Texture: Squad/Parts/@thumbs/wingShuttleElevon1_icon
[LOG 21:49:49.225] Load Cached PNG Texture: Squad/Parts/@thumbs/xenonTankLarge_icon
[LOG 21:49:49.230] Load Cached PNG Texture: Squad/Parts/@thumbs/xenonTankRadial_icon
[LOG 21:49:49.236] Load Cached PNG Texture: Squad/Parts/@thumbs/xenonTank_icon
[LOG 21:49:49.242] Load DDS texture: Squad/Parts/Aero/aerodynamicNoseCone/Rockomax_Adapters_diffuse
[LOG 21:49:49.244] Load DDS texture: Squad/Parts/Aero/aerodynamicNoseCone/Rockomax_Adapters_normal
[LOG 21:49:49.249] Load DDS texture: Squad/Parts/Aero/airbrake/airbrake
[LOG 21:49:49.254] Load DDS texture: Squad/Parts/Aero/airIntakeRadialXM-G50/RadialIntake
[LOG 21:49:49.261] Load DDS texture: Squad/Parts/Aero/airlinerWings/AirlinerWings
[LOG 21:49:49.269] Load DDS texture: Squad/Parts/Aero/airplaneFins/AirplaneFins
[LOG 21:49:49.275] Load DDS texture: Squad/Parts/Aero/basicFin/BasicFin
[LOG 21:49:49.281] Load DDS texture: Squad/Parts/Aero/circularIntake/CircluarIntakes
[LOG 21:49:49.286] Load DDS texture: Squad/Parts/Aero/circularIntake/CircluarIntakes_Heat
[LOG 21:49:49.291] Load DDS texture: Squad/Parts/Aero/cones/Assets/Cones
[LOG 21:49:49.297] Load DDS texture: Squad/Parts/Aero/cones/Assets/ConesDiffuse
[LOG 21:49:49.303] Load DDS texture: Squad/Parts/Aero/cones/Assets/ConesDiffuse_Orange
[LOG 21:49:49.310] Load DDS texture: Squad/Parts/Aero/cones/Assets/ConesDiffuse_White
[LOG 21:49:49.316] Load DDS texture: Squad/Parts/Aero/cones/Assets/ConesHeat
[LOG 21:49:49.323] Load DDS texture: Squad/Parts/Aero/cones/Assets/ConesHeat_Orange
[LOG 21:49:49.328] Load DDS texture: Squad/Parts/Aero/cones/Assets/ConesHeat_White
[LOG 21:49:49.336] Load DDS texture: Squad/Parts/Aero/cones/Assets/Cones_Heat
[LOG 21:49:49.343] Load Cached PNG Texture: Squad/Parts/Aero/cones/Assets/rocketNoseCones_O
[LOG 21:49:49.350] Load Cached PNG Texture: Squad/Parts/Aero/cones/Assets/rocketNoseCones_O_Normal
[LOG 21:49:49.358] Load DDS texture: Squad/Parts/Aero/cones/Assets/rocketNoseCones_W
[LOG 21:49:49.361] Load DDS texture: Squad/Parts/Aero/cones/Assets/Rockomax_Adapters_diffuse
[LOG 21:49:49.361] Load DDS texture: Squad/Parts/Aero/cones/Assets/Rockomax_Adapters_normal
[LOG 21:49:49.368] Load DDS texture: Squad/Parts/Aero/fairings/AutoTruss
[LOG 21:49:49.374] Load DDS texture: Squad/Parts/Aero/fairings/FairingBase
[LOG 21:49:49.380] Load DDS texture: Squad/Parts/Aero/fairings/FairingBaseNormals
[LOG 21:49:49.386] Load DDS texture: Squad/Parts/Aero/fairings/FairingBaseNormals_bw
[LOG 21:49:49.391] Load DDS texture: Squad/Parts/Aero/fairings/FairingBaseNormals_goldSilver
[LOG 21:49:49.397] Load DDS texture: Squad/Parts/Aero/fairings/FairingBaseNormals_orange
[LOG 21:49:49.403] Load Cached PNG Texture: Squad/Parts/Aero/fairings/FairingBase_black
[LOG 21:49:49.409] Load DDS texture: Squad/Parts/Aero/fairings/FairingBase_bw
[LOG 21:49:49.415] Load DDS texture: Squad/Parts/Aero/fairings/FairingBase_goldDiffuse
[LOG 21:49:49.421] Load DDS texture: Squad/Parts/Aero/fairings/FairingBase_goldSpecular
[LOG 21:49:49.426] Load DDS texture: Squad/Parts/Aero/fairings/FairingBase_orange
[LOG 21:49:49.432] Load DDS texture: Squad/Parts/Aero/fairings/FairingBase_silverDiffuse
[LOG 21:49:49.437] Load DDS texture: Squad/Parts/Aero/fairings/FairingBase_silverSpecular
[LOG 21:49:49.443] Load DDS texture: Squad/Parts/Aero/fairings/fairingsCap
[LOG 21:49:49.449] Load DDS texture: Squad/Parts/Aero/fairings/FairingsMat_silverSpecular
[LOG 21:49:49.454] Load DDS texture: Squad/Parts/Aero/fairings/fairings_diff
[LOG 21:49:49.461] Load DDS texture: Squad/Parts/Aero/fairings/fairings_diff_grey
[LOG 21:49:49.466] Load DDS texture: Squad/Parts/Aero/fairings/fairings_diff_orange
[LOG 21:49:49.473] Load DDS texture: Squad/Parts/Aero/fairings/fairings_grey_normals
[LOG 21:49:49.479] Load DDS texture: Squad/Parts/Aero/fairings/fairings_normals
[LOG 21:49:49.485] Load DDS texture: Squad/Parts/Aero/fairings/fairings_normals_silver
[LOG 21:49:49.492] Load DDS texture: Squad/Parts/Aero/fairings/fairings_orange_normals
[LOG 21:49:49.498] Load DDS texture: Squad/Parts/Aero/fairings/fairings_silverDiffuse
[LOG 21:49:49.504] Load DDS texture: Squad/Parts/Aero/HeatShield/Fairing
[LOG 21:49:49.509] Load DDS texture: Squad/Parts/Aero/HeatShield/heatshield
[LOG 21:49:49.515] Load DDS texture: Squad/Parts/Aero/InflatableHeatShield/HeatShield
[LOG 21:49:49.524] Load DDS texture: Squad/Parts/Aero/InflatableHeatShield/HeatShieldFairing
[LOG 21:49:49.530] Load DDS texture: Squad/Parts/Aero/InflatableHeatShield/HeatShield_NRM
[LOG 21:49:49.535] Load DDS texture: Squad/Parts/Aero/intakeRadialLong/Radial_long
[LOG 21:49:49.541] Load DDS texture: Squad/Parts/Aero/miniIntake/SmallIntake
[LOG 21:49:49.547] Load DDS texture: Squad/Parts/Aero/ramAirIntake/RampIntake
[LOG 21:49:49.552] Load DDS texture: Squad/Parts/Aero/ramAirIntake/RampIntake_Heat
[LOG 21:49:49.559] Load DDS texture: Squad/Parts/Aero/shuttleWings/ShuttleWings
[LOG 21:49:49.566] Load DDS texture: Squad/Parts/Aero/wingletAV-R8/model000
[LOG 21:49:49.573] Load DDS texture: Squad/Parts/Aero/wingletAV-R8/model001
[LOG 21:49:49.579] Load DDS texture: Squad/Parts/Aero/wingletAV-T1/model000
[LOG 21:49:49.584] Load DDS texture: Squad/Parts/Aero/wingletAV-T1/model001
[LOG 21:49:49.589] Load DDS texture: Squad/Parts/Aero/wingletDeltaDeluxe/model000
[LOG 21:49:49.594] Load DDS texture: Squad/Parts/Aero/wings/Wings
[LOG 21:49:49.602] Load DDS texture: Squad/Parts/Cargo/CargoContainers/cargoContainer_diff
[LOG 21:49:49.607] Load DDS texture: Squad/Parts/Cargo/CargoContainers/smallCargoContainer_diffuse
[LOG 21:49:49.613] Load DDS texture: Squad/Parts/Cargo/CargoContainers/smallCargoContainer_nrm
[LOG 21:49:49.619] Load DDS texture: Squad/Parts/Cargo/CargoContainers/smallCargoContainer_specular
[LOG 21:49:49.624] Load DDS texture: Squad/Parts/Cargo/Cylinder/EVAcylinder_diffuse
[LOG 21:49:49.631] Load DDS texture: Squad/Parts/Cargo/Cylinder/EVAcylinder_nrm
[LOG 21:49:49.637] Load DDS texture: Squad/Parts/Cargo/GroundAnchor/groundAnchor_diffuse
[LOG 21:49:49.642] Load DDS texture: Squad/Parts/Cargo/GroundAnchor/groundAnchor_nrm
[LOG 21:49:49.648] Load DDS texture: Squad/Parts/Cargo/Jetpack/EVAjetpack
[LOG 21:49:49.653] Load DDS texture: Squad/Parts/Cargo/Jetpack/EVAjetpackEmmisive
[LOG 21:49:49.659] Load DDS texture: Squad/Parts/Cargo/Jetpack/EVAjetpackNRM
[LOG 21:49:49.667] Load DDS texture: Squad/Parts/Cargo/Parachute/backpack_Diff
[LOG 21:49:49.677] Load DDS texture: Squad/Parts/Cargo/Parachute/backpack_NM
[LOG 21:49:49.682] Load DDS texture: Squad/Parts/Cargo/RepairKit/RepairKit_Diffuse
[LOG 21:49:49.689] Load DDS texture: Squad/Parts/Cargo/RepairKit/RepairKit_Normal
[LOG 21:49:49.697] Load DDS texture: Squad/Parts/Cargo/ScienceKit/ExperimentKit_Material_Diffuse
[LOG 21:49:49.704] Load DDS texture: Squad/Parts/Cargo/ScienceKit/ExperimentKit_Material_Emissive
[LOG 21:49:49.710] Load DDS texture: Squad/Parts/Cargo/ScienceKit/ExperimentKit_Material_Normal
[LOG 21:49:49.717] Load DDS texture: Squad/Parts/Cargo/StorageUnits/Assets/Cargo_Material_Diffuse
[LOG 21:49:49.726] Load DDS texture: Squad/Parts/Cargo/StorageUnits/Assets/Cargo_Material_Normal
[LOG 21:49:49.733] Load DDS texture: Squad/Parts/Command/advancedSasModuleLarge/model000
[LOG 21:49:49.747] Load DDS texture: Squad/Parts/Command/advancedSasModuleLarge/model001
[LOG 21:49:49.754] Load DDS texture: Squad/Parts/Command/cupola/cupola_Emissive
[LOG 21:49:49.760] Load DDS texture: Squad/Parts/Command/cupola/ksp_l_cupola_diff
[LOG 21:49:49.768] Load DDS texture: Squad/Parts/Command/cupola/ksp_l_cupola_normal
[LOG 21:49:49.774] Load DDS texture: Squad/Parts/Command/cupola/window
[LOG 21:49:49.780] Load DDS texture: Squad/Parts/Command/externalCommandSeat/model000
[LOG 21:49:49.786] Load DDS texture: Squad/Parts/Command/hitchhikerStorageContainer/cabin
[LOG 21:49:49.799] Load DDS texture: Squad/Parts/Command/hitchhikerStorageContainer/cabin_Illum
[LOG 21:49:49.805] Load DDS texture: Squad/Parts/Command/hitchhikerStorageContainer/cabin_n
[LOG 21:49:49.806] Load DDS texture: Squad/Parts/Command/hitchhikerStorageContainer/window
[LOG 21:49:49.813] Load DDS texture: Squad/Parts/Command/inlineAdvancedStabilizer/model000
[LOG 21:49:49.825] Load DDS texture: Squad/Parts/Command/inlineAdvancedStabilizer/model001
[LOG 21:49:49.831] Load DDS texture: Squad/Parts/Command/inlineReactionWheel/model000
[LOG 21:49:49.837] Load DDS texture: Squad/Parts/Command/inlineReactionWheel/model001
[LOG 21:49:49.842] Load DDS texture: Squad/Parts/Command/inlineReactionWheel/model002
[LOG 21:49:49.847] Load DDS texture: Squad/Parts/Command/Mk1-2Pod/mk 1-2 external shell Variant-Hatch
[LOG 21:49:49.853] Load DDS texture: Squad/Parts/Command/Mk1-3Pod/M1-3 Pod
[LOG 21:49:49.868] Load DDS texture: Squad/Parts/Command/Mk1-3Pod/M1-3 Pod_GLOW
[LOG 21:49:49.874] Load DDS texture: Squad/Parts/Command/mk1Cockpits/GLOW
[LOG 21:49:49.880] Load DDS texture: Squad/Parts/Command/mk1Cockpits/Mk1Cockpit
[LOG 21:49:49.886] Load DDS texture: Squad/Parts/Command/mk1LanderCan/ksp_s_landerCan_diff
[LOG 21:49:49.896] Load DDS texture: Squad/Parts/Command/mk1LanderCan/ksp_s_landerCan_normal
[LOG 21:49:49.905] Load DDS texture: Squad/Parts/Command/mk1LanderCan/ksp_s_landerCan_psd_illum
[LOG 21:49:49.911] Load DDS texture: Squad/Parts/Command/mk1pod/outer shell
[LOG 21:49:49.918] Load DDS texture: Squad/Parts/Command/mk1pod_v2/Mk1_v2
[LOG 21:49:49.924] Load DDS texture: Squad/Parts/Command/mk1pod_v2/Mk1_v2_GLOW
[LOG 21:49:49.930] Load DDS texture: Squad/Parts/Command/mk1pod_v2/Mk1_v2_GW
[LOG 21:49:49.936] Load DDS texture: Squad/Parts/Command/mk1pod_v2/Mk1_v2_N
[LOG 21:49:49.942] Load DDS texture: Squad/Parts/Command/mk1pod_v2/Mk1_v2_W
[LOG 21:49:49.950] Load DDS texture: Squad/Parts/Command/mk1pod_v2/Mk1_v2_W_N
[LOG 21:49:49.956] Load DDS texture: Squad/Parts/Command/mk2CockpitInline/Cockpit_inline_A
[LOG 21:49:49.962] Load DDS texture: Squad/Parts/Command/mk2CockpitInline/Cockpit_inline_Emissive
[LOG 21:49:49.969] Load DDS texture: Squad/Parts/Command/mk2CockpitInline/Cockpit_inline_normal
[LOG 21:49:49.974] Load DDS texture: Squad/Parts/Command/mk2CockpitStandard/Cockpit
[LOG 21:49:49.983] Load DDS texture: Squad/Parts/Command/mk2CockpitStandard/Cockpit_Lum
[LOG 21:49:49.990] Load DDS texture: Squad/Parts/Command/mk2CockpitStandard/Cockpit_NRM
[LOG 21:49:49.997] Load DDS texture: Squad/Parts/Command/mk2DroneCore/mk2Dronecore
[LOG 21:49:50.002] Load DDS texture: Squad/Parts/Command/mk2LanderCan/Illum
[LOG 21:49:50.007] Load DDS texture: Squad/Parts/Command/mk2LanderCan/ladder
[LOG 21:49:50.013] Load DDS texture: Squad/Parts/Command/mk2LanderCan/outershell
[LOG 21:49:50.027] Load DDS texture: Squad/Parts/Command/mk2LanderCan/outershell_n
[LOG 21:49:50.028] Load DDS texture: Squad/Parts/Command/mk2LanderCan/window
[LOG 21:49:50.036] Load DDS texture: Squad/Parts/Command/mk2LanderCan_v2/Mk2Can
[LOG 21:49:50.045] Load DDS texture: Squad/Parts/Command/mk2LanderCan_v2/Mk2Can_glow
[LOG 21:49:50.051] Load DDS texture: Squad/Parts/Command/mk3CockpitShuttle/Mk3CockpitShuttle
[LOG 21:49:50.062] Load DDS texture: Squad/Parts/Command/mk3CockpitShuttle/Mk3CockpitShuttle_LUM
[LOG 21:49:50.069] Load DDS texture: Squad/Parts/Command/MpoProbe/MpoProbe_diffuse
[LOG 21:49:50.077] Load DDS texture: Squad/Parts/Command/MpoProbe/MpoProbe_nrm
[LOG 21:49:50.085] Load DDS texture: Squad/Parts/Command/MpoProbe/MpoProbe_specular
[LOG 21:49:50.091] Load DDS texture: Squad/Parts/Command/MtmStage/mtmStage_diffuse
[LOG 21:49:50.100] Load DDS texture: Squad/Parts/Command/MtmStage/mtmStage_nrm
[LOG 21:49:50.106] Load DDS texture: Squad/Parts/Command/MtmStage/mtmStage_specular
[LOG 21:49:50.113] Load DDS texture: Squad/Parts/Command/probeCoreCube/QBE_New_diffuse
[LOG 21:49:50.119] Load Cached PNG Texture: Squad/Parts/Command/probeCoreCube/QBE_New_NRM
[LOG 21:49:50.125] Load DDS texture: Squad/Parts/Command/probeCoreCube/QBE_New_specular
[LOG 21:49:50.131] Load DDS texture: Squad/Parts/Command/probeCoreHex/ksp_m_hexProbe_diff
[LOG 21:49:50.145] Load DDS texture: Squad/Parts/Command/probeCoreHex/ksp_m_hexProbe_normal
[LOG 21:49:50.151] Load DDS texture: Squad/Parts/Command/probeCoreHex_v2/hecsDiffuse
[LOG 21:49:50.162] Load DDS texture: Squad/Parts/Command/probeCoreHex_v2/hecsNormal
[LOG 21:49:50.168] Load DDS texture: Squad/Parts/Command/probeCoreOcto2_v2/octoDiffuse
[LOG 21:49:50.174] Load DDS texture: Squad/Parts/Command/probeCoreOcto2_v2/octoNormal
[LOG 21:49:50.175] Load DDS texture: Squad/Parts/Command/probeCoreOcto2_v2/octoSpecular
[LOG 21:49:50.180] Load DDS texture: Squad/Parts/Command/probeCoreOcto_v2/octoDiffuse
[LOG 21:49:50.185] Load DDS texture: Squad/Parts/Command/probeCoreOcto_v2/octoNormal
[LOG 21:49:50.191] Load DDS texture: Squad/Parts/Command/probeCoreOcto_v2/octoSpecular
[LOG 21:49:50.197] Load DDS texture: Squad/Parts/Command/probeRoverBody/model000
[LOG 21:49:50.210] Load DDS texture: Squad/Parts/Command/probeRoverBody/model001
[LOG 21:49:50.217] Load DDS texture: Squad/Parts/Command/probeRoverBody_v2/probeRoverBody_v2_gold_diffuse
[LOG 21:49:50.223] Load Cached PNG Texture: Squad/Parts/Command/probeRoverBody_v2/probeRoverBody_v2_gold_NRM
[LOG 21:49:50.230] Load DDS texture: Squad/Parts/Command/probeRoverBody_v2/probeRoverBody_v2_gold_specular
[LOG 21:49:50.237] Load DDS texture: Squad/Parts/Command/probeRoverBody_v2/probeRoverBody_v2_silver_diffuse
[LOG 21:49:50.244] Load Cached PNG Texture: Squad/Parts/Command/probeRoverBody_v2/probeRoverBody_v2_silver_NRM
[LOG 21:49:50.251] Load DDS texture: Squad/Parts/Command/probeRoverBody_v2/probeRoverBody_v2_silver_specular
[LOG 21:49:50.254] Load DDS texture: Squad/Parts/Command/probeRoverBody_v2/QBE_New_diffuse
[LOG 21:49:50.254] Load DDS texture: Squad/Parts/Command/probeRoverBody_v2/QBE_New_NRM
[LOG 21:49:50.255] Load DDS texture: Squad/Parts/Command/probeRoverBody_v2/QBE_New_specular
[LOG 21:49:50.261] Load DDS texture: Squad/Parts/Command/probeStackLarge/model000
[LOG 21:49:50.267] Load DDS texture: Squad/Parts/Command/probeStackLarge/model001
[LOG 21:49:50.273] Load DDS texture: Squad/Parts/Command/probeStackSmall/model000
[LOG 21:49:50.279] Load DDS texture: Squad/Parts/Command/probeStackSmall/model001
[LOG 21:49:50.285] Load DDS texture: Squad/Parts/Command/probeStackSphere_v2/probeStackSphere_diffuse
[LOG 21:49:50.294] Load DDS texture: Squad/Parts/Command/probeStackSphere_v2/probeStackSphere_normal
[LOG 21:49:50.299] Load DDS texture: Squad/Parts/Command/probeStackSphere_v2/probeStackSphere_specular
[LOG 21:49:50.306] Load Cached PNG Texture: Squad/Parts/CompoundParts/@thumbs/fuelLine_icon0
[LOG 21:49:50.313] Load Cached PNG Texture: Squad/Parts/CompoundParts/@thumbs/fuelLine_icon1
[LOG 21:49:50.320] Load Cached PNG Texture: Squad/Parts/CompoundParts/@thumbs/strutConnector_icon0
[LOG 21:49:50.328] Load Cached PNG Texture: Squad/Parts/CompoundParts/@thumbs/strutConnector_icon1
[LOG 21:49:50.333] Load DDS texture: Squad/Parts/CompoundParts/FuelLine/FTX-2 External Fuel Duct
[LOG 21:49:50.339] Load DDS texture: Squad/Parts/CompoundParts/FuelLine/FTX-2 External Fuel Duct_ESA
[LOG 21:49:50.344] Load DDS texture: Squad/Parts/CompoundParts/strutConnector/EAS-4 Strut Connector
[LOG 21:49:50.348] Load DDS texture: Squad/Parts/CompoundParts/strutConnector/EAS-4 Strut Connector_white
[LOG 21:49:50.356] Load DDS texture: Squad/Parts/Coupling/Assets/Decouplers
[LOG 21:49:50.363] Load DDS texture: Squad/Parts/Coupling/Assets/Decouplers_N
[LOG 21:49:50.370] Load DDS texture: Squad/Parts/Coupling/Assets/Decouplers_whiteYellow
[LOG 21:49:50.376] Load DDS texture: Squad/Parts/Coupling/Assets/Decouplers_whiteYellow_N
[LOG 21:49:50.383] Load DDS texture: Squad/Parts/Electrical/10CSolarPanels/assets/circularSolarPanel_diffuse
[LOG 21:49:50.392] Load DDS texture: Squad/Parts/Electrical/10CSolarPanels/assets/circularSolarPanel_nrm
[LOG 21:49:50.398] Load DDS texture: Squad/Parts/Electrical/10LSolarPanels/assets/retractableSolarPanel_diffuse
[LOG 21:49:50.404] Load DDS texture: Squad/Parts/Electrical/10LSolarPanels/assets/retractableSolarPanel_nrm
[LOG 21:49:50.409] Load DDS texture: Squad/Parts/Electrical/1x6ShroudSolarPanels/model000
[LOG 21:49:50.417] Load DDS texture: Squad/Parts/Electrical/1x6ShroudSolarPanels/model001
[LOG 21:49:50.421] Load DDS texture: Squad/Parts/Electrical/1x6ShroudSolarPanels/model002
[LOG 21:49:50.426] Load DDS texture: Squad/Parts/Electrical/1x6SolarPanels/model000
[LOG 21:49:50.433] Load DDS texture: Squad/Parts/Electrical/1x6SolarPanels/model001
[LOG 21:49:50.438] Load DDS texture: Squad/Parts/Electrical/1x6SolarPanels/model002
[LOG 21:49:50.447] Load DDS texture: Squad/Parts/Electrical/3x2ShroudSolarPanels/model000
[LOG 21:49:50.453] Load DDS texture: Squad/Parts/Electrical/3x2ShroudSolarPanels/model001
[LOG 21:49:50.462] Load DDS texture: Squad/Parts/Electrical/3x2ShroudSolarPanels/model002
[LOG 21:49:50.468] Load DDS texture: Squad/Parts/Electrical/3x2SolarPanels/model000
[LOG 21:49:50.473] Load DDS texture: Squad/Parts/Electrical/3x2SolarPanels/model001
[LOG 21:49:50.484] Load DDS texture: Squad/Parts/Electrical/3x2SolarPanels/model002
[LOG 21:49:50.489] Load DDS texture: Squad/Parts/Electrical/gigantorXlSolarArray/panel
[LOG 21:49:50.495] Load DDS texture: Squad/Parts/Electrical/radialFlatSolarPanel/model000
[LOG 21:49:50.499] Load DDS texture: Squad/Parts/Electrical/RTG/model000
[LOG 21:49:50.505] Load DDS texture: Squad/Parts/Electrical/z-100Battery/model000
[LOG 21:49:50.511] Load DDS texture: Squad/Parts/Electrical/z-1kBattery/model000
[LOG 21:49:50.515] Load DDS texture: Squad/Parts/Electrical/z-1kBattery/model001
[LOG 21:49:50.520] Load DDS texture: Squad/Parts/Electrical/z-200Battery/ksp_m_batteryPack_diff
[LOG 21:49:50.527] Load DDS texture: Squad/Parts/Electrical/z-400Battery/model000
[LOG 21:49:50.532] Load DDS texture: Squad/Parts/Electrical/z-4kBattery/ksp_l_batteryPack_diff
[LOG 21:49:50.545] Load DDS texture: Squad/Parts/Electrical/z-4kBattery/ksp_l_batteryPack_normal
[LOG 21:49:50.551] Load DDS texture: Squad/Parts/Engine/ionEngine/model000
[LOG 21:49:50.556] Load DDS texture: Squad/Parts/Engine/jetEngines/Jet Engines
[LOG 21:49:50.562] Load DDS texture: Squad/Parts/Engine/jetEngines/Jet_Heat
[LOG 21:49:50.567] Load DDS texture: Squad/Parts/Engine/liquidEngine24-77/engine
[LOG 21:49:50.573] Load DDS texture: Squad/Parts/Engine/liquidEngine24-77_v2/Twitch
[LOG 21:49:50.579] Load DDS texture: Squad/Parts/Engine/liquidEngine24-77_v2/Twitch_G
[LOG 21:49:50.585] Load DDS texture: Squad/Parts/Engine/liquidEngine24-77_v2/Twitch_GLOW
[LOG 21:49:50.591] Load DDS texture: Squad/Parts/Engine/liquidEngine48-7S/ksp_m_liquidEngine_diff
[LOG 21:49:50.596] Load DDS texture: Squad/Parts/Engine/liquidEngine48-7S_v2/Spark
[LOG 21:49:50.600] Load DDS texture: Squad/Parts/Engine/liquidEngine48-7S_v2/Spark_Glow
[LOG 21:49:50.606] Load DDS texture: Squad/Parts/Engine/liquidEngineAerospike/Aerospike
[LOG 21:49:50.611] Load DDS texture: Squad/Parts/Engine/liquidEngineAerospike/Aerospike_Heat
[LOG 21:49:50.615] Load DDS texture: Squad/Parts/Engine/liquidEngineLV-1_v2/Assets/Ant_and_Spider_diffuse
[LOG 21:49:50.623] Load DDS texture: Squad/Parts/Engine/liquidEngineLV-1_v2/Assets/Ant_and_Spider_emissive
[LOG 21:49:50.628] Load DDS texture: Squad/Parts/Engine/liquidEngineLV-1_v2/Assets/Ant_and_Spider_normal
[LOG 21:49:50.633] Load DDS texture: Squad/Parts/Engine/liquidEngineLV-1_v2/Assets/Ant_and_Spider_specular
[LOG 21:49:50.639] Load DDS texture: Squad/Parts/Engine/liquidEngineLV-909_v2/Terrier
[LOG 21:49:50.742] Load DDS texture: Squad/Parts/Engine/liquidEngineLV-909_v2/TerrierFairing
[LOG 21:49:50.757] Load DDS texture: Squad/Parts/Engine/liquidEngineLV-909_v2/Terrier_glow
[LOG 21:49:50.762] Load DDS texture: Squad/Parts/Engine/liquidEngineLV-N/model000
[LOG 21:49:50.769] Load DDS texture: Squad/Parts/Engine/liquidEngineLV-N/model001
[LOG 21:49:50.775] Load DDS texture: Squad/Parts/Engine/liquidEngineLV-N/model002
[LOG 21:49:50.780] Load DDS texture: Squad/Parts/Engine/liquidEngineLV-N/model003
[LOG 21:49:50.787] Load DDS texture: Squad/Parts/Engine/liquidEngineLV-T30/model000
[LOG 21:49:50.801] Load DDS texture: Squad/Parts/Engine/liquidEngineLV-T30/model001
[LOG 21:49:50.807] Load DDS texture: Squad/Parts/Engine/liquidEngineLV-T30/model002
[LOG 21:49:50.814] Load DDS texture: Squad/Parts/Engine/liquidEngineLV-T30_v2/Engine_Emissive
[LOG 21:49:50.824] Load DDS texture: Squad/Parts/Engine/liquidEngineLV-T30_v2/Engine_Normal
[LOG 21:49:50.830] Load DDS texture: Squad/Parts/Engine/liquidEngineLV-T30_v2/Fairing
[LOG 21:49:50.837] Load DDS texture: Squad/Parts/Engine/liquidEngineLV-T30_v2/Reliant_v2-shroud_Diffuse
[LOG 21:49:50.847] Load DDS texture: Squad/Parts/Engine/liquidEngineLV-T30_v2/Reliant_v2_Diffuse
[LOG 21:49:50.853] Load DDS texture: Squad/Parts/Engine/liquidEngineLV-T45/model000
[LOG 21:49:50.860] Load DDS texture: Squad/Parts/Engine/liquidEngineLV-T45/model001
[LOG 21:49:50.867] Load DDS texture: Squad/Parts/Engine/liquidEngineLV-T45/model002
[LOG 21:49:50.881] Load DDS texture: Squad/Parts/Engine/liquidEngineLV-T45/model003
[LOG 21:49:50.888] Load DDS texture: Squad/Parts/Engine/liquidEngineLV-T45_v2/Engine_Emissive
[LOG 21:49:50.896] Load DDS texture: Squad/Parts/Engine/liquidEngineLV-T45_v2/Fairing
[LOG 21:49:50.904] Load DDS texture: Squad/Parts/Engine/liquidEngineLV-T45_v2/Swivel_v2_Diffuse
[LOG 21:49:50.913] Load DDS texture: Squad/Parts/Engine/liquidEngineLV-T45_v2/Swivel_v2_Normal
[LOG 21:49:50.923] Load DDS texture: Squad/Parts/Engine/liquidEngineMainsail_v2/mainsail_diffuse
[LOG 21:49:50.930] Load DDS texture: Squad/Parts/Engine/liquidEngineMainsail_v2/mainsail_emissive
[LOG 21:49:50.939] Load DDS texture: Squad/Parts/Engine/liquidEngineMainsail_v2/mainsail_nrm
[LOG 21:49:50.947] Load DDS texture: Squad/Parts/Engine/liquidEngineMainsail_v2/mainsail_specular
[LOG 21:49:50.955] Load DDS texture: Squad/Parts/Engine/liquidEngineMainsail_v2/Shroud
[LOG 21:49:50.961] Load DDS texture: Squad/Parts/Engine/liquidEngineMk55/Thud
[LOG 21:49:50.967] Load DDS texture: Squad/Parts/Engine/liquidEngineMk55/Thud_Heat
[LOG 21:49:50.974] Load DDS texture: Squad/Parts/Engine/liquidEnginePoodle_v2/poodle
[LOG 21:49:50.979] Load DDS texture: Squad/Parts/Engine/liquidEnginePoodle_v2/PoodleShroud
[LOG 21:49:50.985] Load DDS texture: Squad/Parts/Engine/liquidEnginePoodle_v2/poodle_Glow
[LOG 21:49:50.990] Load DDS texture: Squad/Parts/Engine/liquidEnginePoodle_v2/Poodle_SingleBell_Poodle_Diffuse
[LOG 21:49:50.996] Load DDS texture: Squad/Parts/Engine/liquidEnginePoodle_v2/Poodle_SingleBell_Poodle_Emissive
[LOG 21:49:51.004] Load DDS texture: Squad/Parts/Engine/liquidEnginePoodle_v2/Poodle_SingleBell_Poodle_Normal
[LOG 21:49:51.010] Load DDS texture: Squad/Parts/Engine/liquidEngineSkipper_v2/Shroud
[LOG 21:49:51.018] Load DDS texture: Squad/Parts/Engine/liquidEngineSkipper_v2/skipper_v2_diffuse
[LOG 21:49:51.028] Load DDS texture: Squad/Parts/Engine/liquidEngineSkipper_v2/skipper_v2_emissive
[LOG 21:49:51.037] Load DDS texture: Squad/Parts/Engine/liquidEngineSkipper_v2/skipper_v2_normal
[LOG 21:49:51.044] Load DDS texture: Squad/Parts/Engine/liquidEngineSSME/SSME
[LOG 21:49:51.050] Load DDS texture: Squad/Parts/Engine/liquidEngineSSME/SSME_GLOW
[LOG 21:49:51.062] Load DDS texture: Squad/Parts/Engine/liquidEngineSSME/SSME_NRM
[LOG 21:49:51.069] Load DDS texture: Squad/Parts/Engine/MassiveSRB/solid_booster_cm
[LOG 21:49:51.075] Load DDS texture: Squad/Parts/Engine/MassiveSRB/solid_booster_cm_esa
[LOG 21:49:51.081] Load DDS texture: Squad/Parts/Engine/MassiveSRB/solid_booster_em
[LOG 21:49:51.089] Load DDS texture: Squad/Parts/Engine/MassiveSRB/solid_booster_nm
[LOG 21:49:51.094] Load DDS texture: Squad/Parts/Engine/miniJet/SmallJet
[LOG 21:49:51.099] Load DDS texture: Squad/Parts/Engine/OMSEngine/Puff_diffuse
[LOG 21:49:51.106] Load DDS texture: Squad/Parts/Engine/OMSEngine/Puff_emissive
[LOG 21:49:51.111] Load DDS texture: Squad/Parts/Engine/OMSEngine/Puff_normal
[LOG 21:49:51.118] Load DDS texture: Squad/Parts/Engine/OMSEngine/Puff_specular
[LOG 21:49:51.123] Load DDS texture: Squad/Parts/Engine/rapierEngine/rapierDiffuse
[LOG 21:49:51.128] Load DDS texture: Squad/Parts/Engine/rapierEngine/rapieremit
[LOG 21:49:51.134] Load DDS texture: Squad/Parts/Engine/Size1_SRBs/SRB_O
[LOG 21:49:51.140] Load DDS texture: Squad/Parts/Engine/Size1_SRBs/SRB_W
[LOG 21:49:51.145] Load DDS texture: Squad/Parts/Engine/Size1_SRBs/SRB_Y
[LOG 21:49:51.152] Load DDS texture: Squad/Parts/Engine/Size2LFB/Size2LFBEmissive
[LOG 21:49:51.158] Load DDS texture: Squad/Parts/Engine/Size2LFB/twin_nozzle_booster_cm
[LOG 21:49:51.164] Load DDS texture: Squad/Parts/Engine/Size2LFB/twin_nozzle_booster_nm
[LOG 21:49:51.170] Load DDS texture: Squad/Parts/Engine/Size2LFB_v2/Size2LFBEmissive
[LOG 21:49:51.176] Load DDS texture: Squad/Parts/Engine/Size2LFB_v2/twin_nozzle_booster_cm
[LOG 21:49:51.182] Load DDS texture: Squad/Parts/Engine/Size2LFB_v2/twin_nozzle_booster_nm
[LOG 21:49:51.191] Load DDS texture: Squad/Parts/Engine/Size3AdvancedEngine/decoupler_and_adaptor_cm
[LOG 21:49:51.197] Load DDS texture: Squad/Parts/Engine/Size3AdvancedEngine/Size3AdvancedEngineDiffuse
[LOG 21:49:51.203] Load DDS texture: Squad/Parts/Engine/Size3AdvancedEngine/Size3AdvancedEngineEmissive
[LOG 21:49:51.208] Load DDS texture: Squad/Parts/Engine/Size3AdvancedEngine/Size3AdvancedEngineNormal
[LOG 21:49:51.221] Load DDS texture: Squad/Parts/Engine/Size3EngineCluster/ClusterEngineEmit
[LOG 21:49:51.228] Load DDS texture: Squad/Parts/Engine/Size3EngineCluster/four_nozzle_engine_cm
[LOG 21:49:51.233] Load DDS texture: Squad/Parts/Engine/Size3EngineCluster/four_nozzle_engine_nm
[LOG 21:49:51.240] Load DDS texture: Squad/Parts/Engine/solidBoosterBACC/model000
[LOG 21:49:51.246] Load DDS texture: Squad/Parts/Engine/solidBoosterBACC/model001
[LOG 21:49:51.252] Load DDS texture: Squad/Parts/Engine/solidBoosterBACC/model002
[LOG 21:49:51.258] Load DDS texture: Squad/Parts/Engine/solidBoosterRT-5/RT5
[LOG 21:49:51.272] Load DDS texture: Squad/Parts/Engine/solidBoosterS2-17/solidBoosterS2-17_diffuse
[LOG 21:49:51.285] Load DDS texture: Squad/Parts/Engine/solidBoosterS2-17/solidBoosterS2-17_emissive
[LOG 21:49:51.296] Load DDS texture: Squad/Parts/Engine/solidBoosterS2-17/solidBoosterS2-17_normal
[LOG 21:49:51.322] Load DDS texture: Squad/Parts/Engine/solidBoosterS2-33/solidBoosterS2-33_diffuse
[LOG 21:49:51.360] Load DDS texture: Squad/Parts/Engine/solidBoosterS2-33/solidBoosterS2-33_emissive
[LOG 21:49:51.382] Load DDS texture: Squad/Parts/Engine/solidBoosterS2-33/solidBoosterS2-33_normal
[LOG 21:49:51.399] Load DDS texture: Squad/Parts/Engine/solidBoosterSep/model000
[LOG 21:49:51.400] Load DDS texture: Squad/Parts/Engine/solidBoosterSep/motor
[LOG 21:49:51.402] Load DDS texture: Squad/Parts/Engine/SolidBoostersF/Assets/SolidBoosterF3S0_diffuse
[LOG 21:49:51.408] Load DDS texture: Squad/Parts/Engine/SolidBoostersF/Assets/SolidBoosterF3S0_emissive
[LOG 21:49:51.414] Load DDS texture: Squad/Parts/Engine/SolidBoostersF/Assets/SolidBoosterF3S0_normal
[LOG 21:49:51.420] Load DDS texture: Squad/Parts/FuelTank/adapterTanks/Mk3Adapters
[LOG 21:49:51.427] Load DDS texture: Squad/Parts/FuelTank/drainTankFTE-1/fuelValve_diffuse
[LOG 21:49:51.432] Load DDS texture: Squad/Parts/FuelTank/drainTankFTE-1/fuelValve_nrm
[LOG 21:49:51.438] Load DDS texture: Squad/Parts/FuelTank/FoilTanks/RadialTanks
[LOG 21:49:51.445] Load DDS texture: Squad/Parts/FuelTank/FoilTanks/RadialTanksGold_specular
[LOG 21:49:51.451] Load DDS texture: Squad/Parts/FuelTank/FoilTanks/RadialTanksSilver_specular
[LOG 21:49:51.457] Load DDS texture: Squad/Parts/FuelTank/FoilTanks/RadialTanks_N
[LOG 21:49:51.463] Load DDS texture: Squad/Parts/FuelTank/FoilTanks/RadialTanks_silver
[LOG 21:49:51.469] Load DDS texture: Squad/Parts/FuelTank/fuelTankOscarB/model000
[LOG 21:49:51.474] Load DDS texture: Squad/Parts/FuelTank/fuelTankOscarB/model001
[LOG 21:49:51.480] Load DDS texture: Squad/Parts/FuelTank/fuelTankOscarB/tank
[LOG 21:49:51.485] Load DDS texture: Squad/Parts/FuelTank/fuelTankOscarB/tank_n
[LOG 21:49:51.491] Load DDS texture: Squad/Parts/FuelTank/miniFuselage/Fuselage
[LOG 21:49:51.496] Load DDS texture: Squad/Parts/FuelTank/mk2Adapters/mk2adapters1m
[LOG 21:49:51.502] Load DDS texture: Squad/Parts/FuelTank/mk2FuselageLong/mk2Fuselage
[LOG 21:49:51.509] Load DDS texture: Squad/Parts/FuelTank/mk2FuselageShort/mk2FuselageShort
[LOG 21:49:51.516] Load DDS texture: Squad/Parts/FuelTank/mk3Fuselage/Mk3Fuselage
[LOG 21:49:51.522] Load DDS texture: Squad/Parts/FuelTank/mk3Fuselage/Mk3Fuselage_LUM
[LOG 21:49:51.528] Load DDS texture: Squad/Parts/FuelTank/RCSFuelTankR1/RCSFuelTankR1_01
[LOG 21:49:51.534] Load DDS texture: Squad/Parts/FuelTank/RCSFuelTankR1/RCSFuelTankR1_02
[LOG 21:49:51.540] Load DDS texture: Squad/Parts/FuelTank/RCSFuelTankR1/RCSFuelTankR1_N
[LOG 21:49:51.546] Load DDS texture: Squad/Parts/FuelTank/RCSFuelTankR10/ksp_m_rcsTank_diff
[LOG 21:49:51.564] Load DDS texture: Squad/Parts/FuelTank/RCSFuelTankR10/ksp_m_rcsTank_normal
[LOG 21:49:51.569] Load DDS texture: Squad/Parts/FuelTank/RCSFuelTankR25/FL-R25 RCS Fuel Tank_D
[LOG 21:49:51.577] Load DDS texture: Squad/Parts/FuelTank/RCSFuelTankR25/FL-R25 RCS Fuel Tank_N
[LOG 21:49:51.583] Load DDS texture: Squad/Parts/FuelTank/RCSTankRadial/model000
[LOG 21:49:51.589] Load DDS texture: Squad/Parts/FuelTank/RCStankRadialLong/ksp_r_rcsCylTank_diff
[LOG 21:49:51.597] Load DDS texture: Squad/Parts/FuelTank/RockomaxTanks/Assets/rockomax_16 [AlbedoM] BW
[LOG 21:49:51.605] Load DDS texture: Squad/Parts/FuelTank/RockomaxTanks/Assets/rockomax_16 [AlbedoM] ESA
[LOG 21:49:51.614] Load DDS texture: Squad/Parts/FuelTank/RockomaxTanks/Assets/rockomax_16 [AlbedoM] O
[LOG 21:49:51.624] Load DDS texture: Squad/Parts/FuelTank/RockomaxTanks/Assets/rockomax_16 [Normal] BW
[LOG 21:49:51.633] Load DDS texture: Squad/Parts/FuelTank/RockomaxTanks/Assets/rockomax_16 [Normal]ESA
[LOG 21:49:51.641] Load DDS texture: Squad/Parts/FuelTank/RockomaxTanks/Assets/rockomax_16 [Normal]O
[LOG 21:49:51.648] Load DDS texture: Squad/Parts/FuelTank/RockomaxTanks/Assets/rockomax_32 [AlbedoM] ESA
[LOG 21:49:51.655] Load DDS texture: Squad/Parts/FuelTank/RockomaxTanks/Assets/rockomax_32 [Normal]ESA
[LOG 21:49:51.662] Load DDS texture: Squad/Parts/FuelTank/Size1_Tanks/125Tanks_BW
[LOG 21:49:51.669] Load DDS texture: Squad/Parts/FuelTank/Size1_Tanks/125Tanks_D
[LOG 21:49:51.676] Load DDS texture: Squad/Parts/FuelTank/Size1_Tanks/125Tanks_N
[LOG 21:49:51.683] Load DDS texture: Squad/Parts/FuelTank/Size1_Tanks/125Tanks_O
[LOG 21:49:51.689] Load DDS texture: Squad/Parts/FuelTank/Size1_Tanks/125Tanks_W
[LOG 21:49:51.697] Load DDS texture: Squad/Parts/FuelTank/Size3Tanks/fueltTanks_cm
[LOG 21:49:51.703] Load Cached PNG Texture: Squad/Parts/FuelTank/Size3Tanks/Size3Tanks
[LOG 21:49:51.710] Load Cached PNG Texture: Squad/Parts/FuelTank/Size3Tanks/Size3Tanks_Norm
[LOG 21:49:51.715] Load Cached PNG Texture: Squad/Parts/FuelTank/Size3Tanks/Size3Tanks_Orange
[LOG 21:49:51.721] Load Cached PNG Texture: Squad/Parts/FuelTank/Size3Tanks/Size3Tanks_Orange_Norm
[LOG 21:49:51.728] Load DDS texture: Squad/Parts/FuelTank/xenonTank/model000
[LOG 21:49:51.734] Load DDS texture: Squad/Parts/FuelTank/xenonTank/model001
[LOG 21:49:51.739] Load DDS texture: Squad/Parts/FuelTank/xenonTankLarge/tank
[LOG 21:49:51.745] Load DDS texture: Squad/Parts/FuelTank/xenonTankRadial/ksp_r_xenonTank_diff
[LOG 21:49:51.751] Load DDS texture: Squad/Parts/Misc/AsteroidDay/CamSat
[LOG 21:49:51.765] Load DDS texture: Squad/Parts/Misc/AsteroidDay/CamSat_glow
[LOG 21:49:51.771] Load DDS texture: Squad/Parts/Misc/AsteroidDay/CamSat_N_NRM
[LOG 21:49:51.778] Load DDS texture: Squad/Parts/Misc/AsteroidDay/default
[LOG 21:49:51.783] Load DDS texture: Squad/Parts/Misc/AsteroidDay/hecsDiffuse
[LOG 21:49:51.788] Load DDS texture: Squad/Parts/Misc/AsteroidDay/hecsNormal
[LOG 21:49:51.794] Load DDS texture: Squad/Parts/Misc/AsteroidDay/hecsSpecular
[LOG 21:49:51.800] Load DDS texture: Squad/Parts/Misc/AsteroidDay/JumboHexProbe
[LOG 21:49:51.806] Load DDS texture: Squad/Parts/Misc/AsteroidDay/JumboHexProbe_NORM_NRM
[LOG 21:49:51.811] Load DDS texture: Squad/Parts/Resources/FuelCell/FCLamp
[LOG 21:49:51.816] Load DDS texture: Squad/Parts/Resources/FuelCell/FuelCellRack
[LOG 21:49:51.820] Load DDS texture: Squad/Parts/Resources/FuelCell/fuellcell
[LOG 21:49:51.826] Load DDS texture: Squad/Parts/Resources/ISRU/Processor_Large
[LOG 21:49:51.831] Load DDS texture: Squad/Parts/Resources/LargeTank/ksp_l_resourceContainer_diff
[LOG 21:49:51.837] Load DDS texture: Squad/Parts/Resources/LargeTank/ksp_l_resourceContainer_norm
[LOG 21:49:51.844] Load DDS texture: Squad/Parts/Resources/MiniDrill/DustParticle
[LOG 21:49:51.850] Load DDS texture: Squad/Parts/Resources/MiniDrill/ksp_r_rockProbe_diff
[LOG 21:49:51.855] Load DDS texture: Squad/Parts/Resources/MiniDrill/RockParticle
[LOG 21:49:51.861] Load DDS texture: Squad/Parts/Resources/MiniISRU/ksp_s_processorSmall_diff
[LOG 21:49:51.867] Load DDS texture: Squad/Parts/Resources/OrbitalScanner/detector
[LOG 21:49:51.872] Load DDS texture: Squad/Parts/Resources/RadialDrill/DustParticle
[LOG 21:49:51.877] Load DDS texture: Squad/Parts/Resources/RadialDrill/RockParticle
[LOG 21:49:51.884] Load DDS texture: Squad/Parts/Resources/RadialDrill/TriBitDrill
[LOG 21:49:51.889] Load DDS texture: Squad/Parts/Resources/RadialTank/ksp_r_resourceContainer_psd_2
[LOG 21:49:51.894] Load DDS texture: Squad/Parts/Resources/SmallTank/ksp_s_resourceContainer_diff
[LOG 21:49:51.900] Load DDS texture: Squad/Parts/Resources/SmallTank/ksp_s_resourceContainer_normal
[LOG 21:49:51.906] Load DDS texture: Squad/Parts/Resources/SurfaceScanner/ksp_r_samplerAir_diff
[LOG 21:49:51.913] Load DDS texture: Squad/Parts/Resources/SurveyScanner/dish
[LOG 21:49:51.919] Load DDS texture: Squad/Parts/Resources/SurveyScanner/dish_n
[LOG 21:49:51.924] Load DDS texture: Squad/Parts/Science/AtmosphereSensor/ksp_r_hydroscoop_diff
[LOG 21:49:51.929] Load DDS texture: Squad/Parts/Science/GooExperiment/GooExperiment
[LOG 21:49:51.936] Load DDS texture: Squad/Parts/Science/LargeCrewedLab/Large_Crewed_Lab
[LOG 21:49:51.942] Load DDS texture: Squad/Parts/Science/LargeCrewedLab/Large_Crewed_Lab_glow
[LOG 21:49:51.944] Load DDS texture: Squad/Parts/Science/LargeCrewedLab/window
[LOG 21:49:51.950] Load DDS texture: Squad/Parts/Science/Magnetometer/Magnetometer_diffuse
[LOG 21:49:51.955] Load DDS texture: Squad/Parts/Science/Magnetometer/Magnetometer_nrm
[LOG 21:49:51.961] Load DDS texture: Squad/Parts/Science/MaterialBay/science_module_small
[LOG 21:49:51.966] Load DDS texture: Squad/Parts/Science/MaterialBay/science_module_small_emit
[LOG 21:49:51.972] Load DDS texture: Squad/Parts/Science/MaterialBay/science_module_small_nrm
[LOG 21:49:51.978] Load DDS texture: Squad/Parts/Science/MaterialBay/wires
[LOG 21:49:51.983] Load DDS texture: Squad/Parts/Science/ScienceBox/Container
[LOG 21:49:51.988] Load DDS texture: Squad/Parts/Science/sensorAccelerometer/model000
[LOG 21:49:51.994] Load DDS texture: Squad/Parts/Science/sensorBarometer/model000
[LOG 21:49:51.999] Load DDS texture: Squad/Parts/Science/sensorGravimeter/model000
[LOG 21:49:52.003] Load DDS texture: Squad/Parts/Science/sensorThermometer/model000
[LOG 21:49:52.009] Load DDS texture: Squad/Parts/Structural/FLAdapters/Assets/FLA-Adapters_diffuse
[LOG 21:49:52.015] Load DDS texture: Squad/Parts/Structural/FLAdapters/Assets/FLA-Adapters_diffuse_O
[LOG 21:49:52.023] Load DDS texture: Squad/Parts/Structural/FLAdapters/Assets/FLA-Adapters_normal
[LOG 21:49:52.028] Load DDS texture: Squad/Parts/Structural/FLAdapters/Assets/FLA-Adapters_normal_O
[LOG 21:49:52.034] Load DDS texture: Squad/Parts/Structural/mk1Parts/Mk1Structural
[LOG 21:49:52.041] Load DDS texture: Squad/Parts/Structural/mk1Parts/Mk1StructuralHeat
[LOG 21:49:52.047] Load Cached PNG Texture: Squad/Parts/Structural/mk1Parts/@thumbs/MK1Fuselage_icon
[LOG 21:49:52.054] Load DDS texture: Squad/Parts/Structural/Size3To2Adapter_v2/Size2to3_BW_Diffuse
[LOG 21:49:52.060] Load DDS texture: Squad/Parts/Structural/Size3To2Adapter_v2/Size2to3_DUMMY_NRM
[LOG 21:49:52.069] Load DDS texture: Squad/Parts/Structural/Size3To2Adapter_v2/Size2to3_O_Diffuse
[LOG 21:49:52.077] Load DDS texture: Squad/Parts/Structural/Size3To2Adapter_v2/Size2to3_W_Diffuse
[LOG 21:49:52.086] Load DDS texture: Squad/Parts/Structural/Size3To2Adapter_v2/Size2to3_W_NRM
[LOG 21:49:52.093] Load DDS texture: Squad/Parts/Structural/stackAdapters/Assets/stackAdapters_diffuse
[LOG 21:49:52.100] Load DDS texture: Squad/Parts/Structural/stackAdapters/Assets/stackAdapters_diffuse_Dark
[LOG 21:49:52.107] Load DDS texture: Squad/Parts/Structural/stackAdapters/Assets/stackAdapters_diffuse_Orange
[LOG 21:49:52.113] Load DDS texture: Squad/Parts/Structural/stackAdapters/Assets/stackAdapters_normal
[LOG 21:49:52.120] Load DDS texture: Squad/Parts/Structural/stackAdapters/Assets/stackAdapters_normal_Orange
[LOG 21:49:52.127] Load DDS texture: Squad/Parts/Structural/stationHub/model000
[LOG 21:49:52.134] Load DDS texture: Squad/Parts/Structural/stationHub/model001
[LOG 21:49:52.140] Load DDS texture: Squad/Parts/Structural/structuralIBeam200/model000
[LOG 21:49:52.146] Load DDS texture: Squad/Parts/Structural/structuralIBeam200Pocket/model000
[LOG 21:49:52.151] Load DDS texture: Squad/Parts/Structural/structuralIBeam650/model000
[LOG 21:49:52.156] Load DDS texture: Squad/Parts/Structural/structuralMicronode/model000
[LOG 21:49:52.161] Load DDS texture: Squad/Parts/Structural/structuralPanel1x1/model000
[LOG 21:49:52.176] Load DDS texture: Squad/Parts/Structural/structuralPanel1x1/model001
[LOG 21:49:52.181] Load DDS texture: Squad/Parts/Structural/structuralPanel2x2/model000
[LOG 21:49:52.195] Load DDS texture: Squad/Parts/Structural/structuralPanel2x2/model001
[LOG 21:49:52.201] Load DDS texture: Squad/Parts/Structural/structuralPylons/Pylons
[LOG 21:49:52.205] Load DDS texture: Squad/Parts/Structural/strutCubicOcto/cubestrut
[LOG 21:49:52.211] Load DDS texture: Squad/Parts/Structural/strutOcto/model000
[LOG 21:49:52.217] Load DDS texture: Squad/Parts/Structural/trussGirderAdapter/model000
[LOG 21:49:52.224] Load DDS texture: Squad/Parts/Structural/trussGirderAdapter/model001
[LOG 21:49:52.229] Load DDS texture: Squad/Parts/Structural/trussGirderL/model000
[LOG 21:49:52.234] Load DDS texture: Squad/Parts/Structural/trussGirderXL/model000
[LOG 21:49:52.241] Load DDS texture: Squad/Parts/Thermal/FoldingRadiators/radiator
[LOG 21:49:52.247] Load DDS texture: Squad/Parts/Thermal/FoldingRadiators/radiator_N_NRM
[LOG 21:49:52.253] Load DDS texture: Squad/Parts/Thermal/RadiatorPanels/radPanel
[LOG 21:49:52.259] Load DDS texture: Squad/Parts/Thermal/RadiatorPanels/radPanel_N_NRM
[LOG 21:49:52.265] Load DDS texture: Squad/Parts/Utility/commDish88-88/comm_dish_array
[LOG 21:49:52.271] Load DDS texture: Squad/Parts/Utility/commDish88-88/comm_dish_v2_diff
[LOG 21:49:52.276] Load DDS texture: Squad/Parts/Utility/commDish88-88/model000
[LOG 21:49:52.282] Load DDS texture: Squad/Parts/Utility/commsAntennaDTS-M1/mediumDishAntenna
[LOG 21:49:52.290] Load DDS texture: Squad/Parts/Utility/commsAntennaDTS-M1/mediumDishAntenna_Emit
[LOG 21:49:52.295] Load DDS texture: Squad/Parts/Utility/commsDish16/model000
[LOG 21:49:52.300] Load DDS texture: Squad/Parts/Utility/decouplerRadialHDM/model000
[LOG 21:49:52.306] Load DDS texture: Squad/Parts/Utility/decouplerRadialTT-38K/model000
[LOG 21:49:52.311] Load DDS texture: Squad/Parts/Utility/decouplerRadialTT-38K/model001
[LOG 21:49:52.316] Load DDS texture: Squad/Parts/Utility/decouplerRadialTT-70/model000
[LOG 21:49:52.323] Load DDS texture: Squad/Parts/Utility/DirectAntennas/MiniAntenna
[LOG 21:49:52.328] Load DDS texture: Squad/Parts/Utility/dockingPort/Arrow Pointer
[LOG 21:49:52.336] Load DDS texture: Squad/Parts/Utility/dockingPort/DockingPorts_Clampotron_Diffuse
[LOG 21:49:52.342] Load DDS texture: Squad/Parts/Utility/dockingPort/DockingPorts_Clampotron_Emissive
[LOG 21:49:52.351] Load DDS texture: Squad/Parts/Utility/dockingPort/DockingPorts_Clampotron_Normal
[LOG 21:49:52.355] Load DDS texture: Squad/Parts/Utility/dockingPortInline/Arrow Pointer
[LOG 21:49:52.360] Load DDS texture: Squad/Parts/Utility/dockingPortInline/ClampotronLinear_ClampotronLinear_Diffuse
[LOG 21:49:52.367] Load DDS texture: Squad/Parts/Utility/dockingPortInline/ClampotronLinear_ClampotronLinear_Emissive
[LOG 21:49:52.376] Load DDS texture: Squad/Parts/Utility/dockingPortInline/ClampotronLinear_ClampotronLinear_Normal
[LOG 21:49:52.385] Load DDS texture: Squad/Parts/Utility/dockingPortInline/DockingPorts_Clampotron_Diffuse
[LOG 21:49:52.392] Load DDS texture: Squad/Parts/Utility/dockingPortInline/DockingPorts_Clampotron_Emissive
[LOG 21:49:52.401] Load DDS texture: Squad/Parts/Utility/dockingPortInline/DockingPorts_Clampotron_Normal
[LOG 21:49:52.404] Load DDS texture: Squad/Parts/Utility/dockingPortJr/Arrow Pointer
[LOG 21:49:52.410] Load DDS texture: Squad/Parts/Utility/dockingPortJr/DockingPorts_ClampotronJR_Diffuse
[LOG 21:49:52.416] Load DDS texture: Squad/Parts/Utility/dockingPortJr/DockingPorts_ClampotronJR_Normal
[LOG 21:49:52.421] Load DDS texture: Squad/Parts/Utility/dockingPortJr/model000
[LOG 21:49:52.422] Load DDS texture: Squad/Parts/Utility/dockingPortShielded/Arrow Pointer
[LOG 21:49:52.431] Load DDS texture: Squad/Parts/Utility/dockingPortShielded/Clamp-O-Tron Shielded Docking Port_ClampotronShielded_Diffuse
[LOG 21:49:52.440] Load DDS texture: Squad/Parts/Utility/dockingPortShielded/Clamp-O-Tron Shielded Docking Port_ClampotronShielded_Normal
[LOG 21:49:52.449] Load DDS texture: Squad/Parts/Utility/dockingPortShielded/DockingPorts_Clampotron_Diffuse
[LOG 21:49:52.457] Load DDS texture: Squad/Parts/Utility/dockingPortShielded/DockingPorts_Clampotron_Emissive
[LOG 21:49:52.466] Load DDS texture: Squad/Parts/Utility/dockingPortShielded/DockingPorts_Clampotron_Normal
[LOG 21:49:52.469] Load DDS texture: Squad/Parts/Utility/dockingPortSr/Arrow Pointer
[LOG 21:49:52.475] Load DDS texture: Squad/Parts/Utility/dockingPortSr/ClampotronSr_ClampotronSr_Diffuse
[LOG 21:49:52.484] Load DDS texture: Squad/Parts/Utility/dockingPortSr/ClampotronSr_ClampotronSr_Diffuse_gray
[LOG 21:49:52.491] Load DDS texture: Squad/Parts/Utility/dockingPortSr/ClampotronSr_ClampotronSr_Emissive
[LOG 21:49:52.502] Load DDS texture: Squad/Parts/Utility/dockingPortSr/ClampotronSr_ClampotronSr_Normal
[LOG 21:49:52.510] Load Cached PNG Texture: Squad/Parts/Utility/Fireworks/Assets/fireworks_launcher_big 1
[LOG 21:49:52.519] Load Cached PNG Texture: Squad/Parts/Utility/Fireworks/Assets/fireworks_launcher_big
[LOG 21:49:52.526] Load Cached PNG Texture: Squad/Parts/Utility/flags/backgroundTextures/dark_background
[LOG 21:49:52.532] Load Cached PNG Texture: Squad/Parts/Utility/flags/backgroundTextures/orange_background
[LOG 21:49:52.539] Load Cached PNG Texture: Squad/Parts/Utility/flags/backgroundTextures/white_background
[LOG 21:49:52.546] Load DDS texture: Squad/Parts/Utility/GrapplingDevice/grabberDiffuse
[LOG 21:49:52.551] Load DDS texture: Squad/Parts/Utility/GrapplingDevice/grabberDiffuse_dark
[LOG 21:49:52.557] Load DDS texture: Squad/Parts/Utility/GrapplingDevice/grabberNRM
[LOG 21:49:52.559] Load DDS texture: Squad/Parts/Utility/GrapplingDevice/window
[LOG 21:49:52.565] Load DDS texture: Squad/Parts/Utility/ladderRadial/model000
[LOG 21:49:52.570] Load DDS texture: Squad/Parts/Utility/ladderTelescopic/model000
[LOG 21:49:52.577] Load DDS texture: Squad/Parts/Utility/ladderTelescopic/model001
[LOG 21:49:52.583] Load DDS texture: Squad/Parts/Utility/ladderTelescopic/model002
[LOG 21:49:52.589] Load DDS texture: Squad/Parts/Utility/ladderTelescopicBay/model000
[LOG 21:49:52.596] Load DDS texture: Squad/Parts/Utility/ladderTelescopicBay/model001
[LOG 21:49:52.604] Load DDS texture: Squad/Parts/Utility/landingLegLT-1/ksp_r_landingStrut_diff
[LOG 21:49:52.610] Load DDS texture: Squad/Parts/Utility/landingLegLT-2/landingLeg
[LOG 21:49:52.616] Load DDS texture: Squad/Parts/Utility/landingLegLT-5/leg
[LOG 21:49:52.621] Load DDS texture: Squad/Parts/Utility/landingLegLT-5/model000
[LOG 21:49:52.626] Load DDS texture: Squad/Parts/Utility/launchClamp1/model000
[LOG 21:49:52.631] Load DDS texture: Squad/Parts/Utility/launchClamp1/model001
[LOG 21:49:52.637] Load DDS texture: Squad/Parts/Utility/launchEscapeSystem/LES_Diffuse
[LOG 21:49:52.643] Load DDS texture: Squad/Parts/Utility/Lights/Assets/Lights_Attacheable_Lights_Diffuse
[LOG 21:49:52.648] Load DDS texture: Squad/Parts/Utility/Lights/Assets/Lights_Attacheable_Lights_Diffuse_white
[LOG 21:49:52.654] Load DDS texture: Squad/Parts/Utility/Lights/Assets/Lights_Attacheable_Lights_Emissive
[LOG 21:49:52.660] Load DDS texture: Squad/Parts/Utility/Lights/Assets/Lights_Attacheable_Lights_Normal
[LOG 21:49:52.667] Load DDS texture: Squad/Parts/Utility/Lights/Assets/Lights_Rectangle_Light_Diffuse
[LOG 21:49:52.677] Load DDS texture: Squad/Parts/Utility/Lights/Assets/Lights_Rectangle_Light_Diffuse_white
[LOG 21:49:52.685] Load DDS texture: Squad/Parts/Utility/Lights/Assets/Lights_Rectangle_Light_Emissive
[LOG 21:49:52.695] Load DDS texture: Squad/Parts/Utility/Lights/Assets/Lights_Rectangle_Light_Normal
[LOG 21:49:52.701] Load DDS texture: Squad/Parts/Utility/Lights/Assets/Lights_Worklights_Diffuse
[LOG 21:49:52.708] Load DDS texture: Squad/Parts/Utility/Lights/Assets/Lights_Worklights_Emissive
[LOG 21:49:52.715] Load DDS texture: Squad/Parts/Utility/Lights/Assets/Lights_Worklights_Normal
[LOG 21:49:52.721] Load DDS texture: Squad/Parts/Utility/Lights/Assets/Spotlight_Attacheable_Lights_Diffuse
[LOG 21:49:52.726] Load DDS texture: Squad/Parts/Utility/Lights/Assets/Spotlight_Attacheable_Lights_Diffuse_white
[LOG 21:49:52.733] Load DDS texture: Squad/Parts/Utility/Lights/Assets/Spotlight_Attacheable_Lights_Emissive
[LOG 21:49:52.738] Load DDS texture: Squad/Parts/Utility/Lights/Assets/Spotlight_Attacheable_Lights_Normal
[LOG 21:49:52.743] Load DDS texture: Squad/Parts/Utility/linearVernorRCS/Assets/linear_vernor_diffuse
[LOG 21:49:52.749] Load DDS texture: Squad/Parts/Utility/linearVernorRCS/Assets/linear_vernor_emissive
[LOG 21:49:52.754] Load DDS texture: Squad/Parts/Utility/linearVernorRCS/Assets/linear_vernor_normalDummy
[LOG 21:49:52.759] Load DDS texture: Squad/Parts/Utility/linearVernorRCS/Assets/linear_vernor_specular
[LOG 21:49:52.765] Load DDS texture: Squad/Parts/Utility/mk2CargoBay/mk2CargoBay
[LOG 21:49:52.772] Load DDS texture: Squad/Parts/Utility/mk2CrewCabin/mk2CrewCabin
[LOG 21:49:52.777] Load DDS texture: Squad/Parts/Utility/mk2CrewCabin/mk2CrewCabin_LUM
[LOG 21:49:52.778] Load DDS texture: Squad/Parts/Utility/mk2DockingPort/Arrow Pointer
[LOG 21:49:52.786] Load DDS texture: Squad/Parts/Utility/mk2DockingPort/Mk2Clampotron_Caps_Diffuse
[LOG 21:49:52.791] Load DDS texture: Squad/Parts/Utility/mk2DockingPort/Mk2Clampotron_Caps_Emmisive
[LOG 21:49:52.796] Load DDS texture: Squad/Parts/Utility/mk2DockingPort/Mk2Clampotron_Caps_Normal
[LOG 21:49:52.804] Load DDS texture: Squad/Parts/Utility/mk2DockingPort/Mk2Clampotron_Mk2Clampotron_Diffuse
[LOG 21:49:52.811] Load DDS texture: Squad/Parts/Utility/mk2DockingPort/Mk2Clampotron_Mk2Clampotron_Emissive
[LOG 21:49:52.819] Load DDS texture: Squad/Parts/Utility/mk2DockingPort/Mk2Clampotron_Mk2Clampotron_Normal
[LOG 21:49:52.827] Load DDS texture: Squad/Parts/Utility/mk2DockingPort/mk2DockingPort
[LOG 21:49:52.833] Load DDS texture: Squad/Parts/Utility/mk3CargoBay/Mk3CargoBay
[LOG 21:49:52.838] Load DDS texture: Squad/Parts/Utility/parachuteMk1/model000
[LOG 21:49:52.845] Load DDS texture: Squad/Parts/Utility/parachuteMk1/model001
[LOG 21:49:52.851] Load DDS texture: Squad/Parts/Utility/parachuteMk12-R/model000
[LOG 21:49:52.857] Load DDS texture: Squad/Parts/Utility/parachuteMk12-R/model001
[LOG 21:49:52.863] Load DDS texture: Squad/Parts/Utility/parachuteMk16-XL/model000
[LOG 21:49:52.868] Load DDS texture: Squad/Parts/Utility/parachuteMk16-XL/model001
[LOG 21:49:52.874] Load DDS texture: Squad/Parts/Utility/parachuteMk2-R/model000
[LOG 21:49:52.881] Load DDS texture: Squad/Parts/Utility/parachuteMk2-R/model001
[LOG 21:49:52.886] Load DDS texture: Squad/Parts/Utility/parachuteMk25/model000
[LOG 21:49:52.893] Load DDS texture: Squad/Parts/Utility/parachuteMk25/model001
[LOG 21:49:52.907] Load DDS texture: Squad/Parts/Utility/radialAttachmentPoint/model000
[LOG 21:49:52.912] Load DDS texture: Squad/Parts/Utility/radialAttachmentPoint/model001
[LOG 21:49:52.918] Load DDS texture: Squad/Parts/Utility/rcsBlockRV-105_v2/rcsBlock_diffuse
[LOG 21:49:52.919] Load DDS texture: Squad/Parts/Utility/rcsBlockRV-105_v2/rcsThrusterBlock_normal
[LOG 21:49:52.925] Load DDS texture: Squad/Parts/Utility/rcsBlockRV-105_v2/rcsThruster_emissive
[LOG 21:49:52.930] Load DDS texture: Squad/Parts/Utility/rcsBlockRV-105_v2/rcsThruster_specular
[LOG 21:49:52.936] Load DDS texture: Squad/Parts/Utility/rcsBlockRV-105_v2/RCS_Block_Diffuse
[LOG 21:49:52.941] Load DDS texture: Squad/Parts/Utility/rcsBlockRV-105_v2/RCS_Block_Emissive
[LOG 21:49:52.952] Load DDS texture: Squad/Parts/Utility/rcsBlockRV-105_v2/RCS_Block_Normal
[LOG 21:49:52.958] Load DDS texture: Squad/Parts/Utility/rcsBlockRV-105_v2/RCS_Block_Specular
[LOG 21:49:52.963] Load DDS texture: Squad/Parts/Utility/rcsSmallLinear/Assets/RCS_Linear_Base_Diffuse
[LOG 21:49:52.968] Load DDS texture: Squad/Parts/Utility/rcsSmallLinear/Assets/RCS_Linear_Diffuse
[LOG 21:49:52.974] Load DDS texture: Squad/Parts/Utility/rcsSmallLinear/Assets/RCS_Linear_Emissive
[LOG 21:49:52.979] Load DDS texture: Squad/Parts/Utility/rcsSmallLinear/Assets/RCS_Linear_Normal
[LOG 21:49:52.984] Load DDS texture: Squad/Parts/Utility/rcsSmallLinear/Assets/RCS_Linear_Specular
[LOG 21:49:52.989] Load DDS texture: Squad/Parts/Utility/RelayAntennas/DishAntenna
[LOG 21:49:52.995] Load DDS texture: Squad/Parts/Utility/RelayAntennas/MiniAntenna
[LOG 21:49:53.001] Load DDS texture: Squad/Parts/Utility/rockomaxAdapters/Assets/Rockomax_Adapters_diffuse
[LOG 21:49:53.008] Load DDS texture: Squad/Parts/Utility/rockomaxAdapters/Assets/Rockomax_Adapters_diffuse_O
[LOG 21:49:53.015] Load DDS texture: Squad/Parts/Utility/rockomaxAdapters/Assets/Rockomax_Adapters_diffuse_W
[LOG 21:49:53.021] Load DDS texture: Squad/Parts/Utility/rockomaxAdapters/Assets/Rockomax_Adapters_normal
[LOG 21:49:53.027] Load DDS texture: Squad/Parts/Utility/rockomaxAdapters/Assets/Rockomax_Adapters_normal_O
[LOG 21:49:53.034] Load DDS texture: Squad/Parts/Utility/ServiceBay/ServiceBay
[LOG 21:49:53.040] Load Cached PNG Texture: Squad/Parts/Utility/ServiceBay_v2/Assets/Scratch
[LOG 21:49:53.046] Load Cached PNG Texture: Squad/Parts/Utility/ServiceBay_v2/Assets/ServiceBay_bump
[LOG 21:49:53.056] Load Cached PNG Texture: Squad/Parts/Utility/ServiceBay_v2/Assets/ServiceBay_v2
[LOG 21:49:53.062] Load DDS texture: Squad/Parts/Utility/smallClaw/grabberSmallDiffuse
[LOG 21:49:53.070] Load DDS texture: Squad/Parts/Utility/smallClaw/grabberSmallDiffuseDark
[LOG 21:49:53.076] Load DDS texture: Squad/Parts/Utility/smallClaw/grabberSmallNRM
[LOG 21:49:53.077] Load DDS texture: Squad/Parts/Utility/smallClaw/window
[LOG 21:49:53.081] Load DDS texture: Squad/Parts/Utility/spotLightMk1/light1
[LOG 21:49:53.088] Load DDS texture: Squad/Parts/Utility/spotLightMk1/light1_em
[LOG 21:49:53.094] Load DDS texture: Squad/Parts/Utility/spotLightMk1_v2/spotLightMk1_Diffuse
[LOG 21:49:53.099] Load DDS texture: Squad/Parts/Utility/spotLightMk1_v2/spotLightMk1_Diffuse_white
[LOG 21:49:53.105] Load DDS texture: Squad/Parts/Utility/spotLightMk1_v2/spotLightMk1_Emissive
[LOG 21:49:53.113] Load DDS texture: Squad/Parts/Utility/spotLightMk1_v2/spotLightMk1_Normal
[LOG 21:49:53.118] Load DDS texture: Squad/Parts/Utility/spotLightMk2/light2
[LOG 21:49:53.124] Load DDS texture: Squad/Parts/Utility/spotLightMk2/light2_em
[LOG 21:49:53.129] Load DDS texture: Squad/Parts/Utility/spotLightMk2_v2/spotLightMk2_Diffuse
[LOG 21:49:53.136] Load DDS texture: Squad/Parts/Utility/spotLightMk2_v2/spotLightMk2_Diffuse_white
[LOG 21:49:53.143] Load DDS texture: Squad/Parts/Utility/spotLightMk2_v2/spotLightMk2_Emissive
[LOG 21:49:53.149] Load DDS texture: Squad/Parts/Utility/spotLightMk2_v2/spotLightMk2_Normal
[LOG 21:49:53.155] Load DDS texture: Squad/Parts/Utility/stackCouplers/Assets/stackCouplersDiffuse
[LOG 21:49:53.161] Load DDS texture: Squad/Parts/Utility/stackCouplers/Assets/stackCouplersDiffuse_Dark
[LOG 21:49:53.167] Load DDS texture: Squad/Parts/Utility/stackCouplers/Assets/stackCouplersDiffuse_Orange
[LOG 21:49:53.173] Load DDS texture: Squad/Parts/Utility/stackCouplers/Assets/stackCouplers_NRM
[LOG 21:49:53.180] Load DDS texture: Squad/Parts/Utility/stackCouplers/Assets/stackCouplers_Orange_NRM
[LOG 21:49:53.186] Load DDS texture: Squad/Parts/Wheel/LandingGear/Flare
[LOG 21:49:53.191] Load DDS texture: Squad/Parts/Wheel/LandingGear/LandingGear
[LOG 21:49:53.199] Load DDS texture: Squad/Parts/Wheel/LandingGear/LandingGear_Emissive
[LOG 21:49:53.206] Load DDS texture: Squad/Parts/Wheel/roverWheelM1/model000
[LOG 21:49:53.210] Load DDS texture: Squad/Parts/Wheel/roverWheelM1/roverwheel1
[LOG 21:49:53.217] Load DDS texture: Squad/Parts/Wheel/roverWheelS2/model000
[LOG 21:49:53.222] Load DDS texture: Squad/Parts/Wheel/roverWheelS2/model001
[LOG 21:49:53.227] Load DDS texture: Squad/Parts/Wheel/roverWheelS2/roverwheel2
[LOG 21:49:53.259] Load DDS texture: Squad/Parts/Wheel/roverWheelS2/roverwheel2_n
[LOG 21:49:53.265] Load DDS texture: Squad/Parts/Wheel/roverWheelTR-2L/ksp_r_medWheel_diff
[LOG 21:49:53.271] Load DDS texture: Squad/Parts/Wheel/roverWheelTR-2L/ksp_r_medWheel_normal
[LOG 21:49:53.277] Load DDS texture: Squad/Parts/Wheel/roverWheelTR-2L/ksp_r_medWheel_wheel_diff
[LOG 21:49:53.283] Load DDS texture: Squad/Parts/Wheel/roverWheelTR-2L/ksp_r_medWheel_wheel_normal
[LOG 21:49:53.289] Load DDS texture: Squad/Parts/Wheel/roverWheelXL3/mount
[LOG 21:49:53.295] Load DDS texture: Squad/Parts/Wheel/roverWheelXL3/mount_n
[LOG 21:49:53.301] Load DDS texture: Squad/Parts/Wheel/roverWheelXL3/wheel
[LOG 21:49:53.315] Load DDS texture: Squad/Parts/Wheel/roverWheelXL3/wheel_n
[LOG 21:49:53.325] Load DDS texture: Squad/Props/AltimeterThreeHands/model000
[LOG 21:49:53.330] Load DDS texture: Squad/Props/AltimeterThreeHands/model001
[LOG 21:49:53.336] Load DDS texture: Squad/Props/AtmosphereDepth/model000
[LOG 21:49:53.342] Load DDS texture: Squad/Props/AtmosphereDepth/model001
[LOG 21:49:53.347] Load DDS texture: Squad/Props/AxisIndicator/model000
[LOG 21:49:53.352] Load DDS texture: Squad/Props/buttonsGeneric/ButtonsAndSwitches
[LOG 21:49:53.358] Load DDS texture: Squad/Props/ButtonSquare/model000
[LOG 21:49:53.362] Load DDS texture: Squad/Props/circularButton/model000
[LOG 21:49:53.367] Load DDS texture: Squad/Props/Compass/model000
[LOG 21:49:53.377] Load DDS texture: Squad/Props/directionalKnob/model000
[LOG 21:49:53.381] Load DDS texture: Squad/Props/directionalKnob2/model000
[LOG 21:49:53.387] Load DDS texture: Squad/Props/IndicatorPanel/model000
[LOG 21:49:53.393] Load DDS texture: Squad/Props/IndicatorPanel/model001
[LOG 21:49:53.398] Load DDS texture: Squad/Props/IVANavBall/Arrows8dir
[LOG 21:49:53.403] Load DDS texture: Squad/Props/IVANavBall/IVANavBall
[LOG 21:49:53.410] Load DDS texture: Squad/Props/IVANavBall/IVANavBall_Glow
[LOG 21:49:53.416] Load DDS texture: Squad/Props/IVANavBall/ManeuverNode_vectors
[LOG 21:49:53.421] Load DDS texture: Squad/Props/IVANavBall/navball2
[LOG 21:49:53.426] Load DDS texture: Squad/Props/IVANavBall/navBall_DV_IVA
[LOG 21:49:53.431] Load DDS texture: Squad/Props/IVANavBall/navBall_vectors_IVA
[LOG 21:49:53.438] Load Cached PNG Texture: Squad/Props/IVANavBallNoBase/Arrows8dir
[LOG 21:49:53.443] Load Cached PNG Texture: Squad/Props/IVANavBallNoBase/IVANavBall
[LOG 21:49:53.448] Load Cached PNG Texture: Squad/Props/IVANavBallNoBase/ManeuverNode_vectors
[LOG 21:49:53.454] Load Cached PNG Texture: Squad/Props/IVANavBallNoBase/navball2
[LOG 21:49:53.459] Load Cached PNG Texture: Squad/Props/IVANavBallNoBase/navBall_DV_IVA
[LOG 21:49:53.464] Load Cached PNG Texture: Squad/Props/IVANavBallNoBase/navBall_vectors_IVA
[LOG 21:49:53.469] Load DDS texture: Squad/Props/ledPanelSpeed/circularButton
[LOG 21:49:53.474] Load DDS texture: Squad/Props/ledPanelSpeed/ledPanel
[LOG 21:49:53.480] Load DDS texture: Squad/Props/Monitor/Emissives
[LOG 21:49:53.484] Load DDS texture: Squad/Props/Monitor/Emissives_glow
[LOG 21:49:53.489] Load DDS texture: Squad/Props/Monitor/Monitor
[LOG 21:49:53.495] Load DDS texture: Squad/Props/NavBall/GaugeGee
[LOG 21:49:53.499] Load DDS texture: Squad/Props/NavBall/GaugeThrottle
[LOG 21:49:53.504] Load DDS texture: Squad/Props/NavBall/model000
[LOG 21:49:53.509] Load DDS texture: Squad/Props/NavBall/model001
[LOG 21:49:53.514] Load DDS texture: Squad/Props/NavBall/model002
[LOG 21:49:53.520] Load DDS texture: Squad/Props/NavBall/model003
[LOG 21:49:53.526] Load DDS texture: Squad/Props/PropsGeneric/propsGeneric
[LOG 21:49:53.531] Load DDS texture: Squad/Props/pullSwitch/model000
[LOG 21:49:53.536] Load DDS texture: Squad/Props/pullSwitch/model001
[LOG 21:49:53.541] Load DDS texture: Squad/Props/radarAltitude/model000
[LOG 21:49:53.547] Load DDS texture: Squad/Props/squareButton/model000
[LOG 21:49:53.552] Load DDS texture: Squad/Props/standingSwitch/model000
[LOG 21:49:53.557] Load DDS texture: Squad/Props/standingSwitch/model001
[LOG 21:49:53.563] Load DDS texture: Squad/Props/switch/model000
[LOG 21:49:53.568] Load DDS texture: Squad/Props/switchGuard/model000
[LOG 21:49:53.572] Load DDS texture: Squad/Props/switchWithGuards/model000
[LOG 21:49:53.578] Load DDS texture: Squad/Props/switchWithGuards/model001
[LOG 21:49:53.584] Load DDS texture: Squad/Props/switchWithGuards/model002
[LOG 21:49:53.589] Load DDS texture: Squad/Props/throttle/model000
[LOG 21:49:53.596] Load DDS texture: Squad/Props/throttle/model001
[LOG 21:49:53.602] Load DDS texture: Squad/Props/VSI/model000
[LOG 21:49:53.602] Load DDS texture: Squad/Spaces/crewCabinInternals/model000
[LOG 21:49:53.610] Load DDS texture: Squad/Spaces/crewCabinInternals/model001
[LOG 21:49:53.617] Load DDS texture: Squad/Spaces/crewCabinInternals/model002
[LOG 21:49:53.624] Load DDS texture: Squad/Spaces/crewCabinInternals/model003
[LOG 21:49:53.625] Load DDS texture: Squad/Spaces/crewCabinInternals/model004
[LOG 21:49:53.631] Load DDS texture: Squad/Spaces/crewCabinInternals/model005
[LOG 21:49:53.639] Load DDS texture: Squad/Spaces/cupolaInternal/ksp_l_cupola_internal_diff
[LOG 21:49:53.647] Load DDS texture: Squad/Spaces/cupolaInternal/ksp_l_cupola_internal_normal
[LOG 21:49:53.655] Load DDS texture: Squad/Spaces/cupolaInternal/ksp_l_cupola_internal_windows_alpha
[LOG 21:49:53.662] Load DDS texture: Squad/Spaces/cupolaInternal/pilot Seat
[LOG 21:49:53.668] Load DDS texture: Squad/Spaces/GenericSpace1/model000
[LOG 21:49:53.676] Load DDS texture: Squad/Spaces/GenericSpace1/model001
[LOG 21:49:53.682] Load DDS texture: Squad/Spaces/GenericSpace1/model002
[LOG 21:49:53.688] Load DDS texture: Squad/Spaces/GenericSpace1/model003
[LOG 21:49:53.695] Load DDS texture: Squad/Spaces/GenericSpace1/model004
[LOG 21:49:53.703] Load DDS texture: Squad/Spaces/GenericSpace1/model005
[LOG 21:49:53.709] Load DDS texture: Squad/Spaces/GenericSpace3/model000
[LOG 21:49:53.719] Load DDS texture: Squad/Spaces/GenericSpace3/model001
[LOG 21:49:53.728] Load DDS texture: Squad/Spaces/GenericSpace3/model002
[LOG 21:49:53.734] Load DDS texture: Squad/Spaces/GenericSpace3/model003
[LOG 21:49:53.741] Load DDS texture: Squad/Spaces/GenericSpace3/model004
[LOG 21:49:53.748] Load DDS texture: Squad/Spaces/GenericSpace3/model005
[LOG 21:49:53.754] Load DDS texture: Squad/Spaces/GenericSpace3/model006
[LOG 21:49:53.761] Load DDS texture: Squad/Spaces/GenericSpace3/model007
[LOG 21:49:53.769] Load DDS texture: Squad/Spaces/landerCabinInternals/model000
[LOG 21:49:53.775] Load DDS texture: Squad/Spaces/landerCabinInternals/model001
[LOG 21:49:53.782] Load DDS texture: Squad/Spaces/landerCabinInternals/model002
[LOG 21:49:53.791] Load DDS texture: Squad/Spaces/landerCabinInternals/model003
[LOG 21:49:53.798] Load DDS texture: Squad/Spaces/landerCabinInternals/model004
[LOG 21:49:53.808] Load DDS texture: Squad/Spaces/landerCabinInternals/model005
[LOG 21:49:53.815] Load DDS texture: Squad/Spaces/landerCabinInternals/model006
[LOG 21:49:53.817] Load DDS texture: Squad/Spaces/landerCabinInternals/model007
[LOG 21:49:53.825] Load DDS texture: Squad/Spaces/landerCabinSmallInternal/ksp_s_landerCan_internal_diff
[LOG 21:49:53.833] Load DDS texture: Squad/Spaces/landerCabinSmallInternal/ksp_s_landerCan_internal_normal
[LOG 21:49:53.840] Load DDS texture: Squad/Spaces/landerCabinSmallInternal/ksp_s_landerCan_internal_window_alpha
[LOG 21:49:53.849] Load DDS texture: Squad/Spaces/landerCabinSmallInternal/pilot Seat
[LOG 21:49:53.855] Load DDS texture: Squad/Spaces/LargeCrewedLabInternals/Glass
[LOG 21:49:53.862] Load DDS texture: Squad/Spaces/LargeCrewedLabInternals/MPL_Int
[LOG 21:49:53.869] Load DDS texture: Squad/Spaces/LargeCrewedLabInternals/MPL_Int_n_NRM
[LOG 21:49:53.877] Load DDS texture: Squad/Spaces/Mk1-3/Mk1_3_IvaProps_Diffuse
[LOG 21:49:53.886] Load DDS texture: Squad/Spaces/Mk1-3/Mk1_3_IvaProps_Normal
[LOG 21:49:53.894] Load DDS texture: Squad/Spaces/Mk1-3/Mk1_3_IvaShell_Diffuse
[LOG 21:49:53.903] Load DDS texture: Squad/Spaces/Mk1-3/Mk1_3_IvaShell_Emissive
[LOG 21:49:53.910] Load DDS texture: Squad/Spaces/Mk1-3/Mk1_3_IvaShell_Normal
[LOG 21:49:53.919] Load DDS texture: Squad/Spaces/Mk1-3/pilot Seat
[LOG 21:49:53.926] Load DDS texture: Squad/Spaces/mk1CabinInternal/Cabin_Lightmap
[LOG 21:49:53.933] Load DDS texture: Squad/Spaces/mk1CabinInternal/CockpitGeneric
[LOG 21:49:53.944] Load DDS texture: Squad/Spaces/mk1CabinInternal/CockpitGeneric_NRM
[LOG 21:49:53.945] Load DDS texture: Squad/Spaces/mk1CockpitInternal/CockpitGeneric
[LOG 21:49:53.946] Load DDS texture: Squad/Spaces/mk1CockpitInternal/CockpitGeneric_NRM
[LOG 21:49:53.953] Load DDS texture: Squad/Spaces/mk1CockpitInternal/IVAMAP
[LOG 21:49:53.960] Load DDS texture: Squad/Spaces/mk1CockpitInternal/Windows
[LOG 21:49:53.967] Load DDS texture: Squad/Spaces/mk1InlineInternal/Canopy
[LOG 21:49:53.969] Load DDS texture: Squad/Spaces/mk1InlineInternal/CockpitGeneric
[LOG 21:49:53.970] Load DDS texture: Squad/Spaces/mk1InlineInternal/CockpitGeneric_NRM
[LOG 21:49:53.977] Load DDS texture: Squad/Spaces/mk1InlineInternal/Mk1Inline_Lightmap
[LOG 21:49:53.984] Load DDS texture: Squad/Spaces/mk1PodCockpit/model000
[LOG 21:49:53.991] Load DDS texture: Squad/Spaces/mk1PodCockpit/model001
[LOG 21:49:53.998] Load DDS texture: Squad/Spaces/mk1PodCockpit/model002
[LOG 21:49:54.005] Load DDS texture: Squad/Spaces/mk1PodCockpit/model003
[LOG 21:49:54.012] Load DDS texture: Squad/Spaces/mk1PodCockpit/model004
[LOG 21:49:54.023] Load DDS texture: Squad/Spaces/mk1PodCockpit/model005
[LOG 21:49:54.030] Load DDS texture: Squad/Spaces/mk1PodCockpit/model006
[LOG 21:49:54.031] Load DDS texture: Squad/Spaces/mk1PodCockpit/model007
[LOG 21:49:54.041] Load DDS texture: Squad/Spaces/mk1pod_IVA/mk1pod_iva_props_diffuse
[LOG 21:49:54.047] Load DDS texture: Squad/Spaces/mk1pod_IVA/mk1pod_iva_props_emissive
[LOG 21:49:54.056] Load DDS texture: Squad/Spaces/mk1pod_IVA/mk1pod_iva_props_normal
[LOG 21:49:54.066] Load DDS texture: Squad/Spaces/mk1pod_IVA/mk1pod_iva_shell_diffuse
[LOG 21:49:54.075] Load DDS texture: Squad/Spaces/mk1pod_IVA/mk1pod_iva_shell_normal
[LOG 21:49:54.085] Load MBM texture: Squad/Spaces/mk1pod_IVA/pilot Seat
[LOG 21:49:54.116] Load DDS texture: Squad/Spaces/mk2CockpitStandardInternal/CargoBagA
[LOG 21:49:54.116] Load DDS texture: Squad/Spaces/mk2CockpitStandardInternal/Mk2StandardIVA
[LOG 21:49:54.116] Load DDS texture: Squad/Spaces/mk2CockpitStandardInternal/Pilotseat
[LOG 21:49:54.116] Load DDS texture: Squad/Spaces/mk2CockpitStandardInternal/Windows
[LOG 21:49:54.116] Load DDS texture: Squad/Spaces/Mk2CrewCabinInternal/CargoBagA
[LOG 21:49:54.123] Load DDS texture: Squad/Spaces/Mk2CrewCabinInternal/Glass
[LOG 21:49:54.130] Load DDS texture: Squad/Spaces/Mk2CrewCabinInternal/Mk2StandardIVA
[LOG 21:49:54.136] Load DDS texture: Squad/Spaces/Mk2CrewCabinInternal/Pilotseat
[LOG 21:49:54.144] Load DDS texture: Squad/Spaces/mk2InlineInternal/CockpitGeneric
[LOG 21:49:54.150] Load DDS texture: Squad/Spaces/mk2InlineInternal/CockpitGeneric_NRM
[LOG 21:49:54.156] Load DDS texture: Squad/Spaces/mk2InlineInternal/Mk2InlineLightmap
[LOG 21:49:54.163] Load DDS texture: Squad/Spaces/mk2InlineInternal/propsGeneric
[LOG 21:49:54.171] Load DDS texture: Squad/Spaces/mk2LanderCanInternal/mk2LanderCan_props_diffuse
[LOG 21:49:54.181] Load DDS texture: Squad/Spaces/mk2LanderCanInternal/mk2LanderCan_props_normal
[LOG 21:49:54.192] Load DDS texture: Squad/Spaces/mk2LanderCanInternal/mk2LanderCan_shell_diffuse
[LOG 21:49:54.201] Load DDS texture: Squad/Spaces/mk2LanderCanInternal/mk2LanderCan_shell_normal
[LOG 21:49:54.210] Load MBM texture: Squad/Spaces/mk2LanderCanInternal/pilot Seat
[LOG 21:49:54.239] Load DDS texture: Squad/Spaces/MK3CockpitInternal/Glass
[LOG 21:49:54.239] Load DDS texture: Squad/Spaces/MK3CockpitInternal/Mk2StandardIVA
[LOG 21:49:54.239] Load DDS texture: Squad/Spaces/MK3_CrewCab_Int/Glass
[LOG 21:49:54.239] Load DDS texture: Squad/Spaces/MK3_CrewCab_Int/GlassMK3CC
[LOG 21:49:54.242] Load DDS texture: Squad/Spaces/MK3_CrewCab_Int/Mk2StandardIVA
[LOG 21:49:54.249] Load DDS texture: Squad/Spaces/MK3_CrewCab_Int/MK3_CrewCab_Int
[LOG 21:49:54.257] Load DDS texture: Squad/Spaces/MK3_CrewCab_Int/MK3_CrewCab_Int_n
[LOG 21:49:54.264] Load DDS texture: Squad/Spaces/MK3_CrewCab_Int/Pilotseat
[LOG 21:49:54.270] Load DDS texture: Squad/Spaces/Placeholder/PlaceholderIVA
[LOG 21:49:54.277] Load DDS texture: Squad/Spaces/PodCockpit/model000
[LOG 21:49:54.285] Load DDS texture: Squad/Spaces/PodCockpit/model001
[LOG 21:49:54.292] Load DDS texture: Squad/Spaces/PodCockpit/model002
[LOG 21:49:54.299] Load DDS texture: Squad/Spaces/PodCockpit/model003
[LOG 21:49:54.306] Load DDS texture: Squad/Spaces/PodCockpit/model004
[LOG 21:49:54.312] Load DDS texture: Squad/Spaces/PodCockpit/model005
[LOG 21:49:54.319] Load DDS texture: Squad/Spaces/PodCockpit/model006
[LOG 21:49:54.325] Load DDS texture: Squad/Spaces/PodCockpit/model007
[LOG 21:49:54.331] Load DDS texture: Squad/Spaces/sharedAssets/CockpitGeneric
[LOG 21:49:54.338] Load DDS texture: Squad/Spaces/sharedAssets/CockpitGeneric_NRM
[LOG 21:49:54.345] Load Cached PNG Texture: Squad/Strategies/Icons/AggressiveNegotiations
[LOG 21:49:54.351] Load Cached PNG Texture: Squad/Strategies/Icons/AppreciationCampaign
[LOG 21:49:54.357] Load Cached PNG Texture: Squad/Strategies/Icons/BailOutGrant
[LOG 21:49:54.363] Load Cached PNG Texture: Squad/Strategies/Icons/FundraisingCampaign
[LOG 21:49:54.369] Load Cached PNG Texture: Squad/Strategies/Icons/LeadershipInitiative
[LOG 21:49:54.374] Load Cached PNG Texture: Squad/Strategies/Icons/OpenSourceTechProgram
[LOG 21:49:54.380] Load Cached PNG Texture: Squad/Strategies/Icons/OutsourcedResearch
[LOG 21:49:54.386] Load Cached PNG Texture: Squad/Strategies/Icons/PatentsLicensing
[LOG 21:49:54.392] Load Cached PNG Texture: Squad/Strategies/Icons/RecoveryTransponderFitting
[LOG 21:49:54.398] Load Cached PNG Texture: Squad/Strategies/Icons/ResearchRightsSellOut
[LOG 21:49:54.404] Load Cached PNG Texture: Squad/Strategies/Icons/UnpaidResearchProgram
[LOG 21:49:54.410] Load Cached PNG Texture: Squad/Tutorials/ChuteColors
[LOG 21:49:54.416] Load DDS texture: Squad/Tutorials/EditorCoM
[LOG 21:49:54.421] Load Cached PNG Texture: Squad/Tutorials/EditorSnap
[LOG 21:49:54.428] Load Cached PNG Texture: Squad/Tutorials/EditorSnap4x
[LOG 21:49:54.434] Load Cached PNG Texture: Squad/Tutorials/EditorSymm
[LOG 21:49:54.439] Load Cached PNG Texture: Squad/Tutorials/StagingStack
[LOG 21:49:54.440] Load PNG texture: Squad/Tutorials/YPRDiagram
[WRN 21:49:54.441] Texture isn't eligible for DXT compression, width and height must be multiples of 4
[LOG 21:49:54.447] Load Cached PNG Texture: SquadExpansion/MakingHistory/Banners/Fail/default
[LOG 21:49:54.452] Load Cached PNG Texture: SquadExpansion/MakingHistory/Banners/Fail/fail01
[LOG 21:49:54.457] Load Cached PNG Texture: SquadExpansion/MakingHistory/Banners/Fail/fail02
[LOG 21:49:54.458] Load PNG texture: SquadExpansion/MakingHistory/Banners/Menu/default
[WRN 21:49:54.461] Texture isn't eligible for DXT compression, width and height must be multiples of 4
[LOG 21:49:54.461] Load PNG texture: SquadExpansion/MakingHistory/Banners/Menu/MBanner_01
[WRN 21:49:54.465] Texture isn't eligible for DXT compression, width and height must be multiples of 4
[LOG 21:49:54.465] Load PNG texture: SquadExpansion/MakingHistory/Banners/Menu/MBanner_02
[WRN 21:49:54.469] Texture isn't eligible for DXT compression, width and height must be multiples of 4
[LOG 21:49:54.469] Load PNG texture: SquadExpansion/MakingHistory/Banners/Menu/MBanner_03
[WRN 21:49:54.472] Texture isn't eligible for DXT compression, width and height must be multiples of 4
[LOG 21:49:54.472] Load Cached PNG Texture: SquadExpansion/MakingHistory/Banners/Success/default
[LOG 21:49:54.474] Load Cached PNG Texture: SquadExpansion/MakingHistory/Banners/Success/success01
[LOG 21:49:54.480] Load Cached PNG Texture: SquadExpansion/MakingHistory/Banners/Success/success02
[LOG 21:49:54.487] Load Cached PNG Texture: SquadExpansion/MakingHistory/Missions/Acapello 13/Banners/Fail/fail01
[LOG 21:49:54.488] Load PNG texture: SquadExpansion/MakingHistory/Missions/Acapello 13/Banners/Menu/Mun
[WRN 21:49:54.491] Texture isn't eligible for DXT compression, width and height must be multiples of 4
[LOG 21:49:54.494] Load Cached PNG Texture: SquadExpansion/MakingHistory/Missions/Acapello 13/Banners/Success/success01
[LOG 21:49:54.501] Load Cached PNG Texture: SquadExpansion/MakingHistory/Missions/Acapello 15/Banners/Fail/default
[LOG 21:49:54.507] Load Cached PNG Texture: SquadExpansion/MakingHistory/Missions/Acapello 15/Banners/Fail/fail02
[LOG 21:49:54.508] Load PNG texture: SquadExpansion/MakingHistory/Missions/Acapello 15/Banners/Menu/default
[WRN 21:49:54.510] Texture isn't eligible for DXT compression, width and height must be multiples of 4
[LOG 21:49:54.513] Load Cached PNG Texture: SquadExpansion/MakingHistory/Missions/Acapello 15/Banners/Success/default
[LOG 21:49:54.519] Load Cached PNG Texture: SquadExpansion/MakingHistory/Missions/Blue Mun/Banners/Fail/fail01
[LOG 21:49:54.520] Load PNG texture: SquadExpansion/MakingHistory/Missions/Blue Mun/Banners/Menu/default
[WRN 21:49:54.523] Texture isn't eligible for DXT compression, width and height must be multiples of 4
[LOG 21:49:54.527] Load Cached PNG Texture: SquadExpansion/MakingHistory/Missions/Blue Mun/Banners/Success/success02
[LOG 21:49:54.532] Load Cached PNG Texture: SquadExpansion/MakingHistory/Missions/Dawn of the Space Age/Banners/Fail/default
[LOG 21:49:54.534] Load PNG texture: SquadExpansion/MakingHistory/Missions/Dawn of the Space Age/Banners/Menu/default
[WRN 21:49:54.536] Texture isn't eligible for DXT compression, width and height must be multiples of 4
[LOG 21:49:54.540] Load Cached PNG Texture: SquadExpansion/MakingHistory/Missions/Dawn of the Space Age/Banners/Success/default
[LOG 21:49:54.546] Load Cached PNG Texture: SquadExpansion/MakingHistory/Missions/Meet Me in Zero G/Banners/Fail/default
[LOG 21:49:54.552] Load Cached PNG Texture: SquadExpansion/MakingHistory/Missions/Meet Me in Zero G/Banners/Fail/fail01
[LOG 21:49:54.552] Load PNG texture: SquadExpansion/MakingHistory/Missions/Meet Me in Zero G/Banners/Menu/default
[WRN 21:49:54.554] Texture isn't eligible for DXT compression, width and height must be multiples of 4
[LOG 21:49:54.558] Load Cached PNG Texture: SquadExpansion/MakingHistory/Missions/Meet Me in Zero G/Banners/Success/default
[LOG 21:49:54.565] Load Cached PNG Texture: SquadExpansion/MakingHistory/Missions/Meet Me in Zero G/Banners/Success/success02
[LOG 21:49:54.571] Load Cached PNG Texture: SquadExpansion/MakingHistory/Missions/Munar 1/Banners/Fail/default
[LOG 21:49:54.577] Load Cached PNG Texture: SquadExpansion/MakingHistory/Missions/Munar 1/Banners/Fail/fail02
[LOG 21:49:54.578] Load PNG texture: SquadExpansion/MakingHistory/Missions/Munar 1/Banners/Menu/default
[WRN 21:49:54.580] Texture isn't eligible for DXT compression, width and height must be multiples of 4
[LOG 21:49:54.585] Load Cached PNG Texture: SquadExpansion/MakingHistory/Missions/Munar 1/Banners/Success/default
[LOG 21:49:54.590] Load Cached PNG Texture: SquadExpansion/MakingHistory/Missions/Munar 1/Banners/Success/success01
[LOG 21:49:54.595] Load Cached PNG Texture: SquadExpansion/MakingHistory/Missions/Sally-Hut 1/Banners/Fail/default
[LOG 21:49:54.601] Load Cached PNG Texture: SquadExpansion/MakingHistory/Missions/Sally-Hut 1/Banners/Fail/fail01
[LOG 21:49:54.607] Load Cached PNG Texture: SquadExpansion/MakingHistory/Missions/Sally-Hut 1/Banners/Menu/bannerSatellite
[LOG 21:49:54.615] Load Cached PNG Texture: SquadExpansion/MakingHistory/Missions/Sally-Hut 1/Banners/Success/default
[LOG 21:49:54.621] Load Cached PNG Texture: SquadExpansion/MakingHistory/Missions/Sally-Hut 1/Banners/Success/success02
[LOG 21:49:54.625] Load Cached PNG Texture: SquadExpansion/MakingHistory/Missions/To the Mun Via Minmus/Banners/Fail/fail02
[LOG 21:49:54.626] Load PNG texture: SquadExpansion/MakingHistory/Missions/To the Mun Via Minmus/Banners/Menu/MissionBannerKerbin
[WRN 21:49:54.628] Texture isn't eligible for DXT compression, width and height must be multiples of 4
[LOG 21:49:54.632] Load Cached PNG Texture: SquadExpansion/MakingHistory/Missions/To the Mun Via Minmus/Banners/Success/success01
[LOG 21:49:54.638] Load Cached PNG Texture: SquadExpansion/MakingHistory/Missions/Trouble in the Void/Banners/Fail/fail01
[LOG 21:49:54.638] Load PNG texture: SquadExpansion/MakingHistory/Missions/Trouble in the Void/Banners/Menu/default
[WRN 21:49:54.640] Texture isn't eligible for DXT compression, width and height must be multiples of 4
[LOG 21:49:54.646] Load Cached PNG Texture: SquadExpansion/MakingHistory/Missions/Trouble in the Void/Banners/Success/success02
[LOG 21:49:54.651] Load Cached PNG Texture: SquadExpansion/MakingHistory/Missions/Ziggy Kerman and the Spiders from Duna/Banners/Fail/fail02
[LOG 21:49:54.658] Load Cached PNG Texture: SquadExpansion/MakingHistory/Missions/Ziggy Kerman and the Spiders from Duna/Banners/Menu/bannerSatellite
[LOG 21:49:54.664] Load Cached PNG Texture: SquadExpansion/MakingHistory/Missions/Ziggy Kerman and the Spiders from Duna/Banners/Success/success01
[LOG 21:49:54.670] Load Cached PNG Texture: SquadExpansion/MakingHistory/Parts/@thumbs/Decoupler.1p5_icon0
[LOG 21:49:54.679] Load Cached PNG Texture: SquadExpansion/MakingHistory/Parts/@thumbs/Decoupler.1p5_icon1
[LOG 21:49:54.708] Load Cached PNG Texture: SquadExpansion/MakingHistory/Parts/@thumbs/EquiTriangle0_icon0
[LOG 21:49:54.715] Load Cached PNG Texture: SquadExpansion/MakingHistory/Parts/@thumbs/EquiTriangle0_icon1
[LOG 21:49:54.724] Load Cached PNG Texture: SquadExpansion/MakingHistory/Parts/@thumbs/EquiTriangle0_icon2
[LOG 21:49:54.735] Load Cached PNG Texture: SquadExpansion/MakingHistory/Parts/@thumbs/EquiTriangle0_icon3
[LOG 21:49:54.750] Load Cached PNG Texture: SquadExpansion/MakingHistory/Parts/@thumbs/EquiTriangle1p5_icon0
[LOG 21:49:54.757] Load Cached PNG Texture: SquadExpansion/MakingHistory/Parts/@thumbs/EquiTriangle1p5_icon1
[LOG 21:49:54.765] Load Cached PNG Texture: SquadExpansion/MakingHistory/Parts/@thumbs/EquiTriangle1p5_icon2
[LOG 21:49:54.774] Load Cached PNG Texture: SquadExpansion/MakingHistory/Parts/@thumbs/EquiTriangle1p5_icon3
[LOG 21:49:54.782] Load Cached PNG Texture: SquadExpansion/MakingHistory/Parts/@thumbs/EquiTriangle1_icon0
[LOG 21:49:54.791] Load Cached PNG Texture: SquadExpansion/MakingHistory/Parts/@thumbs/EquiTriangle1_icon1
[LOG 21:49:54.801] Load Cached PNG Texture: SquadExpansion/MakingHistory/Parts/@thumbs/EquiTriangle1_icon2
[LOG 21:49:54.820] Load Cached PNG Texture: SquadExpansion/MakingHistory/Parts/@thumbs/EquiTriangle1_icon3
[LOG 21:49:54.827] Load Cached PNG Texture: SquadExpansion/MakingHistory/Parts/@thumbs/EquiTriangle2_icon0
[LOG 21:49:54.838] Load Cached PNG Texture: SquadExpansion/MakingHistory/Parts/@thumbs/EquiTriangle2_icon1
[LOG 21:49:54.846] Load Cached PNG Texture: SquadExpansion/MakingHistory/Parts/@thumbs/EquiTriangle2_icon2
[LOG 21:49:54.854] Load Cached PNG Texture: SquadExpansion/MakingHistory/Parts/@thumbs/EquiTriangle2_icon3
[LOG 21:49:54.861] Load Cached PNG Texture: SquadExpansion/MakingHistory/Parts/@thumbs/HeatShield1p5_icon
[LOG 21:49:54.868] Load Cached PNG Texture: SquadExpansion/MakingHistory/Parts/@thumbs/InflatableAirlock_icon
[LOG 21:49:54.880] Load Cached PNG Texture: SquadExpansion/MakingHistory/Parts/@thumbs/LiquidEngineRV-1_icon
[LOG 21:49:54.885] Load Cached PNG Texture: SquadExpansion/MakingHistory/Parts/@thumbs/monopropMiniSphere_icon
[LOG 21:49:54.892] Load Cached PNG Texture: SquadExpansion/MakingHistory/Parts/@thumbs/Panel0_icon0
[LOG 21:49:54.899] Load Cached PNG Texture: SquadExpansion/MakingHistory/Parts/@thumbs/Panel0_icon1
[LOG 21:49:54.907] Load Cached PNG Texture: SquadExpansion/MakingHistory/Parts/@thumbs/Panel0_icon2
[LOG 21:49:54.913] Load Cached PNG Texture: SquadExpansion/MakingHistory/Parts/@thumbs/Panel0_icon3
[LOG 21:49:54.920] Load Cached PNG Texture: SquadExpansion/MakingHistory/Parts/@thumbs/Panel1p5_icon0
[LOG 21:49:54.933] Load Cached PNG Texture: SquadExpansion/MakingHistory/Parts/@thumbs/Panel1p5_icon1
[LOG 21:49:54.940] Load Cached PNG Texture: SquadExpansion/MakingHistory/Parts/@thumbs/Panel1p5_icon2
[LOG 21:49:54.947] Load Cached PNG Texture: SquadExpansion/MakingHistory/Parts/@thumbs/Panel1p5_icon3
[LOG 21:49:54.955] Load Cached PNG Texture: SquadExpansion/MakingHistory/Parts/@thumbs/Panel1_icon0
[LOG 21:49:54.962] Load Cached PNG Texture: SquadExpansion/MakingHistory/Parts/@thumbs/Panel1_icon1
[LOG 21:49:54.969] Load Cached PNG Texture: SquadExpansion/MakingHistory/Parts/@thumbs/Panel1_icon2
[LOG 21:49:54.976] Load Cached PNG Texture: SquadExpansion/MakingHistory/Parts/@thumbs/Panel1_icon3
[LOG 21:49:54.983] Load Cached PNG Texture: SquadExpansion/MakingHistory/Parts/@thumbs/roverWheelM1-F_icon0
[LOG 21:49:54.990] Load Cached PNG Texture: SquadExpansion/MakingHistory/Parts/@thumbs/roverWheelM1-F_icon1
[LOG 21:49:54.997] Load Cached PNG Texture: SquadExpansion/MakingHistory/Parts/@thumbs/Separator.1p5_icon0
[LOG 21:49:55.007] Load Cached PNG Texture: SquadExpansion/MakingHistory/Parts/@thumbs/Separator.1p5_icon1
[LOG 21:49:55.015] Load Cached PNG Texture: SquadExpansion/MakingHistory/Parts/@thumbs/Size1p5.Strut.Decoupler_icon0
[LOG 21:49:55.021] Load Cached PNG Texture: SquadExpansion/MakingHistory/Parts/@thumbs/Size1p5.Strut.Decoupler_icon1
[LOG 21:49:55.028] Load Cached PNG Texture: SquadExpansion/MakingHistory/Parts/@thumbs/Size1p5.Tank.03_icon0
[LOG 21:49:55.033] Load Cached PNG Texture: SquadExpansion/MakingHistory/Parts/@thumbs/Size1p5.Tank.04_icon0
[LOG 21:49:55.040] Load Cached PNG Texture: SquadExpansion/MakingHistory/Parts/@thumbs/Size1to0ServiceModule_icon
[LOG 21:49:55.048] Load Cached PNG Texture: SquadExpansion/MakingHistory/Parts/@thumbs/Triangle0_icon0
[LOG 21:49:55.056] Load Cached PNG Texture: SquadExpansion/MakingHistory/Parts/@thumbs/Triangle0_icon1
[LOG 21:49:55.063] Load Cached PNG Texture: SquadExpansion/MakingHistory/Parts/@thumbs/Triangle0_icon2
[LOG 21:49:55.072] Load Cached PNG Texture: SquadExpansion/MakingHistory/Parts/@thumbs/Triangle0_icon3
[LOG 21:49:55.083] Load Cached PNG Texture: SquadExpansion/MakingHistory/Parts/@thumbs/Triangle1p5_icon0
[LOG 21:49:55.091] Load Cached PNG Texture: SquadExpansion/MakingHistory/Parts/@thumbs/Triangle1p5_icon1
[LOG 21:49:55.100] Load Cached PNG Texture: SquadExpansion/MakingHistory/Parts/@thumbs/Triangle1p5_icon2
[LOG 21:49:55.107] Load Cached PNG Texture: SquadExpansion/MakingHistory/Parts/@thumbs/Triangle1p5_icon3
[LOG 21:49:55.115] Load Cached PNG Texture: SquadExpansion/MakingHistory/Parts/@thumbs/Triangle1_icon0
[LOG 21:49:55.123] Load Cached PNG Texture: SquadExpansion/MakingHistory/Parts/@thumbs/Triangle1_icon1
[LOG 21:49:55.130] Load Cached PNG Texture: SquadExpansion/MakingHistory/Parts/@thumbs/Triangle1_icon2
[LOG 21:49:55.138] Load Cached PNG Texture: SquadExpansion/MakingHistory/Parts/@thumbs/Triangle1_icon3
[LOG 21:49:55.146] Load Cached PNG Texture: SquadExpansion/MakingHistory/Parts/@thumbs/Triangle2_icon0
[LOG 21:49:55.163] Load Cached PNG Texture: SquadExpansion/MakingHistory/Parts/@thumbs/Triangle2_icon1
[LOG 21:49:55.171] Load Cached PNG Texture: SquadExpansion/MakingHistory/Parts/@thumbs/Triangle2_icon2
[LOG 21:49:55.178] Load Cached PNG Texture: SquadExpansion/MakingHistory/Parts/@thumbs/Triangle2_icon3
[LOG 21:49:55.187] Load Cached PNG Texture: SquadExpansion/MakingHistory/Parts/@thumbs/Tube1_icon0
[LOG 21:49:55.194] Load Cached PNG Texture: SquadExpansion/MakingHistory/Parts/@thumbs/Tube1_icon1
[LOG 21:49:55.206] Load Cached PNG Texture: SquadExpansion/MakingHistory/Parts/@thumbs/Tube1_icon2
[LOG 21:49:55.213] Load Cached PNG Texture: SquadExpansion/MakingHistory/Parts/@thumbs/Tube1_icon3
[LOG 21:49:55.220] Load Cached PNG Texture: SquadExpansion/MakingHistory/Parts/@thumbs/Tube1_icon4
[LOG 21:49:55.230] Load Cached PNG Texture: SquadExpansion/MakingHistory/Parts/Aero/protectiveRocketNoseMk5A/s1p5_cone
[LOG 21:49:55.237] Load Cached PNG Texture: SquadExpansion/MakingHistory/Parts/Aero/protectiveRocketNoseMk5A/s1p5_cone_Orange
[LOG 21:49:55.244] Load DDS texture: SquadExpansion/MakingHistory/Parts/Coupling/Assets/airlock
[LOG 21:49:55.251] Load DDS texture: SquadExpansion/MakingHistory/Parts/Coupling/Assets/airlock_N
[LOG 21:49:55.256] Load DDS texture: SquadExpansion/MakingHistory/Parts/Coupling/Assets/EnginePlate
[LOG 21:49:55.263] Load DDS texture: SquadExpansion/MakingHistory/Parts/Coupling/Assets/Size1_5_Decoupler_grey
[LOG 21:49:55.269] Load DDS texture: SquadExpansion/MakingHistory/Parts/Coupling/Assets/Size1_5_Decoupler_orange
[LOG 21:49:55.275] Load DDS texture: SquadExpansion/MakingHistory/Parts/Engine/Assets/KE-1
[LOG 21:49:55.282] Load DDS texture: SquadExpansion/MakingHistory/Parts/Engine/Assets/KE-1_BASE
[LOG 21:49:55.289] Load DDS texture: SquadExpansion/MakingHistory/Parts/Engine/Assets/LV-T87
[LOG 21:49:55.297] Load DDS texture: SquadExpansion/MakingHistory/Parts/Engine/Assets/LV-T91
[LOG 21:49:55.303] Load DDS texture: SquadExpansion/MakingHistory/Parts/Engine/Assets/RE-I2
[LOG 21:49:55.310] Load DDS texture: SquadExpansion/MakingHistory/Parts/Engine/Assets/RE-J10
[LOG 21:49:55.318] Load DDS texture: SquadExpansion/MakingHistory/Parts/Engine/Assets/RE-J10_N
[LOG 21:49:55.326] Load DDS texture: SquadExpansion/MakingHistory/Parts/Engine/Assets/RK-7
[LOG 21:49:55.331] Load DDS texture: SquadExpansion/MakingHistory/Parts/Engine/Assets/RK-7_N
[LOG 21:49:55.342] Load DDS texture: SquadExpansion/MakingHistory/Parts/Engine/solidBoosterTHK/SolidBoosterS2-17_emissive
[LOG 21:49:55.350] Load DDS texture: SquadExpansion/MakingHistory/Parts/Engine/solidBoosterTHK/solidBoosterTHK_diffuse
[LOG 21:49:55.358] Load DDS texture: SquadExpansion/MakingHistory/Parts/FuelTank/Assets/Size1p5_02
[LOG 21:49:55.365] Load DDS texture: SquadExpansion/MakingHistory/Parts/FuelTank/Assets/Size1p5_02_ALT01
[LOG 21:49:55.371] Load DDS texture: SquadExpansion/MakingHistory/Parts/FuelTank/Assets/Size1p5_02_ALT02
[LOG 21:49:55.378] Load DDS texture: SquadExpansion/MakingHistory/Parts/FuelTank/Assets/Size1p5_02_ALT02_normal
[LOG 21:49:55.385] Load DDS texture: SquadExpansion/MakingHistory/Parts/FuelTank/Assets/Size1p5_mono
[LOG 21:49:55.391] Load DDS texture: SquadExpansion/MakingHistory/Parts/FuelTank/Assets/Size1p5_mono_2
[LOG 21:49:55.399] Load DDS texture: SquadExpansion/MakingHistory/Parts/FuelTank/Assets/Size1p5_mono_N
[LOG 21:49:55.406] Load DDS texture: SquadExpansion/MakingHistory/Parts/FuelTank/Assets/Size1_5_TankAdapters
[LOG 21:49:55.413] Load DDS texture: SquadExpansion/MakingHistory/Parts/FuelTank/Assets/Size1_5_TankAdapters_ALT01
[LOG 21:49:55.420] Load DDS texture: SquadExpansion/MakingHistory/Parts/FuelTank/Assets/Size1_5_TankAdapters_ALT02
[LOG 21:49:55.426] Load DDS texture: SquadExpansion/MakingHistory/Parts/FuelTank/Assets/Size1_5_TankAdapters_ALT02nm
[LOG 21:49:55.434] Load DDS texture: SquadExpansion/MakingHistory/Parts/FuelTank/Assets/Size1_5_TankAdapters_N
[LOG 21:49:55.440] Load DDS texture: SquadExpansion/MakingHistory/Parts/FuelTank/Assets/Size1_5_Tanks
[LOG 21:49:55.447] Load DDS texture: SquadExpansion/MakingHistory/Parts/FuelTank/Assets/Size1_5_Tanks_ALT02
[LOG 21:49:55.453] Load DDS texture: SquadExpansion/MakingHistory/Parts/FuelTank/Assets/Size1_5_Tanks_ALT02_nm
[LOG 21:49:55.460] Load DDS texture: SquadExpansion/MakingHistory/Parts/FuelTank/Assets/Size1_5_Tanks_grey
[LOG 21:49:55.469] Load DDS texture: SquadExpansion/MakingHistory/Parts/FuelTank/Assets/Size4_Tanks
[LOG 21:49:55.478] Load DDS texture: SquadExpansion/MakingHistory/Parts/FuelTank/Assets/Size4_Tanks_N
[LOG 21:49:55.485] Load DDS texture: SquadExpansion/MakingHistory/Parts/Ground/Assets/RoverWheel
[LOG 21:49:55.492] Load DDS texture: SquadExpansion/MakingHistory/Parts/Ground/Assets/RoverWheelG
[LOG 21:49:55.498] Load DDS texture: SquadExpansion/MakingHistory/Parts/Payload/Assets/Size1to0ServiceBay
[LOG 21:49:55.506] Load DDS texture: SquadExpansion/MakingHistory/Parts/Payload/Assets/Size1to0ServiceBay_n
[LOG 21:49:55.514] Load DDS texture: SquadExpansion/MakingHistory/Parts/Payload/Assets/SM18_diffuse
[LOG 21:49:55.524] Load Cached PNG Texture: SquadExpansion/MakingHistory/Parts/Payload/Assets/SM18_NRM
[LOG 21:49:55.533] Load DDS texture: SquadExpansion/MakingHistory/Parts/Payload/Assets/SM18_specular
[LOG 21:49:55.541] Load DDS texture: SquadExpansion/MakingHistory/Parts/Payload/Assets/SM25_diffuse
[LOG 21:49:55.548] Load DDS texture: SquadExpansion/MakingHistory/Parts/Payload/Assets/SM25_normals
[LOG 21:49:55.556] Load DDS texture: SquadExpansion/MakingHistory/Parts/Pods/Assets/KV1
[LOG 21:49:55.562] Load DDS texture: SquadExpansion/MakingHistory/Parts/Pods/Assets/KV1_GLOW
[LOG 21:49:55.568] Load DDS texture: SquadExpansion/MakingHistory/Parts/Pods/Assets/KV2
[LOG 21:49:55.575] Load DDS texture: SquadExpansion/MakingHistory/Parts/Pods/Assets/KV3
[LOG 21:49:55.583] Load DDS texture: SquadExpansion/MakingHistory/Parts/Pods/Assets/Mk2Pod
[LOG 21:49:55.590] Load DDS texture: SquadExpansion/MakingHistory/Parts/Pods/Assets/Mk2Pod_GLOW
[LOG 21:49:55.598] Load DDS texture: SquadExpansion/MakingHistory/Parts/Pods/Assets/Mk2Pod_n
[LOG 21:49:55.605] Load DDS texture: SquadExpansion/MakingHistory/Parts/Pods/Assets/Size1_5_Lander
[LOG 21:49:55.614] Load DDS texture: SquadExpansion/MakingHistory/Parts/Pods/Assets/Size1_5_Lander_GLOW
[LOG 21:49:55.621] Load DDS texture: SquadExpansion/MakingHistory/Parts/SharedAssets/Shrouds
[LOG 21:49:55.627] Load DDS texture: SquadExpansion/MakingHistory/Parts/SharedAssets/Shrouds_N
[LOG 21:49:55.635] Load DDS texture: SquadExpansion/MakingHistory/Parts/Structural/Assets/NormalMap
[LOG 21:49:55.641] Load DDS texture: SquadExpansion/MakingHistory/Parts/Structural/Assets/Panels
[LOG 21:49:55.649] Load DDS texture: SquadExpansion/MakingHistory/Parts/Structural/Assets/Panels_Dark_D
[LOG 21:49:55.658] Load DDS texture: SquadExpansion/MakingHistory/Parts/Structural/Assets/Panels_Gold_D
[LOG 21:49:55.665] Load Cached PNG Texture: SquadExpansion/MakingHistory/Parts/Structural/Assets/Panels_Gold_NRM
[LOG 21:49:55.673] Load DDS texture: SquadExpansion/MakingHistory/Parts/Structural/Assets/Panels_Gold_S
[LOG 21:49:55.681] Load DDS texture: SquadExpansion/MakingHistory/Parts/Structural/Assets/Panels_Silver_D
[LOG 21:49:55.688] Load DDS texture: SquadExpansion/MakingHistory/Parts/Structural/Assets/Panels_Silver_S
[LOG 21:49:55.696] Load Cached PNG Texture: SquadExpansion/MakingHistory/Ships/@thumbs/VAB/Acapello
[LOG 21:49:55.701] Load Cached PNG Texture: SquadExpansion/MakingHistory/Ships/@thumbs/VAB/Beta Centaurus
[LOG 21:49:55.706] Load Cached PNG Texture: SquadExpansion/MakingHistory/Ships/@thumbs/VAB/Goliath II HLV
[LOG 21:49:55.712] Load Cached PNG Texture: SquadExpansion/MakingHistory/Ships/@thumbs/VAB/Muna 1
[LOG 21:49:55.720] Load Cached PNG Texture: SquadExpansion/MakingHistory/Ships/@thumbs/VAB/Sally-Hut 1
[LOG 21:49:55.727] Load Cached PNG Texture: SquadExpansion/MakingHistory/Ships/@thumbs/VAB/SWM-94 Communications Satellite
[LOG 21:49:55.733] Load Cached PNG Texture: SquadExpansion/MakingHistory/Ships/@thumbs/VAB/Valshkod 2
[LOG 21:49:55.739] Load DDS texture: SquadExpansion/MakingHistory/Spaces/KVPods/airlock
[LOG 21:49:55.745] Load DDS texture: SquadExpansion/MakingHistory/Spaces/KVPods/airlock_N
[LOG 21:49:55.754] Load DDS texture: SquadExpansion/MakingHistory/Spaces/KVPods/KV1_Props_Diffuse
[LOG 21:49:55.762] Load DDS texture: SquadExpansion/MakingHistory/Spaces/KVPods/KV1_Props_Normal
[LOG 21:49:55.772] Load DDS texture: SquadExpansion/MakingHistory/Spaces/KVPods/KV1_Shell_Diffuse
[LOG 21:49:55.780] Load DDS texture: SquadExpansion/MakingHistory/Spaces/KVPods/KV1_Shell_Emissive
[LOG 21:49:55.788] Load DDS texture: SquadExpansion/MakingHistory/Spaces/KVPods/KV1_Shell_Normal
[LOG 21:49:55.796] Load DDS texture: SquadExpansion/MakingHistory/Spaces/KVPods/KV1_Vzor_Diffuse
[LOG 21:49:55.804] Load DDS texture: SquadExpansion/MakingHistory/Spaces/KVPods/KV2_Props_Diffuse
[LOG 21:49:55.813] Load DDS texture: SquadExpansion/MakingHistory/Spaces/KVPods/KV2_Props_Emissive
[LOG 21:49:55.822] Load DDS texture: SquadExpansion/MakingHistory/Spaces/KVPods/KV2_Props_Normal
[LOG 21:49:55.831] Load DDS texture: SquadExpansion/MakingHistory/Spaces/KVPods/KV2_Shell_Diffuse
[LOG 21:49:55.839] Load DDS texture: SquadExpansion/MakingHistory/Spaces/KVPods/KV2_Shell_Normal
[LOG 21:49:55.849] Load DDS texture: SquadExpansion/MakingHistory/Spaces/KVPods/KV3_Props_Diffuse
[LOG 21:49:55.858] Load DDS texture: SquadExpansion/MakingHistory/Spaces/KVPods/KV3_Props_Normal
[LOG 21:49:55.866] Load DDS texture: SquadExpansion/MakingHistory/Spaces/KVPods/KV3_Shell_Diffuse
[LOG 21:49:55.875] Load DDS texture: SquadExpansion/MakingHistory/Spaces/KVPods/KV3_Shell_Normal
[LOG 21:49:55.899] Load DDS texture: SquadExpansion/MakingHistory/Spaces/KVPods/motor
[LOG 21:49:55.905] Load DDS texture: SquadExpansion/MakingHistory/Spaces/KVPods/pilot Seat
[LOG 21:49:55.913] Load DDS texture: SquadExpansion/MakingHistory/Spaces/MEM/PANELS_AO
[LOG 21:49:55.921] Load DDS texture: SquadExpansion/MakingHistory/Spaces/MEM/PANELS_EMISSIVE
[LOG 21:49:55.931] Load DDS texture: SquadExpansion/MakingHistory/Spaces/MEM/PANELS_NORMAL
[LOG 21:49:55.937] Load DDS texture: SquadExpansion/MakingHistory/Spaces/MEM/pilot Seat
[LOG 21:49:55.944] Load DDS texture: SquadExpansion/MakingHistory/Spaces/MEM/propsGeneric
[LOG 21:49:55.951] Load DDS texture: SquadExpansion/MakingHistory/Spaces/MEM/PROPS_AO
[LOG 21:49:55.960] Load DDS texture: SquadExpansion/MakingHistory/Spaces/MEM/PROPS_EMISSIVE
[LOG 21:49:55.966] Load DDS texture: SquadExpansion/MakingHistory/Spaces/MEM/PROPS_NORMAL
[LOG 21:49:55.975] Load DDS texture: SquadExpansion/MakingHistory/Spaces/Mk2Pod/DIfuse_controlboard
[LOG 21:49:55.985] Load DDS texture: SquadExpansion/MakingHistory/Spaces/Mk2Pod/Normal_controlbard
[LOG 21:49:55.994] Load DDS texture: SquadExpansion/MakingHistory/Spaces/Mk2Pod/Outershell_Base_Color
[LOG 21:49:56.003] Load DDS texture: SquadExpansion/MakingHistory/Spaces/Mk2Pod/Outershell_Normal
[LOG 21:49:56.012] Load DDS texture: SquadExpansion/MakingHistory/Spaces/Mk2Pod/pilot Seat
[LOG 21:49:56.019] Load Cached PNG Texture: SquadExpansion/Serenity/Parts/@thumbs/controller1000_icon
[LOG 21:49:56.025] Load Cached PNG Texture: SquadExpansion/Serenity/Parts/@thumbs/DeployedCentralStation_icon
[LOG 21:49:56.034] Load Cached PNG Texture: SquadExpansion/Serenity/Parts/@thumbs/DeployedGoExOb_icon
[LOG 21:49:56.043] Load Cached PNG Texture: SquadExpansion/Serenity/Parts/@thumbs/DeployedIONExp_icon
[LOG 21:49:56.064] Load Cached PNG Texture: SquadExpansion/Serenity/Parts/@thumbs/DeployedRTG_icon
[LOG 21:49:56.071] Load Cached PNG Texture: SquadExpansion/Serenity/Parts/@thumbs/DeployedSatDish_icon
[LOG 21:49:56.078] Load Cached PNG Texture: SquadExpansion/Serenity/Parts/@thumbs/DeployedSeismicSensor_icon
[LOG 21:49:56.097] Load Cached PNG Texture: SquadExpansion/Serenity/Parts/@thumbs/DeployedSolarPanel_icon
[LOG 21:49:56.107] Load Cached PNG Texture: SquadExpansion/Serenity/Parts/@thumbs/DeployedWeatherStn_icon
[LOG 21:49:56.114] Load Cached PNG Texture: SquadExpansion/Serenity/Parts/@thumbs/FanShroud.01_icon0
[LOG 21:49:56.121] Load Cached PNG Texture: SquadExpansion/Serenity/Parts/@thumbs/FanShroud.01_icon1
[LOG 21:49:56.127] Load Cached PNG Texture: SquadExpansion/Serenity/Parts/@thumbs/FanShroud.02_icon0
[LOG 21:49:56.135] Load Cached PNG Texture: SquadExpansion/Serenity/Parts/@thumbs/FanShroud.02_icon1
[LOG 21:49:56.141] Load Cached PNG Texture: SquadExpansion/Serenity/Parts/@thumbs/hinge.01.s_icon0
[LOG 21:49:56.148] Load Cached PNG Texture: SquadExpansion/Serenity/Parts/@thumbs/hinge.01.s_icon1
[LOG 21:49:56.156] Load Cached PNG Texture: SquadExpansion/Serenity/Parts/@thumbs/hinge.01_icon0
[LOG 21:49:56.161] Load Cached PNG Texture: SquadExpansion/Serenity/Parts/@thumbs/hinge.01_icon1
[LOG 21:49:56.169] Load Cached PNG Texture: SquadExpansion/Serenity/Parts/@thumbs/hinge.03.s_icon0
[LOG 21:49:56.175] Load Cached PNG Texture: SquadExpansion/Serenity/Parts/@thumbs/hinge.03.s_icon1
[LOG 21:49:56.181] Load Cached PNG Texture: SquadExpansion/Serenity/Parts/@thumbs/hinge.03_icon0
[LOG 21:49:56.188] Load Cached PNG Texture: SquadExpansion/Serenity/Parts/@thumbs/hinge.03_icon1
[LOG 21:49:56.195] Load Cached PNG Texture: SquadExpansion/Serenity/Parts/@thumbs/largeFanBlade_icon0
[LOG 21:49:56.201] Load Cached PNG Texture: SquadExpansion/Serenity/Parts/@thumbs/largeFanBlade_icon1
[LOG 21:49:56.208] Load Cached PNG Texture: SquadExpansion/Serenity/Parts/@thumbs/largePropeller_icon0
[LOG 21:49:56.226] Load Cached PNG Texture: SquadExpansion/Serenity/Parts/@thumbs/largePropeller_icon1
[LOG 21:49:56.232] Load Cached PNG Texture: SquadExpansion/Serenity/Parts/@thumbs/lGripPad_icon0
[LOG 21:49:56.239] Load Cached PNG Texture: SquadExpansion/Serenity/Parts/@thumbs/lGripPad_icon1
[LOG 21:49:56.246] Load Cached PNG Texture: SquadExpansion/Serenity/Parts/@thumbs/lGripStrip_icon
[LOG 21:49:56.253] Load Cached PNG Texture: SquadExpansion/Serenity/Parts/@thumbs/mediumFanBlade_icon0
[LOG 21:49:56.261] Load Cached PNG Texture: SquadExpansion/Serenity/Parts/@thumbs/mediumFanBlade_icon1
[LOG 21:49:56.269] Load Cached PNG Texture: SquadExpansion/Serenity/Parts/@thumbs/mediumPropeller_icon0
[LOG 21:49:56.279] Load Cached PNG Texture: SquadExpansion/Serenity/Parts/@thumbs/mediumPropeller_icon1
[LOG 21:49:56.286] Load Cached PNG Texture: SquadExpansion/Serenity/Parts/@thumbs/mGripPad_icon0
[LOG 21:49:56.294] Load Cached PNG Texture: SquadExpansion/Serenity/Parts/@thumbs/mGripPad_icon1
[LOG 21:49:56.301] Load Cached PNG Texture: SquadExpansion/Serenity/Parts/@thumbs/noseconeTiny_icon
[LOG 21:49:56.307] Load Cached PNG Texture: SquadExpansion/Serenity/Parts/@thumbs/noseconeVS_icon
[LOG 21:49:56.314] Load Cached PNG Texture: SquadExpansion/Serenity/Parts/@thumbs/piston.01_icon0
[LOG 21:49:56.320] Load Cached PNG Texture: SquadExpansion/Serenity/Parts/@thumbs/piston.01_icon1
[LOG 21:49:56.328] Load Cached PNG Texture: SquadExpansion/Serenity/Parts/@thumbs/piston.02_icon0
[LOG 21:49:56.334] Load Cached PNG Texture: SquadExpansion/Serenity/Parts/@thumbs/piston.02_icon1
[LOG 21:49:56.340] Load Cached PNG Texture: SquadExpansion/Serenity/Parts/@thumbs/piston.03_icon0
[LOG 21:49:56.347] Load Cached PNG Texture: SquadExpansion/Serenity/Parts/@thumbs/piston.03_icon1
[LOG 21:49:56.352] Load Cached PNG Texture: SquadExpansion/Serenity/Parts/@thumbs/piston.04_icon0
[LOG 21:49:56.358] Load Cached PNG Texture: SquadExpansion/Serenity/Parts/@thumbs/piston.04_icon1
[LOG 21:49:56.366] Load Cached PNG Texture: SquadExpansion/Serenity/Parts/@thumbs/RobotArmScanner.S1_icon
[LOG 21:49:56.380] Load Cached PNG Texture: SquadExpansion/Serenity/Parts/@thumbs/RobotArmScanner.S2_icon
[LOG 21:49:56.390] Load Cached PNG Texture: SquadExpansion/Serenity/Parts/@thumbs/RobotArmScanner.S3_icon
[LOG 21:49:56.399] Load Cached PNG Texture: SquadExpansion/Serenity/Parts/@thumbs/rotor.01s_icon0
[LOG 21:49:56.409] Load Cached PNG Texture: SquadExpansion/Serenity/Parts/@thumbs/rotor.01s_icon1
[LOG 21:49:56.439] Load Cached PNG Texture: SquadExpansion/Serenity/Parts/@thumbs/rotor.01_icon0
[LOG 21:49:56.471] Load Cached PNG Texture: SquadExpansion/Serenity/Parts/@thumbs/rotor.01_icon1
[LOG 21:49:56.492] Load Cached PNG Texture: SquadExpansion/Serenity/Parts/@thumbs/rotor.02s_icon0
[LOG 21:49:56.514] Load Cached PNG Texture: SquadExpansion/Serenity/Parts/@thumbs/rotor.02s_icon1
[LOG 21:49:56.535] Load Cached PNG Texture: SquadExpansion/Serenity/Parts/@thumbs/rotor.02_icon0
[LOG 21:49:56.556] Load Cached PNG Texture: SquadExpansion/Serenity/Parts/@thumbs/rotor.02_icon1
[LOG 21:49:56.565] Load Cached PNG Texture: SquadExpansion/Serenity/Parts/@thumbs/RotorEngine.02_icon
[LOG 21:49:56.571] Load Cached PNG Texture: SquadExpansion/Serenity/Parts/@thumbs/rotoServo.00_icon0
[LOG 21:49:56.581] Load Cached PNG Texture: SquadExpansion/Serenity/Parts/@thumbs/rotoServo.00_icon1
[LOG 21:49:56.587] Load Cached PNG Texture: SquadExpansion/Serenity/Parts/@thumbs/rotoServo.02_icon0
[LOG 21:49:56.594] Load Cached PNG Texture: SquadExpansion/Serenity/Parts/@thumbs/rotoServo.02_icon1
[LOG 21:49:56.601] Load Cached PNG Texture: SquadExpansion/Serenity/Parts/@thumbs/rotoServo.03_icon0
[LOG 21:49:56.608] Load Cached PNG Texture: SquadExpansion/Serenity/Parts/@thumbs/rotoServo.03_icon1
[LOG 21:49:56.615] Load Cached PNG Texture: SquadExpansion/Serenity/Parts/@thumbs/sGripPad_icon0
[LOG 21:49:56.624] Load Cached PNG Texture: SquadExpansion/Serenity/Parts/@thumbs/sGripPad_icon1
[LOG 21:49:56.631] Load Cached PNG Texture: SquadExpansion/Serenity/Parts/@thumbs/sGripStrip_icon
[LOG 21:49:56.639] Load Cached PNG Texture: SquadExpansion/Serenity/Parts/@thumbs/smallFanBlade_icon0
[LOG 21:49:56.645] Load Cached PNG Texture: SquadExpansion/Serenity/Parts/@thumbs/smallFanBlade_icon1
[LOG 21:49:56.654] Load Cached PNG Texture: SquadExpansion/Serenity/Parts/@thumbs/smallHeliBlade_icon0
[LOG 21:49:56.668] Load Cached PNG Texture: SquadExpansion/Serenity/Parts/@thumbs/smallHeliBlade_icon1
[LOG 21:49:56.676] Load Cached PNG Texture: SquadExpansion/Serenity/Parts/@thumbs/smallPropeller_icon0
[LOG 21:49:56.682] Load Cached PNG Texture: SquadExpansion/Serenity/Parts/@thumbs/smallPropeller_icon1
[LOG 21:49:56.689] Load DDS texture: SquadExpansion/Serenity/Parts/Aero/Assets/copterBlades_diffuse
[LOG 21:49:56.695] Load DDS texture: SquadExpansion/Serenity/Parts/Aero/Assets/shroudsDiffuse_color
[LOG 21:49:56.701] Load DDS texture: SquadExpansion/Serenity/Parts/Aero/Assets/shroudsDiffuse_plain
[LOG 21:49:56.706] Load Cached PNG Texture: SquadExpansion/Serenity/Parts/DeployedScience/MockupTexture
[LOG 21:49:56.712] Load DDS texture: SquadExpansion/Serenity/Parts/DeployedScience/Assets/centralStation_diffuse
[LOG 21:49:56.738] Load DDS texture: SquadExpansion/Serenity/Parts/DeployedScience/Assets/centralStation_emissive
[LOG 21:49:56.751] Load DDS texture: SquadExpansion/Serenity/Parts/DeployedScience/Assets/GenericParts_diffuse
[LOG 21:49:56.754] Load DDS texture: SquadExpansion/Serenity/Parts/DeployedScience/Assets/GenericParts_emissive
[LOG 21:49:56.763] Load DDS texture: SquadExpansion/Serenity/Parts/DeployedScience/Assets/GenericParts_normal
[LOG 21:49:56.770] Load DDS texture: SquadExpansion/Serenity/Parts/DeployedScience/Assets/goex_diffuse
[LOG 21:49:56.778] Load DDS texture: SquadExpansion/Serenity/Parts/DeployedScience/Assets/goex_specMapped
[LOG 21:49:56.784] Load DDS texture: SquadExpansion/Serenity/Parts/DeployedScience/Assets/Grid
[LOG 21:49:56.791] Load DDS texture: SquadExpansion/Serenity/Parts/DeployedScience/Assets/IonExperiment_diffuse
[LOG 21:49:56.799] Load DDS texture: SquadExpansion/Serenity/Parts/DeployedScience/Assets/RTGCask_diffuse
[LOG 21:49:56.805] Load DDS texture: SquadExpansion/Serenity/Parts/DeployedScience/Assets/satDish_diffuse
[LOG 21:49:56.814] Load Cached PNG Texture: SquadExpansion/Serenity/Parts/DeployedScience/Assets/Scratch
[LOG 21:49:56.821] Load DDS texture: SquadExpansion/Serenity/Parts/DeployedScience/Assets/Screen2
[LOG 21:49:56.828] Load DDS texture: SquadExpansion/Serenity/Parts/DeployedScience/Assets/Screen3
[LOG 21:49:56.835] Load DDS texture: SquadExpansion/Serenity/Parts/DeployedScience/Assets/ScreenReadout
[LOG 21:49:56.841] Load DDS texture: SquadExpansion/Serenity/Parts/DeployedScience/Assets/seismicSensor_diffuse
[LOG 21:49:56.848] Load DDS texture: SquadExpansion/Serenity/Parts/DeployedScience/Assets/seismicSensor_nrm
[LOG 21:49:56.855] Load DDS texture: SquadExpansion/Serenity/Parts/DeployedScience/Assets/seismicSensor_specularMapped
[LOG 21:49:56.862] Load DDS texture: SquadExpansion/Serenity/Parts/DeployedScience/Assets/SolarGraph
[LOG 21:49:56.868] Load DDS texture: SquadExpansion/Serenity/Parts/DeployedScience/Assets/solarPanel_diffuse
[LOG 21:49:56.875] Load DDS texture: SquadExpansion/Serenity/Parts/DeployedScience/Assets/Waveleght3
[LOG 21:49:56.881] Load DDS texture: SquadExpansion/Serenity/Parts/DeployedScience/Assets/Wavelenght
[LOG 21:49:56.888] Load DDS texture: SquadExpansion/Serenity/Parts/DeployedScience/Assets/Wavelenght2
[LOG 21:49:56.893] Load DDS texture: SquadExpansion/Serenity/Parts/DeployedScience/Assets/wavelenght4
[LOG 21:49:56.900] Load DDS texture: SquadExpansion/Serenity/Parts/DeployedScience/Assets/wavelenght5
[LOG 21:49:56.925] Load DDS texture: SquadExpansion/Serenity/Parts/DeployedScience/Assets/WeatherStation [Normal]
[LOG 21:49:56.939] Load DDS texture: SquadExpansion/Serenity/Parts/DeployedScience/Assets/Weather_Station_diffuse
[LOG 21:49:56.947] Load DDS texture: SquadExpansion/Serenity/Parts/DeployedScience/Assets/Weather_Station_normal
[LOG 21:49:56.955] Load DDS texture: SquadExpansion/Serenity/Parts/Propellers/Assets/blade_diffuse
[LOG 21:49:56.961] Load DDS texture: SquadExpansion/Serenity/Parts/Propellers/Assets/copterBlades_diffuse
[LOG 21:49:56.976] Load DDS texture: SquadExpansion/Serenity/Parts/Propellers/Assets/fan_diffuse
[LOG 21:49:56.983] Load DDS texture: SquadExpansion/Serenity/Parts/Robotics/Assets/hinges-03-s_diffuse_Color
[LOG 21:49:56.989] Load DDS texture: SquadExpansion/Serenity/Parts/Robotics/Assets/hinges-03_diffuse_color
[LOG 21:49:56.996] Load DDS texture: SquadExpansion/Serenity/Parts/Robotics/Assets/hinges-03_diffuse_plain
[LOG 21:49:57.003] Load DDS texture: SquadExpansion/Serenity/Parts/Robotics/Assets/hinges_diffuse
[LOG 21:49:57.009] Load DDS texture: SquadExpansion/Serenity/Parts/Robotics/Assets/Hinge_diffuse_G-00_Color
[LOG 21:49:57.015] Load DDS texture: SquadExpansion/Serenity/Parts/Robotics/Assets/Hinge_diffuse_G-11_Color
[LOG 21:49:57.022] Load DDS texture: SquadExpansion/Serenity/Parts/Robotics/Assets/Hinge_diffuse_G-11_plain
[LOG 21:49:57.028] Load DDS texture: SquadExpansion/Serenity/Parts/Robotics/Assets/Hinge_normal
[LOG 21:49:57.137] Load DDS texture: SquadExpansion/Serenity/Parts/Robotics/Assets/RotorEngine_02_diffuse
[LOG 21:49:57.151] Load DDS texture: SquadExpansion/Serenity/Parts/Robotics/Assets/RotorEngine_03_diffuse
[LOG 21:49:57.159] Load DDS texture: SquadExpansion/Serenity/Parts/Robotics/Assets/RotorEngine_03_normal
[LOG 21:49:57.166] Load DDS texture: SquadExpansion/Serenity/Parts/Robotics/Assets/Rotor_01_diffuse_color
[LOG 21:49:57.171] Load DDS texture: SquadExpansion/Serenity/Parts/Robotics/Assets/Rotor_01_diffuse_plain
[LOG 21:49:57.179] Load DDS texture: SquadExpansion/Serenity/Parts/Robotics/Assets/Rotor_01_normal
[LOG 21:49:57.185] Load DDS texture: SquadExpansion/Serenity/Parts/Robotics/Assets/Rotor_01_specular_D
[LOG 21:49:57.191] Load DDS texture: SquadExpansion/Serenity/Parts/Robotics/Assets/Rotor_02_diffuse_color
[LOG 21:49:57.198] Load DDS texture: SquadExpansion/Serenity/Parts/Robotics/Assets/Rotor_03_diffuse_color
[LOG 21:49:57.205] Load DDS texture: SquadExpansion/Serenity/Parts/Robotics/Assets/Rotor_03_diffuse_plain
[LOG 21:49:57.212] Load DDS texture: SquadExpansion/Serenity/Parts/Robotics/Assets/Rotor_03_normal
[LOG 21:49:57.218] Load DDS texture: SquadExpansion/Serenity/Parts/Robotics/Assets/rotoServos_diffuse_color
[LOG 21:49:57.225] Load DDS texture: SquadExpansion/Serenity/Parts/Robotics/Assets/rotoServos_diffuse_plain
[LOG 21:49:57.232] Load DDS texture: SquadExpansion/Serenity/Parts/Robotics/Assets/rotoServos_nrm
[LOG 21:49:57.238] Load DDS texture: SquadExpansion/Serenity/Parts/Robotics/Controllers/roboController_diffuse
[LOG 21:49:57.244] Load DDS texture: SquadExpansion/Serenity/Parts/Robotics/Controllers/roboController_emissive
[LOG 21:49:57.250] Load Cached PNG Texture: SquadExpansion/Serenity/Parts/Science/RobotArmScanner/Assets/DrillBits
[LOG 21:49:57.256] Load DDS texture: SquadExpansion/Serenity/Parts/Science/RobotArmScanner/Assets/DustParticle
[WRN 21:49:57.256] Duplicate PNG texture 'SquadExpansion/Serenity/Parts/Science/RobotArmScanner/Assets/DustParticle' with extension 'png' won't be loaded
[LOG 21:49:57.264] Load DDS texture: SquadExpansion/Serenity/Parts/Science/RobotArmScanner/Assets/GenericParts_diffuse
[LOG 21:49:57.273] Load DDS texture: SquadExpansion/Serenity/Parts/Science/RobotArmScanner/Assets/GenericParts_normal
[LOG 21:49:57.282] Load DDS texture: SquadExpansion/Serenity/Parts/Science/RobotArmScanner/Assets/ROCArm3_diffuse
[LOG 21:49:57.294] Load DDS texture: SquadExpansion/Serenity/Parts/Science/RobotArmScanner/Assets/ROCArm3_normal
[LOG 21:49:57.301] Load DDS texture: SquadExpansion/Serenity/Parts/Science/RobotArmScanner/Assets/ROCArm_2_diffuse
[LOG 21:49:57.309] Load DDS texture: SquadExpansion/Serenity/Parts/Science/RobotArmScanner/Assets/ROCArm_2_normal
[LOG 21:49:57.317] Load Cached PNG Texture: SquadExpansion/Serenity/Parts/Science/RobotArmScanner/Assets/Scratch
[LOG 21:49:57.323] Load DDS texture: SquadExpansion/Serenity/Parts/Science/RobotArmScanner/Assets/SmallArm_diffuse
[LOG 21:49:57.331] Load DDS texture: SquadExpansion/Serenity/Parts/Science/RobotArmScanner/Assets/SmallArm_normal
[LOG 21:49:57.339] Load DDS texture: SquadExpansion/Serenity/Parts/Structural/gripPads/Assets/gripPads_diffuse
[LOG 21:49:57.346] Load DDS texture: SquadExpansion/Serenity/Parts/Structural/gripPads/Assets/gripPads_nrm
[LOG 21:49:57.353] Load Cached PNG Texture: SquadExpansion/Serenity/Ships/@thumbs/SPH/Arrow-E
[LOG 21:49:57.360] Load Cached PNG Texture: SquadExpansion/Serenity/Ships/@thumbs/SPH/Butterfly Rover
[LOG 21:49:57.366] Load Cached PNG Texture: SquadExpansion/Serenity/Ships/@thumbs/SPH/Jeb_s Quadtaxi
[LOG 21:49:57.374] Load Cached PNG Texture: SquadExpansion/Serenity/Ships/@thumbs/SPH/Kerbodyne Rotodyne
[LOG 21:49:57.380] Load Cached PNG Texture: SquadExpansion/Serenity/Ships/@thumbs/SPH/Seahawk
[LOG 21:49:57.390] Load Cached PNG Texture: SquadExpansion/Serenity/Ships/@thumbs/SPH/Val-Thopter
[LOG 21:49:57.400] Load MU model: KerbalKonstructs/Assets/Smoke/KKPadSmoke1/cloudfast
[LOG 21:49:57.409] Load MU model: KerbalKonstructs/Assets/Smoke/KKPadSmoke1/cloudslow
[LOG 21:49:57.410] Load MU model: KerbalKonstructs/Assets/Smoke/KKPadSmoke1/embers
[LOG 21:49:57.416] Load MU model: KerbalKonstructs/Assets/Smoke/KKPadSmoke1/furnace
[LOG 21:49:57.421] Load MU model: KerbalKonstructs/FreeStatics/KKflagDemo/KKflagDemo
[LOG 21:49:57.442] Load MU model: KerbalKonstructs/FreeStatics/RunwayMarkings/aimpoint
[LOG 21:49:57.442] Load MU model: KerbalKonstructs/FreeStatics/RunwayMarkings/displacement
[LOG 21:49:57.442] Load MU model: KerbalKonstructs/FreeStatics/RunwayMarkings/fixed1500
[LOG 21:49:57.444] Load MU model: KerbalKonstructs/FreeStatics/RunwayMarkings/fixed500
[LOG 21:49:57.449] Load MU model: KerbalKonstructs/FreeStatics/RunwayMarkings/kourseXX
[LOG 21:49:57.456] Load MU model: KerbalKonstructs/FreeStatics/RunwayMarkings/threshold6
[LOG 21:49:57.461] Load MU model: KerbalKonstructs/FreeStatics/RunwayMarkings/threshold8
[LOG 21:49:57.466] Load MU model: KerbalKonstructs/FreeStatics/SoundCube/SoundCube
[LOG 21:49:57.472] Load MU model: KerbalKonstructs/FreeStatics/UniversalSpawnPoint/UniversalSpawnPoint
[LOG 21:49:57.488] Load MU model: KerbalKonstructs/FreeStatics/WaterSurfaces/WaterSurfaceRound
[LOG 21:49:57.489] Load MU model: KerbalKonstructs/FreeStatics/WaterSurfaces/WaterSurfaceSquare
[LOG 21:49:57.491] Load MU model: Squad/FX/afterburner_flame
[LOG 21:49:57.497] Load MU model: Squad/FX/afterburner_shock
[LOG 21:49:57.503] Load MU model: Squad/FX/diamondBlue
[LOG 21:49:57.508] Load MU model: Squad/FX/exhaustFlames_blue
[LOG 21:49:57.567] Load MU model: Squad/FX/hydroLOXFlame
[LOG 21:49:57.567] Load MU model: Squad/FX/IonPlume
[LOG 21:49:57.568] Load MU model: Squad/FX/ks1_Exhaust
[LOG 21:49:57.568] Load MU model: Squad/FX/ks25_Exhaust
[LOG 21:49:57.568] Load MU model: Squad/FX/ksX_Exhaust
[LOG 21:49:57.568] Load MU model: Squad/FX/LES_Thruster
[LOG 21:49:57.568] Load MU model: Squad/FX/Monoprop_big
[LOG 21:49:57.569] Load MU model: Squad/FX/Monoprop_medium
[LOG 21:49:57.569] Load MU model: Squad/FX/Monoprop_small
[LOG 21:49:57.569] Load MU model: Squad/FX/shockExhaust_blue
[LOG 21:49:57.569] Load MU model: Squad/FX/shockExhaust_blue_small
[LOG 21:49:57.571] Load MU model: Squad/FX/shockExhaust_red_small
[LOG 21:49:57.577] Load MU model: Squad/FX/SRB_Large
[LOG 21:49:57.582] Load MU model: Squad/FX/SRB_LargeSparks
[LOG 21:49:57.590] Load MU model: Squad/Parts/Aero/aerodynamicNoseCone/aerodynamicNoseCone
[LOG 21:49:57.596] Load MU model: Squad/Parts/Aero/airbrake/Airbrake
[LOG 21:49:57.602] Load MU model: Squad/Parts/Aero/airIntakeRadialXM-G50/RadialIntake
[LOG 21:49:57.608] Load MU model: Squad/Parts/Aero/airlinerWings/ControlSurface
[LOG 21:49:57.614] Load MU model: Squad/Parts/Aero/airlinerWings/MainWing
[LOG 21:49:57.620] Load MU model: Squad/Parts/Aero/airlinerWings/TailFin
[LOG 21:49:57.625] Load MU model: Squad/Parts/Aero/airplaneFins/AdvCanard
[LOG 21:49:57.631] Load MU model: Squad/Parts/Aero/airplaneFins/Canard
[LOG 21:49:57.637] Load MU model: Squad/Parts/Aero/airplaneFins/Swept
[LOG 21:49:57.644] Load MU model: Squad/Parts/Aero/airplaneFins/TailFin
[LOG 21:49:57.649] Load MU model: Squad/Parts/Aero/basicFin/basicFin
[LOG 21:49:57.654] Load MU model: Squad/Parts/Aero/circularIntake/CircularIntake
[LOG 21:49:57.660] Load MU model: Squad/Parts/Aero/circularIntake/ConeIntake
[LOG 21:49:57.665] Load MU model: Squad/Parts/Aero/cones/Assets/AvioCone
[LOG 21:49:57.671] Load MU model: Squad/Parts/Aero/cones/Assets/ConeA
[LOG 21:49:57.677] Load MU model: Squad/Parts/Aero/cones/Assets/ConeB
[LOG 21:49:57.683] Load MU model: Squad/Parts/Aero/cones/Assets/NCS
[LOG 21:49:57.689] Load MU model: Squad/Parts/Aero/cones/Assets/orangeNoseCone
[LOG 21:49:57.694] Load MU model: Squad/Parts/Aero/cones/Assets/rocketNoseCone
[LOG 21:49:57.700] Load MU model: Squad/Parts/Aero/cones/Assets/rocketNoseCone_v2
[LOG 21:49:57.706] Load MU model: Squad/Parts/Aero/cones/Assets/rocketNoseCone_v3
[LOG 21:49:57.712] Load MU model: Squad/Parts/Aero/cones/Assets/TailA
[LOG 21:49:57.719] Load MU model: Squad/Parts/Aero/cones/Assets/TailB
[LOG 21:49:57.724] Load MU model: Squad/Parts/Aero/cones/Assets/TinyCone
[LOG 21:49:57.729] Load MU model: Squad/Parts/Aero/fairings/AutoTruss
[LOG 21:49:57.735] Load MU model: Squad/Parts/Aero/fairings/fairingSize1
[LOG 21:49:57.740] Load MU model: Squad/Parts/Aero/fairings/fairingSize2
[LOG 21:49:57.747] Load MU model: Squad/Parts/Aero/fairings/fairingSize3
[LOG 21:49:57.752] Load MU model: Squad/Parts/Aero/HeatShield/HeatShield0
[LOG 21:49:57.757] Load MU model: Squad/Parts/Aero/HeatShield/HeatShield1
[LOG 21:49:57.763] Load MU model: Squad/Parts/Aero/HeatShield/HeatShield2
[LOG 21:49:57.769] Load MU model: Squad/Parts/Aero/HeatShield/HeatShield3
[LOG 21:49:57.774] Load MU model: Squad/Parts/Aero/InflatableHeatShield/HeatShield
[LOG 21:49:57.781] Load MU model: Squad/Parts/Aero/intakeRadialLong/IntakeRadial
[LOG 21:49:57.788] Load MU model: Squad/Parts/Aero/miniIntake/SmallIntake
[LOG 21:49:57.793] Load MU model: Squad/Parts/Aero/ramAirIntake/RampIntake
[LOG 21:49:57.799] Load MU model: Squad/Parts/Aero/shuttleWings/ShuttleDeltaWing
[LOG 21:49:57.805] Load MU model: Squad/Parts/Aero/shuttleWings/ShuttleElevonA
[LOG 21:49:57.810] Load MU model: Squad/Parts/Aero/shuttleWings/ShuttleElevonB
[LOG 21:49:57.816] Load MU model: Squad/Parts/Aero/shuttleWings/ShuttleRudder
[LOG 21:49:57.821] Load MU model: Squad/Parts/Aero/shuttleWings/ShuttleStrake
[LOG 21:49:57.827] Load MU model: Squad/Parts/Aero/wingletAV-R8/model
[LOG 21:49:57.833] Load MU model: Squad/Parts/Aero/wingletAV-T1/model
[LOG 21:49:57.839] Load MU model: Squad/Parts/Aero/wingletDeltaDeluxe/model
[LOG 21:49:57.844] Load MU model: Squad/Parts/Aero/wings/connector1
[LOG 21:49:57.850] Load MU model: Squad/Parts/Aero/wings/connector2
[LOG 21:49:57.856] Load MU model: Squad/Parts/Aero/wings/connector3
[LOG 21:49:57.861] Load MU model: Squad/Parts/Aero/wings/connector4
[LOG 21:49:57.866] Load MU model: Squad/Parts/Aero/wings/connector5
[LOG 21:49:57.871] Load MU model: Squad/Parts/Aero/wings/delta
[LOG 21:49:57.877] Load MU model: Squad/Parts/Aero/wings/delta_small
[LOG 21:49:57.882] Load MU model: Squad/Parts/Aero/wings/elevon1
[LOG 21:49:57.888] Load MU model: Squad/Parts/Aero/wings/elevon2
[LOG 21:49:57.893] Load MU model: Squad/Parts/Aero/wings/elevon3
[LOG 21:49:57.898] Load MU model: Squad/Parts/Aero/wings/elevon4
[LOG 21:49:57.904] Load MU model: Squad/Parts/Aero/wings/elevon5
[LOG 21:49:57.909] Load MU model: Squad/Parts/Aero/wings/strake
[LOG 21:49:57.914] Load MU model: Squad/Parts/Aero/wings/structural1
[LOG 21:49:57.919] Load MU model: Squad/Parts/Aero/wings/structural2
[LOG 21:49:57.925] Load MU model: Squad/Parts/Aero/wings/structural3
[LOG 21:49:57.930] Load MU model: Squad/Parts/Aero/wings/structural4
[LOG 21:49:57.937] Load MU model: Squad/Parts/Aero/wings/swept1
[LOG 21:49:57.942] Load MU model: Squad/Parts/Aero/wings/swept2
[LOG 21:49:57.947] Load MU model: Squad/Parts/Cargo/CargoContainers/cargoContainer
[LOG 21:49:57.954] Load MU model: Squad/Parts/Cargo/CargoContainers/smallCargoContainer
[LOG 21:49:57.960] Load MU model: Squad/Parts/Cargo/Cylinder/EVAcylinder
[LOG 21:49:57.965] Load MU model: Squad/Parts/Cargo/GroundAnchor/groundAnchor
[LOG 21:49:57.979] Load MU model: Squad/Parts/Cargo/Jetpack/Jetpack
[LOG 21:49:57.987] Load MU model: Squad/Parts/Cargo/Parachute/Parachute
[LOG 21:49:57.992] Load MU model: Squad/Parts/Cargo/RepairKit/RepairKit
[LOG 21:49:58.008] Load MU model: Squad/Parts/Cargo/ScienceKit/ExperimentKit
[LOG 21:49:58.009] Load MU model: Squad/Parts/Cargo/StorageUnits/Assets/CargoStorageUnit
[LOG 21:49:58.011] Load MU model: Squad/Parts/Cargo/StorageUnits/Assets/ConformalStorageUnit
[LOG 21:49:58.017] Load MU model: Squad/Parts/Command/advancedSasModuleLarge/model
[LOG 21:49:58.022] Load MU model: Squad/Parts/Command/cupola/model
[LOG 21:49:58.028] Load MU model: Squad/Parts/Command/externalCommandSeat/model
[LOG 21:49:58.034] Load MU model: Squad/Parts/Command/hitchhikerStorageContainer/model
[LOG 21:49:58.039] Load MU model: Squad/Parts/Command/inlineAdvancedStabilizer/model
[LOG 21:49:58.044] Load MU model: Squad/Parts/Command/inlineReactionWheel/model
[LOG 21:49:58.051] Load MU model: Squad/Parts/Command/Mk1-3Pod/Mk1-3
[LOG 21:49:58.057] Load MU model: Squad/Parts/Command/mk1Cockpits/Cabin
[LOG 21:49:58.062] Load MU model: Squad/Parts/Command/mk1Cockpits/CockpitInline
[LOG 21:49:58.069] Load MU model: Squad/Parts/Command/mk1Cockpits/CockpitStandard
[LOG 21:49:58.082] Load MU model: Squad/Parts/Command/mk1LanderCan/model
[LOG 21:49:58.083] Load MU model: Squad/Parts/Command/mk1pod_v2/Mk1Pod_v2
[LOG 21:49:58.086] Load MU model: Squad/Parts/Command/mk2CockpitInline/model
[LOG 21:49:58.094] Load MU model: Squad/Parts/Command/mk2CockpitStandard/model
[LOG 21:49:58.100] Load MU model: Squad/Parts/Command/mk2DroneCore/model
[LOG 21:49:58.105] Load MU model: Squad/Parts/Command/mk2LanderCan/model
[LOG 21:49:58.111] Load MU model: Squad/Parts/Command/mk2LanderCan_v2/mk2LanderCan
[LOG 21:49:58.117] Load MU model: Squad/Parts/Command/mk3CockpitShuttle/model
[LOG 21:49:58.123] Load MU model: Squad/Parts/Command/MpoProbe/MpoProbe
[LOG 21:49:58.128] Load MU model: Squad/Parts/Command/MtmStage/MTM_Stage
[LOG 21:49:58.135] Load MU model: Squad/Parts/Command/probeCoreCube/probeCoreCube
[LOG 21:49:58.140] Load MU model: Squad/Parts/Command/probeCoreHex/model
[LOG 21:49:58.145] Load MU model: Squad/Parts/Command/probeCoreHex_v2/model
[LOG 21:49:58.151] Load MU model: Squad/Parts/Command/probeCoreOcto2_v2/probeCoreOcto2_v2
[LOG 21:49:58.157] Load MU model: Squad/Parts/Command/probeCoreOcto_v2/probeCoreOcto_v2
[LOG 21:49:58.163] Load MU model: Squad/Parts/Command/probeRoverBody/model
[LOG 21:49:58.169] Load MU model: Squad/Parts/Command/probeRoverBody_v2/probeRoverBody_v2
[LOG 21:49:58.175] Load MU model: Squad/Parts/Command/probeStackLarge/model
[LOG 21:49:58.182] Load MU model: Squad/Parts/Command/probeStackSmall/model
[LOG 21:49:58.188] Load MU model: Squad/Parts/Command/probeStackSphere_v2/probeStackSphere_v2
[LOG 21:49:58.193] Load MU model: Squad/Parts/CompoundParts/FuelLine/model
[LOG 21:49:58.200] Load MU model: Squad/Parts/CompoundParts/strutConnector/model
[LOG 21:49:58.206] Load MU model: Squad/Parts/Coupling/Assets/Decoupler_0
[LOG 21:49:58.211] Load MU model: Squad/Parts/Coupling/Assets/Decoupler_1
[LOG 21:49:58.216] Load MU model: Squad/Parts/Coupling/Assets/Decoupler_1p5
[LOG 21:49:58.221] Load MU model: Squad/Parts/Coupling/Assets/Decoupler_2
[LOG 21:49:58.228] Load MU model: Squad/Parts/Coupling/Assets/Decoupler_3
[LOG 21:49:58.233] Load MU model: Squad/Parts/Coupling/Assets/Decoupler_4
[LOG 21:49:58.239] Load MU model: Squad/Parts/Coupling/Assets/Separator_0
[LOG 21:49:58.245] Load MU model: Squad/Parts/Coupling/Assets/Separator_1
[LOG 21:49:58.250] Load MU model: Squad/Parts/Coupling/Assets/Separator_1p5
[LOG 21:49:58.254] Load MU model: Squad/Parts/Coupling/Assets/Separator_2
[LOG 21:49:58.260] Load MU model: Squad/Parts/Coupling/Assets/Separator_3
[LOG 21:49:58.268] Load MU model: Squad/Parts/Coupling/Assets/Separator_4
[LOG 21:49:58.273] Load MU model: Squad/Parts/Electrical/10CSolarPanels/assets/OX-10C
[LOG 21:49:58.279] Load MU model: Squad/Parts/Electrical/10CSolarPanels/assets/SP-10C
[LOG 21:49:58.285] Load MU model: Squad/Parts/Electrical/10LSolarPanels/assets/OX-10L
[LOG 21:49:58.291] Load MU model: Squad/Parts/Electrical/10LSolarPanels/assets/SP-10L
[LOG 21:49:58.296] Load MU model: Squad/Parts/Electrical/1x6ShroudSolarPanels/model
[LOG 21:49:58.304] Load MU model: Squad/Parts/Electrical/1x6SolarPanels/model
[LOG 21:49:58.310] Load MU model: Squad/Parts/Electrical/3x2ShroudSolarPanels/model
[LOG 21:49:58.316] Load MU model: Squad/Parts/Electrical/3x2SolarPanels/model
[LOG 21:49:58.322] Load MU model: Squad/Parts/Electrical/gigantorXlSolarArray/model
[LOG 21:49:58.329] Load MU model: Squad/Parts/Electrical/radialFlatSolarPanel/model
[LOG 21:49:58.334] Load MU model: Squad/Parts/Electrical/RTG/model
[LOG 21:49:58.340] Load MU model: Squad/Parts/Electrical/z-100Battery/model
[LOG 21:49:58.346] Load MU model: Squad/Parts/Electrical/z-1kBattery/model
[LOG 21:49:58.352] Load MU model: Squad/Parts/Electrical/z-200Battery/model
[LOG 21:49:58.357] Load MU model: Squad/Parts/Electrical/z-400Battery/model
[LOG 21:49:58.364] Load MU model: Squad/Parts/Electrical/z-4kBattery/model
[LOG 21:49:58.371] Load MU model: Squad/Parts/Engine/ionEngine/model
[LOG 21:49:58.378] Load MU model: Squad/Parts/Engine/jetEngines/turbineInside
[LOG 21:49:58.384] Load MU model: Squad/Parts/Engine/jetEngines/turboFanSize1
[LOG 21:49:58.391] Load MU model: Squad/Parts/Engine/jetEngines/turboFanSize2
[LOG 21:49:58.396] Load MU model: Squad/Parts/Engine/jetEngines/turboJet
[LOG 21:49:58.401] Load MU model: Squad/Parts/Engine/jetEngines/turboRamJet
[LOG 21:49:58.407] Load MU model: Squad/Parts/Engine/liquidEngine24-77/model
[LOG 21:49:58.416] Load MU model: Squad/Parts/Engine/liquidEngine24-77_v2/Twitch_v2
[LOG 21:49:58.421] Load MU model: Squad/Parts/Engine/liquidEngine48-7S_v2/SparkV2
[LOG 21:49:58.427] Load MU model: Squad/Parts/Engine/liquidEngineAerospike/AeroSpike
[LOG 21:49:58.433] Load MU model: Squad/Parts/Engine/liquidEngineLV-1_v2/Assets/Ant
[LOG 21:49:58.440] Load MU model: Squad/Parts/Engine/liquidEngineLV-1_v2/Assets/Spider
[LOG 21:49:58.539] Load MU model: Squad/Parts/Engine/liquidEngineLV-909_v2/TerrierV2
[LOG 21:49:58.553] Load MU model: Squad/Parts/Engine/liquidEngineLV-N/model
[LOG 21:49:58.559] Load MU model: Squad/Parts/Engine/liquidEngineLV-T30/model
[LOG 21:49:58.565] Load MU model: Squad/Parts/Engine/liquidEngineLV-T30_v2/Reliant_v2
[LOG 21:49:58.571] Load MU model: Squad/Parts/Engine/liquidEngineLV-T45/model
[LOG 21:49:58.577] Load MU model: Squad/Parts/Engine/liquidEngineLV-T45_v2/Swivel_v2
[LOG 21:49:58.584] Load MU model: Squad/Parts/Engine/liquidEngineMainsail_v2/liquidEngineMainsail_v2
[LOG 21:49:58.589] Load MU model: Squad/Parts/Engine/liquidEngineMk55/Thud
[LOG 21:49:58.596] Load MU model: Squad/Parts/Engine/liquidEnginePoodle_v2/LqdEnginePoodle_v2
[LOG 21:49:58.602] Load MU model: Squad/Parts/Engine/liquidEngineSkipper_v2/skipper_v2
[LOG 21:49:58.608] Load MU model: Squad/Parts/Engine/liquidEngineSSME/SSME
[LOG 21:49:58.613] Load MU model: Squad/Parts/Engine/MassiveSRB/MassiveSRB
[LOG 21:49:58.619] Load MU model: Squad/Parts/Engine/miniJet/SmallJet
[LOG 21:49:58.625] Load MU model: Squad/Parts/Engine/OMSEngine/Puff_v2
[LOG 21:49:58.631] Load MU model: Squad/Parts/Engine/rapierEngine/rapier
[LOG 21:49:58.636] Load MU model: Squad/Parts/Engine/Size1_SRBs/SRB10
[LOG 21:49:58.643] Load MU model: Squad/Parts/Engine/Size1_SRBs/SRB5
[LOG 21:49:58.650] Load MU model: Squad/Parts/Engine/Size2LFB/Size2LFB
[LOG 21:49:58.656] Load MU model: Squad/Parts/Engine/Size2LFB_v2/Size2LFB_v2
[LOG 21:49:58.662] Load MU model: Squad/Parts/Engine/Size3AdvancedEngine/Size3AdvancedEngine
[LOG 21:49:58.668] Load MU model: Squad/Parts/Engine/Size3EngineCluster/Size3EngineCluster
[LOG 21:49:58.675] Load MU model: Squad/Parts/Engine/solidBoosterBACC/model
[LOG 21:49:58.680] Load MU model: Squad/Parts/Engine/solidBoosterS2-17/solidBoosterS2-17
[LOG 21:49:58.686] Load MU model: Squad/Parts/Engine/solidBoosterS2-33/solidBoosterS2-33
[LOG 21:49:58.695] Load MU model: Squad/Parts/Engine/solidBoosterSep/model
[LOG 21:49:58.700] Load MU model: Squad/Parts/Engine/SolidBoostersF/Assets/SolidBoosterF3S0
[LOG 21:49:58.705] Load MU model: Squad/Parts/Engine/SolidBoostersF/Assets/SolidBoosterFM1
[LOG 21:49:58.711] Load MU model: Squad/Parts/FuelTank/adapterTanks/Mk3-Mk2
[LOG 21:49:58.717] Load MU model: Squad/Parts/FuelTank/adapterTanks/Mk3-Size2
[LOG 21:49:58.723] Load MU model: Squad/Parts/FuelTank/adapterTanks/Mk3-Size2Slant
[LOG 21:49:58.729] Load MU model: Squad/Parts/FuelTank/adapterTanks/ShuttleAdapter
[LOG 21:49:58.735] Load MU model: Squad/Parts/FuelTank/adapterTanks/Size2-Mk2
[LOG 21:49:58.740] Load MU model: Squad/Parts/FuelTank/adapterTanks/Size2-Size1
[LOG 21:49:58.746] Load MU model: Squad/Parts/FuelTank/adapterTanks/Size2-Size1Slant
[LOG 21:49:58.751] Load MU model: Squad/Parts/FuelTank/adapterTanks/Size3-Mk3
[LOG 21:49:58.756] Load MU model: Squad/Parts/FuelTank/drainTankFTE-1/fuelValve
[LOG 21:49:58.763] Load MU model: Squad/Parts/FuelTank/FoilTanks/RadialTank_Capsule
[LOG 21:49:58.769] Load MU model: Squad/Parts/FuelTank/FoilTanks/RadialTank_Round
[LOG 21:49:58.775] Load MU model: Squad/Parts/FuelTank/FoilTanks/ToroidTank
[LOG 21:49:58.781] Load MU model: Squad/Parts/FuelTank/fuelTankOscarB/model
[LOG 21:49:58.787] Load MU model: Squad/Parts/FuelTank/miniFuselage/Fuselage
[LOG 21:49:58.793] Load MU model: Squad/Parts/FuelTank/mk2Adapters/bicoupler
[LOG 21:49:58.799] Load MU model: Squad/Parts/FuelTank/mk2Adapters/long
[LOG 21:49:58.805] Load MU model: Squad/Parts/FuelTank/mk2Adapters/standard
[LOG 21:49:58.810] Load MU model: Squad/Parts/FuelTank/mk2FuselageLong/FuselageLongLFO
[LOG 21:49:58.817] Load MU model: Squad/Parts/FuelTank/mk2FuselageLong/FuselageLongLiquid
[LOG 21:49:58.822] Load MU model: Squad/Parts/FuelTank/mk2FuselageShort/FuselageShortLFO
[LOG 21:49:58.827] Load MU model: Squad/Parts/FuelTank/mk2FuselageShort/FuselageShortLiquid
[LOG 21:49:58.834] Load MU model: Squad/Parts/FuelTank/mk2FuselageShort/FuselageShortMono
[LOG 21:49:58.840] Load MU model: Squad/Parts/FuelTank/mk3Fuselage/CREW
[LOG 21:49:58.846] Load MU model: Squad/Parts/FuelTank/mk3Fuselage/LFO_100
[LOG 21:49:58.851] Load MU model: Squad/Parts/FuelTank/mk3Fuselage/LFO_25
[LOG 21:49:58.856] Load MU model: Squad/Parts/FuelTank/mk3Fuselage/LFO_50
[LOG 21:49:58.863] Load MU model: Squad/Parts/FuelTank/mk3Fuselage/LF_100
[LOG 21:49:58.868] Load MU model: Squad/Parts/FuelTank/mk3Fuselage/LF_25
[LOG 21:49:58.874] Load MU model: Squad/Parts/FuelTank/mk3Fuselage/LF_50
[LOG 21:49:58.880] Load MU model: Squad/Parts/FuelTank/mk3Fuselage/MONO
[LOG 21:49:58.887] Load MU model: Squad/Parts/FuelTank/RCSFuelTankR1/RCSFuelTankR1_01
[LOG 21:49:58.892] Load MU model: Squad/Parts/FuelTank/RCSFuelTankR10/model
[LOG 21:49:58.897] Load MU model: Squad/Parts/FuelTank/RCSFuelTankR25/RCSFuelTankR25
[LOG 21:49:58.904] Load MU model: Squad/Parts/FuelTank/RCSTankRadial/model
[LOG 21:49:58.910] Load MU model: Squad/Parts/FuelTank/RCStankRadialLong/model
[LOG 21:49:58.915] Load MU model: Squad/Parts/FuelTank/RockomaxTanks/Assets/Rockomax16
[LOG 21:49:58.921] Load MU model: Squad/Parts/FuelTank/RockomaxTanks/Assets/Rockomax32
[LOG 21:49:58.927] Load MU model: Squad/Parts/FuelTank/RockomaxTanks/Assets/Rockomax64
[LOG 21:49:58.933] Load MU model: Squad/Parts/FuelTank/RockomaxTanks/Assets/Rockomax8
[LOG 21:49:58.940] Load MU model: Squad/Parts/FuelTank/Size1_Tanks/Size1Tank_01
[LOG 21:49:58.944] Load MU model: Squad/Parts/FuelTank/Size1_Tanks/Size1Tank_02
[LOG 21:49:58.950] Load MU model: Squad/Parts/FuelTank/Size1_Tanks/Size1Tank_03
[LOG 21:49:58.956] Load MU model: Squad/Parts/FuelTank/Size1_Tanks/Size1Tank_04
[LOG 21:49:58.962] Load MU model: Squad/Parts/FuelTank/Size3Tanks/Size3LargeTank
[LOG 21:49:58.967] Load MU model: Squad/Parts/FuelTank/Size3Tanks/Size3MediumTank
[LOG 21:49:58.974] Load MU model: Squad/Parts/FuelTank/Size3Tanks/Size3SmallTank
[LOG 21:49:58.980] Load MU model: Squad/Parts/FuelTank/xenonTank/model
[LOG 21:49:58.986] Load MU model: Squad/Parts/FuelTank/xenonTankLarge/model
[LOG 21:49:58.991] Load MU model: Squad/Parts/FuelTank/xenonTankRadial/model
[LOG 21:49:58.997] Load MU model: Squad/Parts/Misc/AsteroidDay/CamSat
[LOG 21:49:59.004] Load MU model: Squad/Parts/Misc/AsteroidDay/HECS2
[LOG 21:49:59.010] Load MU model: Squad/Parts/Misc/AsteroidDay/HighGainAntenna
[LOG 21:49:59.015] Load MU model: Squad/Parts/Misc/AsteroidDay/LgRadialSolar
[LOG 21:49:59.021] Load MU model: Squad/Parts/Misc/PotatoComet/Cube
[LOG 21:49:59.022] Load MU model: Squad/Parts/Misc/PotatoRoid/Cube
[LOG 21:49:59.027] Load MU model: Squad/Parts/Resources/FuelCell/FuelCell
[LOG 21:49:59.033] Load MU model: Squad/Parts/Resources/FuelCell/FuelCellArray
[LOG 21:49:59.039] Load MU model: Squad/Parts/Resources/ISRU/ISRU
[LOG 21:49:59.045] Load MU model: Squad/Parts/Resources/LargeTank/LargeTank
[LOG 21:49:59.051] Load MU model: Squad/Parts/Resources/MiniDrill/MiniDrill
[LOG 21:49:59.057] Load MU model: Squad/Parts/Resources/MiniISRU/MiniISRU
[LOG 21:49:59.062] Load MU model: Squad/Parts/Resources/OrbitalScanner/OrbitalScanner
[LOG 21:49:59.068] Load MU model: Squad/Parts/Resources/RadialDrill/TriBitDrill
[LOG 21:49:59.073] Load MU model: Squad/Parts/Resources/RadialTank/RadialOreTank
[LOG 21:49:59.081] Load MU model: Squad/Parts/Resources/SmallTank/SmallTank
[LOG 21:49:59.087] Load MU model: Squad/Parts/Resources/SurfaceScanner/SurfaceScanner
[LOG 21:49:59.092] Load MU model: Squad/Parts/Resources/SurveyScanner/SurveyScanner
[LOG 21:49:59.098] Load MU model: Squad/Parts/Science/AtmosphereSensor/model
[LOG 21:49:59.104] Load MU model: Squad/Parts/Science/GooExperiment/GooExperiment
[LOG 21:49:59.110] Load MU model: Squad/Parts/Science/LargeCrewedLab/large_crewed_lab
[LOG 21:49:59.115] Load MU model: Squad/Parts/Science/Magnetometer/Magnetometer
[LOG 21:49:59.122] Load MU model: Squad/Parts/Science/MaterialBay/science_module_small
[LOG 21:49:59.128] Load MU model: Squad/Parts/Science/ScienceBox/ScienceBox
[LOG 21:49:59.134] Load MU model: Squad/Parts/Science/sensorAccelerometer/model
[LOG 21:49:59.139] Load MU model: Squad/Parts/Science/sensorBarometer/model
[LOG 21:49:59.144] Load MU model: Squad/Parts/Science/sensorGravimeter/model
[LOG 21:49:59.151] Load MU model: Squad/Parts/Science/sensorThermometer/model
[LOG 21:49:59.156] Load MU model: Squad/Parts/Structural/FLAdapters/Assets/adapterSmallMiniShort_v2
[LOG 21:49:59.162] Load MU model: Squad/Parts/Structural/FLAdapters/Assets/adapterSmallMiniTall_v2
[LOG 21:49:59.167] Load MU model: Squad/Parts/Structural/mk1Parts/Fuselage
[LOG 21:49:59.173] Load MU model: Squad/Parts/Structural/mk1Parts/IntakeFuselage
[LOG 21:49:59.179] Load MU model: Squad/Parts/Structural/mk1Parts/Nacelle1
[LOG 21:49:59.186] Load MU model: Squad/Parts/Structural/mk1Parts/Nacelle2
[LOG 21:49:59.192] Load MU model: Squad/Parts/Structural/mk1Parts/Structural
[LOG 21:49:59.197] Load MU model: Squad/Parts/Structural/mk1Parts/StructuralHollow
[LOG 21:49:59.203] Load MU model: Squad/Parts/Structural/Size3To2Adapter_v2/Size2to3_v2
[LOG 21:49:59.209] Load MU model: Squad/Parts/Structural/stackAdapters/Assets/adapterLargeSmallBi
[LOG 21:49:59.214] Load MU model: Squad/Parts/Structural/stackAdapters/Assets/adapterLargeSmallQuad
[LOG 21:49:59.220] Load MU model: Squad/Parts/Structural/stackAdapters/Assets/adapterLargeSmallTri
[LOG 21:49:59.226] Load MU model: Squad/Parts/Structural/stationHub/model
[LOG 21:49:59.231] Load MU model: Squad/Parts/Structural/structuralIBeam200/model
[LOG 21:49:59.237] Load MU model: Squad/Parts/Structural/structuralIBeam200Pocket/model
[LOG 21:49:59.242] Load MU model: Squad/Parts/Structural/structuralIBeam650/model
[LOG 21:49:59.247] Load MU model: Squad/Parts/Structural/structuralMicronode/model
[LOG 21:49:59.253] Load MU model: Squad/Parts/Structural/structuralPanel1x1/model
[LOG 21:49:59.259] Load MU model: Squad/Parts/Structural/structuralPanel2x2/model
[LOG 21:49:59.265] Load MU model: Squad/Parts/Structural/structuralPylons/PylonBig
[LOG 21:49:59.271] Load MU model: Squad/Parts/Structural/structuralPylons/PylonSmall
[LOG 21:49:59.277] Load MU model: Squad/Parts/Structural/strutCubicOcto/model
[LOG 21:49:59.282] Load MU model: Squad/Parts/Structural/strutOcto/model
[LOG 21:49:59.288] Load MU model: Squad/Parts/Structural/trussGirderAdapter/model
[LOG 21:49:59.294] Load MU model: Squad/Parts/Structural/trussGirderL/model
[LOG 21:49:59.301] Load MU model: Squad/Parts/Structural/trussGirderXL/model
[LOG 21:49:59.309] Load MU model: Squad/Parts/Thermal/FoldingRadiators/foldingRadLarge
[LOG 21:49:59.315] Load MU model: Squad/Parts/Thermal/FoldingRadiators/foldingRadMed
[LOG 21:49:59.321] Load MU model: Squad/Parts/Thermal/FoldingRadiators/foldingRadSmall
[LOG 21:49:59.327] Load MU model: Squad/Parts/Thermal/RadiatorPanels/radPanelEdge
[LOG 21:49:59.334] Load MU model: Squad/Parts/Thermal/RadiatorPanels/radPanelLg
[LOG 21:49:59.340] Load MU model: Squad/Parts/Thermal/RadiatorPanels/radPanelSm
[LOG 21:49:59.346] Load MU model: Squad/Parts/Utility/commDish88-88/model
[LOG 21:49:59.352] Load MU model: Squad/Parts/Utility/commsAntennaDTS-M1/mediumDishAntenna
[LOG 21:49:59.358] Load MU model: Squad/Parts/Utility/commsDish16/model
[LOG 21:49:59.364] Load MU model: Squad/Parts/Utility/decouplerRadialHDM/model
[LOG 21:49:59.370] Load MU model: Squad/Parts/Utility/decouplerRadialTT-38K/model
[LOG 21:49:59.376] Load MU model: Squad/Parts/Utility/decouplerRadialTT-70/model
[LOG 21:49:59.382] Load MU model: Squad/Parts/Utility/DirectAntennas/HGAntenna
[LOG 21:49:59.388] Load MU model: Squad/Parts/Utility/DirectAntennas/HGAntenna_v2
[LOG 21:49:59.393] Load MU model: Squad/Parts/Utility/DirectAntennas/SurfAntenna
[LOG 21:49:59.399] Load MU model: Squad/Parts/Utility/dockingPort/dockingPort
[LOG 21:49:59.406] Load MU model: Squad/Parts/Utility/dockingPortInline/dockingPortInline
[LOG 21:49:59.411] Load MU model: Squad/Parts/Utility/dockingPortJr/dockingPortJr
[LOG 21:49:59.418] Load MU model: Squad/Parts/Utility/dockingPortShielded/dockingPortShielded
[LOG 21:49:59.424] Load MU model: Squad/Parts/Utility/dockingPortSr/dockingPortSr
[LOG 21:49:59.430] Load MU model: Squad/Parts/Utility/Fireworks/Assets/fireworksLauncherBig
[LOG 21:49:59.436] Load MU model: Squad/Parts/Utility/Fireworks/Assets/fireworksLauncherSmall
[LOG 21:49:59.441] Load MU model: Squad/Parts/Utility/flags/flagFlat/flagFlatMeshes
[LOG 21:49:59.448] Load MU model: Squad/Parts/Utility/flags/flagSize0/flagSize0Meshes
[LOG 21:49:59.453] Load MU model: Squad/Parts/Utility/flags/flagSize1/flagSize1Meshes
[LOG 21:49:59.460] Load MU model: Squad/Parts/Utility/flags/flagSize2/flagSize2Meshes
[LOG 21:49:59.465] Load MU model: Squad/Parts/Utility/flags/flagSize3/flagSize3Meshes
[LOG 21:49:59.471] Load MU model: Squad/Parts/Utility/GrapplingDevice/GrapplingArm
[LOG 21:49:59.478] Load MU model: Squad/Parts/Utility/ladderRadial/model
[LOG 21:49:59.483] Load MU model: Squad/Parts/Utility/ladderTelescopic/model
[LOG 21:49:59.489] Load MU model: Squad/Parts/Utility/ladderTelescopicBay/model
[LOG 21:49:59.495] Load MU model: Squad/Parts/Utility/landingLegLT-1/model
[LOG 21:49:59.500] Load MU model: Squad/Parts/Utility/landingLegLT-2/model
[LOG 21:49:59.506] Load MU model: Squad/Parts/Utility/landingLegLT-5/model
[WRN 21:49:59.508] WheelCollider requires an attached Rigidbody to function.
[WRN 21:49:59.508] WheelCollider requires an attached Rigidbody to function.
[LOG 21:49:59.512] Load MU model: Squad/Parts/Utility/launchClamp1/model
[LOG 21:49:59.518] Load MU model: Squad/Parts/Utility/launchEscapeSystem/LaunchEscapeSystem
[LOG 21:49:59.524] Load MU model: Squad/Parts/Utility/Lights/Assets/light_02
[LOG 21:49:59.530] Load MU model: Squad/Parts/Utility/Lights/Assets/light_03
[LOG 21:49:59.535] Load MU model: Squad/Parts/Utility/Lights/Assets/light_04
[LOG 21:49:59.542] Load MU model: Squad/Parts/Utility/Lights/Assets/light_07
[LOG 21:49:59.548] Load MU model: Squad/Parts/Utility/Lights/Assets/light_08
[LOG 21:49:59.555] Load MU model: Squad/Parts/Utility/Lights/Assets/light_12
[LOG 21:49:59.561] Load MU model: Squad/Parts/Utility/linearVernorRCS/Assets/linearRCS
[LOG 21:49:59.566] Load MU model: Squad/Parts/Utility/linearVernorRCS/Assets/vernorEngine
[LOG 21:49:59.571] Load MU model: Squad/Parts/Utility/mk2CargoBay/BayLarge
[LOG 21:49:59.579] Load MU model: Squad/Parts/Utility/mk2CargoBay/BaySmall
[LOG 21:49:59.586] Load MU model: Squad/Parts/Utility/mk2CrewCabin/model
[LOG 21:49:59.591] Load MU model: Squad/Parts/Utility/mk2DockingPort/mk2Dockingport
[LOG 21:49:59.599] Load MU model: Squad/Parts/Utility/mk3CargoBay/long
[LOG 21:49:59.604] Load MU model: Squad/Parts/Utility/mk3CargoBay/medium
[LOG 21:49:59.609] Load MU model: Squad/Parts/Utility/mk3CargoBay/ramp
[LOG 21:49:59.615] Load MU model: Squad/Parts/Utility/mk3CargoBay/short
[LOG 21:49:59.621] Load MU model: Squad/Parts/Utility/parachuteMk1/model
[LOG 21:49:59.626] Load MU model: Squad/Parts/Utility/parachuteMk12-R/model
[LOG 21:49:59.633] Load MU model: Squad/Parts/Utility/parachuteMk16-XL/model
[LOG 21:49:59.638] Load MU model: Squad/Parts/Utility/parachuteMk2-R/model
[LOG 21:49:59.643] Load MU model: Squad/Parts/Utility/parachuteMk25/model
[LOG 21:49:59.650] Load MU model: Squad/Parts/Utility/radialAttachmentPoint/model
[LOG 21:49:59.656] Load MU model: Squad/Parts/Utility/rcsBlockRV-105_v2/rcsBlock105
[LOG 21:49:59.662] Load MU model: Squad/Parts/Utility/rcsSmallLinear/Assets/RCSLinearSmall
[LOG 21:49:59.667] Load MU model: Squad/Parts/Utility/RelayAntennas/HGAntenna
[LOG 21:49:59.674] Load MU model: Squad/Parts/Utility/RelayAntennas/RA-100
[LOG 21:49:59.680] Load MU model: Squad/Parts/Utility/RelayAntennas/RA-5
[LOG 21:49:59.686] Load MU model: Squad/Parts/Utility/RelayAntennas/RA-50
[LOG 21:49:59.693] Load MU model: Squad/Parts/Utility/rockomaxAdapters/Assets/brandAdapter
[LOG 21:49:59.698] Load MU model: Squad/Parts/Utility/rockomaxAdapters/Assets/brandAdapter02
[LOG 21:49:59.703] Load MU model: Squad/Parts/Utility/ServiceBay_v2/Assets/ServiceBay_125_v2
[LOG 21:49:59.710] Load MU model: Squad/Parts/Utility/ServiceBay_v2/Assets/ServiceBay_250_v2
[LOG 21:49:59.716] Load MU model: Squad/Parts/Utility/smallClaw/smallClaw
[LOG 21:49:59.722] Load MU model: Squad/Parts/Utility/spotLightMk1/model
[LOG 21:49:59.728] Load MU model: Squad/Parts/Utility/spotLightMk1_v2/model
[LOG 21:49:59.733] Load MU model: Squad/Parts/Utility/spotLightMk2/model
[LOG 21:49:59.739] Load MU model: Squad/Parts/Utility/spotLightMk2_v2/model
[LOG 21:49:59.745] Load MU model: Squad/Parts/Utility/stackCouplers/Assets/stackBiCoupler_v2
[LOG 21:49:59.750] Load MU model: Squad/Parts/Utility/stackCouplers/Assets/stackQuadCoupler
[LOG 21:49:59.756] Load MU model: Squad/Parts/Utility/stackCouplers/Assets/stackTriCoupler_v2
[LOG 21:49:59.763] Load MU model: Squad/Parts/Wheel/LandingGear/GearExtraLarge
[WRN 21:49:59.764] WheelCollider requires an attached Rigidbody to function.
[WRN 21:49:59.764] WheelCollider requires an attached Rigidbody to function.
[LOG 21:49:59.769] Load MU model: Squad/Parts/Wheel/LandingGear/GearFixed
[WRN 21:49:59.769] WheelCollider requires an attached Rigidbody to function.
[WRN 21:49:59.769] WheelCollider requires an attached Rigidbody to function.
[LOG 21:49:59.774] Load MU model: Squad/Parts/Wheel/LandingGear/GearFree
[WRN 21:49:59.774] WheelCollider requires an attached Rigidbody to function.
[WRN 21:49:59.775] WheelCollider requires an attached Rigidbody to function.
[LOG 21:49:59.780] Load MU model: Squad/Parts/Wheel/LandingGear/GearLarge
[WRN 21:49:59.780] WheelCollider requires an attached Rigidbody to function.
[WRN 21:49:59.780] WheelCollider requires an attached Rigidbody to function.
[LOG 21:49:59.786] Load MU model: Squad/Parts/Wheel/LandingGear/GearMedium
[WRN 21:49:59.787] WheelCollider requires an attached Rigidbody to function.
[WRN 21:49:59.787] WheelCollider requires an attached Rigidbody to function.
[LOG 21:49:59.791] Load MU model: Squad/Parts/Wheel/LandingGear/GearSmall
[WRN 21:49:59.791] WheelCollider requires an attached Rigidbody to function.
[WRN 21:49:59.791] WheelCollider requires an attached Rigidbody to function.
[LOG 21:49:59.798] Load MU model: Squad/Parts/Wheel/roverWheelM1/model
[WRN 21:49:59.799] WheelCollider requires an attached Rigidbody to function.
[WRN 21:49:59.799] WheelCollider requires an attached Rigidbody to function.
[LOG 21:49:59.804] Load MU model: Squad/Parts/Wheel/roverWheelS2/model
[WRN 21:49:59.804] WheelCollider requires an attached Rigidbody to function.
[WRN 21:49:59.804] WheelCollider requires an attached Rigidbody to function.
[LOG 21:49:59.810] Load MU model: Squad/Parts/Wheel/roverWheelTR-2L/model
[WRN 21:49:59.810] WheelCollider requires an attached Rigidbody to function.
[WRN 21:49:59.810] WheelCollider requires an attached Rigidbody to function.
[LOG 21:49:59.815] Load MU model: Squad/Parts/Wheel/roverWheelXL3/model
[WRN 21:49:59.816] WheelCollider requires an attached Rigidbody to function.
[WRN 21:49:59.816] WheelCollider requires an attached Rigidbody to function.
[LOG 21:49:59.820] Load MU model: Squad/Props/AltimeterThreeHands/model
[LOG 21:49:59.824] Load MU model: Squad/Props/AtmosphereDepth/model
[LOG 21:49:59.829] Load MU model: Squad/Props/AxisIndicator/model
[LOG 21:49:59.835] Load MU model: Squad/Props/buttonsGeneric/circularButton
[LOG 21:49:59.840] Load MU model: Squad/Props/buttonsGeneric/clusterButtons
[LOG 21:49:59.845] Load MU model: Squad/Props/buttonsGeneric/clusterButtons2
[LOG 21:49:59.851] Load MU model: Squad/Props/buttonsGeneric/clusterKnob
[LOG 21:49:59.856] Load MU model: Squad/Props/buttonsGeneric/clusterKnob2
[LOG 21:49:59.861] Load MU model: Squad/Props/buttonsGeneric/clusterMixed
[LOG 21:49:59.866] Load MU model: Squad/Props/buttonsGeneric/clusterSwitches01
[LOG 21:49:59.871] Load MU model: Squad/Props/buttonsGeneric/clusterSwitches02
[LOG 21:49:59.877] Load MU model: Squad/Props/buttonsGeneric/clusterSwitches03
[LOG 21:49:59.881] Load MU model: Squad/Props/buttonsGeneric/clusterSwitches04
[LOG 21:49:59.886] Load MU model: Squad/Props/buttonsGeneric/clusterSwitches05
[LOG 21:49:59.892] Load MU model: Squad/Props/buttonsGeneric/clusterSwitches06
[LOG 21:49:59.897] Load MU model: Squad/Props/buttonsGeneric/clusterSwitches07
[LOG 21:49:59.901] Load MU model: Squad/Props/buttonsGeneric/directionalKnob
[LOG 21:49:59.907] Load MU model: Squad/Props/buttonsGeneric/directionalKnob2
[LOG 21:49:59.913] Load MU model: Squad/Props/buttonsGeneric/pullSwitch
[LOG 21:49:59.918] Load MU model: Squad/Props/buttonsGeneric/squareButton
[LOG 21:49:59.922] Load MU model: Squad/Props/buttonsGeneric/standingSwitch
[LOG 21:49:59.927] Load MU model: Squad/Props/buttonsGeneric/switch
[LOG 21:49:59.933] Load MU model: Squad/Props/buttonsGeneric/switchWithGuards
[LOG 21:49:59.938] Load MU model: Squad/Props/ButtonSquare/model
[LOG 21:49:59.942] Load MU model: Squad/Props/circularButton/model
[LOG 21:49:59.947] Load MU model: Squad/Props/Compass/model
[LOG 21:49:59.952] Load MU model: Squad/Props/directionalKnob/model
[LOG 21:49:59.957] Load MU model: Squad/Props/directionalKnob2/model
[LOG 21:49:59.962] Load MU model: Squad/Props/IndicatorPanel/model
[LOG 21:49:59.967] Load MU model: Squad/Props/IVANavBall/model
[LOG 21:49:59.973] Load MU model: Squad/Props/IVANavBallNoBase/model
[LOG 21:49:59.979] Load MU model: Squad/Props/ledPanelSpeed/model
[LOG 21:49:59.984] Load MU model: Squad/Props/Monitor/MonitorDockingMode
[LOG 21:49:59.990] Load MU model: Squad/Props/NavBall/model
[LOG 21:49:59.995] Load MU model: Squad/Props/PropsGeneric/Button_DockingMode
[LOG 21:49:59.999] Load MU model: Squad/Props/PropsGeneric/CargoBagA
[LOG 21:50:00.008] Load MU model: Squad/Props/PropsGeneric/CargoBagB
[LOG 21:50:00.015] Load MU model: Squad/Props/PropsGeneric/CargoBagC
[LOG 21:50:00.021] Load MU model: Squad/Props/PropsGeneric/Hatch_Plane
[LOG 21:50:00.026] Load MU model: Squad/Props/PropsGeneric/Hatch_Plane_Curve90
[LOG 21:50:00.030] Load MU model: Squad/Props/PropsGeneric/Hatch_Plane_Frame
[LOG 21:50:00.036] Load MU model: Squad/Props/PropsGeneric/Seat_Passenger
[LOG 21:50:00.041] Load MU model: Squad/Props/PropsGeneric/Seat_Pilot
[LOG 21:50:00.046] Load MU model: Squad/Props/PropsGeneric/Seat_Pilot_Helmet
[LOG 21:50:00.052] Load MU model: Squad/Props/PropsGeneric/SideStick
[LOG 21:50:00.057] Load MU model: Squad/Props/pullSwitch/model
[LOG 21:50:00.061] Load MU model: Squad/Props/radarAltitude/model
[LOG 21:50:00.066] Load MU model: Squad/Props/squareButton/model
[LOG 21:50:00.071] Load MU model: Squad/Props/standingSwitch/model
[LOG 21:50:00.076] Load MU model: Squad/Props/switch/model
[LOG 21:50:00.081] Load MU model: Squad/Props/switchGuard/model
[LOG 21:50:00.086] Load MU model: Squad/Props/switchWithGuards/model
[LOG 21:50:00.090] Load MU model: Squad/Props/throttle/model
[LOG 21:50:00.096] Load MU model: Squad/Props/VSI/model
[LOG 21:50:00.101] Load MU model: Squad/Spaces/crewCabinInternals/model
[LOG 21:50:00.106] Load MU model: Squad/Spaces/cupolaInternal/model
[LOG 21:50:00.112] Load MU model: Squad/Spaces/GenericSpace1/model
[LOG 21:50:00.118] Load MU model: Squad/Spaces/GenericSpace3/model
[LOG 21:50:00.124] Load MU model: Squad/Spaces/landerCabinInternals/model
[LOG 21:50:00.129] Load MU model: Squad/Spaces/landerCabinSmallInternal/model
[LOG 21:50:00.134] Load MU model: Squad/Spaces/LargeCrewedLabInternals/Large_Crewed_lab_Int
[LOG 21:50:00.140] Load MU model: Squad/Spaces/Mk1-3/model
[LOG 21:50:00.146] Load MU model: Squad/Spaces/mk1CabinInternal/mk1cabin
[LOG 21:50:00.151] Load MU model: Squad/Spaces/mk1CockpitInternal/Mk1StandardIVA
[LOG 21:50:00.160] Load MU model: Squad/Spaces/mk1InlineInternal/Mk1InlineIVA
[LOG 21:50:00.161] Load MU model: Squad/Spaces/mk1PodCockpit/model
[LOG 21:50:00.179] Load MU model: Squad/Spaces/mk1pod_IVA/mk1pod_IVA
[LOG 21:50:00.186] Load MU model: Squad/Spaces/mk2CockpitStandardInternal/model
[LOG 21:50:00.192] Load MU model: Squad/Spaces/Mk2CrewCabinInternal/MK2_CrewCab_Int
[LOG 21:50:00.198] Load MU model: Squad/Spaces/mk2InlineInternal/mk2InlineIVA
[LOG 21:50:00.204] Load MU model: Squad/Spaces/mk2LanderCanInternal/mk2LanderCanInternal
[LOG 21:50:00.211] Load MU model: Squad/Spaces/MK3CockpitInternal/MK3_Cockpit_Int
[LOG 21:50:00.217] Load MU model: Squad/Spaces/MK3_CrewCab_Int/MK3_CrewCab_Int
[LOG 21:50:00.223] Load MU model: Squad/Spaces/OverlayMasks/CupolaMask
[LOG 21:50:00.228] Load MU model: Squad/Spaces/OverlayMasks/HitchhikerBorder
[LOG 21:50:00.233] Load MU model: Squad/Spaces/OverlayMasks/HitchhikerMask
[LOG 21:50:00.238] Load MU model: Squad/Spaces/OverlayMasks/LargeLabBorder
[LOG 21:50:00.244] Load MU model: Squad/Spaces/OverlayMasks/LargeLabMask
[LOG 21:50:00.248] Load MU model: Squad/Spaces/OverlayMasks/Mk1CabinBorder
[LOG 21:50:00.253] Load MU model: Squad/Spaces/OverlayMasks/Mk1CabinMask
[LOG 21:50:00.258] Load MU model: Squad/Spaces/OverlayMasks/Mk1InlineMask
[LOG 21:50:00.263] Load MU model: Squad/Spaces/OverlayMasks/Mk1InlineMask2
[LOG 21:50:00.269] Load MU model: Squad/Spaces/OverlayMasks/Mk1StandardBorder2
[LOG 21:50:00.274] Load MU model: Squad/Spaces/OverlayMasks/Mk1StandardBorder3
[LOG 21:50:00.279] Load MU model: Squad/Spaces/OverlayMasks/Mk1StandardMask
[LOG 21:50:00.284] Load MU model: Squad/Spaces/OverlayMasks/Mk1StandardMask2
[LOG 21:50:00.289] Load MU model: Squad/Spaces/OverlayMasks/Mk1StandardMask3
[LOG 21:50:00.294] Load MU model: Squad/Spaces/OverlayMasks/Mk2CabinBorder
[LOG 21:50:00.299] Load MU model: Squad/Spaces/OverlayMasks/Mk2CabinMask
[LOG 21:50:00.303] Load MU model: Squad/Spaces/OverlayMasks/Mk2InlineBorder
[LOG 21:50:00.308] Load MU model: Squad/Spaces/OverlayMasks/Mk2InlineMask
[LOG 21:50:00.314] Load MU model: Squad/Spaces/OverlayMasks/Mk2StandardBorder
[LOG 21:50:00.318] Load MU model: Squad/Spaces/OverlayMasks/Mk2StandardMask
[LOG 21:50:00.324] Load MU model: Squad/Spaces/OverlayMasks/Mk3CabinBorder
[LOG 21:50:00.328] Load MU model: Squad/Spaces/OverlayMasks/Mk3CabinMask
[LOG 21:50:00.333] Load MU model: Squad/Spaces/OverlayMasks/Mk3CabinMask2
[LOG 21:50:00.339] Load MU model: Squad/Spaces/OverlayMasks/Mk3ShuttleBorder
[LOG 21:50:00.344] Load MU model: Squad/Spaces/OverlayMasks/Mk3ShuttleMask
[LOG 21:50:00.349] Load MU model: Squad/Spaces/OverlayMasks/Size1LanderBorder
[LOG 21:50:00.354] Load MU model: Squad/Spaces/OverlayMasks/Size1LanderMask
[LOG 21:50:00.359] Load MU model: Squad/Spaces/OverlayMasks/Size1PodBorder
[LOG 21:50:00.364] Load MU model: Squad/Spaces/OverlayMasks/Size1PodMask
[LOG 21:50:00.369] Load MU model: Squad/Spaces/OverlayMasks/Size2LanderBorder
[LOG 21:50:00.375] Load MU model: Squad/Spaces/OverlayMasks/Size2LanderMask
[LOG 21:50:00.380] Load MU model: Squad/Spaces/OverlayMasks/Size2PodBorder
[LOG 21:50:00.384] Load MU model: Squad/Spaces/OverlayMasks/Size2PodMask
[LOG 21:50:00.389] Load MU model: Squad/Spaces/Placeholder/PlaceholderIVA
[LOG 21:50:00.395] Load MU model: Squad/Spaces/PodCockpit/model
[LOG 21:50:00.400] Load MU model: SquadExpansion/MakingHistory/Parts/Aero/protectiveRocketNoseMk5A/Size_1_5_Cone
[LOG 21:50:00.405] Load MU model: SquadExpansion/MakingHistory/Parts/Coupling/Assets/EnginePlate
[LOG 21:50:00.411] Load MU model: SquadExpansion/MakingHistory/Parts/Coupling/Assets/InflatableAirlock
[LOG 21:50:00.416] Load MU model: SquadExpansion/MakingHistory/Parts/Coupling/Assets/Size1_5_Decoupler
[LOG 21:50:00.421] Load MU model: SquadExpansion/MakingHistory/Parts/Engine/Assets/KE-1
[LOG 21:50:00.427] Load MU model: SquadExpansion/MakingHistory/Parts/Engine/Assets/LV-T87
[LOG 21:50:00.433] Load MU model: SquadExpansion/MakingHistory/Parts/Engine/Assets/LV-T91
[LOG 21:50:00.438] Load MU model: SquadExpansion/MakingHistory/Parts/Engine/Assets/RE-I2
[LOG 21:50:00.444] Load MU model: SquadExpansion/MakingHistory/Parts/Engine/Assets/RE-J10
[LOG 21:50:00.450] Load MU model: SquadExpansion/MakingHistory/Parts/Engine/Assets/RK-7
[LOG 21:50:00.457] Load MU model: SquadExpansion/MakingHistory/Parts/Engine/Assets/RV-1
[LOG 21:50:00.462] Load MU model: SquadExpansion/MakingHistory/Parts/Engine/solidBoosterTHK/solidBoosterTHK
[LOG 21:50:00.468] Load MU model: SquadExpansion/MakingHistory/Parts/FuelTank/Assets/MiniMonoTank
[LOG 21:50:00.474] Load MU model: SquadExpansion/MakingHistory/Parts/FuelTank/Assets/Size1_5_Size0_Adapter_01
[LOG 21:50:00.480] Load MU model: SquadExpansion/MakingHistory/Parts/FuelTank/Assets/Size1_5_Size1_Adapter_01
[LOG 21:50:00.486] Load MU model: SquadExpansion/MakingHistory/Parts/FuelTank/Assets/Size1_5_Size1_Adapter_02
[LOG 21:50:00.492] Load MU model: SquadExpansion/MakingHistory/Parts/FuelTank/Assets/Size1_5_Size2_Adapter_01
[LOG 21:50:00.499] Load MU model: SquadExpansion/MakingHistory/Parts/FuelTank/Assets/Size1_5_Tank_01
[LOG 21:50:00.505] Load MU model: SquadExpansion/MakingHistory/Parts/FuelTank/Assets/Size1_5_Tank_02
[LOG 21:50:00.510] Load MU model: SquadExpansion/MakingHistory/Parts/FuelTank/Assets/Size1_5_Tank_03
[LOG 21:50:00.516] Load MU model: SquadExpansion/MakingHistory/Parts/FuelTank/Assets/Size1_5_Tank_04
[LOG 21:50:00.522] Load MU model: SquadExpansion/MakingHistory/Parts/FuelTank/Assets/Size1_5_Tank_05
[LOG 21:50:00.527] Load MU model: SquadExpansion/MakingHistory/Parts/FuelTank/Assets/Size3_Size4_Adapter_01
[LOG 21:50:00.534] Load MU model: SquadExpansion/MakingHistory/Parts/FuelTank/Assets/Size4_EngineAdapter_01
[LOG 21:50:00.540] Load MU model: SquadExpansion/MakingHistory/Parts/FuelTank/Assets/Size4_Tank_01
[LOG 21:50:00.544] Load MU model: SquadExpansion/MakingHistory/Parts/FuelTank/Assets/Size4_Tank_02
[LOG 21:50:00.550] Load MU model: SquadExpansion/MakingHistory/Parts/FuelTank/Assets/Size4_Tank_03
[LOG 21:50:00.556] Load MU model: SquadExpansion/MakingHistory/Parts/FuelTank/Assets/Size4_Tank_04
[LOG 21:50:00.561] Load MU model: SquadExpansion/MakingHistory/Parts/FuelTank/Assets/Size_1p5_Monoprop
[LOG 21:50:00.566] Load MU model: SquadExpansion/MakingHistory/Parts/Ground/Assets/RoverWheel
[WRN 21:50:00.566] WheelCollider requires an attached Rigidbody to function.
[WRN 21:50:00.566] WheelCollider requires an attached Rigidbody to function.
[LOG 21:50:00.571] Load MU model: SquadExpansion/MakingHistory/Parts/Payload/Assets/ServiceModule18
[LOG 21:50:00.577] Load MU model: SquadExpansion/MakingHistory/Parts/Payload/Assets/ServiceModule25
[LOG 21:50:00.583] Load MU model: SquadExpansion/MakingHistory/Parts/Payload/Assets/Size1to0ServiceModule
[LOG 21:50:00.588] Load MU model: SquadExpansion/MakingHistory/Parts/Pods/Assets/Mk2Pod
[LOG 21:50:00.593] Load MU model: SquadExpansion/MakingHistory/Parts/Pods/Assets/RoundPod
[LOG 21:50:00.599] Load MU model: SquadExpansion/MakingHistory/Parts/Pods/Assets/Size1_5_Lander
[LOG 21:50:00.604] Load MU model: SquadExpansion/MakingHistory/Parts/SharedAssets/Shroud1p5x0
[LOG 21:50:00.609] Load MU model: SquadExpansion/MakingHistory/Parts/SharedAssets/Shroud1p5x1
[LOG 21:50:00.615] Load MU model: SquadExpansion/MakingHistory/Parts/SharedAssets/Shroud1p5x2
[LOG 21:50:00.621] Load MU model: SquadExpansion/MakingHistory/Parts/SharedAssets/Shroud1p5x3
[LOG 21:50:00.625] Load MU model: SquadExpansion/MakingHistory/Parts/SharedAssets/Shroud1p5x4
[LOG 21:50:00.630] Load MU model: SquadExpansion/MakingHistory/Parts/SharedAssets/Shroud1x0
[LOG 21:50:00.636] Load MU model: SquadExpansion/MakingHistory/Parts/SharedAssets/Shroud1x1
[LOG 21:50:00.640] Load MU model: SquadExpansion/MakingHistory/Parts/SharedAssets/Shroud1x2
[LOG 21:50:00.645] Load MU model: SquadExpansion/MakingHistory/Parts/SharedAssets/Shroud1x3
[LOG 21:50:00.649] Load MU model: SquadExpansion/MakingHistory/Parts/SharedAssets/Shroud1x4
[LOG 21:50:00.656] Load MU model: SquadExpansion/MakingHistory/Parts/SharedAssets/Shroud2x0
[LOG 21:50:00.662] Load MU model: SquadExpansion/MakingHistory/Parts/SharedAssets/Shroud2x1
[LOG 21:50:00.667] Load MU model: SquadExpansion/MakingHistory/Parts/SharedAssets/Shroud2x2
[LOG 21:50:00.671] Load MU model: SquadExpansion/MakingHistory/Parts/SharedAssets/Shroud2x3
[LOG 21:50:00.675] Load MU model: SquadExpansion/MakingHistory/Parts/SharedAssets/Shroud2x4
[LOG 21:50:00.680] Load MU model: SquadExpansion/MakingHistory/Parts/SharedAssets/Shroud3x0
[LOG 21:50:00.686] Load MU model: SquadExpansion/MakingHistory/Parts/SharedAssets/Shroud3x1
[LOG 21:50:00.691] Load MU model: SquadExpansion/MakingHistory/Parts/SharedAssets/Shroud3x2
[LOG 21:50:00.695] Load MU model: SquadExpansion/MakingHistory/Parts/SharedAssets/Shroud3x3
[LOG 21:50:00.700] Load MU model: SquadExpansion/MakingHistory/Parts/SharedAssets/Shroud3x4
[LOG 21:50:00.706] Load MU model: SquadExpansion/MakingHistory/Parts/SharedAssets/Shroud4x0
[LOG 21:50:00.711] Load MU model: SquadExpansion/MakingHistory/Parts/SharedAssets/Shroud4x1
[LOG 21:50:00.715] Load MU model: SquadExpansion/MakingHistory/Parts/SharedAssets/Shroud4x2
[LOG 21:50:00.720] Load MU model: SquadExpansion/MakingHistory/Parts/SharedAssets/Shroud4x3
[LOG 21:50:00.726] Load MU model: SquadExpansion/MakingHistory/Parts/SharedAssets/Shroud4x4
[LOG 21:50:00.730] Load MU model: SquadExpansion/MakingHistory/Parts/SharedAssets/ShroudCollider0
[LOG 21:50:00.736] Load MU model: SquadExpansion/MakingHistory/Parts/SharedAssets/ShroudCollider1
[LOG 21:50:00.741] Load MU model: SquadExpansion/MakingHistory/Parts/SharedAssets/ShroudCollider1p5
[LOG 21:50:00.746] Load MU model: SquadExpansion/MakingHistory/Parts/SharedAssets/ShroudCollider2
[LOG 21:50:00.750] Load MU model: SquadExpansion/MakingHistory/Parts/SharedAssets/ShroudCollider3
[LOG 21:50:00.756] Load MU model: SquadExpansion/MakingHistory/Parts/SharedAssets/ShroudCollider4
[LOG 21:50:00.761] Load MU model: SquadExpansion/MakingHistory/Parts/Structural/Assets/EquiTriangle0
[LOG 21:50:00.765] Load MU model: SquadExpansion/MakingHistory/Parts/Structural/Assets/EquiTriangle1
[LOG 21:50:00.770] Load MU model: SquadExpansion/MakingHistory/Parts/Structural/Assets/EquiTriangle1p5
[LOG 21:50:00.776] Load MU model: SquadExpansion/MakingHistory/Parts/Structural/Assets/EquiTriangle2
[LOG 21:50:00.780] Load MU model: SquadExpansion/MakingHistory/Parts/Structural/Assets/Panel0
[LOG 21:50:00.784] Load MU model: SquadExpansion/MakingHistory/Parts/Structural/Assets/Panel1
[LOG 21:50:00.789] Load MU model: SquadExpansion/MakingHistory/Parts/Structural/Assets/Panel1p5
[LOG 21:50:00.794] Load MU model: SquadExpansion/MakingHistory/Parts/Structural/Assets/Panel2
[LOG 21:50:00.799] Load MU model: SquadExpansion/MakingHistory/Parts/Structural/Assets/Triangle0
[LOG 21:50:00.805] Load MU model: SquadExpansion/MakingHistory/Parts/Structural/Assets/Triangle1
[LOG 21:50:00.810] Load MU model: SquadExpansion/MakingHistory/Parts/Structural/Assets/Triangle1p5
[LOG 21:50:00.814] Load MU model: SquadExpansion/MakingHistory/Parts/Structural/Assets/Triangle2
[LOG 21:50:00.819] Load MU model: SquadExpansion/MakingHistory/Parts/Utility/flags/flagSize1p5/flagSize1p5Meshes
[LOG 21:50:00.824] Load MU model: SquadExpansion/MakingHistory/Parts/Utility/flags/flagSize4/flagSize4Meshes
[LOG 21:50:00.830] Load MU model: SquadExpansion/MakingHistory/Spaces/KVPods/Airlock_IVA
[LOG 21:50:00.834] Load MU model: SquadExpansion/MakingHistory/Spaces/KVPods/KV1_IVA
[LOG 21:50:00.840] Load MU model: SquadExpansion/MakingHistory/Spaces/KVPods/KV2_IVA
[LOG 21:50:00.846] Load MU model: SquadExpansion/MakingHistory/Spaces/KVPods/KV3_IVA
[LOG 21:50:00.851] Load MU model: SquadExpansion/MakingHistory/Spaces/MEM/MEM_IVA
[LOG 21:50:00.856] Load MU model: SquadExpansion/MakingHistory/Spaces/Mk2Pod/MK2POD_IVA
[LOG 21:50:00.861] Load MU model: SquadExpansion/Serenity/Parts/Aero/Assets/FanShroud_01
[LOG 21:50:00.868] Load MU model: SquadExpansion/Serenity/Parts/Aero/Assets/FanShroud_02
[LOG 21:50:00.872] Load MU model: SquadExpansion/Serenity/Parts/Aero/Assets/FanShroud_03
[LOG 21:50:00.878] Load MU model: SquadExpansion/Serenity/Parts/Aero/Assets/noseconeTiny
[LOG 21:50:00.884] Load MU model: SquadExpansion/Serenity/Parts/Aero/Assets/noseconeVS
[LOG 21:50:00.889] Load MU model: SquadExpansion/Serenity/Parts/DeployedScience/Assets/CentralStation
[LOG 21:50:00.893] Load MU model: SquadExpansion/Serenity/Parts/DeployedScience/Assets/GoExOb
[LOG 21:50:00.899] Load MU model: SquadExpansion/Serenity/Parts/DeployedScience/Assets/IonExperiment
[LOG 21:50:00.905] Load MU model: SquadExpansion/Serenity/Parts/DeployedScience/Assets/RTGCask
[LOG 21:50:00.911] Load MU model: SquadExpansion/Serenity/Parts/DeployedScience/Assets/satDish
[LOG 21:50:00.916] Load MU model: SquadExpansion/Serenity/Parts/DeployedScience/Assets/seismicSensor
[LOG 21:50:00.922] Load MU model: SquadExpansion/Serenity/Parts/DeployedScience/Assets/solarPanel
[LOG 21:50:00.927] Load MU model: SquadExpansion/Serenity/Parts/DeployedScience/Assets/WeatherStation
[LOG 21:50:00.933] Load MU model: SquadExpansion/Serenity/Parts/Propellers/Assets/largeFanBlade
[LOG 21:50:00.939] Load MU model: SquadExpansion/Serenity/Parts/Propellers/Assets/largeHeliBlade
[LOG 21:50:00.943] Load MU model: SquadExpansion/Serenity/Parts/Propellers/Assets/largePropeller
[LOG 21:50:00.948] Load MU model: SquadExpansion/Serenity/Parts/Propellers/Assets/mediumFanBlade
[LOG 21:50:00.953] Load MU model: SquadExpansion/Serenity/Parts/Propellers/Assets/mediumHeliBlade
[LOG 21:50:00.958] Load MU model: SquadExpansion/Serenity/Parts/Propellers/Assets/mediumPropeller
[LOG 21:50:00.962] Load MU model: SquadExpansion/Serenity/Parts/Propellers/Assets/smallFanBlade
[LOG 21:50:00.967] Load MU model: SquadExpansion/Serenity/Parts/Propellers/Assets/smallHeliBlade
[LOG 21:50:00.974] Load MU model: SquadExpansion/Serenity/Parts/Propellers/Assets/smallPropeller
[LOG 21:50:00.979] Load MU model: SquadExpansion/Serenity/Parts/Robotics/Assets/hinge_01
[LOG 21:50:00.984] Load MU model: SquadExpansion/Serenity/Parts/Robotics/Assets/hinge_01_s
[LOG 21:50:00.989] Load MU model: SquadExpansion/Serenity/Parts/Robotics/Assets/hinge_03
[LOG 21:50:00.994] Load MU model: SquadExpansion/Serenity/Parts/Robotics/Assets/hinge_03_s
[LOG 21:50:01.000] Load MU model: SquadExpansion/Serenity/Parts/Robotics/Assets/hinge_04
[LOG 21:50:01.004] Load MU model: SquadExpansion/Serenity/Parts/Robotics/Assets/piston_01
[LOG 21:50:01.010] Load MU model: SquadExpansion/Serenity/Parts/Robotics/Assets/piston_02
[LOG 21:50:01.015] Load MU model: SquadExpansion/Serenity/Parts/Robotics/Assets/piston_03
[LOG 21:50:01.019] Load MU model: SquadExpansion/Serenity/Parts/Robotics/Assets/piston_04
[LOG 21:50:01.025] Load MU model: SquadExpansion/Serenity/Parts/Robotics/Assets/RotorEngine_02
[LOG 21:50:01.030] Load MU model: SquadExpansion/Serenity/Parts/Robotics/Assets/RotorEngine_03
[LOG 21:50:01.035] Load MU model: SquadExpansion/Serenity/Parts/Robotics/Assets/rotor_01
[LOG 21:50:01.059] Load MU model: SquadExpansion/Serenity/Parts/Robotics/Assets/rotor_01s
[LOG 21:50:01.066] Load MU model: SquadExpansion/Serenity/Parts/Robotics/Assets/rotor_02
[LOG 21:50:01.071] Load MU model: SquadExpansion/Serenity/Parts/Robotics/Assets/rotor_02s
[LOG 21:50:01.077] Load MU model: SquadExpansion/Serenity/Parts/Robotics/Assets/rotor_03
[LOG 21:50:01.082] Load MU model: SquadExpansion/Serenity/Parts/Robotics/Assets/rotor_03s
[LOG 21:50:01.086] Load MU model: SquadExpansion/Serenity/Parts/Robotics/Assets/RotoServo_00
[LOG 21:50:01.091] Load MU model: SquadExpansion/Serenity/Parts/Robotics/Assets/RotoServo_02
[LOG 21:50:01.097] Load MU model: SquadExpansion/Serenity/Parts/Robotics/Assets/RotoServo_03
[LOG 21:50:01.102] Load MU model: SquadExpansion/Serenity/Parts/Robotics/Assets/RotoServo_04
[LOG 21:50:01.107] Load MU model: SquadExpansion/Serenity/Parts/Robotics/Controllers/controller1000
[LOG 21:50:01.113] Load MU model: SquadExpansion/Serenity/Parts/Science/RobotArmScanner/Assets/ROCArm_01
[LOG 21:50:01.118] Load MU model: SquadExpansion/Serenity/Parts/Science/RobotArmScanner/Assets/ROCArm_02
[LOG 21:50:01.124] Load MU model: SquadExpansion/Serenity/Parts/Science/RobotArmScanner/Assets/ROCArm_03
[LOG 21:50:01.129] Load MU model: SquadExpansion/Serenity/Parts/Structural/gripPads/Assets/lGripPad
[LOG 21:50:01.134] Load MU model: SquadExpansion/Serenity/Parts/Structural/gripPads/Assets/lGripStrip
[LOG 21:50:01.139] Load MU model: SquadExpansion/Serenity/Parts/Structural/gripPads/Assets/mGripPad
[LOG 21:50:01.144] Load MU model: SquadExpansion/Serenity/Parts/Structural/gripPads/Assets/sGripPad
[LOG 21:50:01.149] Load MU model: SquadExpansion/Serenity/Parts/Structural/gripPads/Assets/sGripStrip
[LOG 21:50:01.150] Loading Asset Bundle Definitions
[LOG 21:50:01.151] AssetLoader: Loading bundle definitions
[LOG 21:50:01.255] AssetLoader: Loaded bundle 'squadcore'
[LOG 21:50:01.256] AssetLoader: Loaded bundle 'squadcorefx'
[LOG 21:50:01.256] AssetLoader: Loaded mod bundle 'kspedia'
[LOG 21:50:01.256] AssetLoader: Loaded mod bundle 'kspedia_actionsets'
[LOG 21:50:01.256] AssetLoader: Loaded mod bundle 'kspedia_aircraft'
[LOG 21:50:01.257] AssetLoader: Loaded mod bundle 'kspedia_aircraftbasics'
[LOG 21:50:01.257] AssetLoader: Loaded mod bundle 'kspedia_aircraftbasicsbalance'
[LOG 21:50:01.257] AssetLoader: Loaded mod bundle 'kspedia_aircraftbasicsbalance2'
[LOG 21:50:01.257] AssetLoader: Loaded mod bundle 'kspedia_aircraftbasicscol'
[LOG 21:50:01.258] AssetLoader: Loaded mod bundle 'kspedia_aircraftbasicscontrol'
[LOG 21:50:01.258] AssetLoader: Loaded mod bundle 'kspedia_aircraftbasicscontrolsurfaces'
[LOG 21:50:01.258] AssetLoader: Loaded mod bundle 'kspedia_aircraftbasicsdrag'
[LOG 21:50:01.258] AssetLoader: Loaded mod bundle 'kspedia_aircraftbasicsengines'
[LOG 21:50:01.258] AssetLoader: Loaded mod bundle 'kspedia_aircraftbasicsforces'
[LOG 21:50:01.259] AssetLoader: Loaded mod bundle 'kspedia_aircraftbasicsintakes'
[LOG 21:50:01.259] AssetLoader: Loaded mod bundle 'kspedia_aircraftbasicslandinggear'
[LOG 21:50:01.259] AssetLoader: Loaded mod bundle 'kspedia_aircraftbasicslift'
[LOG 21:50:01.259] AssetLoader: Loaded mod bundle 'kspedia_axisgroups'
[LOG 21:50:01.259] AssetLoader: Loaded mod bundle 'kspedia_career'
[LOG 21:50:01.260] AssetLoader: Loaded mod bundle 'kspedia_careerbasicscontracts'
[LOG 21:50:01.260] AssetLoader: Loaded mod bundle 'kspedia_careerbasicscrew'
[LOG 21:50:01.260] AssetLoader: Loaded mod bundle 'kspedia_careerbasicscurrencies'
[LOG 21:50:01.260] AssetLoader: Loaded mod bundle 'kspedia_careerbasicsexperience'
[LOG 21:50:01.260] AssetLoader: Loaded mod bundle 'kspedia_careerbasicsfacilities'
[LOG 21:50:01.261] AssetLoader: Loaded mod bundle 'kspedia_careerbasicsstrategies'
[LOG 21:50:01.261] AssetLoader: Loaded mod bundle 'kspedia_careerbasicstechnology'
[LOG 21:50:01.261] AssetLoader: Loaded mod bundle 'kspedia_careerui-ac'
[LOG 21:50:01.261] AssetLoader: Loaded mod bundle 'kspedia_careerui-admin'
[LOG 21:50:01.261] AssetLoader: Loaded mod bundle 'kspedia_careerui-ksc'
[LOG 21:50:01.261] AssetLoader: Loaded mod bundle 'kspedia_careerui-mc'
[LOG 21:50:01.261] AssetLoader: Loaded mod bundle 'kspedia_careerui-sciencearchives'
[LOG 21:50:01.261] AssetLoader: Loaded mod bundle 'kspedia_careerui-techtree'
[LOG 21:50:01.261] AssetLoader: Loaded mod bundle 'kspedia_careerui-ts'
[LOG 21:50:01.262] AssetLoader: Loaded mod bundle 'kspedia_careerui'
[LOG 21:50:01.262] AssetLoader: Loaded mod bundle 'kspedia_cargoapp'
[LOG 21:50:01.262] AssetLoader: Loaded mod bundle 'kspedia_cargomode'
[LOG 21:50:01.262] AssetLoader: Loaded mod bundle 'kspedia_cargosystem-placeableparts'
[LOG 21:50:01.262] AssetLoader: Loaded mod bundle 'kspedia_cargosystem'
[LOG 21:50:01.263] AssetLoader: Loaded mod bundle 'kspedia_chute'
[LOG 21:50:01.263] AssetLoader: Loaded mod bundle 'kspedia_commnet'
[LOG 21:50:01.263] AssetLoader: Loaded mod bundle 'kspedia_commnetbasics'
[LOG 21:50:01.263] AssetLoader: Loaded mod bundle 'kspedia_commnetbuildingeffectivenetworks'
[LOG 21:50:01.263] AssetLoader: Loaded mod bundle 'kspedia_commnetcalculatingrange'
[LOG 21:50:01.263] AssetLoader: Loaded mod bundle 'kspedia_commnetcontrollevels'
[LOG 21:50:01.264] AssetLoader: Loaded mod bundle 'kspedia_commnetcontrollinks'
[LOG 21:50:01.264] AssetLoader: Loaded mod bundle 'kspedia_commnetcontrolpoints'
[LOG 21:50:01.264] AssetLoader: Loaded mod bundle 'kspedia_commnetgui'
[LOG 21:50:01.264] AssetLoader: Loaded mod bundle 'kspedia_commnetgui01'
[LOG 21:50:01.264] AssetLoader: Loaded mod bundle 'kspedia_commnetgui02'
[LOG 21:50:01.264] AssetLoader: Loaded mod bundle 'kspedia_commnetrange'
[LOG 21:50:01.264] AssetLoader: Loaded mod bundle 'kspedia_commnetrelays'
[LOG 21:50:01.265] AssetLoader: Loaded mod bundle 'kspedia_commnetsciencetransmission'
[LOG 21:50:01.265] AssetLoader: Loaded mod bundle 'kspedia_commnetsignalstrength'
[LOG 21:50:01.265] AssetLoader: Loaded mod bundle 'kspedia_commnettransmission'
[LOG 21:50:01.265] AssetLoader: Loaded mod bundle 'kspedia_constructionui-actiongroups'
[LOG 21:50:01.265] AssetLoader: Loaded mod bundle 'kspedia_constructionui-applauncher'
[LOG 21:50:01.266] AssetLoader: Loaded mod bundle 'kspedia_constructionui-crew'
[LOG 21:50:01.266] AssetLoader: Loaded mod bundle 'kspedia_constructionui-engineersreport'
[LOG 21:50:01.266] AssetLoader: Loaded mod bundle 'kspedia_constructionui-gizmos'
[LOG 21:50:01.266] AssetLoader: Loaded mod bundle 'kspedia_constructionui-infos'
[LOG 21:50:01.266] AssetLoader: Loaded mod bundle 'kspedia_constructionui-partdetails'
[LOG 21:50:01.267] AssetLoader: Loaded mod bundle 'kspedia_constructionui-parts'
[LOG 21:50:01.267] AssetLoader: Loaded mod bundle 'kspedia_constructionui-symmetry'
[LOG 21:50:01.267] AssetLoader: Loaded mod bundle 'kspedia_constructionui-vesseldetails'
[LOG 21:50:01.267] AssetLoader: Loaded mod bundle 'kspedia_constructionui'
[LOG 21:50:01.268] AssetLoader: Loaded mod bundle 'kspedia_controls-dockingmode'
[LOG 21:50:01.268] AssetLoader: Loaded mod bundle 'kspedia_controls-editor'
[LOG 21:50:01.268] AssetLoader: Loaded mod bundle 'kspedia_controls-editorgizmos'
[LOG 21:50:01.268] AssetLoader: Loaded mod bundle 'kspedia_controls-eva'
[LOG 21:50:01.268] AssetLoader: Loaded mod bundle 'kspedia_controls-flight'
[LOG 21:50:01.269] AssetLoader: Loaded mod bundle 'kspedia_controls-flightactivities'
[LOG 21:50:01.269] AssetLoader: Loaded mod bundle 'kspedia_controls-flightdirections'
[LOG 21:50:01.269] AssetLoader: Loaded mod bundle 'kspedia_controls-general'
[LOG 21:50:01.269] AssetLoader: Loaded mod bundle 'kspedia_controls-mapandtime'
[LOG 21:50:01.270] AssetLoader: Loaded mod bundle 'kspedia_controls-mouseconstruction'
[LOG 21:50:01.270] AssetLoader: Loaded mod bundle 'kspedia_controls-mouseflight'
[LOG 21:50:01.270] AssetLoader: Loaded mod bundle 'kspedia_controls-rcs'
[LOG 21:50:01.270] AssetLoader: Loaded mod bundle 'kspedia_controls'
[LOG 21:50:01.270] AssetLoader: Loaded mod bundle 'kspedia_eastereggs'
[LOG 21:50:01.271] AssetLoader: Loaded mod bundle 'kspedia_evaconstructionmode'
[LOG 21:50:01.271] AssetLoader: Loaded mod bundle 'kspedia_facilities-ac'
[LOG 21:50:01.271] AssetLoader: Loaded mod bundle 'kspedia_facilities-admin'
[LOG 21:50:01.271] AssetLoader: Loaded mod bundle 'kspedia_facilities-context'
[LOG 21:50:01.271] AssetLoader: Loaded mod bundle 'kspedia_facilities-ksc'
[LOG 21:50:01.271] AssetLoader: Loaded mod bundle 'kspedia_facilities-launchpad'
[LOG 21:50:01.272] AssetLoader: Loaded mod bundle 'kspedia_facilities-mc'
[LOG 21:50:01.272] AssetLoader: Loaded mod bundle 'kspedia_facilities-randd'
[LOG 21:50:01.272] AssetLoader: Loaded mod bundle 'kspedia_facilities-runway'
[LOG 21:50:01.273] AssetLoader: Loaded mod bundle 'kspedia_facilities-sph'
[LOG 21:50:01.273] AssetLoader: Loaded mod bundle 'kspedia_facilities-ts'
[LOG 21:50:01.273] AssetLoader: Loaded mod bundle 'kspedia_facilities-vab'
[LOG 21:50:01.273] AssetLoader: Loaded mod bundle 'kspedia_flightui-altimeter'
[LOG 21:50:01.273] AssetLoader: Loaded mod bundle 'kspedia_flightui-applauncher'
[LOG 21:50:01.274] AssetLoader: Loaded mod bundle 'kspedia_flightui-evaactivities'
[LOG 21:50:01.274] AssetLoader: Loaded mod bundle 'kspedia_flightui-maneuvermodeeditor'
[LOG 21:50:01.274] AssetLoader: Loaded mod bundle 'kspedia_flightui-maneuvermodeeditorcont'
[LOG 21:50:01.274] AssetLoader: Loaded mod bundle 'kspedia_flightui-maneuvermodeorbit'
[LOG 21:50:01.274] AssetLoader: Loaded mod bundle 'kspedia_flightui-maneuvertoolinfo'
[LOG 21:50:01.275] AssetLoader: Loaded mod bundle 'kspedia_flightui-maneuvertoolmain'
[LOG 21:50:01.275] AssetLoader: Loaded mod bundle 'kspedia_flightui-modecontrol'
[LOG 21:50:01.275] AssetLoader: Loaded mod bundle 'kspedia_flightui-navball'
[LOG 21:50:01.275] AssetLoader: Loaded mod bundle 'kspedia_flightui-partrepairs'
[LOG 21:50:01.275] AssetLoader: Loaded mod bundle 'kspedia_flightui-portraits'
[LOG 21:50:01.275] AssetLoader: Loaded mod bundle 'kspedia_flightui-staging'
[LOG 21:50:01.276] AssetLoader: Loaded mod bundle 'kspedia_flightui-timeandaction'
[LOG 21:50:01.276] AssetLoader: Loaded mod bundle 'kspedia_flightui'
[LOG 21:50:01.276] AssetLoader: Loaded mod bundle 'kspedia_heat'
[LOG 21:50:01.276] AssetLoader: Loaded mod bundle 'kspedia_heatactiveradiators'
[LOG 21:50:01.277] AssetLoader: Loaded mod bundle 'kspedia_heatengines'
[LOG 21:50:01.277] AssetLoader: Loaded mod bundle 'kspedia_heatflow'
[LOG 21:50:01.277] AssetLoader: Loaded mod bundle 'kspedia_heatpart'
[LOG 21:50:01.277] AssetLoader: Loaded mod bundle 'kspedia_heatpassiveradiators'
[LOG 21:50:01.277] AssetLoader: Loaded mod bundle 'kspedia_heatshields'
[LOG 21:50:01.278] AssetLoader: Loaded mod bundle 'kspedia_kerbnet'
[LOG 21:50:01.278] AssetLoader: Loaded mod bundle 'kspedia_kerbnetinterface'
[LOG 21:50:01.278] AssetLoader: Loaded mod bundle 'kspedia_kerbnetmodes'
[LOG 21:50:01.278] AssetLoader: Loaded mod bundle 'kspedia_kerbnetwaypoints'
[LOG 21:50:01.278] AssetLoader: Loaded mod bundle 'kspedia_locations'
[LOG 21:50:01.279] AssetLoader: Loaded mod bundle 'kspedia_manual'
[LOG 21:50:01.279] AssetLoader: Loaded mod bundle 'kspedia_mapui-alarmclockcreation'
[LOG 21:50:01.279] AssetLoader: Loaded mod bundle 'kspedia_mapui-alarmclockmain'
[LOG 21:50:01.279] AssetLoader: Loaded mod bundle 'kspedia_mapui-burnindicator'
[LOG 21:50:01.279] AssetLoader: Loaded mod bundle 'kspedia_mapui-dvtoolsflight'
[LOG 21:50:01.280] AssetLoader: Loaded mod bundle 'kspedia_mapui-dvtoolsvab'
[LOG 21:50:01.280] AssetLoader: Loaded mod bundle 'kspedia_mapui-mannodes'
[LOG 21:50:01.280] AssetLoader: Loaded mod bundle 'kspedia_mapui-orbitnodes'
[LOG 21:50:01.280] AssetLoader: Loaded mod bundle 'kspedia_mapui-orbitnodes2'
[LOG 21:50:01.280] AssetLoader: Loaded mod bundle 'kspedia_mapui'
[LOG 21:50:01.281] AssetLoader: Loaded mod bundle 'kspedia_orbitalbasics-atmosphere'
[LOG 21:50:01.281] AssetLoader: Loaded mod bundle 'kspedia_orbitalbasics-gettingbackdown'
[LOG 21:50:01.281] AssetLoader: Loaded mod bundle 'kspedia_orbitalbasics-gettingupthere'
[LOG 21:50:01.281] AssetLoader: Loaded mod bundle 'kspedia_orbitalbasics-gravityturn'
[LOG 21:50:01.281] AssetLoader: Loaded mod bundle 'kspedia_orbitalbasics-orbits'
[LOG 21:50:01.281] AssetLoader: Loaded mod bundle 'kspedia_orbitalbasics-stayingupthere'
[LOG 21:50:01.281] AssetLoader: Loaded mod bundle 'kspedia_orbitalbasics'
[LOG 21:50:01.281] AssetLoader: Loaded mod bundle 'kspedia_orbitaldefinitions-appe'
[LOG 21:50:01.281] AssetLoader: Loaded mod bundle 'kspedia_orbitaldefinitions-dirandinc'
[LOG 21:50:01.282] AssetLoader: Loaded mod bundle 'kspedia_orbitaldefinitions-directions'
[LOG 21:50:01.282] AssetLoader: Loaded mod bundle 'kspedia_orbitaldefinitions-eccentricity'
[LOG 21:50:01.282] AssetLoader: Loaded mod bundle 'kspedia_orbitaldefinitions'
[LOG 21:50:01.282] AssetLoader: Loaded mod bundle 'kspedia_orbitalmaneuvers-adjustinginclination'
[LOG 21:50:01.282] AssetLoader: Loaded mod bundle 'kspedia_orbitalmaneuvers-deltav'
[LOG 21:50:01.283] AssetLoader: Loaded mod bundle 'kspedia_orbitalmaneuvers-efficiency'
[LOG 21:50:01.283] AssetLoader: Loaded mod bundle 'kspedia_orbitalmaneuvers-hohmanntransfer'
[LOG 21:50:01.283] AssetLoader: Loaded mod bundle 'kspedia_orbitalmaneuvers-hohmanntransfer2'
[LOG 21:50:01.283] AssetLoader: Loaded mod bundle 'kspedia_orbitalmaneuvers-orbittypes'
[LOG 21:50:01.283] AssetLoader: Loaded mod bundle 'kspedia_orbitalmaneuvers-radandantirad'
[LOG 21:50:01.284] AssetLoader: Loaded mod bundle 'kspedia_orbitalmaneuvers-shapingup'
[LOG 21:50:01.284] AssetLoader: Loaded mod bundle 'kspedia_orbitalmaneuvers'
[LOG 21:50:01.284] AssetLoader: Loaded mod bundle 'kspedia_planets-dres'
[LOG 21:50:01.284] AssetLoader: Loaded mod bundle 'kspedia_planets-duna'
[LOG 21:50:01.284] AssetLoader: Loaded mod bundle 'kspedia_planets-eeloo'
[LOG 21:50:01.284] AssetLoader: Loaded mod bundle 'kspedia_planets-eve'
[LOG 21:50:01.285] AssetLoader: Loaded mod bundle 'kspedia_planets-jool'
[LOG 21:50:01.285] AssetLoader: Loaded mod bundle 'kspedia_planets-kerbin'
[LOG 21:50:01.285] AssetLoader: Loaded mod bundle 'kspedia_planets-moho'
[LOG 21:50:01.285] AssetLoader: Loaded mod bundle 'kspedia_planets-sun'
[LOG 21:50:01.285] AssetLoader: Loaded mod bundle 'kspedia_planets-system'
[LOG 21:50:01.285] AssetLoader: Loaded mod bundle 'kspedia_resources-asteroidmining'
[LOG 21:50:01.286] AssetLoader: Loaded mod bundle 'kspedia_resources-conversionmanagement'
[LOG 21:50:01.286] AssetLoader: Loaded mod bundle 'kspedia_resources-drilling'
[LOG 21:50:01.286] AssetLoader: Loaded mod bundle 'kspedia_resources-findingit'
[LOG 21:50:01.286] AssetLoader: Loaded mod bundle 'kspedia_resources-findingit2'
[LOG 21:50:01.286] AssetLoader: Loaded mod bundle 'kspedia_resources-storageandconversion'
[LOG 21:50:01.286] AssetLoader: Loaded mod bundle 'kspedia_resources'
[LOG 21:50:01.287] AssetLoader: Loaded mod bundle 'kspedia_rocketry'
[LOG 21:50:01.287] AssetLoader: Loaded mod bundle 'kspedia_rocketryadvanced-fairings'
[LOG 21:50:01.287] AssetLoader: Loaded mod bundle 'kspedia_rocketryadvanced-girders'
[LOG 21:50:01.287] AssetLoader: Loaded mod bundle 'kspedia_rocketryadvanced'
[LOG 21:50:01.287] AssetLoader: Loaded mod bundle 'kspedia_rocketrybasics'
[LOG 21:50:01.288] AssetLoader: Loaded mod bundle 'kspedia_rocketrybasicsaero'
[LOG 21:50:01.288] AssetLoader: Loaded mod bundle 'kspedia_rocketrybasicscentered'
[LOG 21:50:01.288] AssetLoader: Loaded mod bundle 'kspedia_rocketrybasicschutes'
[LOG 21:50:01.288] AssetLoader: Loaded mod bundle 'kspedia_rocketrybasicscontrol'
[LOG 21:50:01.288] AssetLoader: Loaded mod bundle 'kspedia_rocketrybasicsecrecharging'
[LOG 21:50:01.288] AssetLoader: Loaded mod bundle 'kspedia_rocketrybasicsengines'
[LOG 21:50:01.289] AssetLoader: Loaded mod bundle 'kspedia_rocketrybasicsforces'
[LOG 21:50:01.289] AssetLoader: Loaded mod bundle 'kspedia_rocketrybasicshatchesandladders'
[LOG 21:50:01.289] AssetLoader: Loaded mod bundle 'kspedia_rocketrybasicshibernation'
[LOG 21:50:01.289] AssetLoader: Loaded mod bundle 'kspedia_rocketrybasicsresources'
[LOG 21:50:01.289] AssetLoader: Loaded mod bundle 'kspedia_rocketrybasicsservicecontainers'
[LOG 21:50:01.289] AssetLoader: Loaded mod bundle 'kspedia_rocketrybasicsstability'
[LOG 21:50:01.290] AssetLoader: Loaded mod bundle 'kspedia_rocketrybasicsstabilityassist'
[LOG 21:50:01.290] AssetLoader: Loaded mod bundle 'kspedia_rocketrybasicsstaging'
[LOG 21:50:01.290] AssetLoader: Loaded mod bundle 'kspedia_rocketrybasicssymmetry'
[LOG 21:50:01.290] AssetLoader: Loaded mod bundle 'kspedia_science'
[LOG 21:50:01.290] AssetLoader: Loaded mod bundle 'kspedia_sciencedata'
[LOG 21:50:01.291] AssetLoader: Loaded mod bundle 'kspedia_scienceexperiments'
[LOG 21:50:01.291] AssetLoader: Loaded mod bundle 'kspedia_sciencelab'
[LOG 21:50:01.291] AssetLoader: Loaded mod bundle 'kspedia_sciencetransmitted'
[LOG 21:50:01.291] AssetLoader: Loaded mod bundle 'kspedia_spacetravel'
[LOG 21:50:01.291] AssetLoader: Loaded mod bundle 'kspedia_variantswitcher'
[LOG 21:50:01.292] AssetLoader: Loaded mod bundle 'kspfonts'
[LOG 21:50:01.421] AssetLoader: Loaded bundle 'squadcore'
[LOG 21:50:01.421] AssetLoader: Loaded bundle 'squadcorefx'
[LOG 21:50:01.421] AssetLoader: Loaded mod bundle 'kspedia_builder'
[LOG 21:50:01.422] AssetLoader: Loaded mod bundle 'kspedia_buildertoolbar'
[LOG 21:50:01.422] AssetLoader: Loaded mod bundle 'kspedia_canvas'
[LOG 21:50:01.422] AssetLoader: Loaded mod bundle 'kspedia_exportingvalidation'
[LOG 21:50:01.422] AssetLoader: Loaded mod bundle 'kspedia_flight'
[LOG 21:50:01.423] AssetLoader: Loaded mod bundle 'kspedia_flightapp'
[LOG 21:50:01.423] AssetLoader: Loaded mod bundle 'kspedia_gap'
[LOG 21:50:01.423] AssetLoader: Loaded mod bundle 'kspedia_gaptools'
[LOG 21:50:01.423] AssetLoader: Loaded mod bundle 'kspedia_makinghistory'
[LOG 21:50:01.423] AssetLoader: Loaded mod bundle 'kspedia_missionbriefing'
[LOG 21:50:01.424] AssetLoader: Loaded mod bundle 'kspedia_nodedocking'
[LOG 21:50:01.424] AssetLoader: Loaded mod bundle 'kspedia_nodesconnectors'
[LOG 21:50:01.424] AssetLoader: Loaded mod bundle 'kspedia_sap'
[LOG 21:50:01.424] AssetLoader: Loaded mod bundle 'kspedia_sidebar'
[LOG 21:50:01.425] AssetLoader: Loaded mod bundle 'kspedia_testingcheckpoints'
[LOG 21:50:01.425] AssetLoader: Loaded bundle 'makinghistory'
[LOG 21:50:01.425] AssetLoader: Loaded mod bundle 'kspedia_bladecyclic-collective-behaviour'
[LOG 21:50:01.425] AssetLoader: Loaded mod bundle 'kspedia_bladecyclic-collective-controls'
[LOG 21:50:01.426] AssetLoader: Loaded mod bundle 'kspedia_deployedscience-experiments'
[LOG 21:50:01.426] AssetLoader: Loaded mod bundle 'kspedia_deployedscience'
[LOG 21:50:01.426] AssetLoader: Loaded mod bundle 'kspedia_grippads'
[LOG 21:50:01.426] AssetLoader: Loaded mod bundle 'kspedia_layindtracks'
[LOG 21:50:01.426] AssetLoader: Loaded mod bundle 'kspedia_propellers'
[LOG 21:50:01.427] AssetLoader: Loaded mod bundle 'kspedia_propellersaerodynamics'
[LOG 21:50:01.427] AssetLoader: Loaded mod bundle 'kspedia_roboticcontroller'
[LOG 21:50:01.427] AssetLoader: Loaded mod bundle 'kspedia_roboticparts'
[LOG 21:50:01.427] AssetLoader: Loaded mod bundle 'kspedia_surface features-overview'
[LOG 21:50:01.428] AssetLoader: Loaded mod bundle 'kspedia_surface features-roverarmdetails'
[LOG 21:50:01.428] AssetLoader: Loaded mod bundle 'kspedia_trackeditor'
[LOG 21:50:01.428] AssetLoader: Loaded mod bundle 'kspedia_trackeditortoolbar'
[LOG 21:50:01.429] AssetLoader: Loaded mod bundle 'serenity'
[LOG 21:50:01.429] AssetLoader: Finished loading. 226 bundle definitions loaded.
[LOG 21:50:01.430] Compiling Configs:
[LOG 21:50:01.430] Config(PHYSICSGLOBALS) /Physics/PHYSICSGLOBALS
[LOG 21:50:01.430] Config(KERBALCHANGELOG) KerbalKonstructs/changelog/KERBALCHANGELOG
[LOG 21:50:01.430] Config(WindowPositions) KerbalKonstructs/PluginDataWindowPositions/WindowPositions
[LOG 21:50:01.430] Config(KKLaunchPadSmoke) KerbalKonstructs/Assets/Smoke/KKPadSmoke1/KKPadSmoke1/KKLaunchPadSmoke
[LOG 21:50:01.430] Config(KK_ColorPreset2) KerbalKonstructs/ConfigPresets/1_KerbinColor2/KK_ColorPreset2
[LOG 21:50:01.430] Config(KK_ColorPreset2) KerbalKonstructs/ConfigPresets/1_KerbinColor2/KK_ColorPreset2
[LOG 21:50:01.430] Config(KK_ColorPreset2) KerbalKonstructs/ConfigPresets/1_KerbinColor2/KK_ColorPreset2
[LOG 21:50:01.430] Config(KK_ColorPreset) KerbalKonstructs/ConfigPresets/1_KerbinPresetsColor/KK_ColorPreset
[LOG 21:50:01.430] Config(KK_ColorPreset) KerbalKonstructs/ConfigPresets/1_KerbinPresetsColor/KK_ColorPreset
[LOG 21:50:01.430] Config(KK_ColorPreset) KerbalKonstructs/ConfigPresets/1_KerbinPresetsColor/KK_ColorPreset
[LOG 21:50:01.430] Config(KK_ColorPreset) KerbalKonstructs/ConfigPresets/1_KerbinPresetsColor/KK_ColorPreset
[LOG 21:50:01.430] Config(KK_ColorPreset) KerbalKonstructs/ConfigPresets/2_OtherPlanetsColor/KK_ColorPreset
[LOG 21:50:01.430] Config(KK_ColorPreset) KerbalKonstructs/ConfigPresets/2_OtherPlanetsColor/KK_ColorPreset
[LOG 21:50:01.430] Config(KK_ColorPreset) KerbalKonstructs/ConfigPresets/2_OtherPlanetsColor/KK_ColorPreset
[LOG 21:50:01.431] Config(KK_ColorPreset) KerbalKonstructs/ConfigPresets/2_OtherPlanetsColor/KK_ColorPreset
[LOG 21:50:01.431] Config(KK_ColorPreset) KerbalKonstructs/ConfigPresets/2_OtherPlanetsColor/KK_ColorPreset
[LOG 21:50:01.431] Config(KK_ColorPreset) KerbalKonstructs/ConfigPresets/2_OtherPlanetsColor/KK_ColorPreset
[LOG 21:50:01.431] Config(KK_ColorPreset2) KerbalKonstructs/ConfigPresets/2_OtherPlanetsColor2/KK_ColorPreset2
[LOG 21:50:01.431] Config(KK_ColorPreset2) KerbalKonstructs/ConfigPresets/2_OtherPlanetsColor2/KK_ColorPreset2
[LOG 21:50:01.431] Config(KK_ColorPreset2) KerbalKonstructs/ConfigPresets/2_OtherPlanetsColor2/KK_ColorPreset2
[LOG 21:50:01.431] Config(KK_ColorPreset2) KerbalKonstructs/ConfigPresets/2_OtherPlanetsColor2/KK_ColorPreset2
[LOG 21:50:01.431] Config(KK_ColorPreset2) KerbalKonstructs/ConfigPresets/2_OtherPlanetsColor2/KK_ColorPreset2
[LOG 21:50:01.431] Config(KK_ColorPreset2) KerbalKonstructs/ConfigPresets/2_OtherPlanetsColor2/KK_ColorPreset2
[LOG 21:50:01.431] Config(KK_TexturePreset) KerbalKonstructs/ConfigPresets/BlendMasks/KK_TexturePreset
[LOG 21:50:01.431] Config(KK_TexturePreset) KerbalKonstructs/ConfigPresets/Textures/KK_TexturePreset
[LOG 21:50:01.431] Config(KK_TexturePreset) KerbalKonstructs/ConfigPresets/Textures/KK_TexturePreset
[LOG 21:50:01.431] Config(KK_TexturePreset) KerbalKonstructs/ConfigPresets/Textures/KK_TexturePreset
[LOG 21:50:01.431] Config(KK_TexturePreset) KerbalKonstructs/ConfigPresets/Textures/KK_TexturePreset
[LOG 21:50:01.431] Config(KK_TexturePreset) KerbalKonstructs/ConfigPresets/Textures/KK_TexturePreset
[LOG 21:50:01.431] Config(KK_TexturePreset) KerbalKonstructs/ConfigPresets/Textures/KK_TexturePreset
[LOG 21:50:01.431] Config(KK_TexturePreset) KerbalKonstructs/ConfigPresets/Textures/KK_TexturePreset
[LOG 21:50:01.431] Config(KK_TexturePreset) KerbalKonstructs/ConfigPresets/Textures/KK_TexturePreset
[LOG 21:50:01.431] Config(KK_TexturePreset) KerbalKonstructs/ConfigPresets/Textures/KK_TexturePreset
[LOG 21:50:01.431] Config(KK_TexturePreset) KerbalKonstructs/ConfigPresets/Textures/KK_TexturePreset
[LOG 21:50:01.431] Config(KK_TexturePreset) KerbalKonstructs/ConfigPresets/Textures/KK_TexturePreset
[LOG 21:50:01.431] Config(KK_TexturePreset) KerbalKonstructs/ConfigPresets/Textures/KK_TexturePreset
[LOG 21:50:01.431] Config(KK_TexturePreset) KerbalKonstructs/ConfigPresets/Textures/KK_TexturePreset
[LOG 21:50:01.431] Config(KK_TexturePreset) KerbalKonstructs/ConfigPresets/Textures/KK_TexturePreset
[LOG 21:50:01.431] Config(KK_TexturePreset) KerbalKonstructs/ConfigPresets/Textures/KK_TexturePreset
[LOG 21:50:01.431] Config(KK_TexturePreset) KerbalKonstructs/ConfigPresets/Textures/KK_TexturePreset
[LOG 21:50:01.431] Config(STATIC) KerbalKonstructs/FreeStatics/KKflagDemo/AutoGrasDemo/GrasColorDemo
[LOG 21:50:01.431] Config(STATIC) KerbalKonstructs/FreeStatics/KKflagDemo/KKflagDemo/KKflagDemo
[LOG 21:50:01.431] Config(STATIC) KerbalKonstructs/FreeStatics/KKflagDemo/TextureDemo/AdvTextureDemo
[LOG 21:50:01.431] Config(STATIC) KerbalKonstructs/FreeStatics/RunwayMarkings/aimpoint/kkaimpoint
[LOG 21:50:01.431] Config(STATIC) KerbalKonstructs/FreeStatics/RunwayMarkings/displacement/kkdisplacement
[LOG 21:50:01.431] Config(STATIC) KerbalKonstructs/FreeStatics/RunwayMarkings/fixed1500/kkfixed1500
[LOG 21:50:01.431] Config(STATIC) KerbalKonstructs/FreeStatics/RunwayMarkings/fixed500/kkfixed500
[LOG 21:50:01.431] Config(STATIC) KerbalKonstructs/FreeStatics/RunwayMarkings/kourseXX/kkkourseXX
[LOG 21:50:01.431] Config(STATIC) KerbalKonstructs/FreeStatics/RunwayMarkings/threshold6/kkthreshold6
[LOG 21:50:01.431] Config(STATIC) KerbalKonstructs/FreeStatics/RunwayMarkings/threshold8/kkthreshold8
[LOG 21:50:01.431] Config(STATIC) KerbalKonstructs/FreeStatics/SoundCube/SoundCube/SoundCube
[LOG 21:50:01.431] Config(STATIC) KerbalKonstructs/FreeStatics/UniversalSpawnPoint/UniversalSpawnPoint/UniversalSpawnPoint
[LOG 21:50:01.431] Config(STATIC) KerbalKonstructs/FreeStatics/WaterSurfaces/WaterSurfaceRound/KKSurfaceRound50x100
[LOG 21:50:01.431] Config(STATIC) KerbalKonstructs/FreeStatics/WaterSurfaces/WaterSurfaceSquare/KKSurfaceSquare50x100
[LOG 21:50:01.431] Config(KK_DecalsMap) KerbalKonstructs/MapDecalMaps/AllBlack/KK_DecalsMap
[LOG 21:50:01.431] Config(KK_DecalsMap) KerbalKonstructs/MapDecalMaps/CircleSlope/KK_DecalsMap
[LOG 21:50:01.431] Config(KK_DecalsMap) KerbalKonstructs/MapDecalMaps/diagonalSlope/KK_DecalsMap
[LOG 21:50:01.431] Config(KK_DecalsMap) KerbalKonstructs/MapDecalMaps/HoleDecal/KK_DecalsMap
[LOG 21:50:01.431] Config(KK_DecalsMap) KerbalKonstructs/MapDecalMaps/Lava/KK_DecalsMap
[LOG 21:50:01.432] Config(KK_DecalsMap) KerbalKonstructs/MapDecalMaps/SquarePlateauSloped/KK_DecalsMap
[LOG 21:50:01.432] Config(KK_DecalsMap) KerbalKonstructs/MapDecalMaps/SquareSlope/KK_DecalsMap
[LOG 21:50:01.432] Config(KK_DecalsMap) KerbalKonstructs/MapDecalMaps/Test/KK_DecalsMap
[LOG 21:50:01.432] Config(KK_GroupCenter) KerbalKonstructs/NewInstances/KK_GroupCenter_Mun_MuneBase/KK_GroupCenter
[LOG 21:50:01.432] Config(STATIC) KerbalKonstructs/NewInstances/KSC_Runway_level_3-instances/STATIC
[LOG 21:50:01.432] Config(KSP_COMMUNITY_FIXES) KSPCommunityFixes/Settings/KSP_COMMUNITY_FIXES
[LOG 21:50:01.432] Config(Localization) KSPCommunityFixes/Localization/en-us/Localization
[LOG 21:50:01.432] Config(Localization) KSPCommunityFixes/Localization/fr-fr/Localization
[LOG 21:50:01.432] Config(Localization) KSPCommunityFixes/Localization/ru/Localization
[LOG 21:50:01.432] Config(Localization) KSPCommunityFixes/Localization/zh-cn/Localization
[LOG 21:50:01.432] Config(@PART[*]:HAS[@MODULE[ModuleDockingNodeFixed]]:NEEDS[FixDockingNodes]:FINAL) KSPCommunityFixes/MMPatches/ModSupport/FixDockingNodes/@PART[*]:HAS[@MODULE[ModuleDockingNodeFixed]]:NEEDS[FixDockingNodes]:FINAL
[LOG 21:50:01.432] Config(@PART[*]:HAS[@MODULE[Refunding]]:LAST[999_KSP-Recall]) KSPCommunityFixes/MMPatches/ModSupport/KSPRecall/@PART[*]:HAS[@MODULE[Refunding]]:LAST[999_KSP-Recall]
[LOG 21:50:01.432] Config(@PART[*]:HAS[#hasRefundingOnRecovery[?rue]]:LAST[999_KSP-Recall]) KSPCommunityFixes/MMPatches/ModSupport/KSPRecall/@PART[*]:HAS[#hasRefundingOnRecovery[?rue]]:LAST[999_KSP-Recall]
[LOG 21:50:01.432] Config(@PART[*]:HAS[#hasRefundingOnRecovery]:LAST[999_KSP-Recall]) KSPCommunityFixes/MMPatches/ModSupport/KSPRecall/@PART[*]:HAS[#hasRefundingOnRecovery]:LAST[999_KSP-Recall]
[LOG 21:50:01.432] Config(@KSP-Recall:LAST[999_KSP-Recall]) KSPCommunityFixes/MMPatches/ModSupport/KSPRecall/@KSP-Recall:LAST[999_KSP-Recall]
[LOG 21:50:01.432] Config(@KSP-Recall:HAS[#hasRefundingOnRecovery[?rue]]:LAST[999_KSP-Recall]) KSPCommunityFixes/MMPatches/ModSupport/KSPRecall/@KSP-Recall:HAS[#hasRefundingOnRecovery[?rue]]:LAST[999_KSP-Recall]
[LOG 21:50:01.432] Config(@KSP-Recall:HAS[#hasRefundingOnRecovery]:LAST[999_KSP-Recall]) KSPCommunityFixes/MMPatches/ModSupport/KSPRecall/@KSP-Recall:HAS[#hasRefundingOnRecovery]:LAST[999_KSP-Recall]
[LOG 21:50:01.432] Config(@KSP_COMMUNITY_FIXES:NEEDS[AttachedOnEditor]) KSPCommunityFixes/MMPatches/ModSupport/KSPRecall/@KSP_COMMUNITY_FIXES:NEEDS[AttachedOnEditor]
[LOG 21:50:01.432] Config(@KSP_COMMUNITY_FIXES:NEEDS[UniversalStorage2]) KSPCommunityFixes/MMPatches/ModSupport/UniversalStorage/@KSP_COMMUNITY_FIXES:NEEDS[UniversalStorage2]
[LOG 21:50:01.432] Config(@PART[telescopicLadderBay]:FIRST) KSPCommunityFixes/MMPatches/StockTweaks/LadderToggleableLight/@PART[telescopicLadderBay]:FIRST
[LOG 21:50:01.433] Config(@PART[telescopicLadderBay]:HAS[#LadderToggleableLight[?rue]]:FIRST) KSPCommunityFixes/MMPatches/StockTweaks/LadderToggleableLight/@PART[telescopicLadderBay]:HAS[#LadderToggleableLight[?rue]]:FIRST
[LOG 21:50:01.433] Config(@PART[telescopicLadderBay]:HAS[#LadderToggleableLight]:FIRST) KSPCommunityFixes/MMPatches/StockTweaks/LadderToggleableLight/@PART[telescopicLadderBay]:HAS[#LadderToggleableLight]:FIRST
[LOG 21:50:01.433] Config(@PART[GearSmall]:FIRST) KSPCommunityFixes/MMPatches/StockTweaks/LandingGearLights/@PART[GearSmall]:FIRST
[LOG 21:50:01.433] Config(@PART[SmallGearBay]:FIRST) KSPCommunityFixes/MMPatches/StockTweaks/LandingGearLights/@PART[SmallGearBay]:FIRST
[LOG 21:50:01.433] Config(@PART[sasModule]:FOR[KSPCommunityFixes]) KSPCommunityFixes/MMPatches/StockTweaks/ManufacturerFixes/@PART[sasModule]:FOR[KSPCommunityFixes]
[LOG 21:50:01.433] Config(@PART[xenonTankRadial]:FOR[KSPCommunityFixes]) KSPCommunityFixes/MMPatches/StockTweaks/ManufacturerFixes/@PART[xenonTankRadial]:FOR[KSPCommunityFixes]
[LOG 21:50:01.433] Config(@PART[winglet|fireworksLauncherSmall|fireworksLauncherBig]:FOR[KSPCommunityFixes]) KSPCommunityFixes/MMPatches/StockTweaks/ManufacturerFixes/@PART[winglet|fireworksLauncherSmall|fireworksLauncherBig]:FOR[KSPCommunityFixes]
[LOG 21:50:01.433] Config(@PART[solidBooster_sm_v2|solidBooster_v2]:FOR[KSPCommunityFixes]) KSPCommunityFixes/MMPatches/StockTweaks/ManufacturerFixes/@PART[solidBooster_sm_v2|solidBooster_v2]:FOR[KSPCommunityFixes]
[LOG 21:50:01.433] Config(@PART[ServiceBay_125_v2|ServiceBay_250_v2]:FOR[KSPCommunityFixes]) KSPCommunityFixes/MMPatches/StockTweaks/ManufacturerFixes/@PART[ServiceBay_125_v2|ServiceBay_250_v2]:FOR[KSPCommunityFixes]
[LOG 21:50:01.433] Config(@PART[externalTankCapsule]:FOR[KSPCommunityFixes]) KSPCommunityFixes/MMPatches/StockTweaks/ManufacturerFixes/@PART[externalTankCapsule]:FOR[KSPCommunityFixes]
[LOG 21:50:01.433] Config(@PART[RCSFuelTank|rcsTankMini|RCSTank1-2]:FOR[KSPCommunityFixes]) KSPCommunityFixes/MMPatches/StockTweaks/ManufacturerFixes/@PART[RCSFuelTank|rcsTankMini|RCSTank1-2]:FOR[KSPCommunityFixes]
[LOG 21:50:01.433] Config(@PART[landerCabinSmall]:FOR[KSPCommunityFixes]) KSPCommunityFixes/MMPatches/StockTweaks/ManufacturerFixes/@PART[landerCabinSmall]:FOR[KSPCommunityFixes]
[LOG 21:50:01.433] Config(@PART[dockingPortLateral]:FOR[KSPCommunityFixes]) KSPCommunityFixes/MMPatches/StockTweaks/ManufacturerFixes/@PART[dockingPortLateral]:FOR[KSPCommunityFixes]
[LOG 21:50:01.433] Config(@PART[EnginePlate4]:FOR[KSPCommunityFixes]:NEEDS[SquadExpansion/MakingHistory]) KSPCommunityFixes/MMPatches/StockTweaks/ManufacturerFixes/@PART[EnginePlate4]:FOR[KSPCommunityFixes]:NEEDS[SquadExpansion/MakingHistory]
[LOG 21:50:01.433] Config(@PART[Mk2Pod]:FOR[KSPCommunityFixes]:NEEDS[SquadExpansion/MakingHistory]) KSPCommunityFixes/MMPatches/StockTweaks/ManufacturerFixes/@PART[Mk2Pod]:FOR[KSPCommunityFixes]:NEEDS[SquadExpansion/MakingHistory]
[LOG 21:50:01.433] Config(@PART[evaChute|parachuteSingle|parachuteRadial|radialDrogue|parachuteLarge|parachuteDrogue]:FOR[KSPCommunityFixes]) KSPCommunityFixes/MMPatches/StockTweaks/ManufacturerFixes/@PART[evaChute|parachuteSingle|parachuteRadial|radialDrogue|parachuteLarge|parachuteDrogue]:FOR[KSPCommunityFixes]
[LOG 21:50:01.433] Config(@PART[stackPoint1|dockingPort1|dockingPort2|dockingPort3|dockingPortLarge]:FOR[KSPCommunityFixes]) KSPCommunityFixes/MMPatches/StockTweaks/ManufacturerFixes/@PART[stackPoint1|dockingPort1|dockingPort2|dockingPort3|dockingPortLarge]:FOR[KSPCommunityFixes]
[LOG 21:50:01.433] Config(AGENT) KSPCommunityFixes/MMPatches/StockTweaks/ManufacturerFixes/Clamp-O-Tron
[LOG 21:50:01.433] Config(AGENT) KSPCommunityFixes/MMPatches/StockTweaks/ManufacturerFixes/FreeFall Parachutes
[LOG 21:50:01.433] Config(AGENT) KSPCommunityFixes/MMPatches/StockTweaks/ManufacturerFixes/LightYear Tire Company
[LOG 21:50:01.433] Config(AGENT) KSPCommunityFixes/MMPatches/StockTweaks/ManufacturerFixes/Stratus Corporation
[LOG 21:50:01.433] Config(Localization) KSPCommunityFixes/MMPatches/StockTweaks/ManufacturerFixes/Localization
[LOG 21:50:01.433] Config(AGENT) Squad/Agencies/Agents/C7 Aerospace Division
[LOG 21:50:01.433] Config(AGENT) Squad/Agencies/Agents/Dinkelstein Kerman's Construction Emporium
[LOG 21:50:01.433] Config(AGENT) Squad/Agencies/Agents/Experimental Engineering Group
[LOG 21:50:01.433] Config(AGENT) Squad/Agencies/Agents/FLOOYD Dynamics Research Labs
[LOG 21:50:01.433] Config(AGENT) Squad/Agencies/Agents/Goliath National Products
[LOG 21:50:01.433] Config(AGENT) Squad/Agencies/Agents/Integrated Integrals
[LOG 21:50:01.433] Config(AGENT) Squad/Agencies/Agents/Ionic Symphonic Protonic Electronics
[LOG 21:50:01.433] Config(AGENT) Squad/Agencies/Agents/Jebediah Kerman's Junkyard and Spacecraft Parts Co
[LOG 21:50:01.433] Config(AGENT) Squad/Agencies/Agents/Kerbal Motion LLC
[LOG 21:50:01.433] Config(AGENT) Squad/Agencies/Agents/Kerbin World-Firsts Record-Keeping Society
[LOG 21:50:01.433] Config(AGENT) Squad/Agencies/Agents/Kerbodyne
[LOG 21:50:01.433] Config(AGENT) Squad/Agencies/Agents/Kerlington Model Rockets and Paper Products Inc
[LOG 21:50:01.433] Config(AGENT) Squad/Agencies/Agents/Maxo Construction Toys
[LOG 21:50:01.433] Config(AGENT) Squad/Agencies/Agents/Moving Parts Experts Group
[LOG 21:50:01.433] Config(AGENT) Squad/Agencies/Agents/O.M.B. Demolition Enterprises
[LOG 21:50:01.433] Config(AGENT) Squad/Agencies/Agents/Periapsis Rocket Supplies Co
[LOG 21:50:01.434] Config(AGENT) Squad/Agencies/Agents/Probodobodyne Inc
[LOG 21:50:01.434] Config(AGENT) Squad/Agencies/Agents/Research & Development Department
[LOG 21:50:01.434] Config(AGENT) Squad/Agencies/Agents/Reaction Systems Ltd
[LOG 21:50:01.434] Config(AGENT) Squad/Agencies/Agents/Rockomax Conglomerate
[LOG 21:50:01.434] Config(AGENT) Squad/Agencies/Agents/Rokea Inc
[LOG 21:50:01.434] Config(AGENT) Squad/Agencies/Agents/Sean's Cannery
[LOG 21:50:01.434] Config(AGENT) Squad/Agencies/Agents/STEADLER Engineering Corps
[LOG 21:50:01.434] Config(AGENT) Squad/Agencies/Agents/StrutCo
[LOG 21:50:01.434] Config(AGENT) Squad/Agencies/Agents/Vac-Co Advanced Suction Systems
[LOG 21:50:01.434] Config(AGENT) Squad/Agencies/Agents/WinterOwl Aircraft Emporium
[LOG 21:50:01.434] Config(AGENT) Squad/Agencies/Agents/Zaltonic Electronics
[LOG 21:50:01.434] Config(CONTRACT_CONSTRUCTION_PARTS) Squad/Contracts/constructionContractParts/CONTRACT_CONSTRUCTION_PARTS
[LOG 21:50:01.434] Config(Contracts) Squad/Contracts/Contracts/Contracts
[LOG 21:50:01.434] Config(CONTRACTCRAFT) Squad/Contracts/PrebuiltCraft/prebuiltData/CONTRACTCRAFT
[LOG 21:50:01.434] Config(CONTRACTCRAFT) Squad/Contracts/PrebuiltCraft/OrbitalConstructionContract/orbitalConstructionContractCraft/CONTRACTCRAFT
[LOG 21:50:01.434] Config(CONTRACTCRAFT) Squad/Contracts/PrebuiltCraft/RepairContract/repairContractCraft/CONTRACTCRAFT
[LOG 21:50:01.434] Config(CONTRACTCRAFT) Squad/Contracts/PrebuiltCraft/RoverContract/roverContractCraft/CONTRACTCRAFT
[LOG 21:50:01.434] Config(KEYBOARD_LAYOUT) Squad/Controls/Azerty/#autoLOC_6001233
[LOG 21:50:01.434] Config(PITCH_DOWN) Squad/Controls/Azerty/PITCH_DOWN
[LOG 21:50:01.434] Config(PITCH_UP) Squad/Controls/Azerty/PITCH_UP
[LOG 21:50:01.434] Config(YAW_LEFT) Squad/Controls/Azerty/YAW_LEFT
[LOG 21:50:01.434] Config(YAW_RIGHT) Squad/Controls/Azerty/YAW_RIGHT
[LOG 21:50:01.434] Config(ROLL_LEFT) Squad/Controls/Azerty/ROLL_LEFT
[LOG 21:50:01.434] Config(ROLL_RIGHT) Squad/Controls/Azerty/ROLL_RIGHT
[LOG 21:50:01.434] Config(THROTTLE_UP) Squad/Controls/Azerty/THROTTLE_UP
[LOG 21:50:01.434] Config(THROTTLE_DOWN) Squad/Controls/Azerty/THROTTLE_DOWN
[LOG 21:50:01.434] Config(SAS_HOLD) Squad/Controls/Azerty/SAS_HOLD
[LOG 21:50:01.434] Config(SAS_TOGGLE) Squad/Controls/Azerty/SAS_TOGGLE
[LOG 21:50:01.434] Config(LAUNCH_STAGES) Squad/Controls/Azerty/LAUNCH_STAGES
[LOG 21:50:01.434] Config(Docking_toggleRotLin) Squad/Controls/Azerty/Docking_toggleRotLin
[LOG 21:50:01.434] Config(CAMERA_MODE) Squad/Controls/Azerty/CAMERA_MODE
[LOG 21:50:01.434] Config(CAMERA_NEXT) Squad/Controls/Azerty/CAMERA_NEXT
[LOG 21:50:01.434] Config(PAUSE) Squad/Controls/Azerty/PAUSE
[LOG 21:50:01.434] Config(PRECISION_CTRL) Squad/Controls/Azerty/PRECISION_CTRL
[LOG 21:50:01.434] Config(ZOOM_IN) Squad/Controls/Azerty/ZOOM_IN
[LOG 21:50:01.434] Config(ZOOM_OUT) Squad/Controls/Azerty/ZOOM_OUT
[LOG 21:50:01.434] Config(SCROLL_VIEW_UP) Squad/Controls/Azerty/SCROLL_VIEW_UP
[LOG 21:50:01.434] Config(SCROLL_VIEW_DOWN) Squad/Controls/Azerty/SCROLL_VIEW_DOWN
[LOG 21:50:01.434] Config(SCROLL_ICONS_UP) Squad/Controls/Azerty/SCROLL_ICONS_UP
[LOG 21:50:01.434] Config(SCROLL_ICONS_DOWN) Squad/Controls/Azerty/SCROLL_ICONS_DOWN
[LOG 21:50:01.434] Config(CAMERA_ORBIT_UP) Squad/Controls/Azerty/CAMERA_ORBIT_UP
[LOG 21:50:01.434] Config(CAMERA_ORBIT_DOWN) Squad/Controls/Azerty/CAMERA_ORBIT_DOWN
[LOG 21:50:01.434] Config(CAMERA_ORBIT_LEFT) Squad/Controls/Azerty/CAMERA_ORBIT_LEFT
[LOG 21:50:01.434] Config(CAMERA_ORBIT_RIGHT) Squad/Controls/Azerty/CAMERA_ORBIT_RIGHT
[LOG 21:50:01.435] Config(CAMERA_RESET) Squad/Controls/Azerty/CAMERA_RESET
[LOG 21:50:01.435] Config(CAMERA_MOUSE_TOGGLE) Squad/Controls/Azerty/CAMERA_MOUSE_TOGGLE
[LOG 21:50:01.435] Config(TIME_WARP_INCREASE) Squad/Controls/Azerty/TIME_WARP_INCREASE
[LOG 21:50:01.435] Config(TIME_WARP_DECREASE) Squad/Controls/Azerty/TIME_WARP_DECREASE
[LOG 21:50:01.435] Config(TIME_WARP_STOP) Squad/Controls/Azerty/TIME_WARP_STOP
[LOG 21:50:01.435] Config(MAP_VIEW_TOGGLE) Squad/Controls/Azerty/MAP_VIEW_TOGGLE
[LOG 21:50:01.435] Config(NAVBALL_TOGGLE) Squad/Controls/Azerty/NAVBALL_TOGGLE
[LOG 21:50:01.435] Config(UIMODE_STAGING) Squad/Controls/Azerty/UIMODE_STAGING
[LOG 21:50:01.435] Config(UIMODE_DOCKING) Squad/Controls/Azerty/UIMODE_DOCKING
[LOG 21:50:01.435] Config(TRANSLATE_DOWN) Squad/Controls/Azerty/TRANSLATE_DOWN
[LOG 21:50:01.435] Config(TRANSLATE_UP) Squad/Controls/Azerty/TRANSLATE_UP
[LOG 21:50:01.435] Config(TRANSLATE_LEFT) Squad/Controls/Azerty/TRANSLATE_LEFT
[LOG 21:50:01.435] Config(TRANSLATE_RIGHT) Squad/Controls/Azerty/TRANSLATE_RIGHT
[LOG 21:50:01.435] Config(TRANSLATE_FWD) Squad/Controls/Azerty/TRANSLATE_FWD
[LOG 21:50:01.435] Config(TRANSLATE_BACK) Squad/Controls/Azerty/TRANSLATE_BACK
[LOG 21:50:01.435] Config(RCS_TOGGLE) Squad/Controls/Azerty/RCS_TOGGLE
[LOG 21:50:01.435] Config(FOCUS_NEXT_VESSEL) Squad/Controls/Azerty/FOCUS_NEXT_VESSEL
[LOG 21:50:01.435] Config(FOCUS_PREV_VESSEL) Squad/Controls/Azerty/FOCUS_PREV_VESSEL
[LOG 21:50:01.435] Config(TOGGLE_UI) Squad/Controls/Azerty/TOGGLE_UI
[LOG 21:50:01.435] Config(TOGGLE_STATUS_SCREEN) Squad/Controls/Azerty/TOGGLE_STATUS_SCREEN
[LOG 21:50:01.435] Config(TAKE_SCREENSHOT) Squad/Controls/Azerty/TAKE_SCREENSHOT
[LOG 21:50:01.435] Config(TOGGLE_LABELS) Squad/Controls/Azerty/TOGGLE_LABELS
[LOG 21:50:01.435] Config(TOGGLE_TEMP_GAUGES) Squad/Controls/Azerty/TOGGLE_TEMP_GAUGES
[LOG 21:50:01.435] Config(TOGGLE_TEMP_OVERLAY) Squad/Controls/Azerty/TOGGLE_TEMP_OVERLAY
[LOG 21:50:01.435] Config(TOGGLE_FLIGHT_FORCES) Squad/Controls/Azerty/TOGGLE_FLIGHT_FORCES
[LOG 21:50:01.435] Config(QUICKSAVE) Squad/Controls/Azerty/QUICKSAVE
[LOG 21:50:01.435] Config(QUICKLOAD) Squad/Controls/Azerty/QUICKLOAD
[LOG 21:50:01.435] Config(THROTTLE_CUTOFF) Squad/Controls/Azerty/THROTTLE_CUTOFF
[LOG 21:50:01.435] Config(THROTTLE_FULL) Squad/Controls/Azerty/THROTTLE_FULL
[LOG 21:50:01.435] Config(LANDING_GEAR) Squad/Controls/Azerty/LANDING_GEAR
[LOG 21:50:01.435] Config(HEADLIGHT_TOGGLE) Squad/Controls/Azerty/HEADLIGHT_TOGGLE
[LOG 21:50:01.435] Config(BRAKES) Squad/Controls/Azerty/BRAKES
[LOG 21:50:01.435] Config(TOGGLE_SPACENAV_FLIGHT_CONTROL) Squad/Controls/Azerty/TOGGLE_SPACENAV_FLIGHT_CONTROL
[LOG 21:50:01.435] Config(TOGGLE_SPACENAV_ROLL_LOCK) Squad/Controls/Azerty/TOGGLE_SPACENAV_ROLL_LOCK
[LOG 21:50:01.435] Config(WHEEL_STEER_LEFT) Squad/Controls/Azerty/WHEEL_STEER_LEFT
[LOG 21:50:01.435] Config(WHEEL_STEER_RIGHT) Squad/Controls/Azerty/WHEEL_STEER_RIGHT
[LOG 21:50:01.435] Config(WHEEL_THROTTLE_DOWN) Squad/Controls/Azerty/WHEEL_THROTTLE_DOWN
[LOG 21:50:01.435] Config(WHEEL_THROTTLE_UP) Squad/Controls/Azerty/WHEEL_THROTTLE_UP
[LOG 21:50:01.435] Config(EVA_forward) Squad/Controls/Azerty/EVA_forward
[LOG 21:50:01.435] Config(EVA_back) Squad/Controls/Azerty/EVA_back
[LOG 21:50:01.435] Config(EVA_left) Squad/Controls/Azerty/EVA_left
[LOG 21:50:01.435] Config(EVA_right) Squad/Controls/Azerty/EVA_right
[LOG 21:50:01.435] Config(EVA_yaw_left) Squad/Controls/Azerty/EVA_yaw_left
[LOG 21:50:01.435] Config(EVA_yaw_right) Squad/Controls/Azerty/EVA_yaw_right
[LOG 21:50:01.435] Config(EVA_Pack_forward) Squad/Controls/Azerty/EVA_Pack_forward
[LOG 21:50:01.435] Config(EVA_Pack_back) Squad/Controls/Azerty/EVA_Pack_back
[LOG 21:50:01.435] Config(EVA_Pack_left) Squad/Controls/Azerty/EVA_Pack_left
[LOG 21:50:01.435] Config(EVA_Pack_right) Squad/Controls/Azerty/EVA_Pack_right
[LOG 21:50:01.436] Config(EVA_Pack_up) Squad/Controls/Azerty/EVA_Pack_up
[LOG 21:50:01.436] Config(EVA_Pack_down) Squad/Controls/Azerty/EVA_Pack_down
[LOG 21:50:01.436] Config(EVA_Jump) Squad/Controls/Azerty/EVA_Jump
[LOG 21:50:01.436] Config(EVA_Run) Squad/Controls/Azerty/EVA_Run
[LOG 21:50:01.436] Config(EVA_ToggleMovementMode) Squad/Controls/Azerty/EVA_ToggleMovementMode
[LOG 21:50:01.436] Config(EVA_TogglePack) Squad/Controls/Azerty/EVA_TogglePack
[LOG 21:50:01.436] Config(EVA_Use) Squad/Controls/Azerty/EVA_Use
[LOG 21:50:01.436] Config(EVA_Board) Squad/Controls/Azerty/EVA_Board
[LOG 21:50:01.436] Config(EVA_Orient) Squad/Controls/Azerty/EVA_Orient
[LOG 21:50:01.436] Config(EVA_Lights) Squad/Controls/Azerty/EVA_Lights
[LOG 21:50:01.436] Config(EVA_ChuteDeploy) Squad/Controls/Azerty/EVA_ChuteDeploy
[LOG 21:50:01.436] Config(Editor_pitchUp) Squad/Controls/Azerty/Editor_pitchUp
[LOG 21:50:01.436] Config(Editor_pitchDown) Squad/Controls/Azerty/Editor_pitchDown
[LOG 21:50:01.436] Config(Editor_yawLeft) Squad/Controls/Azerty/Editor_yawLeft
[LOG 21:50:01.436] Config(Editor_yawRight) Squad/Controls/Azerty/Editor_yawRight
[LOG 21:50:01.436] Config(Editor_rollLeft) Squad/Controls/Azerty/Editor_rollLeft
[LOG 21:50:01.436] Config(Editor_rollRight) Squad/Controls/Azerty/Editor_rollRight
[LOG 21:50:01.436] Config(Editor_resetRotation) Squad/Controls/Azerty/Editor_resetRotation
[LOG 21:50:01.436] Config(Editor_modePlace) Squad/Controls/Azerty/Editor_modePlace
[LOG 21:50:01.436] Config(Editor_modeOffset) Squad/Controls/Azerty/Editor_modeOffset
[LOG 21:50:01.436] Config(Editor_modeRotate) Squad/Controls/Azerty/Editor_modeRotate
[LOG 21:50:01.436] Config(Editor_modeRoot) Squad/Controls/Azerty/Editor_modeRoot
[LOG 21:50:01.436] Config(Editor_coordSystem) Squad/Controls/Azerty/Editor_coordSystem
[LOG 21:50:01.436] Config(Editor_toggleSymMethod) Squad/Controls/Azerty/Editor_toggleSymMethod
[LOG 21:50:01.436] Config(Editor_toggleSymMode) Squad/Controls/Azerty/Editor_toggleSymMode
[LOG 21:50:01.436] Config(Editor_toggleAngleSnap) Squad/Controls/Azerty/Editor_toggleAngleSnap
[LOG 21:50:01.436] Config(Editor_fineTweak) Squad/Controls/Azerty/Editor_fineTweak
[LOG 21:50:01.436] Config(Editor_partSearch) Squad/Controls/Azerty/Editor_partSearch
[LOG 21:50:01.436] Config(Editor_zoomScrollModifier) Squad/Controls/Azerty/Editor_zoomScrollModifier
[LOG 21:50:01.436] Config(MODIFIER_KEY) Squad/Controls/Azerty/MODIFIER_KEY
[LOG 21:50:01.436] Config(AbortActionGroup) Squad/Controls/Azerty/AbortActionGroup
[LOG 21:50:01.436] Config(CustomActionGroup1) Squad/Controls/Azerty/CustomActionGroup1
[LOG 21:50:01.436] Config(CustomActionGroup2) Squad/Controls/Azerty/CustomActionGroup2
[LOG 21:50:01.436] Config(CustomActionGroup3) Squad/Controls/Azerty/CustomActionGroup3
[LOG 21:50:01.436] Config(CustomActionGroup4) Squad/Controls/Azerty/CustomActionGroup4
[LOG 21:50:01.436] Config(CustomActionGroup5) Squad/Controls/Azerty/CustomActionGroup5
[LOG 21:50:01.436] Config(CustomActionGroup6) Squad/Controls/Azerty/CustomActionGroup6
[LOG 21:50:01.436] Config(CustomActionGroup7) Squad/Controls/Azerty/CustomActionGroup7
[LOG 21:50:01.436] Config(CustomActionGroup8) Squad/Controls/Azerty/CustomActionGroup8
[LOG 21:50:01.436] Config(CustomActionGroup9) Squad/Controls/Azerty/CustomActionGroup9
[LOG 21:50:01.436] Config(CustomActionGroup10) Squad/Controls/Azerty/CustomActionGroup10
[LOG 21:50:01.436] Config(KEY_MAP) Squad/Controls/Azerty/KEY_MAP
[LOG 21:50:01.436] Config(KEYBOARD_LAYOUT) Squad/Controls/Dvorak/#autoLOC_6001234
[LOG 21:50:01.436] Config(PITCH_DOWN) Squad/Controls/Dvorak/PITCH_DOWN
[LOG 21:50:01.436] Config(PITCH_UP) Squad/Controls/Dvorak/PITCH_UP
[LOG 21:50:01.436] Config(YAW_LEFT) Squad/Controls/Dvorak/YAW_LEFT
[LOG 21:50:01.436] Config(YAW_RIGHT) Squad/Controls/Dvorak/YAW_RIGHT
[LOG 21:50:01.436] Config(ROLL_LEFT) Squad/Controls/Dvorak/ROLL_LEFT
[LOG 21:50:01.437] Config(ROLL_RIGHT) Squad/Controls/Dvorak/ROLL_RIGHT
[LOG 21:50:01.437] Config(THROTTLE_UP) Squad/Controls/Dvorak/THROTTLE_UP
[LOG 21:50:01.437] Config(THROTTLE_DOWN) Squad/Controls/Dvorak/THROTTLE_DOWN
[LOG 21:50:01.437] Config(SAS_HOLD) Squad/Controls/Dvorak/SAS_HOLD
[LOG 21:50:01.437] Config(SAS_TOGGLE) Squad/Controls/Dvorak/SAS_TOGGLE
[LOG 21:50:01.437] Config(LAUNCH_STAGES) Squad/Controls/Dvorak/LAUNCH_STAGES
[LOG 21:50:01.437] Config(Docking_toggleRotLin) Squad/Controls/Dvorak/Docking_toggleRotLin
[LOG 21:50:01.437] Config(CAMERA_MODE) Squad/Controls/Dvorak/CAMERA_MODE
[LOG 21:50:01.437] Config(CAMERA_NEXT) Squad/Controls/Dvorak/CAMERA_NEXT
[LOG 21:50:01.437] Config(PAUSE) Squad/Controls/Dvorak/PAUSE
[LOG 21:50:01.437] Config(PRECISION_CTRL) Squad/Controls/Dvorak/PRECISION_CTRL
[LOG 21:50:01.437] Config(ZOOM_IN) Squad/Controls/Dvorak/ZOOM_IN
[LOG 21:50:01.437] Config(ZOOM_OUT) Squad/Controls/Dvorak/ZOOM_OUT
[LOG 21:50:01.437] Config(SCROLL_VIEW_UP) Squad/Controls/Dvorak/SCROLL_VIEW_UP
[LOG 21:50:01.437] Config(SCROLL_VIEW_DOWN) Squad/Controls/Dvorak/SCROLL_VIEW_DOWN
[LOG 21:50:01.437] Config(SCROLL_ICONS_UP) Squad/Controls/Dvorak/SCROLL_ICONS_UP
[LOG 21:50:01.437] Config(SCROLL_ICONS_DOWN) Squad/Controls/Dvorak/SCROLL_ICONS_DOWN
[LOG 21:50:01.437] Config(CAMERA_ORBIT_UP) Squad/Controls/Dvorak/CAMERA_ORBIT_UP
[LOG 21:50:01.437] Config(CAMERA_ORBIT_DOWN) Squad/Controls/Dvorak/CAMERA_ORBIT_DOWN
[LOG 21:50:01.437] Config(CAMERA_ORBIT_LEFT) Squad/Controls/Dvorak/CAMERA_ORBIT_LEFT
[LOG 21:50:01.437] Config(CAMERA_ORBIT_RIGHT) Squad/Controls/Dvorak/CAMERA_ORBIT_RIGHT
[LOG 21:50:01.437] Config(CAMERA_RESET) Squad/Controls/Dvorak/CAMERA_RESET
[LOG 21:50:01.437] Config(CAMERA_MOUSE_TOGGLE) Squad/Controls/Dvorak/CAMERA_MOUSE_TOGGLE
[LOG 21:50:01.437] Config(TIME_WARP_INCREASE) Squad/Controls/Dvorak/TIME_WARP_INCREASE
[LOG 21:50:01.437] Config(TIME_WARP_DECREASE) Squad/Controls/Dvorak/TIME_WARP_DECREASE
[LOG 21:50:01.437] Config(TIME_WARP_STOP) Squad/Controls/Dvorak/TIME_WARP_STOP
[LOG 21:50:01.437] Config(MAP_VIEW_TOGGLE) Squad/Controls/Dvorak/MAP_VIEW_TOGGLE
[LOG 21:50:01.437] Config(NAVBALL_TOGGLE) Squad/Controls/Dvorak/NAVBALL_TOGGLE
[LOG 21:50:01.437] Config(UIMODE_STAGING) Squad/Controls/Dvorak/UIMODE_STAGING
[LOG 21:50:01.437] Config(UIMODE_DOCKING) Squad/Controls/Dvorak/UIMODE_DOCKING
[LOG 21:50:01.437] Config(TRANSLATE_DOWN) Squad/Controls/Dvorak/TRANSLATE_DOWN
[LOG 21:50:01.437] Config(TRANSLATE_UP) Squad/Controls/Dvorak/TRANSLATE_UP
[LOG 21:50:01.437] Config(TRANSLATE_LEFT) Squad/Controls/Dvorak/TRANSLATE_LEFT
[LOG 21:50:01.437] Config(TRANSLATE_RIGHT) Squad/Controls/Dvorak/TRANSLATE_RIGHT
[LOG 21:50:01.437] Config(TRANSLATE_FWD) Squad/Controls/Dvorak/TRANSLATE_FWD
[LOG 21:50:01.437] Config(TRANSLATE_BACK) Squad/Controls/Dvorak/TRANSLATE_BACK
[LOG 21:50:01.437] Config(RCS_TOGGLE) Squad/Controls/Dvorak/RCS_TOGGLE
[LOG 21:50:01.437] Config(FOCUS_NEXT_VESSEL) Squad/Controls/Dvorak/FOCUS_NEXT_VESSEL
[LOG 21:50:01.437] Config(FOCUS_PREV_VESSEL) Squad/Controls/Dvorak/FOCUS_PREV_VESSEL
[LOG 21:50:01.437] Config(TOGGLE_UI) Squad/Controls/Dvorak/TOGGLE_UI
[LOG 21:50:01.437] Config(TOGGLE_STATUS_SCREEN) Squad/Controls/Dvorak/TOGGLE_STATUS_SCREEN
[LOG 21:50:01.437] Config(TAKE_SCREENSHOT) Squad/Controls/Dvorak/TAKE_SCREENSHOT
[LOG 21:50:01.437] Config(TOGGLE_LABELS) Squad/Controls/Dvorak/TOGGLE_LABELS
[LOG 21:50:01.437] Config(TOGGLE_TEMP_GAUGES) Squad/Controls/Dvorak/TOGGLE_TEMP_GAUGES
[LOG 21:50:01.437] Config(TOGGLE_TEMP_OVERLAY) Squad/Controls/Dvorak/TOGGLE_TEMP_OVERLAY
[LOG 21:50:01.438] Config(TOGGLE_FLIGHT_FORCES) Squad/Controls/Dvorak/TOGGLE_FLIGHT_FORCES
[LOG 21:50:01.438] Config(QUICKSAVE) Squad/Controls/Dvorak/QUICKSAVE
[LOG 21:50:01.438] Config(QUICKLOAD) Squad/Controls/Dvorak/QUICKLOAD
[LOG 21:50:01.438] Config(THROTTLE_CUTOFF) Squad/Controls/Dvorak/THROTTLE_CUTOFF
[LOG 21:50:01.438] Config(THROTTLE_FULL) Squad/Controls/Dvorak/THROTTLE_FULL
[LOG 21:50:01.438] Config(LANDING_GEAR) Squad/Controls/Dvorak/LANDING_GEAR
[LOG 21:50:01.438] Config(HEADLIGHT_TOGGLE) Squad/Controls/Dvorak/HEADLIGHT_TOGGLE
[LOG 21:50:01.438] Config(BRAKES) Squad/Controls/Dvorak/BRAKES
[LOG 21:50:01.438] Config(TOGGLE_SPACENAV_FLIGHT_CONTROL) Squad/Controls/Dvorak/TOGGLE_SPACENAV_FLIGHT_CONTROL
[LOG 21:50:01.438] Config(TOGGLE_SPACENAV_ROLL_LOCK) Squad/Controls/Dvorak/TOGGLE_SPACENAV_ROLL_LOCK
[LOG 21:50:01.438] Config(WHEEL_STEER_LEFT) Squad/Controls/Dvorak/WHEEL_STEER_LEFT
[LOG 21:50:01.438] Config(WHEEL_STEER_RIGHT) Squad/Controls/Dvorak/WHEEL_STEER_RIGHT
[LOG 21:50:01.438] Config(WHEEL_THROTTLE_DOWN) Squad/Controls/Dvorak/WHEEL_THROTTLE_DOWN
[LOG 21:50:01.438] Config(WHEEL_THROTTLE_UP) Squad/Controls/Dvorak/WHEEL_THROTTLE_UP
[LOG 21:50:01.438] Config(EVA_forward) Squad/Controls/Dvorak/EVA_forward
[LOG 21:50:01.438] Config(EVA_back) Squad/Controls/Dvorak/EVA_back
[LOG 21:50:01.438] Config(EVA_left) Squad/Controls/Dvorak/EVA_left
[LOG 21:50:01.438] Config(EVA_right) Squad/Controls/Dvorak/EVA_right
[LOG 21:50:01.438] Config(EVA_yaw_left) Squad/Controls/Dvorak/EVA_yaw_left
[LOG 21:50:01.438] Config(EVA_yaw_right) Squad/Controls/Dvorak/EVA_yaw_right
[LOG 21:50:01.438] Config(EVA_Pack_forward) Squad/Controls/Dvorak/EVA_Pack_forward
[LOG 21:50:01.438] Config(EVA_Pack_back) Squad/Controls/Dvorak/EVA_Pack_back
[LOG 21:50:01.438] Config(EVA_Pack_left) Squad/Controls/Dvorak/EVA_Pack_left
[LOG 21:50:01.438] Config(EVA_Pack_right) Squad/Controls/Dvorak/EVA_Pack_right
[LOG 21:50:01.438] Config(EVA_Pack_up) Squad/Controls/Dvorak/EVA_Pack_up
[LOG 21:50:01.438] Config(EVA_Pack_down) Squad/Controls/Dvorak/EVA_Pack_down
[LOG 21:50:01.438] Config(EVA_Jump) Squad/Controls/Dvorak/EVA_Jump
[LOG 21:50:01.438] Config(EVA_Run) Squad/Controls/Dvorak/EVA_Run
[LOG 21:50:01.438] Config(EVA_ToggleMovementMode) Squad/Controls/Dvorak/EVA_ToggleMovementMode
[LOG 21:50:01.438] Config(EVA_TogglePack) Squad/Controls/Dvorak/EVA_TogglePack
[LOG 21:50:01.438] Config(EVA_Use) Squad/Controls/Dvorak/EVA_Use
[LOG 21:50:01.438] Config(EVA_Board) Squad/Controls/Dvorak/EVA_Board
[LOG 21:50:01.438] Config(EVA_Orient) Squad/Controls/Dvorak/EVA_Orient
[LOG 21:50:01.438] Config(EVA_Lights) Squad/Controls/Dvorak/EVA_Lights
[LOG 21:50:01.438] Config(EVA_ChuteDeploy) Squad/Controls/Dvorak/EVA_ChuteDeploy
[LOG 21:50:01.438] Config(Editor_pitchUp) Squad/Controls/Dvorak/Editor_pitchUp
[LOG 21:50:01.438] Config(Editor_pitchDown) Squad/Controls/Dvorak/Editor_pitchDown
[LOG 21:50:01.438] Config(Editor_yawLeft) Squad/Controls/Dvorak/Editor_yawLeft
[LOG 21:50:01.438] Config(Editor_yawRight) Squad/Controls/Dvorak/Editor_yawRight
[LOG 21:50:01.438] Config(Editor_rollLeft) Squad/Controls/Dvorak/Editor_rollLeft
[LOG 21:50:01.438] Config(Editor_rollRight) Squad/Controls/Dvorak/Editor_rollRight
[LOG 21:50:01.438] Config(Editor_resetRotation) Squad/Controls/Dvorak/Editor_resetRotation
[LOG 21:50:01.438] Config(Editor_modePlace) Squad/Controls/Dvorak/Editor_modePlace
[LOG 21:50:01.438] Config(Editor_modeOffset) Squad/Controls/Dvorak/Editor_modeOffset
[LOG 21:50:01.438] Config(Editor_modeRotate) Squad/Controls/Dvorak/Editor_modeRotate
[LOG 21:50:01.438] Config(Editor_modeRoot) Squad/Controls/Dvorak/Editor_modeRoot
[LOG 21:50:01.438] Config(Editor_coordSystem) Squad/Controls/Dvorak/Editor_coordSystem
[LOG 21:50:01.438] Config(Editor_toggleSymMethod) Squad/Controls/Dvorak/Editor_toggleSymMethod
[LOG 21:50:01.438] Config(Editor_toggleSymMode) Squad/Controls/Dvorak/Editor_toggleSymMode
[LOG 21:50:01.439] Config(Editor_toggleAngleSnap) Squad/Controls/Dvorak/Editor_toggleAngleSnap
[LOG 21:50:01.439] Config(Editor_fineTweak) Squad/Controls/Dvorak/Editor_fineTweak
[LOG 21:50:01.439] Config(Editor_partSearch) Squad/Controls/Dvorak/Editor_partSearch
[LOG 21:50:01.439] Config(Editor_zoomScrollModifier) Squad/Controls/Dvorak/Editor_zoomScrollModifier
[LOG 21:50:01.439] Config(MODIFIER_KEY) Squad/Controls/Dvorak/MODIFIER_KEY
[LOG 21:50:01.439] Config(AbortActionGroup) Squad/Controls/Dvorak/AbortActionGroup
[LOG 21:50:01.439] Config(CustomActionGroup1) Squad/Controls/Dvorak/CustomActionGroup1
[LOG 21:50:01.439] Config(CustomActionGroup2) Squad/Controls/Dvorak/CustomActionGroup2
[LOG 21:50:01.439] Config(CustomActionGroup3) Squad/Controls/Dvorak/CustomActionGroup3
[LOG 21:50:01.439] Config(CustomActionGroup4) Squad/Controls/Dvorak/CustomActionGroup4
[LOG 21:50:01.439] Config(CustomActionGroup5) Squad/Controls/Dvorak/CustomActionGroup5
[LOG 21:50:01.439] Config(CustomActionGroup6) Squad/Controls/Dvorak/CustomActionGroup6
[LOG 21:50:01.439] Config(CustomActionGroup7) Squad/Controls/Dvorak/CustomActionGroup7
[LOG 21:50:01.439] Config(CustomActionGroup8) Squad/Controls/Dvorak/CustomActionGroup8
[LOG 21:50:01.439] Config(CustomActionGroup9) Squad/Controls/Dvorak/CustomActionGroup9
[LOG 21:50:01.439] Config(CustomActionGroup10) Squad/Controls/Dvorak/CustomActionGroup10
[LOG 21:50:01.439] Config(KEY_MAP) Squad/Controls/Dvorak/KEY_MAP
[LOG 21:50:01.439] Config(KEYBOARD_LAYOUT) Squad/Controls/Qwerty/#autoLOC_6001227
[LOG 21:50:01.439] Config(PITCH_DOWN) Squad/Controls/Qwerty/PITCH_DOWN
[LOG 21:50:01.439] Config(PITCH_UP) Squad/Controls/Qwerty/PITCH_UP
[LOG 21:50:01.439] Config(YAW_LEFT) Squad/Controls/Qwerty/YAW_LEFT
[LOG 21:50:01.439] Config(YAW_RIGHT) Squad/Controls/Qwerty/YAW_RIGHT
[LOG 21:50:01.439] Config(ROLL_LEFT) Squad/Controls/Qwerty/ROLL_LEFT
[LOG 21:50:01.439] Config(ROLL_RIGHT) Squad/Controls/Qwerty/ROLL_RIGHT
[LOG 21:50:01.439] Config(THROTTLE_UP) Squad/Controls/Qwerty/THROTTLE_UP
[LOG 21:50:01.439] Config(THROTTLE_DOWN) Squad/Controls/Qwerty/THROTTLE_DOWN
[LOG 21:50:01.439] Config(SAS_HOLD) Squad/Controls/Qwerty/SAS_HOLD
[LOG 21:50:01.439] Config(SAS_TOGGLE) Squad/Controls/Qwerty/SAS_TOGGLE
[LOG 21:50:01.439] Config(LAUNCH_STAGES) Squad/Controls/Qwerty/LAUNCH_STAGES
[LOG 21:50:01.439] Config(Docking_toggleRotLin) Squad/Controls/Qwerty/Docking_toggleRotLin
[LOG 21:50:01.439] Config(CAMERA_MODE) Squad/Controls/Qwerty/CAMERA_MODE
[LOG 21:50:01.439] Config(CAMERA_NEXT) Squad/Controls/Qwerty/CAMERA_NEXT
[LOG 21:50:01.439] Config(PAUSE) Squad/Controls/Qwerty/PAUSE
[LOG 21:50:01.439] Config(PRECISION_CTRL) Squad/Controls/Qwerty/PRECISION_CTRL
[LOG 21:50:01.439] Config(ZOOM_IN) Squad/Controls/Qwerty/ZOOM_IN
[LOG 21:50:01.439] Config(ZOOM_OUT) Squad/Controls/Qwerty/ZOOM_OUT
[LOG 21:50:01.439] Config(SCROLL_VIEW_UP) Squad/Controls/Qwerty/SCROLL_VIEW_UP
[LOG 21:50:01.439] Config(SCROLL_VIEW_DOWN) Squad/Controls/Qwerty/SCROLL_VIEW_DOWN
[LOG 21:50:01.439] Config(SCROLL_ICONS_UP) Squad/Controls/Qwerty/SCROLL_ICONS_UP
[LOG 21:50:01.439] Config(SCROLL_ICONS_DOWN) Squad/Controls/Qwerty/SCROLL_ICONS_DOWN
[LOG 21:50:01.439] Config(CAMERA_ORBIT_UP) Squad/Controls/Qwerty/CAMERA_ORBIT_UP
[LOG 21:50:01.439] Config(CAMERA_ORBIT_DOWN) Squad/Controls/Qwerty/CAMERA_ORBIT_DOWN
[LOG 21:50:01.439] Config(CAMERA_ORBIT_LEFT) Squad/Controls/Qwerty/CAMERA_ORBIT_LEFT
[LOG 21:50:01.439] Config(CAMERA_ORBIT_RIGHT) Squad/Controls/Qwerty/CAMERA_ORBIT_RIGHT
[LOG 21:50:01.439] Config(CAMERA_RESET) Squad/Controls/Qwerty/CAMERA_RESET
[LOG 21:50:01.439] Config(CAMERA_MOUSE_TOGGLE) Squad/Controls/Qwerty/CAMERA_MOUSE_TOGGLE
[LOG 21:50:01.439] Config(TIME_WARP_INCREASE) Squad/Controls/Qwerty/TIME_WARP_INCREASE
[LOG 21:50:01.440] Config(TIME_WARP_DECREASE) Squad/Controls/Qwerty/TIME_WARP_DECREASE
[LOG 21:50:01.440] Config(TIME_WARP_STOP) Squad/Controls/Qwerty/TIME_WARP_STOP
[LOG 21:50:01.440] Config(MAP_VIEW_TOGGLE) Squad/Controls/Qwerty/MAP_VIEW_TOGGLE
[LOG 21:50:01.440] Config(NAVBALL_TOGGLE) Squad/Controls/Qwerty/NAVBALL_TOGGLE
[LOG 21:50:01.440] Config(UIMODE_STAGING) Squad/Controls/Qwerty/UIMODE_STAGING
[LOG 21:50:01.440] Config(UIMODE_DOCKING) Squad/Controls/Qwerty/UIMODE_DOCKING
[LOG 21:50:01.440] Config(TRANSLATE_DOWN) Squad/Controls/Qwerty/TRANSLATE_DOWN
[LOG 21:50:01.440] Config(TRANSLATE_UP) Squad/Controls/Qwerty/TRANSLATE_UP
[LOG 21:50:01.440] Config(TRANSLATE_LEFT) Squad/Controls/Qwerty/TRANSLATE_LEFT
[LOG 21:50:01.440] Config(TRANSLATE_RIGHT) Squad/Controls/Qwerty/TRANSLATE_RIGHT
[LOG 21:50:01.440] Config(TRANSLATE_FWD) Squad/Controls/Qwerty/TRANSLATE_FWD
[LOG 21:50:01.440] Config(TRANSLATE_BACK) Squad/Controls/Qwerty/TRANSLATE_BACK
[LOG 21:50:01.440] Config(RCS_TOGGLE) Squad/Controls/Qwerty/RCS_TOGGLE
[LOG 21:50:01.440] Config(FOCUS_NEXT_VESSEL) Squad/Controls/Qwerty/FOCUS_NEXT_VESSEL
[LOG 21:50:01.440] Config(FOCUS_PREV_VESSEL) Squad/Controls/Qwerty/FOCUS_PREV_VESSEL
[LOG 21:50:01.440] Config(TOGGLE_UI) Squad/Controls/Qwerty/TOGGLE_UI
[LOG 21:50:01.440] Config(TOGGLE_STATUS_SCREEN) Squad/Controls/Qwerty/TOGGLE_STATUS_SCREEN
[LOG 21:50:01.440] Config(TAKE_SCREENSHOT) Squad/Controls/Qwerty/TAKE_SCREENSHOT
[LOG 21:50:01.440] Config(TOGGLE_LABELS) Squad/Controls/Qwerty/TOGGLE_LABELS
[LOG 21:50:01.440] Config(TOGGLE_TEMP_GAUGES) Squad/Controls/Qwerty/TOGGLE_TEMP_GAUGES
[LOG 21:50:01.440] Config(TOGGLE_TEMP_OVERLAY) Squad/Controls/Qwerty/TOGGLE_TEMP_OVERLAY
[LOG 21:50:01.440] Config(TOGGLE_FLIGHT_FORCES) Squad/Controls/Qwerty/TOGGLE_FLIGHT_FORCES
[LOG 21:50:01.440] Config(QUICKSAVE) Squad/Controls/Qwerty/QUICKSAVE
[LOG 21:50:01.440] Config(QUICKLOAD) Squad/Controls/Qwerty/QUICKLOAD
[LOG 21:50:01.440] Config(THROTTLE_CUTOFF) Squad/Controls/Qwerty/THROTTLE_CUTOFF
[LOG 21:50:01.440] Config(THROTTLE_FULL) Squad/Controls/Qwerty/THROTTLE_FULL
[LOG 21:50:01.440] Config(LANDING_GEAR) Squad/Controls/Qwerty/LANDING_GEAR
[LOG 21:50:01.440] Config(HEADLIGHT_TOGGLE) Squad/Controls/Qwerty/HEADLIGHT_TOGGLE
[LOG 21:50:01.440] Config(BRAKES) Squad/Controls/Qwerty/BRAKES
[LOG 21:50:01.440] Config(TOGGLE_SPACENAV_FLIGHT_CONTROL) Squad/Controls/Qwerty/TOGGLE_SPACENAV_FLIGHT_CONTROL
[LOG 21:50:01.440] Config(TOGGLE_SPACENAV_ROLL_LOCK) Squad/Controls/Qwerty/TOGGLE_SPACENAV_ROLL_LOCK
[LOG 21:50:01.440] Config(WHEEL_STEER_LEFT) Squad/Controls/Qwerty/WHEEL_STEER_LEFT
[LOG 21:50:01.440] Config(WHEEL_STEER_RIGHT) Squad/Controls/Qwerty/WHEEL_STEER_RIGHT
[LOG 21:50:01.440] Config(WHEEL_THROTTLE_DOWN) Squad/Controls/Qwerty/WHEEL_THROTTLE_DOWN
[LOG 21:50:01.440] Config(WHEEL_THROTTLE_UP) Squad/Controls/Qwerty/WHEEL_THROTTLE_UP
[LOG 21:50:01.440] Config(EVA_forward) Squad/Controls/Qwerty/EVA_forward
[LOG 21:50:01.440] Config(EVA_back) Squad/Controls/Qwerty/EVA_back
[LOG 21:50:01.440] Config(EVA_left) Squad/Controls/Qwerty/EVA_left
[LOG 21:50:01.440] Config(EVA_right) Squad/Controls/Qwerty/EVA_right
[LOG 21:50:01.440] Config(EVA_yaw_left) Squad/Controls/Qwerty/EVA_yaw_left
[LOG 21:50:01.440] Config(EVA_yaw_right) Squad/Controls/Qwerty/EVA_yaw_right
[LOG 21:50:01.440] Config(EVA_Pack_forward) Squad/Controls/Qwerty/EVA_Pack_forward
[LOG 21:50:01.440] Config(EVA_Pack_back) Squad/Controls/Qwerty/EVA_Pack_back
[LOG 21:50:01.440] Config(EVA_Pack_left) Squad/Controls/Qwerty/EVA_Pack_left
[LOG 21:50:01.440] Config(EVA_Pack_right) Squad/Controls/Qwerty/EVA_Pack_right
[LOG 21:50:01.440] Config(EVA_Pack_up) Squad/Controls/Qwerty/EVA_Pack_up
[LOG 21:50:01.440] Config(EVA_Pack_down) Squad/Controls/Qwerty/EVA_Pack_down
[LOG 21:50:01.440] Config(EVA_Jump) Squad/Controls/Qwerty/EVA_Jump
[LOG 21:50:01.441] Config(EVA_Run) Squad/Controls/Qwerty/EVA_Run
[LOG 21:50:01.441] Config(EVA_ToggleMovementMode) Squad/Controls/Qwerty/EVA_ToggleMovementMode
[LOG 21:50:01.441] Config(EVA_TogglePack) Squad/Controls/Qwerty/EVA_TogglePack
[LOG 21:50:01.441] Config(EVA_Use) Squad/Controls/Qwerty/EVA_Use
[LOG 21:50:01.441] Config(EVA_Board) Squad/Controls/Qwerty/EVA_Board
[LOG 21:50:01.441] Config(EVA_Orient) Squad/Controls/Qwerty/EVA_Orient
[LOG 21:50:01.441] Config(EVA_Lights) Squad/Controls/Qwerty/EVA_Lights
[LOG 21:50:01.441] Config(EVA_ChuteDeploy) Squad/Controls/Qwerty/EVA_ChuteDeploy
[LOG 21:50:01.441] Config(Editor_pitchUp) Squad/Controls/Qwerty/Editor_pitchUp
[LOG 21:50:01.441] Config(Editor_pitchDown) Squad/Controls/Qwerty/Editor_pitchDown
[LOG 21:50:01.441] Config(Editor_yawLeft) Squad/Controls/Qwerty/Editor_yawLeft
[LOG 21:50:01.441] Config(Editor_yawRight) Squad/Controls/Qwerty/Editor_yawRight
[LOG 21:50:01.441] Config(Editor_rollLeft) Squad/Controls/Qwerty/Editor_rollLeft
[LOG 21:50:01.441] Config(Editor_rollRight) Squad/Controls/Qwerty/Editor_rollRight
[LOG 21:50:01.441] Config(Editor_resetRotation) Squad/Controls/Qwerty/Editor_resetRotation
[LOG 21:50:01.441] Config(Editor_modePlace) Squad/Controls/Qwerty/Editor_modePlace
[LOG 21:50:01.441] Config(Editor_modeOffset) Squad/Controls/Qwerty/Editor_modeOffset
[LOG 21:50:01.441] Config(Editor_modeRotate) Squad/Controls/Qwerty/Editor_modeRotate
[LOG 21:50:01.441] Config(Editor_modeRoot) Squad/Controls/Qwerty/Editor_modeRoot
[LOG 21:50:01.441] Config(Editor_coordSystem) Squad/Controls/Qwerty/Editor_coordSystem
[LOG 21:50:01.441] Config(Editor_toggleSymMethod) Squad/Controls/Qwerty/Editor_toggleSymMethod
[LOG 21:50:01.441] Config(Editor_toggleSymMode) Squad/Controls/Qwerty/Editor_toggleSymMode
[LOG 21:50:01.441] Config(Editor_toggleAngleSnap) Squad/Controls/Qwerty/Editor_toggleAngleSnap
[LOG 21:50:01.441] Config(Editor_fineTweak) Squad/Controls/Qwerty/Editor_fineTweak
[LOG 21:50:01.441] Config(Editor_partSearch) Squad/Controls/Qwerty/Editor_partSearch
[LOG 21:50:01.441] Config(Editor_zoomScrollModifier) Squad/Controls/Qwerty/Editor_zoomScrollModifier
[LOG 21:50:01.441] Config(MODIFIER_KEY) Squad/Controls/Qwerty/MODIFIER_KEY
[LOG 21:50:01.441] Config(AbortActionGroup) Squad/Controls/Qwerty/AbortActionGroup
[LOG 21:50:01.441] Config(CustomActionGroup1) Squad/Controls/Qwerty/CustomActionGroup1
[LOG 21:50:01.441] Config(CustomActionGroup2) Squad/Controls/Qwerty/CustomActionGroup2
[LOG 21:50:01.441] Config(CustomActionGroup3) Squad/Controls/Qwerty/CustomActionGroup3
[LOG 21:50:01.441] Config(CustomActionGroup4) Squad/Controls/Qwerty/CustomActionGroup4
[LOG 21:50:01.441] Config(CustomActionGroup5) Squad/Controls/Qwerty/CustomActionGroup5
[LOG 21:50:01.441] Config(CustomActionGroup6) Squad/Controls/Qwerty/CustomActionGroup6
[LOG 21:50:01.441] Config(CustomActionGroup7) Squad/Controls/Qwerty/CustomActionGroup7
[LOG 21:50:01.441] Config(CustomActionGroup8) Squad/Controls/Qwerty/CustomActionGroup8
[LOG 21:50:01.441] Config(CustomActionGroup9) Squad/Controls/Qwerty/CustomActionGroup9
[LOG 21:50:01.441] Config(CustomActionGroup10) Squad/Controls/Qwerty/CustomActionGroup10
[LOG 21:50:01.441] Config(KEY_MAP) Squad/Controls/Qwerty/KEY_MAP
[LOG 21:50:01.441] Config(KEYBOARD_LAYOUT) Squad/Controls/Qwerty_en-GB/#autoLOC_6001228
[LOG 21:50:01.441] Config(KEY_MAP) Squad/Controls/Qwerty_en-GB/KEY_MAP
[LOG 21:50:01.441] Config(KEYBOARD_LAYOUT) Squad/Controls/Qwerty_es-LA/#autoLOC_6001229
[LOG 21:50:01.441] Config(CAMERA_MOUSE_TOGGLE) Squad/Controls/Qwerty_es-LA/CAMERA_MOUSE_TOGGLE
[LOG 21:50:01.441] Config(TIME_WARP_STOP) Squad/Controls/Qwerty_es-LA/TIME_WARP_STOP
[LOG 21:50:01.441] Config(FOCUS_NEXT_VESSEL) Squad/Controls/Qwerty_es-LA/FOCUS_NEXT_VESSEL
[LOG 21:50:01.441] Config(FOCUS_PREV_VESSEL) Squad/Controls/Qwerty_es-LA/FOCUS_PREV_VESSEL
[LOG 21:50:01.441] Config(CAMERA_RESET) Squad/Controls/Qwerty_es-LA/CAMERA_RESET
[LOG 21:50:01.441] Config(Editor_partSearch) Squad/Controls/Qwerty_es-LA/Editor_partSearch
[LOG 21:50:01.441] Config(KEY_MAP) Squad/Controls/Qwerty_es-LA/KEY_MAP
[LOG 21:50:01.441] Config(KEYBOARD_LAYOUT) Squad/Controls/Qwerty_it-IT/#autoLOC_6001230
[LOG 21:50:01.441] Config(FOCUS_NEXT_VESSEL) Squad/Controls/Qwerty_it-IT/FOCUS_NEXT_VESSEL
[LOG 21:50:01.441] Config(FOCUS_PREV_VESSEL) Squad/Controls/Qwerty_it-IT/FOCUS_PREV_VESSEL
[LOG 21:50:01.441] Config(CAMERA_MOUSE_TOGGLE) Squad/Controls/Qwerty_it-IT/CAMERA_MOUSE_TOGGLE
[LOG 21:50:01.441] Config(TIME_WARP_STOP) Squad/Controls/Qwerty_it-IT/TIME_WARP_STOP
[LOG 21:50:01.441] Config(CAMERA_RESET) Squad/Controls/Qwerty_it-IT/CAMERA_RESET
[LOG 21:50:01.441] Config(Editor_partSearch) Squad/Controls/Qwerty_it-IT/Editor_partSearch
[LOG 21:50:01.441] Config(KEY_MAP) Squad/Controls/Qwerty_it-IT/KEY_MAP
[LOG 21:50:01.441] Config(KEYBOARD_LAYOUT) Squad/Controls/Qwerty_ja-JP/#autoLOC_6001231
[LOG 21:50:01.441] Config(FOCUS_NEXT_VESSEL) Squad/Controls/Qwerty_ja-JP/FOCUS_NEXT_VESSEL
[LOG 21:50:01.441] Config(FOCUS_PREV_VESSEL) Squad/Controls/Qwerty_ja-JP/FOCUS_PREV_VESSEL
[LOG 21:50:01.441] Config(PRECISION_CTRL) Squad/Controls/Qwerty_ja-JP/PRECISION_CTRL
[LOG 21:50:01.441] Config(CAMERA_MOUSE_TOGGLE) Squad/Controls/Qwerty_ja-JP/CAMERA_MOUSE_TOGGLE
[LOG 21:50:01.441] Config(Editor_partSearch) Squad/Controls/Qwerty_ja-JP/Editor_partSearch
[LOG 21:50:01.441] Config(CAMERA_RESET) Squad/Controls/Qwerty_ja-JP/CAMERA_RESET
[LOG 21:50:01.441] Config(KEY_MAP) Squad/Controls/Qwerty_ja-JP/KEY_MAP
[LOG 21:50:01.441] Config(KEYBOARD_LAYOUT) Squad/Controls/Qwerty_pt-PT/#autoLOC_6001230
[LOG 21:50:01.441] Config(FOCUS_NEXT_VESSEL) Squad/Controls/Qwerty_pt-PT/FOCUS_NEXT_VESSEL
[LOG 21:50:01.441] Config(FOCUS_PREV_VESSEL) Squad/Controls/Qwerty_pt-PT/FOCUS_PREV_VESSEL
[LOG 21:50:01.442] Config(CAMERA_MOUSE_TOGGLE) Squad/Controls/Qwerty_pt-PT/CAMERA_MOUSE_TOGGLE
[LOG 21:50:01.442] Config(TIME_WARP_STOP) Squad/Controls/Qwerty_pt-PT/TIME_WARP_STOP
[LOG 21:50:01.442] Config(CAMERA_RESET) Squad/Controls/Qwerty_pt-PT/CAMERA_RESET
[LOG 21:50:01.442] Config(Editor_partSearch) Squad/Controls/Qwerty_pt-PT/Editor_partSearch
[LOG 21:50:01.442] Config(KEY_MAP) Squad/Controls/Qwerty_pt-PT/KEY_MAP
[LOG 21:50:01.442] Config(KEYBOARD_LAYOUT) Squad/Controls/Qwertz/#autoLOC_6001232
[LOG 21:50:01.442] Config(PITCH_DOWN) Squad/Controls/Qwertz/PITCH_DOWN
[LOG 21:50:01.442] Config(PITCH_UP) Squad/Controls/Qwertz/PITCH_UP
[LOG 21:50:01.442] Config(YAW_LEFT) Squad/Controls/Qwertz/YAW_LEFT
[LOG 21:50:01.442] Config(YAW_RIGHT) Squad/Controls/Qwertz/YAW_RIGHT
[LOG 21:50:01.442] Config(ROLL_LEFT) Squad/Controls/Qwertz/ROLL_LEFT
[LOG 21:50:01.442] Config(ROLL_RIGHT) Squad/Controls/Qwertz/ROLL_RIGHT
[LOG 21:50:01.442] Config(THROTTLE_UP) Squad/Controls/Qwertz/THROTTLE_UP
[LOG 21:50:01.442] Config(THROTTLE_DOWN) Squad/Controls/Qwertz/THROTTLE_DOWN
[LOG 21:50:01.442] Config(SAS_HOLD) Squad/Controls/Qwertz/SAS_HOLD
[LOG 21:50:01.442] Config(SAS_TOGGLE) Squad/Controls/Qwertz/SAS_TOGGLE
[LOG 21:50:01.442] Config(LAUNCH_STAGES) Squad/Controls/Qwertz/LAUNCH_STAGES
[LOG 21:50:01.442] Config(Docking_toggleRotLin) Squad/Controls/Qwertz/Docking_toggleRotLin
[LOG 21:50:01.442] Config(CAMERA_MODE) Squad/Controls/Qwertz/CAMERA_MODE
[LOG 21:50:01.442] Config(CAMERA_NEXT) Squad/Controls/Qwertz/CAMERA_NEXT
[LOG 21:50:01.442] Config(PAUSE) Squad/Controls/Qwertz/PAUSE
[LOG 21:50:01.442] Config(PRECISION_CTRL) Squad/Controls/Qwertz/PRECISION_CTRL
[LOG 21:50:01.442] Config(ZOOM_IN) Squad/Controls/Qwertz/ZOOM_IN
[LOG 21:50:01.442] Config(ZOOM_OUT) Squad/Controls/Qwertz/ZOOM_OUT
[LOG 21:50:01.442] Config(SCROLL_VIEW_UP) Squad/Controls/Qwertz/SCROLL_VIEW_UP
[LOG 21:50:01.442] Config(SCROLL_VIEW_DOWN) Squad/Controls/Qwertz/SCROLL_VIEW_DOWN
[LOG 21:50:01.442] Config(SCROLL_ICONS_UP) Squad/Controls/Qwertz/SCROLL_ICONS_UP
[LOG 21:50:01.442] Config(SCROLL_ICONS_DOWN) Squad/Controls/Qwertz/SCROLL_ICONS_DOWN
[LOG 21:50:01.442] Config(CAMERA_ORBIT_UP) Squad/Controls/Qwertz/CAMERA_ORBIT_UP
[LOG 21:50:01.442] Config(CAMERA_ORBIT_DOWN) Squad/Controls/Qwertz/CAMERA_ORBIT_DOWN
[LOG 21:50:01.442] Config(CAMERA_ORBIT_LEFT) Squad/Controls/Qwertz/CAMERA_ORBIT_LEFT
[LOG 21:50:01.442] Config(CAMERA_ORBIT_RIGHT) Squad/Controls/Qwertz/CAMERA_ORBIT_RIGHT
[LOG 21:50:01.442] Config(CAMERA_RESET) Squad/Controls/Qwertz/CAMERA_RESET
[LOG 21:50:01.442] Config(CAMERA_MOUSE_TOGGLE) Squad/Controls/Qwertz/CAMERA_MOUSE_TOGGLE
[LOG 21:50:01.442] Config(TIME_WARP_INCREASE) Squad/Controls/Qwertz/TIME_WARP_INCREASE
[LOG 21:50:01.442] Config(TIME_WARP_DECREASE) Squad/Controls/Qwertz/TIME_WARP_DECREASE
[LOG 21:50:01.442] Config(TIME_WARP_STOP) Squad/Controls/Qwertz/TIME_WARP_STOP
[LOG 21:50:01.442] Config(MAP_VIEW_TOGGLE) Squad/Controls/Qwertz/MAP_VIEW_TOGGLE
[LOG 21:50:01.442] Config(NAVBALL_TOGGLE) Squad/Controls/Qwertz/NAVBALL_TOGGLE
[LOG 21:50:01.442] Config(UIMODE_STAGING) Squad/Controls/Qwertz/UIMODE_STAGING
[LOG 21:50:01.442] Config(UIMODE_DOCKING) Squad/Controls/Qwertz/UIMODE_DOCKING
[LOG 21:50:01.442] Config(TRANSLATE_DOWN) Squad/Controls/Qwertz/TRANSLATE_DOWN
[LOG 21:50:01.442] Config(TRANSLATE_UP) Squad/Controls/Qwertz/TRANSLATE_UP
[LOG 21:50:01.442] Config(TRANSLATE_LEFT) Squad/Controls/Qwertz/TRANSLATE_LEFT
[LOG 21:50:01.442] Config(TRANSLATE_RIGHT) Squad/Controls/Qwertz/TRANSLATE_RIGHT
[LOG 21:50:01.442] Config(TRANSLATE_FWD) Squad/Controls/Qwertz/TRANSLATE_FWD
[LOG 21:50:01.442] Config(TRANSLATE_BACK) Squad/Controls/Qwertz/TRANSLATE_BACK
[LOG 21:50:01.443] Config(RCS_TOGGLE) Squad/Controls/Qwertz/RCS_TOGGLE
[LOG 21:50:01.443] Config(FOCUS_NEXT_VESSEL) Squad/Controls/Qwertz/FOCUS_NEXT_VESSEL
[LOG 21:50:01.443] Config(FOCUS_PREV_VESSEL) Squad/Controls/Qwertz/FOCUS_PREV_VESSEL
[LOG 21:50:01.443] Config(TOGGLE_UI) Squad/Controls/Qwertz/TOGGLE_UI
[LOG 21:50:01.443] Config(TOGGLE_STATUS_SCREEN) Squad/Controls/Qwertz/TOGGLE_STATUS_SCREEN
[LOG 21:50:01.443] Config(TAKE_SCREENSHOT) Squad/Controls/Qwertz/TAKE_SCREENSHOT
[LOG 21:50:01.443] Config(TOGGLE_LABELS) Squad/Controls/Qwertz/TOGGLE_LABELS
[LOG 21:50:01.443] Config(TOGGLE_TEMP_GAUGES) Squad/Controls/Qwertz/TOGGLE_TEMP_GAUGES
[LOG 21:50:01.443] Config(TOGGLE_TEMP_OVERLAY) Squad/Controls/Qwertz/TOGGLE_TEMP_OVERLAY
[LOG 21:50:01.443] Config(TOGGLE_FLIGHT_FORCES) Squad/Controls/Qwertz/TOGGLE_FLIGHT_FORCES
[LOG 21:50:01.443] Config(QUICKSAVE) Squad/Controls/Qwertz/QUICKSAVE
[LOG 21:50:01.443] Config(QUICKLOAD) Squad/Controls/Qwertz/QUICKLOAD
[LOG 21:50:01.443] Config(THROTTLE_CUTOFF) Squad/Controls/Qwertz/THROTTLE_CUTOFF
[LOG 21:50:01.443] Config(THROTTLE_FULL) Squad/Controls/Qwertz/THROTTLE_FULL
[LOG 21:50:01.443] Config(LANDING_GEAR) Squad/Controls/Qwertz/LANDING_GEAR
[LOG 21:50:01.443] Config(HEADLIGHT_TOGGLE) Squad/Controls/Qwertz/HEADLIGHT_TOGGLE
[LOG 21:50:01.443] Config(BRAKES) Squad/Controls/Qwertz/BRAKES
[LOG 21:50:01.443] Config(TOGGLE_SPACENAV_FLIGHT_CONTROL) Squad/Controls/Qwertz/TOGGLE_SPACENAV_FLIGHT_CONTROL
[LOG 21:50:01.443] Config(TOGGLE_SPACENAV_ROLL_LOCK) Squad/Controls/Qwertz/TOGGLE_SPACENAV_ROLL_LOCK
[LOG 21:50:01.443] Config(WHEEL_STEER_LEFT) Squad/Controls/Qwertz/WHEEL_STEER_LEFT
[LOG 21:50:01.443] Config(WHEEL_STEER_RIGHT) Squad/Controls/Qwertz/WHEEL_STEER_RIGHT
[LOG 21:50:01.443] Config(WHEEL_THROTTLE_DOWN) Squad/Controls/Qwertz/WHEEL_THROTTLE_DOWN
[LOG 21:50:01.443] Config(WHEEL_THROTTLE_UP) Squad/Controls/Qwertz/WHEEL_THROTTLE_UP
[LOG 21:50:01.443] Config(EVA_forward) Squad/Controls/Qwertz/EVA_forward
[LOG 21:50:01.443] Config(EVA_back) Squad/Controls/Qwertz/EVA_back
[LOG 21:50:01.443] Config(EVA_left) Squad/Controls/Qwertz/EVA_left
[LOG 21:50:01.443] Config(EVA_right) Squad/Controls/Qwertz/EVA_right
[LOG 21:50:01.443] Config(EVA_yaw_left) Squad/Controls/Qwertz/EVA_yaw_left
[LOG 21:50:01.443] Config(EVA_yaw_right) Squad/Controls/Qwertz/EVA_yaw_right
[LOG 21:50:01.443] Config(EVA_Pack_forward) Squad/Controls/Qwertz/EVA_Pack_forward
[LOG 21:50:01.443] Config(EVA_Pack_back) Squad/Controls/Qwertz/EVA_Pack_back
[LOG 21:50:01.443] Config(EVA_Pack_left) Squad/Controls/Qwertz/EVA_Pack_left
[LOG 21:50:01.443] Config(EVA_Pack_right) Squad/Controls/Qwertz/EVA_Pack_right
[LOG 21:50:01.443] Config(EVA_Pack_up) Squad/Controls/Qwertz/EVA_Pack_up
[LOG 21:50:01.443] Config(EVA_Pack_down) Squad/Controls/Qwertz/EVA_Pack_down
[LOG 21:50:01.443] Config(EVA_Jump) Squad/Controls/Qwertz/EVA_Jump
[LOG 21:50:01.443] Config(EVA_Run) Squad/Controls/Qwertz/EVA_Run
[LOG 21:50:01.443] Config(EVA_ToggleMovementMode) Squad/Controls/Qwertz/EVA_ToggleMovementMode
[LOG 21:50:01.443] Config(EVA_TogglePack) Squad/Controls/Qwertz/EVA_TogglePack
[LOG 21:50:01.443] Config(EVA_Use) Squad/Controls/Qwertz/EVA_Use
[LOG 21:50:01.443] Config(EVA_Board) Squad/Controls/Qwertz/EVA_Board
[LOG 21:50:01.443] Config(EVA_Orient) Squad/Controls/Qwertz/EVA_Orient
[LOG 21:50:01.443] Config(EVA_Lights) Squad/Controls/Qwertz/EVA_Lights
[LOG 21:50:01.443] Config(Editor_pitchUp) Squad/Controls/Qwertz/Editor_pitchUp
[LOG 21:50:01.443] Config(Editor_pitchDown) Squad/Controls/Qwertz/Editor_pitchDown
[LOG 21:50:01.443] Config(Editor_yawLeft) Squad/Controls/Qwertz/Editor_yawLeft
[LOG 21:50:01.443] Config(Editor_yawRight) Squad/Controls/Qwertz/Editor_yawRight
[LOG 21:50:01.444] Config(Editor_rollLeft) Squad/Controls/Qwertz/Editor_rollLeft
[LOG 21:50:01.444] Config(Editor_rollRight) Squad/Controls/Qwertz/Editor_rollRight
[LOG 21:50:01.444] Config(Editor_resetRotation) Squad/Controls/Qwertz/Editor_resetRotation
[LOG 21:50:01.444] Config(Editor_modePlace) Squad/Controls/Qwertz/Editor_modePlace
[LOG 21:50:01.444] Config(Editor_modeOffset) Squad/Controls/Qwertz/Editor_modeOffset
[LOG 21:50:01.444] Config(Editor_modeRotate) Squad/Controls/Qwertz/Editor_modeRotate
[LOG 21:50:01.444] Config(Editor_modeRoot) Squad/Controls/Qwertz/Editor_modeRoot
[LOG 21:50:01.444] Config(Editor_coordSystem) Squad/Controls/Qwertz/Editor_coordSystem
[LOG 21:50:01.444] Config(Editor_toggleSymMethod) Squad/Controls/Qwertz/Editor_toggleSymMethod
[LOG 21:50:01.444] Config(Editor_toggleSymMode) Squad/Controls/Qwertz/Editor_toggleSymMode
[LOG 21:50:01.444] Config(Editor_toggleAngleSnap) Squad/Controls/Qwertz/Editor_toggleAngleSnap
[LOG 21:50:01.444] Config(Editor_fineTweak) Squad/Controls/Qwertz/Editor_fineTweak
[LOG 21:50:01.444] Config(Editor_partSearch) Squad/Controls/Qwertz/Editor_partSearch
[LOG 21:50:01.444] Config(Editor_zoomScrollModifier) Squad/Controls/Qwertz/Editor_zoomScrollModifier
[LOG 21:50:01.444] Config(MODIFIER_KEY) Squad/Controls/Qwertz/MODIFIER_KEY
[LOG 21:50:01.444] Config(AbortActionGroup) Squad/Controls/Qwertz/AbortActionGroup
[LOG 21:50:01.444] Config(CustomActionGroup1) Squad/Controls/Qwertz/CustomActionGroup1
[LOG 21:50:01.444] Config(CustomActionGroup2) Squad/Controls/Qwertz/CustomActionGroup2
[LOG 21:50:01.444] Config(CustomActionGroup3) Squad/Controls/Qwertz/CustomActionGroup3
[LOG 21:50:01.444] Config(CustomActionGroup4) Squad/Controls/Qwertz/CustomActionGroup4
[LOG 21:50:01.444] Config(CustomActionGroup5) Squad/Controls/Qwertz/CustomActionGroup5
[LOG 21:50:01.444] Config(CustomActionGroup6) Squad/Controls/Qwertz/CustomActionGroup6
[LOG 21:50:01.444] Config(CustomActionGroup7) Squad/Controls/Qwertz/CustomActionGroup7
[LOG 21:50:01.444] Config(CustomActionGroup8) Squad/Controls/Qwertz/CustomActionGroup8
[LOG 21:50:01.444] Config(CustomActionGroup9) Squad/Controls/Qwertz/CustomActionGroup9
[LOG 21:50:01.444] Config(CustomActionGroup10) Squad/Controls/Qwertz/CustomActionGroup10
[LOG 21:50:01.444] Config(KEY_MAP) Squad/Controls/Qwertz/KEY_MAP
[LOG 21:50:01.444] Config(EXPERIENCE_TRAIT) Squad/Experience/Traits/Pilot
[LOG 21:50:01.444] Config(EXPERIENCE_TRAIT) Squad/Experience/Traits/Engineer
[LOG 21:50:01.444] Config(EXPERIENCE_TRAIT) Squad/Experience/Traits/Scientist
[LOG 21:50:01.444] Config(EXPERIENCE_TRAIT) Squad/Experience/Traits/Tourist
[LOG 21:50:01.444] Config(Localization) Squad/Localization/dictionary/Localization
[LOG 21:50:01.444] Config(MISSIONPACK) Squad/Missions/MissionPacks/squad_ESA
[LOG 21:50:01.444] Config(VARIANTTHEME) Squad/Parts/VariantThemes/White
[LOG 21:50:01.444] Config(VARIANTTHEME) Squad/Parts/VariantThemes/BlackAndWhite
[LOG 21:50:01.444] Config(VARIANTTHEME) Squad/Parts/VariantThemes/GrayAndOrange
[LOG 21:50:01.444] Config(VARIANTTHEME) Squad/Parts/VariantThemes/Dark
[LOG 21:50:01.444] Config(VARIANTTHEME) Squad/Parts/VariantThemes/Gray
[LOG 21:50:01.444] Config(VARIANTTHEME) Squad/Parts/VariantThemes/Orange
[LOG 21:50:01.444] Config(VARIANTTHEME) Squad/Parts/VariantThemes/Gold
[LOG 21:50:01.445] Config(VARIANTTHEME) Squad/Parts/VariantThemes/Bare
[LOG 21:50:01.445] Config(VARIANTTHEME) Squad/Parts/VariantThemes/Shroud
[LOG 21:50:01.445] Config(VARIANTTHEME) Squad/Parts/VariantThemes/GrayAndWhite
[LOG 21:50:01.445] Config(VARIANTTHEME) Squad/Parts/VariantThemes/YellowAndWhite
[LOG 21:50:01.445] Config(VARIANTTHEME) Squad/Parts/VariantThemes/Silver
[LOG 21:50:01.445] Config(VARIANTTHEME) Squad/Parts/VariantThemes/Gray with Stripes
[LOG 21:50:01.445] Config(PART) Squad/Parts/Aero/aerodynamicNoseCone/aerodynamicNoseCone/noseCone
[LOG 21:50:01.445] Config(PART) Squad/Parts/Aero/airbrake/Airbrake/airbrake1
[LOG 21:50:01.445] Config(PART) Squad/Parts/Aero/airIntakeRadialXM-G50/airIntakeRadialXM-G50/airScoop
[LOG 21:50:01.445] Config(PART) Squad/Parts/Aero/airlinerWings/ControlSurface/airlinerCtrlSrf
[LOG 21:50:01.445] Config(PART) Squad/Parts/Aero/airlinerWings/MainWing/airlinerMainWing
[LOG 21:50:01.445] Config(PART) Squad/Parts/Aero/airlinerWings/TailFin/airlinerTailFin
[LOG 21:50:01.445] Config(PART) Squad/Parts/Aero/airplaneFins/advancedCanard/AdvancedCanard
[LOG 21:50:01.445] Config(PART) Squad/Parts/Aero/airplaneFins/standardCanard/CanardController
[LOG 21:50:01.445] Config(PART) Squad/Parts/Aero/airplaneFins/sweptWing/sweptWing
[LOG 21:50:01.445] Config(PART) Squad/Parts/Aero/airplaneFins/tailfin/tailfin
[LOG 21:50:01.445] Config(PART) Squad/Parts/Aero/basicFin/basicFin/basicFin
[LOG 21:50:01.445] Config(PART) Squad/Parts/Aero/circularIntake/circularIntake/CircularIntake
[LOG 21:50:01.445] Config(PART) Squad/Parts/Aero/circularIntake/intakeShockCone/shockConeIntake
[LOG 21:50:01.445] Config(PART) Squad/Parts/Aero/cones/avionicsNoseCone/avionicsNoseCone
[LOG 21:50:01.445] Config(PART) Squad/Parts/Aero/cones/ConeA/pointyNoseConeA
[LOG 21:50:01.445] Config(PART) Squad/Parts/Aero/cones/ConeB/pointyNoseConeB
[LOG 21:50:01.445] Config(PART) Squad/Parts/Aero/cones/noseConeAdapter/noseConeAdapter
[LOG 21:50:01.445] Config(PART) Squad/Parts/Aero/cones/protectiveRocketNoseMk7_v2/rocketNoseCone_v2
[LOG 21:50:01.445] Config(PART) Squad/Parts/Aero/cones/protectiveRocketNoseMk7_v3/rocketNoseCone_v3
[LOG 21:50:01.445] Config(PART) Squad/Parts/Aero/cones/rocketNoseCone_size3/rocketNoseConeSize3
[LOG 21:50:01.445] Config(PART) Squad/Parts/Aero/cones/smallNoseCone/standardNoseCone
[LOG 21:50:01.445] Config(PART) Squad/Parts/Aero/cones/tailConnectorA/airplaneTail
[LOG 21:50:01.445] Config(PART) Squad/Parts/Aero/cones/tailConnectorB/airplaneTailB
[LOG 21:50:01.445] Config(PART) Squad/Parts/Aero/fairings/fairingSize1/fairingSize1
[LOG 21:50:01.445] Config(PART) Squad/Parts/Aero/fairings/fairingSize2/fairingSize2
[LOG 21:50:01.445] Config(PART) Squad/Parts/Aero/fairings/fairingSize3/fairingSize3
[LOG 21:50:01.445] Config(PART) Squad/Parts/Aero/HeatShield/HeatShield0/HeatShield0
[LOG 21:50:01.445] Config(PART) Squad/Parts/Aero/HeatShield/HeatShield1/HeatShield1
[LOG 21:50:01.445] Config(PART) Squad/Parts/Aero/HeatShield/HeatShield2/HeatShield2
[LOG 21:50:01.445] Config(PART) Squad/Parts/Aero/HeatShield/HeatShield3/HeatShield3
[LOG 21:50:01.445] Config(PART) Squad/Parts/Aero/InflatableHeatShield/HeatShield/InflatableHeatShield
[LOG 21:50:01.445] Config(PART) Squad/Parts/Aero/intakeRadialLong/intakeRadialLong/IntakeRadialLong
[LOG 21:50:01.445] Config(PART) Squad/Parts/Aero/miniIntake/SmallIntake/miniIntake
[LOG 21:50:01.445] Config(PART) Squad/Parts/Aero/ramAirIntake/ramAirIntake/ramAirIntake
[LOG 21:50:01.445] Config(PART) Squad/Parts/Aero/shuttleWings/delta/wingShuttleDelta
[LOG 21:50:01.445] Config(PART) Squad/Parts/Aero/shuttleWings/elevon1/wingShuttleElevon1
[LOG 21:50:01.446] Config(PART) Squad/Parts/Aero/shuttleWings/elevon2/wingShuttleElevon2
[LOG 21:50:01.446] Config(PART) Squad/Parts/Aero/shuttleWings/rudder/wingShuttleRudder
[LOG 21:50:01.446] Config(PART) Squad/Parts/Aero/shuttleWings/strake/wingShuttleStrake
[LOG 21:50:01.446] Config(PART) Squad/Parts/Aero/wingletAV-R8/wingletAV-R8/R8winglet
[LOG 21:50:01.446] Config(PART) Squad/Parts/Aero/wingletAV-T1/wingletAV-T1/winglet
[LOG 21:50:01.446] Config(PART) Squad/Parts/Aero/wingletDeltaDeluxe/wingletDeltaDeluxe/winglet3
[LOG 21:50:01.446] Config(PART) Squad/Parts/Aero/wings/connector1/wingConnector
[LOG 21:50:01.446] Config(PART) Squad/Parts/Aero/wings/connector2/wingConnector2
[LOG 21:50:01.446] Config(PART) Squad/Parts/Aero/wings/connector3/wingConnector3
[LOG 21:50:01.446] Config(PART) Squad/Parts/Aero/wings/connector4/wingConnector4
[LOG 21:50:01.446] Config(PART) Squad/Parts/Aero/wings/connector5/wingConnector5
[LOG 21:50:01.446] Config(PART) Squad/Parts/Aero/wings/delta/deltaWing
[LOG 21:50:01.446] Config(PART) Squad/Parts/Aero/wings/delta_small/delta_small
[LOG 21:50:01.446] Config(PART) Squad/Parts/Aero/wings/elevon1/StandardCtrlSrf
[LOG 21:50:01.446] Config(PART) Squad/Parts/Aero/wings/elevon2/elevon2
[LOG 21:50:01.446] Config(PART) Squad/Parts/Aero/wings/elevon3/elevon3
[LOG 21:50:01.446] Config(PART) Squad/Parts/Aero/wings/elevon4/smallCtrlSrf
[LOG 21:50:01.446] Config(PART) Squad/Parts/Aero/wings/elevon5/elevon5
[LOG 21:50:01.446] Config(PART) Squad/Parts/Aero/wings/strake/wingStrake
[LOG 21:50:01.446] Config(PART) Squad/Parts/Aero/wings/structural1/structuralWing
[LOG 21:50:01.446] Config(PART) Squad/Parts/Aero/wings/structural2/structuralWing2
[LOG 21:50:01.446] Config(PART) Squad/Parts/Aero/wings/structural3/structuralWing3
[LOG 21:50:01.446] Config(PART) Squad/Parts/Aero/wings/structural4/structuralWing4
[LOG 21:50:01.446] Config(PART) Squad/Parts/Aero/wings/swept1/sweptWing1
[LOG 21:50:01.446] Config(PART) Squad/Parts/Aero/wings/swept2/sweptWing2
[LOG 21:50:01.446] Config(PART) Squad/Parts/Cargo/CargoContainers/cargoContainer/cargoContainer
[LOG 21:50:01.446] Config(PART) Squad/Parts/Cargo/CargoContainers/smallCargoContainer/smallCargoContainer
[LOG 21:50:01.446] Config(PART) Squad/Parts/Cargo/Cylinder/Cylinder/evaCylinder
[LOG 21:50:01.446] Config(PART) Squad/Parts/Cargo/GroundAnchor/groundAnchor/groundAnchor
[LOG 21:50:01.446] Config(PART) Squad/Parts/Cargo/Jetpack/Jetpack/evaJetpack
[LOG 21:50:01.446] Config(PART) Squad/Parts/Cargo/Parachute/Parachute/evaChute
[LOG 21:50:01.446] Config(PART) Squad/Parts/Cargo/RepairKit/RepairKit/evaRepairKit
[LOG 21:50:01.446] Config(PART) Squad/Parts/Cargo/ScienceKit/evaScienceKit/evaScienceKit
[LOG 21:50:01.446] Config(PART) Squad/Parts/Cargo/StorageUnits/CargoStorageUnit/CargoStorageUnit
[LOG 21:50:01.446] Config(PART) Squad/Parts/Cargo/StorageUnits/ConformalStorageUnit/ConformalStorageUnit
[LOG 21:50:01.446] Config(PART) Squad/Parts/Command/advancedSasModuleLarge/advSasModuleLarge/asasmodule1-2
[LOG 21:50:01.446] Config(PART) Squad/Parts/Command/cupola/cupola/cupola
[LOG 21:50:01.446] Config(PART) Squad/Parts/Command/externalCommandSeat/externalCommandSeat/seatExternalCmd
[LOG 21:50:01.446] Config(PART) Squad/Parts/Command/hitchhikerStorageContainer/hitchikerStorageContainer/crewCabin
[LOG 21:50:01.446] Config(PART) Squad/Parts/Command/inlineAdvancedStabilizer/inlineAdvancedStabilizer/advSasModule
[LOG 21:50:01.446] Config(PART) Squad/Parts/Command/inlineReactionWheel/inlineReactionWheel/sasModule
[LOG 21:50:01.446] Config(PART) Squad/Parts/Command/Mk1-3Pod/mk1-3/mk1-3pod
[LOG 21:50:01.446] Config(PART) Squad/Parts/Command/mk1Cockpits/mk1Cockpit/Mark1Cockpit
[LOG 21:50:01.447] Config(PART) Squad/Parts/Command/mk1Cockpits/mk1CrewCabin/MK1CrewCabin
[LOG 21:50:01.447] Config(PART) Squad/Parts/Command/mk1Cockpits/mk1InlineCockpit/Mark2Cockpit
[LOG 21:50:01.447] Config(PART) Squad/Parts/Command/mk1LanderCan/mk1LanderCan/landerCabinSmall
[LOG 21:50:01.447] Config(PART) Squad/Parts/Command/mk1pod_v2/mk1Pod_v2/mk1pod_v2
[LOG 21:50:01.447] Config(PART) Squad/Parts/Command/mk2CockpitInline/mk2CockpitInline/mk2Cockpit_Inline
[LOG 21:50:01.447] Config(PART) Squad/Parts/Command/mk2CockpitStandard/mk2CockpitStandard/mk2Cockpit_Standard
[LOG 21:50:01.447] Config(PART) Squad/Parts/Command/mk2DroneCore/mk2Dronecore/mk2DroneCore
[LOG 21:50:01.447] Config(PART) Squad/Parts/Command/mk2LanderCan/mk2LanderCan/mk2LanderCabin
[LOG 21:50:01.447] Config(PART) Squad/Parts/Command/mk2LanderCan_v2/mk2LanderCan_v2/mk2LanderCabin_v2
[LOG 21:50:01.447] Config(PART) Squad/Parts/Command/mk3CockpitShuttle/mk3CockpitShuttle/mk3Cockpit_Shuttle
[LOG 21:50:01.447] Config(PART) Squad/Parts/Command/MpoProbe/MpoProbe/MpoProbe
[LOG 21:50:01.447] Config(PART) Squad/Parts/Command/MtmStage/MTM_Stage/MtmStage
[LOG 21:50:01.447] Config(PART) Squad/Parts/Command/probeCoreCube/probeCoreCube/probeCoreCube
[LOG 21:50:01.447] Config(PART) Squad/Parts/Command/probeCoreHex/probeCoreHex/probeCoreHex
[LOG 21:50:01.447] Config(PART) Squad/Parts/Command/probeCoreHex_v2/probeCoreHex_v2/probeCoreHex_v2
[LOG 21:50:01.447] Config(PART) Squad/Parts/Command/probeCoreOcto2_v2/probeCoreOcto2_v2/probeCoreOcto2_v2
[LOG 21:50:01.447] Config(PART) Squad/Parts/Command/probeCoreOcto_v2/probeCoreOcto_v2/probeCoreOcto_v2
[LOG 21:50:01.447] Config(PART) Squad/Parts/Command/probeRoverBody/probeRoverBody/roverBody
[LOG 21:50:01.447] Config(PART) Squad/Parts/Command/probeRoverBody_v2/probeRoverBody_v2/roverBody_v2
[LOG 21:50:01.447] Config(PART) Squad/Parts/Command/probeStackLarge/probeStackLarge/probeStackLarge
[LOG 21:50:01.447] Config(PART) Squad/Parts/Command/probeStackSmall/probeStackSmall/probeStackSmall
[LOG 21:50:01.447] Config(PART) Squad/Parts/Command/probeStackSphere_v2/probeStackSphere_v2/probeCoreSphere_v2
[LOG 21:50:01.447] Config(PART) Squad/Parts/CompoundParts/FuelLine/fuelLine/fuelLine
[LOG 21:50:01.447] Config(PART) Squad/Parts/CompoundParts/strutConnector/strutConnector/strutConnector
[LOG 21:50:01.447] Config(PART) Squad/Parts/Coupling/Decoupler_0/Decoupler_0
[LOG 21:50:01.447] Config(PART) Squad/Parts/Coupling/Decoupler_1/Decoupler_1
[LOG 21:50:01.447] Config(PART) Squad/Parts/Coupling/Decoupler_2/Decoupler_2
[LOG 21:50:01.447] Config(PART) Squad/Parts/Coupling/Decoupler_3/Decoupler_3
[LOG 21:50:01.447] Config(PART) Squad/Parts/Coupling/Separator_0/Separator_0
[LOG 21:50:01.447] Config(PART) Squad/Parts/Coupling/Separator_1/Separator_1
[LOG 21:50:01.447] Config(PART) Squad/Parts/Coupling/Separator_2/Separator_2
[LOG 21:50:01.447] Config(PART) Squad/Parts/Coupling/Separator_3/Separator_3
[LOG 21:50:01.447] Config(PART) Squad/Parts/Electrical/10CSolarPanels/OX-10C/solarPanelOX10C
[LOG 21:50:01.447] Config(PART) Squad/Parts/Electrical/10CSolarPanels/SP-10C/solarPanelSP10C
[LOG 21:50:01.447] Config(PART) Squad/Parts/Electrical/10LSolarPanels/OX-10L/solarPanelOX10L
[LOG 21:50:01.447] Config(PART) Squad/Parts/Electrical/10LSolarPanels/SP-10L/solarPanelSP10L
[LOG 21:50:01.447] Config(PART) Squad/Parts/Electrical/1x6ShroudSolarPanels/1x6ShroudSolarPanels/solarPanels2
[LOG 21:50:01.447] Config(PART) Squad/Parts/Electrical/1x6SolarPanels/1x6SolarPanels/solarPanels4
[LOG 21:50:01.447] Config(PART) Squad/Parts/Electrical/3x2ShroudSolarPanels/3x2ShroudSolarPanels/solarPanels1
[LOG 21:50:01.447] Config(PART) Squad/Parts/Electrical/3x2SolarPanels/3x2SolarPanels/solarPanels3
[LOG 21:50:01.448] Config(PART) Squad/Parts/Electrical/gigantorXlSolarArray/gigantorXlSolarArray/largeSolarPanel
[LOG 21:50:01.448] Config(PART) Squad/Parts/Electrical/radialFlatSolarPanel/radialFlatSolarPanel/solarPanels5
[LOG 21:50:01.448] Config(PART) Squad/Parts/Electrical/RTG/RTG/rtg
[LOG 21:50:01.448] Config(PART) Squad/Parts/Electrical/z-100Battery/z-100Battery/batteryPack
[LOG 21:50:01.448] Config(PART) Squad/Parts/Electrical/z-1kBattery/z-1kBattery/batteryBank
[LOG 21:50:01.448] Config(PART) Squad/Parts/Electrical/z-200Battery/z-200Battery/batteryBankMini
[LOG 21:50:01.448] Config(PART) Squad/Parts/Electrical/z-400Battery/z-400Battery/ksp_r_largeBatteryPack
[LOG 21:50:01.448] Config(PART) Squad/Parts/Electrical/z-4kBattery/z-4kBattery/batteryBankLarge
[LOG 21:50:01.448] Config(PART) Squad/Parts/Engine/ionEngine/ionEngine/ionEngine
[LOG 21:50:01.448] Config(PART) Squad/Parts/Engine/jetEngines/jetEngineAfterburning/turboJet
[LOG 21:50:01.448] Config(PART) Squad/Parts/Engine/jetEngines/jetEngineBasic/JetEngine
[LOG 21:50:01.448] Config(PART) Squad/Parts/Engine/jetEngines/jetEngineBig/turboFanSize2
[LOG 21:50:01.448] Config(PART) Squad/Parts/Engine/jetEngines/jetEngineTurbo/turboFanEngine
[LOG 21:50:01.448] Config(PART) Squad/Parts/Engine/liquidEngine24-77/liquidEngine24-77/smallRadialEngine
[LOG 21:50:01.448] Config(PART) Squad/Parts/Engine/liquidEngine24-77_v2/liquidEngine24-77_v2/smallRadialEngine_v2
[LOG 21:50:01.448] Config(PART) Squad/Parts/Engine/liquidEngine48-7S_v2/liquidEngine48-7S_v2/liquidEngineMini_v2
[LOG 21:50:01.448] Config(PART) Squad/Parts/Engine/liquidEngineAerospike/liquidEngineAerospike/toroidalAerospike
[LOG 21:50:01.448] Config(PART) Squad/Parts/Engine/liquidEngineLV-1_v2/liquidEngineLV-1R _v2/radialEngineMini_v2
[LOG 21:50:01.448] Config(PART) Squad/Parts/Engine/liquidEngineLV-1_v2/liquidEngineLV-1_v2/microEngine_v2
[LOG 21:50:01.448] Config(PART) Squad/Parts/Engine/liquidEngineLV-909_v2/liquidEngineLV-909_v2/liquidEngine3_v2
[LOG 21:50:01.448] Config(PART) Squad/Parts/Engine/liquidEngineLV-N/liquidEngineLV-N/nuclearEngine
[LOG 21:50:01.448] Config(PART) Squad/Parts/Engine/liquidEngineLV-T30/liquidEngineLV-T30/liquidEngine
[LOG 21:50:01.448] Config(PART) Squad/Parts/Engine/liquidEngineLV-T30_v2/liquidEngineLV-T30_v2/liquidEngine_v2
[LOG 21:50:01.448] Config(PART) Squad/Parts/Engine/liquidEngineLV-T45/liquidEngineLV-T45/liquidEngine2
[LOG 21:50:01.448] Config(PART) Squad/Parts/Engine/liquidEngineLV-T45_v2/liquidEngineLV-T45_v2/liquidEngine2_v2
[LOG 21:50:01.448] Config(PART) Squad/Parts/Engine/liquidEngineMainsail_v2/liquidEngineMainsail_v2/liquidEngineMainsail_v2
[LOG 21:50:01.448] Config(PART) Squad/Parts/Engine/liquidEngineMk55/liquidEngineMk55/radialLiquidEngine1-2
[LOG 21:50:01.448] Config(PART) Squad/Parts/Engine/liquidEnginePoodle_v2/liquidEnginePoodle_v2/liquidEngine2-2_v2
[LOG 21:50:01.448] Config(PART) Squad/Parts/Engine/liquidEngineSkipper_v2/skipperLiquidEngine_v2/engineLargeSkipper_v2
[LOG 21:50:01.448] Config(PART) Squad/Parts/Engine/liquidEngineSSME/SSME/SSME
[LOG 21:50:01.448] Config(PART) Squad/Parts/Engine/MassiveSRB/part/MassiveBooster
[LOG 21:50:01.448] Config(PART) Squad/Parts/Engine/miniJet/SmallJetEngine/miniJetEngine
[LOG 21:50:01.448] Config(PART) Squad/Parts/Engine/OMSEngine/omsEngine/omsEngine
[LOG 21:50:01.448] Config(PART) Squad/Parts/Engine/rapierEngine/rapierEngine/RAPIER
[LOG 21:50:01.449] Config(PART) Squad/Parts/Engine/Size1_SRBs/solidBoosterRT-10_v2/solidBooster_v2
[LOG 21:50:01.449] Config(PART) Squad/Parts/Engine/Size1_SRBs/solidBoosterRT-5_v2/solidBooster_sm_v2
[LOG 21:50:01.449] Config(PART) Squad/Parts/Engine/Size2LFB/part/Size2LFB
[LOG 21:50:01.449] Config(PART) Squad/Parts/Engine/Size2LFB_v2/part/Size2LFB_v2
[LOG 21:50:01.449] Config(PART) Squad/Parts/Engine/Size3AdvancedEngine/part/Size3AdvancedEngine
[LOG 21:50:01.449] Config(PART) Squad/Parts/Engine/Size3EngineCluster/part/Size3EngineCluster
[LOG 21:50:01.449] Config(PART) Squad/Parts/Engine/solidBoosterBACC/solidBoosterBACC/solidBooster1-1
[LOG 21:50:01.449] Config(PART) Squad/Parts/Engine/solidBoosterS2-17/solidBoosterS2-17/Thoroughbred
[LOG 21:50:01.449] Config(PART) Squad/Parts/Engine/solidBoosterS2-33/solidBoosterS2-33/Clydesdale
[LOG 21:50:01.449] Config(PART) Squad/Parts/Engine/solidBoosterSep/solidBoosterSep/sepMotor1
[LOG 21:50:01.449] Config(PART) Squad/Parts/Engine/SolidBoostersF/SolidBoosterF3S0/Shrimp
[LOG 21:50:01.449] Config(PART) Squad/Parts/Engine/SolidBoostersF/SolidBoosterFM1/Mite
[LOG 21:50:01.449] Config(PART) Squad/Parts/FuelTank/adapterTanks/Mk3-Mk2/adapterMk3-Mk2
[LOG 21:50:01.449] Config(PART) Squad/Parts/FuelTank/adapterTanks/Mk3-ShuttleAdapter/adapterEngines
[LOG 21:50:01.449] Config(PART) Squad/Parts/FuelTank/adapterTanks/Mk3-Size2/adapterMk3-Size2
[LOG 21:50:01.449] Config(PART) Squad/Parts/FuelTank/adapterTanks/Mk3-Size2Slant/adapterMk3-Size2Slant
[LOG 21:50:01.449] Config(PART) Squad/Parts/FuelTank/adapterTanks/Size2-Mk2/adapterSize2-Mk2
[LOG 21:50:01.449] Config(PART) Squad/Parts/FuelTank/adapterTanks/Size2-Size1/adapterSize2-Size1
[LOG 21:50:01.449] Config(PART) Squad/Parts/FuelTank/adapterTanks/Size2-Size1Slant/adapterSize2-Size1Slant
[LOG 21:50:01.449] Config(PART) Squad/Parts/FuelTank/adapterTanks/Size3-Mk3/adapterSize3-Mk3
[LOG 21:50:01.449] Config(PART) Squad/Parts/FuelTank/drainTankFTE-1/ReleaseValve/ReleaseValve
[LOG 21:50:01.449] Config(PART) Squad/Parts/FuelTank/FoilTanks/RadialTank_Capsule/externalTankCapsule
[LOG 21:50:01.449] Config(PART) Squad/Parts/FuelTank/FoilTanks/RadialTank_Round/externalTankRound
[LOG 21:50:01.449] Config(PART) Squad/Parts/FuelTank/FoilTanks/ToroidTank/externalTankToroid
[LOG 21:50:01.449] Config(PART) Squad/Parts/FuelTank/fuelTankOscarB/fuelTankOscarB/miniFuelTank
[LOG 21:50:01.449] Config(PART) Squad/Parts/FuelTank/miniFuselage/miniFuselage/miniFuselage
[LOG 21:50:01.449] Config(PART) Squad/Parts/FuelTank/mk2Adapters/bicoupler/mk2_1m_Bicoupler
[LOG 21:50:01.449] Config(PART) Squad/Parts/FuelTank/mk2Adapters/long/mk2_1m_AdapterLong
[LOG 21:50:01.449] Config(PART) Squad/Parts/FuelTank/mk2Adapters/standard/mk2SpacePlaneAdapter
[LOG 21:50:01.449] Config(PART) Squad/Parts/FuelTank/mk2FuselageLong/LFO_long/mk2FuselageLongLFO
[LOG 21:50:01.449] Config(PART) Squad/Parts/FuelTank/mk2FuselageLong/L_long/mk2Fuselage
[LOG 21:50:01.449] Config(PART) Squad/Parts/FuelTank/mk2FuselageShort/LFO_short/mk2FuselageShortLFO
[LOG 21:50:01.449] Config(PART) Squad/Parts/FuelTank/mk2FuselageShort/L_short/mk2FuselageShortLiquid
[LOG 21:50:01.449] Config(PART) Squad/Parts/FuelTank/mk2FuselageShort/Mono_short/mk2FuselageShortMono
[LOG 21:50:01.449] Config(PART) Squad/Parts/FuelTank/mk3Fuselage/CREW/mk3CrewCabin
[LOG 21:50:01.449] Config(PART) Squad/Parts/FuelTank/mk3Fuselage/LFO_100/mk3FuselageLFO_100
[LOG 21:50:01.449] Config(PART) Squad/Parts/FuelTank/mk3Fuselage/LFO_25/mk3FuselageLFO_25
[LOG 21:50:01.449] Config(PART) Squad/Parts/FuelTank/mk3Fuselage/LFO_50/mk3FuselageLFO_50
[LOG 21:50:01.449] Config(PART) Squad/Parts/FuelTank/mk3Fuselage/LF_100/mk3FuselageLF_100
[LOG 21:50:01.449] Config(PART) Squad/Parts/FuelTank/mk3Fuselage/LF_25/mk3FuselageLF_25
[LOG 21:50:01.449] Config(PART) Squad/Parts/FuelTank/mk3Fuselage/LF_50/mk3FuselageLF_50
[LOG 21:50:01.449] Config(PART) Squad/Parts/FuelTank/mk3Fuselage/MONO/mk3FuselageMONO
[LOG 21:50:01.450] Config(PART) Squad/Parts/FuelTank/RCSFuelTankR1/RCSFuelTankR1/RCSTank1-2
[LOG 21:50:01.450] Config(PART) Squad/Parts/FuelTank/RCSFuelTankR10/RCSFuelTankR10/rcsTankMini
[LOG 21:50:01.450] Config(PART) Squad/Parts/FuelTank/RCSFuelTankR25/RCSFuelTankR25/RCSFuelTank
[LOG 21:50:01.450] Config(PART) Squad/Parts/FuelTank/RCSTankRadial/radialRCSTank/radialRCSTank
[LOG 21:50:01.450] Config(PART) Squad/Parts/FuelTank/RCStankRadialLong/RCSTankRadialLong/rcsTankRadialLong
[LOG 21:50:01.450] Config(PART) Squad/Parts/FuelTank/RockomaxTanks/Rockomax16/Rockomax16_BW
[LOG 21:50:01.450] Config(PART) Squad/Parts/FuelTank/RockomaxTanks/Rockomax32/Rockomax32_BW
[LOG 21:50:01.450] Config(PART) Squad/Parts/FuelTank/RockomaxTanks/Rockomax64/Rockomax64_BW
[LOG 21:50:01.450] Config(PART) Squad/Parts/FuelTank/RockomaxTanks/Rockomax8/Rockomax8BW
[LOG 21:50:01.450] Config(PART) Squad/Parts/FuelTank/Size1_Tanks/fuelTankT100/fuelTankSmallFlat
[LOG 21:50:01.450] Config(PART) Squad/Parts/FuelTank/Size1_Tanks/fuelTankT200/fuelTankSmall
[LOG 21:50:01.450] Config(PART) Squad/Parts/FuelTank/Size1_Tanks/fuelTankT400/fuelTank
[LOG 21:50:01.450] Config(PART) Squad/Parts/FuelTank/Size1_Tanks/fuelTankT800/fuelTank_long
[LOG 21:50:01.450] Config(PART) Squad/Parts/FuelTank/Size3Tanks/large/Size3LargeTank
[LOG 21:50:01.450] Config(PART) Squad/Parts/FuelTank/Size3Tanks/medium/Size3MediumTank
[LOG 21:50:01.450] Config(PART) Squad/Parts/FuelTank/Size3Tanks/small/Size3SmallTank
[LOG 21:50:01.450] Config(PART) Squad/Parts/FuelTank/xenonTank/xenonTank/xenonTank
[LOG 21:50:01.450] Config(PART) Squad/Parts/FuelTank/xenonTankLarge/xenonTankLarge/xenonTankLarge
[LOG 21:50:01.450] Config(PART) Squad/Parts/FuelTank/xenonTankRadial/xenonTankRadial/xenonTankRadial
[LOG 21:50:01.450] Config(PART) Squad/Parts/Misc/AsteroidDay/CamSat/InfraredTelescope
[LOG 21:50:01.450] Config(PART) Squad/Parts/Misc/AsteroidDay/HECS2/HECS2_ProbeCore
[LOG 21:50:01.450] Config(PART) Squad/Parts/Misc/AsteroidDay/HighGainAntenna/HighGainAntenna
[LOG 21:50:01.450] Config(PART) Squad/Parts/Misc/AsteroidDay/LgRadialSolar/LgRadialSolarPanel
[LOG 21:50:01.450] Config(PART) Squad/Parts/Misc/PotatoComet/part/PotatoComet
[LOG 21:50:01.450] Config(PART) Squad/Parts/Misc/PotatoRoid/part/PotatoRoid
[LOG 21:50:01.450] Config(PART) Squad/Parts/Prebuilt/flag/flag
[LOG 21:50:01.450] Config(PART) Squad/Parts/Prebuilt/kerbalEVA/kerbalEVA
[LOG 21:50:01.450] Config(PART) Squad/Parts/Prebuilt/kerbalEVAfemale/kerbalEVAfemale
[LOG 21:50:01.450] Config(PART) Squad/Parts/Prebuilt/kerbalEVASlimSuit/kerbalEVASlimSuit
[LOG 21:50:01.450] Config(PART) Squad/Parts/Prebuilt/kerbalEVASlimSuitFemale/kerbalEVASlimSuitFemale
[LOG 21:50:01.450] Config(PART) Squad/Parts/Resources/FuelCell/FuelCell/FuelCell
[LOG 21:50:01.450] Config(PART) Squad/Parts/Resources/FuelCell/FuelCellArray/FuelCellArray
[LOG 21:50:01.450] Config(PART) Squad/Parts/Resources/ISRU/ISRU/ISRU
[LOG 21:50:01.450] Config(PART) Squad/Parts/Resources/LargeTank/LargeTank/LargeTank
[LOG 21:50:01.450] Config(PART) Squad/Parts/Resources/MiniDrill/MiniDrill/MiniDrill
[LOG 21:50:01.450] Config(PART) Squad/Parts/Resources/MiniISRU/MiniISRU/MiniISRU
[LOG 21:50:01.450] Config(PART) Squad/Parts/Resources/OrbitalScanner/OrbitalScanner/OrbitalScanner
[LOG 21:50:01.450] Config(PART) Squad/Parts/Resources/RadialDrill/RadialDrill/RadialDrill
[LOG 21:50:01.450] Config(PART) Squad/Parts/Resources/RadialTank/RadialTank/RadialOreTank
[LOG 21:50:01.450] Config(PART) Squad/Parts/Resources/SmallTank/SmallTank/SmallTank
[LOG 21:50:01.451] Config(PART) Squad/Parts/Resources/SurfaceScanner/SurfaceScanner/SurfaceScanner
[LOG 21:50:01.451] Config(PART) Squad/Parts/Resources/SurveyScanner/SurveyScanner/SurveyScanner
[LOG 21:50:01.451] Config(PART) Squad/Parts/Science/AtmosphereSensor/sensorAtmosphere/sensorAtmosphere
[LOG 21:50:01.451] Config(PART) Squad/Parts/Science/GooExperiment/gooExperiment/GooExperiment
[LOG 21:50:01.451] Config(PART) Squad/Parts/Science/LargeCrewedLab/largeCrewedLab/Large_Crewed_Lab
[LOG 21:50:01.451] Config(PART) Squad/Parts/Science/Magnetometer/Magnetometer/Magnetometer
[LOG 21:50:01.451] Config(PART) Squad/Parts/Science/MaterialBay/materialBay/science_module
[LOG 21:50:01.451] Config(PART) Squad/Parts/Science/ScienceBox/ScienceBox/ScienceBox
[LOG 21:50:01.451] Config(PART) Squad/Parts/Science/sensorAccelerometer/sensorAccelerometer/sensorAccelerometer
[LOG 21:50:01.451] Config(PART) Squad/Parts/Science/sensorBarometer/sensorBarometer/sensorBarometer
[LOG 21:50:01.451] Config(PART) Squad/Parts/Science/sensorGravimeter/sensorGravimeter/sensorGravimeter
[LOG 21:50:01.451] Config(PART) Squad/Parts/Science/sensorThermometer/sensorThermometer/sensorThermometer
[LOG 21:50:01.451] Config(PART) Squad/Parts/Structural/FLAdapters/adapterSmallMiniShort/adapterSmallMiniShort
[LOG 21:50:01.451] Config(PART) Squad/Parts/Structural/FLAdapters/adapterSmallMiniTall/adapterSmallMiniTall
[LOG 21:50:01.451] Config(PART) Squad/Parts/Structural/mk1Parts/engineBodyRadial/radialEngineBody
[LOG 21:50:01.451] Config(PART) Squad/Parts/Structural/mk1Parts/engineNacelle/nacelleBody
[LOG 21:50:01.451] Config(PART) Squad/Parts/Structural/mk1Parts/mk1Fuselage/MK1Fuselage
[LOG 21:50:01.451] Config(PART) Squad/Parts/Structural/mk1Parts/mk1FuselageIntake/MK1IntakeFuselage
[LOG 21:50:01.451] Config(PART) Squad/Parts/Structural/mk1Parts/mk1Structural/Mk1FuselageStructural
[LOG 21:50:01.451] Config(PART) Squad/Parts/Structural/Size3To2Adapter_v2/Size2to3_v2/Size3To2Adapter_v2
[LOG 21:50:01.451] Config(PART) Squad/Parts/Structural/stackAdapters/adapterLargeSmallBi/adapterLargeSmallBi
[LOG 21:50:01.451] Config(PART) Squad/Parts/Structural/stackAdapters/adapterLargeSmallQuad/adapterLargeSmallQuad
[LOG 21:50:01.451] Config(PART) Squad/Parts/Structural/stackAdapters/adapterLargeSmallTri/adapterLargeSmallTri
[LOG 21:50:01.451] Config(PART) Squad/Parts/Structural/stationHub/stationHub/stationHub
[LOG 21:50:01.451] Config(PART) Squad/Parts/Structural/structuralIBeam200/structuralIBeam200/structuralIBeam2
[LOG 21:50:01.451] Config(PART) Squad/Parts/Structural/structuralIBeam200Pocket/structuralIBeam200Pocket/structuralIBeam3
[LOG 21:50:01.451] Config(PART) Squad/Parts/Structural/structuralIBeam650/structuralIBeam650/structuralIBeam1
[LOG 21:50:01.451] Config(PART) Squad/Parts/Structural/structuralMicronode/structuralMicronode/structuralMiniNode
[LOG 21:50:01.451] Config(PART) Squad/Parts/Structural/structuralPanel1x1/structuralPanel1x1/structuralPanel1
[LOG 21:50:01.451] Config(PART) Squad/Parts/Structural/structuralPanel2x2/structuralPanel2x2/structuralPanel2
[LOG 21:50:01.451] Config(PART) Squad/Parts/Structural/structuralPylons/smallHardpoint/smallHardpoint
[LOG 21:50:01.451] Config(PART) Squad/Parts/Structural/structuralPylons/structuralPylon/structuralPylon
[LOG 21:50:01.451] Config(PART) Squad/Parts/Structural/strutCubicOcto/strutCubicOcto/strutCube
[LOG 21:50:01.451] Config(PART) Squad/Parts/Structural/strutOcto/strutOcto/strutOcto
[LOG 21:50:01.451] Config(PART) Squad/Parts/Structural/trussGirderAdapter/trussGirderAdapter/trussAdapter
[LOG 21:50:01.451] Config(PART) Squad/Parts/Structural/trussGirderL/trussGirderL/trussPiece1x
[LOG 21:50:01.451] Config(PART) Squad/Parts/Structural/trussGirderXL/trussGirderXL/trussPiece3x
[LOG 21:50:01.451] Config(PART) Squad/Parts/Thermal/FoldingRadiators/foldingRadLarge/foldingRadLarge
[LOG 21:50:01.451] Config(PART) Squad/Parts/Thermal/FoldingRadiators/foldingRadMed/foldingRadMed
[LOG 21:50:01.451] Config(PART) Squad/Parts/Thermal/FoldingRadiators/foldingRadSmall/foldingRadSmall
[LOG 21:50:01.452] Config(PART) Squad/Parts/Thermal/RadiatorPanels/radPanelEdge/radPanelEdge
[LOG 21:50:01.452] Config(PART) Squad/Parts/Thermal/RadiatorPanels/radPanelLg/radPanelLg
[LOG 21:50:01.452] Config(PART) Squad/Parts/Thermal/RadiatorPanels/radPanelSm/radPanelSm
[LOG 21:50:01.452] Config(PART) Squad/Parts/Utility/commDish88-88/commDish88-88/commDish
[LOG 21:50:01.452] Config(PART) Squad/Parts/Utility/commsAntennaDTS-M1/commsAntennaDTS-M1/mediumDishAntenna
[LOG 21:50:01.452] Config(PART) Squad/Parts/Utility/commsDish16/commsAntenna16/longAntenna
[LOG 21:50:01.452] Config(PART) Squad/Parts/Utility/decouplerRadialHDM/decouplerRadialHDM/radialDecoupler1-2
[LOG 21:50:01.452] Config(PART) Squad/Parts/Utility/decouplerRadialTT-38K/decouplerRadialTT-38K/radialDecoupler
[LOG 21:50:01.452] Config(PART) Squad/Parts/Utility/decouplerRadialTT-70/decouplerRadialTT-70/radialDecoupler2
[LOG 21:50:01.452] Config(PART) Squad/Parts/Utility/DirectAntennas/C16S/SurfAntenna
[LOG 21:50:01.452] Config(PART) Squad/Parts/Utility/DirectAntennas/HG-5/HighGainAntenna5
[LOG 21:50:01.452] Config(PART) Squad/Parts/Utility/DirectAntennas/HG-5_v2/HighGainAntenna5_v2
[LOG 21:50:01.452] Config(PART) Squad/Parts/Utility/dockingPort/dockingPort/dockingPort2
[LOG 21:50:01.452] Config(PART) Squad/Parts/Utility/dockingPortInline/dockingPortInline/dockingPortLateral
[LOG 21:50:01.452] Config(PART) Squad/Parts/Utility/dockingPortJr/dockingPortJr/dockingPort3
[LOG 21:50:01.452] Config(PART) Squad/Parts/Utility/dockingPortShielded/dockingPortShielded/dockingPort1
[LOG 21:50:01.452] Config(PART) Squad/Parts/Utility/dockingPortSr/dockingPortSr/dockingPortLarge
[LOG 21:50:01.452] Config(PART) Squad/Parts/Utility/Fireworks/fireworksLauncherBig/fireworksLauncherBig
[LOG 21:50:01.452] Config(PART) Squad/Parts/Utility/Fireworks/fireworksLauncherSmall/fireworksLauncherSmall
[LOG 21:50:01.452] Config(PART) Squad/Parts/Utility/flags/flagFlat/flagFlat/flagPartFlat
[LOG 21:50:01.452] Config(PART) Squad/Parts/Utility/flags/flagSize0/flagSize0/flagPartSize0
[LOG 21:50:01.453] Config(PART) Squad/Parts/Utility/flags/flagSize1/flagSize1/flagPartSize1
[LOG 21:50:01.453] Config(PART) Squad/Parts/Utility/flags/flagSize2/flagSize2/flagPartSize2
[LOG 21:50:01.453] Config(PART) Squad/Parts/Utility/flags/flagSize3/flagSize3/flagPartSize3
[LOG 21:50:01.453] Config(PART) Squad/Parts/Utility/GrapplingDevice/part/GrapplingDevice
[LOG 21:50:01.453] Config(PART) Squad/Parts/Utility/ladderRadial/ladderRadial/ladder1
[LOG 21:50:01.453] Config(PART) Squad/Parts/Utility/ladderTelescopic/ladderTelescopic/telescopicLadder
[LOG 21:50:01.453] Config(PART) Squad/Parts/Utility/ladderTelescopicBay/ladderTelescopicBay/telescopicLadderBay
[LOG 21:50:01.453] Config(PART) Squad/Parts/Utility/landingLegLT-1/landingLegLT-1/landingLeg1
[LOG 21:50:01.453] Config(PART) Squad/Parts/Utility/landingLegLT-2/landingLegLT-2/landingLeg1-2
[LOG 21:50:01.453] Config(PART) Squad/Parts/Utility/landingLegLT-5/landingLegLT-5/miniLandingLeg
[LOG 21:50:01.453] Config(PART) Squad/Parts/Utility/launchClamp1/launchClamp1/launchClamp1
[LOG 21:50:01.453] Config(PART) Squad/Parts/Utility/launchEscapeSystem/part/LaunchEscapeSystem
[LOG 21:50:01.453] Config(PART) Squad/Parts/Utility/Lights/domeLight1/domeLight1
[LOG 21:50:01.453] Config(PART) Squad/Parts/Utility/Lights/groundLight1/groundLight1
[LOG 21:50:01.453] Config(PART) Squad/Parts/Utility/Lights/groundLight2/groundLight2
[LOG 21:50:01.453] Config(PART) Squad/Parts/Utility/Lights/navLight1/navLight1
[LOG 21:50:01.453] Config(PART) Squad/Parts/Utility/Lights/spotLight1/spotLight3
[LOG 21:50:01.453] Config(PART) Squad/Parts/Utility/Lights/stripLight1/stripLight1
[LOG 21:50:01.453] Config(PART) Squad/Parts/Utility/linearVernorRCS/linearRCS/linearRcs
[LOG 21:50:01.453] Config(PART) Squad/Parts/Utility/linearVernorRCS/vernorEngine/vernierEngine
[LOG 21:50:01.453] Config(PART) Squad/Parts/Utility/mk2CargoBay/BayL/mk2CargoBayL
[LOG 21:50:01.453] Config(PART) Squad/Parts/Utility/mk2CargoBay/BayS/mk2CargoBayS
[LOG 21:50:01.453] Config(PART) Squad/Parts/Utility/mk2CrewCabin/mk2CrewCabin/mk2CrewCabin
[LOG 21:50:01.453] Config(PART) Squad/Parts/Utility/mk2DockingPort/mk2DockingPort/mk2DockingPort
[LOG 21:50:01.453] Config(PART) Squad/Parts/Utility/mk3CargoBay/long/mk3CargoBayL
[LOG 21:50:01.453] Config(PART) Squad/Parts/Utility/mk3CargoBay/medium/mk3CargoBayM
[LOG 21:50:01.453] Config(PART) Squad/Parts/Utility/mk3CargoBay/ramp/mk3CargoRamp
[LOG 21:50:01.453] Config(PART) Squad/Parts/Utility/mk3CargoBay/short/mk3CargoBayS
[LOG 21:50:01.453] Config(PART) Squad/Parts/Utility/parachuteMk1/parachuteMk1/parachuteSingle
[LOG 21:50:01.453] Config(PART) Squad/Parts/Utility/parachuteMk12-R/parachuteMk12-R/radialDrogue
[LOG 21:50:01.453] Config(PART) Squad/Parts/Utility/parachuteMk16-XL/parachuteMk16-XL/parachuteLarge
[LOG 21:50:01.453] Config(PART) Squad/Parts/Utility/parachuteMk2-R/parachuteMk2-R/parachuteRadial
[LOG 21:50:01.453] Config(PART) Squad/Parts/Utility/parachuteMk25/parachuteMk25/parachuteDrogue
[LOG 21:50:01.453] Config(PART) Squad/Parts/Utility/radialAttachmentPoint/radialAttachmentPoint/stackPoint1
[LOG 21:50:01.453] Config(PART) Squad/Parts/Utility/rcsBlockRV-105_v2/rcsBlockRV-105/RCSBlock_v2
[LOG 21:50:01.453] Config(PART) Squad/Parts/Utility/rcsBlockRV-105_v2/RCSblock_01_small/RCSblock_01_small
[LOG 21:50:01.453] Config(PART) Squad/Parts/Utility/rcsSmallLinear/RCSLinearSmall/RCSLinearSmall
[LOG 21:50:01.453] Config(PART) Squad/Parts/Utility/RelayAntennas/RA-100/RelayAntenna100
[LOG 21:50:01.453] Config(PART) Squad/Parts/Utility/RelayAntennas/RA-5/RelayAntenna5
[LOG 21:50:01.454] Config(PART) Squad/Parts/Utility/RelayAntennas/RA-50/RelayAntenna50
[LOG 21:50:01.454] Config(PART) Squad/Parts/Utility/rockomaxAdapters/largeAdapter/largeAdapter
[LOG 21:50:01.454] Config(PART) Squad/Parts/Utility/rockomaxAdapters/largeAdapterShort/largeAdapter2
[LOG 21:50:01.454] Config(PART) Squad/Parts/Utility/ServiceBay_v2/ServiceBay_125_v2/ServiceBay_125_v2
[LOG 21:50:01.454] Config(PART) Squad/Parts/Utility/ServiceBay_v2/ServiceBay_250_v2/ServiceBay_250_v2
[LOG 21:50:01.454] Config(PART) Squad/Parts/Utility/smallClaw/smallClaw/smallClaw
[LOG 21:50:01.454] Config(PART) Squad/Parts/Utility/spotLightMk1/spotLightMk1/spotLight1
[LOG 21:50:01.454] Config(PART) Squad/Parts/Utility/spotLightMk1_v2/spotLightMk1_v2/spotLight1_v2
[LOG 21:50:01.454] Config(PART) Squad/Parts/Utility/spotLightMk2/spotLightMk2/spotLight2
[LOG 21:50:01.454] Config(PART) Squad/Parts/Utility/spotLightMk2_v2/spotLightMk2_v2/spotLight2_v2
[LOG 21:50:01.454] Config(PART) Squad/Parts/Utility/stackCouplers/stackBiCoupler_v2/stackBiCoupler_v2
[LOG 21:50:01.454] Config(PART) Squad/Parts/Utility/stackCouplers/stackQuadCoupler/stackQuadCoupler
[LOG 21:50:01.454] Config(PART) Squad/Parts/Utility/stackCouplers/stackTriCoupler_v2/stackTriCoupler_v2
[LOG 21:50:01.454] Config(PART) Squad/Parts/Wheel/LandingGear/GearExtraLarge/GearLarge
[LOG 21:50:01.454] Config(PART) Squad/Parts/Wheel/LandingGear/GearFixed/GearFixed
[LOG 21:50:01.454] Config(PART) Squad/Parts/Wheel/LandingGear/GearFree/GearFree
[LOG 21:50:01.454] Config(PART) Squad/Parts/Wheel/LandingGear/GearLarge/GearMedium
[LOG 21:50:01.454] Config(PART) Squad/Parts/Wheel/LandingGear/GearMedium/GearSmall
[LOG 21:50:01.454] Config(PART) Squad/Parts/Wheel/LandingGear/GearSmall/SmallGearBay
[LOG 21:50:01.454] Config(PART) Squad/Parts/Wheel/roverWheelM1/roverWheelM1/roverWheel1
[LOG 21:50:01.454] Config(PART) Squad/Parts/Wheel/roverWheelS2/roverWheelS2/roverWheel2
[LOG 21:50:01.454] Config(PART) Squad/Parts/Wheel/roverWheelTR-2L/roverWheelTR-2L/wheelMed
[LOG 21:50:01.454] Config(PART) Squad/Parts/Wheel/roverWheelXL3/roverWheelXL3/roverWheel3
[LOG 21:50:01.455] Config(PROP) Squad/Props/AltimeterThreeHands/prop/AltimeterThreeHands
[LOG 21:50:01.455] Config(PROP) Squad/Props/AtmosphereDepth/prop/AtmosphereDepth
[LOG 21:50:01.455] Config(PROP) Squad/Props/AxisIndicator/pitchConfig/AxisIndicatorPitch
[LOG 21:50:01.455] Config(PROP) Squad/Props/AxisIndicator/rollConfig/AxisIndicatorRoll
[LOG 21:50:01.455] Config(PROP) Squad/Props/AxisIndicator/yawConfig/AxisIndicatorYaw
[LOG 21:50:01.455] Config(PROP) Squad/Props/buttonsGeneric/circularButton/genericCircularButton
[LOG 21:50:01.455] Config(PROP) Squad/Props/buttonsGeneric/clusterButtons/genericClusterButtons
[LOG 21:50:01.455] Config(PROP) Squad/Props/buttonsGeneric/clusterButtons2/genericClusterButtons2
[LOG 21:50:01.455] Config(PROP) Squad/Props/buttonsGeneric/clusterKnob/genericClusterKnobs
[LOG 21:50:01.455] Config(PROP) Squad/Props/buttonsGeneric/clusterKnob2/genericClusterKnobs2
[LOG 21:50:01.455] Config(PROP) Squad/Props/buttonsGeneric/clusterMixed/genericClusterMixed
[LOG 21:50:01.455] Config(PROP) Squad/Props/buttonsGeneric/clusterSwitches01/genericClusterSwitches01
[LOG 21:50:01.455] Config(PROP) Squad/Props/buttonsGeneric/clusterSwitches02/genericClusterSwitches02
[LOG 21:50:01.455] Config(PROP) Squad/Props/buttonsGeneric/clusterSwitches03/genericClusterSwitches03
[LOG 21:50:01.455] Config(PROP) Squad/Props/buttonsGeneric/clusterSwitches04/genericClusterSwitches04
[LOG 21:50:01.455] Config(PROP) Squad/Props/buttonsGeneric/clusterSwitches05/genericClusterSwitches05
[LOG 21:50:01.455] Config(PROP) Squad/Props/buttonsGeneric/clusterSwitches06/genericClusterSwitches06
[LOG 21:50:01.455] Config(PROP) Squad/Props/buttonsGeneric/clusterSwitches07/genericClusterSwitches07
[LOG 21:50:01.455] Config(PROP) Squad/Props/buttonsGeneric/directionalKnob/genericDirectionalKnob
[LOG 21:50:01.455] Config(PROP) Squad/Props/buttonsGeneric/directionalKnob2/genericDirectionalKnob2
[LOG 21:50:01.455] Config(PROP) Squad/Props/buttonsGeneric/pullSwitch/genericPullSwitch
[LOG 21:50:01.455] Config(PROP) Squad/Props/buttonsGeneric/squareButton/genericSquareButton
[LOG 21:50:01.455] Config(PROP) Squad/Props/buttonsGeneric/standingSwitch/genericStandingSwitch
[LOG 21:50:01.455] Config(PROP) Squad/Props/buttonsGeneric/switch/genericSwitch
[LOG 21:50:01.455] Config(PROP) Squad/Props/buttonsGeneric/switchWithGuards/genericSwitchWithGuards
[LOG 21:50:01.455] Config(PROP) Squad/Props/ButtonSquare/prop/ButtonSquare
[LOG 21:50:01.455] Config(PROP) Squad/Props/circularButton/prop/circularButton
[LOG 21:50:01.455] Config(PROP) Squad/Props/Compass/prop/Compass
[LOG 21:50:01.455] Config(PROP) Squad/Props/directionalKnob/prop/directionalKnob
[LOG 21:50:01.455] Config(PROP) Squad/Props/directionalKnob2/prop/directionalKnob2
[LOG 21:50:01.455] Config(PROP) Squad/Props/IndicatorPanel/prop/IndicatorPanel
[LOG 21:50:01.455] Config(PROP) Squad/Props/IVANavBall/prop/NavBall
[LOG 21:50:01.455] Config(PROP) Squad/Props/IVANavBallNoBase/prop/NavBallNoBase
[LOG 21:50:01.455] Config(PROP) Squad/Props/ledPanelSpeed/prop/ledPanelSpeed
[LOG 21:50:01.456] Config(PROP) Squad/Props/Monitor/DockingMode/MonitorDockingMode
[LOG 21:50:01.456] Config(PROP) Squad/Props/NavBall/prop/NavBall
[LOG 21:50:01.456] Config(PROP) Squad/Props/PropsGeneric/Button_DockingMode/Button_DockingMode
[LOG 21:50:01.456] Config(PROP) Squad/Props/PropsGeneric/CargoBagA/CargoBagA
[LOG 21:50:01.456] Config(PROP) Squad/Props/PropsGeneric/CargoBagB/CargoBagB
[LOG 21:50:01.456] Config(PROP) Squad/Props/PropsGeneric/CargoBagC/CargoBagC
[LOG 21:50:01.456] Config(PROP) Squad/Props/PropsGeneric/Hatch_Plane/Hatch_Plane
[LOG 21:50:01.456] Config(PROP) Squad/Props/PropsGeneric/Hatch_Plane_Curve90/Hatch_Plane_Curve90
[LOG 21:50:01.456] Config(PROP) Squad/Props/PropsGeneric/Hatch_Plane_Frame/Hatch_Plane_Frame
[LOG 21:50:01.456] Config(PROP) Squad/Props/PropsGeneric/Seat_Passenger/Seat_Passenger
[LOG 21:50:01.456] Config(PROP) Squad/Props/PropsGeneric/Seat_Pilot/Seat_Pilot
[LOG 21:50:01.456] Config(PROP) Squad/Props/PropsGeneric/Seat_Pilot_Helmet/Seat_Pilot_Helmet
[LOG 21:50:01.456] Config(PROP) Squad/Props/PropsGeneric/SideStick/SideStick
[LOG 21:50:01.456] Config(PROP) Squad/Props/pullSwitch/prop/pullSwitch
[LOG 21:50:01.456] Config(PROP) Squad/Props/radarAltitude/prop/RadarAltimeter
[LOG 21:50:01.456] Config(PROP) Squad/Props/squareButton/prop/squareButton
[LOG 21:50:01.456] Config(PROP) Squad/Props/standingSwitch/prop/standingSwitch
[LOG 21:50:01.456] Config(PROP) Squad/Props/switch/prop/switch
[LOG 21:50:01.456] Config(PROP) Squad/Props/switchGuard/prop/switchGuard
[LOG 21:50:01.456] Config(PROP) Squad/Props/switchWithGuards/prop/switchWithGuards
[LOG 21:50:01.456] Config(PROP) Squad/Props/throttle/prop/throttle
[LOG 21:50:01.456] Config(PROP) Squad/Props/VSI/prop/VSI
[LOG 21:50:01.456] Config(SPACEOBJECTS_LIMITS) Squad/Resources/CometDefs/SPACEOBJECTS_LIMITS
[LOG 21:50:01.456] Config(COMET_MANAGER) Squad/Resources/CometDefs/COMET_MANAGER
[LOG 21:50:01.456] Config(COMET_ORBIT_TYPE) Squad/Resources/CometDefs/short
[LOG 21:50:01.456] Config(COMET_ORBIT_TYPE) Squad/Resources/CometDefs/intermediate
[LOG 21:50:01.456] Config(COMET_ORBIT_TYPE) Squad/Resources/CometDefs/long
[LOG 21:50:01.456] Config(COMET_ORBIT_TYPE) Squad/Resources/CometDefs/interstellar
[LOG 21:50:01.456] Config(FIREWORKFX_DEFINITION) Squad/Resources/FireworkFXDefinitions/classicTrail
[LOG 21:50:01.456] Config(FIREWORKFX_DEFINITION) Squad/Resources/FireworkFXDefinitions/whirlyTrail
[LOG 21:50:01.456] Config(FIREWORKFX_DEFINITION) Squad/Resources/FireworkFXDefinitions/strobeTrail
[LOG 21:50:01.456] Config(FIREWORKFX_DEFINITION) Squad/Resources/FireworkFXDefinitions/bareTrail
[LOG 21:50:01.456] Config(FIREWORKFX_DEFINITION) Squad/Resources/FireworkFXDefinitions/classicBurst
[LOG 21:50:01.456] Config(FIREWORKFX_DEFINITION) Squad/Resources/FireworkFXDefinitions/chrysBurst
[LOG 21:50:01.456] Config(FIREWORKFX_DEFINITION) Squad/Resources/FireworkFXDefinitions/palmBurst
[LOG 21:50:01.456] Config(FIREWORKFX_DEFINITION) Squad/Resources/FireworkFXDefinitions/ringBurst
[LOG 21:50:01.456] Config(FIREWORKFX_DEFINITION) Squad/Resources/FireworkFXDefinitions/crosetteBurst
[LOG 21:50:01.457] Config(FIREWORKFX_DEFINITION) Squad/Resources/FireworkFXDefinitions/willowBurst
[LOG 21:50:01.457] Config(FIREWORKFX_DEFINITION) Squad/Resources/FireworkFXDefinitions/crackeBurst
[LOG 21:50:01.457] Config(FIREWORKFX_DEFINITION) Squad/Resources/FireworkFXDefinitions/palmCrackleBurst
[LOG 21:50:01.457] Config(FIREWORKFX_DEFINITION) Squad/Resources/FireworkFXDefinitions/dragonBurst
[LOG 21:50:01.457] Config(GLOBAL_RESOURCE) Squad/Resources/Ore/GLOBAL_RESOURCE
[LOG 21:50:01.457] Config(PLANETARY_RESOURCE) Squad/Resources/Ore/PLANETARY_RESOURCE
[LOG 21:50:01.457] Config(PLANETARY_RESOURCE) Squad/Resources/Ore/PLANETARY_RESOURCE
[LOG 21:50:01.457] Config(RESOURCE_OVERLAY_CONFIGURATION_SOLID) Squad/Resources/Overlay/RESOURCE_OVERLAY_CONFIGURATION_SOLID
[LOG 21:50:01.457] Config(RESOURCE_OVERLAY_CONFIGURATION_LINES) Squad/Resources/Overlay/RESOURCE_OVERLAY_CONFIGURATION_LINES
[LOG 21:50:01.457] Config(RESOURCE_OVERLAY_CONFIGURATION_DOTS) Squad/Resources/Overlay/RESOURCE_OVERLAY_CONFIGURATION_DOTS
[LOG 21:50:01.457] Config(RESOURCE_CONFIGURATION) Squad/Resources/ResourceDefaults/RESOURCE_CONFIGURATION
[LOG 21:50:01.457] Config(RESOURCE_DEFINITION) Squad/Resources/ResourcesGeneric/LiquidFuel
[LOG 21:50:01.457] Config(RESOURCE_DEFINITION) Squad/Resources/ResourcesGeneric/Oxidizer
[LOG 21:50:01.457] Config(RESOURCE_DEFINITION) Squad/Resources/ResourcesGeneric/SolidFuel
[LOG 21:50:01.457] Config(RESOURCE_DEFINITION) Squad/Resources/ResourcesGeneric/MonoPropellant
[LOG 21:50:01.457] Config(RESOURCE_DEFINITION) Squad/Resources/ResourcesGeneric/XenonGas
[LOG 21:50:01.457] Config(RESOURCE_DEFINITION) Squad/Resources/ResourcesGeneric/ElectricCharge
[LOG 21:50:01.457] Config(RESOURCE_DEFINITION) Squad/Resources/ResourcesGeneric/IntakeAir
[LOG 21:50:01.457] Config(RESOURCE_DEFINITION) Squad/Resources/ResourcesGeneric/EVA Propellant
[LOG 21:50:01.457] Config(RESOURCE_DEFINITION) Squad/Resources/ResourcesGeneric/Ore
[LOG 21:50:01.457] Config(RESOURCE_DEFINITION) Squad/Resources/ResourcesGeneric/Ablator
[LOG 21:50:01.457] Config(EXPERIMENT_DEFINITION) Squad/Resources/ScienceDefs/EXPERIMENT_DEFINITION
[LOG 21:50:01.457] Config(EXPERIMENT_DEFINITION) Squad/Resources/ScienceDefs/EXPERIMENT_DEFINITION
[LOG 21:50:01.457] Config(EXPERIMENT_DEFINITION) Squad/Resources/ScienceDefs/EXPERIMENT_DEFINITION
[LOG 21:50:01.457] Config(EXPERIMENT_DEFINITION) Squad/Resources/ScienceDefs/EXPERIMENT_DEFINITION
[LOG 21:50:01.457] Config(EXPERIMENT_DEFINITION) Squad/Resources/ScienceDefs/EXPERIMENT_DEFINITION
[LOG 21:50:01.457] Config(EXPERIMENT_DEFINITION) Squad/Resources/ScienceDefs/EXPERIMENT_DEFINITION
[LOG 21:50:01.457] Config(EXPERIMENT_DEFINITION) Squad/Resources/ScienceDefs/EXPERIMENT_DEFINITION
[LOG 21:50:01.457] Config(EXPERIMENT_DEFINITION) Squad/Resources/ScienceDefs/EXPERIMENT_DEFINITION
[LOG 21:50:01.457] Config(EXPERIMENT_DEFINITION) Squad/Resources/ScienceDefs/EXPERIMENT_DEFINITION
[LOG 21:50:01.457] Config(EXPERIMENT_DEFINITION) Squad/Resources/ScienceDefs/EXPERIMENT_DEFINITION
[LOG 21:50:01.457] Config(EXPERIMENT_DEFINITION) Squad/Resources/ScienceDefs/EXPERIMENT_DEFINITION
[LOG 21:50:01.457] Config(EXPERIMENT_DEFINITION) Squad/Resources/ScienceDefs/EXPERIMENT_DEFINITION
[LOG 21:50:01.457] Config(EXPERIMENT_DEFINITION) Squad/Resources/ScienceDefs/EXPERIMENT_DEFINITION
[LOG 21:50:01.457] Config(EXPERIMENT_DEFINITION) Squad/Resources/ScienceDefs/EXPERIMENT_DEFINITION
[LOG 21:50:01.457] Config(EXPERIMENT_DEFINITION) Squad/Resources/ScienceDefs/EXPERIMENT_DEFINITION
[LOG 21:50:01.457] Config(EXPERIMENT_DEFINITION) Squad/Resources/ScienceDefs/EXPERIMENT_DEFINITION
[LOG 21:50:01.457] Config(EXPERIMENT_DEFINITION) Squad/Resources/ScienceDefs/EXPERIMENT_DEFINITION
[LOG 21:50:01.457] Config(EXPERIMENT_DEFINITION) Squad/Resources/ScienceDefs/EXPERIMENT_DEFINITION
[LOG 21:50:01.457] Config(STORY_DEF) Squad/Resources/StoryDefs/STORY_DEF
[LOG 21:50:01.457] Config(TechTree) Squad/Resources/TechTree/TechTree
[LOG 21:50:01.457] Config(INTERNAL) Squad/Spaces/crewCabinInternals/internal/crewCabinInternals
[LOG 21:50:01.457] Config(INTERNAL) Squad/Spaces/cupolaInternal/internal/cupolaInternal
[LOG 21:50:01.457] Config(INTERNAL) Squad/Spaces/GenericSpace1/internal/GenericSpace1
[LOG 21:50:01.457] Config(INTERNAL) Squad/Spaces/GenericSpace3/internal/GenericSpace3
[LOG 21:50:01.457] Config(INTERNAL) Squad/Spaces/landerCabinInternals/internal/landerCabinInternals
[LOG 21:50:01.457] Config(INTERNAL) Squad/Spaces/landerCabinSmallInternal/internal/landerCabinSmallInternal
[LOG 21:50:01.458] Config(INTERNAL) Squad/Spaces/LargeCrewedLabInternals/internal/Mobile_Processing_Lab_Int
[LOG 21:50:01.458] Config(INTERNAL) Squad/Spaces/Mk1-3/internal/Mk1-3
[LOG 21:50:01.458] Config(INTERNAL) Squad/Spaces/mk1CabinInternal/internal/mk1CabinInternal
[LOG 21:50:01.458] Config(INTERNAL) Squad/Spaces/mk1CockpitInternal/internal/mk1CockpitInternal
[LOG 21:50:01.458] Config(INTERNAL) Squad/Spaces/mk1InlineInternal/internal/mk1InlineInternal
[LOG 21:50:01.458] Config(INTERNAL) Squad/Spaces/mk1PodCockpit/internal/mk1PodCockpit
[LOG 21:50:01.458] Config(INTERNAL) Squad/Spaces/mk1pod_IVA/mk1pod_Internal/mk1pod_IVA
[LOG 21:50:01.458] Config(INTERNAL) Squad/Spaces/mk2CockpitStandardInternal/internal/mk2CockpitStandardInternals
[LOG 21:50:01.458] Config(INTERNAL) Squad/Spaces/Mk2CrewCabinInternal/internal_MK2_CrewCab/MK2_CrewCab_Int
[LOG 21:50:01.458] Config(INTERNAL) Squad/Spaces/mk2InlineInternal/internal/mk2InlineInternal
[LOG 21:50:01.458] Config(INTERNAL) Squad/Spaces/mk2LanderCanInternal/internal/mk2LanderCanInternal
[LOG 21:50:01.458] Config(INTERNAL) Squad/Spaces/MK3CockpitInternal/internal_MK3/MK3_Cockpit_Int
[LOG 21:50:01.458] Config(INTERNAL) Squad/Spaces/MK3_CrewCab_Int/internal_MK3_CrewCab/MK3_CrewCab_Int
[LOG 21:50:01.458] Config(INTERNAL) Squad/Spaces/Placeholder/internal/Placeholder
[LOG 21:50:01.458] Config(INTERNAL) Squad/Spaces/PodCockpit/internal/PodCockpit
[LOG 21:50:01.458] Config(STRATEGY_DEPARTMENT) Squad/Strategies/Departments/Finances
[LOG 21:50:01.458] Config(STRATEGY_DEPARTMENT) Squad/Strategies/Departments/Science
[LOG 21:50:01.458] Config(STRATEGY_DEPARTMENT) Squad/Strategies/Departments/Public Relations
[LOG 21:50:01.458] Config(STRATEGY_DEPARTMENT) Squad/Strategies/Departments/Operations
[LOG 21:50:01.458] Config(STRATEGY) Squad/Strategies/Strategies/AppreciationCampaignCfg
[LOG 21:50:01.458] Config(STRATEGY) Squad/Strategies/Strategies/FundraisingCampaignCfg
[LOG 21:50:01.458] Config(STRATEGY) Squad/Strategies/Strategies/OpenSourceTechProgramCfg
[LOG 21:50:01.458] Config(STRATEGY) Squad/Strategies/Strategies/UnpaidResearchProgramCfg
[LOG 21:50:01.458] Config(STRATEGY) Squad/Strategies/Strategies/OutsourcedResearchCfg
[LOG 21:50:01.458] Config(STRATEGY) Squad/Strategies/Strategies/PatentsLicensingCfg
[LOG 21:50:01.458] Config(STRATEGY) Squad/Strategies/Strategies/AgressiveNegotiations
[LOG 21:50:01.458] Config(STRATEGY) Squad/Strategies/Strategies/RecoveryTransponders
[LOG 21:50:01.458] Config(STRATEGY) Squad/Strategies/Strategies/BailoutGrant
[LOG 21:50:01.458] Config(STRATEGY) Squad/Strategies/Strategies/researchIPsellout
[LOG 21:50:01.458] Config(STRATEGY) Squad/Strategies/Strategies/LeadershipInitiative
[LOG 21:50:01.458] Config(TUTORIAL) Squad/Tutorials/FlightSuborbital/FlightSuborbital
[LOG 21:50:01.458] Config(TUTORIAL) Squad/Tutorials/FromMun/FromMun
[LOG 21:50:01.458] Config(TUTORIAL) Squad/Tutorials/GoForOrbit/GoForOrbit
[LOG 21:50:01.458] Config(MISSIONPACK) SquadExpansion/MakingHistory/Missions/MissionPacks/squad_MakingHistory
[LOG 21:50:01.458] Config(MISSIONPACK) SquadExpansion/MakingHistory/Missions/MissionPacks/squad_MakingHistory_Other
[LOG 21:50:01.458] Config(MISSIONPACK) SquadExpansion/MakingHistory/Missions/MissionPacks/squad_MakingHistory_Tutorial
[LOG 21:50:01.458] Config(MEBASICNODE) SquadExpansion/MakingHistory/Nodes/AccuracyLogic/TestAccuracyLogic
[LOG 21:50:01.458] Config(MEBASICNODE) SquadExpansion/MakingHistory/Nodes/ActionChancePartResourceLevels/ActionPartResourceAmount
[LOG 21:50:01.458] Config(MEBASICNODE) SquadExpansion/MakingHistory/Nodes/ActionExplode/ActionVesselExplode
[LOG 21:50:01.458] Config(MEBASICNODE) SquadExpansion/MakingHistory/Nodes/ActionMissionScore/MissionScore
[LOG 21:50:01.458] Config(MEBASICNODE) SquadExpansion/MakingHistory/Nodes/ActionModifierFunds/ModifyFunds
[LOG 21:50:01.458] Config(MEBASICNODE) SquadExpansion/MakingHistory/Nodes/ActionModifierScore/MissionScore
[LOG 21:50:01.458] Config(MEBASICNODE) SquadExpansion/MakingHistory/Nodes/ActionPartExplode/ActionPartExplode
[LOG 21:50:01.458] Config(MEBASICNODE) SquadExpansion/MakingHistory/Nodes/ActionPartResourceDrain/ActionPartResourceDrain
[LOG 21:50:01.459] Config(MEBASICNODE) SquadExpansion/MakingHistory/Nodes/ActionVesselActionGroup/ActionVesselActionGroup
[LOG 21:50:01.459] Config(MEBASICNODE) SquadExpansion/MakingHistory/Nodes/ActionVesselStage/ActionVesselStage
[LOG 21:50:01.459] Config(MEBASICNODE) SquadExpansion/MakingHistory/Nodes/CreateAsteroid/CreateAsteroid
[LOG 21:50:01.459] Config(MEBASICNODE) SquadExpansion/MakingHistory/Nodes/CreateComet/CreateComet
[LOG 21:50:01.459] Config(MEBASICNODE) SquadExpansion/MakingHistory/Nodes/CreateFlag/CreateFlag
[LOG 21:50:01.459] Config(MEBASICNODE) SquadExpansion/MakingHistory/Nodes/CreateLaunchSite/CreateLaunchSite
[LOG 21:50:01.459] Config(MEBASICNODE) SquadExpansion/MakingHistory/Nodes/CreateVessel/CreateVessel
[LOG 21:50:01.459] Config(MEBASICNODE) SquadExpansion/MakingHistory/Nodes/CrewAssignment/TestCrewAssignment
[LOG 21:50:01.459] Config(MEBASICNODE) SquadExpansion/MakingHistory/Nodes/Destroyed/Crashed
[LOG 21:50:01.459] Config(MEBASICNODE) SquadExpansion/MakingHistory/Nodes/DialogMessage/DialogMessage
[LOG 21:50:01.459] Config(MEBASICNODE) SquadExpansion/MakingHistory/Nodes/Distance/Distance
[LOG 21:50:01.459] Config(MEBASICNODE) SquadExpansion/MakingHistory/Nodes/EmptyFalse/EmptyFalse
[LOG 21:50:01.459] Config(MEBASICNODE) SquadExpansion/MakingHistory/Nodes/EmptyTrue/EmptyTrue
[LOG 21:50:01.459] Config(MEBASICNODE) SquadExpansion/MakingHistory/Nodes/EscapeSOI/SOILeft
[LOG 21:50:01.459] Config(MEBASICNODE) SquadExpansion/MakingHistory/Nodes/EVA/EVA
[LOG 21:50:01.459] Config(MEBASICNODE) SquadExpansion/MakingHistory/Nodes/Flying/Flying
[LOG 21:50:01.459] Config(MEBASICNODE) SquadExpansion/MakingHistory/Nodes/FundsRecovery/FundsRecovery
[LOG 21:50:01.459] Config(MEBASICNODE) SquadExpansion/MakingHistory/Nodes/KerbalBoarded/TestKerbalBoarded
[LOG 21:50:01.459] Config(MEBASICNODE) SquadExpansion/MakingHistory/Nodes/KerbalKilled/EVA
[LOG 21:50:01.459] Config(MEBASICNODE) SquadExpansion/MakingHistory/Nodes/KerbalRecovery/KerbalRecovery
[LOG 21:50:01.459] Config(MEBASICNODE) SquadExpansion/MakingHistory/Nodes/KerbalRescue/KerbalRescue
[LOG 21:50:01.459] Config(MEBASICNODE) SquadExpansion/MakingHistory/Nodes/Landed/Landed
[LOG 21:50:01.459] Config(MEBASICNODE) SquadExpansion/MakingHistory/Nodes/Message/Message
[LOG 21:50:01.459] Config(MEBASICNODE) SquadExpansion/MakingHistory/Nodes/MissionFunds/MissionFunds
[LOG 21:50:01.459] Config(MEBASICNODE) SquadExpansion/MakingHistory/Nodes/MissionScore/MissionScore
[LOG 21:50:01.459] Config(MEBASICNODE) SquadExpansion/MakingHistory/Nodes/Orbit/Orbit
[LOG 21:50:01.459] Config(MEBASICNODE) SquadExpansion/MakingHistory/Nodes/OrbitParams/OrbitParams
[LOG 21:50:01.459] Config(MEBASICNODE) SquadExpansion/MakingHistory/Nodes/PartDocking/TestPartDocking
[LOG 21:50:01.459] Config(MEBASICNODE) SquadExpansion/MakingHistory/Nodes/PartFailure/PartFailure
[LOG 21:50:01.459] Config(MEBASICNODE) SquadExpansion/MakingHistory/Nodes/PartGrapple/TestGrapple
[LOG 21:50:01.459] Config(MEBASICNODE) SquadExpansion/MakingHistory/Nodes/PartRepair/PartRepair
[LOG 21:50:01.459] Config(MEBASICNODE) SquadExpansion/MakingHistory/Nodes/PlaceKerbal/CreateKerbal
[LOG 21:50:01.459] Config(MEBASICNODE) SquadExpansion/MakingHistory/Nodes/PlantFlag/PlantFlag
[LOG 21:50:01.459] Config(MEBASICNODE) SquadExpansion/MakingHistory/Nodes/ReachSOI/ReachSOI
[LOG 21:50:01.459] Config(MEBASICNODE) SquadExpansion/MakingHistory/Nodes/Resource/ResourceAmount
[LOG 21:50:01.459] Config(MEBASICNODE) SquadExpansion/MakingHistory/Nodes/ResourceRecovery/TestResourcesRecovery
[LOG 21:50:01.459] Config(MEBASICNODE) SquadExpansion/MakingHistory/Nodes/ScienceExperiment/ScienceExperiment
[LOG 21:50:01.459] Config(MEBASICNODE) SquadExpansion/MakingHistory/Nodes/SetCamera/SetCamera
[LOG 21:50:01.459] Config(MEBASICNODE) SquadExpansion/MakingHistory/Nodes/SplashDown/SplashDown
[LOG 21:50:01.459] Config(MEBASICNODE) SquadExpansion/MakingHistory/Nodes/StageActivated/TestVesselStageActivated
[LOG 21:50:01.459] Config(MEBASICNODE) SquadExpansion/MakingHistory/Nodes/TakeKerbal/TestTakeKerbal
[LOG 21:50:01.459] Config(MEBASICNODE) SquadExpansion/MakingHistory/Nodes/TestFlyThrough/TestFlyThrough
[LOG 21:50:01.459] Config(MEBASICNODE) SquadExpansion/MakingHistory/Nodes/TestGoTo/TestGoTo
[LOG 21:50:01.459] Config(MEBASICNODE) SquadExpansion/MakingHistory/Nodes/TimeMET/TimeMET
[LOG 21:50:01.459] Config(MEBASICNODE) SquadExpansion/MakingHistory/Nodes/TimeOfMission/TimeOfMission
[LOG 21:50:01.459] Config(MEBASICNODE) SquadExpansion/MakingHistory/Nodes/TimeSinceNode/TestTimeSinceNode
[LOG 21:50:01.459] Config(MEBASICNODE) SquadExpansion/MakingHistory/Nodes/VesselActiveCount/TestVesselActiveCount
[LOG 21:50:01.459] Config(MEBASICNODE) SquadExpansion/MakingHistory/Nodes/VesselAltitudeGoal/VesselAltitudeGoal
[LOG 21:50:01.459] Config(MEBASICNODE) SquadExpansion/MakingHistory/Nodes/VesselCrewCount/VeselCrewCount
[LOG 21:50:01.460] Config(MEBASICNODE) SquadExpansion/MakingHistory/Nodes/VesselMassLogic/VesselMass
[LOG 21:50:01.460] Config(MEBASICNODE) SquadExpansion/MakingHistory/Nodes/VesselPartCount/PartCount
[LOG 21:50:01.460] Config(MEBASICNODE) SquadExpansion/MakingHistory/Nodes/VesselRecovery/TestVesselRecovery
[LOG 21:50:01.460] Config(MEBASICNODE) SquadExpansion/MakingHistory/Nodes/VesselStage/TestVesselStage
[LOG 21:50:01.460] Config(MEBASICNODE) SquadExpansion/MakingHistory/Nodes/VesselVelocity/VesselVelocity
[LOG 21:50:01.460] Config(PART) SquadExpansion/MakingHistory/Parts/Aero/protectiveRocketNoseMk16/rocketNoseCone_size4/rocketNoseConeSize4
[LOG 21:50:01.460] Config(PART) SquadExpansion/MakingHistory/Parts/Aero/protectiveRocketNoseMk5A/Size_1_5_Cone/Size_1_5_Cone
[LOG 21:50:01.460] Config(PART) SquadExpansion/MakingHistory/Parts/Coupling/Decoupler_1p5/Decoupler_1p5
[LOG 21:50:01.460] Config(PART) SquadExpansion/MakingHistory/Parts/Coupling/Decoupler_4/Decoupler_4
[LOG 21:50:01.460] Config(PART) SquadExpansion/MakingHistory/Parts/Coupling/EnginePlate_1p5/EnginePlate1p5
[LOG 21:50:01.460] Config(PART) SquadExpansion/MakingHistory/Parts/Coupling/EnginePlate_2/EnginePlate2
[LOG 21:50:01.460] Config(PART) SquadExpansion/MakingHistory/Parts/Coupling/EnginePlate_3/EnginePlate3
[LOG 21:50:01.460] Config(PART) SquadExpansion/MakingHistory/Parts/Coupling/EnginePlate_4/EnginePlate4
[LOG 21:50:01.460] Config(PART) SquadExpansion/MakingHistory/Parts/Coupling/EnginePlate_5/EnginePlate5
[LOG 21:50:01.460] Config(PART) SquadExpansion/MakingHistory/Parts/Coupling/InflatableAirlock/InflatableAirlock
[LOG 21:50:01.460] Config(PART) SquadExpansion/MakingHistory/Parts/Coupling/Separator_1p5/Separator_1p5
[LOG 21:50:01.460] Config(PART) SquadExpansion/MakingHistory/Parts/Coupling/Separator_4/Separator_4
[LOG 21:50:01.460] Config(PART) SquadExpansion/MakingHistory/Parts/Coupling/Size1p5_Strut_Decoupler/Size1p5_Strut_Decoupler
[LOG 21:50:01.460] Config(PART) SquadExpansion/MakingHistory/Parts/Engine/LiquidEngineKE-1/LiquidEngineKE-1
[LOG 21:50:01.460] Config(PART) SquadExpansion/MakingHistory/Parts/Engine/LiquidEngineLV-T91/LiquidEngineLV-T91
[LOG 21:50:01.460] Config(PART) SquadExpansion/MakingHistory/Parts/Engine/LiquidEngineLV-TX87/LiquidEngineLV-TX87
[LOG 21:50:01.460] Config(PART) SquadExpansion/MakingHistory/Parts/Engine/LiquidEngineRE-I2/LiquidEngineRE-I2
[LOG 21:50:01.460] Config(PART) SquadExpansion/MakingHistory/Parts/Engine/LiquidEngineRE-J10/LiquidEngineRE-J10
[LOG 21:50:01.460] Config(PART) SquadExpansion/MakingHistory/Parts/Engine/LiquidEngineRK-7/LiquidEngineRK-7
[LOG 21:50:01.460] Config(PART) SquadExpansion/MakingHistory/Parts/Engine/LiquidEngineRV-1/LiquidEngineRV-1
[LOG 21:50:01.460] Config(PART) SquadExpansion/MakingHistory/Parts/Engine/solidBoosterTHK/solidBoosterTHK/Pollux
[LOG 21:50:01.460] Config(PART) SquadExpansion/MakingHistory/Parts/FuelTank/MonoPropMini/monopropMiniSphere
[LOG 21:50:01.460] Config(PART) SquadExpansion/MakingHistory/Parts/FuelTank/Size1p5_Monoprop/Size1p5_Monoprop
[LOG 21:50:01.460] Config(PART) SquadExpansion/MakingHistory/Parts/FuelTank/Size1p5_Size0_Adapter_01/Size1p5_Size0_Adapter_01
[LOG 21:50:01.460] Config(PART) SquadExpansion/MakingHistory/Parts/FuelTank/Size1p5_Size1_Adapter_01/Size1p5_Size1_Adapter_01
[LOG 21:50:01.460] Config(PART) SquadExpansion/MakingHistory/Parts/FuelTank/Size1p5_Size1_Adapter_02/Size1p5_Size1_Adapter_02
[LOG 21:50:01.460] Config(PART) SquadExpansion/MakingHistory/Parts/FuelTank/Size1p5_Size2_Adapter_01/Size1p5_Size2_Adapter_01
[LOG 21:50:01.460] Config(PART) SquadExpansion/MakingHistory/Parts/FuelTank/Size1p5_Tank_01/Size1p5_Tank_01
[LOG 21:50:01.460] Config(PART) SquadExpansion/MakingHistory/Parts/FuelTank/Size1p5_Tank_02/Size1p5_Tank_02
[LOG 21:50:01.460] Config(PART) SquadExpansion/MakingHistory/Parts/FuelTank/Size1p5_Tank_03/Size1p5_Tank_03
[LOG 21:50:01.460] Config(PART) SquadExpansion/MakingHistory/Parts/FuelTank/Size1p5_Tank_04/Size1p5_Tank_04
[LOG 21:50:01.460] Config(PART) SquadExpansion/MakingHistory/Parts/FuelTank/Size1p5_Tank_05/Size1p5_Tank_05
[LOG 21:50:01.460] Config(PART) SquadExpansion/MakingHistory/Parts/FuelTank/Size3_Size4_Adapter_01/Size3_Size4_Adapter_01
[LOG 21:50:01.460] Config(PART) SquadExpansion/MakingHistory/Parts/FuelTank/Size4_EngineAdapter_01/Size4_EngineAdapter_01
[LOG 21:50:01.460] Config(PART) SquadExpansion/MakingHistory/Parts/FuelTank/Size4_Tank_01/Size4_Tank_01
[LOG 21:50:01.460] Config(PART) SquadExpansion/MakingHistory/Parts/FuelTank/Size4_Tank_02/Size4_Tank_02
[LOG 21:50:01.461] Config(PART) SquadExpansion/MakingHistory/Parts/FuelTank/Size4_Tank_03/Size4_Tank_03
[LOG 21:50:01.461] Config(PART) SquadExpansion/MakingHistory/Parts/FuelTank/Size4_Tank_04/Size4_Tank_04
[LOG 21:50:01.461] Config(PART) SquadExpansion/MakingHistory/Parts/Ground/RoverWheel/roverWheelM1-F
[LOG 21:50:01.461] Config(PART) SquadExpansion/MakingHistory/Parts/Payload/fairingSize1p5/fairingSize1p5
[LOG 21:50:01.461] Config(PART) SquadExpansion/MakingHistory/Parts/Payload/fairingSize4/fairingSize4
[LOG 21:50:01.461] Config(PART) SquadExpansion/MakingHistory/Parts/Payload/Size1to0ServiceModule/Size1to0ServiceModule
[LOG 21:50:01.461] Config(PART) SquadExpansion/MakingHistory/Parts/Payload/SM18/ServiceModule18
[LOG 21:50:01.461] Config(PART) SquadExpansion/MakingHistory/Parts/Payload/SM25/ServiceModule25
[LOG 21:50:01.461] Config(PART) SquadExpansion/MakingHistory/Parts/Pods/KV1Pod/kv1Pod
[LOG 21:50:01.461] Config(PART) SquadExpansion/MakingHistory/Parts/Pods/KV2Pod/kv2Pod
[LOG 21:50:01.461] Config(PART) SquadExpansion/MakingHistory/Parts/Pods/KV3Pod/kv3Pod
[LOG 21:50:01.461] Config(PART) SquadExpansion/MakingHistory/Parts/Pods/Mk2Pod/Mk2Pod
[LOG 21:50:01.461] Config(PART) SquadExpansion/MakingHistory/Parts/Pods/Size1_5_Lander/MEMLander
[LOG 21:50:01.461] Config(PART) SquadExpansion/MakingHistory/Parts/Prebuilt/kerbalEVAfemaleVintage/kerbalEVAfemaleVintage
[LOG 21:50:01.461] Config(PART) SquadExpansion/MakingHistory/Parts/Prebuilt/kerbalEVAVintage/kerbalEVAVintage
[LOG 21:50:01.461] Config(PART) SquadExpansion/MakingHistory/Parts/Structural/EquiTriangle0/EquiTriangle0
[LOG 21:50:01.461] Config(PART) SquadExpansion/MakingHistory/Parts/Structural/EquiTriangle1/EquiTriangle1
[LOG 21:50:01.461] Config(PART) SquadExpansion/MakingHistory/Parts/Structural/EquiTriangle1p5/EquiTriangle1p5
[LOG 21:50:01.461] Config(PART) SquadExpansion/MakingHistory/Parts/Structural/EquiTriangle2/EquiTriangle2
[LOG 21:50:01.461] Config(PART) SquadExpansion/MakingHistory/Parts/Structural/Panel0/Panel0
[LOG 21:50:01.461] Config(PART) SquadExpansion/MakingHistory/Parts/Structural/Panel1/Panel1
[LOG 21:50:01.461] Config(PART) SquadExpansion/MakingHistory/Parts/Structural/Panel1p5/Panel1p5
[LOG 21:50:01.461] Config(PART) SquadExpansion/MakingHistory/Parts/Structural/Panel2/Panel2
[LOG 21:50:01.461] Config(PART) SquadExpansion/MakingHistory/Parts/Structural/Triangle0/Triangle0
[LOG 21:50:01.461] Config(PART) SquadExpansion/MakingHistory/Parts/Structural/Triangle1/Triangle1
[LOG 21:50:01.461] Config(PART) SquadExpansion/MakingHistory/Parts/Structural/Triangle1p5/Triangle1p5
[LOG 21:50:01.461] Config(PART) SquadExpansion/MakingHistory/Parts/Structural/Triangle2/Triangle2
[LOG 21:50:01.461] Config(PART) SquadExpansion/MakingHistory/Parts/Structural/Tube1/Tube1
[LOG 21:50:01.461] Config(PART) SquadExpansion/MakingHistory/Parts/Structural/Tube1p5/Tube1p5
[LOG 21:50:01.461] Config(PART) SquadExpansion/MakingHistory/Parts/Structural/Tube2/Tube2
[LOG 21:50:01.461] Config(PART) SquadExpansion/MakingHistory/Parts/Structural/Tube3/Tube3
[LOG 21:50:01.461] Config(PART) SquadExpansion/MakingHistory/Parts/Structural/Tube4/Tube4
[LOG 21:50:01.461] Config(PART) SquadExpansion/MakingHistory/Parts/Thermal/HeatShield1p5/HeatShield1p5
[LOG 21:50:01.461] Config(PART) SquadExpansion/MakingHistory/Parts/Utility/flags/flagSize1p5/flagSize1p5/flagPartSize1p5
[LOG 21:50:01.461] Config(PART) SquadExpansion/MakingHistory/Parts/Utility/flags/flagSize4/flagSize4/flagPartSize4
[LOG 21:50:01.461] Config(INTERNAL) SquadExpansion/MakingHistory/Spaces/KVPods/Airlock_Internal/Airlock_IVA
[LOG 21:50:01.461] Config(INTERNAL) SquadExpansion/MakingHistory/Spaces/KVPods/KV1_Internal/KV1_IVA
[LOG 21:50:01.461] Config(INTERNAL) SquadExpansion/MakingHistory/Spaces/KVPods/KV2_Internal/KV2_IVA
[LOG 21:50:01.461] Config(INTERNAL) SquadExpansion/MakingHistory/Spaces/KVPods/KV3_Internal/KV3_IVA
[LOG 21:50:01.461] Config(INTERNAL) SquadExpansion/MakingHistory/Spaces/MEM/MEM_IVA/MEM_IVA
[LOG 21:50:01.461] Config(INTERNAL) SquadExpansion/MakingHistory/Spaces/Mk2Pod/Mk2Pod_Internal/MK2POD_IVA
[LOG 21:50:01.461] Config(Contracts) SquadExpansion/Serenity/Contracts/contracts/Contracts
[LOG 21:50:01.461] Config(EXPERIENCE_TRAIT) SquadExpansion/Serenity/Experience/Traits/Engineer
[LOG 21:50:01.461] Config(EXPERIENCE_TRAIT) SquadExpansion/Serenity/Experience/Traits/Scientist
[LOG 21:50:01.461] Config(Localization) SquadExpansion/Serenity/Localization/dictionary/Localization
[LOG 21:50:01.461] Config(PART) SquadExpansion/Serenity/Parts/Aero/FanShroud_01/FanShroud_01
[LOG 21:50:01.461] Config(PART) SquadExpansion/Serenity/Parts/Aero/FanShroud_02/FanShroud_02
[LOG 21:50:01.461] Config(PART) SquadExpansion/Serenity/Parts/Aero/FanShroud_03/FanShroud_03
[LOG 21:50:01.461] Config(PART) SquadExpansion/Serenity/Parts/Aero/noseconeTiny/noseconeTiny
[LOG 21:50:01.461] Config(PART) SquadExpansion/Serenity/Parts/Aero/noseconeVS/noseconeVS
[LOG 21:50:01.461] Config(PART) SquadExpansion/Serenity/Parts/DeployedScience/centralStation/DeployedCentralStation
[LOG 21:50:01.461] Config(PART) SquadExpansion/Serenity/Parts/DeployedScience/gooObservation/DeployedGoExOb
[LOG 21:50:01.461] Config(PART) SquadExpansion/Serenity/Parts/DeployedScience/ionCollector/DeployedIONExp
[LOG 21:50:01.461] Config(PART) SquadExpansion/Serenity/Parts/DeployedScience/rtg/DeployedRTG
[LOG 21:50:01.461] Config(PART) SquadExpansion/Serenity/Parts/DeployedScience/satDish/DeployedSatDish
[LOG 21:50:01.461] Config(PART) SquadExpansion/Serenity/Parts/DeployedScience/seismicSensor/DeployedSeismicSensor
[LOG 21:50:01.461] Config(PART) SquadExpansion/Serenity/Parts/DeployedScience/solarPanel/DeployedSolarPanel
[LOG 21:50:01.461] Config(PART) SquadExpansion/Serenity/Parts/DeployedScience/weatherStation/DeployedWeatherStn
[LOG 21:50:01.461] Config(PART) SquadExpansion/Serenity/Parts/Prebuilt/kerbalEVA/kerbalEVA
[LOG 21:50:01.461] Config(PART) SquadExpansion/Serenity/Parts/Prebuilt/kerbalEVAfemale/kerbalEVAfemale
[LOG 21:50:01.461] Config(PART) SquadExpansion/Serenity/Parts/Prebuilt/kerbalEVAfemaleFuture/kerbalEVAfemaleFuture
[LOG 21:50:01.461] Config(PART) SquadExpansion/Serenity/Parts/Prebuilt/kerbalEVAfemaleVintage/kerbalEVAfemaleVintage
[LOG 21:50:01.461] Config(PART) SquadExpansion/Serenity/Parts/Prebuilt/kerbalEVAFuture/kerbalEVAFuture
[LOG 21:50:01.462] Config(PART) SquadExpansion/Serenity/Parts/Prebuilt/kerbalEVASlimSuit/kerbalEVASlimSuit
[LOG 21:50:01.462] Config(PART) SquadExpansion/Serenity/Parts/Prebuilt/kerbalEVASlimSuitFemale/kerbalEVASlimSuitFemale
[LOG 21:50:01.462] Config(PART) SquadExpansion/Serenity/Parts/Prebuilt/kerbalEVAVintage/kerbalEVAVintage
[LOG 21:50:01.462] Config(PART) SquadExpansion/Serenity/Parts/Propellers/largeFanBlade/largeFanBlade
[LOG 21:50:01.462] Config(PART) SquadExpansion/Serenity/Parts/Propellers/largeHeliBlade/largeHeliBlade
[LOG 21:50:01.462] Config(PART) SquadExpansion/Serenity/Parts/Propellers/largePropeller/largePropeller
[LOG 21:50:01.462] Config(PART) SquadExpansion/Serenity/Parts/Propellers/mediumFanBlade/mediumFanBlade
[LOG 21:50:01.462] Config(PART) SquadExpansion/Serenity/Parts/Propellers/mediumHeliBlade/mediumHeliBlade
[LOG 21:50:01.462] Config(PART) SquadExpansion/Serenity/Parts/Propellers/mediumPropeller/mediumPropeller
[LOG 21:50:01.462] Config(PART) SquadExpansion/Serenity/Parts/Propellers/smallFanBlade/smallFanBlade
[LOG 21:50:01.462] Config(PART) SquadExpansion/Serenity/Parts/Propellers/smallHeliBlade/smallHeliBlade
[LOG 21:50:01.462] Config(PART) SquadExpansion/Serenity/Parts/Propellers/smallPropeller/smallPropeller
[LOG 21:50:01.462] Config(PART) SquadExpansion/Serenity/Parts/Robotics/hinge_01/hinge_01
[LOG 21:50:01.462] Config(PART) SquadExpansion/Serenity/Parts/Robotics/hinge_01_s/hinge_01_s
[LOG 21:50:01.462] Config(PART) SquadExpansion/Serenity/Parts/Robotics/hinge_03/hinge_03
[LOG 21:50:01.462] Config(PART) SquadExpansion/Serenity/Parts/Robotics/hinge_03_s/hinge_03_s
[LOG 21:50:01.462] Config(PART) SquadExpansion/Serenity/Parts/Robotics/hinge_04/hinge_04
[LOG 21:50:01.462] Config(PART) SquadExpansion/Serenity/Parts/Robotics/piston_01/piston_01
[LOG 21:50:01.462] Config(PART) SquadExpansion/Serenity/Parts/Robotics/piston_02/piston_02
[LOG 21:50:01.462] Config(PART) SquadExpansion/Serenity/Parts/Robotics/piston_03/piston_03
[LOG 21:50:01.462] Config(PART) SquadExpansion/Serenity/Parts/Robotics/piston_04/piston_04
[LOG 21:50:01.462] Config(PART) SquadExpansion/Serenity/Parts/Robotics/RotorEngine_02/RotorEngine_02
[LOG 21:50:01.462] Config(PART) SquadExpansion/Serenity/Parts/Robotics/RotorEngine_03/RotorEngine_03
[LOG 21:50:01.462] Config(PART) SquadExpansion/Serenity/Parts/Robotics/rotor_01/rotor_01
[LOG 21:50:01.462] Config(PART) SquadExpansion/Serenity/Parts/Robotics/rotor_01s/rotor_01s
[LOG 21:50:01.462] Config(PART) SquadExpansion/Serenity/Parts/Robotics/rotor_02/rotor_02
[LOG 21:50:01.462] Config(PART) SquadExpansion/Serenity/Parts/Robotics/rotor_02s/rotor_02s
[LOG 21:50:01.462] Config(PART) SquadExpansion/Serenity/Parts/Robotics/rotor_03/rotor_03
[LOG 21:50:01.462] Config(PART) SquadExpansion/Serenity/Parts/Robotics/rotor_03s/rotor_03s
[LOG 21:50:01.462] Config(PART) SquadExpansion/Serenity/Parts/Robotics/rotoServo_00/rotoServo_00
[LOG 21:50:01.462] Config(PART) SquadExpansion/Serenity/Parts/Robotics/rotoServo_02/rotoServo_02
[LOG 21:50:01.462] Config(PART) SquadExpansion/Serenity/Parts/Robotics/rotoServo_03/rotoServo_03
[LOG 21:50:01.462] Config(PART) SquadExpansion/Serenity/Parts/Robotics/rotoServo_04/rotoServo_04
[LOG 21:50:01.462] Config(PART) SquadExpansion/Serenity/Parts/Robotics/Controllers/KAL1000/controller1000
[LOG 21:50:01.462] Config(PART) SquadExpansion/Serenity/Parts/Science/RobotArmScanner/RobotArmScanner_S1/RobotArmScanner_S1
[LOG 21:50:01.462] Config(PART) SquadExpansion/Serenity/Parts/Science/RobotArmScanner/RobotArmScanner_S2/RobotArmScanner_S2
[LOG 21:50:01.462] Config(PART) SquadExpansion/Serenity/Parts/Science/RobotArmScanner/RobotArmScanner_S3/RobotArmScanner_S3
[LOG 21:50:01.462] Config(PART) SquadExpansion/Serenity/Parts/Structural/gripPads/lGripPad/lGripPad
[LOG 21:50:01.462] Config(PART) SquadExpansion/Serenity/Parts/Structural/gripPads/lGripStrip/lGripStrip
[LOG 21:50:01.462] Config(PART) SquadExpansion/Serenity/Parts/Structural/gripPads/mGripPad/mGripPad
[LOG 21:50:01.462] Config(PART) SquadExpansion/Serenity/Parts/Structural/gripPads/sGripPad/sGripPad
[LOG 21:50:01.462] Config(PART) SquadExpansion/Serenity/Parts/Structural/gripPads/sGripStrip/sGripStrip
[LOG 21:50:01.462] Config(DEPLOYEDSCIENCE) SquadExpansion/Serenity/Resources/DeployedScience/DEPLOYEDSCIENCE
[LOG 21:50:01.462] Config(PHYSICMATERIAL_DEFINITION) SquadExpansion/Serenity/Resources/PhysicsMaterials/MediumGrip
[LOG 21:50:01.463] Config(PHYSICMATERIAL_DEFINITION) SquadExpansion/Serenity/Resources/PhysicsMaterials/HighGrip
[LOG 21:50:01.463] Config(PHYSICMATERIAL_DEFINITION) SquadExpansion/Serenity/Resources/PhysicsMaterials/ExtremeGrip
[LOG 21:50:01.463] Config(PHYSICMATERIAL_DEFINITION) SquadExpansion/Serenity/Resources/PhysicsMaterials/LowGrip
[LOG 21:50:01.463] Config(PHYSICMATERIAL_DEFINITION) SquadExpansion/Serenity/Resources/PhysicsMaterials/Default
[LOG 21:50:01.463] Config(ROC_DEFINITION) SquadExpansion/Serenity/Resources/rocsdef/ROC_DEFINITION
[LOG 21:50:01.463] Config(ROC_DEFINITION) SquadExpansion/Serenity/Resources/rocsdef/ROC_DEFINITION
[LOG 21:50:01.463] Config(ROC_DEFINITION) SquadExpansion/Serenity/Resources/rocsdef/ROC_DEFINITION
[LOG 21:50:01.463] Config(ROC_DEFINITION) SquadExpansion/Serenity/Resources/rocsdef/ROC_DEFINITION
[LOG 21:50:01.463] Config(ROC_DEFINITION) SquadExpansion/Serenity/Resources/rocsdef/ROC_DEFINITION
[LOG 21:50:01.463] Config(ROC_DEFINITION) SquadExpansion/Serenity/Resources/rocsdef/ROC_DEFINITION
[LOG 21:50:01.463] Config(ROC_DEFINITION) SquadExpansion/Serenity/Resources/rocsdef/ROC_DEFINITION
[LOG 21:50:01.463] Config(ROC_DEFINITION) SquadExpansion/Serenity/Resources/rocsdef/ROC_DEFINITION
[LOG 21:50:01.463] Config(ROC_DEFINITION) SquadExpansion/Serenity/Resources/rocsdef/ROC_DEFINITION
[LOG 21:50:01.463] Config(ROC_DEFINITION) SquadExpansion/Serenity/Resources/rocsdef/ROC_DEFINITION
[LOG 21:50:01.463] Config(ROC_DEFINITION) SquadExpansion/Serenity/Resources/rocsdef/ROC_DEFINITION
[LOG 21:50:01.463] Config(ROC_DEFINITION) SquadExpansion/Serenity/Resources/rocsdef/ROC_DEFINITION
[LOG 21:50:01.463] Config(ROC_DEFINITION) SquadExpansion/Serenity/Resources/rocsdef/ROC_DEFINITION
[LOG 21:50:01.463] Config(ROC_DEFINITION) SquadExpansion/Serenity/Resources/rocsdef/ROC_DEFINITION
[LOG 21:50:01.463] Config(ROC_DEFINITION) SquadExpansion/Serenity/Resources/rocsdef/ROC_DEFINITION
[LOG 21:50:01.463] Config(ROC_DEFINITION) SquadExpansion/Serenity/Resources/rocsdef/ROC_DEFINITION
[LOG 21:50:01.463] Config(ROC_DEFINITION) SquadExpansion/Serenity/Resources/rocsdef/ROC_DEFINITION
[LOG 21:50:01.463] Config(ROC_DEFINITION) SquadExpansion/Serenity/Resources/rocsdef/ROC_DEFINITION
[LOG 21:50:01.463] Config(ROC_DEFINITION) SquadExpansion/Serenity/Resources/rocsdef/ROC_DEFINITION
[LOG 21:50:01.463] Config(ROC_DEFINITION) SquadExpansion/Serenity/Resources/rocsdef/ROC_DEFINITION
[LOG 21:50:01.463] Config(ROC_DEFINITION) SquadExpansion/Serenity/Resources/rocsdef/ROC_DEFINITION
[LOG 21:50:01.463] Config(ROC_DEFINITION) SquadExpansion/Serenity/Resources/rocsdef/ROC_DEFINITION
[LOG 21:50:01.463] Config(ROC_DEFINITION) SquadExpansion/Serenity/Resources/rocsdef/ROC_DEFINITION
[LOG 21:50:01.463] Config(ROC_DEFINITION) SquadExpansion/Serenity/Resources/rocsdef/ROC_DEFINITION
[LOG 21:50:01.463] Config(ROC_DEFINITION) SquadExpansion/Serenity/Resources/rocsdef/ROC_DEFINITION
[LOG 21:50:01.463] Config(ROC_DEFINITION) SquadExpansion/Serenity/Resources/rocsdef/ROC_DEFINITION
[LOG 21:50:01.463] Config(ROC_DEFINITION) SquadExpansion/Serenity/Resources/rocsdef/ROC_DEFINITION
[LOG 21:50:01.463] Config(ROC_DEFINITION) SquadExpansion/Serenity/Resources/rocsdef/ROC_DEFINITION
[LOG 21:50:01.463] Config(ROC_DEFINITION) SquadExpansion/Serenity/Resources/rocsdef/ROC_DEFINITION
[LOG 21:50:01.463] Config(ROC_DEFINITION) SquadExpansion/Serenity/Resources/rocsdef/ROC_DEFINITION
[LOG 21:50:01.463] Config(ROC_DEFINITION) SquadExpansion/Serenity/Resources/rocsdef/ROC_DEFINITION
[LOG 21:50:01.463] Config(ROC_DEFINITION) SquadExpansion/Serenity/Resources/rocsdef/ROC_DEFINITION
[LOG 21:50:01.463] Config(ROC_DEFINITION) SquadExpansion/Serenity/Resources/rocsdef/ROC_DEFINITION
[LOG 21:50:01.463] Config(ROC_DEFINITION) SquadExpansion/Serenity/Resources/rocsdef/ROC_DEFINITION
[LOG 21:50:01.463] Config(EXPERIMENT_DEFINITION) SquadExpansion/Serenity/Resources/ScienceDefs/EXPERIMENT_DEFINITION
[LOG 21:50:01.463] Config(EXPERIMENT_DEFINITION) SquadExpansion/Serenity/Resources/ScienceDefs/EXPERIMENT_DEFINITION
[LOG 21:50:01.463] Config(EXPERIMENT_DEFINITION) SquadExpansion/Serenity/Resources/ScienceDefs/EXPERIMENT_DEFINITION
[LOG 21:50:01.463] Config(EXPERIMENT_DEFINITION) SquadExpansion/Serenity/Resources/ScienceDefs/EXPERIMENT_DEFINITION
[LOG 21:50:01.463] Config(EXPERIMENT_DEFINITION) SquadExpansion/Serenity/Resources/ScienceDefs/EXPERIMENT_DEFINITION
[LOG 21:50:01.463] Config(EXPERIMENT_DEFINITION) SquadExpansion/Serenity/Resources/ScienceDefs/EXPERIMENT_DEFINITION
[LOG 21:50:01.463] Config(EXPERIMENT_DEFINITION) SquadExpansion/Serenity/Resources/ScienceDefs/EXPERIMENT_DEFINITION
[LOG 21:50:01.463] Config(EXPERIMENT_DEFINITION) SquadExpansion/Serenity/Resources/ScienceDefs/EXPERIMENT_DEFINITION
[LOG 21:50:01.463] Config(EXPERIMENT_DEFINITION) SquadExpansion/Serenity/Resources/ScienceDefs/EXPERIMENT_DEFINITION
[LOG 21:50:01.463] Config(EXPERIMENT_DEFINITION) SquadExpansion/Serenity/Resources/ScienceDefs/EXPERIMENT_DEFINITION
[LOG 21:50:01.464] Config(EXPERIMENT_DEFINITION) SquadExpansion/Serenity/Resources/ScienceDefs/EXPERIMENT_DEFINITION
[LOG 21:50:01.464] Config(EXPERIMENT_DEFINITION) SquadExpansion/Serenity/Resources/ScienceDefs/EXPERIMENT_DEFINITION
[LOG 21:50:01.464] Config(EXPERIMENT_DEFINITION) SquadExpansion/Serenity/Resources/ScienceDefs/EXPERIMENT_DEFINITION
[LOG 21:50:01.464] Config(EXPERIMENT_DEFINITION) SquadExpansion/Serenity/Resources/ScienceDefs/EXPERIMENT_DEFINITION
[LOG 21:50:01.464] Config(EXPERIMENT_DEFINITION) SquadExpansion/Serenity/Resources/ScienceDefs/EXPERIMENT_DEFINITION
[LOG 21:50:01.464] Config(EXPERIMENT_DEFINITION) SquadExpansion/Serenity/Resources/ScienceDefs/EXPERIMENT_DEFINITION
[LOG 21:50:01.464] Config(EXPERIMENT_DEFINITION) SquadExpansion/Serenity/Resources/ScienceDefs/EXPERIMENT_DEFINITION
[LOG 21:50:01.464] Config(EXPERIMENT_DEFINITION) SquadExpansion/Serenity/Resources/ScienceDefs/EXPERIMENT_DEFINITION
[LOG 21:50:01.464] Config(EXPERIMENT_DEFINITION) SquadExpansion/Serenity/Resources/ScienceDefs/EXPERIMENT_DEFINITION
[LOG 21:50:01.464] Config(EXPERIMENT_DEFINITION) SquadExpansion/Serenity/Resources/ScienceDefs/EXPERIMENT_DEFINITION
[LOG 21:50:01.464] Config(EXPERIMENT_DEFINITION) SquadExpansion/Serenity/Resources/ScienceDefs/EXPERIMENT_DEFINITION
[LOG 21:50:01.464] Config(EXPERIMENT_DEFINITION) SquadExpansion/Serenity/Resources/ScienceDefs/EXPERIMENT_DEFINITION
[LOG 21:50:01.464] Config(EXPERIMENT_DEFINITION) SquadExpansion/Serenity/Resources/ScienceDefs/EXPERIMENT_DEFINITION
[LOG 21:50:01.464] Config(EXPERIMENT_DEFINITION) SquadExpansion/Serenity/Resources/ScienceDefs/EXPERIMENT_DEFINITION
[LOG 21:50:01.464] Config(EXPERIMENT_DEFINITION) SquadExpansion/Serenity/Resources/ScienceDefs/EXPERIMENT_DEFINITION
[LOG 21:50:01.464] Config(EXPERIMENT_DEFINITION) SquadExpansion/Serenity/Resources/ScienceDefs/EXPERIMENT_DEFINITION
[LOG 21:50:01.464] Config(EXPERIMENT_DEFINITION) SquadExpansion/Serenity/Resources/ScienceDefs/EXPERIMENT_DEFINITION
[LOG 21:50:01.464] Config(EXPERIMENT_DEFINITION) SquadExpansion/Serenity/Resources/ScienceDefs/EXPERIMENT_DEFINITION
[LOG 21:50:01.464] Config(EXPERIMENT_DEFINITION) SquadExpansion/Serenity/Resources/ScienceDefs/EXPERIMENT_DEFINITION
[LOG 21:50:01.464] Config(EXPERIMENT_DEFINITION) SquadExpansion/Serenity/Resources/ScienceDefs/EXPERIMENT_DEFINITION
[LOG 21:50:01.464] Config(EXPERIMENT_DEFINITION) SquadExpansion/Serenity/Resources/ScienceDefs/EXPERIMENT_DEFINITION
[LOG 21:50:01.464] Config(EXPERIMENT_DEFINITION) SquadExpansion/Serenity/Resources/ScienceDefs/EXPERIMENT_DEFINITION
[LOG 21:50:01.464] Config(EXPERIMENT_DEFINITION) SquadExpansion/Serenity/Resources/ScienceDefs/EXPERIMENT_DEFINITION
[LOG 21:50:01.464] Config(EXPERIMENT_DEFINITION) SquadExpansion/Serenity/Resources/ScienceDefs/EXPERIMENT_DEFINITION
[LOG 21:50:01.464] Config(EXPERIMENT_DEFINITION) SquadExpansion/Serenity/Resources/ScienceDefs/EXPERIMENT_DEFINITION
[LOG 21:50:01.464] Config(EXPERIMENT_DEFINITION) SquadExpansion/Serenity/Resources/ScienceDefs/EXPERIMENT_DEFINITION
[LOG 21:50:01.464] Config(EXPERIMENT_DEFINITION) SquadExpansion/Serenity/Resources/ScienceDefs/EXPERIMENT_DEFINITION
[LOG 21:50:01.464] Config(EXPERIMENT_DEFINITION) SquadExpansion/Serenity/Resources/ScienceDefs/EXPERIMENT_DEFINITION
[LOG 21:50:01.464] Config(STORY_DEF) SquadExpansion/Serenity/Resources/StoryDefs/STORY_DEF
[LOG 21:50:01.464] Compiling Configs Completed.
[LOG 21:50:01.466] Resource LiquidFuel added to database
[LOG 21:50:01.466] Resource Oxidizer added to database
[LOG 21:50:01.466] Resource SolidFuel added to database
[LOG 21:50:01.467] Resource MonoPropellant added to database
[LOG 21:50:01.467] Resource XenonGas added to database
[LOG 21:50:01.467] Resource ElectricCharge added to database
[LOG 21:50:01.467] Resource IntakeAir added to database
[LOG 21:50:01.467] Resource EVA Propellant added to database
[LOG 21:50:01.467] Resource Ore added to database
[LOG 21:50:01.467] Resource Ablator added to database
[LOG 21:50:01.468] Resource MediumGrip added to database
[LOG 21:50:01.468] Resource HighGrip added to database
[LOG 21:50:01.468] Resource ExtremeGrip added to database
[LOG 21:50:01.468] Resource LowGrip added to database
[LOG 21:50:01.468] Resource Default added to database
[LOG 21:50:01.468] CodeAssetLoader: Compiling all code assets
[LOG 21:50:01.472] ExperienceSystemConfig: Added Effect 'DeployedSciencePowerSkill' to Trait 'Ingénieur'
[LOG 21:50:01.472] ExperienceSystemConfig: Added Effect 'DeployedScienceExpSkill' to Trait 'Scientifique'
[LOG 21:50:01.477] ConfigNode[]
[LOG 21:50:01.477] GameDatabase: Assets loaded in 25.742s
[LOG 21:50:01.478] [ModuleManager] Waited 0.000s for patching to finish
[LOG 21:50:01.478] [ModuleManager] Applying patched game database
[LOG 21:50:01.479] [ModuleManager] Dumping ModuleManager log to main log
[LOG 21:50:01.480] [ModuleManager] 
#### BEGIN MODULEMANAGER LOG ####


[LOG 21:49:43.297] Log started at 2026-09-29 21:49:43.297
[LOG 21:49:45.124] Checking Cache
[LOG 21:49:45.406] SHA generated in 0.280s
[LOG 21:49:45.406]       SHA = 97-AC-79-89-E6-A2-CE-5C-1B-A1-19-E5-75-E0-23-50-52-F2-7A-BF-C7-3B-8E-2B-17-00-02-B6-90-AD-D3-06
[LOG 21:49:45.425] Changes :
Added   : KerbalKonstructs/PluginDataWindowPositions.cfg
Added   : KerbalKonstructs/NewInstances/KK_GroupCenter_Mun_MuneBase.cfg
Added   : KerbalKonstructs/NewInstances/KSC_Runway_level_3-instances.cfg

[LOG 21:49:45.425] Cache SHA = 5B-92-D1-97-D3-1F-12-52-3A-E3-BC-1C-AF-2E-D5-CB-3F-FB-B2-1E-2C-39-01-A3-59-2B-B5-35-75-1D-0D-50
[LOG 21:49:45.425] useCache = False
[LOG 21:49:45.426] Pre patch init
[LOG 21:49:45.554] compiling list of loaded mods...
Mod DLLs found:
  Name                                    Assembly Version         Assembly File Version    KSPAssembly Version      SHA256

  Assembly-CSharp                         0.0.0.0                  0.0.0.0                  1.12                     d9e42483f25ee80a9c11d6c1c0a0d29b4ec78c1e08d76c971b71580c9cce51e4
  ModuleManager                           4.2.3.0                  4.2.3.0                  2.5                      95847827ab293b9e82a19b7efb97ffea3e98cc03b181862536ac8eb572e30d7d
  0Harmony                                2.2.1.0                  2.2.1.0                                           19ce60ac3280f72ec1751d36a40cb7e2fece2934df8345969dc7feb83bd633e4
  HarmonyInstallChecker                   2.2.1.0                  2.2.1.0                  1.0                      f11e659e91a52c21c5bda78e52b82a7bdc246bcab6a999733af3c69a11a9dc0e
  CustomPreLaunchChecks                   1.0.0.0                  1.8.1.0                  1.0                      21e8cedd3917f923012a5ea7b1c58c00ea9c8a33536202ab64b7463a37ec981e
  KerbalKonstructs                        2.0.0.0                  1.12.3.0                 1.12                     e88958fc4dccd8b36f50ae864af5842a3afca7c3b03badc4dd5f0020e172cfa7
  0_MultipleModuleInPartAPI               1.0.0.0                  1.0.0.0                  1.0                      df4a22fb0535de7fa154ca234b50dd7c2fc6be879e4a877d9bad1f87bafafcbf
  KSPCommunityFixes                       1.41.0.0                 1.41.1.0                 1.41                     e08ebbec7ab34f4f7ff56d6e900051bb0d259a4bc092881d7db3ca2f9f2e9a11
  KSPSteamCtrlr                           0.0.1.35                 0.0.1.35                                          1675fa4fcb61d014eb1babe7eed703e7f76a1008537ee57ca7cec65cd9ff94ac
  TerrainPrecisionFixDiag2Mod             1.0.9763.17423           1.0.9763.17423                                    1d1bcbd98a1f9779b51c29b5524057ef49d2c8b8e41b0733316de17fd5984023
  TerrainPrecisionFixDiagMod              1.0.9762.27666           1.0.9762.27666                                    ba97fd3121638549a429ae63d568a18511f33593f5e703793dd286e69741ca96
Non-DLL mods added (:FOR[xxx]):
Mods by directory (sub directories of GameData):
  000_Harmony
  Squad
  SquadExpansion
Mods added by assemblies:

[LOG 21:49:45.555] Loading Physics.cfg
[LOG 21:49:45.558] Extracting patches
[LOG 21:49:45.566] Deleting root node in file KSPCommunityFixes/MMPatches/ModSupport/FixDockingNodes node: @PART[*]:HAS[@MODULE[ModuleDockingNodeFixed]]:NEEDS[FixDockingNodes]:FINAL as it can't satisfy its NEEDS
[LOG 21:49:45.567] Deleting root node in file KSPCommunityFixes/MMPatches/ModSupport/KSPRecall node: @KSP_COMMUNITY_FIXES:NEEDS[AttachedOnEditor] as it can't satisfy its NEEDS
[LOG 21:49:45.567] Deleting root node in file KSPCommunityFixes/MMPatches/ModSupport/UniversalStorage node: @KSP_COMMUNITY_FIXES:NEEDS[UniversalStorage2] as it can't satisfy its NEEDS
[LOG 21:49:45.610] Applying patches
[LOG 21:49:45.611] :INSERT (initial) pass
[LOG 21:49:45.634] :FIRST pass
[LOG 21:49:45.637] Applying update KSPCommunityFixes/MMPatches/StockTweaks/LadderToggleableLight/@PART[telescopicLadderBay]:FIRST to Squad/Parts/Utility/ladderTelescopicBay/ladderTelescopicBay.cfg/PART[telescopicLadderBay]
[LOG 21:49:45.643] Applying update KSPCommunityFixes/MMPatches/StockTweaks/LadderToggleableLight/@PART[telescopicLadderBay]:HAS[#LadderToggleableLight[?rue]]:FIRST to Squad/Parts/Utility/ladderTelescopicBay/ladderTelescopicBay.cfg/PART[telescopicLadderBay]
[LOG 21:49:45.643] Applying update KSPCommunityFixes/MMPatches/StockTweaks/LadderToggleableLight/@PART[telescopicLadderBay]:HAS[#LadderToggleableLight]:FIRST to Squad/Parts/Utility/ladderTelescopicBay/ladderTelescopicBay.cfg/PART[telescopicLadderBay]
[LOG 21:49:45.644] Applying update KSPCommunityFixes/MMPatches/StockTweaks/LandingGearLights/@PART[GearSmall]:FIRST to Squad/Parts/Wheel/LandingGear/GearMedium.cfg/PART[GearSmall]
[LOG 21:49:45.646] Applying update KSPCommunityFixes/MMPatches/StockTweaks/LandingGearLights/@PART[SmallGearBay]:FIRST to Squad/Parts/Wheel/LandingGear/GearSmall.cfg/PART[SmallGearBay]
[LOG 21:49:45.646] :LEGACY (default) pass
[LOG 21:49:45.648] :BEFORE[0_MULTIPLEMODULEINPARTAPI] pass
[LOG 21:49:45.648] :FOR[0_MULTIPLEMODULEINPARTAPI] pass
[LOG 21:49:45.648] :AFTER[0_MULTIPLEMODULEINPARTAPI] pass
[LOG 21:49:45.648] :BEFORE[000_HARMONY] pass
[LOG 21:49:45.648] :FOR[000_HARMONY] pass
[LOG 21:49:45.648] :AFTER[000_HARMONY] pass
[LOG 21:49:45.648] :BEFORE[0HARMONY] pass
[LOG 21:49:45.648] :FOR[0HARMONY] pass
[LOG 21:49:45.648] :AFTER[0HARMONY] pass
[LOG 21:49:45.648] :BEFORE[ASSEMBLY-CSHARP] pass
[LOG 21:49:45.648] :FOR[ASSEMBLY-CSHARP] pass
[LOG 21:49:45.648] :AFTER[ASSEMBLY-CSHARP] pass
[LOG 21:49:45.648] :BEFORE[CUSTOMPRELAUNCHCHECKS] pass
[LOG 21:49:45.648] :FOR[CUSTOMPRELAUNCHCHECKS] pass
[LOG 21:49:45.648] :AFTER[CUSTOMPRELAUNCHCHECKS] pass
[LOG 21:49:45.648] :BEFORE[HARMONYINSTALLCHECKER] pass
[LOG 21:49:45.648] :FOR[HARMONYINSTALLCHECKER] pass
[LOG 21:49:45.648] :AFTER[HARMONYINSTALLCHECKER] pass
[LOG 21:49:45.648] :BEFORE[KERBALKONSTRUCTS] pass
[LOG 21:49:45.648] :FOR[KERBALKONSTRUCTS] pass
[LOG 21:49:45.648] :AFTER[KERBALKONSTRUCTS] pass
[LOG 21:49:45.648] :BEFORE[KSPCOMMUNITYFIXES] pass
[LOG 21:49:45.648] :FOR[KSPCOMMUNITYFIXES] pass
[LOG 21:49:45.648] Applying update KSPCommunityFixes/MMPatches/StockTweaks/ManufacturerFixes/@PART[sasModule]:FOR[KSPCommunityFixes] to Squad/Parts/Command/inlineReactionWheel/inlineReactionWheel.cfg/PART[sasModule]
[LOG 21:49:45.649] Applying update KSPCommunityFixes/MMPatches/StockTweaks/ManufacturerFixes/@PART[xenonTankRadial]:FOR[KSPCommunityFixes] to Squad/Parts/FuelTank/xenonTankRadial/xenonTankRadial.cfg/PART[xenonTankRadial]
[LOG 21:49:45.649] Applying update KSPCommunityFixes/MMPatches/StockTweaks/ManufacturerFixes/@PART[winglet|fireworksLauncherSmall|fireworksLauncherBig]:FOR[KSPCommunityFixes] to Squad/Parts/Aero/wingletAV-T1/wingletAV-T1.cfg/PART[winglet]
[LOG 21:49:45.650] Applying update KSPCommunityFixes/MMPatches/StockTweaks/ManufacturerFixes/@PART[winglet|fireworksLauncherSmall|fireworksLauncherBig]:FOR[KSPCommunityFixes] to Squad/Parts/Utility/Fireworks/fireworksLauncherBig.cfg/PART[fireworksLauncherBig]
[LOG 21:49:45.650] Applying update KSPCommunityFixes/MMPatches/StockTweaks/ManufacturerFixes/@PART[winglet|fireworksLauncherSmall|fireworksLauncherBig]:FOR[KSPCommunityFixes] to Squad/Parts/Utility/Fireworks/fireworksLauncherSmall.cfg/PART[fireworksLauncherSmall]
[LOG 21:49:45.651] Applying update KSPCommunityFixes/MMPatches/StockTweaks/ManufacturerFixes/@PART[solidBooster_sm_v2|solidBooster_v2]:FOR[KSPCommunityFixes] to Squad/Parts/Engine/Size1_SRBs/solidBoosterRT-10_v2.cfg/PART[solidBooster_v2]
[LOG 21:49:45.651] Applying update KSPCommunityFixes/MMPatches/StockTweaks/ManufacturerFixes/@PART[solidBooster_sm_v2|solidBooster_v2]:FOR[KSPCommunityFixes] to Squad/Parts/Engine/Size1_SRBs/solidBoosterRT-5_v2.cfg/PART[solidBooster_sm_v2]
[LOG 21:49:45.652] Applying update KSPCommunityFixes/MMPatches/StockTweaks/ManufacturerFixes/@PART[ServiceBay_125_v2|ServiceBay_250_v2]:FOR[KSPCommunityFixes] to Squad/Parts/Utility/ServiceBay_v2/ServiceBay_125_v2.cfg/PART[ServiceBay_125_v2]
[LOG 21:49:45.652] Applying update KSPCommunityFixes/MMPatches/StockTweaks/ManufacturerFixes/@PART[ServiceBay_125_v2|ServiceBay_250_v2]:FOR[KSPCommunityFixes] to Squad/Parts/Utility/ServiceBay_v2/ServiceBay_250_v2.cfg/PART[ServiceBay_250_v2]
[LOG 21:49:45.656] Applying update KSPCommunityFixes/MMPatches/StockTweaks/ManufacturerFixes/@PART[externalTankCapsule]:FOR[KSPCommunityFixes] to Squad/Parts/FuelTank/FoilTanks/RadialTank_Capsule.cfg/PART[externalTankCapsule]
[LOG 21:49:45.656] Applying update KSPCommunityFixes/MMPatches/StockTweaks/ManufacturerFixes/@PART[RCSFuelTank|rcsTankMini|RCSTank1-2]:FOR[KSPCommunityFixes] to Squad/Parts/FuelTank/RCSFuelTankR1/RCSFuelTankR1.cfg/PART[RCSTank1-2]
[LOG 21:49:45.656] Applying update KSPCommunityFixes/MMPatches/StockTweaks/ManufacturerFixes/@PART[RCSFuelTank|rcsTankMini|RCSTank1-2]:FOR[KSPCommunityFixes] to Squad/Parts/FuelTank/RCSFuelTankR10/RCSFuelTankR10.cfg/PART[rcsTankMini]
[LOG 21:49:45.656] Applying update KSPCommunityFixes/MMPatches/StockTweaks/ManufacturerFixes/@PART[RCSFuelTank|rcsTankMini|RCSTank1-2]:FOR[KSPCommunityFixes] to Squad/Parts/FuelTank/RCSFuelTankR25/RCSFuelTankR25.cfg/PART[RCSFuelTank]
[LOG 21:49:45.656] Applying update KSPCommunityFixes/MMPatches/StockTweaks/ManufacturerFixes/@PART[landerCabinSmall]:FOR[KSPCommunityFixes] to Squad/Parts/Command/mk1LanderCan/mk1LanderCan.cfg/PART[landerCabinSmall]
[LOG 21:49:45.657] Applying update KSPCommunityFixes/MMPatches/StockTweaks/ManufacturerFixes/@PART[dockingPortLateral]:FOR[KSPCommunityFixes] to Squad/Parts/Utility/dockingPortInline/dockingPortInline.cfg/PART[dockingPortLateral]
[LOG 21:49:45.657] Applying update KSPCommunityFixes/MMPatches/StockTweaks/ManufacturerFixes/@PART[EnginePlate4]:FOR[KSPCommunityFixes]:NEEDS[SquadExpansion/MakingHistory] to SquadExpansion/MakingHistory/Parts/Coupling/EnginePlate_4.cfg/PART[EnginePlate4]
[LOG 21:49:45.658] Applying update KSPCommunityFixes/MMPatches/StockTweaks/ManufacturerFixes/@PART[Mk2Pod]:FOR[KSPCommunityFixes]:NEEDS[SquadExpansion/MakingHistory] to SquadExpansion/MakingHistory/Parts/Pods/Mk2Pod.cfg/PART[Mk2Pod]
[LOG 21:49:45.658] Applying update KSPCommunityFixes/MMPatches/StockTweaks/ManufacturerFixes/@PART[evaChute|parachuteSingle|parachuteRadial|radialDrogue|parachuteLarge|parachuteDrogue]:FOR[KSPCommunityFixes] to Squad/Parts/Cargo/Parachute/Parachute.cfg/PART[evaChute]
[LOG 21:49:45.658] Applying update KSPCommunityFixes/MMPatches/StockTweaks/ManufacturerFixes/@PART[evaChute|parachuteSingle|parachuteRadial|radialDrogue|parachuteLarge|parachuteDrogue]:FOR[KSPCommunityFixes] to Squad/Parts/Utility/parachuteMk1/parachuteMk1.cfg/PART[parachuteSingle]
[LOG 21:49:45.658] Applying update KSPCommunityFixes/MMPatches/StockTweaks/ManufacturerFixes/@PART[evaChute|parachuteSingle|parachuteRadial|radialDrogue|parachuteLarge|parachuteDrogue]:FOR[KSPCommunityFixes] to Squad/Parts/Utility/parachuteMk12-R/parachuteMk12-R.cfg/PART[radialDrogue]
[LOG 21:49:45.658] Applying update KSPCommunityFixes/MMPatches/StockTweaks/ManufacturerFixes/@PART[evaChute|parachuteSingle|parachuteRadial|radialDrogue|parachuteLarge|parachuteDrogue]:FOR[KSPCommunityFixes] to Squad/Parts/Utility/parachuteMk16-XL/parachuteMk16-XL.cfg/PART[parachuteLarge]
[LOG 21:49:45.659] Applying update KSPCommunityFixes/MMPatches/StockTweaks/ManufacturerFixes/@PART[evaChute|parachuteSingle|parachuteRadial|radialDrogue|parachuteLarge|parachuteDrogue]:FOR[KSPCommunityFixes] to Squad/Parts/Utility/parachuteMk2-R/parachuteMk2-R.cfg/PART[parachuteRadial]
[LOG 21:49:45.659] Applying update KSPCommunityFixes/MMPatches/StockTweaks/ManufacturerFixes/@PART[evaChute|parachuteSingle|parachuteRadial|radialDrogue|parachuteLarge|parachuteDrogue]:FOR[KSPCommunityFixes] to Squad/Parts/Utility/parachuteMk25/parachuteMk25.cfg/PART[parachuteDrogue]
[LOG 21:49:45.659] Applying update KSPCommunityFixes/MMPatches/StockTweaks/ManufacturerFixes/@PART[stackPoint1|dockingPort1|dockingPort2|dockingPort3|dockingPortLarge]:FOR[KSPCommunityFixes] to Squad/Parts/Utility/dockingPort/dockingPort.cfg/PART[dockingPort2]
[LOG 21:49:45.659] Applying update KSPCommunityFixes/MMPatches/StockTweaks/ManufacturerFixes/@PART[stackPoint1|dockingPort1|dockingPort2|dockingPort3|dockingPortLarge]:FOR[KSPCommunityFixes] to Squad/Parts/Utility/dockingPortJr/dockingPortJr.cfg/PART[dockingPort3]
[LOG 21:49:45.660] Applying update KSPCommunityFixes/MMPatches/StockTweaks/ManufacturerFixes/@PART[stackPoint1|dockingPort1|dockingPort2|dockingPort3|dockingPortLarge]:FOR[KSPCommunityFixes] to Squad/Parts/Utility/dockingPortShielded/dockingPortShielded.cfg/PART[dockingPort1]
[LOG 21:49:45.660] Applying update KSPCommunityFixes/MMPatches/StockTweaks/ManufacturerFixes/@PART[stackPoint1|dockingPort1|dockingPort2|dockingPort3|dockingPortLarge]:FOR[KSPCommunityFixes] to Squad/Parts/Utility/dockingPortSr/dockingPortSr.cfg/PART[dockingPortLarge]
[LOG 21:49:45.660] Applying update KSPCommunityFixes/MMPatches/StockTweaks/ManufacturerFixes/@PART[stackPoint1|dockingPort1|dockingPort2|dockingPort3|dockingPortLarge]:FOR[KSPCommunityFixes] to Squad/Parts/Utility/radialAttachmentPoint/radialAttachmentPoint.cfg/PART[stackPoint1]
[LOG 21:49:45.660] :AFTER[KSPCOMMUNITYFIXES] pass
[LOG 21:49:45.660] :BEFORE[KSPSTEAMCTRLR] pass
[LOG 21:49:45.660] :FOR[KSPSTEAMCTRLR] pass
[LOG 21:49:45.660] :AFTER[KSPSTEAMCTRLR] pass
[LOG 21:49:45.660] :BEFORE[MODULEMANAGER] pass
[LOG 21:49:45.660] :FOR[MODULEMANAGER] pass
[LOG 21:49:45.660] :AFTER[MODULEMANAGER] pass
[LOG 21:49:45.660] :BEFORE[SQUAD] pass
[LOG 21:49:45.660] :FOR[SQUAD] pass
[LOG 21:49:45.660] :AFTER[SQUAD] pass
[LOG 21:49:45.660] :BEFORE[SQUADEXPANSION] pass
[LOG 21:49:45.660] :FOR[SQUADEXPANSION] pass
[LOG 21:49:45.660] :AFTER[SQUADEXPANSION] pass
[LOG 21:49:45.660] :BEFORE[TERRAINPRECISIONFIXDIAG2MOD] pass
[LOG 21:49:45.660] :FOR[TERRAINPRECISIONFIXDIAG2MOD] pass
[LOG 21:49:45.660] :AFTER[TERRAINPRECISIONFIXDIAG2MOD] pass
[LOG 21:49:45.660] :BEFORE[TERRAINPRECISIONFIXDIAGMOD] pass
[LOG 21:49:45.660] :FOR[TERRAINPRECISIONFIXDIAGMOD] pass
[LOG 21:49:45.660] :AFTER[TERRAINPRECISIONFIXDIAGMOD] pass
[LOG 21:49:45.661] :LAST[999_KSP-RECALL] pass
[LOG 21:49:45.671] :FINAL pass
[LOG 21:49:45.671] Done patching
[LOG 21:49:45.671] Saving Cache
[LOG 21:49:45.715] Saving cache
[LOG 21:49:46.032] ModuleManager: 33 patches applied

[LOG 21:49:46.032] Ran in 0.907s
[LOG 21:49:46.079] Done!



#### END MODULEMANAGER LOG ####
[LOG 21:50:01.481] [ModuleManager] Running tests...
[LOG 21:50:01.481] [ModuleManager] tests complete.
[LOG 21:50:01.482] [ModuleManager] Reloading resources definitions
[LOG 21:50:01.482] Resource LiquidFuel added to database
[LOG 21:50:01.482] Resource Oxidizer added to database
[LOG 21:50:01.482] Resource SolidFuel added to database
[LOG 21:50:01.482] Resource MonoPropellant added to database
[LOG 21:50:01.482] Resource XenonGas added to database
[LOG 21:50:01.482] Resource ElectricCharge added to database
[LOG 21:50:01.482] Resource IntakeAir added to database
[LOG 21:50:01.482] Resource EVA Propellant added to database
[LOG 21:50:01.482] Resource Ore added to database
[LOG 21:50:01.482] Resource Ablator added to database
[LOG 21:50:01.482] [ModuleManager] Reloading Trait configs
[LOG 21:50:01.483] ExperienceSystemConfig: Added Effect 'DeployedSciencePowerSkill' to Trait 'Ingénieur'
[LOG 21:50:01.483] ExperienceSystemConfig: Added Effect 'DeployedScienceExpSkill' to Trait 'Scientifique'
[LOG 21:50:01.483] [ModuleManager] Reloading Part Upgrades
[LOG 21:50:01.483] [ModuleManager] Setting modded physics as the active one
[LOG 21:50:01.485] PhysicsGlobals: Loading database
[LOG 21:50:01.486] [ModuleManager] Running post patch callbacks
[LOG 21:50:01.493] [KSPCommunityFixes] Patch AutoStrutDrift applied.
[LOG 21:50:01.500] [KSPCommunityFixes] Patch EditorAnimatedPartsShipModified applied.
[LOG 21:50:01.505] [KSPCommunityFixes] Patch DragCubeLoadException applied.
[LOG 21:50:01.509] [KSPCommunityFixes] Patch DoubleCurvePreserveTangents applied.
[LOG 21:50:01.556] [KSPCommunityFixes] Patch DockingPortRotationDriftAndFixes applied.
[LOG 21:50:01.594] [KSPCommunityFixes] Patch DockingPortConserveMomentum applied.
[LOG 21:50:01.598] [KSPCommunityFixes] Patch DebugConsoleDontStealInput applied.
[LOG 21:50:01.601] [KSPCommunityFixes] Patch CorrectDragForFlags applied.
[LOG 21:50:01.602] [KSPCommunityFixes] Patch CometMiningNotRemovingMass applied.
[LOG 21:50:01.606] [KSPCommunityFixes] Patch ChutePhantomSymmetry applied.
[LOG 21:50:01.608] [KSPCommunityFixes] Patch CometSpawnerUniqueFlightId applied.
[LOG 21:50:01.610] [KSPCommunityFixes] Patch AsteroidSpawnerUniqueFlightId applied.
[LOG 21:50:01.611] [KSPCommunityFixes] Patch AsteroidInfiniteMining applied.
[LOG 21:50:01.632] [KSPCommunityFixes] Patch PersistentIConfigNode applied.
[LOG 21:50:01.632] [KSPCommunityFixes] Patch OnSymmetryFieldChanged not applied (not enabled in Settings.cfg)
[LOG 21:50:01.632] [KSPCommunityFixes] Patch ModUpgradePipeline not applied (not enabled in Settings.cfg)
[LOG 21:50:01.632] [KSPCommunityFixes] Patch KSPFieldEnumDesc not applied (not enabled in Settings.cfg)
[LOG 21:50:01.633] [KSPCommunityFixes] Patch EventProfilerMarkers not applied (not enabled in Settings.cfg)
[LOG 21:50:01.633] [KSPCommunityFixes] Patch DockingPortLockedEvents not applied (not enabled in Settings.cfg)
[LOG 21:50:01.635] [KSPCommunityFixes] Patch DepartmentHeadImage applied.
[LOG 21:50:01.645] [KSPCommunityFixes] Patch BaseFieldListUseFieldHost applied.
[LOG 21:50:01.672] [KSPCommunityFixes] Patch ResourceConverterPerf applied.
[LOG 21:50:01.681] [KSPCommunityFixes] Patch ProgressTrackingSpeedBoost applied.
[LOG 21:50:01.683] [KSPCommunityFixes] Patch PQSUpdateNoMemoryAlloc applied.
[LOG 21:50:01.684] [KSPCommunityFixes] Patch PQSOnlyStartOnce not applied (not enabled in Settings.cfg)
[LOG 21:50:01.693] [KSPCommunityFixes] Patch PQSCoroutineLeak applied.
[LOG 21:50:01.719] [KSPCommunityFixes] Patch PartSystemsFastUpdate applied.
[LOG 21:50:01.734] [KSPCommunityFixes] Patch PartParsingPerf applied.
[LOG 21:50:01.737] [KSPCommunityFixes] Patch EnginePlateAirstreamShieldedTopPart applied.
[LOG 21:50:01.741] [KSPCommunityFixes] Patch EVAConstructionMass applied.
[LOG 21:50:01.747] [KSPCommunityFixes] Patch EVAConstructionUninitializedInventory applied.
[LOG 21:50:01.751] [KSPCommunityFixes] Patch EVAKerbalRecovery applied.
[LOG 21:50:01.754] [KSPCommunityFixes] Patch TimeWarpOrbitShift applied.
[LOG 21:50:01.756] [KSPCommunityFixes] Patch TimeWarpBodyCollision applied.
[LOG 21:50:01.764] [KSPCommunityFixes] Patch ThumbnailSpotlight applied.
[LOG 21:50:01.768] [KSPCommunityFixes] Patch SymmetryReferenceOnDelete applied.
[LOG 21:50:01.768] [KSPCommunityFixes] Patch StrategyDuration not applied (not enabled in Settings.cfg)
[LOG 21:50:01.770] [KSPCommunityFixes] Patch StockAlarmDescPreserveLineBreak applied.
[LOG 21:50:01.788] [KSPCommunityFixes] Patch StickySplashedFixer applied.
[LOG 21:50:01.797] [KSPCommunityFixes] Patch ScatterDistribution applied.
[LOG 21:50:01.822] [KSPCommunityFixes] Patch RoboticsDrift applied.
[LOG 21:50:01.823] [KSPCommunityFixes] Patch RestoreMaxPhysicsDT applied.
[LOG 21:50:01.837] [KSPCommunityFixes] Patch RespawnDeadKerbals applied.
[LOG 21:50:01.840] [KSPCommunityFixes] Patch RescaledRoboticParts applied.
[LOG 21:50:01.842] [KSPCommunityFixes] Patch ReRootPreserveSurfaceAttach applied.
[LOG 21:50:01.857] [KSPCommunityFixes] Patch OptimizedModuleRaycasts applied.
[LOG 21:50:01.863] GetSubclassesOfParentClass: Found 1 types with ModuleInventoryPart parent in 11 assemblies.
[LOG 21:50:01.867] [KSPCommunityFixes] Patch RefundingOnRecovery applied.
[LOG 21:50:01.868] [KSPCommunityFixes] Patch PatchedConicEncounterFlickering applied.
[LOG 21:50:01.876] [KSPCommunityFixes] Patch PartListTooltipIconSpin applied.
[LOG 21:50:01.878] [KSPCommunityFixes] Patch PackedPartsRotation applied.
[LOG 21:50:01.891] [KSPCommunityFixes] Patch ModulePartVariantsNodePersistence applied.
[LOG 21:50:01.895] [KSPCommunityFixes] Patch ModuleAnimateGenericCrewModSpawnIVA applied.
[LOG 21:50:01.896] [KSPCommunityFixes] Patch ModuleActiveRadiatorNoParentException applied.
[LOG 21:50:01.898] [KSPCommunityFixes] Patch MapTargetBodyWithEncounter applied.
[LOG 21:50:01.900] [KSPCommunityFixes] Patch LostSoundAfterSceneSwitch applied.
[LOG 21:50:01.906] [KSPCommunityFixes] Patch LadderToggleableLight applied.
[LOG 21:50:01.916] [KSPCommunityFixes] Patch InventoryPartMass applied.
[LOG 21:50:01.921] [KSPCommunityFixes] Patch HarvesterECConsumption applied.
[LOG 21:50:01.922] [KSPCommunityFixes] Patch FixGetUnivseralTime applied.
[LOG 21:50:01.935] [KSPCommunityFixes] Patch ExtendedDeployableParts applied.
[LOG 21:50:01.936] [KSPCommunityFixes] Patch PropellantFlowDescription applied.
[LOG 21:50:01.959] [KSPCommunityFixes] Patch OptimisedVectorLines applied.
[LOG 21:50:01.965] [KSPCommunityFixes] Patch ModuleDockingNodeFindOtherNodesFaster applied.
[LOG 21:50:01.969] [KSPCommunityFixes] Patch ModuleColorChangerOptimization applied.
[LOG 21:50:01.974] [KSPCommunityFixes] Patch AutoSavedCraftNameAtLaunch applied.
[LOG 21:50:01.991] [KSPCommunityFixes] Patch PAWCollapsedInventories applied.
[LOG 21:50:01.996] [KSPCommunityFixes] Patch UIFloatEditNumericInput applied.
[LOG 21:50:02.015] [KSPCommunityFixes] Patch PAWStockGroups applied.
[LOG 21:50:02.023] [KSPCommunityFixes] Patch AltimeterHorizontalPosition applied.
[LOG 21:50:02.041] [KSPCommunityFixes] Patch SceneLoadSpeedBoost applied.
[LOG 21:50:02.078] [KSPCommunityFixes] Patch OnDemandPartBuoyancy applied.
[LOG 21:50:02.079] [KSPCommunityFixes] Patch ForceSyncSceneSwitch applied.
[LOG 21:50:02.080] [KSPCommunityFixes] Patch FewerSaves not applied (not enabled in Settings.cfg)
[LOG 21:50:02.081] [KSPCommunityFixes] Patch WheelInertiaLimit applied.
[LOG 21:50:02.081] [KSPCommunityFixes] Patch StockAlarmCustomFormatterDate isn't applicable to this KSP version.
[LOG 21:50:02.091] [KSPCommunityFixes] Patch ROCValidationOOR applied.
[LOG 21:50:02.093] [KSPCommunityFixes] Patch ZeroCostTechNodes applied.
[LOG 21:50:02.094] [KSPCommunityFixes] Patch ReactionWheelsPotentialTorque applied.
[LOG 21:50:02.099] [KSPCommunityFixes] Patch PAWGroupMemory applied.
[LOG 21:50:02.131] [KSPCommunityFixes] Patch PartStartStability applied.
[LOG 21:50:02.136] [KSPCommunityFixes] Patch PartBoundsIgnoreDisabledTransforms applied.
[LOG 21:50:02.171] [KSPCommunityFixes] Patch ModuleIndexingMismatch applied.
[LOG 21:50:02.176] [KSPCommunityFixes] Patch MapSOCorrectWrapping applied.
[LOG 21:50:02.176] [KSPCommunityFixes] Patch KerbalTooltipMaxSustainedG applied.
[LOG 21:50:02.179] [KSPCommunityFixes] Patch KerbalInventoryPersistence applied.
[LOG 21:50:02.179] [KSPCommunityFixes] Patch FlightSceneLoadKraken not applied (not enabled in Settings.cfg)
[LOG 21:50:02.182] [KSPCommunityFixes] Patch FIUpdateRadiation applied.
[LOG 21:50:02.184] [KSPCommunityFixes] Patch FastAndFixedEnumExtensions applied.
[LOG 21:50:02.226] [KSPCommunityFixes] Patch DeltaVHideWhenDisabled applied.
[LOG 21:50:02.233] [KSPCommunityFixes] Patch BlockMapViewPartClick applied.
[LOG 21:50:02.242] [KSPCommunityFixes] Patch PAWItemsOrder applied.
[LOG 21:50:02.283] [KSPCommunityFixes] Patch BetterEditorUndoRedo applied.
[LOG 21:50:02.292] [KSPCommunityFixes] Patch AutostrutActions applied.
[LOG 21:50:02.292] [KSPCommunityFixes] Patch DisableNewGameIntro not applied (not enabled in Settings.cfg)
[LOG 21:50:02.318] [KSPCommunityFixes] Patch MinorPerfTweaks applied.
[LOG 21:50:02.395] [KSPCommunityFixes] Patch MemoryLeaks applied.
[LOG 21:50:02.401] [KSPCommunityFixes] Patch LowerMinPhysicsDTPerFrame applied.
[LOG 21:50:02.405] [KSPCommunityFixes] Patch LocalizerPerf applied.
[LOG 21:50:02.406] [KSPCommunityFixes] Patch IMGUIOptimization applied.
[LOG 21:50:02.420] [KSPCommunityFixes] Patch FloatingOriginPerf applied.
[LOG 21:50:02.468] [KSPCommunityFixes] Patch FlightIntegratorPerf applied.
[LOG 21:50:02.472] [KSPCommunityFixes] Patch FasterPartFindTransform applied.
[LOG 21:50:02.484] [KSPCommunityFixes] Patch FasterEditorPartList applied.
[LOG 21:50:02.485] [KSPCommunityFixes] Patch ExpansionBundlePreload applied.
[LOG 21:50:02.499] [KSPCommunityFixes] Patch DragCubeGeneration applied.
[LOG 21:50:02.502] [KSPCommunityFixes] Patch DisableMapUpdateInFlight applied.
[LOG 21:50:02.503] [KSPCommunityFixes] Patch DisableHiddenPortraits applied.
[LOG 21:50:02.505] [KSPCommunityFixes] Patch DisableManeuverTool applied.
[LOG 21:50:02.540] [KSPCommunityFixes] Patch CraftBrowserOptimisations applied.
[LOG 21:50:02.542] [KSPCommunityFixes] Patch CommNetThrottling applied.
[LOG 21:50:02.546] [KSPCommunityFixes] Patch FairingMouseOverPersistence applied.
[LOG 21:50:02.562] [KSPCommunityFixes] Patch OptionalMakingHistoryDLCFeatures applied.
[LOG 21:50:02.576] [KSPCommunityFixes] Patch ResourceLockActions applied.
[LOG 21:50:02.582] [KSPCommunityFixes] Patch ShowContractFinishDates applied.
[LOG 21:50:02.589] [KSPCommunityFixes] Patch TargetParentBody applied.
[LOG 21:50:02.603] [KSPCommunityFixes] Patch ToolbarShowHide applied.
[LOG 21:50:02.604] [KSPCommunityFixes] Patch ContractProgressEnumCache applied.
[LOG 21:50:02.612] [KSPCommunityFixes] Patch ActiveRadiatorPerf applied.
[LOG 21:50:02.615] [KSPCommunityFixes] Patch CargoBayPerf applied.
[LOG 21:50:02.624] [KSPCommunityFixes] Patch CollisionEnhancerFastUpdate applied.
[LOG 21:50:02.628] [KSPCommunityFixes] Patch CollisionManagerFastUpdate applied.
[LOG 21:50:02.633] [KSPCommunityFixes] Patch AsteroidAndCometDrillCache applied.
[LOG 21:50:02.646] [KSPCommunityFixes] Patch TweakableWheelsAutostrut applied.
[LOG 21:50:02.679] [KSPCommunityFixes] Patch PatchSettings applied.
[LOG 21:50:02.717] [KSPCommunityFixes] Patch UpgradeBugs applied.
[LOG 21:50:02.717] [KSPCommunityFixes] Patch PartTooltipUpgradesApplyToSubstituteParts not applied (not enabled in Settings.cfg)
[LOG 21:50:02.789] [ModuleManager] Calling ConfigNodePerf.ModuleManagerPostLoad()
[LOG 21:50:02.792] [ModuleManager] Post patch ran in 1.313s
[LOG 21:50:02.811] PartLoader: Creating part database
[LOG 21:50:02.812] PartLoader: Compiling Part 'Squad/Parts/Aero/aerodynamicNoseCone/aerodynamicNoseCone/noseCone'
[LOG 21:50:02.830] EffectList: Created 15 effect types
[LOG 21:50:02.917] PartLoader: Part 'Squad/Parts/Aero/aerodynamicNoseCone/aerodynamicNoseCone/noseCone' has no database record. Creating.
[LOG 21:50:02.917] [DragCubeSystem]: Drag cubes not found or cannot be read for part Part. Generating New drag cubes.
[LOG 21:50:02.918] [KSPCF/DragCubeGeneration] Creating drag cubes for part 'noseCone'
[LOG 21:50:02.961] PartLoader: Compiling Part 'Squad/Parts/Aero/airbrake/Airbrake/airbrake1'
[LOG 21:50:03.006] PartLoader: Part 'Squad/Parts/Aero/airbrake/Airbrake/airbrake1' has no database record. Creating.
[LOG 21:50:03.006] [DragCubeSystem]: Drag cubes not found or cannot be read for part Part. Generating New drag cubes.
[LOG 21:50:03.006] [KSPCF/DragCubeGeneration] Creating drag cubes for part 'airbrake1'
[LOG 21:50:03.051] PartLoader: Compiling Part 'Squad/Parts/Aero/airIntakeRadialXM-G50/airIntakeRadialXM-G50/airScoop'
[LOG 21:50:03.059] PartLoader: Part 'Squad/Parts/Aero/airIntakeRadialXM-G50/airIntakeRadialXM-G50/airScoop' has no database record. Creating.
[LOG 21:50:03.059] [DragCubeSystem]: Drag cubes not found or cannot be read for part Part. Generating New drag cubes.
[LOG 21:50:03.060] [KSPCF/DragCubeGeneration] Creating drag cubes for part 'airScoop'
[LOG 21:50:03.069] PartLoader: Compiling Part 'Squad/Parts/Aero/airlinerWings/ControlSurface/airlinerCtrlSrf'
[LOG 21:50:03.078] PartLoader: Part 'Squad/Parts/Aero/airlinerWings/ControlSurface/airlinerCtrlSrf' has no database record. Creating.
[LOG 21:50:03.078] [DragCubeSystem]: Drag cubes not found or cannot be read for part Part. Generating New drag cubes.
[LOG 21:50:03.078] [KSPCF/DragCubeGeneration] Creating drag cubes for part 'airlinerCtrlSrf'
[LOG 21:50:03.112] PartLoader: Compiling Part 'Squad/Parts/Aero/airlinerWings/MainWing/airlinerMainWing'
[LOG 21:50:03.117] PartLoader: Part 'Squad/Parts/Aero/airlinerWings/MainWing/airlinerMainWing' has no database record. Creating.
[LOG 21:50:03.117] [DragCubeSystem]: Drag cubes not found or cannot be read for part Part. Generating New drag cubes.
[LOG 21:50:03.118] [KSPCF/DragCubeGeneration] Creating drag cubes for part 'airlinerMainWing'
[LOG 21:50:03.126] PartLoader: Compiling Part 'Squad/Parts/Aero/airlinerWings/TailFin/airlinerTailFin'
[LOG 21:50:03.131] PartLoader: Part 'Squad/Parts/Aero/airlinerWings/TailFin/airlinerTailFin' has no database record. Creating.
[LOG 21:50:03.131] [DragCubeSystem]: Drag cubes not found or cannot be read for part Part. Generating New drag cubes.
[LOG 21:50:03.131] [KSPCF/DragCubeGeneration] Creating drag cubes for part 'airlinerTailFin'
[LOG 21:50:03.156] PartLoader: Compiling Part 'Squad/Parts/Aero/airplaneFins/advancedCanard/AdvancedCanard'
[LOG 21:50:03.160] PartLoader: Part 'Squad/Parts/Aero/airplaneFins/advancedCanard/AdvancedCanard' has no database record. Creating.
[LOG 21:50:03.160] [DragCubeSystem]: Drag cubes not found or cannot be read for part Part. Generating New drag cubes.
[LOG 21:50:03.160] [KSPCF/DragCubeGeneration] Creating drag cubes for part 'AdvancedCanard'
[LOG 21:50:03.180] PartLoader: Compiling Part 'Squad/Parts/Aero/airplaneFins/standardCanard/CanardController'
[LOG 21:50:03.183] PartLoader: Part 'Squad/Parts/Aero/airplaneFins/standardCanard/CanardController' has no database record. Creating.
[LOG 21:50:03.183] [DragCubeSystem]: Drag cubes not found or cannot be read for part Part. Generating New drag cubes.
[LOG 21:50:03.183] [KSPCF/DragCubeGeneration] Creating drag cubes for part 'CanardController'
[LOG 21:50:03.202] PartLoader: Compiling Part 'Squad/Parts/Aero/airplaneFins/sweptWing/sweptWing'
[LOG 21:50:03.205] PartLoader: Part 'Squad/Parts/Aero/airplaneFins/sweptWing/sweptWing' has no database record. Creating.
[LOG 21:50:03.205] [DragCubeSystem]: Drag cubes not found or cannot be read for part Part. Generating New drag cubes.
[LOG 21:50:03.205] [KSPCF/DragCubeGeneration] Creating drag cubes for part 'sweptWing'
[LOG 21:50:03.210] PartLoader: Compiling Part 'Squad/Parts/Aero/airplaneFins/tailfin/tailfin'
[LOG 21:50:03.214] PartLoader: Part 'Squad/Parts/Aero/airplaneFins/tailfin/tailfin' has no database record. Creating.
[LOG 21:50:03.214] [DragCubeSystem]: Drag cubes not found or cannot be read for part Part. Generating New drag cubes.
[LOG 21:50:03.214] [KSPCF/DragCubeGeneration] Creating drag cubes for part 'tailfin'
[LOG 21:50:03.235] PartLoader: Compiling Part 'Squad/Parts/Aero/basicFin/basicFin/basicFin'
[LOG 21:50:03.238] PartLoader: Part 'Squad/Parts/Aero/basicFin/basicFin/basicFin' has no database record. Creating.
[LOG 21:50:03.238] [DragCubeSystem]: Drag cubes not found or cannot be read for part Part. Generating New drag cubes.
[LOG 21:50:03.238] [KSPCF/DragCubeGeneration] Creating drag cubes for part 'basicFin'
[LOG 21:50:03.243] PartLoader: Compiling Part 'Squad/Parts/Aero/circularIntake/circularIntake/CircularIntake'
[LOG 21:50:03.249] PartLoader: Part 'Squad/Parts/Aero/circularIntake/circularIntake/CircularIntake' has no database record. Creating.
[LOG 21:50:03.250] PartLoader: Compiling Part 'Squad/Parts/Aero/circularIntake/intakeShockCone/shockConeIntake'
[LOG 21:50:03.252] PartLoader: Part 'Squad/Parts/Aero/circularIntake/intakeShockCone/shockConeIntake' has no database record. Creating.
[LOG 21:50:03.252] PartLoader: Compiling Part 'Squad/Parts/Aero/cones/avionicsNoseCone/avionicsNoseCone'
[LOG 21:50:03.264] PartLoader: Part 'Squad/Parts/Aero/cones/avionicsNoseCone/avionicsNoseCone' has no database record. Creating.
[LOG 21:50:03.264] [DragCubeSystem]: Drag cubes not found or cannot be read for part Part. Generating New drag cubes.
[LOG 21:50:03.264] [KSPCF/DragCubeGeneration] Creating drag cubes for part 'avionicsNoseCone'
[LOG 21:50:03.272] PartLoader: Compiling Part 'Squad/Parts/Aero/cones/ConeA/pointyNoseConeA'
[LOG 21:50:03.275] PartLoader: Part 'Squad/Parts/Aero/cones/ConeA/pointyNoseConeA' has no database record. Creating.
[LOG 21:50:03.275] [DragCubeSystem]: Drag cubes not found or cannot be read for part Part. Generating New drag cubes.
[LOG 21:50:03.275] [KSPCF/DragCubeGeneration] Creating drag cubes for part 'pointyNoseConeA'
[LOG 21:50:03.280] PartLoader: Compiling Part 'Squad/Parts/Aero/cones/ConeB/pointyNoseConeB'
[LOG 21:50:03.284] PartLoader: Part 'Squad/Parts/Aero/cones/ConeB/pointyNoseConeB' has no database record. Creating.
[LOG 21:50:03.284] [DragCubeSystem]: Drag cubes not found or cannot be read for part Part. Generating New drag cubes.
[LOG 21:50:03.285] [KSPCF/DragCubeGeneration] Creating drag cubes for part 'pointyNoseConeB'
[LOG 21:50:03.289] PartLoader: Compiling Part 'Squad/Parts/Aero/cones/noseConeAdapter/noseConeAdapter'
[LOG 21:50:03.291] PartLoader: Part 'Squad/Parts/Aero/cones/noseConeAdapter/noseConeAdapter' has no database record. Creating.
[LOG 21:50:03.291] [DragCubeSystem]: Drag cubes not found or cannot be read for part Part. Generating New drag cubes.
[LOG 21:50:03.291] [KSPCF/DragCubeGeneration] Creating drag cubes for part 'noseConeAdapter'
[LOG 21:50:03.296] PartLoader: Compiling Part 'Squad/Parts/Aero/cones/protectiveRocketNoseMk7_v2/rocketNoseCone_v2'
[LOG 21:50:03.299] PartLoader: Part 'Squad/Parts/Aero/cones/protectiveRocketNoseMk7_v2/rocketNoseCone_v2' has no database record. Creating.
[LOG 21:50:03.299] [DragCubeSystem]: Drag cubes not found or cannot be read for part Part. Generating New drag cubes.
[LOG 21:50:03.300] [KSPCF/DragCubeGeneration] Creating drag cubes for part 'rocketNoseCone.v2'
[LOG 21:50:03.306] PartLoader: Compiling Part 'Squad/Parts/Aero/cones/protectiveRocketNoseMk7_v3/rocketNoseCone_v3'
[LOG 21:50:03.308] PartLoader: Part 'Squad/Parts/Aero/cones/protectiveRocketNoseMk7_v3/rocketNoseCone_v3' has no database record. Creating.
[LOG 21:50:03.308] [DragCubeSystem]: Drag cubes not found or cannot be read for part Part. Generating New drag cubes.
[LOG 21:50:03.308] [KSPCF/DragCubeGeneration] Creating drag cubes for part 'rocketNoseCone.v3'
[LOG 21:50:03.312] PartLoader: Compiling Part 'Squad/Parts/Aero/cones/rocketNoseCone_size3/rocketNoseConeSize3'
[LOG 21:50:03.315] PartLoader: Part 'Squad/Parts/Aero/cones/rocketNoseCone_size3/rocketNoseConeSize3' has no database record. Creating.
[LOG 21:50:03.315] [DragCubeSystem]: Drag cubes not found or cannot be read for part Part. Generating New drag cubes.
[LOG 21:50:03.315] [KSPCF/DragCubeGeneration] Creating drag cubes for part 'rocketNoseConeSize3'
[LOG 21:50:03.320] PartLoader: Compiling Part 'Squad/Parts/Aero/cones/smallNoseCone/standardNoseCone'
[LOG 21:50:03.322] PartLoader: Part 'Squad/Parts/Aero/cones/smallNoseCone/standardNoseCone' has no database record. Creating.
[LOG 21:50:03.322] [DragCubeSystem]: Drag cubes not found or cannot be read for part Part. Generating New drag cubes.
[LOG 21:50:03.322] [KSPCF/DragCubeGeneration] Creating drag cubes for part 'standardNoseCone'
[LOG 21:50:03.327] PartLoader: Compiling Part 'Squad/Parts/Aero/cones/tailConnectorA/airplaneTail'
[LOG 21:50:03.330] PartLoader: Part 'Squad/Parts/Aero/cones/tailConnectorA/airplaneTail' has no database record. Creating.
[LOG 21:50:03.330] [DragCubeSystem]: Drag cubes not found or cannot be read for part Part. Generating New drag cubes.
[LOG 21:50:03.330] [KSPCF/DragCubeGeneration] Creating drag cubes for part 'airplaneTail'
[LOG 21:50:03.335] PartLoader: Compiling Part 'Squad/Parts/Aero/cones/tailConnectorB/airplaneTailB'
[LOG 21:50:03.338] PartLoader: Part 'Squad/Parts/Aero/cones/tailConnectorB/airplaneTailB' has no database record. Creating.
[LOG 21:50:03.338] [DragCubeSystem]: Drag cubes not found or cannot be read for part Part. Generating New drag cubes.
[LOG 21:50:03.338] [KSPCF/DragCubeGeneration] Creating drag cubes for part 'airplaneTailB'
[LOG 21:50:03.342] PartLoader: Compiling Part 'Squad/Parts/Aero/fairings/fairingSize1/fairingSize1'
[LOG 21:50:03.376] PartLoader: Part 'Squad/Parts/Aero/fairings/fairingSize1/fairingSize1' has no database record. Creating.
[LOG 21:50:03.377] [DragCubeSystem]: Drag cubes not found or cannot be read for part Part. Generating New drag cubes.
[LOG 21:50:03.377] [KSPCF/DragCubeGeneration] Creating drag cubes for part 'fairingSize1'
[LOG 21:50:03.385] PartLoader: Compiling Part 'Squad/Parts/Aero/fairings/fairingSize2/fairingSize2'
[LOG 21:50:03.393] PartLoader: Part 'Squad/Parts/Aero/fairings/fairingSize2/fairingSize2' has no database record. Creating.
[LOG 21:50:03.393] [DragCubeSystem]: Drag cubes not found or cannot be read for part Part. Generating New drag cubes.
[LOG 21:50:03.393] [KSPCF/DragCubeGeneration] Creating drag cubes for part 'fairingSize2'
[LOG 21:50:03.399] PartLoader: Compiling Part 'Squad/Parts/Aero/fairings/fairingSize3/fairingSize3'
[LOG 21:50:03.407] PartLoader: Part 'Squad/Parts/Aero/fairings/fairingSize3/fairingSize3' has no database record. Creating.
[LOG 21:50:03.407] [DragCubeSystem]: Drag cubes not found or cannot be read for part Part. Generating New drag cubes.
[LOG 21:50:03.407] [KSPCF/DragCubeGeneration] Creating drag cubes for part 'fairingSize3'
[LOG 21:50:03.413] PartLoader: Compiling Part 'Squad/Parts/Aero/HeatShield/HeatShield0/HeatShield0'
[LOG 21:50:03.422] PartLoader: Part 'Squad/Parts/Aero/HeatShield/HeatShield0/HeatShield0' has no database record. Creating.
[LOG 21:50:03.422] [DragCubeSystem]: Drag cubes not found or cannot be read for part Part. Generating New drag cubes.
[LOG 21:50:03.422] [KSPCF/DragCubeGeneration] Creating drag cubes for part 'HeatShield0'
[LOG 21:50:03.429] PartLoader: Compiling Part 'Squad/Parts/Aero/HeatShield/HeatShield1/HeatShield1'
[LOG 21:50:03.441] PartLoader: Part 'Squad/Parts/Aero/HeatShield/HeatShield1/HeatShield1' has no database record. Creating.
[LOG 21:50:03.441] [DragCubeSystem]: Drag cubes not found or cannot be read for part Part. Generating New drag cubes.
[LOG 21:50:03.442] [KSPCF/DragCubeGeneration] Creating drag cubes for part 'HeatShield1'
[LOG 21:50:03.458] PartLoader: Compiling Part 'Squad/Parts/Aero/HeatShield/HeatShield2/HeatShield2'
[LOG 21:50:03.463] PartLoader: Part 'Squad/Parts/Aero/HeatShield/HeatShield2/HeatShield2' has no database record. Creating.
[LOG 21:50:03.463] [DragCubeSystem]: Drag cubes not found or cannot be read for part Part. Generating New drag cubes.
[LOG 21:50:03.463] [KSPCF/DragCubeGeneration] Creating drag cubes for part 'HeatShield2'
[LOG 21:50:03.479] PartLoader: Compiling Part 'Squad/Parts/Aero/HeatShield/HeatShield3/HeatShield3'
[LOG 21:50:03.484] PartLoader: Part 'Squad/Parts/Aero/HeatShield/HeatShield3/HeatShield3' has no database record. Creating.
[LOG 21:50:03.484] [DragCubeSystem]: Drag cubes not found or cannot be read for part Part. Generating New drag cubes.
[LOG 21:50:03.484] [KSPCF/DragCubeGeneration] Creating drag cubes for part 'HeatShield3'
[LOG 21:50:03.500] PartLoader: Compiling Part 'Squad/Parts/Aero/InflatableHeatShield/HeatShield/InflatableHeatShield'
[LOG 21:50:03.506] PartLoader: Part 'Squad/Parts/Aero/InflatableHeatShield/HeatShield/InflatableHeatShield' has no database record. Creating.
[LOG 21:50:03.506] [DragCubeSystem]: Drag cubes not found or cannot be read for part Part. Generating New drag cubes.
[LOG 21:50:03.506] [KSPCF/DragCubeGeneration] Creating drag cubes for part 'InflatableHeatShield'
[LOG 21:50:03.523] PartLoader: Compiling Part 'Squad/Parts/Aero/intakeRadialLong/intakeRadialLong/IntakeRadialLong'
[LOG 21:50:03.526] PartLoader: Part 'Squad/Parts/Aero/intakeRadialLong/intakeRadialLong/IntakeRadialLong' has no database record. Creating.
[LOG 21:50:03.526] [DragCubeSystem]: Drag cubes not found or cannot be read for part Part. Generating New drag cubes.
[LOG 21:50:03.526] [KSPCF/DragCubeGeneration] Creating drag cubes for part 'IntakeRadialLong'
[LOG 21:50:03.532] PartLoader: Compiling Part 'Squad/Parts/Aero/miniIntake/SmallIntake/miniIntake'
[LOG 21:50:03.536] PartLoader: Part 'Squad/Parts/Aero/miniIntake/SmallIntake/miniIntake' has no database record. Creating.
[LOG 21:50:03.536] PartLoader: Compiling Part 'Squad/Parts/Aero/ramAirIntake/ramAirIntake/ramAirIntake'
[LOG 21:50:03.539] PartLoader: Part 'Squad/Parts/Aero/ramAirIntake/ramAirIntake/ramAirIntake' has no database record. Creating.
[LOG 21:50:03.539] PartLoader: Compiling Part 'Squad/Parts/Aero/shuttleWings/delta/wingShuttleDelta'
[LOG 21:50:03.541] PartLoader: Part 'Squad/Parts/Aero/shuttleWings/delta/wingShuttleDelta' has no database record. Creating.
[LOG 21:50:03.543] [DragCubeSystem]: Drag cubes not found or cannot be read for part Part. Generating New drag cubes.
[LOG 21:50:03.543] [KSPCF/DragCubeGeneration] Creating drag cubes for part 'wingShuttleDelta'
[LOG 21:50:03.548] PartLoader: Compiling Part 'Squad/Parts/Aero/shuttleWings/elevon1/wingShuttleElevon1'
[LOG 21:50:03.553] PartLoader: Part 'Squad/Parts/Aero/shuttleWings/elevon1/wingShuttleElevon1' has no database record. Creating.
[LOG 21:50:03.553] [DragCubeSystem]: Drag cubes not found or cannot be read for part Part. Generating New drag cubes.
[LOG 21:50:03.553] [KSPCF/DragCubeGeneration] Creating drag cubes for part 'wingShuttleElevon1'
[LOG 21:50:03.575] PartLoader: Compiling Part 'Squad/Parts/Aero/shuttleWings/elevon2/wingShuttleElevon2'
[LOG 21:50:03.578] PartLoader: Part 'Squad/Parts/Aero/shuttleWings/elevon2/wingShuttleElevon2' has no database record. Creating.
[LOG 21:50:03.578] [DragCubeSystem]: Drag cubes not found or cannot be read for part Part. Generating New drag cubes.
[LOG 21:50:03.578] [KSPCF/DragCubeGeneration] Creating drag cubes for part 'wingShuttleElevon2'
[LOG 21:50:03.598] PartLoader: Compiling Part 'Squad/Parts/Aero/shuttleWings/rudder/wingShuttleRudder'
[LOG 21:50:03.601] PartLoader: Part 'Squad/Parts/Aero/shuttleWings/rudder/wingShuttleRudder' has no database record. Creating.
[LOG 21:50:03.601] [DragCubeSystem]: Drag cubes not found or cannot be read for part Part. Generating New drag cubes.
[LOG 21:50:03.601] [KSPCF/DragCubeGeneration] Creating drag cubes for part 'wingShuttleRudder'
[LOG 21:50:03.621] PartLoader: Compiling Part 'Squad/Parts/Aero/shuttleWings/strake/wingShuttleStrake'
[LOG 21:50:03.623] PartLoader: Part 'Squad/Parts/Aero/shuttleWings/strake/wingShuttleStrake' has no database record. Creating.
[LOG 21:50:03.623] [DragCubeSystem]: Drag cubes not found or cannot be read for part Part. Generating New drag cubes.
[LOG 21:50:03.623] [KSPCF/DragCubeGeneration] Creating drag cubes for part 'wingShuttleStrake'
[LOG 21:50:03.628] PartLoader: Compiling Part 'Squad/Parts/Aero/wingletAV-R8/wingletAV-R8/R8winglet'
[LOG 21:50:03.630] PartLoader: Part 'Squad/Parts/Aero/wingletAV-R8/wingletAV-R8/R8winglet' has no database record. Creating.
[LOG 21:50:03.630] [DragCubeSystem]: Drag cubes not found or cannot be read for part Part. Generating New drag cubes.
[LOG 21:50:03.630] [KSPCF/DragCubeGeneration] Creating drag cubes for part 'R8winglet'
[LOG 21:50:03.653] PartLoader: Compiling Part 'Squad/Parts/Aero/wingletAV-T1/wingletAV-T1/winglet'
[LOG 21:50:03.657] PartLoader: Part 'Squad/Parts/Aero/wingletAV-T1/wingletAV-T1/winglet' has no database record. Creating.
[LOG 21:50:03.657] [DragCubeSystem]: Drag cubes not found or cannot be read for part Part. Generating New drag cubes.
[LOG 21:50:03.657] [KSPCF/DragCubeGeneration] Creating drag cubes for part 'winglet'
[LOG 21:50:03.662] PartLoader: Compiling Part 'Squad/Parts/Aero/wingletDeltaDeluxe/wingletDeltaDeluxe/winglet3'
[LOG 21:50:03.667] PartLoader: Part 'Squad/Parts/Aero/wingletDeltaDeluxe/wingletDeltaDeluxe/winglet3' has no database record. Creating.
[LOG 21:50:03.667] [DragCubeSystem]: Drag cubes not found or cannot be read for part Part. Generating New drag cubes.
[LOG 21:50:03.667] [KSPCF/DragCubeGeneration] Creating drag cubes for part 'winglet3'
[LOG 21:50:03.690] PartLoader: Compiling Part 'Squad/Parts/Aero/wings/connector1/wingConnector'
[LOG 21:50:03.694] PartLoader: Part 'Squad/Parts/Aero/wings/connector1/wingConnector' has no database record. Creating.
[LOG 21:50:03.694] [DragCubeSystem]: Drag cubes not found or cannot be read for part Part. Generating New drag cubes.
[LOG 21:50:03.694] [KSPCF/DragCubeGeneration] Creating drag cubes for part 'wingConnector'
[LOG 21:50:03.699] PartLoader: Compiling Part 'Squad/Parts/Aero/wings/connector2/wingConnector2'
[LOG 21:50:03.701] PartLoader: Part 'Squad/Parts/Aero/wings/connector2/wingConnector2' has no database record. Creating.
[LOG 21:50:03.701] [DragCubeSystem]: Drag cubes not found or cannot be read for part Part. Generating New drag cubes.
[LOG 21:50:03.701] [KSPCF/DragCubeGeneration] Creating drag cubes for part 'wingConnector2'
[LOG 21:50:03.707] PartLoader: Compiling Part 'Squad/Parts/Aero/wings/connector3/wingConnector3'
[LOG 21:50:03.711] PartLoader: Part 'Squad/Parts/Aero/wings/connector3/wingConnector3' has no database record. Creating.
[LOG 21:50:03.711] [DragCubeSystem]: Drag cubes not found or cannot be read for part Part. Generating New drag cubes.
[LOG 21:50:03.711] [KSPCF/DragCubeGeneration] Creating drag cubes for part 'wingConnector3'
[LOG 21:50:03.719] PartLoader: Compiling Part 'Squad/Parts/Aero/wings/connector4/wingConnector4'
[LOG 21:50:03.721] PartLoader: Part 'Squad/Parts/Aero/wings/connector4/wingConnector4' has no database record. Creating.
[LOG 21:50:03.721] [DragCubeSystem]: Drag cubes not found or cannot be read for part Part. Generating New drag cubes.
[LOG 21:50:03.722] [KSPCF/DragCubeGeneration] Creating drag cubes for part 'wingConnector4'
[LOG 21:50:03.727] PartLoader: Compiling Part 'Squad/Parts/Aero/wings/connector5/wingConnector5'
[LOG 21:50:03.731] PartLoader: Part 'Squad/Parts/Aero/wings/connector5/wingConnector5' has no database record. Creating.
[LOG 21:50:03.731] [DragCubeSystem]: Drag cubes not found or cannot be read for part Part. Generating New drag cubes.
[LOG 21:50:03.731] [KSPCF/DragCubeGeneration] Creating drag cubes for part 'wingConnector5'
[LOG 21:50:03.735] PartLoader: Compiling Part 'Squad/Parts/Aero/wings/delta/deltaWing'
[LOG 21:50:03.739] PartLoader: Part 'Squad/Parts/Aero/wings/delta/deltaWing' has no database record. Creating.
[LOG 21:50:03.739] [DragCubeSystem]: Drag cubes not found or cannot be read for part Part. Generating New drag cubes.
[LOG 21:50:03.739] [KSPCF/DragCubeGeneration] Creating drag cubes for part 'deltaWing'
[LOG 21:50:03.743] PartLoader: Compiling Part 'Squad/Parts/Aero/wings/delta_small/delta_small'
[LOG 21:50:03.747] PartLoader: Part 'Squad/Parts/Aero/wings/delta_small/delta_small' has no database record. Creating.
[LOG 21:50:03.747] [DragCubeSystem]: Drag cubes not found or cannot be read for part Part. Generating New drag cubes.
[LOG 21:50:03.747] [KSPCF/DragCubeGeneration] Creating drag cubes for part 'delta.small'
[LOG 21:50:03.753] PartLoader: Compiling Part 'Squad/Parts/Aero/wings/elevon1/StandardCtrlSrf'
[LOG 21:50:03.759] PartLoader: Part 'Squad/Parts/Aero/wings/elevon1/StandardCtrlSrf' has no database record. Creating.
[LOG 21:50:03.759] [DragCubeSystem]: Drag cubes not found or cannot be read for part Part. Generating New drag cubes.
[LOG 21:50:03.759] [KSPCF/DragCubeGeneration] Creating drag cubes for part 'StandardCtrlSrf'
[LOG 21:50:03.781] PartLoader: Compiling Part 'Squad/Parts/Aero/wings/elevon2/elevon2'
[LOG 21:50:03.785] PartLoader: Part 'Squad/Parts/Aero/wings/elevon2/elevon2' has no database record. Creating.
[LOG 21:50:03.786] [DragCubeSystem]: Drag cubes not found or cannot be read for part Part. Generating New drag cubes.
[LOG 21:50:03.786] [KSPCF/DragCubeGeneration] Creating drag cubes for part 'elevon2'
[LOG 21:50:03.807] PartLoader: Compiling Part 'Squad/Parts/Aero/wings/elevon3/elevon3'
[LOG 21:50:03.812] PartLoader: Part 'Squad/Parts/Aero/wings/elevon3/elevon3' has no database record. Creating.
[LOG 21:50:03.812] [DragCubeSystem]: Drag cubes not found or cannot be read for part Part. Generating New drag cubes.
[LOG 21:50:03.812] [KSPCF/DragCubeGeneration] Creating drag cubes for part 'elevon3'
[LOG 21:50:03.832] PartLoader: Compiling Part 'Squad/Parts/Aero/wings/elevon4/smallCtrlSrf'
[LOG 21:50:03.837] PartLoader: Part 'Squad/Parts/Aero/wings/elevon4/smallCtrlSrf' has no database record. Creating.
[LOG 21:50:03.837] [DragCubeSystem]: Drag cubes not found or cannot be read for part Part. Generating New drag cubes.
[LOG 21:50:03.837] [KSPCF/DragCubeGeneration] Creating drag cubes for part 'smallCtrlSrf'
[LOG 21:50:03.859] PartLoader: Compiling Part 'Squad/Parts/Aero/wings/elevon5/elevon5'
[LOG 21:50:03.864] PartLoader: Part 'Squad/Parts/Aero/wings/elevon5/elevon5' has no database record. Creating.
[LOG 21:50:03.864] [DragCubeSystem]: Drag cubes not found or cannot be read for part Part. Generating New drag cubes.
[LOG 21:50:03.864] [KSPCF/DragCubeGeneration] Creating drag cubes for part 'elevon5'
[LOG 21:50:03.885] PartLoader: Compiling Part 'Squad/Parts/Aero/wings/strake/wingStrake'
[LOG 21:50:03.888] PartLoader: Part 'Squad/Parts/Aero/wings/strake/wingStrake' has no database record. Creating.
[LOG 21:50:03.888] [DragCubeSystem]: Drag cubes not found or cannot be read for part Part. Generating New drag cubes.
[LOG 21:50:03.888] [KSPCF/DragCubeGeneration] Creating drag cubes for part 'wingStrake'
[LOG 21:50:03.893] PartLoader: Compiling Part 'Squad/Parts/Aero/wings/structural1/structuralWing'
[LOG 21:50:03.895] PartLoader: Part 'Squad/Parts/Aero/wings/structural1/structuralWing' has no database record. Creating.
[LOG 21:50:03.895] [DragCubeSystem]: Drag cubes not found or cannot be read for part Part. Generating New drag cubes.
[LOG 21:50:03.895] [KSPCF/DragCubeGeneration] Creating drag cubes for part 'structuralWing'
[LOG 21:50:03.899] PartLoader: Compiling Part 'Squad/Parts/Aero/wings/structural2/structuralWing2'
[LOG 21:50:03.901] PartLoader: Part 'Squad/Parts/Aero/wings/structural2/structuralWing2' has no database record. Creating.
[LOG 21:50:03.902] [DragCubeSystem]: Drag cubes not found or cannot be read for part Part. Generating New drag cubes.
[LOG 21:50:03.902] [KSPCF/DragCubeGeneration] Creating drag cubes for part 'structuralWing2'
[LOG 21:50:03.905] PartLoader: Compiling Part 'Squad/Parts/Aero/wings/structural3/structuralWing3'
[LOG 21:50:03.907] PartLoader: Part 'Squad/Parts/Aero/wings/structural3/structuralWing3' has no database record. Creating.
[LOG 21:50:03.907] [DragCubeSystem]: Drag cubes not found or cannot be read for part Part. Generating New drag cubes.
[LOG 21:50:03.907] [KSPCF/DragCubeGeneration] Creating drag cubes for part 'structuralWing3'
[LOG 21:50:03.912] PartLoader: Compiling Part 'Squad/Parts/Aero/wings/structural4/structuralWing4'
[LOG 21:50:03.915] PartLoader: Part 'Squad/Parts/Aero/wings/structural4/structuralWing4' has no database record. Creating.
[LOG 21:50:03.915] [DragCubeSystem]: Drag cubes not found or cannot be read for part Part. Generating New drag cubes.
[LOG 21:50:03.915] [KSPCF/DragCubeGeneration] Creating drag cubes for part 'structuralWing4'
[LOG 21:50:03.921] PartLoader: Compiling Part 'Squad/Parts/Aero/wings/swept1/sweptWing1'
[LOG 21:50:03.923] PartLoader: Part 'Squad/Parts/Aero/wings/swept1/sweptWing1' has no database record. Creating.
[LOG 21:50:03.923] [DragCubeSystem]: Drag cubes not found or cannot be read for part Part. Generating New drag cubes.
[LOG 21:50:03.923] [KSPCF/DragCubeGeneration] Creating drag cubes for part 'sweptWing1'
[LOG 21:50:03.927] PartLoader: Compiling Part 'Squad/Parts/Aero/wings/swept2/sweptWing2'
[LOG 21:50:03.929] PartLoader: Part 'Squad/Parts/Aero/wings/swept2/sweptWing2' has no database record. Creating.
[LOG 21:50:03.929] [DragCubeSystem]: Drag cubes not found or cannot be read for part Part. Generating New drag cubes.
[LOG 21:50:03.929] [KSPCF/DragCubeGeneration] Creating drag cubes for part 'sweptWing2'
[LOG 21:50:03.934] PartLoader: Compiling Part 'Squad/Parts/Cargo/CargoContainers/cargoContainer/cargoContainer'
[WRN 21:50:03.935] [Part]: Cannot have ModuleCargoPart and ModuleInventoryPart on same Part [cargoContainer'. Removed ModuleCargoPart
[LOG 21:50:03.939] PartLoader: Part 'Squad/Parts/Cargo/CargoContainers/cargoContainer/cargoContainer' has no database record. Creating.
[LOG 21:50:03.939] [DragCubeSystem]: Drag cubes not found or cannot be read for part Part. Generating New drag cubes.
[LOG 21:50:03.939] [KSPCF/DragCubeGeneration] Creating drag cubes for part 'cargoContainer'
[LOG 21:50:03.945] PartLoader: Compiling Part 'Squad/Parts/Cargo/CargoContainers/smallCargoContainer/smallCargoContainer'
[WRN 21:50:03.947] [Part]: Cannot have ModuleCargoPart and ModuleInventoryPart on same Part [smallCargoContainer'. Removed ModuleCargoPart
[LOG 21:50:03.949] PartLoader: Part 'Squad/Parts/Cargo/CargoContainers/smallCargoContainer/smallCargoContainer' has no database record. Creating.
[LOG 21:50:03.950] [DragCubeSystem]: Drag cubes not found or cannot be read for part Part. Generating New drag cubes.
[LOG 21:50:03.950] [KSPCF/DragCubeGeneration] Creating drag cubes for part 'smallCargoContainer'
[LOG 21:50:03.957] PartLoader: Compiling Part 'Squad/Parts/Cargo/Cylinder/Cylinder/evaCylinder'
[LOG 21:50:03.959] PartLoader: Part 'Squad/Parts/Cargo/Cylinder/Cylinder/evaCylinder' has no database record. Creating.
[LOG 21:50:03.959] [DragCubeSystem]: Drag cubes not found or cannot be read for part Part. Generating New drag cubes.
[LOG 21:50:03.959] [KSPCF/DragCubeGeneration] Creating drag cubes for part 'evaCylinder'
[LOG 21:50:03.963] PartLoader: Compiling Part 'Squad/Parts/Cargo/GroundAnchor/groundAnchor/groundAnchor'
[LOG 21:50:03.988] PartLoader: Part 'Squad/Parts/Cargo/GroundAnchor/groundAnchor/groundAnchor' has no database record. Creating.
[LOG 21:50:03.988] [DragCubeSystem]: Drag cubes not found or cannot be read for part Part. Generating New drag cubes.
[LOG 21:50:03.988] [KSPCF/DragCubeGeneration] Creating drag cubes for part 'groundAnchor'
[LOG 21:50:04.003] PartLoader: Compiling Part 'Squad/Parts/Cargo/Jetpack/Jetpack/evaJetpack'
[LOG 21:50:04.006] PartLoader: Part 'Squad/Parts/Cargo/Jetpack/Jetpack/evaJetpack' has no database record. Creating.
[LOG 21:50:04.006] [DragCubeSystem]: Drag cubes not found or cannot be read for part Part. Generating New drag cubes.
[LOG 21:50:04.006] [KSPCF/DragCubeGeneration] Creating drag cubes for part 'evaJetpack'
[LOG 21:50:04.010] PartLoader: Compiling Part 'Squad/Parts/Cargo/Parachute/Parachute/evaChute'
[LOG 21:50:04.012] PartLoader: Part 'Squad/Parts/Cargo/Parachute/Parachute/evaChute' has no database record. Creating.
[LOG 21:50:04.012] [DragCubeSystem]: Drag cubes not found or cannot be read for part Part. Generating New drag cubes.
[LOG 21:50:04.012] [KSPCF/DragCubeGeneration] Creating drag cubes for part 'evaChute'
[LOG 21:50:04.016] PartLoader: Compiling Part 'Squad/Parts/Cargo/RepairKit/RepairKit/evaRepairKit'
[LOG 21:50:04.019] PartLoader: Part 'Squad/Parts/Cargo/RepairKit/RepairKit/evaRepairKit' has no database record. Creating.
[LOG 21:50:04.019] [DragCubeSystem]: Drag cubes not found or cannot be read for part Part. Generating New drag cubes.
[LOG 21:50:04.019] [KSPCF/DragCubeGeneration] Creating drag cubes for part 'evaRepairKit'
[LOG 21:50:04.023] PartLoader: Compiling Part 'Squad/Parts/Cargo/ScienceKit/evaScienceKit/evaScienceKit'
[LOG 21:50:04.024] PartLoader: Part 'Squad/Parts/Cargo/ScienceKit/evaScienceKit/evaScienceKit' has no database record. Creating.
[LOG 21:50:04.024] [DragCubeSystem]: Drag cubes not found or cannot be read for part Part. Generating New drag cubes.
[LOG 21:50:04.024] [KSPCF/DragCubeGeneration] Creating drag cubes for part 'evaScienceKit'
[LOG 21:50:04.030] PartLoader: Compiling Part 'Squad/Parts/Cargo/StorageUnits/CargoStorageUnit/CargoStorageUnit'
[WRN 21:50:04.031] [Part]: Cannot have ModuleCargoPart and ModuleInventoryPart on same Part [CargoStorageUnit'. Removed ModuleCargoPart
[LOG 21:50:04.034] PartLoader: Part 'Squad/Parts/Cargo/StorageUnits/CargoStorageUnit/CargoStorageUnit' has no database record. Creating.
[LOG 21:50:04.034] [DragCubeSystem]: Drag cubes not found or cannot be read for part Part. Generating New drag cubes.
[LOG 21:50:04.034] [KSPCF/DragCubeGeneration] Creating drag cubes for part 'CargoStorageUnit'
[LOG 21:50:04.040] PartLoader: Compiling Part 'Squad/Parts/Cargo/StorageUnits/ConformalStorageUnit/ConformalStorageUnit'
[WRN 21:50:04.041] [Part]: Cannot have ModuleCargoPart and ModuleInventoryPart on same Part [ConformalStorageUnit'. Removed ModuleCargoPart
[LOG 21:50:04.042] PartLoader: Part 'Squad/Parts/Cargo/StorageUnits/ConformalStorageUnit/ConformalStorageUnit' has no database record. Creating.
[LOG 21:50:04.042] [DragCubeSystem]: Drag cubes not found or cannot be read for part Part. Generating New drag cubes.
[LOG 21:50:04.042] [KSPCF/DragCubeGeneration] Creating drag cubes for part 'ConformalStorageUnit'
[LOG 21:50:04.046] PartLoader: Compiling Part 'Squad/Parts/Command/advancedSasModuleLarge/advSasModuleLarge/asasmodule1-2'
[LOG 21:50:04.051] PartLoader: Part 'Squad/Parts/Command/advancedSasModuleLarge/advSasModuleLarge/asasmodule1-2' has no database record. Creating.
[LOG 21:50:04.051] PartLoader: Compiling Part 'Squad/Parts/Command/cupola/cupola/cupola'
[LOG 21:50:04.069] PartLoader: Part 'Squad/Parts/Command/cupola/cupola/cupola' has no database record. Creating.
[LOG 21:50:04.069] [DragCubeSystem]: Drag cubes not found or cannot be read for part Part. Generating New drag cubes.
[LOG 21:50:04.069] [KSPCF/DragCubeGeneration] Creating drag cubes for part 'cupola'
[LOG 21:50:04.078] PartLoader: Compiling Part 'Squad/Parts/Command/externalCommandSeat/externalCommandSeat/seatExternalCmd'
[LOG 21:50:04.081] PartLoader: Part 'Squad/Parts/Command/externalCommandSeat/externalCommandSeat/seatExternalCmd' has no database record. Creating.
[LOG 21:50:04.081] [DragCubeSystem]: Drag cubes not found or cannot be read for part Part. Generating New drag cubes.
[LOG 21:50:04.081] [KSPCF/DragCubeGeneration] Creating drag cubes for part 'seatExternalCmd'
[LOG 21:50:04.087] PartLoader: Compiling Part 'Squad/Parts/Command/hitchhikerStorageContainer/hitchikerStorageContainer/crewCabin'
[LOG 21:50:04.091] PartLoader: Part 'Squad/Parts/Command/hitchhikerStorageContainer/hitchikerStorageContainer/crewCabin' has no database record. Creating.
[LOG 21:50:04.091] [DragCubeSystem]: Drag cubes not found or cannot be read for part Part. Generating New drag cubes.
[LOG 21:50:04.091] [KSPCF/DragCubeGeneration] Creating drag cubes for part 'crewCabin'
[LOG 21:50:04.098] PartLoader: Compiling Part 'Squad/Parts/Command/inlineAdvancedStabilizer/inlineAdvancedStabilizer/advSasModule'
[LOG 21:50:04.100] PartLoader: Part 'Squad/Parts/Command/inlineAdvancedStabilizer/inlineAdvancedStabilizer/advSasModule' has no database record. Creating.
[LOG 21:50:04.101] [DragCubeSystem]: Drag cubes not found or cannot be read for part Part. Generating New drag cubes.
[LOG 21:50:04.101] [KSPCF/DragCubeGeneration] Creating drag cubes for part 'advSasModule'
[LOG 21:50:04.107] PartLoader: Compiling Part 'Squad/Parts/Command/inlineReactionWheel/inlineReactionWheel/sasModule'
[LOG 21:50:04.111] PartLoader: Part 'Squad/Parts/Command/inlineReactionWheel/inlineReactionWheel/sasModule' has no database record. Creating.
[LOG 21:50:04.111] [DragCubeSystem]: Drag cubes not found or cannot be read for part Part. Generating New drag cubes.
[LOG 21:50:04.111] [KSPCF/DragCubeGeneration] Creating drag cubes for part 'sasModule'
[LOG 21:50:04.116] PartLoader: Compiling Part 'Squad/Parts/Command/Mk1-3Pod/mk1-3/mk1-3pod'
[LOG 21:50:04.143] PartLoader: Part 'Squad/Parts/Command/Mk1-3Pod/mk1-3/mk1-3pod' has no database record. Creating.
[LOG 21:50:04.144] [DragCubeSystem]: Drag cubes not found or cannot be read for part Part. Generating New drag cubes.
[LOG 21:50:04.144] [KSPCF/DragCubeGeneration] Creating drag cubes for part 'mk1-3pod'
[LOG 21:50:04.155] PartLoader: Compiling Part 'Squad/Parts/Command/mk1Cockpits/mk1Cockpit/Mark1Cockpit'
[WRN 21:50:04.160] [Part]: Cannot have ModuleCargoPart and ModuleInventoryPart on same Part [Mark1Cockpit'. Removed ModuleCargoPart
[LOG 21:50:04.163] PartLoader: Part 'Squad/Parts/Command/mk1Cockpits/mk1Cockpit/Mark1Cockpit' has no database record. Creating.
[LOG 21:50:04.163] [DragCubeSystem]: Drag cubes not found or cannot be read for part Part. Generating New drag cubes.
[LOG 21:50:04.163] [KSPCF/DragCubeGeneration] Creating drag cubes for part 'Mark1Cockpit'
[LOG 21:50:04.172] PartLoader: Compiling Part 'Squad/Parts/Command/mk1Cockpits/mk1CrewCabin/MK1CrewCabin'
[WRN 21:50:04.176] [Part]: Cannot have ModuleCargoPart and ModuleInventoryPart on same Part [MK1CrewCabin'. Removed ModuleCargoPart
[LOG 21:50:04.183] PartLoader: Part 'Squad/Parts/Command/mk1Cockpits/mk1CrewCabin/MK1CrewCabin' has no database record. Creating.
[LOG 21:50:04.183] [DragCubeSystem]: Drag cubes not found or cannot be read for part Part. Generating New drag cubes.
[LOG 21:50:04.183] [KSPCF/DragCubeGeneration] Creating drag cubes for part 'MK1CrewCabin'
[LOG 21:50:04.191] PartLoader: Compiling Part 'Squad/Parts/Command/mk1Cockpits/mk1InlineCockpit/Mark2Cockpit'
[WRN 21:50:04.196] [Part]: Cannot have ModuleCargoPart and ModuleInventoryPart on same Part [Mark2Cockpit'. Removed ModuleCargoPart
[LOG 21:50:04.201] PartLoader: Part 'Squad/Parts/Command/mk1Cockpits/mk1InlineCockpit/Mark2Cockpit' has no database record. Creating.
[LOG 21:50:04.201] [DragCubeSystem]: Drag cubes not found or cannot be read for part Part. Generating New drag cubes.
[LOG 21:50:04.201] [KSPCF/DragCubeGeneration] Creating drag cubes for part 'Mark2Cockpit'
[LOG 21:50:04.210] PartLoader: Compiling Part 'Squad/Parts/Command/mk1LanderCan/mk1LanderCan/landerCabinSmall'
[WRN 21:50:04.216] [Part]: Cannot have ModuleCargoPart and ModuleInventoryPart on same Part [landerCabinSmall'. Removed ModuleCargoPart
[LOG 21:50:04.224] PartLoader: Part 'Squad/Parts/Command/mk1LanderCan/mk1LanderCan/landerCabinSmall' has no database record. Creating.
[LOG 21:50:04.224] [DragCubeSystem]: Drag cubes not found or cannot be read for part Part. Generating New drag cubes.
[LOG 21:50:04.224] [KSPCF/DragCubeGeneration] Creating drag cubes for part 'landerCabinSmall'
[LOG 21:50:04.233] PartLoader: Compiling Part 'Squad/Parts/Command/mk1pod_v2/mk1Pod_v2/mk1pod_v2'
[WRN 21:50:04.237] [Part]: Cannot have ModuleCargoPart and ModuleInventoryPart on same Part [mk1pod.v2'. Removed ModuleCargoPart
[LOG 21:50:04.245] PartLoader: Part 'Squad/Parts/Command/mk1pod_v2/mk1Pod_v2/mk1pod_v2' has no database record. Creating.
[LOG 21:50:04.246] [DragCubeSystem]: Drag cubes not found or cannot be read for part Part. Generating New drag cubes.
[LOG 21:50:04.246] [KSPCF/DragCubeGeneration] Creating drag cubes for part 'mk1pod.v2'
[LOG 21:50:04.254] PartLoader: Compiling Part 'Squad/Parts/Command/mk2CockpitInline/mk2CockpitInline/mk2Cockpit_Inline'
[WRN 21:50:04.257] [Part]: Cannot have ModuleCargoPart and ModuleInventoryPart on same Part [mk2Cockpit.Inline'. Removed ModuleCargoPart
[LOG 21:50:04.260] PartLoader: Part 'Squad/Parts/Command/mk2CockpitInline/mk2CockpitInline/mk2Cockpit_Inline' has no database record. Creating.
[LOG 21:50:04.261] [DragCubeSystem]: Drag cubes not found or cannot be read for part Part. Generating New drag cubes.
[LOG 21:50:04.261] [KSPCF/DragCubeGeneration] Creating drag cubes for part 'mk2Cockpit.Inline'
[LOG 21:50:04.269] PartLoader: Compiling Part 'Squad/Parts/Command/mk2CockpitStandard/mk2CockpitStandard/mk2Cockpit_Standard'
[WRN 21:50:04.271] [Part]: Cannot have ModuleCargoPart and ModuleInventoryPart on same Part [mk2Cockpit.Standard'. Removed ModuleCargoPart
[LOG 21:50:04.273] PartLoader: Part 'Squad/Parts/Command/mk2CockpitStandard/mk2CockpitStandard/mk2Cockpit_Standard' has no database record. Creating.
[LOG 21:50:04.273] [DragCubeSystem]: Drag cubes not found or cannot be read for part Part. Generating New drag cubes.
[LOG 21:50:04.273] [KSPCF/DragCubeGeneration] Creating drag cubes for part 'mk2Cockpit.Standard'
[LOG 21:50:04.281] PartLoader: Compiling Part 'Squad/Parts/Command/mk2DroneCore/mk2Dronecore/mk2DroneCore'
[LOG 21:50:04.286] PartLoader: Part 'Squad/Parts/Command/mk2DroneCore/mk2Dronecore/mk2DroneCore' has no database record. Creating.
[LOG 21:50:04.287] PartLoader: Compiling Part 'Squad/Parts/Command/mk2LanderCan/mk2LanderCan/mk2LanderCabin'
[WRN 21:50:04.290] [Part]: Cannot have ModuleCargoPart and ModuleInventoryPart on same Part [mk2LanderCabin'. Removed ModuleCargoPart
[LOG 21:50:04.293] PartLoader: Part 'Squad/Parts/Command/mk2LanderCan/mk2LanderCan/mk2LanderCabin' has no database record. Creating.
[LOG 21:50:04.293] [DragCubeSystem]: Drag cubes not found or cannot be read for part Part. Generating New drag cubes.
[LOG 21:50:04.293] [KSPCF/DragCubeGeneration] Creating drag cubes for part 'mk2LanderCabin'
[LOG 21:50:04.300] PartLoader: Compiling Part 'Squad/Parts/Command/mk2LanderCan_v2/mk2LanderCan_v2/mk2LanderCabin_v2'
[WRN 21:50:04.304] [Part]: Cannot have ModuleCargoPart and ModuleInventoryPart on same Part [mk2LanderCabin.v2'. Removed ModuleCargoPart
[LOG 21:50:04.306] PartLoader: Part 'Squad/Parts/Command/mk2LanderCan_v2/mk2LanderCan_v2/mk2LanderCabin_v2' has no database record. Creating.
[LOG 21:50:04.307] [DragCubeSystem]: Drag cubes not found or cannot be read for part Part. Generating New drag cubes.
[LOG 21:50:04.307] [KSPCF/DragCubeGeneration] Creating drag cubes for part 'mk2LanderCabin.v2'
[LOG 21:50:04.312] PartLoader: Compiling Part 'Squad/Parts/Command/mk3CockpitShuttle/mk3CockpitShuttle/mk3Cockpit_Shuttle'
[LOG 21:50:04.318] PartLoader: Part 'Squad/Parts/Command/mk3CockpitShuttle/mk3CockpitShuttle/mk3Cockpit_Shuttle' has no database record. Creating.
[LOG 21:50:04.318] [DragCubeSystem]: Drag cubes not found or cannot be read for part Part. Generating New drag cubes.
[LOG 21:50:04.318] [KSPCF/DragCubeGeneration] Creating drag cubes for part 'mk3Cockpit.Shuttle'
[LOG 21:50:04.325] PartLoader: Compiling Part 'Squad/Parts/Command/MpoProbe/MpoProbe/MpoProbe'
[LOG 21:50:04.329] PartLoader: Part 'Squad/Parts/Command/MpoProbe/MpoProbe/MpoProbe' has no database record. Creating.
[LOG 21:50:04.329] [DragCubeSystem]: Drag cubes not found or cannot be read for part Part. Generating New drag cubes.
[LOG 21:50:04.329] [KSPCF/DragCubeGeneration] Creating drag cubes for part 'MpoProbe'
[LOG 21:50:04.337] PartLoader: Compiling Part 'Squad/Parts/Command/MtmStage/MTM_Stage/MtmStage'
[LOG 21:50:04.342] PartLoader: Part 'Squad/Parts/Command/MtmStage/MTM_Stage/MtmStage' has no database record. Creating.
[LOG 21:50:04.343] [DragCubeSystem]: Drag cubes not found or cannot be read for part Part. Generating New drag cubes.
[LOG 21:50:04.343] [KSPCF/DragCubeGeneration] Creating drag cubes for part 'MtmStage'
[LOG 21:50:04.348] PartLoader: Compiling Part 'Squad/Parts/Command/probeCoreCube/probeCoreCube/probeCoreCube'
[LOG 21:50:04.351] PartLoader: Part 'Squad/Parts/Command/probeCoreCube/probeCoreCube/probeCoreCube' has no database record. Creating.
[LOG 21:50:04.351] PartLoader: Compiling Part 'Squad/Parts/Command/probeCoreHex/probeCoreHex/probeCoreHex'
[LOG 21:50:04.356] PartLoader: Part 'Squad/Parts/Command/probeCoreHex/probeCoreHex/probeCoreHex' has no database record. Creating.
[LOG 21:50:04.356] [DragCubeSystem]: Drag cubes not found or cannot be read for part Part. Generating New drag cubes.
[LOG 21:50:04.356] [KSPCF/DragCubeGeneration] Creating drag cubes for part 'probeCoreHex'
[LOG 21:50:04.363] PartLoader: Compiling Part 'Squad/Parts/Command/probeCoreHex_v2/probeCoreHex_v2/probeCoreHex_v2'
[LOG 21:50:04.367] PartLoader: Part 'Squad/Parts/Command/probeCoreHex_v2/probeCoreHex_v2/probeCoreHex_v2' has no database record. Creating.
[LOG 21:50:04.367] [DragCubeSystem]: Drag cubes not found or cannot be read for part Part. Generating New drag cubes.
[LOG 21:50:04.367] [KSPCF/DragCubeGeneration] Creating drag cubes for part 'probeCoreHex.v2'
[LOG 21:50:04.372] PartLoader: Compiling Part 'Squad/Parts/Command/probeCoreOcto2_v2/probeCoreOcto2_v2/probeCoreOcto2_v2'
[LOG 21:50:04.378] PartLoader: Part 'Squad/Parts/Command/probeCoreOcto2_v2/probeCoreOcto2_v2/probeCoreOcto2_v2' has no database record. Creating.
[LOG 21:50:04.378] [DragCubeSystem]: Drag cubes not found or cannot be read for part Part. Generating New drag cubes.
[LOG 21:50:04.378] [KSPCF/DragCubeGeneration] Creating drag cubes for part 'probeCoreOcto2.v2'
[LOG 21:50:04.383] PartLoader: Compiling Part 'Squad/Parts/Command/probeCoreOcto_v2/probeCoreOcto_v2/probeCoreOcto_v2'
[LOG 21:50:04.386] PartLoader: Part 'Squad/Parts/Command/probeCoreOcto_v2/probeCoreOcto_v2/probeCoreOcto_v2' has no database record. Creating.
[LOG 21:50:04.386] [DragCubeSystem]: Drag cubes not found or cannot be read for part Part. Generating New drag cubes.
[LOG 21:50:04.386] [KSPCF/DragCubeGeneration] Creating drag cubes for part 'probeCoreOcto.v2'
[LOG 21:50:04.392] PartLoader: Compiling Part 'Squad/Parts/Command/probeRoverBody/probeRoverBody/roverBody'
[LOG 21:50:04.396] PartLoader: Part 'Squad/Parts/Command/probeRoverBody/probeRoverBody/roverBody' has no database record. Creating.
[LOG 21:50:04.396] [DragCubeSystem]: Drag cubes not found or cannot be read for part Part. Generating New drag cubes.
[LOG 21:50:04.396] [KSPCF/DragCubeGeneration] Creating drag cubes for part 'roverBody'
[LOG 21:50:04.401] PartLoader: Compiling Part 'Squad/Parts/Command/probeRoverBody_v2/probeRoverBody_v2/roverBody_v2'
[LOG 21:50:04.407] PartLoader: Part 'Squad/Parts/Command/probeRoverBody_v2/probeRoverBody_v2/roverBody_v2' has no database record. Creating.
[LOG 21:50:04.407] [DragCubeSystem]: Drag cubes not found or cannot be read for part Part. Generating New drag cubes.
[LOG 21:50:04.407] [KSPCF/DragCubeGeneration] Creating drag cubes for part 'roverBody.v2'
[LOG 21:50:04.431] PartLoader: Compiling Part 'Squad/Parts/Command/probeStackLarge/probeStackLarge/probeStackLarge'
[LOG 21:50:04.435] PartLoader: Part 'Squad/Parts/Command/probeStackLarge/probeStackLarge/probeStackLarge' has no database record. Creating.
[LOG 21:50:04.435] [DragCubeSystem]: Drag cubes not found or cannot be read for part Part. Generating New drag cubes.
[LOG 21:50:04.435] [KSPCF/DragCubeGeneration] Creating drag cubes for part 'probeStackLarge'
[LOG 21:50:04.441] PartLoader: Compiling Part 'Squad/Parts/Command/probeStackSmall/probeStackSmall/probeStackSmall'
[LOG 21:50:04.448] PartLoader: Part 'Squad/Parts/Command/probeStackSmall/probeStackSmall/probeStackSmall' has no database record. Creating.
[LOG 21:50:04.448] [DragCubeSystem]: Drag cubes not found or cannot be read for part Part. Generating New drag cubes.
[LOG 21:50:04.448] [KSPCF/DragCubeGeneration] Creating drag cubes for part 'probeStackSmall'
[LOG 21:50:04.454] PartLoader: Compiling Part 'Squad/Parts/Command/probeStackSphere_v2/probeStackSphere_v2/probeCoreSphere_v2'
[LOG 21:50:04.459] PartLoader: Part 'Squad/Parts/Command/probeStackSphere_v2/probeStackSphere_v2/probeCoreSphere_v2' has no database record. Creating.
[LOG 21:50:04.460] PartLoader: Compiling Part 'Squad/Parts/CompoundParts/FuelLine/fuelLine/fuelLine'
[LOG 21:50:04.476] PartLoader: Part 'Squad/Parts/CompoundParts/FuelLine/fuelLine/fuelLine' has no database record. Creating.
[LOG 21:50:04.476] [DragCubeSystem]: Drag cubes not found or cannot be read for part CompoundPart. Generating New drag cubes.
[LOG 21:50:04.476] [KSPCF/DragCubeGeneration] Creating drag cubes for part 'fuelLine'
[LOG 21:50:04.482] PartLoader: Compiling Part 'Squad/Parts/CompoundParts/strutConnector/strutConnector/strutConnector'
[LOG 21:50:04.487] PartLoader: Part 'Squad/Parts/CompoundParts/strutConnector/strutConnector/strutConnector' has no database record. Creating.
[LOG 21:50:04.487] [DragCubeSystem]: Drag cubes not found or cannot be read for part CompoundPart. Generating New drag cubes.
[LOG 21:50:04.487] [KSPCF/DragCubeGeneration] Creating drag cubes for part 'strutConnector'
[LOG 21:50:04.493] PartLoader: Compiling Part 'Squad/Parts/Coupling/Decoupler_0/Decoupler_0'
[LOG 21:50:04.498] PartLoader: Part 'Squad/Parts/Coupling/Decoupler_0/Decoupler_0' has no database record. Creating.
[LOG 21:50:04.498] PartLoader: Compiling Part 'Squad/Parts/Coupling/Decoupler_1/Decoupler_1'
[LOG 21:50:04.501] PartLoader: Part 'Squad/Parts/Coupling/Decoupler_1/Decoupler_1' has no database record. Creating.
[LOG 21:50:04.502] PartLoader: Compiling Part 'Squad/Parts/Coupling/Decoupler_2/Decoupler_2'
[LOG 21:50:04.507] PartLoader: Part 'Squad/Parts/Coupling/Decoupler_2/Decoupler_2' has no database record. Creating.
[LOG 21:50:04.507] PartLoader: Compiling Part 'Squad/Parts/Coupling/Decoupler_3/Decoupler_3'
[LOG 21:50:04.510] PartLoader: Part 'Squad/Parts/Coupling/Decoupler_3/Decoupler_3' has no database record. Creating.
[LOG 21:50:04.511] PartLoader: Compiling Part 'Squad/Parts/Coupling/Separator_0/Separator_0'
[LOG 21:50:04.515] PartLoader: Part 'Squad/Parts/Coupling/Separator_0/Separator_0' has no database record. Creating.
[LOG 21:50:04.516] PartLoader: Compiling Part 'Squad/Parts/Coupling/Separator_1/Separator_1'
[LOG 21:50:04.519] PartLoader: Part 'Squad/Parts/Coupling/Separator_1/Separator_1' has no database record. Creating.
[LOG 21:50:04.519] PartLoader: Compiling Part 'Squad/Parts/Coupling/Separator_2/Separator_2'
[LOG 21:50:04.521] PartLoader: Part 'Squad/Parts/Coupling/Separator_2/Separator_2' has no database record. Creating.
[LOG 21:50:04.522] PartLoader: Compiling Part 'Squad/Parts/Coupling/Separator_3/Separator_3'
[LOG 21:50:04.524] PartLoader: Part 'Squad/Parts/Coupling/Separator_3/Separator_3' has no database record. Creating.
[LOG 21:50:04.525] PartLoader: Compiling Part 'Squad/Parts/Electrical/10CSolarPanels/OX-10C/solarPanelOX10C'
[LOG 21:50:04.532] PartLoader: Part 'Squad/Parts/Electrical/10CSolarPanels/OX-10C/solarPanelOX10C' has no database record. Creating.
[LOG 21:50:04.532] [DragCubeSystem]: Drag cubes not found or cannot be read for part Part. Generating New drag cubes.
[LOG 21:50:04.533] [KSPCF/DragCubeGeneration] Creating drag cubes for part 'solarPanelOX10C'
[LOG 21:50:04.557] PartLoader: Compiling Part 'Squad/Parts/Electrical/10CSolarPanels/SP-10C/solarPanelSP10C'
[LOG 21:50:04.561] PartLoader: Part 'Squad/Parts/Electrical/10CSolarPanels/SP-10C/solarPanelSP10C' has no database record. Creating.
[LOG 21:50:04.561] [DragCubeSystem]: Drag cubes not found or cannot be read for part Part. Generating New drag cubes.
[LOG 21:50:04.561] [KSPCF/DragCubeGeneration] Creating drag cubes for part 'solarPanelSP10C'
[LOG 21:50:04.583] PartLoader: Compiling Part 'Squad/Parts/Electrical/10LSolarPanels/OX-10L/solarPanelOX10L'
[LOG 21:50:04.587] PartLoader: Part 'Squad/Parts/Electrical/10LSolarPanels/OX-10L/solarPanelOX10L' has no database record. Creating.
[LOG 21:50:04.587] [DragCubeSystem]: Drag cubes not found or cannot be read for part Part. Generating New drag cubes.
[LOG 21:50:04.587] [KSPCF/DragCubeGeneration] Creating drag cubes for part 'solarPanelOX10L'
[LOG 21:50:04.608] PartLoader: Compiling Part 'Squad/Parts/Electrical/10LSolarPanels/SP-10L/solarPanelSP10L'
[LOG 21:50:04.612] PartLoader: Part 'Squad/Parts/Electrical/10LSolarPanels/SP-10L/solarPanelSP10L' has no database record. Creating.
[LOG 21:50:04.612] [DragCubeSystem]: Drag cubes not found or cannot be read for part Part. Generating New drag cubes.
[LOG 21:50:04.612] [KSPCF/DragCubeGeneration] Creating drag cubes for part 'solarPanelSP10L'
[LOG 21:50:04.634] PartLoader: Compiling Part 'Squad/Parts/Electrical/1x6ShroudSolarPanels/1x6ShroudSolarPanels/solarPanels2'
[LOG 21:50:04.638] PartLoader: Part 'Squad/Parts/Electrical/1x6ShroudSolarPanels/1x6ShroudSolarPanels/solarPanels2' has no database record. Creating.
[LOG 21:50:04.638] [DragCubeSystem]: Drag cubes not found or cannot be read for part Part. Generating New drag cubes.
[LOG 21:50:04.638] [KSPCF/DragCubeGeneration] Creating drag cubes for part 'solarPanels2'
[LOG 21:50:04.659] PartLoader: Compiling Part 'Squad/Parts/Electrical/1x6SolarPanels/1x6SolarPanels/solarPanels4'
[LOG 21:50:04.662] PartLoader: Part 'Squad/Parts/Electrical/1x6SolarPanels/1x6SolarPanels/solarPanels4' has no database record. Creating.
[LOG 21:50:04.662] [DragCubeSystem]: Drag cubes not found or cannot be read for part Part. Generating New drag cubes.
[LOG 21:50:04.662] [KSPCF/DragCubeGeneration] Creating drag cubes for part 'solarPanels4'
[LOG 21:50:04.682] PartLoader: Compiling Part 'Squad/Parts/Electrical/3x2ShroudSolarPanels/3x2ShroudSolarPanels/solarPanels1'
[LOG 21:50:04.685] PartLoader: Part 'Squad/Parts/Electrical/3x2ShroudSolarPanels/3x2ShroudSolarPanels/solarPanels1' has no database record. Creating.
[LOG 21:50:04.685] [DragCubeSystem]: Drag cubes not found or cannot be read for part Part. Generating New drag cubes.
[LOG 21:50:04.685] [KSPCF/DragCubeGeneration] Creating drag cubes for part 'solarPanels1'
[LOG 21:50:04.704] PartLoader: Compiling Part 'Squad/Parts/Electrical/3x2SolarPanels/3x2SolarPanels/solarPanels3'
[LOG 21:50:04.707] PartLoader: Part 'Squad/Parts/Electrical/3x2SolarPanels/3x2SolarPanels/solarPanels3' has no database record. Creating.
[LOG 21:50:04.707] [DragCubeSystem]: Drag cubes not found or cannot be read for part Part. Generating New drag cubes.
[LOG 21:50:04.707] [KSPCF/DragCubeGeneration] Creating drag cubes for part 'solarPanels3'
[LOG 21:50:04.726] PartLoader: Compiling Part 'Squad/Parts/Electrical/gigantorXlSolarArray/gigantorXlSolarArray/largeSolarPanel'
[LOG 21:50:04.728] PartLoader: Part 'Squad/Parts/Electrical/gigantorXlSolarArray/gigantorXlSolarArray/largeSolarPanel' has no database record. Creating.
[LOG 21:50:04.728] [DragCubeSystem]: Drag cubes not found or cannot be read for part Part. Generating New drag cubes.
[LOG 21:50:04.728] [KSPCF/DragCubeGeneration] Creating drag cubes for part 'largeSolarPanel'
[LOG 21:50:04.746] PartLoader: Compiling Part 'Squad/Parts/Electrical/radialFlatSolarPanel/radialFlatSolarPanel/solarPanels5'
[LOG 21:50:04.749] PartLoader: Part 'Squad/Parts/Electrical/radialFlatSolarPanel/radialFlatSolarPanel/solarPanels5' has no database record. Creating.
[LOG 21:50:04.749] [DragCubeSystem]: Drag cubes not found or cannot be read for part Part. Generating New drag cubes.
[LOG 21:50:04.749] [KSPCF/DragCubeGeneration] Creating drag cubes for part 'solarPanels5'
[LOG 21:50:04.757] PartLoader: Compiling Part 'Squad/Parts/Electrical/RTG/RTG/rtg'
[LOG 21:50:04.764] PartLoader: Part 'Squad/Parts/Electrical/RTG/RTG/rtg' has no database record. Creating.
[LOG 21:50:04.764] [DragCubeSystem]: Drag cubes not found or cannot be read for part Part. Generating New drag cubes.
[LOG 21:50:04.764] [KSPCF/DragCubeGeneration] Creating drag cubes for part 'rtg'
[LOG 21:50:04.771] PartLoader: Compiling Part 'Squad/Parts/Electrical/z-100Battery/z-100Battery/batteryPack'
[LOG 21:50:04.775] PartLoader: Part 'Squad/Parts/Electrical/z-100Battery/z-100Battery/batteryPack' has no database record. Creating.
[LOG 21:50:04.775] [DragCubeSystem]: Drag cubes not found or cannot be read for part Part. Generating New drag cubes.
[LOG 21:50:04.775] [KSPCF/DragCubeGeneration] Creating drag cubes for part 'batteryPack'
[LOG 21:50:04.781] PartLoader: Compiling Part 'Squad/Parts/Electrical/z-1kBattery/z-1kBattery/batteryBank'
[LOG 21:50:04.782] PartLoader: Part 'Squad/Parts/Electrical/z-1kBattery/z-1kBattery/batteryBank' has no database record. Creating.
[LOG 21:50:04.782] [DragCubeSystem]: Drag cubes not found or cannot be read for part Part. Generating New drag cubes.
[LOG 21:50:04.782] [KSPCF/DragCubeGeneration] Creating drag cubes for part 'batteryBank'
[LOG 21:50:04.787] PartLoader: Compiling Part 'Squad/Parts/Electrical/z-200Battery/z-200Battery/batteryBankMini'
[LOG 21:50:04.790] PartLoader: Part 'Squad/Parts/Electrical/z-200Battery/z-200Battery/batteryBankMini' has no database record. Creating.
[LOG 21:50:04.790] [DragCubeSystem]: Drag cubes not found or cannot be read for part Part. Generating New drag cubes.
[LOG 21:50:04.790] [KSPCF/DragCubeGeneration] Creating drag cubes for part 'batteryBankMini'
[LOG 21:50:04.795] PartLoader: Compiling Part 'Squad/Parts/Electrical/z-400Battery/z-400Battery/ksp_r_largeBatteryPack'
[LOG 21:50:04.796] PartLoader: Part 'Squad/Parts/Electrical/z-400Battery/z-400Battery/ksp_r_largeBatteryPack' has no database record. Creating.
[LOG 21:50:04.796] [DragCubeSystem]: Drag cubes not found or cannot be read for part Part. Generating New drag cubes.
[LOG 21:50:04.796] [KSPCF/DragCubeGeneration] Creating drag cubes for part 'ksp.r.largeBatteryPack'
[LOG 21:50:04.800] PartLoader: Compiling Part 'Squad/Parts/Electrical/z-4kBattery/z-4kBattery/batteryBankLarge'
[LOG 21:50:04.801] PartLoader: Part 'Squad/Parts/Electrical/z-4kBattery/z-4kBattery/batteryBankLarge' has no database record. Creating.
[LOG 21:50:04.801] [DragCubeSystem]: Drag cubes not found or cannot be read for part Part. Generating New drag cubes.
[LOG 21:50:04.802] [KSPCF/DragCubeGeneration] Creating drag cubes for part 'batteryBankLarge'
[LOG 21:50:04.805] PartLoader: Compiling Part 'Squad/Parts/Engine/ionEngine/ionEngine/ionEngine'
[LOG 21:50:04.818] PartLoader: Part 'Squad/Parts/Engine/ionEngine/ionEngine/ionEngine' has no database record. Creating.
[LOG 21:50:04.819] [DragCubeSystem]: Drag cubes not found or cannot be read for part Part. Generating New drag cubes.
[LOG 21:50:04.819] [KSPCF/DragCubeGeneration] Creating drag cubes for part 'ionEngine'
[LOG 21:50:04.827] PartLoader: Compiling Part 'Squad/Parts/Engine/jetEngines/jetEngineAfterburning/turboJet'
[LOG 21:50:04.845] PartLoader: Part 'Squad/Parts/Engine/jetEngines/jetEngineAfterburning/turboJet' has no database record. Creating.
[LOG 21:50:04.845] [DragCubeSystem]: Drag cubes not found or cannot be read for part Part. Generating New drag cubes.
[LOG 21:50:04.846] [KSPCF/DragCubeGeneration] Creating drag cubes for part 'turboJet'
[LOG 21:50:04.854] PartLoader: Compiling Part 'Squad/Parts/Engine/jetEngines/jetEngineBasic/JetEngine'
[LOG 21:50:04.859] PartLoader: Part 'Squad/Parts/Engine/jetEngines/jetEngineBasic/JetEngine' has no database record. Creating.
[LOG 21:50:04.859] [DragCubeSystem]: Drag cubes not found or cannot be read for part Part. Generating New drag cubes.
[LOG 21:50:04.860] [KSPCF/DragCubeGeneration] Creating drag cubes for part 'JetEngine'
[LOG 21:50:04.874] PartLoader: Compiling Part 'Squad/Parts/Engine/jetEngines/jetEngineBig/turboFanSize2'
[LOG 21:50:04.880] PartLoader: Part 'Squad/Parts/Engine/jetEngines/jetEngineBig/turboFanSize2' has no database record. Creating.
[LOG 21:50:04.880] [DragCubeSystem]: Drag cubes not found or cannot be read for part Part. Generating New drag cubes.
[LOG 21:50:04.880] [KSPCF/DragCubeGeneration] Creating drag cubes for part 'turboFanSize2'
[LOG 21:50:04.895] PartLoader: Compiling Part 'Squad/Parts/Engine/jetEngines/jetEngineTurbo/turboFanEngine'
[LOG 21:50:04.900] PartLoader: Part 'Squad/Parts/Engine/jetEngines/jetEngineTurbo/turboFanEngine' has no database record. Creating.
[LOG 21:50:04.900] [DragCubeSystem]: Drag cubes not found or cannot be read for part Part. Generating New drag cubes.
[LOG 21:50:04.900] [KSPCF/DragCubeGeneration] Creating drag cubes for part 'turboFanEngine'
[LOG 21:50:04.905] PartLoader: Compiling Part 'Squad/Parts/Engine/liquidEngine24-77/liquidEngine24-77/smallRadialEngine'
[LOG 21:50:04.909] PartLoader: Part 'Squad/Parts/Engine/liquidEngine24-77/liquidEngine24-77/smallRadialEngine' has no database record. Creating.
[LOG 21:50:04.909] [DragCubeSystem]: Drag cubes not found or cannot be read for part Part. Generating New drag cubes.
[LOG 21:50:04.909] [KSPCF/DragCubeGeneration] Creating drag cubes for part 'smallRadialEngine'
[LOG 21:50:04.914] PartLoader: Compiling Part 'Squad/Parts/Engine/liquidEngine24-77_v2/liquidEngine24-77_v2/smallRadialEngine_v2'
[LOG 21:50:04.918] PartLoader: Part 'Squad/Parts/Engine/liquidEngine24-77_v2/liquidEngine24-77_v2/smallRadialEngine_v2' has no database record. Creating.
[LOG 21:50:04.918] [DragCubeSystem]: Drag cubes not found or cannot be read for part Part. Generating New drag cubes.
[LOG 21:50:04.918] [KSPCF/DragCubeGeneration] Creating drag cubes for part 'smallRadialEngine.v2'
[LOG 21:50:04.925] PartLoader: Compiling Part 'Squad/Parts/Engine/liquidEngine48-7S_v2/liquidEngine48-7S_v2/liquidEngineMini_v2'
[LOG 21:50:04.930] PartLoader: Part 'Squad/Parts/Engine/liquidEngine48-7S_v2/liquidEngine48-7S_v2/liquidEngineMini_v2' has no database record. Creating.
[LOG 21:50:04.931] [DragCubeSystem]: Drag cubes not found or cannot be read for part Part. Generating New drag cubes.
[LOG 21:50:04.931] [KSPCF/DragCubeGeneration] Creating drag cubes for part 'liquidEngineMini.v2'
[LOG 21:50:04.963] PartLoader: Compiling Part 'Squad/Parts/Engine/liquidEngineAerospike/liquidEngineAerospike/toroidalAerospike'
[LOG 21:50:04.983] PartLoader: Part 'Squad/Parts/Engine/liquidEngineAerospike/liquidEngineAerospike/toroidalAerospike' has no database record. Creating.
[LOG 21:50:04.983] [DragCubeSystem]: Drag cubes not found or cannot be read for part Part. Generating New drag cubes.
[LOG 21:50:04.983] [KSPCF/DragCubeGeneration] Creating drag cubes for part 'toroidalAerospike'
[LOG 21:50:04.999] PartLoader: Compiling Part 'Squad/Parts/Engine/liquidEngineLV-1_v2/liquidEngineLV-1R _v2/radialEngineMini_v2'
[LOG 21:50:05.004] PartLoader: Part 'Squad/Parts/Engine/liquidEngineLV-1_v2/liquidEngineLV-1R _v2/radialEngineMini_v2' has no database record. Creating.
[LOG 21:50:05.004] [DragCubeSystem]: Drag cubes not found or cannot be read for part Part. Generating New drag cubes.
[LOG 21:50:05.004] [KSPCF/DragCubeGeneration] Creating drag cubes for part 'radialEngineMini.v2'
[LOG 21:50:05.021] PartLoader: Compiling Part 'Squad/Parts/Engine/liquidEngineLV-1_v2/liquidEngineLV-1_v2/microEngine_v2'
[LOG 21:50:05.024] PartLoader: Part 'Squad/Parts/Engine/liquidEngineLV-1_v2/liquidEngineLV-1_v2/microEngine_v2' has no database record. Creating.
[LOG 21:50:05.024] [DragCubeSystem]: Drag cubes not found or cannot be read for part Part. Generating New drag cubes.
[LOG 21:50:05.024] [KSPCF/DragCubeGeneration] Creating drag cubes for part 'microEngine.v2'
[LOG 21:50:05.040] PartLoader: Compiling Part 'Squad/Parts/Engine/liquidEngineLV-909_v2/liquidEngineLV-909_v2/liquidEngine3_v2'
[LOG 21:50:05.046] PartLoader: Part 'Squad/Parts/Engine/liquidEngineLV-909_v2/liquidEngineLV-909_v2/liquidEngine3_v2' has no database record. Creating.
[LOG 21:50:05.046] [DragCubeSystem]: Drag cubes not found or cannot be read for part Part. Generating New drag cubes.
[LOG 21:50:05.046] [KSPCF/DragCubeGeneration] Creating drag cubes for part 'liquidEngine3.v2'
[LOG 21:50:05.081] PartLoader: Compiling Part 'Squad/Parts/Engine/liquidEngineLV-N/liquidEngineLV-N/nuclearEngine'
[LOG 21:50:05.090] PartLoader: Part 'Squad/Parts/Engine/liquidEngineLV-N/liquidEngineLV-N/nuclearEngine' has no database record. Creating.
[LOG 21:50:05.090] [DragCubeSystem]: Drag cubes not found or cannot be read for part Part. Generating New drag cubes.
[LOG 21:50:05.090] [KSPCF/DragCubeGeneration] Part 'nuclearEngine' has defined a procedural drag cube setup
[LOG 21:50:05.091] PartLoader: Compiling Part 'Squad/Parts/Engine/liquidEngineLV-T30/liquidEngineLV-T30/liquidEngine'
[LOG 21:50:05.096] PartLoader: Part 'Squad/Parts/Engine/liquidEngineLV-T30/liquidEngineLV-T30/liquidEngine' has no database record. Creating.
[LOG 21:50:05.096] [DragCubeSystem]: Drag cubes not found or cannot be read for part Part. Generating New drag cubes.
[LOG 21:50:05.096] [KSPCF/DragCubeGeneration] Creating drag cubes for part 'liquidEngine'
[LOG 21:50:05.113] PartLoader: Compiling Part 'Squad/Parts/Engine/liquidEngineLV-T30_v2/liquidEngineLV-T30_v2/liquidEngine_v2'
[LOG 21:50:05.120] PartLoader: Part 'Squad/Parts/Engine/liquidEngineLV-T30_v2/liquidEngineLV-T30_v2/liquidEngine_v2' has no database record. Creating.
[LOG 21:50:05.121] PartLoader: Compiling Part 'Squad/Parts/Engine/liquidEngineLV-T45/liquidEngineLV-T45/liquidEngine2'
[LOG 21:50:05.127] PartLoader: Part 'Squad/Parts/Engine/liquidEngineLV-T45/liquidEngineLV-T45/liquidEngine2' has no database record. Creating.
[LOG 21:50:05.127] [DragCubeSystem]: Drag cubes not found or cannot be read for part Part. Generating New drag cubes.
[LOG 21:50:05.127] [KSPCF/DragCubeGeneration] Creating drag cubes for part 'liquidEngine2'
[LOG 21:50:05.148] PartLoader: Compiling Part 'Squad/Parts/Engine/liquidEngineLV-T45_v2/liquidEngineLV-T45_v2/liquidEngine2_v2'
[LOG 21:50:05.155] PartLoader: Part 'Squad/Parts/Engine/liquidEngineLV-T45_v2/liquidEngineLV-T45_v2/liquidEngine2_v2' has no database record. Creating.
[LOG 21:50:05.156] PartLoader: Compiling Part 'Squad/Parts/Engine/liquidEngineMainsail_v2/liquidEngineMainsail_v2/liquidEngineMainsail_v2'
[LOG 21:50:05.170] PartLoader: Part 'Squad/Parts/Engine/liquidEngineMainsail_v2/liquidEngineMainsail_v2/liquidEngineMainsail_v2' has no database record. Creating.
[LOG 21:50:05.170] [DragCubeSystem]: Drag cubes not found or cannot be read for part Part. Generating New drag cubes.
[LOG 21:50:05.170] [KSPCF/DragCubeGeneration] Creating drag cubes for part 'liquidEngineMainsail.v2'
[LOG 21:50:05.206] PartLoader: Compiling Part 'Squad/Parts/Engine/liquidEngineMk55/liquidEngineMk55/radialLiquidEngine1-2'
[LOG 21:50:05.214] PartLoader: Part 'Squad/Parts/Engine/liquidEngineMk55/liquidEngineMk55/radialLiquidEngine1-2' has no database record. Creating.
[LOG 21:50:05.214] [DragCubeSystem]: Drag cubes not found or cannot be read for part Part. Generating New drag cubes.
[LOG 21:50:05.214] [KSPCF/DragCubeGeneration] Creating drag cubes for part 'radialLiquidEngine1-2'
[LOG 21:50:05.219] PartLoader: Compiling Part 'Squad/Parts/Engine/liquidEnginePoodle_v2/liquidEnginePoodle_v2/liquidEngine2-2_v2'
[LOG 21:50:05.225] PartLoader: Part 'Squad/Parts/Engine/liquidEnginePoodle_v2/liquidEnginePoodle_v2/liquidEngine2-2_v2' has no database record. Creating.
[LOG 21:50:05.226] PartLoader: Compiling Part 'Squad/Parts/Engine/liquidEngineSkipper_v2/skipperLiquidEngine_v2/engineLargeSkipper_v2'
[LOG 21:50:05.232] PartLoader: Part 'Squad/Parts/Engine/liquidEngineSkipper_v2/skipperLiquidEngine_v2/engineLargeSkipper_v2' has no database record. Creating.
[LOG 21:50:05.232] [DragCubeSystem]: Drag cubes not found or cannot be read for part Part. Generating New drag cubes.
[LOG 21:50:05.232] [KSPCF/DragCubeGeneration] Creating drag cubes for part 'engineLargeSkipper.v2'
[LOG 21:50:05.265] PartLoader: Compiling Part 'Squad/Parts/Engine/liquidEngineSSME/SSME/SSME'
[LOG 21:50:05.270] PartLoader: Part 'Squad/Parts/Engine/liquidEngineSSME/SSME/SSME' has no database record. Creating.
[LOG 21:50:05.271] [DragCubeSystem]: Drag cubes not found or cannot be read for part Part. Generating New drag cubes.
[LOG 21:50:05.271] [KSPCF/DragCubeGeneration] Creating drag cubes for part 'SSME'
[LOG 21:50:05.286] PartLoader: Compiling Part 'Squad/Parts/Engine/MassiveSRB/part/MassiveBooster'
[LOG 21:50:05.292] PartLoader: Part 'Squad/Parts/Engine/MassiveSRB/part/MassiveBooster' has no database record. Creating.
[LOG 21:50:05.292] [DragCubeSystem]: Drag cubes not found or cannot be read for part Part. Generating New drag cubes.
[LOG 21:50:05.292] [KSPCF/DragCubeGeneration] Creating drag cubes for part 'MassiveBooster'
[LOG 21:50:05.297] PartLoader: Compiling Part 'Squad/Parts/Engine/miniJet/SmallJetEngine/miniJetEngine'
[LOG 21:50:05.301] PartLoader: Part 'Squad/Parts/Engine/miniJet/SmallJetEngine/miniJetEngine' has no database record. Creating.
[LOG 21:50:05.301] [DragCubeSystem]: Drag cubes not found or cannot be read for part Part. Generating New drag cubes.
[LOG 21:50:05.301] [KSPCF/DragCubeGeneration] Creating drag cubes for part 'miniJetEngine'
[LOG 21:50:05.307] PartLoader: Compiling Part 'Squad/Parts/Engine/OMSEngine/omsEngine/omsEngine'
[LOG 21:50:05.310] PartLoader: Part 'Squad/Parts/Engine/OMSEngine/omsEngine/omsEngine' has no database record. Creating.
[LOG 21:50:05.310] [DragCubeSystem]: Drag cubes not found or cannot be read for part Part. Generating New drag cubes.
[LOG 21:50:05.310] [KSPCF/DragCubeGeneration] Creating drag cubes for part 'omsEngine'
[LOG 21:50:05.317] PartLoader: Compiling Part 'Squad/Parts/Engine/rapierEngine/rapierEngine/RAPIER'
[LOG 21:50:05.322] PartLoader: Part 'Squad/Parts/Engine/rapierEngine/rapierEngine/RAPIER' has no database record. Creating.
[LOG 21:50:05.322] [DragCubeSystem]: Drag cubes not found or cannot be read for part Part. Generating New drag cubes.
[LOG 21:50:05.322] [KSPCF/DragCubeGeneration] Creating drag cubes for part 'RAPIER'
[LOG 21:50:05.328] PartLoader: Compiling Part 'Squad/Parts/Engine/Size1_SRBs/solidBoosterRT-10_v2/solidBooster_v2'
[LOG 21:50:05.341] PartLoader: Part 'Squad/Parts/Engine/Size1_SRBs/solidBoosterRT-10_v2/solidBooster_v2' has no database record. Creating.
[LOG 21:50:05.341] [DragCubeSystem]: Drag cubes not found or cannot be read for part Part. Generating New drag cubes.
[LOG 21:50:05.341] [KSPCF/DragCubeGeneration] Creating drag cubes for part 'solidBooster.v2'
[LOG 21:50:05.357] PartLoader: Compiling Part 'Squad/Parts/Engine/Size1_SRBs/solidBoosterRT-5_v2/solidBooster_sm_v2'
[LOG 21:50:05.361] PartLoader: Part 'Squad/Parts/Engine/Size1_SRBs/solidBoosterRT-5_v2/solidBooster_sm_v2' has no database record. Creating.
[LOG 21:50:05.361] [DragCubeSystem]: Drag cubes not found or cannot be read for part Part. Generating New drag cubes.
[LOG 21:50:05.361] [KSPCF/DragCubeGeneration] Creating drag cubes for part 'solidBooster.sm.v2'
[LOG 21:50:05.378] PartLoader: Compiling Part 'Squad/Parts/Engine/Size2LFB/part/Size2LFB'
[LOG 21:50:05.382] PartLoader: Part 'Squad/Parts/Engine/Size2LFB/part/Size2LFB' has no database record. Creating.
[LOG 21:50:05.382] [DragCubeSystem]: Drag cubes not found or cannot be read for part Part. Generating New drag cubes.
[LOG 21:50:05.382] [KSPCF/DragCubeGeneration] Creating drag cubes for part 'Size2LFB'
[LOG 21:50:05.388] PartLoader: Compiling Part 'Squad/Parts/Engine/Size2LFB_v2/part/Size2LFB_v2'
[LOG 21:50:05.392] PartLoader: Part 'Squad/Parts/Engine/Size2LFB_v2/part/Size2LFB_v2' has no database record. Creating.
[LOG 21:50:05.393] [DragCubeSystem]: Drag cubes not found or cannot be read for part Part. Generating New drag cubes.
[LOG 21:50:05.393] [KSPCF/DragCubeGeneration] Creating drag cubes for part 'Size2LFB.v2'
[LOG 21:50:05.398] PartLoader: Compiling Part 'Squad/Parts/Engine/Size3AdvancedEngine/part/Size3AdvancedEngine'
[LOG 21:50:05.403] PartLoader: Part 'Squad/Parts/Engine/Size3AdvancedEngine/part/Size3AdvancedEngine' has no database record. Creating.
[LOG 21:50:05.403] [DragCubeSystem]: Drag cubes not found or cannot be read for part Part. Generating New drag cubes.
[LOG 21:50:05.403] [KSPCF/DragCubeGeneration] Creating drag cubes for part 'Size3AdvancedEngine'
[LOG 21:50:05.419] PartLoader: Compiling Part 'Squad/Parts/Engine/Size3EngineCluster/part/Size3EngineCluster'
[LOG 21:50:05.424] PartLoader: Part 'Squad/Parts/Engine/Size3EngineCluster/part/Size3EngineCluster' has no database record. Creating.
[LOG 21:50:05.424] [DragCubeSystem]: Drag cubes not found or cannot be read for part Part. Generating New drag cubes.
[LOG 21:50:05.424] [KSPCF/DragCubeGeneration] Creating drag cubes for part 'Size3EngineCluster'
[LOG 21:50:05.430] PartLoader: Compiling Part 'Squad/Parts/Engine/solidBoosterBACC/solidBoosterBACC/solidBooster1-1'
[LOG 21:50:05.434] PartLoader: Part 'Squad/Parts/Engine/solidBoosterBACC/solidBoosterBACC/solidBooster1-1' has no database record. Creating.
[LOG 21:50:05.434] [DragCubeSystem]: Drag cubes not found or cannot be read for part Part. Generating New drag cubes.
[LOG 21:50:05.434] [KSPCF/DragCubeGeneration] Creating drag cubes for part 'solidBooster1-1'
[LOG 21:50:05.439] PartLoader: Compiling Part 'Squad/Parts/Engine/solidBoosterS2-17/solidBoosterS2-17/Thoroughbred'
[LOG 21:50:05.453] PartLoader: Part 'Squad/Parts/Engine/solidBoosterS2-17/solidBoosterS2-17/Thoroughbred' has no database record. Creating.
[LOG 21:50:05.453] [DragCubeSystem]: Drag cubes not found or cannot be read for part Part. Generating New drag cubes.
[LOG 21:50:05.453] [KSPCF/DragCubeGeneration] Creating drag cubes for part 'Thoroughbred'
[LOG 21:50:05.461] PartLoader: Compiling Part 'Squad/Parts/Engine/solidBoosterS2-33/solidBoosterS2-33/Clydesdale'
[LOG 21:50:05.465] PartLoader: Part 'Squad/Parts/Engine/solidBoosterS2-33/solidBoosterS2-33/Clydesdale' has no database record. Creating.
[LOG 21:50:05.465] [DragCubeSystem]: Drag cubes not found or cannot be read for part Part. Generating New drag cubes.
[LOG 21:50:05.465] [KSPCF/DragCubeGeneration] Creating drag cubes for part 'Clydesdale'
[LOG 21:50:05.471] PartLoader: Compiling Part 'Squad/Parts/Engine/solidBoosterSep/solidBoosterSep/sepMotor1'
[LOG 21:50:05.474] [ModuleCargoPart]: Setting stackableQuantity to 1 as sepMotor1 contains resources
[LOG 21:50:05.476] PartLoader: Part 'Squad/Parts/Engine/solidBoosterSep/solidBoosterSep/sepMotor1' has no database record. Creating.
[LOG 21:50:05.476] [DragCubeSystem]: Drag cubes not found or cannot be read for part Part. Generating New drag cubes.
[LOG 21:50:05.476] [KSPCF/DragCubeGeneration] Creating drag cubes for part 'sepMotor1'
[LOG 21:50:05.481] PartLoader: Compiling Part 'Squad/Parts/Engine/SolidBoostersF/SolidBoosterF3S0/Shrimp'
[LOG 21:50:05.487] PartLoader: Part 'Squad/Parts/Engine/SolidBoostersF/SolidBoosterF3S0/Shrimp' has no database record. Creating.
[LOG 21:50:05.487] [DragCubeSystem]: Drag cubes not found or cannot be read for part Part. Generating New drag cubes.
[LOG 21:50:05.487] [KSPCF/DragCubeGeneration] Creating drag cubes for part 'Shrimp'
[LOG 21:50:05.493] PartLoader: Compiling Part 'Squad/Parts/Engine/SolidBoostersF/SolidBoosterFM1/Mite'
[LOG 21:50:05.498] PartLoader: Part 'Squad/Parts/Engine/SolidBoostersF/SolidBoosterFM1/Mite' has no database record. Creating.
[LOG 21:50:05.498] [DragCubeSystem]: Drag cubes not found or cannot be read for part Part. Generating New drag cubes.
[LOG 21:50:05.498] [KSPCF/DragCubeGeneration] Creating drag cubes for part 'Mite'
[LOG 21:50:05.502] PartLoader: Compiling Part 'Squad/Parts/FuelTank/adapterTanks/Mk3-Mk2/adapterMk3-Mk2'
[LOG 21:50:05.504] PartLoader: Part 'Squad/Parts/FuelTank/adapterTanks/Mk3-Mk2/adapterMk3-Mk2' has no database record. Creating.
[LOG 21:50:05.504] [DragCubeSystem]: Drag cubes not found or cannot be read for part Part. Generating New drag cubes.
[LOG 21:50:05.504] [KSPCF/DragCubeGeneration] Creating drag cubes for part 'adapterMk3-Mk2'
[LOG 21:50:05.508] PartLoader: Compiling Part 'Squad/Parts/FuelTank/adapterTanks/Mk3-ShuttleAdapter/adapterEngines'
[LOG 21:50:05.510] PartLoader: Part 'Squad/Parts/FuelTank/adapterTanks/Mk3-ShuttleAdapter/adapterEngines' has no database record. Creating.
[LOG 21:50:05.510] [DragCubeSystem]: Drag cubes not found or cannot be read for part Part. Generating New drag cubes.
[LOG 21:50:05.510] [KSPCF/DragCubeGeneration] Creating drag cubes for part 'adapterEngines'
[LOG 21:50:05.515] PartLoader: Compiling Part 'Squad/Parts/FuelTank/adapterTanks/Mk3-Size2/adapterMk3-Size2'
[LOG 21:50:05.516] PartLoader: Part 'Squad/Parts/FuelTank/adapterTanks/Mk3-Size2/adapterMk3-Size2' has no database record. Creating.
[LOG 21:50:05.516] [DragCubeSystem]: Drag cubes not found or cannot be read for part Part. Generating New drag cubes.
[LOG 21:50:05.516] [KSPCF/DragCubeGeneration] Creating drag cubes for part 'adapterMk3-Size2'
[LOG 21:50:05.521] PartLoader: Compiling Part 'Squad/Parts/FuelTank/adapterTanks/Mk3-Size2Slant/adapterMk3-Size2Slant'
[LOG 21:50:05.522] PartLoader: Part 'Squad/Parts/FuelTank/adapterTanks/Mk3-Size2Slant/adapterMk3-Size2Slant' has no database record. Creating.
[LOG 21:50:05.522] [DragCubeSystem]: Drag cubes not found or cannot be read for part Part. Generating New drag cubes.
[LOG 21:50:05.522] [KSPCF/DragCubeGeneration] Creating drag cubes for part 'adapterMk3-Size2Slant'
[LOG 21:50:05.527] PartLoader: Compiling Part 'Squad/Parts/FuelTank/adapterTanks/Size2-Mk2/adapterSize2-Mk2'
[LOG 21:50:05.528] PartLoader: Part 'Squad/Parts/FuelTank/adapterTanks/Size2-Mk2/adapterSize2-Mk2' has no database record. Creating.
[LOG 21:50:05.528] [DragCubeSystem]: Drag cubes not found or cannot be read for part Part. Generating New drag cubes.
[LOG 21:50:05.528] [KSPCF/DragCubeGeneration] Creating drag cubes for part 'adapterSize2-Mk2'
[LOG 21:50:05.532] PartLoader: Compiling Part 'Squad/Parts/FuelTank/adapterTanks/Size2-Size1/adapterSize2-Size1'
[LOG 21:50:05.533] PartLoader: Part 'Squad/Parts/FuelTank/adapterTanks/Size2-Size1/adapterSize2-Size1' has no database record. Creating.
[LOG 21:50:05.533] [DragCubeSystem]: Drag cubes not found or cannot be read for part Part. Generating New drag cubes.
[LOG 21:50:05.533] [KSPCF/DragCubeGeneration] Creating drag cubes for part 'adapterSize2-Size1'
[LOG 21:50:05.538] PartLoader: Compiling Part 'Squad/Parts/FuelTank/adapterTanks/Size2-Size1Slant/adapterSize2-Size1Slant'
[LOG 21:50:05.539] PartLoader: Part 'Squad/Parts/FuelTank/adapterTanks/Size2-Size1Slant/adapterSize2-Size1Slant' has no database record. Creating.
[LOG 21:50:05.539] [DragCubeSystem]: Drag cubes not found or cannot be read for part Part. Generating New drag cubes.
[LOG 21:50:05.539] [KSPCF/DragCubeGeneration] Creating drag cubes for part 'adapterSize2-Size1Slant'
[LOG 21:50:05.544] PartLoader: Compiling Part 'Squad/Parts/FuelTank/adapterTanks/Size3-Mk3/adapterSize3-Mk3'
[LOG 21:50:05.545] PartLoader: Part 'Squad/Parts/FuelTank/adapterTanks/Size3-Mk3/adapterSize3-Mk3' has no database record. Creating.
[LOG 21:50:05.545] [DragCubeSystem]: Drag cubes not found or cannot be read for part Part. Generating New drag cubes.
[LOG 21:50:05.545] [KSPCF/DragCubeGeneration] Creating drag cubes for part 'adapterSize3-Mk3'
[LOG 21:50:05.550] PartLoader: Compiling Part 'Squad/Parts/FuelTank/drainTankFTE-1/ReleaseValve/ReleaseValve'
[LOG 21:50:05.568] PartLoader: Part 'Squad/Parts/FuelTank/drainTankFTE-1/ReleaseValve/ReleaseValve' has no database record. Creating.
[LOG 21:50:05.568] [DragCubeSystem]: Drag cubes not found or cannot be read for part Part. Generating New drag cubes.
[LOG 21:50:05.568] [KSPCF/DragCubeGeneration] Creating drag cubes for part 'ReleaseValve'
[LOG 21:50:05.576] PartLoader: Compiling Part 'Squad/Parts/FuelTank/FoilTanks/RadialTank_Capsule/externalTankCapsule'
[LOG 21:50:05.578] PartLoader: Part 'Squad/Parts/FuelTank/FoilTanks/RadialTank_Capsule/externalTankCapsule' has no database record. Creating.
[LOG 21:50:05.578] [DragCubeSystem]: Drag cubes not found or cannot be read for part Part. Generating New drag cubes.
[LOG 21:50:05.578] [KSPCF/DragCubeGeneration] Creating drag cubes for part 'externalTankCapsule'
[LOG 21:50:05.582] PartLoader: Compiling Part 'Squad/Parts/FuelTank/FoilTanks/RadialTank_Round/externalTankRound'
[LOG 21:50:05.583] PartLoader: Part 'Squad/Parts/FuelTank/FoilTanks/RadialTank_Round/externalTankRound' has no database record. Creating.
[LOG 21:50:05.583] [DragCubeSystem]: Drag cubes not found or cannot be read for part Part. Generating New drag cubes.
[LOG 21:50:05.584] [KSPCF/DragCubeGeneration] Creating drag cubes for part 'externalTankRound'
[LOG 21:50:05.588] PartLoader: Compiling Part 'Squad/Parts/FuelTank/FoilTanks/ToroidTank/externalTankToroid'
[LOG 21:50:05.590] PartLoader: Part 'Squad/Parts/FuelTank/FoilTanks/ToroidTank/externalTankToroid' has no database record. Creating.
[LOG 21:50:05.590] [DragCubeSystem]: Drag cubes not found or cannot be read for part Part. Generating New drag cubes.
[LOG 21:50:05.590] [KSPCF/DragCubeGeneration] Creating drag cubes for part 'externalTankToroid'
[LOG 21:50:05.593] PartLoader: Compiling Part 'Squad/Parts/FuelTank/fuelTankOscarB/fuelTankOscarB/miniFuelTank'
[LOG 21:50:05.596] PartLoader: Part 'Squad/Parts/FuelTank/fuelTankOscarB/fuelTankOscarB/miniFuelTank' has no database record. Creating.
[LOG 21:50:05.596] [DragCubeSystem]: Drag cubes not found or cannot be read for part Part. Generating New drag cubes.
[LOG 21:50:05.596] [KSPCF/DragCubeGeneration] Creating drag cubes for part 'miniFuelTank'
[LOG 21:50:05.600] PartLoader: Compiling Part 'Squad/Parts/FuelTank/miniFuselage/miniFuselage/miniFuselage'
[LOG 21:50:05.602] PartLoader: Part 'Squad/Parts/FuelTank/miniFuselage/miniFuselage/miniFuselage' has no database record. Creating.
[LOG 21:50:05.602] [DragCubeSystem]: Drag cubes not found or cannot be read for part Part. Generating New drag cubes.
[LOG 21:50:05.602] [KSPCF/DragCubeGeneration] Creating drag cubes for part 'miniFuselage'
[LOG 21:50:05.608] PartLoader: Compiling Part 'Squad/Parts/FuelTank/mk2Adapters/bicoupler/mk2_1m_Bicoupler'
[LOG 21:50:05.609] PartLoader: Part 'Squad/Parts/FuelTank/mk2Adapters/bicoupler/mk2_1m_Bicoupler' has no database record. Creating.
[LOG 21:50:05.609] [DragCubeSystem]: Drag cubes not found or cannot be read for part Part. Generating New drag cubes.
[LOG 21:50:05.610] [KSPCF/DragCubeGeneration] Creating drag cubes for part 'mk2.1m.Bicoupler'
[LOG 21:50:05.615] PartLoader: Compiling Part 'Squad/Parts/FuelTank/mk2Adapters/long/mk2_1m_AdapterLong'
[LOG 21:50:05.616] PartLoader: Part 'Squad/Parts/FuelTank/mk2Adapters/long/mk2_1m_AdapterLong' has no database record. Creating.
[LOG 21:50:05.616] [DragCubeSystem]: Drag cubes not found or cannot be read for part Part. Generating New drag cubes.
[LOG 21:50:05.616] [KSPCF/DragCubeGeneration] Creating drag cubes for part 'mk2.1m.AdapterLong'
[LOG 21:50:05.621] PartLoader: Compiling Part 'Squad/Parts/FuelTank/mk2Adapters/standard/mk2SpacePlaneAdapter'
[LOG 21:50:05.622] PartLoader: Part 'Squad/Parts/FuelTank/mk2Adapters/standard/mk2SpacePlaneAdapter' has no database record. Creating.
[LOG 21:50:05.622] [DragCubeSystem]: Drag cubes not found or cannot be read for part Part. Generating New drag cubes.
[LOG 21:50:05.622] [KSPCF/DragCubeGeneration] Creating drag cubes for part 'mk2SpacePlaneAdapter'
[LOG 21:50:05.626] PartLoader: Compiling Part 'Squad/Parts/FuelTank/mk2FuselageLong/LFO_long/mk2FuselageLongLFO'
[LOG 21:50:05.628] PartLoader: Part 'Squad/Parts/FuelTank/mk2FuselageLong/LFO_long/mk2FuselageLongLFO' has no database record. Creating.
[LOG 21:50:05.628] [DragCubeSystem]: Drag cubes not found or cannot be read for part Part. Generating New drag cubes.
[LOG 21:50:05.628] [KSPCF/DragCubeGeneration] Creating drag cubes for part 'mk2FuselageLongLFO'
[LOG 21:50:05.632] PartLoader: Compiling Part 'Squad/Parts/FuelTank/mk2FuselageLong/L_long/mk2Fuselage'
[LOG 21:50:05.634] PartLoader: Part 'Squad/Parts/FuelTank/mk2FuselageLong/L_long/mk2Fuselage' has no database record. Creating.
[LOG 21:50:05.634] [DragCubeSystem]: Drag cubes not found or cannot be read for part Part. Generating New drag cubes.
[LOG 21:50:05.634] [KSPCF/DragCubeGeneration] Creating drag cubes for part 'mk2Fuselage'
[LOG 21:50:05.638] PartLoader: Compiling Part 'Squad/Parts/FuelTank/mk2FuselageShort/LFO_short/mk2FuselageShortLFO'
[LOG 21:50:05.640] PartLoader: Part 'Squad/Parts/FuelTank/mk2FuselageShort/LFO_short/mk2FuselageShortLFO' has no database record. Creating.
[LOG 21:50:05.640] [DragCubeSystem]: Drag cubes not found or cannot be read for part Part. Generating New drag cubes.
[LOG 21:50:05.640] [KSPCF/DragCubeGeneration] Creating drag cubes for part 'mk2FuselageShortLFO'
[LOG 21:50:05.644] PartLoader: Compiling Part 'Squad/Parts/FuelTank/mk2FuselageShort/L_short/mk2FuselageShortLiquid'
[LOG 21:50:05.646] PartLoader: Part 'Squad/Parts/FuelTank/mk2FuselageShort/L_short/mk2FuselageShortLiquid' has no database record. Creating.
[LOG 21:50:05.646] [DragCubeSystem]: Drag cubes not found or cannot be read for part Part. Generating New drag cubes.
[LOG 21:50:05.646] [KSPCF/DragCubeGeneration] Creating drag cubes for part 'mk2FuselageShortLiquid'
[LOG 21:50:05.650] PartLoader: Compiling Part 'Squad/Parts/FuelTank/mk2FuselageShort/Mono_short/mk2FuselageShortMono'
[LOG 21:50:05.652] PartLoader: Part 'Squad/Parts/FuelTank/mk2FuselageShort/Mono_short/mk2FuselageShortMono' has no database record. Creating.
[LOG 21:50:05.652] [DragCubeSystem]: Drag cubes not found or cannot be read for part Part. Generating New drag cubes.
[LOG 21:50:05.652] [KSPCF/DragCubeGeneration] Creating drag cubes for part 'mk2FuselageShortMono'
[LOG 21:50:05.656] PartLoader: Compiling Part 'Squad/Parts/FuelTank/mk3Fuselage/CREW/mk3CrewCabin'
[LOG 21:50:05.659] PartLoader: Part 'Squad/Parts/FuelTank/mk3Fuselage/CREW/mk3CrewCabin' has no database record. Creating.
[LOG 21:50:05.659] [DragCubeSystem]: Drag cubes not found or cannot be read for part Part. Generating New drag cubes.
[LOG 21:50:05.659] [KSPCF/DragCubeGeneration] Creating drag cubes for part 'mk3CrewCabin'
[LOG 21:50:05.664] PartLoader: Compiling Part 'Squad/Parts/FuelTank/mk3Fuselage/LFO_100/mk3FuselageLFO_100'
[LOG 21:50:05.665] PartLoader: Part 'Squad/Parts/FuelTank/mk3Fuselage/LFO_100/mk3FuselageLFO_100' has no database record. Creating.
[LOG 21:50:05.665] [DragCubeSystem]: Drag cubes not found or cannot be read for part Part. Generating New drag cubes.
[LOG 21:50:05.665] [KSPCF/DragCubeGeneration] Creating drag cubes for part 'mk3FuselageLFO.100'
[LOG 21:50:05.669] PartLoader: Compiling Part 'Squad/Parts/FuelTank/mk3Fuselage/LFO_25/mk3FuselageLFO_25'
[LOG 21:50:05.671] PartLoader: Part 'Squad/Parts/FuelTank/mk3Fuselage/LFO_25/mk3FuselageLFO_25' has no database record. Creating.
[LOG 21:50:05.671] [DragCubeSystem]: Drag cubes not found or cannot be read for part Part. Generating New drag cubes.
[LOG 21:50:05.671] [KSPCF/DragCubeGeneration] Creating drag cubes for part 'mk3FuselageLFO.25'
[LOG 21:50:05.675] PartLoader: Compiling Part 'Squad/Parts/FuelTank/mk3Fuselage/LFO_50/mk3FuselageLFO_50'
[LOG 21:50:05.678] PartLoader: Part 'Squad/Parts/FuelTank/mk3Fuselage/LFO_50/mk3FuselageLFO_50' has no database record. Creating.
[LOG 21:50:05.678] [DragCubeSystem]: Drag cubes not found or cannot be read for part Part. Generating New drag cubes.
[LOG 21:50:05.678] [KSPCF/DragCubeGeneration] Creating drag cubes for part 'mk3FuselageLFO.50'
[LOG 21:50:05.681] PartLoader: Compiling Part 'Squad/Parts/FuelTank/mk3Fuselage/LF_100/mk3FuselageLF_100'
[LOG 21:50:05.682] PartLoader: Part 'Squad/Parts/FuelTank/mk3Fuselage/LF_100/mk3FuselageLF_100' has no database record. Creating.
[LOG 21:50:05.682] [DragCubeSystem]: Drag cubes not found or cannot be read for part Part. Generating New drag cubes.
[LOG 21:50:05.682] [KSPCF/DragCubeGeneration] Creating drag cubes for part 'mk3FuselageLF.100'
[LOG 21:50:05.686] PartLoader: Compiling Part 'Squad/Parts/FuelTank/mk3Fuselage/LF_25/mk3FuselageLF_25'
[LOG 21:50:05.688] PartLoader: Part 'Squad/Parts/FuelTank/mk3Fuselage/LF_25/mk3FuselageLF_25' has no database record. Creating.
[LOG 21:50:05.688] [DragCubeSystem]: Drag cubes not found or cannot be read for part Part. Generating New drag cubes.
[LOG 21:50:05.688] [KSPCF/DragCubeGeneration] Creating drag cubes for part 'mk3FuselageLF.25'
[LOG 21:50:05.692] PartLoader: Compiling Part 'Squad/Parts/FuelTank/mk3Fuselage/LF_50/mk3FuselageLF_50'
[LOG 21:50:05.693] PartLoader: Part 'Squad/Parts/FuelTank/mk3Fuselage/LF_50/mk3FuselageLF_50' has no database record. Creating.
[LOG 21:50:05.693] [DragCubeSystem]: Drag cubes not found or cannot be read for part Part. Generating New drag cubes.
[LOG 21:50:05.693] [KSPCF/DragCubeGeneration] Creating drag cubes for part 'mk3FuselageLF.50'
[LOG 21:50:05.697] PartLoader: Compiling Part 'Squad/Parts/FuelTank/mk3Fuselage/MONO/mk3FuselageMONO'
[LOG 21:50:05.699] PartLoader: Part 'Squad/Parts/FuelTank/mk3Fuselage/MONO/mk3FuselageMONO' has no database record. Creating.
[LOG 21:50:05.699] [DragCubeSystem]: Drag cubes not found or cannot be read for part Part. Generating New drag cubes.
[LOG 21:50:05.699] [KSPCF/DragCubeGeneration] Creating drag cubes for part 'mk3FuselageMONO'
[LOG 21:50:05.702] PartLoader: Compiling Part 'Squad/Parts/FuelTank/RCSFuelTankR1/RCSFuelTankR1/RCSTank1-2'
[LOG 21:50:05.704] PartLoader: Part 'Squad/Parts/FuelTank/RCSFuelTankR1/RCSFuelTankR1/RCSTank1-2' has no database record. Creating.
[LOG 21:50:05.704] [DragCubeSystem]: Drag cubes not found or cannot be read for part Part. Generating New drag cubes.
[LOG 21:50:05.704] [KSPCF/DragCubeGeneration] Creating drag cubes for part 'RCSTank1-2'
[LOG 21:50:05.709] PartLoader: Compiling Part 'Squad/Parts/FuelTank/RCSFuelTankR10/RCSFuelTankR10/rcsTankMini'
[LOG 21:50:05.710] PartLoader: Part 'Squad/Parts/FuelTank/RCSFuelTankR10/RCSFuelTankR10/rcsTankMini' has no database record. Creating.
[LOG 21:50:05.710] [DragCubeSystem]: Drag cubes not found or cannot be read for part Part. Generating New drag cubes.
[LOG 21:50:05.710] [KSPCF/DragCubeGeneration] Creating drag cubes for part 'rcsTankMini'
[LOG 21:50:05.715] PartLoader: Compiling Part 'Squad/Parts/FuelTank/RCSFuelTankR25/RCSFuelTankR25/RCSFuelTank'
[LOG 21:50:05.717] PartLoader: Part 'Squad/Parts/FuelTank/RCSFuelTankR25/RCSFuelTankR25/RCSFuelTank' has no database record. Creating.
[LOG 21:50:05.717] [DragCubeSystem]: Drag cubes not found or cannot be read for part Part. Generating New drag cubes.
[LOG 21:50:05.717] [KSPCF/DragCubeGeneration] Creating drag cubes for part 'RCSFuelTank'
[LOG 21:50:05.721] PartLoader: Compiling Part 'Squad/Parts/FuelTank/RCSTankRadial/radialRCSTank/radialRCSTank'
[LOG 21:50:05.722] PartLoader: Part 'Squad/Parts/FuelTank/RCSTankRadial/radialRCSTank/radialRCSTank' has no database record. Creating.
[LOG 21:50:05.722] [DragCubeSystem]: Drag cubes not found or cannot be read for part Part. Generating New drag cubes.
[LOG 21:50:05.722] [KSPCF/DragCubeGeneration] Creating drag cubes for part 'radialRCSTank'
[LOG 21:50:05.726] PartLoader: Compiling Part 'Squad/Parts/FuelTank/RCStankRadialLong/RCSTankRadialLong/rcsTankRadialLong'
[LOG 21:50:05.727] PartLoader: Part 'Squad/Parts/FuelTank/RCStankRadialLong/RCSTankRadialLong/rcsTankRadialLong' has no database record. Creating.
[LOG 21:50:05.727] [DragCubeSystem]: Drag cubes not found or cannot be read for part Part. Generating New drag cubes.
[LOG 21:50:05.727] [KSPCF/DragCubeGeneration] Creating drag cubes for part 'rcsTankRadialLong'
[LOG 21:50:05.731] PartLoader: Compiling Part 'Squad/Parts/FuelTank/RockomaxTanks/Rockomax16/Rockomax16_BW'
[LOG 21:50:05.733] PartLoader: Part 'Squad/Parts/FuelTank/RockomaxTanks/Rockomax16/Rockomax16_BW' has no database record. Creating.
[LOG 21:50:05.733] [DragCubeSystem]: Drag cubes not found or cannot be read for part Part. Generating New drag cubes.
[LOG 21:50:05.733] [KSPCF/DragCubeGeneration] Creating drag cubes for part 'Rockomax16.BW'
[LOG 21:50:05.738] PartLoader: Compiling Part 'Squad/Parts/FuelTank/RockomaxTanks/Rockomax32/Rockomax32_BW'
[LOG 21:50:05.739] PartLoader: Part 'Squad/Parts/FuelTank/RockomaxTanks/Rockomax32/Rockomax32_BW' has no database record. Creating.
[LOG 21:50:05.739] [DragCubeSystem]: Drag cubes not found or cannot be read for part Part. Generating New drag cubes.
[LOG 21:50:05.739] [KSPCF/DragCubeGeneration] Creating drag cubes for part 'Rockomax32.BW'
[LOG 21:50:05.757] PartLoader: Compiling Part 'Squad/Parts/FuelTank/RockomaxTanks/Rockomax64/Rockomax64_BW'
[LOG 21:50:05.759] PartLoader: Part 'Squad/Parts/FuelTank/RockomaxTanks/Rockomax64/Rockomax64_BW' has no database record. Creating.
[LOG 21:50:05.759] [DragCubeSystem]: Drag cubes not found or cannot be read for part Part. Generating New drag cubes.
[LOG 21:50:05.759] [KSPCF/DragCubeGeneration] Creating drag cubes for part 'Rockomax64.BW'
[LOG 21:50:05.772] PartLoader: Compiling Part 'Squad/Parts/FuelTank/RockomaxTanks/Rockomax8/Rockomax8BW'
[LOG 21:50:05.774] PartLoader: Part 'Squad/Parts/FuelTank/RockomaxTanks/Rockomax8/Rockomax8BW' has no database record. Creating.
[LOG 21:50:05.774] [DragCubeSystem]: Drag cubes not found or cannot be read for part Part. Generating New drag cubes.
[LOG 21:50:05.774] [KSPCF/DragCubeGeneration] Creating drag cubes for part 'Rockomax8BW'
[LOG 21:50:05.787] PartLoader: Compiling Part 'Squad/Parts/FuelTank/Size1_Tanks/fuelTankT100/fuelTankSmallFlat'
[LOG 21:50:05.789] PartLoader: Part 'Squad/Parts/FuelTank/Size1_Tanks/fuelTankT100/fuelTankSmallFlat' has no database record. Creating.
[LOG 21:50:05.789] [DragCubeSystem]: Drag cubes not found or cannot be read for part Part. Generating New drag cubes.
[LOG 21:50:05.789] [KSPCF/DragCubeGeneration] Creating drag cubes for part 'fuelTankSmallFlat'
[LOG 21:50:05.793] PartLoader: Compiling Part 'Squad/Parts/FuelTank/Size1_Tanks/fuelTankT200/fuelTankSmall'
[LOG 21:50:05.796] PartLoader: Part 'Squad/Parts/FuelTank/Size1_Tanks/fuelTankT200/fuelTankSmall' has no database record. Creating.
[LOG 21:50:05.796] [DragCubeSystem]: Drag cubes not found or cannot be read for part Part. Generating New drag cubes.
[LOG 21:50:05.796] [KSPCF/DragCubeGeneration] Creating drag cubes for part 'fuelTankSmall'
[LOG 21:50:05.800] PartLoader: Compiling Part 'Squad/Parts/FuelTank/Size1_Tanks/fuelTankT400/fuelTank'
[LOG 21:50:05.802] PartLoader: Part 'Squad/Parts/FuelTank/Size1_Tanks/fuelTankT400/fuelTank' has no database record. Creating.
[LOG 21:50:05.802] [DragCubeSystem]: Drag cubes not found or cannot be read for part Part. Generating New drag cubes.
[LOG 21:50:05.802] [KSPCF/DragCubeGeneration] Creating drag cubes for part 'fuelTank'
[LOG 21:50:05.806] PartLoader: Compiling Part 'Squad/Parts/FuelTank/Size1_Tanks/fuelTankT800/fuelTank_long'
[LOG 21:50:05.808] PartLoader: Part 'Squad/Parts/FuelTank/Size1_Tanks/fuelTankT800/fuelTank_long' has no database record. Creating.
[LOG 21:50:05.808] [DragCubeSystem]: Drag cubes not found or cannot be read for part Part. Generating New drag cubes.
[LOG 21:50:05.808] [KSPCF/DragCubeGeneration] Creating drag cubes for part 'fuelTank.long'
[LOG 21:50:05.812] PartLoader: Compiling Part 'Squad/Parts/FuelTank/Size3Tanks/large/Size3LargeTank'
[LOG 21:50:05.814] PartLoader: Part 'Squad/Parts/FuelTank/Size3Tanks/large/Size3LargeTank' has no database record. Creating.
[LOG 21:50:05.814] [DragCubeSystem]: Drag cubes not found or cannot be read for part Part. Generating New drag cubes.
[LOG 21:50:05.814] [KSPCF/DragCubeGeneration] Creating drag cubes for part 'Size3LargeTank'
[LOG 21:50:05.819] PartLoader: Compiling Part 'Squad/Parts/FuelTank/Size3Tanks/medium/Size3MediumTank'
[LOG 21:50:05.821] PartLoader: Part 'Squad/Parts/FuelTank/Size3Tanks/medium/Size3MediumTank' has no database record. Creating.
[LOG 21:50:05.821] [DragCubeSystem]: Drag cubes not found or cannot be read for part Part. Generating New drag cubes.
[LOG 21:50:05.821] [KSPCF/DragCubeGeneration] Creating drag cubes for part 'Size3MediumTank'
[LOG 21:50:05.826] PartLoader: Compiling Part 'Squad/Parts/FuelTank/Size3Tanks/small/Size3SmallTank'
[LOG 21:50:05.827] PartLoader: Part 'Squad/Parts/FuelTank/Size3Tanks/small/Size3SmallTank' has no database record. Creating.
[LOG 21:50:05.827] [DragCubeSystem]: Drag cubes not found or cannot be read for part Part. Generating New drag cubes.
[LOG 21:50:05.827] [KSPCF/DragCubeGeneration] Creating drag cubes for part 'Size3SmallTank'
[LOG 21:50:05.831] PartLoader: Compiling Part 'Squad/Parts/FuelTank/xenonTank/xenonTank/xenonTank'
[LOG 21:50:05.833] PartLoader: Part 'Squad/Parts/FuelTank/xenonTank/xenonTank/xenonTank' has no database record. Creating.
[LOG 21:50:05.833] [DragCubeSystem]: Drag cubes not found or cannot be read for part Part. Generating New drag cubes.
[LOG 21:50:05.833] [KSPCF/DragCubeGeneration] Creating drag cubes for part 'xenonTank'
[LOG 21:50:05.837] PartLoader: Compiling Part 'Squad/Parts/FuelTank/xenonTankLarge/xenonTankLarge/xenonTankLarge'
[LOG 21:50:05.839] PartLoader: Part 'Squad/Parts/FuelTank/xenonTankLarge/xenonTankLarge/xenonTankLarge' has no database record. Creating.
[LOG 21:50:05.839] [DragCubeSystem]: Drag cubes not found or cannot be read for part Part. Generating New drag cubes.
[LOG 21:50:05.839] [KSPCF/DragCubeGeneration] Creating drag cubes for part 'xenonTankLarge'
[LOG 21:50:05.843] PartLoader: Compiling Part 'Squad/Parts/FuelTank/xenonTankRadial/xenonTankRadial/xenonTankRadial'
[LOG 21:50:05.844] PartLoader: Part 'Squad/Parts/FuelTank/xenonTankRadial/xenonTankRadial/xenonTankRadial' has no database record. Creating.
[LOG 21:50:05.844] [DragCubeSystem]: Drag cubes not found or cannot be read for part Part. Generating New drag cubes.
[LOG 21:50:05.844] [KSPCF/DragCubeGeneration] Creating drag cubes for part 'xenonTankRadial'
[LOG 21:50:05.849] PartLoader: Compiling Part 'Squad/Parts/Misc/AsteroidDay/CamSat/InfraredTelescope'
[LOG 21:50:05.854] PartLoader: Part 'Squad/Parts/Misc/AsteroidDay/CamSat/InfraredTelescope' has no database record. Creating.
[LOG 21:50:05.854] [DragCubeSystem]: Drag cubes not found or cannot be read for part Part. Generating New drag cubes.
[LOG 21:50:05.854] [KSPCF/DragCubeGeneration] Creating drag cubes for part 'InfraredTelescope'
[LOG 21:50:05.859] PartLoader: Compiling Part 'Squad/Parts/Misc/AsteroidDay/HECS2/HECS2_ProbeCore'
[LOG 21:50:05.863] PartLoader: Part 'Squad/Parts/Misc/AsteroidDay/HECS2/HECS2_ProbeCore' has no database record. Creating.
[LOG 21:50:05.863] [DragCubeSystem]: Drag cubes not found or cannot be read for part Part. Generating New drag cubes.
[LOG 21:50:05.863] [KSPCF/DragCubeGeneration] Creating drag cubes for part 'HECS2.ProbeCore'
[LOG 21:50:05.867] PartLoader: Compiling Part 'Squad/Parts/Misc/AsteroidDay/HighGainAntenna/HighGainAntenna'
[LOG 21:50:05.873] PartLoader: Part 'Squad/Parts/Misc/AsteroidDay/HighGainAntenna/HighGainAntenna' has no database record. Creating.
[LOG 21:50:05.873] [DragCubeSystem]: Drag cubes not found or cannot be read for part Part. Generating New drag cubes.
[LOG 21:50:05.873] [KSPCF/DragCubeGeneration] Creating drag cubes for part 'HighGainAntenna'
[LOG 21:50:05.887] PartLoader: Compiling Part 'Squad/Parts/Misc/AsteroidDay/LgRadialSolar/LgRadialSolarPanel'
[LOG 21:50:05.889] PartLoader: Part 'Squad/Parts/Misc/AsteroidDay/LgRadialSolar/LgRadialSolarPanel' has no database record. Creating.
[LOG 21:50:05.889] [DragCubeSystem]: Drag cubes not found or cannot be read for part Part. Generating New drag cubes.
[LOG 21:50:05.889] [KSPCF/DragCubeGeneration] Creating drag cubes for part 'LgRadialSolarPanel'
[LOG 21:50:05.897] PartLoader: Compiling Part 'Squad/Parts/Misc/PotatoComet/part/PotatoComet'
[LOG 21:50:05.904] PartLoader: Part 'Squad/Parts/Misc/PotatoComet/part/PotatoComet' has no database record. Creating.
[LOG 21:50:05.905] PartLoader: Compiling Part 'Squad/Parts/Misc/PotatoRoid/part/PotatoRoid'
[LOG 21:50:05.911] PartLoader: Part 'Squad/Parts/Misc/PotatoRoid/part/PotatoRoid' has no database record. Creating.
[LOG 21:50:05.911] PartLoader: Compiling Part 'Squad/Parts/Prebuilt/flag/flag'
[LOG 21:50:05.914] PartLoader: Compiling Part 'Squad/Parts/Prebuilt/kerbalEVA/kerbalEVA'
[LOG 21:50:05.925] PartLoader: Compiling Part 'Squad/Parts/Prebuilt/kerbalEVAfemale/kerbalEVAfemale'
[LOG 21:50:05.928] PartLoader: Compiling Part 'Squad/Parts/Prebuilt/kerbalEVASlimSuit/kerbalEVASlimSuit'
[LOG 21:50:05.931] PartLoader: Compiling Part 'Squad/Parts/Prebuilt/kerbalEVASlimSuitFemale/kerbalEVASlimSuitFemale'
[LOG 21:50:05.935] PartLoader: Compiling Part 'Squad/Parts/Resources/FuelCell/FuelCell/FuelCell'
[LOG 21:50:05.940] PartLoader: Part 'Squad/Parts/Resources/FuelCell/FuelCell/FuelCell' has no database record. Creating.
[LOG 21:50:05.940] [DragCubeSystem]: Drag cubes not found or cannot be read for part Part. Generating New drag cubes.
[LOG 21:50:05.940] [KSPCF/DragCubeGeneration] Creating drag cubes for part 'FuelCell'
[LOG 21:50:05.948] PartLoader: Compiling Part 'Squad/Parts/Resources/FuelCell/FuelCellArray/FuelCellArray'
[LOG 21:50:05.951] PartLoader: Part 'Squad/Parts/Resources/FuelCell/FuelCellArray/FuelCellArray' has no database record. Creating.
[LOG 21:50:05.951] [DragCubeSystem]: Drag cubes not found or cannot be read for part Part. Generating New drag cubes.
[LOG 21:50:05.951] [KSPCF/DragCubeGeneration] Creating drag cubes for part 'FuelCellArray'
[LOG 21:50:05.955] PartLoader: Compiling Part 'Squad/Parts/Resources/ISRU/ISRU/ISRU'
[LOG 21:50:05.960] PartLoader: Part 'Squad/Parts/Resources/ISRU/ISRU/ISRU' has no database record. Creating.
[LOG 21:50:05.960] [DragCubeSystem]: Drag cubes not found or cannot be read for part Part. Generating New drag cubes.
[LOG 21:50:05.960] [KSPCF/DragCubeGeneration] Creating drag cubes for part 'ISRU'
[LOG 21:50:05.976] PartLoader: Compiling Part 'Squad/Parts/Resources/LargeTank/LargeTank/LargeTank'
[LOG 21:50:05.979] PartLoader: Part 'Squad/Parts/Resources/LargeTank/LargeTank/LargeTank' has no database record. Creating.
[LOG 21:50:05.979] [DragCubeSystem]: Drag cubes not found or cannot be read for part Part. Generating New drag cubes.
[LOG 21:50:05.979] [KSPCF/DragCubeGeneration] Creating drag cubes for part 'LargeTank'
[LOG 21:50:05.982] PartLoader: Compiling Part 'Squad/Parts/Resources/MiniDrill/MiniDrill/MiniDrill'
[LOG 21:50:05.994] PartLoader: Part 'Squad/Parts/Resources/MiniDrill/MiniDrill/MiniDrill' has no database record. Creating.
[LOG 21:50:05.994] [DragCubeSystem]: Drag cubes not found or cannot be read for part Part. Generating New drag cubes.
[LOG 21:50:05.994] [KSPCF/DragCubeGeneration] Creating drag cubes for part 'MiniDrill'
[LOG 21:50:06.033] PartLoader: Compiling Part 'Squad/Parts/Resources/MiniISRU/MiniISRU/MiniISRU'
[LOG 21:50:06.037] PartLoader: Part 'Squad/Parts/Resources/MiniISRU/MiniISRU/MiniISRU' has no database record. Creating.
[LOG 21:50:06.037] [DragCubeSystem]: Drag cubes not found or cannot be read for part Part. Generating New drag cubes.
[LOG 21:50:06.037] [KSPCF/DragCubeGeneration] Creating drag cubes for part 'MiniISRU'
[LOG 21:50:06.042] PartLoader: Compiling Part 'Squad/Parts/Resources/OrbitalScanner/OrbitalScanner/OrbitalScanner'
[LOG 21:50:06.048] PartLoader: Part 'Squad/Parts/Resources/OrbitalScanner/OrbitalScanner/OrbitalScanner' has no database record. Creating.
[LOG 21:50:06.048] [DragCubeSystem]: Drag cubes not found or cannot be read for part Part. Generating New drag cubes.
[LOG 21:50:06.048] [KSPCF/DragCubeGeneration] Creating drag cubes for part 'OrbitalScanner'
[LOG 21:50:06.063] PartLoader: Compiling Part 'Squad/Parts/Resources/RadialDrill/RadialDrill/RadialDrill'
[LOG 21:50:06.067] PartLoader: Part 'Squad/Parts/Resources/RadialDrill/RadialDrill/RadialDrill' has no database record. Creating.
[LOG 21:50:06.067] [DragCubeSystem]: Drag cubes not found or cannot be read for part Part. Generating New drag cubes.
[LOG 21:50:06.067] [KSPCF/DragCubeGeneration] Creating drag cubes for part 'RadialDrill'
[LOG 21:50:06.096] PartLoader: Compiling Part 'Squad/Parts/Resources/RadialTank/RadialTank/RadialOreTank'
[LOG 21:50:06.098] PartLoader: Part 'Squad/Parts/Resources/RadialTank/RadialTank/RadialOreTank' has no database record. Creating.
[LOG 21:50:06.099] [DragCubeSystem]: Drag cubes not found or cannot be read for part Part. Generating New drag cubes.
[LOG 21:50:06.099] [KSPCF/DragCubeGeneration] Creating drag cubes for part 'RadialOreTank'
[LOG 21:50:06.103] PartLoader: Compiling Part 'Squad/Parts/Resources/SmallTank/SmallTank/SmallTank'
[LOG 21:50:06.105] PartLoader: Part 'Squad/Parts/Resources/SmallTank/SmallTank/SmallTank' has no database record. Creating.
[LOG 21:50:06.105] [DragCubeSystem]: Drag cubes not found or cannot be read for part Part. Generating New drag cubes.
[LOG 21:50:06.105] [KSPCF/DragCubeGeneration] Creating drag cubes for part 'SmallTank'
[LOG 21:50:06.109] PartLoader: Compiling Part 'Squad/Parts/Resources/SurfaceScanner/SurfaceScanner/SurfaceScanner'
[LOG 21:50:06.120] PartLoader: Part 'Squad/Parts/Resources/SurfaceScanner/SurfaceScanner/SurfaceScanner' has no database record. Creating.
[LOG 21:50:06.120] [DragCubeSystem]: Drag cubes not found or cannot be read for part Part. Generating New drag cubes.
[LOG 21:50:06.120] [KSPCF/DragCubeGeneration] Creating drag cubes for part 'SurfaceScanner'
[LOG 21:50:06.126] PartLoader: Compiling Part 'Squad/Parts/Resources/SurveyScanner/SurveyScanner/SurveyScanner'
[LOG 21:50:06.132] PartLoader: Part 'Squad/Parts/Resources/SurveyScanner/SurveyScanner/SurveyScanner' has no database record. Creating.
[LOG 21:50:06.132] [DragCubeSystem]: Drag cubes not found or cannot be read for part Part. Generating New drag cubes.
[LOG 21:50:06.132] [KSPCF/DragCubeGeneration] Creating drag cubes for part 'SurveyScanner'
[LOG 21:50:06.146] PartLoader: Compiling Part 'Squad/Parts/Science/AtmosphereSensor/sensorAtmosphere/sensorAtmosphere'
[LOG 21:50:06.148] PartLoader: Part 'Squad/Parts/Science/AtmosphereSensor/sensorAtmosphere/sensorAtmosphere' has no database record. Creating.
[LOG 21:50:06.148] [DragCubeSystem]: Drag cubes not found or cannot be read for part Part. Generating New drag cubes.
[LOG 21:50:06.148] [KSPCF/DragCubeGeneration] Creating drag cubes for part 'sensorAtmosphere'
[LOG 21:50:06.154] PartLoader: Compiling Part 'Squad/Parts/Science/GooExperiment/gooExperiment/GooExperiment'
[LOG 21:50:06.157] PartLoader: Part 'Squad/Parts/Science/GooExperiment/gooExperiment/GooExperiment' has no database record. Creating.
[LOG 21:50:06.157] [DragCubeSystem]: Drag cubes not found or cannot be read for part Part. Generating New drag cubes.
[LOG 21:50:06.157] [KSPCF/DragCubeGeneration] Creating drag cubes for part 'GooExperiment'
[LOG 21:50:06.171] PartLoader: Compiling Part 'Squad/Parts/Science/LargeCrewedLab/largeCrewedLab/Large_Crewed_Lab'
[LOG 21:50:06.183] PartLoader: Part 'Squad/Parts/Science/LargeCrewedLab/largeCrewedLab/Large_Crewed_Lab' has no database record. Creating.
[LOG 21:50:06.183] [DragCubeSystem]: Drag cubes not found or cannot be read for part Part. Generating New drag cubes.
[LOG 21:50:06.183] [KSPCF/DragCubeGeneration] Creating drag cubes for part 'Large.Crewed.Lab'
[LOG 21:50:06.190] PartLoader: Compiling Part 'Squad/Parts/Science/Magnetometer/Magnetometer/Magnetometer'
[LOG 21:50:06.194] PartLoader: Part 'Squad/Parts/Science/Magnetometer/Magnetometer/Magnetometer' has no database record. Creating.
[LOG 21:50:06.194] [DragCubeSystem]: Drag cubes not found or cannot be read for part Part. Generating New drag cubes.
[LOG 21:50:06.194] [KSPCF/DragCubeGeneration] Creating drag cubes for part 'Magnetometer'
[LOG 21:50:06.213] PartLoader: Compiling Part 'Squad/Parts/Science/MaterialBay/materialBay/science_module'
[LOG 21:50:06.216] PartLoader: Part 'Squad/Parts/Science/MaterialBay/materialBay/science_module' has no database record. Creating.
[LOG 21:50:06.216] [DragCubeSystem]: Drag cubes not found or cannot be read for part Part. Generating New drag cubes.
[LOG 21:50:06.216] [KSPCF/DragCubeGeneration] Creating drag cubes for part 'science.module'
[LOG 21:50:06.230] PartLoader: Compiling Part 'Squad/Parts/Science/ScienceBox/ScienceBox/ScienceBox'
[LOG 21:50:06.233] PartLoader: Part 'Squad/Parts/Science/ScienceBox/ScienceBox/ScienceBox' has no database record. Creating.
[LOG 21:50:06.233] [DragCubeSystem]: Drag cubes not found or cannot be read for part Part. Generating New drag cubes.
[LOG 21:50:06.233] [KSPCF/DragCubeGeneration] Creating drag cubes for part 'ScienceBox'
[LOG 21:50:06.237] PartLoader: Compiling Part 'Squad/Parts/Science/sensorAccelerometer/sensorAccelerometer/sensorAccelerometer'
[LOG 21:50:06.241] PartLoader: Part 'Squad/Parts/Science/sensorAccelerometer/sensorAccelerometer/sensorAccelerometer' has no database record. Creating.
[LOG 21:50:06.241] [DragCubeSystem]: Drag cubes not found or cannot be read for part Part. Generating New drag cubes.
[LOG 21:50:06.241] [KSPCF/DragCubeGeneration] Creating drag cubes for part 'sensorAccelerometer'
[LOG 21:50:06.246] PartLoader: Compiling Part 'Squad/Parts/Science/sensorBarometer/sensorBarometer/sensorBarometer'
[LOG 21:50:06.248] PartLoader: Part 'Squad/Parts/Science/sensorBarometer/sensorBarometer/sensorBarometer' has no database record. Creating.
[LOG 21:50:06.248] [DragCubeSystem]: Drag cubes not found or cannot be read for part Part. Generating New drag cubes.
[LOG 21:50:06.248] [KSPCF/DragCubeGeneration] Creating drag cubes for part 'sensorBarometer'
[LOG 21:50:06.253] PartLoader: Compiling Part 'Squad/Parts/Science/sensorGravimeter/sensorGravimeter/sensorGravimeter'
[LOG 21:50:06.256] PartLoader: Part 'Squad/Parts/Science/sensorGravimeter/sensorGravimeter/sensorGravimeter' has no database record. Creating.
[LOG 21:50:06.256] [DragCubeSystem]: Drag cubes not found or cannot be read for part Part. Generating New drag cubes.
[LOG 21:50:06.256] [KSPCF/DragCubeGeneration] Creating drag cubes for part 'sensorGravimeter'
[LOG 21:50:06.262] PartLoader: Compiling Part 'Squad/Parts/Science/sensorThermometer/sensorThermometer/sensorThermometer'
[LOG 21:50:06.264] PartLoader: Part 'Squad/Parts/Science/sensorThermometer/sensorThermometer/sensorThermometer' has no database record. Creating.
[LOG 21:50:06.264] [DragCubeSystem]: Drag cubes not found or cannot be read for part Part. Generating New drag cubes.
[LOG 21:50:06.264] [KSPCF/DragCubeGeneration] Creating drag cubes for part 'sensorThermometer'
[LOG 21:50:06.269] PartLoader: Compiling Part 'Squad/Parts/Structural/FLAdapters/adapterSmallMiniShort/adapterSmallMiniShort'
[LOG 21:50:06.271] PartLoader: Part 'Squad/Parts/Structural/FLAdapters/adapterSmallMiniShort/adapterSmallMiniShort' has no database record. Creating.
[LOG 21:50:06.271] [DragCubeSystem]: Drag cubes not found or cannot be read for part Part. Generating New drag cubes.
[LOG 21:50:06.271] [KSPCF/DragCubeGeneration] Creating drag cubes for part 'adapterSmallMiniShort'
[LOG 21:50:06.275] PartLoader: Compiling Part 'Squad/Parts/Structural/FLAdapters/adapterSmallMiniTall/adapterSmallMiniTall'
[LOG 21:50:06.277] PartLoader: Part 'Squad/Parts/Structural/FLAdapters/adapterSmallMiniTall/adapterSmallMiniTall' has no database record. Creating.
[LOG 21:50:06.277] [DragCubeSystem]: Drag cubes not found or cannot be read for part Part. Generating New drag cubes.
[LOG 21:50:06.277] [KSPCF/DragCubeGeneration] Creating drag cubes for part 'adapterSmallMiniTall'
[LOG 21:50:06.281] PartLoader: Compiling Part 'Squad/Parts/Structural/mk1Parts/engineBodyRadial/radialEngineBody'
[LOG 21:50:06.284] PartLoader: Part 'Squad/Parts/Structural/mk1Parts/engineBodyRadial/radialEngineBody' has no database record. Creating.
[LOG 21:50:06.284] [DragCubeSystem]: Drag cubes not found or cannot be read for part Part. Generating New drag cubes.
[LOG 21:50:06.284] [KSPCF/DragCubeGeneration] Creating drag cubes for part 'radialEngineBody'
[LOG 21:50:06.289] PartLoader: Compiling Part 'Squad/Parts/Structural/mk1Parts/engineNacelle/nacelleBody'
[LOG 21:50:06.291] PartLoader: Part 'Squad/Parts/Structural/mk1Parts/engineNacelle/nacelleBody' has no database record. Creating.
[LOG 21:50:06.291] [DragCubeSystem]: Drag cubes not found or cannot be read for part Part. Generating New drag cubes.
[LOG 21:50:06.291] [KSPCF/DragCubeGeneration] Creating drag cubes for part 'nacelleBody'
[LOG 21:50:06.296] PartLoader: Compiling Part 'Squad/Parts/Structural/mk1Parts/mk1Fuselage/MK1Fuselage'
[LOG 21:50:06.298] PartLoader: Part 'Squad/Parts/Structural/mk1Parts/mk1Fuselage/MK1Fuselage' has no database record. Creating.
[LOG 21:50:06.298] [DragCubeSystem]: Drag cubes not found or cannot be read for part Part. Generating New drag cubes.
[LOG 21:50:06.298] [KSPCF/DragCubeGeneration] Creating drag cubes for part 'MK1Fuselage'
[LOG 21:50:06.302] PartLoader: Compiling Part 'Squad/Parts/Structural/mk1Parts/mk1FuselageIntake/MK1IntakeFuselage'
[LOG 21:50:06.305] PartLoader: Part 'Squad/Parts/Structural/mk1Parts/mk1FuselageIntake/MK1IntakeFuselage' has no database record. Creating.
[LOG 21:50:06.305] [DragCubeSystem]: Drag cubes not found or cannot be read for part Part. Generating New drag cubes.
[LOG 21:50:06.305] [KSPCF/DragCubeGeneration] Creating drag cubes for part 'MK1IntakeFuselage'
[LOG 21:50:06.310] PartLoader: Compiling Part 'Squad/Parts/Structural/mk1Parts/mk1Structural/Mk1FuselageStructural'
[LOG 21:50:06.312] PartLoader: Part 'Squad/Parts/Structural/mk1Parts/mk1Structural/Mk1FuselageStructural' has no database record. Creating.
[LOG 21:50:06.312] PartLoader: Compiling Part 'Squad/Parts/Structural/Size3To2Adapter_v2/Size2to3_v2/Size3To2Adapter_v2'
[LOG 21:50:06.313] PartLoader: Part 'Squad/Parts/Structural/Size3To2Adapter_v2/Size2to3_v2/Size3To2Adapter_v2' has no database record. Creating.
[LOG 21:50:06.313] PartLoader: Compiling Part 'Squad/Parts/Structural/stackAdapters/adapterLargeSmallBi/adapterLargeSmallBi'
[LOG 21:50:06.316] PartLoader: Part 'Squad/Parts/Structural/stackAdapters/adapterLargeSmallBi/adapterLargeSmallBi' has no database record. Creating.
[LOG 21:50:06.316] [DragCubeSystem]: Drag cubes not found or cannot be read for part Part. Generating New drag cubes.
[LOG 21:50:06.316] [KSPCF/DragCubeGeneration] Creating drag cubes for part 'adapterLargeSmallBi'
[LOG 21:50:06.321] PartLoader: Compiling Part 'Squad/Parts/Structural/stackAdapters/adapterLargeSmallQuad/adapterLargeSmallQuad'
[LOG 21:50:06.324] PartLoader: Part 'Squad/Parts/Structural/stackAdapters/adapterLargeSmallQuad/adapterLargeSmallQuad' has no database record. Creating.
[LOG 21:50:06.325] [DragCubeSystem]: Drag cubes not found or cannot be read for part Part. Generating New drag cubes.
[LOG 21:50:06.325] [KSPCF/DragCubeGeneration] Creating drag cubes for part 'adapterLargeSmallQuad'
[LOG 21:50:06.331] PartLoader: Compiling Part 'Squad/Parts/Structural/stackAdapters/adapterLargeSmallTri/adapterLargeSmallTri'
[LOG 21:50:06.334] PartLoader: Part 'Squad/Parts/Structural/stackAdapters/adapterLargeSmallTri/adapterLargeSmallTri' has no database record. Creating.
[LOG 21:50:06.334] [DragCubeSystem]: Drag cubes not found or cannot be read for part Part. Generating New drag cubes.
[LOG 21:50:06.334] [KSPCF/DragCubeGeneration] Creating drag cubes for part 'adapterLargeSmallTri'
[LOG 21:50:06.338] PartLoader: Compiling Part 'Squad/Parts/Structural/stationHub/stationHub/stationHub'
[LOG 21:50:06.340] PartLoader: Part 'Squad/Parts/Structural/stationHub/stationHub/stationHub' has no database record. Creating.
[LOG 21:50:06.340] [DragCubeSystem]: Drag cubes not found or cannot be read for part Part. Generating New drag cubes.
[LOG 21:50:06.340] [KSPCF/DragCubeGeneration] Creating drag cubes for part 'stationHub'
[LOG 21:50:06.345] PartLoader: Compiling Part 'Squad/Parts/Structural/structuralIBeam200/structuralIBeam200/structuralIBeam2'
[LOG 21:50:06.346] PartLoader: Part 'Squad/Parts/Structural/structuralIBeam200/structuralIBeam200/structuralIBeam2' has no database record. Creating.
[LOG 21:50:06.347] [DragCubeSystem]: Drag cubes not found or cannot be read for part Part. Generating New drag cubes.
[LOG 21:50:06.347] [KSPCF/DragCubeGeneration] Creating drag cubes for part 'structuralIBeam2'
[LOG 21:50:06.352] PartLoader: Compiling Part 'Squad/Parts/Structural/structuralIBeam200Pocket/structuralIBeam200Pocket/structuralIBeam3'
[LOG 21:50:06.353] PartLoader: Part 'Squad/Parts/Structural/structuralIBeam200Pocket/structuralIBeam200Pocket/structuralIBeam3' has no database record. Creating.
[LOG 21:50:06.353] [DragCubeSystem]: Drag cubes not found or cannot be read for part Part. Generating New drag cubes.
[LOG 21:50:06.353] [KSPCF/DragCubeGeneration] Creating drag cubes for part 'structuralIBeam3'
[LOG 21:50:06.357] PartLoader: Compiling Part 'Squad/Parts/Structural/structuralIBeam650/structuralIBeam650/structuralIBeam1'
[LOG 21:50:06.358] PartLoader: Part 'Squad/Parts/Structural/structuralIBeam650/structuralIBeam650/structuralIBeam1' has no database record. Creating.
[LOG 21:50:06.358] [DragCubeSystem]: Drag cubes not found or cannot be read for part Part. Generating New drag cubes.
[LOG 21:50:06.358] [KSPCF/DragCubeGeneration] Creating drag cubes for part 'structuralIBeam1'
[LOG 21:50:06.363] PartLoader: Compiling Part 'Squad/Parts/Structural/structuralMicronode/structuralMicronode/structuralMiniNode'
[LOG 21:50:06.365] PartLoader: Part 'Squad/Parts/Structural/structuralMicronode/structuralMicronode/structuralMiniNode' has no database record. Creating.
[LOG 21:50:06.365] [DragCubeSystem]: Drag cubes not found or cannot be read for part Part. Generating New drag cubes.
[LOG 21:50:06.365] [KSPCF/DragCubeGeneration] Creating drag cubes for part 'structuralMiniNode'
[LOG 21:50:06.371] PartLoader: Compiling Part 'Squad/Parts/Structural/structuralPanel1x1/structuralPanel1x1/structuralPanel1'
[LOG 21:50:06.372] PartLoader: Part 'Squad/Parts/Structural/structuralPanel1x1/structuralPanel1x1/structuralPanel1' has no database record. Creating.
[LOG 21:50:06.372] [DragCubeSystem]: Drag cubes not found or cannot be read for part Part. Generating New drag cubes.
[LOG 21:50:06.372] [KSPCF/DragCubeGeneration] Creating drag cubes for part 'structuralPanel1'
[LOG 21:50:06.376] PartLoader: Compiling Part 'Squad/Parts/Structural/structuralPanel2x2/structuralPanel2x2/structuralPanel2'
[LOG 21:50:06.377] PartLoader: Part 'Squad/Parts/Structural/structuralPanel2x2/structuralPanel2x2/structuralPanel2' has no database record. Creating.
[LOG 21:50:06.377] [DragCubeSystem]: Drag cubes not found or cannot be read for part Part. Generating New drag cubes.
[LOG 21:50:06.377] [KSPCF/DragCubeGeneration] Creating drag cubes for part 'structuralPanel2'
[LOG 21:50:06.381] PartLoader: Compiling Part 'Squad/Parts/Structural/structuralPylons/smallHardpoint/smallHardpoint'
[LOG 21:50:06.384] PartLoader: Part 'Squad/Parts/Structural/structuralPylons/smallHardpoint/smallHardpoint' has no database record. Creating.
[LOG 21:50:06.384] [DragCubeSystem]: Drag cubes not found or cannot be read for part Part. Generating New drag cubes.
[LOG 21:50:06.384] [KSPCF/DragCubeGeneration] Creating drag cubes for part 'smallHardpoint'
[LOG 21:50:06.388] PartLoader: Compiling Part 'Squad/Parts/Structural/structuralPylons/structuralPylon/structuralPylon'
[LOG 21:50:06.391] PartLoader: Part 'Squad/Parts/Structural/structuralPylons/structuralPylon/structuralPylon' has no database record. Creating.
[LOG 21:50:06.391] [DragCubeSystem]: Drag cubes not found or cannot be read for part Part. Generating New drag cubes.
[LOG 21:50:06.391] [KSPCF/DragCubeGeneration] Creating drag cubes for part 'structuralPylon'
[LOG 21:50:06.395] PartLoader: Compiling Part 'Squad/Parts/Structural/strutCubicOcto/strutCubicOcto/strutCube'
[LOG 21:50:06.396] PartLoader: Part 'Squad/Parts/Structural/strutCubicOcto/strutCubicOcto/strutCube' has no database record. Creating.
[LOG 21:50:06.396] [DragCubeSystem]: Drag cubes not found or cannot be read for part Part. Generating New drag cubes.
[LOG 21:50:06.396] [KSPCF/DragCubeGeneration] Creating drag cubes for part 'strutCube'
[LOG 21:50:06.401] PartLoader: Compiling Part 'Squad/Parts/Structural/strutOcto/strutOcto/strutOcto'
[LOG 21:50:06.403] PartLoader: Part 'Squad/Parts/Structural/strutOcto/strutOcto/strutOcto' has no database record. Creating.
[LOG 21:50:06.403] [DragCubeSystem]: Drag cubes not found or cannot be read for part Part. Generating New drag cubes.
[LOG 21:50:06.403] [KSPCF/DragCubeGeneration] Creating drag cubes for part 'strutOcto'
[LOG 21:50:06.407] PartLoader: Compiling Part 'Squad/Parts/Structural/trussGirderAdapter/trussGirderAdapter/trussAdapter'
[LOG 21:50:06.408] PartLoader: Part 'Squad/Parts/Structural/trussGirderAdapter/trussGirderAdapter/trussAdapter' has no database record. Creating.
[LOG 21:50:06.408] [DragCubeSystem]: Drag cubes not found or cannot be read for part Part. Generating New drag cubes.
[LOG 21:50:06.408] [KSPCF/DragCubeGeneration] Creating drag cubes for part 'trussAdapter'
[LOG 21:50:06.412] PartLoader: Compiling Part 'Squad/Parts/Structural/trussGirderL/trussGirderL/trussPiece1x'
[LOG 21:50:06.413] PartLoader: Part 'Squad/Parts/Structural/trussGirderL/trussGirderL/trussPiece1x' has no database record. Creating.
[LOG 21:50:06.413] [DragCubeSystem]: Drag cubes not found or cannot be read for part Part. Generating New drag cubes.
[LOG 21:50:06.413] [KSPCF/DragCubeGeneration] Creating drag cubes for part 'trussPiece1x'
[LOG 21:50:06.417] PartLoader: Compiling Part 'Squad/Parts/Structural/trussGirderXL/trussGirderXL/trussPiece3x'
[LOG 21:50:06.418] PartLoader: Part 'Squad/Parts/Structural/trussGirderXL/trussGirderXL/trussPiece3x' has no database record. Creating.
[LOG 21:50:06.418] [DragCubeSystem]: Drag cubes not found or cannot be read for part Part. Generating New drag cubes.
[LOG 21:50:06.418] [KSPCF/DragCubeGeneration] Creating drag cubes for part 'trussPiece3x'
[LOG 21:50:06.422] PartLoader: Compiling Part 'Squad/Parts/Thermal/FoldingRadiators/foldingRadLarge/foldingRadLarge'
[LOG 21:50:06.430] PartLoader: Part 'Squad/Parts/Thermal/FoldingRadiators/foldingRadLarge/foldingRadLarge' has no database record. Creating.
[LOG 21:50:06.431] PartLoader: Compiling Part 'Squad/Parts/Thermal/FoldingRadiators/foldingRadMed/foldingRadMed'
[LOG 21:50:06.433] PartLoader: Part 'Squad/Parts/Thermal/FoldingRadiators/foldingRadMed/foldingRadMed' has no database record. Creating.
[LOG 21:50:06.434] PartLoader: Compiling Part 'Squad/Parts/Thermal/FoldingRadiators/foldingRadSmall/foldingRadSmall'
[LOG 21:50:06.436] PartLoader: Part 'Squad/Parts/Thermal/FoldingRadiators/foldingRadSmall/foldingRadSmall' has no database record. Creating.
[LOG 21:50:06.437] PartLoader: Compiling Part 'Squad/Parts/Thermal/RadiatorPanels/radPanelEdge/radPanelEdge'
[LOG 21:50:06.440] PartLoader: Part 'Squad/Parts/Thermal/RadiatorPanels/radPanelEdge/radPanelEdge' has no database record. Creating.
[LOG 21:50:06.440] [DragCubeSystem]: Drag cubes not found or cannot be read for part Part. Generating New drag cubes.
[LOG 21:50:06.440] [KSPCF/DragCubeGeneration] Creating drag cubes for part 'radPanelEdge'
[LOG 21:50:06.446] PartLoader: Compiling Part 'Squad/Parts/Thermal/RadiatorPanels/radPanelLg/radPanelLg'
[LOG 21:50:06.448] PartLoader: Part 'Squad/Parts/Thermal/RadiatorPanels/radPanelLg/radPanelLg' has no database record. Creating.
[LOG 21:50:06.448] [DragCubeSystem]: Drag cubes not found or cannot be read for part Part. Generating New drag cubes.
[LOG 21:50:06.448] [KSPCF/DragCubeGeneration] Creating drag cubes for part 'radPanelLg'
[LOG 21:50:06.453] PartLoader: Compiling Part 'Squad/Parts/Thermal/RadiatorPanels/radPanelSm/radPanelSm'
[LOG 21:50:06.455] PartLoader: Part 'Squad/Parts/Thermal/RadiatorPanels/radPanelSm/radPanelSm' has no database record. Creating.
[LOG 21:50:06.455] [DragCubeSystem]: Drag cubes not found or cannot be read for part Part. Generating New drag cubes.
[LOG 21:50:06.455] [KSPCF/DragCubeGeneration] Creating drag cubes for part 'radPanelSm'
[LOG 21:50:06.460] PartLoader: Compiling Part 'Squad/Parts/Utility/commDish88-88/commDish88-88/commDish'
[LOG 21:50:06.462] PartLoader: Part 'Squad/Parts/Utility/commDish88-88/commDish88-88/commDish' has no database record. Creating.
[LOG 21:50:06.463] [DragCubeSystem]: Drag cubes not found or cannot be read for part Part. Generating New drag cubes.
[LOG 21:50:06.463] [KSPCF/DragCubeGeneration] Creating drag cubes for part 'commDish'
[LOG 21:50:06.479] PartLoader: Compiling Part 'Squad/Parts/Utility/commsAntennaDTS-M1/commsAntennaDTS-M1/mediumDishAntenna'
[LOG 21:50:06.482] PartLoader: Part 'Squad/Parts/Utility/commsAntennaDTS-M1/commsAntennaDTS-M1/mediumDishAntenna' has no database record. Creating.
[LOG 21:50:06.482] [DragCubeSystem]: Drag cubes not found or cannot be read for part Part. Generating New drag cubes.
[LOG 21:50:06.482] [KSPCF/DragCubeGeneration] Creating drag cubes for part 'mediumDishAntenna'
[LOG 21:50:06.498] PartLoader: Compiling Part 'Squad/Parts/Utility/commsDish16/commsAntenna16/longAntenna'
[LOG 21:50:06.500] PartLoader: Part 'Squad/Parts/Utility/commsDish16/commsAntenna16/longAntenna' has no database record. Creating.
[LOG 21:50:06.500] [DragCubeSystem]: Drag cubes not found or cannot be read for part Part. Generating New drag cubes.
[LOG 21:50:06.500] [KSPCF/DragCubeGeneration] Creating drag cubes for part 'longAntenna'
[LOG 21:50:06.514] PartLoader: Compiling Part 'Squad/Parts/Utility/decouplerRadialHDM/decouplerRadialHDM/radialDecoupler1-2'
[LOG 21:50:06.519] PartLoader: Part 'Squad/Parts/Utility/decouplerRadialHDM/decouplerRadialHDM/radialDecoupler1-2' has no database record. Creating.
[LOG 21:50:06.519] [DragCubeSystem]: Drag cubes not found or cannot be read for part Part. Generating New drag cubes.
[LOG 21:50:06.519] [KSPCF/DragCubeGeneration] Creating drag cubes for part 'radialDecoupler1-2'
[LOG 21:50:06.525] PartLoader: Compiling Part 'Squad/Parts/Utility/decouplerRadialTT-38K/decouplerRadialTT-38K/radialDecoupler'
[LOG 21:50:06.527] PartLoader: Part 'Squad/Parts/Utility/decouplerRadialTT-38K/decouplerRadialTT-38K/radialDecoupler' has no database record. Creating.
[LOG 21:50:06.527] [DragCubeSystem]: Drag cubes not found or cannot be read for part Part. Generating New drag cubes.
[LOG 21:50:06.527] [KSPCF/DragCubeGeneration] Creating drag cubes for part 'radialDecoupler'
[LOG 21:50:06.531] PartLoader: Compiling Part 'Squad/Parts/Utility/decouplerRadialTT-70/decouplerRadialTT-70/radialDecoupler2'
[LOG 21:50:06.533] PartLoader: Part 'Squad/Parts/Utility/decouplerRadialTT-70/decouplerRadialTT-70/radialDecoupler2' has no database record. Creating.
[LOG 21:50:06.533] [DragCubeSystem]: Drag cubes not found or cannot be read for part Part. Generating New drag cubes.
[LOG 21:50:06.533] [KSPCF/DragCubeGeneration] Creating drag cubes for part 'radialDecoupler2'
[LOG 21:50:06.537] PartLoader: Compiling Part 'Squad/Parts/Utility/DirectAntennas/C16S/SurfAntenna'
[LOG 21:50:06.539] PartLoader: Part 'Squad/Parts/Utility/DirectAntennas/C16S/SurfAntenna' has no database record. Creating.
[LOG 21:50:06.539] [DragCubeSystem]: Drag cubes not found or cannot be read for part Part. Generating New drag cubes.
[LOG 21:50:06.539] [KSPCF/DragCubeGeneration] Creating drag cubes for part 'SurfAntenna'
[LOG 21:50:06.544] PartLoader: Compiling Part 'Squad/Parts/Utility/DirectAntennas/HG-5/HighGainAntenna5'
[LOG 21:50:06.547] PartLoader: Part 'Squad/Parts/Utility/DirectAntennas/HG-5/HighGainAntenna5' has no database record. Creating.
[LOG 21:50:06.547] [DragCubeSystem]: Drag cubes not found or cannot be read for part Part. Generating New drag cubes.
[LOG 21:50:06.547] [KSPCF/DragCubeGeneration] Creating drag cubes for part 'HighGainAntenna5'
[LOG 21:50:06.561] PartLoader: Compiling Part 'Squad/Parts/Utility/DirectAntennas/HG-5_v2/HighGainAntenna5_v2'
[LOG 21:50:06.563] PartLoader: Part 'Squad/Parts/Utility/DirectAntennas/HG-5_v2/HighGainAntenna5_v2' has no database record. Creating.
[LOG 21:50:06.563] [DragCubeSystem]: Drag cubes not found or cannot be read for part Part. Generating New drag cubes.
[LOG 21:50:06.563] [KSPCF/DragCubeGeneration] Creating drag cubes for part 'HighGainAntenna5.v2'
[LOG 21:50:06.577] PartLoader: Compiling Part 'Squad/Parts/Utility/dockingPort/dockingPort/dockingPort2'
[LOG 21:50:06.583] PartLoader: Part 'Squad/Parts/Utility/dockingPort/dockingPort/dockingPort2' has no database record. Creating.
[LOG 21:50:06.583] [DragCubeSystem]: Drag cubes not found or cannot be read for part Part. Generating New drag cubes.
[LOG 21:50:06.583] [KSPCF/DragCubeGeneration] Creating drag cubes for part 'dockingPort2'
[LOG 21:50:06.589] PartLoader: Compiling Part 'Squad/Parts/Utility/dockingPortInline/dockingPortInline/dockingPortLateral'
[LOG 21:50:06.592] PartLoader: Part 'Squad/Parts/Utility/dockingPortInline/dockingPortInline/dockingPortLateral' has no database record. Creating.
[LOG 21:50:06.592] [DragCubeSystem]: Drag cubes not found or cannot be read for part Part. Generating New drag cubes.
[LOG 21:50:06.592] [KSPCF/DragCubeGeneration] Creating drag cubes for part 'dockingPortLateral'
[LOG 21:50:06.607] PartLoader: Compiling Part 'Squad/Parts/Utility/dockingPortJr/dockingPortJr/dockingPort3'
[LOG 21:50:06.609] PartLoader: Part 'Squad/Parts/Utility/dockingPortJr/dockingPortJr/dockingPort3' has no database record. Creating.
[LOG 21:50:06.610] [DragCubeSystem]: Drag cubes not found or cannot be read for part Part. Generating New drag cubes.
[LOG 21:50:06.610] [KSPCF/DragCubeGeneration] Creating drag cubes for part 'dockingPort3'
[LOG 21:50:06.613] PartLoader: Compiling Part 'Squad/Parts/Utility/dockingPortShielded/dockingPortShielded/dockingPort1'
[LOG 21:50:06.617] PartLoader: Part 'Squad/Parts/Utility/dockingPortShielded/dockingPortShielded/dockingPort1' has no database record. Creating.
[LOG 21:50:06.617] [DragCubeSystem]: Drag cubes not found or cannot be read for part Part. Generating New drag cubes.
[LOG 21:50:06.617] [KSPCF/DragCubeGeneration] Creating drag cubes for part 'dockingPort1'
[LOG 21:50:06.631] PartLoader: Compiling Part 'Squad/Parts/Utility/dockingPortSr/dockingPortSr/dockingPortLarge'
[LOG 21:50:06.635] PartLoader: Part 'Squad/Parts/Utility/dockingPortSr/dockingPortSr/dockingPortLarge' has no database record. Creating.
[LOG 21:50:06.635] [DragCubeSystem]: Drag cubes not found or cannot be read for part Part. Generating New drag cubes.
[LOG 21:50:06.635] [KSPCF/DragCubeGeneration] Creating drag cubes for part 'dockingPortLarge'
[LOG 21:50:06.638] PartLoader: Compiling Part 'Squad/Parts/Utility/Fireworks/fireworksLauncherBig/fireworksLauncherBig'
[LOG 21:50:06.647] PartLoader: Part 'Squad/Parts/Utility/Fireworks/fireworksLauncherBig/fireworksLauncherBig' has no database record. Creating.
[LOG 21:50:06.647] [DragCubeSystem]: Drag cubes not found or cannot be read for part Part. Generating New drag cubes.
[LOG 21:50:06.647] [KSPCF/DragCubeGeneration] Creating drag cubes for part 'fireworksLauncherBig'
[LOG 21:50:06.652] PartLoader: Compiling Part 'Squad/Parts/Utility/Fireworks/fireworksLauncherSmall/fireworksLauncherSmall'
[LOG 21:50:06.656] PartLoader: Part 'Squad/Parts/Utility/Fireworks/fireworksLauncherSmall/fireworksLauncherSmall' has no database record. Creating.
[LOG 21:50:06.657] [DragCubeSystem]: Drag cubes not found or cannot be read for part Part. Generating New drag cubes.
[LOG 21:50:06.657] [KSPCF/DragCubeGeneration] Creating drag cubes for part 'fireworksLauncherSmall'
[LOG 21:50:06.662] PartLoader: Compiling Part 'Squad/Parts/Utility/flags/flagFlat/flagFlat/flagPartFlat'
[LOG 21:50:06.668] PartLoader: Part 'Squad/Parts/Utility/flags/flagFlat/flagFlat/flagPartFlat' has no database record. Creating.
[LOG 21:50:06.668] [DragCubeSystem]: Drag cubes not found or cannot be read for part Part. Generating New drag cubes.
[LOG 21:50:06.668] [KSPCF/DragCubeGeneration] Creating drag cubes for part 'flagPartFlat'
[LOG 21:50:06.672] PartLoader: Compiling Part 'Squad/Parts/Utility/flags/flagSize0/flagSize0/flagPartSize0'
[LOG 21:50:06.675] PartLoader: Part 'Squad/Parts/Utility/flags/flagSize0/flagSize0/flagPartSize0' has no database record. Creating.
[LOG 21:50:06.675] [DragCubeSystem]: Drag cubes not found or cannot be read for part Part. Generating New drag cubes.
[LOG 21:50:06.675] [KSPCF/DragCubeGeneration] Creating drag cubes for part 'flagPartSize0'
[LOG 21:50:06.681] PartLoader: Compiling Part 'Squad/Parts/Utility/flags/flagSize1/flagSize1/flagPartSize1'
[LOG 21:50:06.684] PartLoader: Part 'Squad/Parts/Utility/flags/flagSize1/flagSize1/flagPartSize1' has no database record. Creating.
[LOG 21:50:06.684] [DragCubeSystem]: Drag cubes not found or cannot be read for part Part. Generating New drag cubes.
[LOG 21:50:06.684] [KSPCF/DragCubeGeneration] Creating drag cubes for part 'flagPartSize1'
[LOG 21:50:06.689] PartLoader: Compiling Part 'Squad/Parts/Utility/flags/flagSize2/flagSize2/flagPartSize2'
[LOG 21:50:06.692] PartLoader: Part 'Squad/Parts/Utility/flags/flagSize2/flagSize2/flagPartSize2' has no database record. Creating.
[LOG 21:50:06.692] [DragCubeSystem]: Drag cubes not found or cannot be read for part Part. Generating New drag cubes.
[LOG 21:50:06.692] [KSPCF/DragCubeGeneration] Creating drag cubes for part 'flagPartSize2'
[LOG 21:50:06.697] PartLoader: Compiling Part 'Squad/Parts/Utility/flags/flagSize3/flagSize3/flagPartSize3'
[LOG 21:50:06.701] PartLoader: Part 'Squad/Parts/Utility/flags/flagSize3/flagSize3/flagPartSize3' has no database record. Creating.
[LOG 21:50:06.701] [DragCubeSystem]: Drag cubes not found or cannot be read for part Part. Generating New drag cubes.
[LOG 21:50:06.701] [KSPCF/DragCubeGeneration] Creating drag cubes for part 'flagPartSize3'
[LOG 21:50:06.705] PartLoader: Compiling Part 'Squad/Parts/Utility/GrapplingDevice/part/GrapplingDevice'
[LOG 21:50:06.713] PartLoader: Part 'Squad/Parts/Utility/GrapplingDevice/part/GrapplingDevice' has no database record. Creating.
[LOG 21:50:06.713] [DragCubeSystem]: Drag cubes not found or cannot be read for part Part. Generating New drag cubes.
[LOG 21:50:06.713] [KSPCF/DragCubeGeneration] Creating drag cubes for part 'GrapplingDevice'
[LOG 21:50:06.729] PartLoader: Compiling Part 'Squad/Parts/Utility/ladderRadial/ladderRadial/ladder1'
[LOG 21:50:06.731] PartLoader: Part 'Squad/Parts/Utility/ladderRadial/ladderRadial/ladder1' has no database record. Creating.
[LOG 21:50:06.731] [DragCubeSystem]: Drag cubes not found or cannot be read for part Part. Generating New drag cubes.
[LOG 21:50:06.731] [KSPCF/DragCubeGeneration] Creating drag cubes for part 'ladder1'
[LOG 21:50:06.735] PartLoader: Compiling Part 'Squad/Parts/Utility/ladderTelescopic/ladderTelescopic/telescopicLadder'
[LOG 21:50:06.739] PartLoader: Part 'Squad/Parts/Utility/ladderTelescopic/ladderTelescopic/telescopicLadder' has no database record. Creating.
[LOG 21:50:06.739] [DragCubeSystem]: Drag cubes not found or cannot be read for part Part. Generating New drag cubes.
[LOG 21:50:06.739] [KSPCF/DragCubeGeneration] Creating drag cubes for part 'telescopicLadder'
[LOG 21:50:06.753] PartLoader: Compiling Part 'Squad/Parts/Utility/ladderTelescopicBay/ladderTelescopicBay/telescopicLadderBay'
[LOG 21:50:06.761] PartLoader: Part 'Squad/Parts/Utility/ladderTelescopicBay/ladderTelescopicBay/telescopicLadderBay' has no database record. Creating.
[LOG 21:50:06.761] [DragCubeSystem]: Drag cubes not found or cannot be read for part Part. Generating New drag cubes.
[LOG 21:50:06.761] [KSPCF/DragCubeGeneration] Creating drag cubes for part 'telescopicLadderBay'
[LOG 21:50:06.777] PartLoader: Compiling Part 'Squad/Parts/Utility/landingLegLT-1/landingLegLT-1/landingLeg1'
[LOG 21:50:06.794] PartLoader: Part 'Squad/Parts/Utility/landingLegLT-1/landingLegLT-1/landingLeg1' has no database record. Creating.
[LOG 21:50:06.794] [DragCubeSystem]: Drag cubes not found or cannot be read for part Part. Generating New drag cubes.
[LOG 21:50:06.794] [KSPCF/DragCubeGeneration] Creating drag cubes for part 'landingLeg1'
[LOG 21:50:06.810] PartLoader: Compiling Part 'Squad/Parts/Utility/landingLegLT-2/landingLegLT-2/landingLeg1-2'
[LOG 21:50:06.813] PartLoader: Part 'Squad/Parts/Utility/landingLegLT-2/landingLegLT-2/landingLeg1-2' has no database record. Creating.
[LOG 21:50:06.813] [DragCubeSystem]: Drag cubes not found or cannot be read for part Part. Generating New drag cubes.
[LOG 21:50:06.813] [KSPCF/DragCubeGeneration] Creating drag cubes for part 'landingLeg1-2'
[LOG 21:50:06.827] PartLoader: Compiling Part 'Squad/Parts/Utility/landingLegLT-5/landingLegLT-5/miniLandingLeg'
[LOG 21:50:06.831] PartLoader: Part 'Squad/Parts/Utility/landingLegLT-5/landingLegLT-5/miniLandingLeg' has no database record. Creating.
[LOG 21:50:06.831] [DragCubeSystem]: Drag cubes not found or cannot be read for part Part. Generating New drag cubes.
[LOG 21:50:06.831] [KSPCF/DragCubeGeneration] Creating drag cubes for part 'miniLandingLeg'
[LOG 21:50:06.846] PartLoader: Compiling Part 'Squad/Parts/Utility/launchClamp1/launchClamp1/launchClamp1'
[LOG 21:50:06.850] PartLoader: Part 'Squad/Parts/Utility/launchClamp1/launchClamp1/launchClamp1' has no database record. Creating.
[LOG 21:50:06.850] [DragCubeSystem]: Drag cubes not found or cannot be read for part Part. Generating New drag cubes.
[LOG 21:50:06.850] [KSPCF/DragCubeGeneration] Creating drag cubes for part 'launchClamp1'
[LOG 21:50:06.855] PartLoader: Compiling Part 'Squad/Parts/Utility/launchEscapeSystem/part/LaunchEscapeSystem'
[LOG 21:50:06.859] PartLoader: Part 'Squad/Parts/Utility/launchEscapeSystem/part/LaunchEscapeSystem' has no database record. Creating.
[LOG 21:50:06.859] [DragCubeSystem]: Drag cubes not found or cannot be read for part Part. Generating New drag cubes.
[LOG 21:50:06.859] [KSPCF/DragCubeGeneration] Creating drag cubes for part 'LaunchEscapeSystem'
[LOG 21:50:06.864] PartLoader: Compiling Part 'Squad/Parts/Utility/Lights/domeLight1/domeLight1'
[LOG 21:50:06.866] PartLoader: Part 'Squad/Parts/Utility/Lights/domeLight1/domeLight1' has no database record. Creating.
[LOG 21:50:06.867] [DragCubeSystem]: Drag cubes not found or cannot be read for part Part. Generating New drag cubes.
[LOG 21:50:06.867] [KSPCF/DragCubeGeneration] Creating drag cubes for part 'domeLight1'
[LOG 21:50:06.871] PartLoader: Compiling Part 'Squad/Parts/Utility/Lights/groundLight1/groundLight1'
[LOG 21:50:06.875] PartLoader: Part 'Squad/Parts/Utility/Lights/groundLight1/groundLight1' has no database record. Creating.
[LOG 21:50:06.875] [DragCubeSystem]: Drag cubes not found or cannot be read for part Part. Generating New drag cubes.
[LOG 21:50:06.875] [KSPCF/DragCubeGeneration] Creating drag cubes for part 'groundLight1'
[LOG 21:50:06.881] PartLoader: Compiling Part 'Squad/Parts/Utility/Lights/groundLight2/groundLight2'
[LOG 21:50:06.883] PartLoader: Part 'Squad/Parts/Utility/Lights/groundLight2/groundLight2' has no database record. Creating.
[LOG 21:50:06.883] [DragCubeSystem]: Drag cubes not found or cannot be read for part Part. Generating New drag cubes.
[LOG 21:50:06.883] [KSPCF/DragCubeGeneration] Creating drag cubes for part 'groundLight2'
[LOG 21:50:06.887] PartLoader: Compiling Part 'Squad/Parts/Utility/Lights/navLight1/navLight1'
[LOG 21:50:06.890] PartLoader: Part 'Squad/Parts/Utility/Lights/navLight1/navLight1' has no database record. Creating.
[LOG 21:50:06.890] [DragCubeSystem]: Drag cubes not found or cannot be read for part Part. Generating New drag cubes.
[LOG 21:50:06.890] [KSPCF/DragCubeGeneration] Creating drag cubes for part 'navLight1'
[LOG 21:50:06.895] PartLoader: Compiling Part 'Squad/Parts/Utility/Lights/spotLight1/spotLight3'
[LOG 21:50:06.897] PartLoader: Part 'Squad/Parts/Utility/Lights/spotLight1/spotLight3' has no database record. Creating.
[LOG 21:50:06.897] [DragCubeSystem]: Drag cubes not found or cannot be read for part Part. Generating New drag cubes.
[LOG 21:50:06.898] [KSPCF/DragCubeGeneration] Creating drag cubes for part 'spotLight3'
[LOG 21:50:06.902] PartLoader: Compiling Part 'Squad/Parts/Utility/Lights/stripLight1/stripLight1'
[LOG 21:50:06.905] PartLoader: Part 'Squad/Parts/Utility/Lights/stripLight1/stripLight1' has no database record. Creating.
[LOG 21:50:06.905] [DragCubeSystem]: Drag cubes not found or cannot be read for part Part. Generating New drag cubes.
[LOG 21:50:06.905] [KSPCF/DragCubeGeneration] Creating drag cubes for part 'stripLight1'
[LOG 21:50:06.910] PartLoader: Compiling Part 'Squad/Parts/Utility/linearVernorRCS/linearRCS/linearRcs'
[LOG 21:50:06.916] PartLoader: Part 'Squad/Parts/Utility/linearVernorRCS/linearRCS/linearRcs' has no database record. Creating.
[LOG 21:50:06.916] [DragCubeSystem]: Drag cubes not found or cannot be read for part Part. Generating New drag cubes.
[LOG 21:50:06.916] [KSPCF/DragCubeGeneration] Creating drag cubes for part 'linearRcs'
[LOG 21:50:06.922] PartLoader: Compiling Part 'Squad/Parts/Utility/linearVernorRCS/vernorEngine/vernierEngine'
[LOG 21:50:06.925] PartLoader: Part 'Squad/Parts/Utility/linearVernorRCS/vernorEngine/vernierEngine' has no database record. Creating.
[LOG 21:50:06.925] [DragCubeSystem]: Drag cubes not found or cannot be read for part Part. Generating New drag cubes.
[LOG 21:50:06.925] [KSPCF/DragCubeGeneration] Creating drag cubes for part 'vernierEngine'
[LOG 21:50:06.930] PartLoader: Compiling Part 'Squad/Parts/Utility/mk2CargoBay/BayL/mk2CargoBayL'
[LOG 21:50:06.931] PartLoader: Part 'Squad/Parts/Utility/mk2CargoBay/BayL/mk2CargoBayL' has no database record. Creating.
[LOG 21:50:06.933] PartLoader: Compiling Part 'Squad/Parts/Utility/mk2CargoBay/BayS/mk2CargoBayS'
[LOG 21:50:06.935] PartLoader: Part 'Squad/Parts/Utility/mk2CargoBay/BayS/mk2CargoBayS' has no database record. Creating.
[LOG 21:50:06.935] PartLoader: Compiling Part 'Squad/Parts/Utility/mk2CrewCabin/mk2CrewCabin/mk2CrewCabin'
[WRN 21:50:06.936] [Part]: Cannot have ModuleCargoPart and ModuleInventoryPart on same Part [mk2CrewCabin'. Removed ModuleCargoPart
[LOG 21:50:06.941] PartLoader: Part 'Squad/Parts/Utility/mk2CrewCabin/mk2CrewCabin/mk2CrewCabin' has no database record. Creating.
[LOG 21:50:06.941] [DragCubeSystem]: Drag cubes not found or cannot be read for part Part. Generating New drag cubes.
[LOG 21:50:06.941] [KSPCF/DragCubeGeneration] Creating drag cubes for part 'mk2CrewCabin'
[LOG 21:50:06.948] PartLoader: Compiling Part 'Squad/Parts/Utility/mk2DockingPort/mk2DockingPort/mk2DockingPort'
[LOG 21:50:06.952] PartLoader: Part 'Squad/Parts/Utility/mk2DockingPort/mk2DockingPort/mk2DockingPort' has no database record. Creating.
[LOG 21:50:06.953] PartLoader: Compiling Part 'Squad/Parts/Utility/mk3CargoBay/long/mk3CargoBayL'
[LOG 21:50:06.956] PartLoader: Part 'Squad/Parts/Utility/mk3CargoBay/long/mk3CargoBayL' has no database record. Creating.
[LOG 21:50:06.956] PartLoader: Compiling Part 'Squad/Parts/Utility/mk3CargoBay/medium/mk3CargoBayM'
[LOG 21:50:06.959] PartLoader: Part 'Squad/Parts/Utility/mk3CargoBay/medium/mk3CargoBayM' has no database record. Creating.
[LOG 21:50:06.959] PartLoader: Compiling Part 'Squad/Parts/Utility/mk3CargoBay/ramp/mk3CargoRamp'
[LOG 21:50:06.963] PartLoader: Part 'Squad/Parts/Utility/mk3CargoBay/ramp/mk3CargoRamp' has no database record. Creating.
[LOG 21:50:06.963] PartLoader: Compiling Part 'Squad/Parts/Utility/mk3CargoBay/short/mk3CargoBayS'
[LOG 21:50:06.966] PartLoader: Part 'Squad/Parts/Utility/mk3CargoBay/short/mk3CargoBayS' has no database record. Creating.
[LOG 21:50:06.966] PartLoader: Compiling Part 'Squad/Parts/Utility/parachuteMk1/parachuteMk1/parachuteSingle'
[LOG 21:50:06.974] PartLoader: Part 'Squad/Parts/Utility/parachuteMk1/parachuteMk1/parachuteSingle' has no database record. Creating.
[LOG 21:50:06.974] [DragCubeSystem]: Drag cubes not found or cannot be read for part Part. Generating New drag cubes.
[LOG 21:50:06.974] [KSPCF/DragCubeGeneration] Creating drag cubes for part 'parachuteSingle'
[LOG 21:50:07.000] PartLoader: Compiling Part 'Squad/Parts/Utility/parachuteMk12-R/parachuteMk12-R/radialDrogue'
[LOG 21:50:07.006] PartLoader: Part 'Squad/Parts/Utility/parachuteMk12-R/parachuteMk12-R/radialDrogue' has no database record. Creating.
[LOG 21:50:07.007] [DragCubeSystem]: Drag cubes not found or cannot be read for part Part. Generating New drag cubes.
[LOG 21:50:07.007] [KSPCF/DragCubeGeneration] Creating drag cubes for part 'radialDrogue'
[LOG 21:50:07.031] PartLoader: Compiling Part 'Squad/Parts/Utility/parachuteMk16-XL/parachuteMk16-XL/parachuteLarge'
[LOG 21:50:07.034] PartLoader: Part 'Squad/Parts/Utility/parachuteMk16-XL/parachuteMk16-XL/parachuteLarge' has no database record. Creating.
[LOG 21:50:07.034] [DragCubeSystem]: Drag cubes not found or cannot be read for part Part. Generating New drag cubes.
[LOG 21:50:07.034] [KSPCF/DragCubeGeneration] Creating drag cubes for part 'parachuteLarge'
[LOG 21:50:07.053] PartLoader: Compiling Part 'Squad/Parts/Utility/parachuteMk2-R/parachuteMk2-R/parachuteRadial'
[LOG 21:50:07.056] PartLoader: Part 'Squad/Parts/Utility/parachuteMk2-R/parachuteMk2-R/parachuteRadial' has no database record. Creating.
[LOG 21:50:07.056] [DragCubeSystem]: Drag cubes not found or cannot be read for part Part. Generating New drag cubes.
[LOG 21:50:07.056] [KSPCF/DragCubeGeneration] Creating drag cubes for part 'parachuteRadial'
[LOG 21:50:07.077] PartLoader: Compiling Part 'Squad/Parts/Utility/parachuteMk25/parachuteMk25/parachuteDrogue'
[LOG 21:50:07.080] PartLoader: Part 'Squad/Parts/Utility/parachuteMk25/parachuteMk25/parachuteDrogue' has no database record. Creating.
[LOG 21:50:07.080] [DragCubeSystem]: Drag cubes not found or cannot be read for part Part. Generating New drag cubes.
[LOG 21:50:07.080] [KSPCF/DragCubeGeneration] Creating drag cubes for part 'parachuteDrogue'
[LOG 21:50:07.098] PartLoader: Compiling Part 'Squad/Parts/Utility/radialAttachmentPoint/radialAttachmentPoint/stackPoint1'
[LOG 21:50:07.100] PartLoader: Part 'Squad/Parts/Utility/radialAttachmentPoint/radialAttachmentPoint/stackPoint1' has no database record. Creating.
[LOG 21:50:07.100] [DragCubeSystem]: Drag cubes not found or cannot be read for part Part. Generating New drag cubes.
[LOG 21:50:07.100] [KSPCF/DragCubeGeneration] Creating drag cubes for part 'stackPoint1'
[LOG 21:50:07.106] PartLoader: Compiling Part 'Squad/Parts/Utility/rcsBlockRV-105_v2/rcsBlockRV-105/RCSBlock_v2'
[LOG 21:50:07.110] PartLoader: Part 'Squad/Parts/Utility/rcsBlockRV-105_v2/rcsBlockRV-105/RCSBlock_v2' has no database record. Creating.
[LOG 21:50:07.110] [DragCubeSystem]: Drag cubes not found or cannot be read for part Part. Generating New drag cubes.
[LOG 21:50:07.110] [KSPCF/DragCubeGeneration] Creating drag cubes for part 'RCSBlock.v2'
[LOG 21:50:07.143] PartLoader: Compiling Part 'Squad/Parts/Utility/rcsBlockRV-105_v2/RCSblock_01_small/RCSblock_01_small'
[LOG 21:50:07.147] PartLoader: Part 'Squad/Parts/Utility/rcsBlockRV-105_v2/RCSblock_01_small/RCSblock_01_small' has no database record. Creating.
[LOG 21:50:07.147] [DragCubeSystem]: Drag cubes not found or cannot be read for part Part. Generating New drag cubes.
[LOG 21:50:07.147] [KSPCF/DragCubeGeneration] Creating drag cubes for part 'RCSblock.01.small'
[LOG 21:50:07.180] PartLoader: Compiling Part 'Squad/Parts/Utility/rcsSmallLinear/RCSLinearSmall/RCSLinearSmall'
[LOG 21:50:07.184] PartLoader: Part 'Squad/Parts/Utility/rcsSmallLinear/RCSLinearSmall/RCSLinearSmall' has no database record. Creating.
[LOG 21:50:07.184] [DragCubeSystem]: Drag cubes not found or cannot be read for part Part. Generating New drag cubes.
[LOG 21:50:07.184] [KSPCF/DragCubeGeneration] Creating drag cubes for part 'RCSLinearSmall'
[LOG 21:50:07.198] PartLoader: Compiling Part 'Squad/Parts/Utility/RelayAntennas/RA-100/RelayAntenna100'
[LOG 21:50:07.201] PartLoader: Part 'Squad/Parts/Utility/RelayAntennas/RA-100/RelayAntenna100' has no database record. Creating.
[LOG 21:50:07.201] [DragCubeSystem]: Drag cubes not found or cannot be read for part Part. Generating New drag cubes.
[LOG 21:50:07.201] [KSPCF/DragCubeGeneration] Creating drag cubes for part 'RelayAntenna100'
[LOG 21:50:07.205] PartLoader: Compiling Part 'Squad/Parts/Utility/RelayAntennas/RA-5/RelayAntenna5'
[LOG 21:50:07.207] PartLoader: Part 'Squad/Parts/Utility/RelayAntennas/RA-5/RelayAntenna5' has no database record. Creating.
[LOG 21:50:07.207] [DragCubeSystem]: Drag cubes not found or cannot be read for part Part. Generating New drag cubes.
[LOG 21:50:07.207] [KSPCF/DragCubeGeneration] Creating drag cubes for part 'RelayAntenna5'
[LOG 21:50:07.213] PartLoader: Compiling Part 'Squad/Parts/Utility/RelayAntennas/RA-50/RelayAntenna50'
[LOG 21:50:07.215] PartLoader: Part 'Squad/Parts/Utility/RelayAntennas/RA-50/RelayAntenna50' has no database record. Creating.
[LOG 21:50:07.215] [DragCubeSystem]: Drag cubes not found or cannot be read for part Part. Generating New drag cubes.
[LOG 21:50:07.215] [KSPCF/DragCubeGeneration] Creating drag cubes for part 'RelayAntenna50'
[LOG 21:50:07.219] PartLoader: Compiling Part 'Squad/Parts/Utility/rockomaxAdapters/largeAdapter/largeAdapter'
[LOG 21:50:07.221] PartLoader: Part 'Squad/Parts/Utility/rockomaxAdapters/largeAdapter/largeAdapter' has no database record. Creating.
[LOG 21:50:07.221] [DragCubeSystem]: Drag cubes not found or cannot be read for part Part. Generating New drag cubes.
[LOG 21:50:07.221] [KSPCF/DragCubeGeneration] Creating drag cubes for part 'largeAdapter'
[LOG 21:50:07.226] PartLoader: Compiling Part 'Squad/Parts/Utility/rockomaxAdapters/largeAdapterShort/largeAdapter2'
[LOG 21:50:07.229] PartLoader: Part 'Squad/Parts/Utility/rockomaxAdapters/largeAdapterShort/largeAdapter2' has no database record. Creating.
[LOG 21:50:07.229] [DragCubeSystem]: Drag cubes not found or cannot be read for part Part. Generating New drag cubes.
[LOG 21:50:07.229] [KSPCF/DragCubeGeneration] Creating drag cubes for part 'largeAdapter2'
[LOG 21:50:07.234] PartLoader: Compiling Part 'Squad/Parts/Utility/ServiceBay_v2/ServiceBay_125_v2/ServiceBay_125_v2'
[LOG 21:50:07.237] PartLoader: Part 'Squad/Parts/Utility/ServiceBay_v2/ServiceBay_125_v2/ServiceBay_125_v2' has no database record. Creating.
[LOG 21:50:07.237] [DragCubeSystem]: Drag cubes not found or cannot be read for part Part. Generating New drag cubes.
[LOG 21:50:07.237] [KSPCF/DragCubeGeneration] Creating drag cubes for part 'ServiceBay.125.v2'
[LOG 21:50:07.250] PartLoader: Compiling Part 'Squad/Parts/Utility/ServiceBay_v2/ServiceBay_250_v2/ServiceBay_250_v2'
[LOG 21:50:07.253] PartLoader: Part 'Squad/Parts/Utility/ServiceBay_v2/ServiceBay_250_v2/ServiceBay_250_v2' has no database record. Creating.
[LOG 21:50:07.253] [DragCubeSystem]: Drag cubes not found or cannot be read for part Part. Generating New drag cubes.
[LOG 21:50:07.253] [KSPCF/DragCubeGeneration] Creating drag cubes for part 'ServiceBay.250.v2'
[LOG 21:50:07.266] PartLoader: Compiling Part 'Squad/Parts/Utility/smallClaw/smallClaw/smallClaw'
[LOG 21:50:07.271] PartLoader: Part 'Squad/Parts/Utility/smallClaw/smallClaw/smallClaw' has no database record. Creating.
[LOG 21:50:07.271] [DragCubeSystem]: Drag cubes not found or cannot be read for part Part. Generating New drag cubes.
[LOG 21:50:07.271] [KSPCF/DragCubeGeneration] Creating drag cubes for part 'smallClaw'
[LOG 21:50:07.296] PartLoader: Compiling Part 'Squad/Parts/Utility/spotLightMk1/spotLightMk1/spotLight1'
[LOG 21:50:07.300] PartLoader: Part 'Squad/Parts/Utility/spotLightMk1/spotLightMk1/spotLight1' has no database record. Creating.
[LOG 21:50:07.300] [DragCubeSystem]: Drag cubes not found or cannot be read for part Part. Generating New drag cubes.
[LOG 21:50:07.300] [KSPCF/DragCubeGeneration] Creating drag cubes for part 'spotLight1'
[LOG 21:50:07.303] PartLoader: Compiling Part 'Squad/Parts/Utility/spotLightMk1_v2/spotLightMk1_v2/spotLight1_v2'
[LOG 21:50:07.306] PartLoader: Part 'Squad/Parts/Utility/spotLightMk1_v2/spotLightMk1_v2/spotLight1_v2' has no database record. Creating.
[LOG 21:50:07.306] [DragCubeSystem]: Drag cubes not found or cannot be read for part Part. Generating New drag cubes.
[LOG 21:50:07.306] [KSPCF/DragCubeGeneration] Creating drag cubes for part 'spotLight1.v2'
[LOG 21:50:07.310] PartLoader: Compiling Part 'Squad/Parts/Utility/spotLightMk2/spotLightMk2/spotLight2'
[LOG 21:50:07.314] PartLoader: Part 'Squad/Parts/Utility/spotLightMk2/spotLightMk2/spotLight2' has no database record. Creating.
[LOG 21:50:07.314] [DragCubeSystem]: Drag cubes not found or cannot be read for part Part. Generating New drag cubes.
[LOG 21:50:07.314] [KSPCF/DragCubeGeneration] Creating drag cubes for part 'spotLight2'
[LOG 21:50:07.318] PartLoader: Compiling Part 'Squad/Parts/Utility/spotLightMk2_v2/spotLightMk2_v2/spotLight2_v2'
[LOG 21:50:07.320] PartLoader: Part 'Squad/Parts/Utility/spotLightMk2_v2/spotLightMk2_v2/spotLight2_v2' has no database record. Creating.
[LOG 21:50:07.320] [DragCubeSystem]: Drag cubes not found or cannot be read for part Part. Generating New drag cubes.
[LOG 21:50:07.320] [KSPCF/DragCubeGeneration] Creating drag cubes for part 'spotLight2.v2'
[LOG 21:50:07.325] PartLoader: Compiling Part 'Squad/Parts/Utility/stackCouplers/stackBiCoupler_v2/stackBiCoupler_v2'
[LOG 21:50:07.328] PartLoader: Part 'Squad/Parts/Utility/stackCouplers/stackBiCoupler_v2/stackBiCoupler_v2' has no database record. Creating.
[LOG 21:50:07.328] [DragCubeSystem]: Drag cubes not found or cannot be read for part Part. Generating New drag cubes.
[LOG 21:50:07.328] [KSPCF/DragCubeGeneration] Creating drag cubes for part 'stackBiCoupler.v2'
[LOG 21:50:07.331] PartLoader: Compiling Part 'Squad/Parts/Utility/stackCouplers/stackQuadCoupler/stackQuadCoupler'
[LOG 21:50:07.333] PartLoader: Part 'Squad/Parts/Utility/stackCouplers/stackQuadCoupler/stackQuadCoupler' has no database record. Creating.
[LOG 21:50:07.333] [DragCubeSystem]: Drag cubes not found or cannot be read for part Part. Generating New drag cubes.
[LOG 21:50:07.333] [KSPCF/DragCubeGeneration] Creating drag cubes for part 'stackQuadCoupler'
[LOG 21:50:07.337] PartLoader: Compiling Part 'Squad/Parts/Utility/stackCouplers/stackTriCoupler_v2/stackTriCoupler_v2'
[LOG 21:50:07.339] PartLoader: Part 'Squad/Parts/Utility/stackCouplers/stackTriCoupler_v2/stackTriCoupler_v2' has no database record. Creating.
[LOG 21:50:07.339] [DragCubeSystem]: Drag cubes not found or cannot be read for part Part. Generating New drag cubes.
[LOG 21:50:07.339] [KSPCF/DragCubeGeneration] Creating drag cubes for part 'stackTriCoupler.v2'
[LOG 21:50:07.343] PartLoader: Compiling Part 'Squad/Parts/Wheel/LandingGear/GearExtraLarge/GearLarge'
[LOG 21:50:07.351] PartLoader: Part 'Squad/Parts/Wheel/LandingGear/GearExtraLarge/GearLarge' has no database record. Creating.
[LOG 21:50:07.351] [DragCubeSystem]: Drag cubes not found or cannot be read for part Part. Generating New drag cubes.
[LOG 21:50:07.351] [KSPCF/DragCubeGeneration] Creating drag cubes for part 'GearLarge'
[LOG 21:50:07.367] PartLoader: Compiling Part 'Squad/Parts/Wheel/LandingGear/GearFixed/GearFixed'
[LOG 21:50:07.370] PartLoader: Part 'Squad/Parts/Wheel/LandingGear/GearFixed/GearFixed' has no database record. Creating.
[LOG 21:50:07.370] [DragCubeSystem]: Drag cubes not found or cannot be read for part Part. Generating New drag cubes.
[LOG 21:50:07.370] [KSPCF/DragCubeGeneration] Creating drag cubes for part 'GearFixed'
[LOG 21:50:07.374] PartLoader: Compiling Part 'Squad/Parts/Wheel/LandingGear/GearFree/GearFree'
[LOG 21:50:07.380] PartLoader: Part 'Squad/Parts/Wheel/LandingGear/GearFree/GearFree' has no database record. Creating.
[LOG 21:50:07.380] [DragCubeSystem]: Drag cubes not found or cannot be read for part Part. Generating New drag cubes.
[LOG 21:50:07.380] [KSPCF/DragCubeGeneration] Creating drag cubes for part 'GearFree'
[LOG 21:50:07.385] PartLoader: Compiling Part 'Squad/Parts/Wheel/LandingGear/GearLarge/GearMedium'
[LOG 21:50:07.392] PartLoader: Part 'Squad/Parts/Wheel/LandingGear/GearLarge/GearMedium' has no database record. Creating.
[LOG 21:50:07.392] [DragCubeSystem]: Drag cubes not found or cannot be read for part Part. Generating New drag cubes.
[LOG 21:50:07.392] [KSPCF/DragCubeGeneration] Creating drag cubes for part 'GearMedium'
[LOG 21:50:07.408] PartLoader: Compiling Part 'Squad/Parts/Wheel/LandingGear/GearMedium/GearSmall'
[LOG 21:50:07.415] PartLoader: Part 'Squad/Parts/Wheel/LandingGear/GearMedium/GearSmall' has no database record. Creating.
[LOG 21:50:07.415] [DragCubeSystem]: Drag cubes not found or cannot be read for part Part. Generating New drag cubes.
[LOG 21:50:07.415] [KSPCF/DragCubeGeneration] Creating drag cubes for part 'GearSmall'
[LOG 21:50:07.430] PartLoader: Compiling Part 'Squad/Parts/Wheel/LandingGear/GearSmall/SmallGearBay'
[LOG 21:50:07.438] PartLoader: Part 'Squad/Parts/Wheel/LandingGear/GearSmall/SmallGearBay' has no database record. Creating.
[LOG 21:50:07.438] [DragCubeSystem]: Drag cubes not found or cannot be read for part Part. Generating New drag cubes.
[LOG 21:50:07.438] [KSPCF/DragCubeGeneration] Creating drag cubes for part 'SmallGearBay'
[LOG 21:50:07.453] PartLoader: Compiling Part 'Squad/Parts/Wheel/roverWheelM1/roverWheelM1/roverWheel1'
[LOG 21:50:07.460] PartLoader: Part 'Squad/Parts/Wheel/roverWheelM1/roverWheelM1/roverWheel1' has no database record. Creating.
[LOG 21:50:07.460] [DragCubeSystem]: Drag cubes not found or cannot be read for part Part. Generating New drag cubes.
[LOG 21:50:07.460] [KSPCF/DragCubeGeneration] Creating drag cubes for part 'roverWheel1'
[LOG 21:50:07.466] PartLoader: Compiling Part 'Squad/Parts/Wheel/roverWheelS2/roverWheelS2/roverWheel2'
[LOG 21:50:07.471] PartLoader: Part 'Squad/Parts/Wheel/roverWheelS2/roverWheelS2/roverWheel2' has no database record. Creating.
[LOG 21:50:07.471] [DragCubeSystem]: Drag cubes not found or cannot be read for part Part. Generating New drag cubes.
[LOG 21:50:07.471] [KSPCF/DragCubeGeneration] Creating drag cubes for part 'roverWheel2'
[LOG 21:50:07.477] PartLoader: Compiling Part 'Squad/Parts/Wheel/roverWheelTR-2L/roverWheelTR-2L/wheelMed'
[LOG 21:50:07.480] PartLoader: Part 'Squad/Parts/Wheel/roverWheelTR-2L/roverWheelTR-2L/wheelMed' has no database record. Creating.
[LOG 21:50:07.480] [DragCubeSystem]: Drag cubes not found or cannot be read for part Part. Generating New drag cubes.
[LOG 21:50:07.481] [KSPCF/DragCubeGeneration] Creating drag cubes for part 'wheelMed'
[LOG 21:50:07.487] PartLoader: Compiling Part 'Squad/Parts/Wheel/roverWheelXL3/roverWheelXL3/roverWheel3'
[LOG 21:50:07.496] PartLoader: Part 'Squad/Parts/Wheel/roverWheelXL3/roverWheelXL3/roverWheel3' has no database record. Creating.
[LOG 21:50:07.496] [DragCubeSystem]: Drag cubes not found or cannot be read for part Part. Generating New drag cubes.
[LOG 21:50:07.496] [KSPCF/DragCubeGeneration] Creating drag cubes for part 'roverWheel3'
[LOG 21:50:07.503] PartLoader: Compiling Part 'SquadExpansion/MakingHistory/Parts/Aero/protectiveRocketNoseMk16/rocketNoseCone_size4/rocketNoseConeSize4'
[LOG 21:50:07.505] PartLoader: Part 'SquadExpansion/MakingHistory/Parts/Aero/protectiveRocketNoseMk16/rocketNoseCone_size4/rocketNoseConeSize4' has no database record. Creating.
[LOG 21:50:07.505] [DragCubeSystem]: Drag cubes not found or cannot be read for part Part. Generating New drag cubes.
[LOG 21:50:07.505] [KSPCF/DragCubeGeneration] Creating drag cubes for part 'rocketNoseConeSize4'
[LOG 21:50:07.509] PartLoader: Compiling Part 'SquadExpansion/MakingHistory/Parts/Aero/protectiveRocketNoseMk5A/Size_1_5_Cone/Size_1_5_Cone'
[LOG 21:50:07.511] PartLoader: Part 'SquadExpansion/MakingHistory/Parts/Aero/protectiveRocketNoseMk5A/Size_1_5_Cone/Size_1_5_Cone' has no database record. Creating.
[LOG 21:50:07.511] [DragCubeSystem]: Drag cubes not found or cannot be read for part Part. Generating New drag cubes.
[LOG 21:50:07.511] [KSPCF/DragCubeGeneration] Creating drag cubes for part 'Size.1.5.Cone'
[LOG 21:50:07.515] PartLoader: Compiling Part 'SquadExpansion/MakingHistory/Parts/Coupling/Decoupler_1p5/Decoupler_1p5'
[LOG 21:50:07.518] PartLoader: Part 'SquadExpansion/MakingHistory/Parts/Coupling/Decoupler_1p5/Decoupler_1p5' has no database record. Creating.
[LOG 21:50:07.519] PartLoader: Compiling Part 'SquadExpansion/MakingHistory/Parts/Coupling/Decoupler_4/Decoupler_4'
[LOG 21:50:07.521] PartLoader: Part 'SquadExpansion/MakingHistory/Parts/Coupling/Decoupler_4/Decoupler_4' has no database record. Creating.
[LOG 21:50:07.522] PartLoader: Compiling Part 'SquadExpansion/MakingHistory/Parts/Coupling/EnginePlate_1p5/EnginePlate1p5'
[LOG 21:50:07.529] PartLoader: Part 'SquadExpansion/MakingHistory/Parts/Coupling/EnginePlate_1p5/EnginePlate1p5' has no database record. Creating.
[LOG 21:50:07.529] [DragCubeSystem]: Drag cubes not found or cannot be read for part Part. Generating New drag cubes.
[LOG 21:50:07.529] [KSPCF/DragCubeGeneration] Part 'EnginePlate1p5' has defined a procedural drag cube setup
[LOG 21:50:07.529] PartLoader: Compiling Part 'SquadExpansion/MakingHistory/Parts/Coupling/EnginePlate_2/EnginePlate2'
[LOG 21:50:07.534] PartLoader: Part 'SquadExpansion/MakingHistory/Parts/Coupling/EnginePlate_2/EnginePlate2' has no database record. Creating.
[LOG 21:50:07.534] [DragCubeSystem]: Drag cubes not found or cannot be read for part Part. Generating New drag cubes.
[LOG 21:50:07.534] [KSPCF/DragCubeGeneration] Part 'EnginePlate2' has defined a procedural drag cube setup
[LOG 21:50:07.534] PartLoader: Compiling Part 'SquadExpansion/MakingHistory/Parts/Coupling/EnginePlate_3/EnginePlate3'
[LOG 21:50:07.537] PartLoader: Part 'SquadExpansion/MakingHistory/Parts/Coupling/EnginePlate_3/EnginePlate3' has no database record. Creating.
[LOG 21:50:07.537] [DragCubeSystem]: Drag cubes not found or cannot be read for part Part. Generating New drag cubes.
[LOG 21:50:07.537] [KSPCF/DragCubeGeneration] Part 'EnginePlate3' has defined a procedural drag cube setup
[LOG 21:50:07.538] PartLoader: Compiling Part 'SquadExpansion/MakingHistory/Parts/Coupling/EnginePlate_4/EnginePlate4'
[LOG 21:50:07.541] PartLoader: Part 'SquadExpansion/MakingHistory/Parts/Coupling/EnginePlate_4/EnginePlate4' has no database record. Creating.
[LOG 21:50:07.541] [DragCubeSystem]: Drag cubes not found or cannot be read for part Part. Generating New drag cubes.
[LOG 21:50:07.541] [KSPCF/DragCubeGeneration] Part 'EnginePlate4' has defined a procedural drag cube setup
[LOG 21:50:07.541] PartLoader: Compiling Part 'SquadExpansion/MakingHistory/Parts/Coupling/EnginePlate_5/EnginePlate5'
[LOG 21:50:07.544] PartLoader: Part 'SquadExpansion/MakingHistory/Parts/Coupling/EnginePlate_5/EnginePlate5' has no database record. Creating.
[LOG 21:50:07.544] [DragCubeSystem]: Drag cubes not found or cannot be read for part Part. Generating New drag cubes.
[LOG 21:50:07.544] [KSPCF/DragCubeGeneration] Part 'EnginePlate5' has defined a procedural drag cube setup
[LOG 21:50:07.544] PartLoader: Compiling Part 'SquadExpansion/MakingHistory/Parts/Coupling/InflatableAirlock/InflatableAirlock'
[LOG 21:50:07.547] PartLoader: Part 'SquadExpansion/MakingHistory/Parts/Coupling/InflatableAirlock/InflatableAirlock' has no database record. Creating.
[LOG 21:50:07.547] [DragCubeSystem]: Drag cubes not found or cannot be read for part Part. Generating New drag cubes.
[LOG 21:50:07.547] [KSPCF/DragCubeGeneration] Creating drag cubes for part 'InflatableAirlock'
[LOG 21:50:07.562] PartLoader: Compiling Part 'SquadExpansion/MakingHistory/Parts/Coupling/Separator_1p5/Separator_1p5'
[LOG 21:50:07.566] PartLoader: Part 'SquadExpansion/MakingHistory/Parts/Coupling/Separator_1p5/Separator_1p5' has no database record. Creating.
[LOG 21:50:07.566] PartLoader: Compiling Part 'SquadExpansion/MakingHistory/Parts/Coupling/Separator_4/Separator_4'
[LOG 21:50:07.569] PartLoader: Part 'SquadExpansion/MakingHistory/Parts/Coupling/Separator_4/Separator_4' has no database record. Creating.
[LOG 21:50:07.569] PartLoader: Compiling Part 'SquadExpansion/MakingHistory/Parts/Coupling/Size1p5_Strut_Decoupler/Size1p5_Strut_Decoupler'
[LOG 21:50:07.572] PartLoader: Part 'SquadExpansion/MakingHistory/Parts/Coupling/Size1p5_Strut_Decoupler/Size1p5_Strut_Decoupler' has no database record. Creating.
[LOG 21:50:07.572] PartLoader: Compiling Part 'SquadExpansion/MakingHistory/Parts/Engine/LiquidEngineKE-1/LiquidEngineKE-1'
[LOG 21:50:07.578] PartLoader: Part 'SquadExpansion/MakingHistory/Parts/Engine/LiquidEngineKE-1/LiquidEngineKE-1' has no database record. Creating.
[LOG 21:50:07.578] [DragCubeSystem]: Drag cubes not found or cannot be read for part Part. Generating New drag cubes.
[LOG 21:50:07.578] [KSPCF/DragCubeGeneration] Creating drag cubes for part 'LiquidEngineKE-1'
[LOG 21:50:07.613] PartLoader: Compiling Part 'SquadExpansion/MakingHistory/Parts/Engine/LiquidEngineLV-T91/LiquidEngineLV-T91'
[LOG 21:50:07.619] PartLoader: Part 'SquadExpansion/MakingHistory/Parts/Engine/LiquidEngineLV-T91/LiquidEngineLV-T91' has no database record. Creating.
[LOG 21:50:07.619] [DragCubeSystem]: Drag cubes not found or cannot be read for part Part. Generating New drag cubes.
[LOG 21:50:07.619] [KSPCF/DragCubeGeneration] Creating drag cubes for part 'LiquidEngineLV-T91'
[LOG 21:50:07.647] PartLoader: Compiling Part 'SquadExpansion/MakingHistory/Parts/Engine/LiquidEngineLV-TX87/LiquidEngineLV-TX87'
[LOG 21:50:07.661] PartLoader: Part 'SquadExpansion/MakingHistory/Parts/Engine/LiquidEngineLV-TX87/LiquidEngineLV-TX87' has no database record. Creating.
[LOG 21:50:07.661] [DragCubeSystem]: Drag cubes not found or cannot be read for part Part. Generating New drag cubes.
[LOG 21:50:07.661] [KSPCF/DragCubeGeneration] Creating drag cubes for part 'LiquidEngineLV-TX87'
[LOG 21:50:07.691] PartLoader: Compiling Part 'SquadExpansion/MakingHistory/Parts/Engine/LiquidEngineRE-I2/LiquidEngineRE-I2'
[LOG 21:50:07.698] PartLoader: Part 'SquadExpansion/MakingHistory/Parts/Engine/LiquidEngineRE-I2/LiquidEngineRE-I2' has no database record. Creating.
[LOG 21:50:07.698] [DragCubeSystem]: Drag cubes not found or cannot be read for part Part. Generating New drag cubes.
[LOG 21:50:07.698] [KSPCF/DragCubeGeneration] Creating drag cubes for part 'LiquidEngineRE-I2'
[LOG 21:50:07.726] PartLoader: Compiling Part 'SquadExpansion/MakingHistory/Parts/Engine/LiquidEngineRE-J10/LiquidEngineRE-J10'
[LOG 21:50:07.731] PartLoader: Part 'SquadExpansion/MakingHistory/Parts/Engine/LiquidEngineRE-J10/LiquidEngineRE-J10' has no database record. Creating.
[LOG 21:50:07.731] [DragCubeSystem]: Drag cubes not found or cannot be read for part Part. Generating New drag cubes.
[LOG 21:50:07.731] [KSPCF/DragCubeGeneration] Creating drag cubes for part 'LiquidEngineRE-J10'
[LOG 21:50:07.758] PartLoader: Compiling Part 'SquadExpansion/MakingHistory/Parts/Engine/LiquidEngineRK-7/LiquidEngineRK-7'
[LOG 21:50:07.763] PartLoader: Part 'SquadExpansion/MakingHistory/Parts/Engine/LiquidEngineRK-7/LiquidEngineRK-7' has no database record. Creating.
[LOG 21:50:07.763] [DragCubeSystem]: Drag cubes not found or cannot be read for part Part. Generating New drag cubes.
[LOG 21:50:07.763] [KSPCF/DragCubeGeneration] Creating drag cubes for part 'LiquidEngineRK-7'
[LOG 21:50:07.797] PartLoader: Compiling Part 'SquadExpansion/MakingHistory/Parts/Engine/LiquidEngineRV-1/LiquidEngineRV-1'
[LOG 21:50:07.802] PartLoader: Part 'SquadExpansion/MakingHistory/Parts/Engine/LiquidEngineRV-1/LiquidEngineRV-1' has no database record. Creating.
[LOG 21:50:07.802] [DragCubeSystem]: Drag cubes not found or cannot be read for part Part. Generating New drag cubes.
[LOG 21:50:07.802] [KSPCF/DragCubeGeneration] Creating drag cubes for part 'LiquidEngineRV-1'
[LOG 21:50:07.807] PartLoader: Compiling Part 'SquadExpansion/MakingHistory/Parts/Engine/solidBoosterTHK/solidBoosterTHK/Pollux'
[LOG 21:50:07.810] PartLoader: Part 'SquadExpansion/MakingHistory/Parts/Engine/solidBoosterTHK/solidBoosterTHK/Pollux' has no database record. Creating.
[LOG 21:50:07.811] [DragCubeSystem]: Drag cubes not found or cannot be read for part Part. Generating New drag cubes.
[LOG 21:50:07.811] [KSPCF/DragCubeGeneration] Creating drag cubes for part 'Pollux'
[LOG 21:50:07.816] PartLoader: Compiling Part 'SquadExpansion/MakingHistory/Parts/FuelTank/MonoPropMini/monopropMiniSphere'
[LOG 21:50:07.818] PartLoader: Part 'SquadExpansion/MakingHistory/Parts/FuelTank/MonoPropMini/monopropMiniSphere' has no database record. Creating.
[LOG 21:50:07.818] [DragCubeSystem]: Drag cubes not found or cannot be read for part Part. Generating New drag cubes.
[LOG 21:50:07.818] [KSPCF/DragCubeGeneration] Creating drag cubes for part 'monopropMiniSphere'
[LOG 21:50:07.821] PartLoader: Compiling Part 'SquadExpansion/MakingHistory/Parts/FuelTank/Size1p5_Monoprop/Size1p5_Monoprop'
[LOG 21:50:07.823] PartLoader: Part 'SquadExpansion/MakingHistory/Parts/FuelTank/Size1p5_Monoprop/Size1p5_Monoprop' has no database record. Creating.
[LOG 21:50:07.823] [DragCubeSystem]: Drag cubes not found or cannot be read for part Part. Generating New drag cubes.
[LOG 21:50:07.823] [KSPCF/DragCubeGeneration] Creating drag cubes for part 'Size1p5.Monoprop'
[LOG 21:50:07.828] PartLoader: Compiling Part 'SquadExpansion/MakingHistory/Parts/FuelTank/Size1p5_Size0_Adapter_01/Size1p5_Size0_Adapter_01'
[LOG 21:50:07.830] PartLoader: Part 'SquadExpansion/MakingHistory/Parts/FuelTank/Size1p5_Size0_Adapter_01/Size1p5_Size0_Adapter_01' has no database record. Creating.
[LOG 21:50:07.830] [DragCubeSystem]: Drag cubes not found or cannot be read for part Part. Generating New drag cubes.
[LOG 21:50:07.830] [KSPCF/DragCubeGeneration] Creating drag cubes for part 'Size1p5.Size0.Adapter.01'
[LOG 21:50:07.834] PartLoader: Compiling Part 'SquadExpansion/MakingHistory/Parts/FuelTank/Size1p5_Size1_Adapter_01/Size1p5_Size1_Adapter_01'
[LOG 21:50:07.836] PartLoader: Part 'SquadExpansion/MakingHistory/Parts/FuelTank/Size1p5_Size1_Adapter_01/Size1p5_Size1_Adapter_01' has no database record. Creating.
[LOG 21:50:07.836] [DragCubeSystem]: Drag cubes not found or cannot be read for part Part. Generating New drag cubes.
[LOG 21:50:07.836] [KSPCF/DragCubeGeneration] Creating drag cubes for part 'Size1p5.Size1.Adapter.01'
[LOG 21:50:07.841] PartLoader: Compiling Part 'SquadExpansion/MakingHistory/Parts/FuelTank/Size1p5_Size1_Adapter_02/Size1p5_Size1_Adapter_02'
[LOG 21:50:07.842] PartLoader: Part 'SquadExpansion/MakingHistory/Parts/FuelTank/Size1p5_Size1_Adapter_02/Size1p5_Size1_Adapter_02' has no database record. Creating.
[LOG 21:50:07.842] [DragCubeSystem]: Drag cubes not found or cannot be read for part Part. Generating New drag cubes.
[LOG 21:50:07.842] [KSPCF/DragCubeGeneration] Creating drag cubes for part 'Size1p5.Size1.Adapter.02'
[LOG 21:50:07.847] PartLoader: Compiling Part 'SquadExpansion/MakingHistory/Parts/FuelTank/Size1p5_Size2_Adapter_01/Size1p5_Size2_Adapter_01'
[LOG 21:50:07.848] PartLoader: Part 'SquadExpansion/MakingHistory/Parts/FuelTank/Size1p5_Size2_Adapter_01/Size1p5_Size2_Adapter_01' has no database record. Creating.
[LOG 21:50:07.848] [DragCubeSystem]: Drag cubes not found or cannot be read for part Part. Generating New drag cubes.
[LOG 21:50:07.848] [KSPCF/DragCubeGeneration] Creating drag cubes for part 'Size1p5.Size2.Adapter.01'
[LOG 21:50:07.853] PartLoader: Compiling Part 'SquadExpansion/MakingHistory/Parts/FuelTank/Size1p5_Tank_01/Size1p5_Tank_01'
[LOG 21:50:07.854] PartLoader: Part 'SquadExpansion/MakingHistory/Parts/FuelTank/Size1p5_Tank_01/Size1p5_Tank_01' has no database record. Creating.
[LOG 21:50:07.854] [DragCubeSystem]: Drag cubes not found or cannot be read for part Part. Generating New drag cubes.
[LOG 21:50:07.855] [KSPCF/DragCubeGeneration] Creating drag cubes for part 'Size1p5.Tank.01'
[LOG 21:50:07.859] PartLoader: Compiling Part 'SquadExpansion/MakingHistory/Parts/FuelTank/Size1p5_Tank_02/Size1p5_Tank_02'
[LOG 21:50:07.861] PartLoader: Part 'SquadExpansion/MakingHistory/Parts/FuelTank/Size1p5_Tank_02/Size1p5_Tank_02' has no database record. Creating.
[LOG 21:50:07.861] [DragCubeSystem]: Drag cubes not found or cannot be read for part Part. Generating New drag cubes.
[LOG 21:50:07.862] [KSPCF/DragCubeGeneration] Creating drag cubes for part 'Size1p5.Tank.02'
[LOG 21:50:07.867] PartLoader: Compiling Part 'SquadExpansion/MakingHistory/Parts/FuelTank/Size1p5_Tank_03/Size1p5_Tank_03'
[LOG 21:50:07.869] PartLoader: Part 'SquadExpansion/MakingHistory/Parts/FuelTank/Size1p5_Tank_03/Size1p5_Tank_03' has no database record. Creating.
[LOG 21:50:07.869] [DragCubeSystem]: Drag cubes not found or cannot be read for part Part. Generating New drag cubes.
[LOG 21:50:07.869] [KSPCF/DragCubeGeneration] Creating drag cubes for part 'Size1p5.Tank.03'
[LOG 21:50:07.873] PartLoader: Compiling Part 'SquadExpansion/MakingHistory/Parts/FuelTank/Size1p5_Tank_04/Size1p5_Tank_04'
[LOG 21:50:07.875] PartLoader: Part 'SquadExpansion/MakingHistory/Parts/FuelTank/Size1p5_Tank_04/Size1p5_Tank_04' has no database record. Creating.
[LOG 21:50:07.875] [DragCubeSystem]: Drag cubes not found or cannot be read for part Part. Generating New drag cubes.
[LOG 21:50:07.875] [KSPCF/DragCubeGeneration] Creating drag cubes for part 'Size1p5.Tank.04'
[LOG 21:50:07.879] PartLoader: Compiling Part 'SquadExpansion/MakingHistory/Parts/FuelTank/Size1p5_Tank_05/Size1p5_Tank_05'
[LOG 21:50:07.883] PartLoader: Part 'SquadExpansion/MakingHistory/Parts/FuelTank/Size1p5_Tank_05/Size1p5_Tank_05' has no database record. Creating.
[LOG 21:50:07.883] [DragCubeSystem]: Drag cubes not found or cannot be read for part Part. Generating New drag cubes.
[LOG 21:50:07.883] [KSPCF/DragCubeGeneration] Creating drag cubes for part 'Size1p5.Tank.05'
[LOG 21:50:07.887] PartLoader: Compiling Part 'SquadExpansion/MakingHistory/Parts/FuelTank/Size3_Size4_Adapter_01/Size3_Size4_Adapter_01'
[LOG 21:50:07.889] PartLoader: Part 'SquadExpansion/MakingHistory/Parts/FuelTank/Size3_Size4_Adapter_01/Size3_Size4_Adapter_01' has no database record. Creating.
[LOG 21:50:07.889] [DragCubeSystem]: Drag cubes not found or cannot be read for part Part. Generating New drag cubes.
[LOG 21:50:07.889] [KSPCF/DragCubeGeneration] Creating drag cubes for part 'Size3.Size4.Adapter.01'
[LOG 21:50:07.893] PartLoader: Compiling Part 'SquadExpansion/MakingHistory/Parts/FuelTank/Size4_EngineAdapter_01/Size4_EngineAdapter_01'
[LOG 21:50:07.895] PartLoader: Part 'SquadExpansion/MakingHistory/Parts/FuelTank/Size4_EngineAdapter_01/Size4_EngineAdapter_01' has no database record. Creating.
[LOG 21:50:07.895] [DragCubeSystem]: Drag cubes not found or cannot be read for part Part. Generating New drag cubes.
[LOG 21:50:07.895] [KSPCF/DragCubeGeneration] Creating drag cubes for part 'Size4.EngineAdapter.01'
[LOG 21:50:07.900] PartLoader: Compiling Part 'SquadExpansion/MakingHistory/Parts/FuelTank/Size4_Tank_01/Size4_Tank_01'
[LOG 21:50:07.901] PartLoader: Part 'SquadExpansion/MakingHistory/Parts/FuelTank/Size4_Tank_01/Size4_Tank_01' has no database record. Creating.
[LOG 21:50:07.901] [DragCubeSystem]: Drag cubes not found or cannot be read for part Part. Generating New drag cubes.
[LOG 21:50:07.901] [KSPCF/DragCubeGeneration] Creating drag cubes for part 'Size4.Tank.01'
[LOG 21:50:07.906] PartLoader: Compiling Part 'SquadExpansion/MakingHistory/Parts/FuelTank/Size4_Tank_02/Size4_Tank_02'
[LOG 21:50:07.908] PartLoader: Part 'SquadExpansion/MakingHistory/Parts/FuelTank/Size4_Tank_02/Size4_Tank_02' has no database record. Creating.
[LOG 21:50:07.908] [DragCubeSystem]: Drag cubes not found or cannot be read for part Part. Generating New drag cubes.
[LOG 21:50:07.908] [KSPCF/DragCubeGeneration] Creating drag cubes for part 'Size4.Tank.02'
[LOG 21:50:07.911] PartLoader: Compiling Part 'SquadExpansion/MakingHistory/Parts/FuelTank/Size4_Tank_03/Size4_Tank_03'
[LOG 21:50:07.913] PartLoader: Part 'SquadExpansion/MakingHistory/Parts/FuelTank/Size4_Tank_03/Size4_Tank_03' has no database record. Creating.
[LOG 21:50:07.913] [DragCubeSystem]: Drag cubes not found or cannot be read for part Part. Generating New drag cubes.
[LOG 21:50:07.913] [KSPCF/DragCubeGeneration] Creating drag cubes for part 'Size4.Tank.03'
[LOG 21:50:07.917] PartLoader: Compiling Part 'SquadExpansion/MakingHistory/Parts/FuelTank/Size4_Tank_04/Size4_Tank_04'
[LOG 21:50:07.918] PartLoader: Part 'SquadExpansion/MakingHistory/Parts/FuelTank/Size4_Tank_04/Size4_Tank_04' has no database record. Creating.
[LOG 21:50:07.918] [DragCubeSystem]: Drag cubes not found or cannot be read for part Part. Generating New drag cubes.
[LOG 21:50:07.918] [KSPCF/DragCubeGeneration] Creating drag cubes for part 'Size4.Tank.04'
[LOG 21:50:07.923] PartLoader: Compiling Part 'SquadExpansion/MakingHistory/Parts/Ground/RoverWheel/roverWheelM1-F'
[LOG 21:50:07.928] PartLoader: Part 'SquadExpansion/MakingHistory/Parts/Ground/RoverWheel/roverWheelM1-F' has no database record. Creating.
[LOG 21:50:07.928] [DragCubeSystem]: Drag cubes not found or cannot be read for part Part. Generating New drag cubes.
[LOG 21:50:07.929] [KSPCF/DragCubeGeneration] Creating drag cubes for part 'roverWheelM1-F'
[LOG 21:50:07.943] PartLoader: Compiling Part 'SquadExpansion/MakingHistory/Parts/Payload/fairingSize1p5/fairingSize1p5'
[LOG 21:50:07.950] PartLoader: Part 'SquadExpansion/MakingHistory/Parts/Payload/fairingSize1p5/fairingSize1p5' has no database record. Creating.
[LOG 21:50:07.950] [DragCubeSystem]: Drag cubes not found or cannot be read for part Part. Generating New drag cubes.
[LOG 21:50:07.950] [KSPCF/DragCubeGeneration] Creating drag cubes for part 'fairingSize1p5'
[LOG 21:50:07.956] PartLoader: Compiling Part 'SquadExpansion/MakingHistory/Parts/Payload/fairingSize4/fairingSize4'
[LOG 21:50:07.961] PartLoader: Part 'SquadExpansion/MakingHistory/Parts/Payload/fairingSize4/fairingSize4' has no database record. Creating.
[LOG 21:50:07.961] [DragCubeSystem]: Drag cubes not found or cannot be read for part Part. Generating New drag cubes.
[LOG 21:50:07.961] [KSPCF/DragCubeGeneration] Creating drag cubes for part 'fairingSize4'
[LOG 21:50:07.966] PartLoader: Compiling Part 'SquadExpansion/MakingHistory/Parts/Payload/Size1to0ServiceModule/Size1to0ServiceModule'
[LOG 21:50:07.972] PartLoader: Part 'SquadExpansion/MakingHistory/Parts/Payload/Size1to0ServiceModule/Size1to0ServiceModule' has no database record. Creating.
[LOG 21:50:07.972] [DragCubeSystem]: Drag cubes not found or cannot be read for part Part. Generating New drag cubes.
[LOG 21:50:07.972] [KSPCF/DragCubeGeneration] Part 'Size1to0ServiceModule' has defined a procedural drag cube setup
[LOG 21:50:07.972] PartLoader: Compiling Part 'SquadExpansion/MakingHistory/Parts/Payload/SM18/ServiceModule18'
[LOG 21:50:07.976] PartLoader: Part 'SquadExpansion/MakingHistory/Parts/Payload/SM18/ServiceModule18' has no database record. Creating.
[LOG 21:50:07.976] [DragCubeSystem]: Drag cubes not found or cannot be read for part Part. Generating New drag cubes.
[LOG 21:50:07.976] [KSPCF/DragCubeGeneration] Part 'ServiceModule18' has defined a procedural drag cube setup
[LOG 21:50:07.976] PartLoader: Compiling Part 'SquadExpansion/MakingHistory/Parts/Payload/SM25/ServiceModule25'
[LOG 21:50:07.980] PartLoader: Part 'SquadExpansion/MakingHistory/Parts/Payload/SM25/ServiceModule25' has no database record. Creating.
[LOG 21:50:07.980] [DragCubeSystem]: Drag cubes not found or cannot be read for part Part. Generating New drag cubes.
[LOG 21:50:07.980] [KSPCF/DragCubeGeneration] Part 'ServiceModule25' has defined a procedural drag cube setup
[LOG 21:50:07.980] PartLoader: Compiling Part 'SquadExpansion/MakingHistory/Parts/Pods/KV1Pod/kv1Pod'
[WRN 21:50:07.983] [Part]: Cannot have ModuleCargoPart and ModuleInventoryPart on same Part [kv1Pod'. Removed ModuleCargoPart
[LOG 21:50:07.985] PartLoader: Part 'SquadExpansion/MakingHistory/Parts/Pods/KV1Pod/kv1Pod' has no database record. Creating.
[LOG 21:50:07.986] PartLoader: Compiling Part 'SquadExpansion/MakingHistory/Parts/Pods/KV2Pod/kv2Pod'
[WRN 21:50:07.988] [Part]: Cannot have ModuleCargoPart and ModuleInventoryPart on same Part [kv2Pod'. Removed ModuleCargoPart
[LOG 21:50:07.991] PartLoader: Part 'SquadExpansion/MakingHistory/Parts/Pods/KV2Pod/kv2Pod' has no database record. Creating.
[LOG 21:50:07.991] PartLoader: Compiling Part 'SquadExpansion/MakingHistory/Parts/Pods/KV3Pod/kv3Pod'
[WRN 21:50:07.994] [Part]: Cannot have ModuleCargoPart and ModuleInventoryPart on same Part [kv3Pod'. Removed ModuleCargoPart
[LOG 21:50:07.995] PartLoader: Part 'SquadExpansion/MakingHistory/Parts/Pods/KV3Pod/kv3Pod' has no database record. Creating.
[LOG 21:50:07.997] PartLoader: Compiling Part 'SquadExpansion/MakingHistory/Parts/Pods/Mk2Pod/Mk2Pod'
[WRN 21:50:07.999] [Part]: Cannot have ModuleCargoPart and ModuleInventoryPart on same Part [Mk2Pod'. Removed ModuleCargoPart
[LOG 21:50:08.001] PartLoader: Part 'SquadExpansion/MakingHistory/Parts/Pods/Mk2Pod/Mk2Pod' has no database record. Creating.
[LOG 21:50:08.001] [DragCubeSystem]: Drag cubes not found or cannot be read for part Part. Generating New drag cubes.
[LOG 21:50:08.001] [KSPCF/DragCubeGeneration] Creating drag cubes for part 'Mk2Pod'
[LOG 21:50:08.007] PartLoader: Compiling Part 'SquadExpansion/MakingHistory/Parts/Pods/Size1_5_Lander/MEMLander'
[WRN 21:50:08.011] [Part]: Cannot add ModuleCargoPart as this Part 'MEMLander' already has a ModuleInventoryPart PartModule and they are mutually exclusive.
[LOG 21:50:08.014] PartLoader: Part 'SquadExpansion/MakingHistory/Parts/Pods/Size1_5_Lander/MEMLander' has no database record. Creating.
[LOG 21:50:08.014] [DragCubeSystem]: Drag cubes not found or cannot be read for part Part. Generating New drag cubes.
[LOG 21:50:08.014] [KSPCF/DragCubeGeneration] Creating drag cubes for part 'MEMLander'
[LOG 21:50:08.020] PartLoader: Compiling Part 'SquadExpansion/MakingHistory/Parts/Prebuilt/kerbalEVAfemaleVintage/kerbalEVAfemaleVintage'
[LOG 21:50:08.028] PartLoader: Compiling Part 'SquadExpansion/MakingHistory/Parts/Prebuilt/kerbalEVAVintage/kerbalEVAVintage'
[LOG 21:50:08.031] PartLoader: Compiling Part 'SquadExpansion/MakingHistory/Parts/Structural/EquiTriangle0/EquiTriangle0'
[LOG 21:50:08.034] PartLoader: Part 'SquadExpansion/MakingHistory/Parts/Structural/EquiTriangle0/EquiTriangle0' has no database record. Creating.
[LOG 21:50:08.034] [DragCubeSystem]: Drag cubes not found or cannot be read for part Part. Generating New drag cubes.
[LOG 21:50:08.034] [KSPCF/DragCubeGeneration] Creating drag cubes for part 'EquiTriangle0'
[LOG 21:50:08.039] PartLoader: Compiling Part 'SquadExpansion/MakingHistory/Parts/Structural/EquiTriangle1/EquiTriangle1'
[LOG 21:50:08.043] PartLoader: Part 'SquadExpansion/MakingHistory/Parts/Structural/EquiTriangle1/EquiTriangle1' has no database record. Creating.
[LOG 21:50:08.043] [DragCubeSystem]: Drag cubes not found or cannot be read for part Part. Generating New drag cubes.
[LOG 21:50:08.043] [KSPCF/DragCubeGeneration] Creating drag cubes for part 'EquiTriangle1'
[LOG 21:50:08.047] PartLoader: Compiling Part 'SquadExpansion/MakingHistory/Parts/Structural/EquiTriangle1p5/EquiTriangle1p5'
[LOG 21:50:08.049] PartLoader: Part 'SquadExpansion/MakingHistory/Parts/Structural/EquiTriangle1p5/EquiTriangle1p5' has no database record. Creating.
[LOG 21:50:08.050] [DragCubeSystem]: Drag cubes not found or cannot be read for part Part. Generating New drag cubes.
[LOG 21:50:08.050] [KSPCF/DragCubeGeneration] Creating drag cubes for part 'EquiTriangle1p5'
[LOG 21:50:08.053] PartLoader: Compiling Part 'SquadExpansion/MakingHistory/Parts/Structural/EquiTriangle2/EquiTriangle2'
[LOG 21:50:08.055] PartLoader: Part 'SquadExpansion/MakingHistory/Parts/Structural/EquiTriangle2/EquiTriangle2' has no database record. Creating.
[LOG 21:50:08.056] [DragCubeSystem]: Drag cubes not found or cannot be read for part Part. Generating New drag cubes.
[LOG 21:50:08.056] [KSPCF/DragCubeGeneration] Creating drag cubes for part 'EquiTriangle2'
[LOG 21:50:08.059] PartLoader: Compiling Part 'SquadExpansion/MakingHistory/Parts/Structural/Panel0/Panel0'
[LOG 21:50:08.061] PartLoader: Part 'SquadExpansion/MakingHistory/Parts/Structural/Panel0/Panel0' has no database record. Creating.
[LOG 21:50:08.061] [DragCubeSystem]: Drag cubes not found or cannot be read for part Part. Generating New drag cubes.
[LOG 21:50:08.061] [KSPCF/DragCubeGeneration] Creating drag cubes for part 'Panel0'
[LOG 21:50:08.065] PartLoader: Compiling Part 'SquadExpansion/MakingHistory/Parts/Structural/Panel1/Panel1'
[LOG 21:50:08.067] PartLoader: Part 'SquadExpansion/MakingHistory/Parts/Structural/Panel1/Panel1' has no database record. Creating.
[LOG 21:50:08.067] [DragCubeSystem]: Drag cubes not found or cannot be read for part Part. Generating New drag cubes.
[LOG 21:50:08.067] [KSPCF/DragCubeGeneration] Creating drag cubes for part 'Panel1'
[LOG 21:50:08.071] PartLoader: Compiling Part 'SquadExpansion/MakingHistory/Parts/Structural/Panel1p5/Panel1p5'
[LOG 21:50:08.074] PartLoader: Part 'SquadExpansion/MakingHistory/Parts/Structural/Panel1p5/Panel1p5' has no database record. Creating.
[LOG 21:50:08.074] [DragCubeSystem]: Drag cubes not found or cannot be read for part Part. Generating New drag cubes.
[LOG 21:50:08.074] [KSPCF/DragCubeGeneration] Creating drag cubes for part 'Panel1p5'
[LOG 21:50:08.081] PartLoader: Compiling Part 'SquadExpansion/MakingHistory/Parts/Structural/Panel2/Panel2'
[LOG 21:50:08.084] PartLoader: Part 'SquadExpansion/MakingHistory/Parts/Structural/Panel2/Panel2' has no database record. Creating.
[LOG 21:50:08.084] [DragCubeSystem]: Drag cubes not found or cannot be read for part Part. Generating New drag cubes.
[LOG 21:50:08.084] [KSPCF/DragCubeGeneration] Creating drag cubes for part 'Panel2'
[LOG 21:50:08.088] PartLoader: Compiling Part 'SquadExpansion/MakingHistory/Parts/Structural/Triangle0/Triangle0'
[LOG 21:50:08.091] PartLoader: Part 'SquadExpansion/MakingHistory/Parts/Structural/Triangle0/Triangle0' has no database record. Creating.
[LOG 21:50:08.091] [DragCubeSystem]: Drag cubes not found or cannot be read for part Part. Generating New drag cubes.
[LOG 21:50:08.091] [KSPCF/DragCubeGeneration] Creating drag cubes for part 'Triangle0'
[LOG 21:50:08.096] PartLoader: Compiling Part 'SquadExpansion/MakingHistory/Parts/Structural/Triangle1/Triangle1'
[LOG 21:50:08.099] PartLoader: Part 'SquadExpansion/MakingHistory/Parts/Structural/Triangle1/Triangle1' has no database record. Creating.
[LOG 21:50:08.099] [DragCubeSystem]: Drag cubes not found or cannot be read for part Part. Generating New drag cubes.
[LOG 21:50:08.099] [KSPCF/DragCubeGeneration] Creating drag cubes for part 'Triangle1'
[LOG 21:50:08.102] PartLoader: Compiling Part 'SquadExpansion/MakingHistory/Parts/Structural/Triangle1p5/Triangle1p5'
[LOG 21:50:08.105] PartLoader: Part 'SquadExpansion/MakingHistory/Parts/Structural/Triangle1p5/Triangle1p5' has no database record. Creating.
[LOG 21:50:08.105] [DragCubeSystem]: Drag cubes not found or cannot be read for part Part. Generating New drag cubes.
[LOG 21:50:08.106] [KSPCF/DragCubeGeneration] Creating drag cubes for part 'Triangle1p5'
[LOG 21:50:08.110] PartLoader: Compiling Part 'SquadExpansion/MakingHistory/Parts/Structural/Triangle2/Triangle2'
[LOG 21:50:08.116] PartLoader: Part 'SquadExpansion/MakingHistory/Parts/Structural/Triangle2/Triangle2' has no database record. Creating.
[LOG 21:50:08.117] [DragCubeSystem]: Drag cubes not found or cannot be read for part Part. Generating New drag cubes.
[LOG 21:50:08.117] [KSPCF/DragCubeGeneration] Creating drag cubes for part 'Triangle2'
[LOG 21:50:08.121] PartLoader: Compiling Part 'SquadExpansion/MakingHistory/Parts/Structural/Tube1/Tube1'
[LOG 21:50:08.124] PartLoader: Part 'SquadExpansion/MakingHistory/Parts/Structural/Tube1/Tube1' has no database record. Creating.
[LOG 21:50:08.124] PartLoader: Compiling Part 'SquadExpansion/MakingHistory/Parts/Structural/Tube1p5/Tube1p5'
[LOG 21:50:08.128] PartLoader: Part 'SquadExpansion/MakingHistory/Parts/Structural/Tube1p5/Tube1p5' has no database record. Creating.
[LOG 21:50:08.129] PartLoader: Compiling Part 'SquadExpansion/MakingHistory/Parts/Structural/Tube2/Tube2'
[LOG 21:50:08.131] PartLoader: Part 'SquadExpansion/MakingHistory/Parts/Structural/Tube2/Tube2' has no database record. Creating.
[LOG 21:50:08.132] PartLoader: Compiling Part 'SquadExpansion/MakingHistory/Parts/Structural/Tube3/Tube3'
[LOG 21:50:08.140] PartLoader: Part 'SquadExpansion/MakingHistory/Parts/Structural/Tube3/Tube3' has no database record. Creating.
[LOG 21:50:08.140] PartLoader: Compiling Part 'SquadExpansion/MakingHistory/Parts/Structural/Tube4/Tube4'
[LOG 21:50:08.142] PartLoader: Part 'SquadExpansion/MakingHistory/Parts/Structural/Tube4/Tube4' has no database record. Creating.
[LOG 21:50:08.143] PartLoader: Compiling Part 'SquadExpansion/MakingHistory/Parts/Thermal/HeatShield1p5/HeatShield1p5'
[LOG 21:50:08.146] PartLoader: Part 'SquadExpansion/MakingHistory/Parts/Thermal/HeatShield1p5/HeatShield1p5' has no database record. Creating.
[LOG 21:50:08.146] [DragCubeSystem]: Drag cubes not found or cannot be read for part Part. Generating New drag cubes.
[LOG 21:50:08.146] [KSPCF/DragCubeGeneration] Creating drag cubes for part 'HeatShield1p5'
[LOG 21:50:08.160] PartLoader: Compiling Part 'SquadExpansion/MakingHistory/Parts/Utility/flags/flagSize1p5/flagSize1p5/flagPartSize1p5'
[LOG 21:50:08.163] PartLoader: Part 'SquadExpansion/MakingHistory/Parts/Utility/flags/flagSize1p5/flagSize1p5/flagPartSize1p5' has no database record. Creating.
[LOG 21:50:08.164] [DragCubeSystem]: Drag cubes not found or cannot be read for part Part. Generating New drag cubes.
[LOG 21:50:08.164] [KSPCF/DragCubeGeneration] Creating drag cubes for part 'flagPartSize1p5'
[LOG 21:50:08.168] PartLoader: Compiling Part 'SquadExpansion/MakingHistory/Parts/Utility/flags/flagSize4/flagSize4/flagPartSize4'
[LOG 21:50:08.171] PartLoader: Part 'SquadExpansion/MakingHistory/Parts/Utility/flags/flagSize4/flagSize4/flagPartSize4' has no database record. Creating.
[LOG 21:50:08.171] [DragCubeSystem]: Drag cubes not found or cannot be read for part Part. Generating New drag cubes.
[LOG 21:50:08.171] [KSPCF/DragCubeGeneration] Creating drag cubes for part 'flagPartSize4'
[LOG 21:50:08.177] PartLoader: Compiling Part 'SquadExpansion/Serenity/Parts/Aero/FanShroud_01/FanShroud_01'
[LOG 21:50:08.179] PartLoader: Part 'SquadExpansion/Serenity/Parts/Aero/FanShroud_01/FanShroud_01' has no database record. Creating.
[LOG 21:50:08.179] [DragCubeSystem]: Drag cubes not found or cannot be read for part Part. Generating New drag cubes.
[LOG 21:50:08.179] [KSPCF/DragCubeGeneration] Creating drag cubes for part 'FanShroud.01'
[LOG 21:50:08.183] PartLoader: Compiling Part 'SquadExpansion/Serenity/Parts/Aero/FanShroud_02/FanShroud_02'
[LOG 21:50:08.185] PartLoader: Part 'SquadExpansion/Serenity/Parts/Aero/FanShroud_02/FanShroud_02' has no database record. Creating.
[LOG 21:50:08.185] [DragCubeSystem]: Drag cubes not found or cannot be read for part Part. Generating New drag cubes.
[LOG 21:50:08.185] [KSPCF/DragCubeGeneration] Creating drag cubes for part 'FanShroud.02'
[LOG 21:50:08.190] PartLoader: Compiling Part 'SquadExpansion/Serenity/Parts/Aero/FanShroud_03/FanShroud_03'
[LOG 21:50:08.193] PartLoader: Part 'SquadExpansion/Serenity/Parts/Aero/FanShroud_03/FanShroud_03' has no database record. Creating.
[LOG 21:50:08.193] [DragCubeSystem]: Drag cubes not found or cannot be read for part Part. Generating New drag cubes.
[LOG 21:50:08.193] [KSPCF/DragCubeGeneration] Creating drag cubes for part 'FanShroud.03'
[LOG 21:50:08.197] PartLoader: Compiling Part 'SquadExpansion/Serenity/Parts/Aero/noseconeTiny/noseconeTiny'
[LOG 21:50:08.198] PartLoader: Part 'SquadExpansion/Serenity/Parts/Aero/noseconeTiny/noseconeTiny' has no database record. Creating.
[LOG 21:50:08.198] [DragCubeSystem]: Drag cubes not found or cannot be read for part Part. Generating New drag cubes.
[LOG 21:50:08.198] [KSPCF/DragCubeGeneration] Creating drag cubes for part 'noseconeTiny'
[LOG 21:50:08.202] PartLoader: Compiling Part 'SquadExpansion/Serenity/Parts/Aero/noseconeVS/noseconeVS'
[LOG 21:50:08.204] PartLoader: Part 'SquadExpansion/Serenity/Parts/Aero/noseconeVS/noseconeVS' has no database record. Creating.
[LOG 21:50:08.204] [DragCubeSystem]: Drag cubes not found or cannot be read for part Part. Generating New drag cubes.
[LOG 21:50:08.204] [KSPCF/DragCubeGeneration] Creating drag cubes for part 'noseconeVS'
[LOG 21:50:08.208] PartLoader: Compiling Part 'SquadExpansion/Serenity/Parts/DeployedScience/centralStation/DeployedCentralStation'
[LOG 21:50:08.214] PartLoader: Part 'SquadExpansion/Serenity/Parts/DeployedScience/centralStation/DeployedCentralStation' has no database record. Creating.
[LOG 21:50:08.214] [DragCubeSystem]: Drag cubes not found or cannot be read for part Part. Generating New drag cubes.
[LOG 21:50:08.214] [KSPCF/DragCubeGeneration] Creating drag cubes for part 'DeployedCentralStation'
[LOG 21:50:08.241] PartLoader: Compiling Part 'SquadExpansion/Serenity/Parts/DeployedScience/gooObservation/DeployedGoExOb'
[LOG 21:50:08.247] PartLoader: Part 'SquadExpansion/Serenity/Parts/DeployedScience/gooObservation/DeployedGoExOb' has no database record. Creating.
[LOG 21:50:08.247] [DragCubeSystem]: Drag cubes not found or cannot be read for part Part. Generating New drag cubes.
[LOG 21:50:08.247] [KSPCF/DragCubeGeneration] Creating drag cubes for part 'DeployedGoExOb'
[LOG 21:50:08.274] PartLoader: Compiling Part 'SquadExpansion/Serenity/Parts/DeployedScience/ionCollector/DeployedIONExp'
[LOG 21:50:08.277] PartLoader: Part 'SquadExpansion/Serenity/Parts/DeployedScience/ionCollector/DeployedIONExp' has no database record. Creating.
[LOG 21:50:08.277] [DragCubeSystem]: Drag cubes not found or cannot be read for part Part. Generating New drag cubes.
[LOG 21:50:08.277] [KSPCF/DragCubeGeneration] Creating drag cubes for part 'DeployedIONExp'
[LOG 21:50:08.293] PartLoader: Compiling Part 'SquadExpansion/Serenity/Parts/DeployedScience/rtg/DeployedRTG'
[LOG 21:50:08.298] PartLoader: Part 'SquadExpansion/Serenity/Parts/DeployedScience/rtg/DeployedRTG' has no database record. Creating.
[LOG 21:50:08.298] [DragCubeSystem]: Drag cubes not found or cannot be read for part Part. Generating New drag cubes.
[LOG 21:50:08.298] [KSPCF/DragCubeGeneration] Creating drag cubes for part 'DeployedRTG'
[LOG 21:50:08.314] PartLoader: Compiling Part 'SquadExpansion/Serenity/Parts/DeployedScience/satDish/DeployedSatDish'
[LOG 21:50:08.321] PartLoader: Part 'SquadExpansion/Serenity/Parts/DeployedScience/satDish/DeployedSatDish' has no database record. Creating.
[LOG 21:50:08.321] [DragCubeSystem]: Drag cubes not found or cannot be read for part Part. Generating New drag cubes.
[LOG 21:50:08.321] [KSPCF/DragCubeGeneration] Creating drag cubes for part 'DeployedSatDish'
[LOG 21:50:08.337] PartLoader: Compiling Part 'SquadExpansion/Serenity/Parts/DeployedScience/seismicSensor/DeployedSeismicSensor'
[LOG 21:50:08.340] PartLoader: Part 'SquadExpansion/Serenity/Parts/DeployedScience/seismicSensor/DeployedSeismicSensor' has no database record. Creating.
[LOG 21:50:08.340] [DragCubeSystem]: Drag cubes not found or cannot be read for part Part. Generating New drag cubes.
[LOG 21:50:08.340] [KSPCF/DragCubeGeneration] Creating drag cubes for part 'DeployedSeismicSensor'
[LOG 21:50:08.354] PartLoader: Compiling Part 'SquadExpansion/Serenity/Parts/DeployedScience/solarPanel/DeployedSolarPanel'
[LOG 21:50:08.357] PartLoader: Part 'SquadExpansion/Serenity/Parts/DeployedScience/solarPanel/DeployedSolarPanel' has no database record. Creating.
[LOG 21:50:08.357] [DragCubeSystem]: Drag cubes not found or cannot be read for part Part. Generating New drag cubes.
[LOG 21:50:08.357] [KSPCF/DragCubeGeneration] Creating drag cubes for part 'DeployedSolarPanel'
[LOG 21:50:08.371] PartLoader: Compiling Part 'SquadExpansion/Serenity/Parts/DeployedScience/weatherStation/DeployedWeatherStn'
[LOG 21:50:08.374] PartLoader: Part 'SquadExpansion/Serenity/Parts/DeployedScience/weatherStation/DeployedWeatherStn' has no database record. Creating.
[LOG 21:50:08.374] [DragCubeSystem]: Drag cubes not found or cannot be read for part Part. Generating New drag cubes.
[LOG 21:50:08.374] [KSPCF/DragCubeGeneration] Creating drag cubes for part 'DeployedWeatherStn'
[LOG 21:50:08.401] PartLoader: Compiling Part 'SquadExpansion/Serenity/Parts/Prebuilt/kerbalEVA/kerbalEVA'
[LOG 21:50:08.402] PartLoader: Compiling Part 'SquadExpansion/Serenity/Parts/Prebuilt/kerbalEVAfemale/kerbalEVAfemale'
[LOG 21:50:08.403] PartLoader: Compiling Part 'SquadExpansion/Serenity/Parts/Prebuilt/kerbalEVAfemaleFuture/kerbalEVAfemaleFuture'
[LOG 21:50:08.408] PartLoader: Compiling Part 'SquadExpansion/Serenity/Parts/Prebuilt/kerbalEVAfemaleVintage/kerbalEVAfemaleVintage'
[LOG 21:50:08.409] PartLoader: Compiling Part 'SquadExpansion/Serenity/Parts/Prebuilt/kerbalEVAFuture/kerbalEVAFuture'
[LOG 21:50:08.413] PartLoader: Compiling Part 'SquadExpansion/Serenity/Parts/Prebuilt/kerbalEVASlimSuit/kerbalEVASlimSuit'
[LOG 21:50:08.414] PartLoader: Compiling Part 'SquadExpansion/Serenity/Parts/Prebuilt/kerbalEVASlimSuitFemale/kerbalEVASlimSuitFemale'
[LOG 21:50:08.415] PartLoader: Compiling Part 'SquadExpansion/Serenity/Parts/Prebuilt/kerbalEVAVintage/kerbalEVAVintage'
[LOG 21:50:08.416] PartLoader: Compiling Part 'SquadExpansion/Serenity/Parts/Propellers/largeFanBlade/largeFanBlade'
[LOG 21:50:08.419] PartLoader: Part 'SquadExpansion/Serenity/Parts/Propellers/largeFanBlade/largeFanBlade' has no database record. Creating.
[LOG 21:50:08.420] [DragCubeSystem]: Drag cubes not found or cannot be read for part Part. Generating New drag cubes.
[LOG 21:50:08.420] [KSPCF/DragCubeGeneration] Creating drag cubes for part 'largeFanBlade'
[LOG 21:50:08.438] PartLoader: Compiling Part 'SquadExpansion/Serenity/Parts/Propellers/largeHeliBlade/largeHeliBlade'
[LOG 21:50:08.441] PartLoader: Part 'SquadExpansion/Serenity/Parts/Propellers/largeHeliBlade/largeHeliBlade' has no database record. Creating.
[LOG 21:50:08.441] [DragCubeSystem]: Drag cubes not found or cannot be read for part Part. Generating New drag cubes.
[LOG 21:50:08.441] [KSPCF/DragCubeGeneration] Creating drag cubes for part 'largeHeliBlade'
[LOG 21:50:08.461] PartLoader: Compiling Part 'SquadExpansion/Serenity/Parts/Propellers/largePropeller/largePropeller'
[LOG 21:50:08.465] PartLoader: Part 'SquadExpansion/Serenity/Parts/Propellers/largePropeller/largePropeller' has no database record. Creating.
[LOG 21:50:08.465] [DragCubeSystem]: Drag cubes not found or cannot be read for part Part. Generating New drag cubes.
[LOG 21:50:08.465] [KSPCF/DragCubeGeneration] Creating drag cubes for part 'largePropeller'
[LOG 21:50:08.484] PartLoader: Compiling Part 'SquadExpansion/Serenity/Parts/Propellers/mediumFanBlade/mediumFanBlade'
[LOG 21:50:08.488] PartLoader: Part 'SquadExpansion/Serenity/Parts/Propellers/mediumFanBlade/mediumFanBlade' has no database record. Creating.
[LOG 21:50:08.488] [DragCubeSystem]: Drag cubes not found or cannot be read for part Part. Generating New drag cubes.
[LOG 21:50:08.488] [KSPCF/DragCubeGeneration] Creating drag cubes for part 'mediumFanBlade'
[LOG 21:50:08.509] PartLoader: Compiling Part 'SquadExpansion/Serenity/Parts/Propellers/mediumHeliBlade/mediumHeliBlade'
[LOG 21:50:08.514] PartLoader: Part 'SquadExpansion/Serenity/Parts/Propellers/mediumHeliBlade/mediumHeliBlade' has no database record. Creating.
[LOG 21:50:08.514] [DragCubeSystem]: Drag cubes not found or cannot be read for part Part. Generating New drag cubes.
[LOG 21:50:08.514] [KSPCF/DragCubeGeneration] Creating drag cubes for part 'mediumHeliBlade'
[LOG 21:50:08.534] PartLoader: Compiling Part 'SquadExpansion/Serenity/Parts/Propellers/mediumPropeller/mediumPropeller'
[LOG 21:50:08.537] PartLoader: Part 'SquadExpansion/Serenity/Parts/Propellers/mediumPropeller/mediumPropeller' has no database record. Creating.
[LOG 21:50:08.537] [DragCubeSystem]: Drag cubes not found or cannot be read for part Part. Generating New drag cubes.
[LOG 21:50:08.537] [KSPCF/DragCubeGeneration] Creating drag cubes for part 'mediumPropeller'
[LOG 21:50:08.556] PartLoader: Compiling Part 'SquadExpansion/Serenity/Parts/Propellers/smallFanBlade/smallFanBlade'
[LOG 21:50:08.559] PartLoader: Part 'SquadExpansion/Serenity/Parts/Propellers/smallFanBlade/smallFanBlade' has no database record. Creating.
[LOG 21:50:08.560] [DragCubeSystem]: Drag cubes not found or cannot be read for part Part. Generating New drag cubes.
[LOG 21:50:08.560] [KSPCF/DragCubeGeneration] Creating drag cubes for part 'smallFanBlade'
[LOG 21:50:08.579] PartLoader: Compiling Part 'SquadExpansion/Serenity/Parts/Propellers/smallHeliBlade/smallHeliBlade'
[LOG 21:50:08.583] PartLoader: Part 'SquadExpansion/Serenity/Parts/Propellers/smallHeliBlade/smallHeliBlade' has no database record. Creating.
[LOG 21:50:08.583] [DragCubeSystem]: Drag cubes not found or cannot be read for part Part. Generating New drag cubes.
[LOG 21:50:08.583] [KSPCF/DragCubeGeneration] Creating drag cubes for part 'smallHeliBlade'
[LOG 21:50:08.601] PartLoader: Compiling Part 'SquadExpansion/Serenity/Parts/Propellers/smallPropeller/smallPropeller'
[LOG 21:50:08.604] PartLoader: Part 'SquadExpansion/Serenity/Parts/Propellers/smallPropeller/smallPropeller' has no database record. Creating.
[LOG 21:50:08.604] [DragCubeSystem]: Drag cubes not found or cannot be read for part Part. Generating New drag cubes.
[LOG 21:50:08.604] [KSPCF/DragCubeGeneration] Creating drag cubes for part 'smallPropeller'
[LOG 21:50:08.623] PartLoader: Compiling Part 'SquadExpansion/Serenity/Parts/Robotics/hinge_01/hinge_01'
[LOG 21:50:08.634] PartLoader: Part 'SquadExpansion/Serenity/Parts/Robotics/hinge_01/hinge_01' has no database record. Creating.
[LOG 21:50:08.634] [DragCubeSystem]: Drag cubes not found or cannot be read for part Part. Generating New drag cubes.
[LOG 21:50:08.634] [KSPCF/DragCubeGeneration] Creating drag cubes for part 'hinge.01'
[LOG 21:50:08.640] PartLoader: Compiling Part 'SquadExpansion/Serenity/Parts/Robotics/hinge_01_s/hinge_01_s'
[LOG 21:50:08.643] PartLoader: Part 'SquadExpansion/Serenity/Parts/Robotics/hinge_01_s/hinge_01_s' has no database record. Creating.
[LOG 21:50:08.643] [DragCubeSystem]: Drag cubes not found or cannot be read for part Part. Generating New drag cubes.
[LOG 21:50:08.643] [KSPCF/DragCubeGeneration] Creating drag cubes for part 'hinge.01.s'
[LOG 21:50:08.648] PartLoader: Compiling Part 'SquadExpansion/Serenity/Parts/Robotics/hinge_03/hinge_03'
[LOG 21:50:08.653] PartLoader: Part 'SquadExpansion/Serenity/Parts/Robotics/hinge_03/hinge_03' has no database record. Creating.
[LOG 21:50:08.653] PartLoader: Compiling Part 'SquadExpansion/Serenity/Parts/Robotics/hinge_03_s/hinge_03_s'
[LOG 21:50:08.657] PartLoader: Part 'SquadExpansion/Serenity/Parts/Robotics/hinge_03_s/hinge_03_s' has no database record. Creating.
[LOG 21:50:08.657] PartLoader: Compiling Part 'SquadExpansion/Serenity/Parts/Robotics/hinge_04/hinge_04'
[LOG 21:50:08.662] PartLoader: Part 'SquadExpansion/Serenity/Parts/Robotics/hinge_04/hinge_04' has no database record. Creating.
[LOG 21:50:08.662] PartLoader: Compiling Part 'SquadExpansion/Serenity/Parts/Robotics/piston_01/piston_01'
[LOG 21:50:08.671] PartLoader: Part 'SquadExpansion/Serenity/Parts/Robotics/piston_01/piston_01' has no database record. Creating.
[LOG 21:50:08.673] PartLoader: Compiling Part 'SquadExpansion/Serenity/Parts/Robotics/piston_02/piston_02'
[LOG 21:50:08.676] PartLoader: Part 'SquadExpansion/Serenity/Parts/Robotics/piston_02/piston_02' has no database record. Creating.
[LOG 21:50:08.677] PartLoader: Compiling Part 'SquadExpansion/Serenity/Parts/Robotics/piston_03/piston_03'
[LOG 21:50:08.680] PartLoader: Part 'SquadExpansion/Serenity/Parts/Robotics/piston_03/piston_03' has no database record. Creating.
[LOG 21:50:08.680] PartLoader: Compiling Part 'SquadExpansion/Serenity/Parts/Robotics/piston_04/piston_04'
[LOG 21:50:08.683] PartLoader: Part 'SquadExpansion/Serenity/Parts/Robotics/piston_04/piston_04' has no database record. Creating.
[LOG 21:50:08.683] PartLoader: Compiling Part 'SquadExpansion/Serenity/Parts/Robotics/RotorEngine_02/RotorEngine_02'
[LOG 21:50:08.691] PartLoader: Part 'SquadExpansion/Serenity/Parts/Robotics/RotorEngine_02/RotorEngine_02' has no database record. Creating.
[LOG 21:50:08.691] [DragCubeSystem]: Drag cubes not found or cannot be read for part Part. Generating New drag cubes.
[LOG 21:50:08.691] [KSPCF/DragCubeGeneration] Creating drag cubes for part 'RotorEngine.02'
[LOG 21:50:08.698] PartLoader: Compiling Part 'SquadExpansion/Serenity/Parts/Robotics/RotorEngine_03/RotorEngine_03'
[LOG 21:50:08.701] PartLoader: Part 'SquadExpansion/Serenity/Parts/Robotics/RotorEngine_03/RotorEngine_03' has no database record. Creating.
[LOG 21:50:08.701] [DragCubeSystem]: Drag cubes not found or cannot be read for part Part. Generating New drag cubes.
[LOG 21:50:08.701] [KSPCF/DragCubeGeneration] Creating drag cubes for part 'RotorEngine.03'
[LOG 21:50:08.707] PartLoader: Compiling Part 'SquadExpansion/Serenity/Parts/Robotics/rotor_01/rotor_01'
[LOG 21:50:08.714] PartLoader: Part 'SquadExpansion/Serenity/Parts/Robotics/rotor_01/rotor_01' has no database record. Creating.
[LOG 21:50:08.714] [DragCubeSystem]: Drag cubes not found or cannot be read for part Part. Generating New drag cubes.
[LOG 21:50:08.714] [KSPCF/DragCubeGeneration] Creating drag cubes for part 'rotor.01'
[LOG 21:50:08.720] PartLoader: Compiling Part 'SquadExpansion/Serenity/Parts/Robotics/rotor_01s/rotor_01s'
[LOG 21:50:08.724] PartLoader: Part 'SquadExpansion/Serenity/Parts/Robotics/rotor_01s/rotor_01s' has no database record. Creating.
[LOG 21:50:08.724] [DragCubeSystem]: Drag cubes not found or cannot be read for part Part. Generating New drag cubes.
[LOG 21:50:08.724] [KSPCF/DragCubeGeneration] Creating drag cubes for part 'rotor.01s'
[LOG 21:50:08.730] PartLoader: Compiling Part 'SquadExpansion/Serenity/Parts/Robotics/rotor_02/rotor_02'
[LOG 21:50:08.734] PartLoader: Part 'SquadExpansion/Serenity/Parts/Robotics/rotor_02/rotor_02' has no database record. Creating.
[LOG 21:50:08.734] [DragCubeSystem]: Drag cubes not found or cannot be read for part Part. Generating New drag cubes.
[LOG 21:50:08.735] [KSPCF/DragCubeGeneration] Creating drag cubes for part 'rotor.02'
[LOG 21:50:08.740] PartLoader: Compiling Part 'SquadExpansion/Serenity/Parts/Robotics/rotor_02s/rotor_02s'
[LOG 21:50:08.745] PartLoader: Part 'SquadExpansion/Serenity/Parts/Robotics/rotor_02s/rotor_02s' has no database record. Creating.
[LOG 21:50:08.745] [DragCubeSystem]: Drag cubes not found or cannot be read for part Part. Generating New drag cubes.
[LOG 21:50:08.745] [KSPCF/DragCubeGeneration] Creating drag cubes for part 'rotor.02s'
[LOG 21:50:08.751] PartLoader: Compiling Part 'SquadExpansion/Serenity/Parts/Robotics/rotor_03/rotor_03'
[LOG 21:50:08.755] PartLoader: Part 'SquadExpansion/Serenity/Parts/Robotics/rotor_03/rotor_03' has no database record. Creating.
[LOG 21:50:08.755] [DragCubeSystem]: Drag cubes not found or cannot be read for part Part. Generating New drag cubes.
[LOG 21:50:08.755] [KSPCF/DragCubeGeneration] Creating drag cubes for part 'rotor.03'
[LOG 21:50:08.760] PartLoader: Compiling Part 'SquadExpansion/Serenity/Parts/Robotics/rotor_03s/rotor_03s'
[LOG 21:50:08.766] PartLoader: Part 'SquadExpansion/Serenity/Parts/Robotics/rotor_03s/rotor_03s' has no database record. Creating.
[LOG 21:50:08.766] [DragCubeSystem]: Drag cubes not found or cannot be read for part Part. Generating New drag cubes.
[LOG 21:50:08.766] [KSPCF/DragCubeGeneration] Creating drag cubes for part 'rotor.03s'
[LOG 21:50:08.770] PartLoader: Compiling Part 'SquadExpansion/Serenity/Parts/Robotics/rotoServo_00/rotoServo_00'
[LOG 21:50:08.781] PartLoader: Part 'SquadExpansion/Serenity/Parts/Robotics/rotoServo_00/rotoServo_00' has no database record. Creating.
[LOG 21:50:08.781] [DragCubeSystem]: Drag cubes not found or cannot be read for part Part. Generating New drag cubes.
[LOG 21:50:08.781] [KSPCF/DragCubeGeneration] Creating drag cubes for part 'rotoServo.00'
[LOG 21:50:08.788] PartLoader: Compiling Part 'SquadExpansion/Serenity/Parts/Robotics/rotoServo_02/rotoServo_02'
[LOG 21:50:08.796] PartLoader: Part 'SquadExpansion/Serenity/Parts/Robotics/rotoServo_02/rotoServo_02' has no database record. Creating.
[LOG 21:50:08.796] [DragCubeSystem]: Drag cubes not found or cannot be read for part Part. Generating New drag cubes.
[LOG 21:50:08.796] [KSPCF/DragCubeGeneration] Creating drag cubes for part 'rotoServo.02'
[LOG 21:50:08.803] PartLoader: Compiling Part 'SquadExpansion/Serenity/Parts/Robotics/rotoServo_03/rotoServo_03'
[LOG 21:50:08.809] PartLoader: Part 'SquadExpansion/Serenity/Parts/Robotics/rotoServo_03/rotoServo_03' has no database record. Creating.
[LOG 21:50:08.809] [DragCubeSystem]: Drag cubes not found or cannot be read for part Part. Generating New drag cubes.
[LOG 21:50:08.809] [KSPCF/DragCubeGeneration] Creating drag cubes for part 'rotoServo.03'
[LOG 21:50:08.816] PartLoader: Compiling Part 'SquadExpansion/Serenity/Parts/Robotics/rotoServo_04/rotoServo_04'
[LOG 21:50:08.821] PartLoader: Part 'SquadExpansion/Serenity/Parts/Robotics/rotoServo_04/rotoServo_04' has no database record. Creating.
[LOG 21:50:08.821] [DragCubeSystem]: Drag cubes not found or cannot be read for part Part. Generating New drag cubes.
[LOG 21:50:08.821] [KSPCF/DragCubeGeneration] Creating drag cubes for part 'rotoServo.04'
[LOG 21:50:08.828] PartLoader: Compiling Part 'SquadExpansion/Serenity/Parts/Robotics/Controllers/KAL1000/controller1000'
[LOG 21:50:08.836] PartLoader: Part 'SquadExpansion/Serenity/Parts/Robotics/Controllers/KAL1000/controller1000' has no database record. Creating.
[LOG 21:50:08.836] [DragCubeSystem]: Drag cubes not found or cannot be read for part Part. Generating New drag cubes.
[LOG 21:50:08.836] [KSPCF/DragCubeGeneration] Creating drag cubes for part 'controller1000'
[LOG 21:50:08.843] PartLoader: Compiling Part 'SquadExpansion/Serenity/Parts/Science/RobotArmScanner/RobotArmScanner_S1/RobotArmScanner_S1'
[LOG 21:50:08.852] PartLoader: Part 'SquadExpansion/Serenity/Parts/Science/RobotArmScanner/RobotArmScanner_S1/RobotArmScanner_S1' has no database record. Creating.
[LOG 21:50:08.855] [DragCubeSystem]: Drag cubes not found or cannot be read for part Part. Generating New drag cubes.
[LOG 21:50:08.855] [KSPCF/DragCubeGeneration] Creating drag cubes for part 'RobotArmScanner.S1'
[LOG 21:50:08.878] PartLoader: Compiling Part 'SquadExpansion/Serenity/Parts/Science/RobotArmScanner/RobotArmScanner_S2/RobotArmScanner_S2'
[LOG 21:50:08.883] PartLoader: Part 'SquadExpansion/Serenity/Parts/Science/RobotArmScanner/RobotArmScanner_S2/RobotArmScanner_S2' has no database record. Creating.
[LOG 21:50:08.883] [DragCubeSystem]: Drag cubes not found or cannot be read for part Part. Generating New drag cubes.
[LOG 21:50:08.883] [KSPCF/DragCubeGeneration] Creating drag cubes for part 'RobotArmScanner.S2'
[LOG 21:50:08.905] PartLoader: Compiling Part 'SquadExpansion/Serenity/Parts/Science/RobotArmScanner/RobotArmScanner_S3/RobotArmScanner_S3'
[LOG 21:50:08.910] PartLoader: Part 'SquadExpansion/Serenity/Parts/Science/RobotArmScanner/RobotArmScanner_S3/RobotArmScanner_S3' has no database record. Creating.
[LOG 21:50:08.910] [DragCubeSystem]: Drag cubes not found or cannot be read for part Part. Generating New drag cubes.
[LOG 21:50:08.910] [KSPCF/DragCubeGeneration] Creating drag cubes for part 'RobotArmScanner.S3'
[LOG 21:50:08.935] PartLoader: Compiling Part 'SquadExpansion/Serenity/Parts/Structural/gripPads/lGripPad/lGripPad'
[LOG 21:50:08.941] PartLoader: Part 'SquadExpansion/Serenity/Parts/Structural/gripPads/lGripPad/lGripPad' has no database record. Creating.
[LOG 21:50:08.941] [DragCubeSystem]: Drag cubes not found or cannot be read for part Part. Generating New drag cubes.
[LOG 21:50:08.941] [KSPCF/DragCubeGeneration] Creating drag cubes for part 'lGripPad'
[LOG 21:50:08.956] PartLoader: Compiling Part 'SquadExpansion/Serenity/Parts/Structural/gripPads/lGripStrip/lGripStrip'
[LOG 21:50:08.958] PartLoader: Part 'SquadExpansion/Serenity/Parts/Structural/gripPads/lGripStrip/lGripStrip' has no database record. Creating.
[LOG 21:50:08.958] [DragCubeSystem]: Drag cubes not found or cannot be read for part Part. Generating New drag cubes.
[LOG 21:50:08.958] [KSPCF/DragCubeGeneration] Creating drag cubes for part 'lGripStrip'
[LOG 21:50:08.964] PartLoader: Compiling Part 'SquadExpansion/Serenity/Parts/Structural/gripPads/mGripPad/mGripPad'
[LOG 21:50:08.967] PartLoader: Part 'SquadExpansion/Serenity/Parts/Structural/gripPads/mGripPad/mGripPad' has no database record. Creating.
[LOG 21:50:08.967] [DragCubeSystem]: Drag cubes not found or cannot be read for part Part. Generating New drag cubes.
[LOG 21:50:08.967] [KSPCF/DragCubeGeneration] Creating drag cubes for part 'mGripPad'
[LOG 21:50:08.982] PartLoader: Compiling Part 'SquadExpansion/Serenity/Parts/Structural/gripPads/sGripPad/sGripPad'
[LOG 21:50:08.984] PartLoader: Part 'SquadExpansion/Serenity/Parts/Structural/gripPads/sGripPad/sGripPad' has no database record. Creating.
[LOG 21:50:08.984] [DragCubeSystem]: Drag cubes not found or cannot be read for part Part. Generating New drag cubes.
[LOG 21:50:08.986] [KSPCF/DragCubeGeneration] Creating drag cubes for part 'sGripPad'
[LOG 21:50:09.000] PartLoader: Compiling Part 'SquadExpansion/Serenity/Parts/Structural/gripPads/sGripStrip/sGripStrip'
[LOG 21:50:09.003] PartLoader: Part 'SquadExpansion/Serenity/Parts/Structural/gripPads/sGripStrip/sGripStrip' has no database record. Creating.
[LOG 21:50:09.003] [DragCubeSystem]: Drag cubes not found or cannot be read for part Part. Generating New drag cubes.
[LOG 21:50:09.003] [KSPCF/DragCubeGeneration] Creating drag cubes for part 'sGripStrip'
[LOG 21:50:09.008] PartLoader: Compiling Internal Prop 'Squad/Props/AltimeterThreeHands/prop/AltimeterThreeHands'
[LOG 21:50:09.012] PartLoader: Compiling Internal Prop 'Squad/Props/AtmosphereDepth/prop/AtmosphereDepth'
[LOG 21:50:09.013] PartLoader: Compiling Internal Prop 'Squad/Props/AxisIndicator/pitchConfig/AxisIndicatorPitch'
[LOG 21:50:09.014] PartLoader: Compiling Internal Prop 'Squad/Props/AxisIndicator/rollConfig/AxisIndicatorRoll'
[LOG 21:50:09.015] PartLoader: Compiling Internal Prop 'Squad/Props/AxisIndicator/yawConfig/AxisIndicatorYaw'
[LOG 21:50:09.016] PartLoader: Compiling Internal Prop 'Squad/Props/buttonsGeneric/circularButton/genericCircularButton'
[LOG 21:50:09.017] PartLoader: Compiling Internal Prop 'Squad/Props/buttonsGeneric/clusterButtons/genericClusterButtons'
[LOG 21:50:09.017] PartLoader: Compiling Internal Prop 'Squad/Props/buttonsGeneric/clusterButtons2/genericClusterButtons2'
[LOG 21:50:09.017] PartLoader: Compiling Internal Prop 'Squad/Props/buttonsGeneric/clusterKnob/genericClusterKnobs'
[LOG 21:50:09.017] PartLoader: Compiling Internal Prop 'Squad/Props/buttonsGeneric/clusterKnob2/genericClusterKnobs2'
[LOG 21:50:09.017] PartLoader: Compiling Internal Prop 'Squad/Props/buttonsGeneric/clusterMixed/genericClusterMixed'
[LOG 21:50:09.019] PartLoader: Compiling Internal Prop 'Squad/Props/buttonsGeneric/clusterSwitches01/genericClusterSwitches01'
[LOG 21:50:09.019] PartLoader: Compiling Internal Prop 'Squad/Props/buttonsGeneric/clusterSwitches02/genericClusterSwitches02'
[LOG 21:50:09.019] PartLoader: Compiling Internal Prop 'Squad/Props/buttonsGeneric/clusterSwitches03/genericClusterSwitches03'
[LOG 21:50:09.019] PartLoader: Compiling Internal Prop 'Squad/Props/buttonsGeneric/clusterSwitches04/genericClusterSwitches04'
[LOG 21:50:09.019] PartLoader: Compiling Internal Prop 'Squad/Props/buttonsGeneric/clusterSwitches05/genericClusterSwitches05'
[LOG 21:50:09.019] PartLoader: Compiling Internal Prop 'Squad/Props/buttonsGeneric/clusterSwitches06/genericClusterSwitches06'
[LOG 21:50:09.020] PartLoader: Compiling Internal Prop 'Squad/Props/buttonsGeneric/clusterSwitches07/genericClusterSwitches07'
[LOG 21:50:09.020] PartLoader: Compiling Internal Prop 'Squad/Props/buttonsGeneric/directionalKnob/genericDirectionalKnob'
[LOG 21:50:09.020] PartLoader: Compiling Internal Prop 'Squad/Props/buttonsGeneric/directionalKnob2/genericDirectionalKnob2'
[LOG 21:50:09.020] PartLoader: Compiling Internal Prop 'Squad/Props/buttonsGeneric/pullSwitch/genericPullSwitch'
[LOG 21:50:09.020] PartLoader: Compiling Internal Prop 'Squad/Props/buttonsGeneric/squareButton/genericSquareButton'
[LOG 21:50:09.022] PartLoader: Compiling Internal Prop 'Squad/Props/buttonsGeneric/standingSwitch/genericStandingSwitch'
[LOG 21:50:09.022] PartLoader: Compiling Internal Prop 'Squad/Props/buttonsGeneric/switch/genericSwitch'
[LOG 21:50:09.022] PartLoader: Compiling Internal Prop 'Squad/Props/buttonsGeneric/switchWithGuards/genericSwitchWithGuards'
[LOG 21:50:09.022] PartLoader: Compiling Internal Prop 'Squad/Props/ButtonSquare/prop/ButtonSquare'
[LOG 21:50:09.023] PartLoader: Compiling Internal Prop 'Squad/Props/circularButton/prop/circularButton'
[LOG 21:50:09.023] PartLoader: Compiling Internal Prop 'Squad/Props/Compass/prop/Compass'
[LOG 21:50:09.024] PartLoader: Compiling Internal Prop 'Squad/Props/directionalKnob/prop/directionalKnob'
[LOG 21:50:09.024] PartLoader: Compiling Internal Prop 'Squad/Props/directionalKnob2/prop/directionalKnob2'
[LOG 21:50:09.025] PartLoader: Compiling Internal Prop 'Squad/Props/IndicatorPanel/prop/IndicatorPanel'
[LOG 21:50:09.026] PartLoader: Compiling Internal Prop 'Squad/Props/IVANavBall/prop/NavBall'
[LOG 21:50:09.028] PartLoader: Compiling Internal Prop 'Squad/Props/IVANavBallNoBase/prop/NavBallNoBase'
[LOG 21:50:09.028] PartLoader: Compiling Internal Prop 'Squad/Props/ledPanelSpeed/prop/ledPanelSpeed'
[LOG 21:50:09.030] PartLoader: Compiling Internal Prop 'Squad/Props/Monitor/DockingMode/MonitorDockingMode'
[LOG 21:50:09.030] PartLoader: Compiling Internal Prop 'Squad/Props/NavBall/prop/NavBall'
[LOG 21:50:09.030] PartLoader: Compiling Internal Prop 'Squad/Props/PropsGeneric/Button_DockingMode/Button_DockingMode'
[LOG 21:50:09.031] PartLoader: Compiling Internal Prop 'Squad/Props/PropsGeneric/CargoBagA/CargoBagA'
[LOG 21:50:09.031] PartLoader: Compiling Internal Prop 'Squad/Props/PropsGeneric/CargoBagB/CargoBagB'
[LOG 21:50:09.031] PartLoader: Compiling Internal Prop 'Squad/Props/PropsGeneric/CargoBagC/CargoBagC'
[LOG 21:50:09.031] PartLoader: Compiling Internal Prop 'Squad/Props/PropsGeneric/Hatch_Plane/Hatch_Plane'
[LOG 21:50:09.032] PartLoader: Compiling Internal Prop 'Squad/Props/PropsGeneric/Hatch_Plane_Curve90/Hatch_Plane_Curve90'
[LOG 21:50:09.033] PartLoader: Compiling Internal Prop 'Squad/Props/PropsGeneric/Hatch_Plane_Frame/Hatch_Plane_Frame'
[LOG 21:50:09.033] PartLoader: Compiling Internal Prop 'Squad/Props/PropsGeneric/Seat_Passenger/Seat_Passenger'
[LOG 21:50:09.033] PartLoader: Compiling Internal Prop 'Squad/Props/PropsGeneric/Seat_Pilot/Seat_Pilot'
[LOG 21:50:09.034] PartLoader: Compiling Internal Prop 'Squad/Props/PropsGeneric/Seat_Pilot_Helmet/Seat_Pilot_Helmet'
[LOG 21:50:09.034] PartLoader: Compiling Internal Prop 'Squad/Props/PropsGeneric/SideStick/SideStick'
[LOG 21:50:09.034] PartLoader: Compiling Internal Prop 'Squad/Props/pullSwitch/prop/pullSwitch'
[LOG 21:50:09.034] PartLoader: Compiling Internal Prop 'Squad/Props/radarAltitude/prop/RadarAltimeter'
[LOG 21:50:09.035] PartLoader: Compiling Internal Prop 'Squad/Props/squareButton/prop/squareButton'
[LOG 21:50:09.035] PartLoader: Compiling Internal Prop 'Squad/Props/standingSwitch/prop/standingSwitch'
[LOG 21:50:09.035] PartLoader: Compiling Internal Prop 'Squad/Props/switch/prop/switch'
[LOG 21:50:09.035] PartLoader: Compiling Internal Prop 'Squad/Props/switchGuard/prop/switchGuard'
[LOG 21:50:09.035] PartLoader: Compiling Internal Prop 'Squad/Props/switchWithGuards/prop/switchWithGuards'
[LOG 21:50:09.037] PartLoader: Compiling Internal Prop 'Squad/Props/throttle/prop/throttle'
[LOG 21:50:09.038] PartLoader: Compiling Internal Prop 'Squad/Props/VSI/prop/VSI'
[LOG 21:50:09.038] PartLoader: Compiling Internal Space 'Squad/Spaces/crewCabinInternals/internal/crewCabinInternals'
[LOG 21:50:09.043] PartLoader: Compiling Internal Space 'Squad/Spaces/cupolaInternal/internal/cupolaInternal'
[LOG 21:50:09.050] PartLoader: Compiling Internal Space 'Squad/Spaces/GenericSpace1/internal/GenericSpace1'
[LOG 21:50:09.050] PartLoader: Compiling Internal Space 'Squad/Spaces/GenericSpace3/internal/GenericSpace3'
[LOG 21:50:09.051] PartLoader: Compiling Internal Space 'Squad/Spaces/landerCabinInternals/internal/landerCabinInternals'
[LOG 21:50:09.052] PartLoader: Compiling Internal Space 'Squad/Spaces/landerCabinSmallInternal/internal/landerCabinSmallInternal'
[LOG 21:50:09.055] PartLoader: Compiling Internal Space 'Squad/Spaces/LargeCrewedLabInternals/internal/Mobile_Processing_Lab_Int'
[LOG 21:50:09.056] PartLoader: Compiling Internal Space 'Squad/Spaces/Mk1-3/internal/Mk1-3'
[LOG 21:50:09.060] PartLoader: Compiling Internal Space 'Squad/Spaces/mk1CabinInternal/internal/mk1CabinInternal'
[LOG 21:50:09.061] PartLoader: Compiling Internal Space 'Squad/Spaces/mk1CockpitInternal/internal/mk1CockpitInternal'
[LOG 21:50:09.066] PartLoader: Compiling Internal Space 'Squad/Spaces/mk1InlineInternal/internal/mk1InlineInternal'
[LOG 21:50:09.069] PartLoader: Compiling Internal Space 'Squad/Spaces/mk1PodCockpit/internal/mk1PodCockpit'
[LOG 21:50:09.071] PartLoader: Compiling Internal Space 'Squad/Spaces/mk1pod_IVA/mk1pod_Internal/mk1pod_IVA'
[LOG 21:50:09.075] PartLoader: Compiling Internal Space 'Squad/Spaces/mk2CockpitStandardInternal/internal/mk2CockpitStandardInternals'
[LOG 21:50:09.079] PartLoader: Compiling Internal Space 'Squad/Spaces/Mk2CrewCabinInternal/internal_MK2_CrewCab/MK2_CrewCab_Int'
[LOG 21:50:09.081] PartLoader: Compiling Internal Space 'Squad/Spaces/mk2InlineInternal/internal/mk2InlineInternal'
[LOG 21:50:09.088] PartLoader: Compiling Internal Space 'Squad/Spaces/mk2LanderCanInternal/internal/mk2LanderCanInternal'
[LOG 21:50:09.093] PartLoader: Compiling Internal Space 'Squad/Spaces/MK3CockpitInternal/internal_MK3/MK3_Cockpit_Int'
[LOG 21:50:09.101] PartLoader: Compiling Internal Space 'Squad/Spaces/MK3_CrewCab_Int/internal_MK3_CrewCab/MK3_CrewCab_Int'
[LOG 21:50:09.104] InternalSeat: Cannot find portraitCamera of name 'Camera_Left003'
[LOG 21:50:09.109] PartLoader: Compiling Internal Space 'Squad/Spaces/Placeholder/internal/Placeholder'
[LOG 21:50:09.114] PartLoader: Compiling Internal Space 'Squad/Spaces/PodCockpit/internal/PodCockpit'
[LOG 21:50:09.117] PartLoader: Compiling Internal Space 'SquadExpansion/MakingHistory/Spaces/KVPods/Airlock_Internal/Airlock_IVA'
[LOG 21:50:09.118] PartLoader: Compiling Internal Space 'SquadExpansion/MakingHistory/Spaces/KVPods/KV1_Internal/KV1_IVA'
[LOG 21:50:09.120] PartLoader: Compiling Internal Space 'SquadExpansion/MakingHistory/Spaces/KVPods/KV2_Internal/KV2_IVA'
[LOG 21:50:09.123] PartLoader: Compiling Internal Space 'SquadExpansion/MakingHistory/Spaces/KVPods/KV3_Internal/KV3_IVA'
[LOG 21:50:09.125] PartLoader: Compiling Internal Space 'SquadExpansion/MakingHistory/Spaces/MEM/MEM_IVA/MEM_IVA'
[LOG 21:50:09.130] PartLoader: Compiling Internal Space 'SquadExpansion/MakingHistory/Spaces/Mk2Pod/Mk2Pod_Internal/MK2POD_IVA'
[LOG 21:50:09.199] Assets:
[LOG 21:50:09.199] anim_missionsapp_idle.anim
[LOG 21:50:09.199] anim_missionsapp_idle_warning.anim
[LOG 21:50:09.199] anim_missionsapp_warning.anim
[LOG 21:50:09.199] anim_missionssapp.anim
[LOG 21:50:09.199] animcontroller_missionsappmaster.controller
[LOG 21:50:09.199] app_bg.tif
[LOG 21:50:09.199] app_bottom_gray.tif
[LOG 21:50:09.199] app_divider_pulldown_body.tif
[LOG 21:50:09.201] app_divider_pulldown_footer.tif
[LOG 21:50:09.201] app_divider_pulldown_header.tif
[LOG 21:50:09.201] app_divider_pulldown_header_over.tif
[LOG 21:50:09.201] app_header_gray.tif
[LOG 21:50:09.201] app_missions_icon_active.tif
[LOG 21:50:09.201] app_missions_icon_complete.tif
[LOG 21:50:09.201] app_missions_icon_failed.tif
[LOG 21:50:09.201] app_missions_icon_inactive.tif
[LOG 21:50:09.201] spritesheet_missionsapp.tif
[LOG 21:50:09.201] spritesheet_missionsappwarning.tif
[LOG 21:50:09.201] missionbriefingdialog.prefab
[LOG 21:50:09.201] missionbriefingtag.prefab
[LOG 21:50:09.201] awardwidget.prefab
[LOG 21:50:09.201] missionenddialog.prefab
[LOG 21:50:09.201] missionitemwidget.prefab
[LOG 21:50:09.201] missionplaybutton.prefab
[LOG 21:50:09.201] missionplaydialog.prefab
[LOG 21:50:09.201] missionsteamitemwidget.prefab
[LOG 21:50:09.201] missionvalidationdialog.prefab
[LOG 21:50:09.201] validationentry.prefab
[LOG 21:50:09.201] comettoken.fbx
[LOG 21:50:09.201] comettoken.jpg
[LOG 21:50:09.201] placementegizmo_comet.mat
[LOG 21:50:09.201] placementegizmo_comet_tail.mat
[LOG 21:50:09.201] femalevintagepreview.prefab
[LOG 21:50:09.201] malevintagepreview.prefab
[LOG 21:50:09.201] checkpointentrywidget.prefab
[LOG 21:50:09.201] crewmanagementdialog.prefab
[LOG 21:50:09.201] listitem_vesseltitle.prefab
[LOG 21:50:09.201] missionbrowser.prefab
[LOG 21:50:09.201] missioncheckpointbrowser.prefab
[LOG 21:50:09.201] missioncrewlistitem.prefab
[LOG 21:50:09.201] missionentrywidget.prefab
[LOG 21:50:09.201] missiontemplateentrywidget.prefab
[LOG 21:50:09.201] partcategorizerbutton.prefab
[LOG 21:50:09.201] partselectorbrowser.prefab
[LOG 21:50:09.201] partselectorentry.prefab
[LOG 21:50:09.201] gaputil_vesselframe.prefab
[LOG 21:50:09.201] meguiconnector.prefab
[LOG 21:50:09.201] meguinode.prefab
[LOG 21:50:09.201] meguinodecategorybutton.prefab
[LOG 21:50:09.202] meguinodeicon.prefab
[LOG 21:50:09.202] meguinodeicongroup.prefab
[LOG 21:50:09.202] meguiscrollviewitem.prefab
[LOG 21:50:09.202] meiconloaderbasicnode.prefab
[LOG 21:50:09.202] meiconloadergap.prefab
[LOG 21:50:09.202] meiconloadernodecategorizer.prefab
[LOG 21:50:09.202] menodecanvas.prefab
[LOG 21:50:09.202] missioneditorscreen.prefab
[LOG 21:50:09.202] nodelisttooltip.prefab
[LOG 21:50:09.202] nodelisttooltipextinfolistspacer.prefab
[LOG 21:50:09.202] orbitgizmo.prefab
[LOG 21:50:09.202] biomeshighlight.shader
[LOG 21:50:09.202] projector-surfacegizmo.shader
[LOG 21:50:09.202] scaledplanetbiomeshighlight.shader
[LOG 21:50:09.202] sprites-alwaysover.shader
[LOG 21:50:09.202] ui-unlit-infinite.shader
[LOG 21:50:09.202] ui-unlit-solid.shader
[LOG 21:50:09.202] assetgraph_connectionpoint_inputmark.png
[LOG 21:50:09.202] assetgraph_inputbg.png
[LOG 21:50:09.202] boldly.png
[LOG 21:50:09.202] carpool.png
[LOG 21:50:09.202] frugal.png
[LOG 21:50:09.202] homesick.png
[LOG 21:50:09.202] keys.png
[LOG 21:50:09.202] saint.png
[LOG 21:50:09.202] sinner.png
[LOG 21:50:09.202] thespot.png
[LOG 21:50:09.202] timekeeper.png
[LOG 21:50:09.202] helmetbronze.png
[LOG 21:50:09.202] helmetgold.png
[LOG 21:50:09.202] helmetsilver.png
[LOG 21:50:09.202] action-part-resource-drain.png
[LOG 21:50:09.202] change-part-resource-levels.png
[LOG 21:50:09.202] create-asteroid.png
[LOG 21:50:09.202] create-kerbal.png
[LOG 21:50:09.202] create-vessel.png
[LOG 21:50:09.202] crew-assignment.png
[LOG 21:50:09.202] dialog-message.png
[LOG 21:50:09.202] display-message.png
[LOG 21:50:09.202] fail-part.png
[LOG 21:50:09.202] fly-through.png
[LOG 21:50:09.202] funds-recovery.png
[LOG 21:50:09.203] generic-node.png
[LOG 21:50:09.203] go-to.png
[LOG 21:50:09.203] kerbal-boarded.png
[LOG 21:50:09.203] kerbal-recovery.png
[LOG 21:50:09.203] kerbal-rescue.png
[LOG 21:50:09.203] launch-site.png
[LOG 21:50:09.203] leave-soi.png
[LOG 21:50:09.203] orbit.png
[LOG 21:50:09.203] part-explode.png
[LOG 21:50:09.203] plant-flag.png
[LOG 21:50:09.203] reach-soi.png
[LOG 21:50:09.203] repair-part.png
[LOG 21:50:09.203] resource-amount.png
[LOG 21:50:09.203] resource-recovery.png
[LOG 21:50:09.203] science-experiment.png
[LOG 21:50:09.203] score.png
[LOG 21:50:09.203] take-tourist.png
[LOG 21:50:09.203] test-altitude.png
[LOG 21:50:09.203] test-eva.png
[LOG 21:50:09.203] test-grapple.png
[LOG 21:50:09.203] time-of-flight.png
[LOG 21:50:09.203] time-of-mission.png
[LOG 21:50:09.203] time-since-node.png
[LOG 21:50:09.203] vessel-crashed.png
[LOG 21:50:09.203] vessel-crew-count.png
[LOG 21:50:09.203] vessel-explode.png
[LOG 21:50:09.203] vessel-flying.png
[LOG 21:50:09.203] vessel-landed.png
[LOG 21:50:09.203] vessel-mass.png
[LOG 21:50:09.203] vessel-splashed.png
[LOG 21:50:09.203] vessel-stage-activated.png
[LOG 21:50:09.203] vessel-stage.png
[LOG 21:50:09.203] arrange-graph.png
[LOG 21:50:09.203] builderbuttons_briefing.png
[LOG 21:50:09.203] builderbuttons_reset.png
[LOG 21:50:09.203] builderbuttons_trackingstation.png
[LOG 21:50:09.203] frame-graph.png
[LOG 21:50:09.203] lock.png
[LOG 21:50:09.203] maximize.png
[LOG 21:50:09.203] minimize.png
[LOG 21:50:09.203] pin.png
[LOG 21:50:09.203] pin_down.png
[LOG 21:50:09.203] redo.png
[LOG 21:50:09.203] reset.png
[LOG 21:50:09.203] tracking-station.png
[LOG 21:50:09.203] undo.png
[LOG 21:50:09.204] visible-in-gap.png
[LOG 21:50:09.204] location.png
[LOG 21:50:09.204] logic.png
[LOG 21:50:09.204] science.png
[LOG 21:50:09.204] utility.png
[LOG 21:50:09.204] vessel.png
[LOG 21:50:09.204] eye.png
[LOG 21:50:09.204] iconmb.png
[LOG 21:50:09.204] me_btn_generic_normal.tif
[LOG 21:50:09.204] me_button_generic_normal.tif
[LOG 21:50:09.204] nodecat_bg.png
[LOG 21:50:09.204] nodecat_divider.tif
[LOG 21:50:09.204] nodecat_divider_bottom.tif
[LOG 21:50:09.204] pholderwarningicon.png
[LOG 21:50:09.204] reseticon.png
[LOG 21:50:09.204] validityindicator.controller
[LOG 21:50:09.204] validtyinidicatorpulse.anim
[LOG 21:50:09.204] broadorbittoggle button.png
[LOG 21:50:09.204] maneuvertoggle button.png
[LOG 21:50:09.204] orbitalgizmoicons.png
[LOG 21:50:09.204] reset orbit button.png
[LOG 21:50:09.204] nodelabel.prefab
[LOG 21:50:09.204] kerbaleva_female_exp.prefab
[LOG 21:50:09.204] kerbaleva_rd_exp.prefab
[LOG 21:50:09.204] missioneditorevabody.mat
[LOG 21:50:09.204] missioneditorevabodyalternate.mat
[LOG 21:50:09.204] missioneditorevabodybrown.mat
[LOG 21:50:09.204] missioneditorevaeyeballs.mat
[LOG 21:50:09.204] missioneditorevaeyes.mat
[LOG 21:50:09.204] missioneditorevahead.mat
[LOG 21:50:09.204] missioneditorevahelmet.mat
[LOG 21:50:09.204] missioneditorevahelmetred.mat
[LOG 21:50:09.204] missioneditorevajetpack.mat
[LOG 21:50:09.204] missioneditorevalight.mat
[LOG 21:50:09.204] kbevafemalevintage.prefab
[LOG 21:50:09.204] kbevavintage.prefab
[LOG 21:50:09.204] evalight.fbx
[LOG 21:50:09.204] kbeva@new.fbx
[LOG 21:50:09.204] kbeva@newfem.fbx
[LOG 21:50:09.204] mevahelmetlight.fbx
[LOG 21:50:09.204] evajetpackscondary.dds
[LOG 21:50:09.204] evajetpacksecondary_n.dds
[LOG 21:50:09.204] evalight.png
[LOG 21:50:09.204] kerbalmainnrm.dds
[LOG 21:50:09.205] me_suit_difuse_blue.dds
[LOG 21:50:09.205] me_suit_difuse_low_polybrown.dds
[LOG 21:50:09.205] me_suit_difuse_orange.dds
[LOG 21:50:09.205] kerbalfemalevintage.prefab
[LOG 21:50:09.205] kerbalmalevintage.prefab
[LOG 21:50:09.205] evahelmet.mat
[LOG 21:50:09.205] evatexture.mat
[LOG 21:50:09.205] kerbalgirl_06_basecolor.mat
[LOG 21:50:09.205] kerbalhead.mat
[LOG 21:50:09.205] lambert6.mat
[LOG 21:50:09.205] mat_eyeballs.mat
[LOG 21:50:09.205] mat_eyes01.mat
[LOG 21:50:09.205] material #4.mat
[LOG 21:50:09.205] mesh_female_kerbalastronaut01_kerbalgirl_export_15_lambert20.mat
[LOG 21:50:09.205] mesh_female_kerbalastronaut01_kerbalgirl_export_15_lambert21.mat
[LOG 21:50:09.205] kbfemale_iva_mecanim.fbx
[LOG 21:50:09.205] kbiva_mecanim.fbx
[LOG 21:50:09.205] kerbalicon_eva_female_vintage.tif
[LOG 21:50:09.205] kerbalicon_eva_vintage.tif
[LOG 21:50:09.205] kerbalicon_suit_female_vintage.tif
[LOG 21:50:09.205] kerbalicon_suit_orange_female_vintage.tif
[LOG 21:50:09.205] kerbalicon_suit_orange_vintage.tif
[LOG 21:50:09.205] kerbalicon_suit_vintage.tif
[LOG 21:50:09.205] gap_celestialbody_camerasetup.prefab
[LOG 21:50:09.205] gap_celestialbody_collisionsphere.prefab
[LOG 21:50:09.205] gap_celestialbody_surfacegizmo_area.prefab
[LOG 21:50:09.205] gap_celestialbody_surfacegizmo_basic.prefab
[LOG 21:50:09.205] gap_celestialbody_surfacegizmo_icon.prefab
[LOG 21:50:09.205] gap_celestialbody_surfacegizmo_vessel.prefab
[LOG 21:50:09.205] gap_celestialbody_surfacegizmo_volume.prefab
[LOG 21:50:09.205] gap_proceduralasteroid.prefab
[LOG 21:50:09.205] gap_proceduralcomet.prefab
[LOG 21:50:09.205] gapbuttonprefab.prefab
[LOG 21:50:09.205] gapkerbal_femaleveteran.prefab
[LOG 21:50:09.205] gapkerbal_femaleveteran_vintage.prefab
[LOG 21:50:09.205] gapkerbal_male_slimsuit.prefab
[LOG 21:50:09.205] gapkerbal_maleveteran.prefab
[LOG 21:50:09.205] gapkerbal_maleveteran_vintage.prefab
[LOG 21:50:09.205] gapscrollablesidebarbutton.prefab
[LOG 21:50:09.205] gapsidebarbutton.prefab
[LOG 21:50:09.205] gaptoggleprefab.prefab
[LOG 21:50:09.205] gaputil_biselector.prefab
[LOG 21:50:09.205] gaputil_celestialbody.prefab
[LOG 21:50:09.205] vesseldisplay_camerasetup.prefab
[LOG 21:50:09.205] desert_airfield.prefab
[LOG 21:50:09.205] desert_groundobjects.prefab
[LOG 21:50:09.206] desert_launch_site.prefab
[LOG 21:50:09.206] larkes.prefab
[LOG 21:50:09.206] floor bottom.mat
[LOG 21:50:09.206] floor top.mat
[LOG 21:50:09.206] legs.mat
[LOG 21:50:09.206] ramp.mat
[LOG 21:50:09.206] stairs grid lights pivot.mat
[LOG 21:50:09.206] supports 1.mat
[LOG 21:50:09.206] supports 2.mat
[LOG 21:50:09.206] tunnels.mat
[LOG 21:50:09.206] floor bottom.dds
[LOG 21:50:09.206] floor top.dds
[LOG 21:50:09.206] floor top_normal.dds
[LOG 21:50:09.206] legs.dds
[LOG 21:50:09.206] ramp.dds
[LOG 21:50:09.206] stairs grid lights pivot.dds
[LOG 21:50:09.206] supports 1.dds
[LOG 21:50:09.206] supports 2.dds
[LOG 21:50:09.206] tunnels.dds
[LOG 21:50:09.206] diffuse.mat
[LOG 21:50:09.206] floor bottom_base_color.mat
[LOG 21:50:09.206] floor top_base_color.mat
[LOG 21:50:09.206] legs_base_color.mat
[LOG 21:50:09.206] ramp_base_color.mat
[LOG 21:50:09.206] stairs grid lights pivot_base_colormodpsd.mat
[LOG 21:50:09.206] stairs_grid_lights_pivot_base_color.mat
[LOG 21:50:09.206] supports 1_base_color.mat
[LOG 21:50:09.206] supports 2_base_color.mat
[LOG 21:50:09.206] tunnels_base_color.mat
[LOG 21:50:09.206] mobilelaunchpad_19.fbx
[LOG 21:50:09.206] pontoons.fbx
[LOG 21:50:09.206] pontoons_diffuse.dds
[LOG 21:50:09.206] ramp_normal.png
[LOG 21:50:09.206] 1001_base_color.mat
[LOG 21:50:09.206] desert groundtransition.mat
[LOG 21:50:09.206] desert groundtransition_highquality.mat
[LOG 21:50:09.206] desert groundtransition_lowquality.mat
[LOG 21:50:09.206] desert groundtransition_mediumquality.mat
[LOG 21:50:09.206] desert groundtransition_ultraquality.mat
[LOG 21:50:09.206] desert runway sand.mat
[LOG 21:50:09.206] desert runway stone.mat
[LOG 21:50:09.207] mobilelaunchpad.prefab
[LOG 21:50:09.207] woomerang_groundobjects.prefab
[LOG 21:50:09.207] woomerang_launch_site.prefab
[LOG 21:50:09.207] Scenes:
[LOG 21:50:09.207] kspMissionEditor.unity
[LOG 21:50:15.774] Assets:
[LOG 21:50:15.775] appanim_missionsapp.prefab
[LOG 21:50:15.775] cascading_body_missionheader.prefab
[LOG 21:50:15.775] cascading_body_missioninfo.prefab
[LOG 21:50:15.775] cascading_body_missionobjective.prefab
[LOG 21:50:15.775] cascading_body_missionsvesselheader.prefab
[LOG 21:50:15.775] cascading_body_missionsvesselitem.prefab
[LOG 21:50:15.775] cascading_body_settingsbutton.prefab
[LOG 21:50:15.775] cascading_body_settingstoggle.prefab
[LOG 21:50:15.775] missionsapp.prefab
[LOG 21:50:15.775] axislimitline.prefab
[LOG 21:50:15.775] controlleraction.prefab
[LOG 21:50:15.775] controlleraxis.prefab
[LOG 21:50:15.775] controllerwindow.prefab
[LOG 21:50:15.775] curvepanelpoint.prefab
[LOG 21:50:15.775] curvepanelpointaction.prefab
[LOG 21:50:15.775] axis_align_ends.png
[LOG 21:50:15.775] axis_clamp_values.png
[LOG 21:50:15.775] axis_copy.png
[LOG 21:50:15.775] axis_flip_horizontal.png
[LOG 21:50:15.775] axis_flip_vertical.png
[LOG 21:50:15.775] axis_move_down-trackrow.png
[LOG 21:50:15.775] axis_move_down.png
[LOG 21:50:15.775] axis_move_up-trackrow.png
[LOG 21:50:15.775] axis_move_up.png
[LOG 21:50:15.775] axis_paste.png
[LOG 21:50:15.775] axis_preset_flat.png
[LOG 21:50:15.775] axis_preset_sawtooth.png
[LOG 21:50:15.775] axis_preset_sine.png
[LOG 21:50:15.775] axis_preset_square.png
[LOG 21:50:15.775] axis_preset_triangle.png
[LOG 21:50:15.775] axis_select_all.png
[LOG 21:50:15.775] background_squared_inset.png
[LOG 21:50:15.775] close.png
[LOG 21:50:15.775] direction_forward.png
[LOG 21:50:15.775] direction_reverse.png
[LOG 21:50:15.775] edit.png
[LOG 21:50:15.775] fieldlimitline.png
[LOG 21:50:15.775] keyframe_add.png
[LOG 21:50:15.776] keyframe_clamp_value.png
[LOG 21:50:15.776] keyframe_delete.png
[LOG 21:50:15.776] keyframe_linear.png
[LOG 21:50:15.776] keyframe_smooth.png
[LOG 21:50:15.776] keyframe_step_backward.png
[LOG 21:50:15.776] keyframe_step_forward.png
[LOG 21:50:15.776] line.png
[LOG 21:50:15.776] line_dashed.png
[LOG 21:50:15.776] loop_pingpong.png
[LOG 21:50:15.776] loop_playonce.png
[LOG 21:50:15.776] loop_repeat.png
[LOG 21:50:15.776] node.png
[LOG 21:50:15.776] node_circle.png
[LOG 21:50:15.776] node_square.png
[LOG 21:50:15.776] pause.png
[LOG 21:50:15.776] play.png
[LOG 21:50:15.776] pointer.png
[LOG 21:50:15.776] remove-axis.png
[LOG 21:50:15.776] remove_key.png
[LOG 21:50:15.776] resize_icon.png
[LOG 21:50:15.776] sequence_resize_button_states.png
[LOG 21:50:15.776] sequence_resize_maintain.png
[LOG 21:50:15.776] sequence_resize_scale.png
[LOG 21:50:15.776] sequence_speed.png
[LOG 21:50:15.776] tracking_editor_button_states.png
[LOG 21:50:15.776] femalefuturepreview.prefab
[LOG 21:50:15.776] malefuturepreview.prefab
[LOG 21:50:15.776] kbfemale@controlpanel_a.fbx
[LOG 21:50:15.776] kbfemale@controlpanel_b.fbx
[LOG 21:50:15.776] kbfemale@controlpanel_c.fbx
[LOG 21:50:15.776] kbfemale@rocksample.fbx
[LOG 21:50:15.776] hammerfemale.fbx
[LOG 21:50:15.776] hammermale.fbx
[LOG 21:50:15.776] kbeva@controlpanel_a.fbx
[LOG 21:50:15.776] kbeva@controlpanel_b.fbx
[LOG 21:50:15.776] kbeva@controlpanel_c.fbx
[LOG 21:50:15.776] kbeva@rocksample.fbx
[LOG 21:50:15.776] kerbaleva_female_future.prefab
[LOG 21:50:15.776] kerbaleva_rd_future.prefab
[LOG 21:50:15.776] futureevabody.mat
[LOG 21:50:15.776] futureevabodyalternate.mat
[LOG 21:50:15.776] futureevajetpack.mat
[LOG 21:50:15.776] futureevalight.mat
[LOG 21:50:15.776] futurehelmet.mat
[LOG 21:50:15.776] kbevafemalefuture.prefab
[LOG 21:50:15.777] kbevafuture.prefab
[LOG 21:50:15.777] kbeva@new.fbx
[LOG 21:50:15.777] kbeva@newfem.fbx
[LOG 21:50:15.777] mevahelmetlight.fbx
[LOG 21:50:15.777] serenityfemaleeva.fbx
[LOG 21:50:15.777] serenityflares.fbx
[LOG 21:50:15.777] serenitymaleeva.fbx
[LOG 21:50:15.777] evajetpacknrm.dds
[LOG 21:50:15.777] futuresuit_diffuse_orange.dds
[LOG 21:50:15.777] futuresuit_diffuse_whiteblue.dds
[LOG 21:50:15.777] futuresuit_diffuse_whiteorange.dds
[LOG 21:50:15.777] futuresuit_emissive.dds
[LOG 21:50:15.777] futuresuit_evalight.png
[LOG 21:50:15.777] futuresuitmainnrm.dds
[LOG 21:50:15.777] ksp_ig_jetpack_diffuse.jpg
[LOG 21:50:15.777] kerbalfemalefuture.prefab
[LOG 21:50:15.777] kerbalmalefuture.prefab
[LOG 21:50:15.777] futuresuit_diffuse.mat
[LOG 21:50:15.777] serenityfemaleiva.fbx
[LOG 21:50:15.777] serenitymaleiva.fbx
[LOG 21:50:15.777] kerbalicon_eva_female_future.tif
[LOG 21:50:15.777] kerbalicon_eva_future.tif
[LOG 21:50:15.777] kerbalicon_suit_female_future.tif
[LOG 21:50:15.777] kerbalicon_suit_future.tif
[LOG 21:50:15.777] kerbalicon_suit_orange_female_future.tif
[LOG 21:50:15.777] kerbalicon_suit_orange_future.tif
[LOG 21:50:15.777] bottom_emissor.mat
[LOG 21:50:15.777] burst_emissor.mat
[LOG 21:50:15.777] burstprojectiles_emissor.mat
[LOG 21:50:15.777] constantburst_emissor.mat
[LOG 21:50:15.777] snowflakes_emissor.mat
[LOG 21:50:15.777] vapor_emissor.mat
[LOG 21:50:15.777] base_0.mat
[LOG 21:50:15.777] base_1.mat
[LOG 21:50:15.777] base_2.mat
[LOG 21:50:15.777] base_3_1.mat
[LOG 21:50:15.777] base_3_2.mat
[LOG 21:50:15.777] vapor.mat
[LOG 21:50:15.777] burst.png
[LOG 21:50:15.777] cloud2.png
[LOG 21:50:15.777] v1.png
[LOG 21:50:15.777] v2.png
[LOG 21:50:15.777] v3.png
[LOG 21:50:15.777] v5.png
[LOG 21:50:15.777] gapkerbal_female_future.prefab
[LOG 21:50:15.777] gapkerbal_male_future.prefab
[LOG 21:50:15.777] hammerfemale.prefab
[LOG 21:50:15.777] hammermale.prefab
[LOG 21:50:15.778] bopgravelpile.prefab
[LOG 21:50:15.778] bopgravelpile.fbx
[LOG 21:50:15.778] bop_gravel pile_d.mat
[LOG 21:50:15.778] lambert1.mat
[LOG 21:50:15.778] bop_gravel pile_d.png
[LOG 21:50:15.778] bop_gravel pile_d.tga
[LOG 21:50:15.778] bop_gravel pile_n.png
[LOG 21:50:15.778] bop_gravel pile_s.png
[LOG 21:50:15.778] drescrater.prefab
[LOG 21:50:15.778] dresmeteorite.prefab
[LOG 21:50:15.778] drescrater.fbx
[LOG 21:50:15.778] dresmeteorite.fbx
[LOG 21:50:15.778] dres_crater_d.mat
[LOG 21:50:15.778] dres_meteorite_d.mat
[LOG 21:50:15.778] lambert1.mat
[LOG 21:50:15.778] dres_crater_d.tga
[LOG 21:50:15.778] dres_crater_n.png
[LOG 21:50:15.778] dres_meteorite_d.tga
[LOG 21:50:15.778] dres_meteorite_n.png
[LOG 21:50:15.778] dunablueberries.prefab
[LOG 21:50:15.778] dunadune.prefab
[LOG 21:50:15.778] dunameteorite.prefab
[LOG 21:50:15.778] dunastone.prefab
[LOG 21:50:15.778] dunaasteroid.fbx
[LOG 21:50:15.778] dunablueberries.fbx
[LOG 21:50:15.778] dunadune.fbx
[LOG 21:50:15.778] dunastone.fbx
[LOG 21:50:15.778] duna_asteroid_d.mat
[LOG 21:50:15.778] duna_dune_d.mat
[LOG 21:50:15.778] duna_stone_d.mat
[LOG 21:50:15.778] dune_blueberries_d.mat
[LOG 21:50:15.778] lambert1.mat
[LOG 21:50:15.778] duna_asteroid_d.tga
[LOG 21:50:15.778] duna_asteroid_n.png
[LOG 21:50:15.778] duna_dune_d.tga
[LOG 21:50:15.778] duna_dune_n.tga
[LOG 21:50:15.778] duna_stone_d.tga
[LOG 21:50:15.778] duna_stone_n.png
[LOG 21:50:15.778] dune_blueberries_d.tga
[LOG 21:50:15.778] dune_blueberries_n.png
[LOG 21:50:15.778] eelooberg.prefab
[LOG 21:50:15.778] eeloobrownboulder.prefab
[LOG 21:50:15.778] eelooicechunk.prefab
[LOG 21:50:15.778] eelooberg.fbx
[LOG 21:50:15.778] eelooboulder.fbx
[LOG 21:50:15.778] eelooicechunk.fbx
[LOG 21:50:15.778] eeloo_alien_glacier_d.mat
[LOG 21:50:15.779] eeloo_brown_ boulder_d.mat
[LOG 21:50:15.779] eeloo_ice chunk_d.mat
[LOG 21:50:15.779] lambert1.mat
[LOG 21:50:15.779] eeloo_alien_glacier_d.tga
[LOG 21:50:15.779] eeloo_alien_glacier_e.tga
[LOG 21:50:15.779] eeloo_alien_glacier_n.png
[LOG 21:50:15.779] eeloo_brown_ boulder_d.tga
[LOG 21:50:15.779] eeloo_brown_ boulder_n.png
[LOG 21:50:15.779] eeloo_ice chunk_d.tga
[LOG 21:50:15.779] eeloo_ice chunk_e.tga
[LOG 21:50:15.779] eeloo_ice chunk_n.png
[LOG 21:50:15.779] eeloo_ice chunk_s.tga
[LOG 21:50:15.779] evebasaltformation.prefab
[LOG 21:50:15.779] evepancakedome.prefab
[LOG 21:50:15.779] evevolcanicrock.prefab
[LOG 21:50:15.779] evebasaltformation.fbx
[LOG 21:50:15.779] evepancakeformation.fbx
[LOG 21:50:15.779] evevolcanicrock.fbx
[LOG 21:50:15.779] eve basalt formation_d.mat
[LOG 21:50:15.779] eve pancake formation_d.mat
[LOG 21:50:15.779] eve volcanic rock_d.mat
[LOG 21:50:15.779] lambert1.mat
[LOG 21:50:15.779] eve basalt formation_d.tga
[LOG 21:50:15.779] eve basalt formation_n.tga
[LOG 21:50:15.779] eve pancake formation_d.tga
[LOG 21:50:15.779] eve pancake formation_e.png
[LOG 21:50:15.779] eve pancake formation_n.png
[LOG 21:50:15.779] eve volcanic rock_d.tga
[LOG 21:50:15.779] eve volcanic rock_n.png
[LOG 21:50:15.779] gillyridgeline.fbx
[LOG 21:50:15.779] gilly ridegeline_d.mat
[LOG 21:50:15.779] lambert1.mat
[LOG 21:50:15.779] gillyridgeline.prefab
[LOG 21:50:15.779] gilly ridegeline_d.tga
[LOG 21:50:15.779] gilly ridegeline_n.png
[LOG 21:50:15.779] dunaejecta.prefab
[LOG 21:50:15.779] ikedunaejecta.fbx
[LOG 21:50:15.779] ike_duna_ejecta_mat.mat
[LOG 21:50:15.779] ike duna ejecta_d.tga
[LOG 21:50:15.779] ike duna ejecta_n.png
[LOG 21:50:15.779] kerbinbaobabtree.fbx
[LOG 21:50:15.779] kerbinquartz.fbx
[LOG 21:50:15.779] baobaptree.mat
[LOG 21:50:15.779] kerbin_baobab_tree_d.mat
[LOG 21:50:15.779] kerbin_boabob_tree_d.mat
[LOG 21:50:15.779] kerbin_giant_quartz_d.mat
[LOG 21:50:15.779] lambert1.mat
[LOG 21:50:15.779] lambert2.mat
[LOG 21:50:15.779] kerbinbaobabtree.prefab
[LOG 21:50:15.780] kerbinquartz.prefab
[LOG 21:50:15.780] kerbin_baobab_tree_alpha.png
[LOG 21:50:15.780] kerbin_baobab_tree_d.tga
[LOG 21:50:15.780] kerbin_baobab_tree_n.png
[LOG 21:50:15.780] kerbin_giant_quartz_d.tga
[LOG 21:50:15.780] kerbin_giant_quartz_e.tga
[LOG 21:50:15.780] kerbin_giant_quartz_n.tga
[LOG 21:50:15.780] kerbin_giant_quartz_s.tga
[LOG 21:50:15.780] laytheboulder.fbx
[LOG 21:50:15.780] laythegeyser.fbx
[LOG 21:50:15.780] laythestone.fbx
[LOG 21:50:15.780] lambert1.mat
[LOG 21:50:15.780] laythe_boulder_d.mat
[LOG 21:50:15.780] laythe_geyser_d.mat
[LOG 21:50:15.780] laythe_stone_d.mat
[LOG 21:50:15.780] laytheboulder.prefab
[LOG 21:50:15.780] laythegeyser.prefab
[LOG 21:50:15.780] laythestone.prefab
[LOG 21:50:15.780] laythe_boulder_d.tga
[LOG 21:50:15.780] laythe_boulder_n.png
[LOG 21:50:15.780] laythe_geyser_d.tga
[LOG 21:50:15.780] laythe_geyser_n.png
[LOG 21:50:15.780] laythe_stone_d.tga
[LOG 21:50:15.780] laythe_stone_n.png
[LOG 21:50:15.780] greensandstone.fbx
[LOG 21:50:15.780] lambert1.mat
[LOG 21:50:15.780] minmus_green_sandstone_d.mat
[LOG 21:50:15.780] minmus_olivine_formation_d.mat
[LOG 21:50:15.780] minmusolivineformation.fbx
[LOG 21:50:15.780] minmus_greensandstone.prefab
[LOG 21:50:15.780] minmus_olivineformation.prefab
[LOG 21:50:15.780] minmus_green_sandstone_d.tga
[LOG 21:50:15.780] minmus_green_sandstone_n.png
[LOG 21:50:15.780] minmus_olivine_formation_d.tga
[LOG 21:50:15.780] minmus_olivine_formation_n.png
[LOG 21:50:15.780] lambert1.mat
[LOG 21:50:15.780] moho wrinkleridge_d.mat
[LOG 21:50:15.780] moho_stone_d.mat
[LOG 21:50:15.780] mohostone.fbx
[LOG 21:50:15.780] mohowrinkleridge.fbx
[LOG 21:50:15.780] mohostone.prefab
[LOG 21:50:15.780] mohowrinkleridge.prefab
[LOG 21:50:15.780] moho wrinkleridge_d.tga
[LOG 21:50:15.780] moho wrinkleridge_e.png
[LOG 21:50:15.780] moho wrinkleridge_n.png
[LOG 21:50:15.780] moho_stone_d.tga
[LOG 21:50:15.780] moho_stone_n.png
[LOG 21:50:15.780] lambert1.mat
[LOG 21:50:15.781] mun_crater_d.mat
[LOG 21:50:15.781] mun_large_crater_d.mat
[LOG 21:50:15.781] mun_stone_d.mat
[LOG 21:50:15.781] muncrater.fbx
[LOG 21:50:15.781] munlargecrater.fbx
[LOG 21:50:15.781] munstone.fbx
[LOG 21:50:15.781] muncrater.prefab
[LOG 21:50:15.781] munlargecrater.prefab
[LOG 21:50:15.781] munstone.prefab
[LOG 21:50:15.781] mun_crater_d.tga
[LOG 21:50:15.781] mun_crater_n.png
[LOG 21:50:15.781] mun_large_crater_d.tga
[LOG 21:50:15.781] mun_large_crater_n.png
[LOG 21:50:15.781] mun_stone_d.tga
[LOG 21:50:15.781] mun_stone_n.png
[LOG 21:50:15.781] lambert1.mat
[LOG 21:50:15.781] pol_yellowstone_d.mat
[LOG 21:50:15.781] polyellowstone.fbx
[LOG 21:50:15.781] pol_yellowstones.prefab
[LOG 21:50:15.781] pol_yellowstone_d.png
[LOG 21:50:15.781] pol_yellowstone_n.png
[LOG 21:50:15.781] lambert1.mat
[LOG 21:50:15.781] tylo_checkerboard_d.mat
[LOG 21:50:15.781] tylo_dark boulder_d.mat
[LOG 21:50:15.781] tylo_light_d.mat
[LOG 21:50:15.781] tyloboulder.fbx
[LOG 21:50:15.781] tylocheckerboard.fbx
[LOG 21:50:15.781] tylolightstone.fbx
[LOG 21:50:15.781] tylo_ checkerboard_n.png
[LOG 21:50:15.781] tylo_checkerboard_d.png
[LOG 21:50:15.781] tylo_dark boulder_d.tga
[LOG 21:50:15.781] tylo_dark boulder_n.png
[LOG 21:50:15.781] tylo_light_d.tga
[LOG 21:50:15.781] tylo_light_n.png
[LOG 21:50:15.781] tylocheckerboard.prefab
[LOG 21:50:15.781] tylodarkboulder.prefab
[LOG 21:50:15.781] tylolightstone.prefab
[LOG 21:50:15.781] cryovolcano_d.mat
[LOG 21:50:15.781] lambert1.mat
[LOG 21:50:15.781] vallicechunk_d.mat
[LOG 21:50:15.781] vallstone_d.mat
[LOG 21:50:15.781] vall_cryovolcano.fbx
[LOG 21:50:15.781] vall_icechunk.fbx
[LOG 21:50:15.781] vall_stone.fbx
[LOG 21:50:15.781] cryovolcano_d.tga
[LOG 21:50:15.781] cryovolcano_e.png
[LOG 21:50:15.781] cryovolcano_n.jpg
[LOG 21:50:15.781] cryovolcano_s.jpg
[LOG 21:50:15.781] vallicechunk_d.jpg
[LOG 21:50:15.781] vallicechunk_e.jpg
[LOG 21:50:15.781] vallicechunk_n.jpg
[LOG 21:50:15.781] vallicechunk_s.jpg
[LOG 21:50:15.781] vallstone_d.jpg
[LOG 21:50:15.781] vallstone_e.jpg
[LOG 21:50:15.781] vallstone_n.jpg
[LOG 21:50:15.781] vallstone_s.jpg
[LOG 21:50:15.781] vallcryovolcano.prefab
[LOG 21:50:15.781] vallicechunk.prefab
[LOG 21:50:15.781] vallstone.prefab
[LOG 21:50:15.781] vfx_spark.mat
[LOG 21:50:15.781] vfx_welding_flare.mat
[LOG 21:50:15.781] cometdustmaterial.mat
[LOG 21:50:15.781] cometgeysermat.mat
[LOG 21:50:15.788] GetTypesOfModulesImplementingInterface2: Found 69 types with IPartModuleAdjuster interface in 11 assemblies.
[LOG 21:50:15.794] GetSubclassesOfParentClass: Found 0 types with ModuleActiveRadiator parent in 11 assemblies.
[LOG 21:50:15.800] GetSubclassesOfParentClass: Found 0 types with ModuleAlternator parent in 11 assemblies.
[LOG 21:50:15.805] GetSubclassesOfParentClass: Found 1 types with ModuleControlSurface parent in 11 assemblies.
[LOG 21:50:15.810] GetSubclassesOfParentClass: Found 0 types with ModuleDataTransmitter parent in 11 assemblies.
[LOG 21:50:15.815] GetSubclassesOfParentClass: Found 0 types with ModuleDeployableSolarPanel parent in 11 assemblies.
[LOG 21:50:15.820] GetSubclassesOfParentClass: Found 1 types with ModuleEngines parent in 11 assemblies.
[LOG 21:50:15.825] GetSubclassesOfParentClass: Found 0 types with ModuleGenerator parent in 11 assemblies.
[LOG 21:50:15.830] GetSubclassesOfParentClass: Found 0 types with ModuleGimbal parent in 11 assemblies.
[LOG 21:50:15.834] GetSubclassesOfParentClass: Found 2 types with ModuleLiftingSurface parent in 11 assemblies.
[LOG 21:50:15.838] GetSubclassesOfParentClass: Found 0 types with ModuleLight parent in 11 assemblies.
[LOG 21:50:15.844] GetSubclassesOfParentClass: Found 0 types with ModuleReactionWheel parent in 11 assemblies.
[LOG 21:50:15.849] GetSubclassesOfParentClass: Found 0 types with ModuleSAS parent in 11 assemblies.
[LOG 21:50:15.854] GetSubclassesOfParentClass: Found 0 types with ModuleWheelBrakes parent in 11 assemblies.
[LOG 21:50:15.858] GetSubclassesOfParentClass: Found 1 types with ModuleWheelMotor parent in 11 assemblies.
[LOG 21:50:15.859] GetSubclassesOfParentClass: Using cached results for ModuleActiveRadiator
[LOG 21:50:15.863] GetSubclassesOfParentClass: Found 0 types with ModuleAnchoredDecoupler parent in 11 assemblies.
[LOG 21:50:15.867] GetSubclassesOfParentClass: Found 0 types with ModuleCargoBay parent in 11 assemblies.
[LOG 21:50:15.867] GetSubclassesOfParentClass: Using cached results for ModuleControlSurface
[LOG 21:50:15.867] GetSubclassesOfParentClass: Using cached results for ModuleDataTransmitter
[LOG 21:50:15.871] GetSubclassesOfParentClass: Found 0 types with ModuleDecouple parent in 11 assemblies.
[LOG 21:50:15.876] GetSubclassesOfParentClass: Found 4 types with ModuleDeployablePart parent in 11 assemblies.
[LOG 21:50:15.880] GetSubclassesOfParentClass: Found 0 types with ModuleDockingNode parent in 11 assemblies.
[LOG 21:50:15.880] GetSubclassesOfParentClass: Using cached results for ModuleEngines
[LOG 21:50:15.885] GetSubclassesOfParentClass: Found 0 types with CModuleFuelLine parent in 11 assemblies.
[LOG 21:50:15.890] GetSubclassesOfParentClass: Found 0 types with ModuleGPS parent in 11 assemblies.
[LOG 21:50:15.895] GetSubclassesOfParentClass: Found 0 types with ModuleGrappleNode parent in 11 assemblies.
[LOG 21:50:15.895] GetSubclassesOfParentClass: Using cached results for ModuleGrappleNode
[LOG 21:50:15.899] GetSubclassesOfParentClass: Found 0 types with ModuleKerbNetAccess parent in 11 assemblies.
[LOG 21:50:15.899] GetSubclassesOfParentClass: Using cached results for ModuleLight
[LOG 21:50:15.900] GetSubclassesOfParentClass: Using cached results for ModuleLight
[LOG 21:50:15.904] GetSubclassesOfParentClass: Found 0 types with ModuleProbeControlPoint parent in 11 assemblies.
[LOG 21:50:15.908] GetSubclassesOfParentClass: Found 1 types with ModuleRCS parent in 11 assemblies.
[LOG 21:50:15.908] GetSubclassesOfParentClass: Using cached results for ModuleRCS
[LOG 21:50:15.908] GetSubclassesOfParentClass: Using cached results for ModuleReactionWheel
[LOG 21:50:15.908] GetSubclassesOfParentClass: Using cached results for ModuleReactionWheel
[LOG 21:50:15.913] GetSubclassesOfParentClass: Found 0 types with ModuleResourceIntake parent in 11 assemblies.
[LOG 21:50:15.920] GetSubclassesOfParentClass: Found 0 types with ModuleScienceExperiment parent in 11 assemblies.
[LOG 21:50:15.924] GetSubclassesOfParentClass: Found 0 types with ModuleToggleCrossfeed parent in 11 assemblies.
[LOG 21:50:15.928] GetSubclassesOfParentClass: Found 0 types with ModuleWheelDeployment parent in 11 assemblies.
[LOG 21:50:15.941] ExpansionsLoader: Expansions loaded in 6.746s
[LOG 21:50:15.941] Loading Systems: Elapsed time is 40.47225s
[LOG 21:50:18.932] [AddonLoader]: Instantiating addon 'KSPCFFastLoaderPSystemSetup' from assembly 'KSPCommunityFixes'
[LOG 21:50:19.176] [Agent]: Found 19 agent mentality types
[LOG 21:50:19.177] [AgentList]: 31 agents parsed and loaded.
[LOG 21:50:19.205] [UIMasterController]: HideUI
[LOG 21:50:19.272] [CelestialBody]: Kerbin's solar day length is 1d, 0h, 0m long. sidereal day length is 5h, 59m, 9s long
[LOG 21:50:23.671] [UIMasterController]: HideUI
[LOG 21:50:23.675] [HighLogic]: =========================== Scene Change : From LOADING to MAINMENU =====================
[LOG 21:50:24.117] [AddonLoader]: Instantiating addon 'ContractDefs' from assembly 'KSP'
[LOG 21:50:24.133] [AddonLoader]: Instantiating addon 'KerbalKonstructs' from assembly 'KerbalKonstructs'
[LOG 21:50:24.177] KK: [KKGraphics] LoadAndRegisterShader: Loaded Shader: KK/Diffuse_Multiply_Random from file: assets/shaders/diffuse_multiply_random_normal.shader
[LOG 21:50:24.181] KK: [KKGraphics] LoadAndRegisterShader: Loaded Shader: KK/Ground_Multi_NoUV from file: assets/shaders/ground_multi_nouv_normal.shader
[LOG 21:50:24.181] KK: [KKGraphics] LoadAndRegisterShader: Loaded Shader: KK/Calc/NormalFromTexture from file: assets/shaders/normalfromtexture.shader
[LOG 21:50:24.185] KK: [ConnectionManager] ScanForStockCommNet: Added stock CommNet to list: Kerbin: Desert Launch Facility
[LOG 21:50:24.185] KK: [ConnectionManager] ScanForStockCommNet: Added stock CommNet to list: Kerbin: Larkes
[LOG 21:50:24.186] KK: [ConnectionManager] ScanForStockCommNet: Added stock CommNet to list: Kerbin: North Station One
[LOG 21:50:24.186] KK: [ConnectionManager] ScanForStockCommNet: Added stock CommNet to list: Kerbin: Crater Rim
[LOG 21:50:24.186] KK: [ConnectionManager] ScanForStockCommNet: Added stock CommNet to list: Kerbin: Mesa South
[LOG 21:50:24.186] KK: [ConnectionManager] ScanForStockCommNet: Added stock CommNet to list: Kerbin: Nye Island
[LOG 21:50:24.186] KK: [ConnectionManager] ScanForStockCommNet: Added stock CommNet to list: Kerbin: Harvester Massif
[LOG 21:50:24.186] KK: [ConnectionManager] ScanForStockCommNet: Added stock CommNet to list: Kerbin: Baikerbanur
[LOG 21:50:24.186] KK: [KKClassExtentions] FakeGameObjectTags: Set Method Params: gameObject UnityEngine.GameObject
[LOG 21:50:24.186] KK: [KKClassExtentions] FakeGameObjectTags: Set Method Params: value System.String
[LOG 21:50:24.190] KK: [SquadStatics] LoadDesertSiteAssets: found PQS2 Desert_Airfield
[LOG 21:50:24.190] KK: [SquadStatics] LoadDesertSiteAssets: found child Model
[LOG 21:50:24.191] KK: [SquadStatics] LoadDesertSiteAssets: found child GroundObjects
[LOG 21:50:24.191] KK: [SquadStatics] LoadDesertSiteAssets: found PQS2 Desert_Airfield
[LOG 21:50:24.191] KK: [SquadStatics] LoadDesertSiteAssets: found child Model
[LOG 21:50:24.191] KK: [SquadStatics] LoadDesertSiteAssets: found child GroundObjects
[LOG 21:50:24.201] KK: [SquadStatics] LoadSquadKSCModels: Found GrassColor on: KSC_VAB_AC_level_1 : filler_apollo_x2 count: 0
[LOG 21:50:24.201] KK: [SquadStatics] LoadSquadKSCModels: Found GrassColor on: KSC_VAB_AC_level_2 : model_filler_2x_type1_v1 count: 0
[LOG 21:50:24.201] KK: [SquadStatics] LoadSquadKSCModels: Found GrassColor on: KSC_VAB_MC_level_1 : filler_apollo_x1 count: 0
[LOG 21:50:24.202] KK: [SquadStatics] LoadSquadKSCModels: Found GrassColor on: KSC_VAB_MC_level_2 : model_filler_1x_type1_v1 count: 0
[LOG 21:50:24.202] KK: [SquadStatics] LoadSquadKSCModels: Found GrassColor on: KSC_VAB_TS2_level_1 : filler_apollo_x1 count: 0
[LOG 21:50:24.202] KK: [SquadStatics] LoadSquadKSCModels: Found GrassColor on: KSC_VAB_TS2_level_2 : model_filler_1x_type1_v1 count: 0
[LOG 21:50:24.202] KK: [SquadStatics] LoadSquadKSCModels: Found GrassColor on: KSC_VAB_TS1_level_1 : filler_apollo_x2 count: 0
[LOG 21:50:24.202] KK: [SquadStatics] LoadSquadKSCModels: Found GrassColor on: KSC_VAB_TS1_level_2 : model_filler_2x_type1_v1 count: 0
[LOG 21:50:24.202] KK: [SquadStatics] LoadSquadKSCModels: Found GrassColor on: KSC_VAB_RnD2_level_1 : filler_apollo_x1 count: 0
[LOG 21:50:24.202] KK: [SquadStatics] LoadSquadKSCModels: Found GrassColor on: KSC_VAB_RnD2_level_2 : model_filler_1x_type1_v1 count: 0
[LOG 21:50:24.202] KK: [SquadStatics] LoadSquadKSCModels: Found GrassColor on: KSC_VAB_RnD1_level_1 : filler_apollo_x1 count: 0
[LOG 21:50:24.202] KK: [SquadStatics] LoadSquadKSCModels: Found GrassColor on: KSC_VAB_RnD1_level_2 : model_filler_1x_type1_v1 count: 0
[LOG 21:50:24.202] KK: [SquadStatics] LoadSquadKSCModels: Found GrassColor on: KSC_AC_SPH_level_1 : filler_apollo_x1 count: 0
[LOG 21:50:24.202] KK: [SquadStatics] LoadSquadKSCModels: Found GrassColor on: KSC_AC_SPH_level_2 : model_filler_1x_type1_v1 count: 0
[LOG 21:50:24.202] KK: [SquadStatics] LoadSquadKSCModels: Found GrassColor on: KSC_AC_RnD_level_1 : filler_apollo_x1 count: 0
[LOG 21:50:24.202] KK: [SquadStatics] LoadSquadKSCModels: Found GrassColor on: KSC_AC_RnD_level_2 : model_filler_1x_type1_v1 count: 0
[LOG 21:50:24.202] KK: [SquadStatics] LoadSquadKSCModels: Found GrassColor on: KSC_Crawlerway_level_1 : crawler_level2 count: 0
[LOG 21:50:24.202] KK: [SquadStatics] LoadSquadKSCModels: Found GrassColor on: KSC_Crawlerway_level_2 : CrawlerwayLevel3 count: 0
[LOG 21:50:24.202] KK: [SquadStatics] LoadSquadKSCModels: Found GrassColor on: KSC_Crawlerway_level_3 : CrawlerwayLevel4 count: 0
[LOG 21:50:24.202] KK: [SquadStatics] LoadSquadKSCModels: Found GrassColor on: KSC_VehicleAssemblyBuilding_level_1 : VAB_lev2_groundPlane count: 0
[LOG 21:50:24.203] KK: [SquadStatics] LoadSquadKSCModels: Found GrassColor on: KSC_VehicleAssemblyBuilding_level_2 : vab_exterior_groundPlane count: 0
[LOG 21:50:24.203] KK: [SquadStatics] LoadSquadKSCModels: Found GrassColor on: KSC_VehicleAssemblyBuilding_level_3 : model_vab_exterior_ground_v46n count: 0
[LOG 21:50:24.203] KK: [SquadStatics] LoadSquadKSCModels: Found GrassColor on: KSC_TrackingStation_level_1 : tracaking_station_apollo_ground count: 0
[LOG 21:50:24.203] KK: [SquadStatics] LoadSquadKSCModels: Found GrassColor on: KSC_TrackingStation_level_2 : trackingStation_lev4 count: 0
[LOG 21:50:24.204] KK: [SquadStatics] LoadSquadKSCModels: Found GrassColor on: KSC_TrackingStation_level_3 : model_tracking_exterior_ground_v46n count: 0
[LOG 21:50:24.204] KK: [SquadStatics] LoadSquadKSCModels: Found GrassColor on: KSC_SpaceplaneHangar_level_1 : SPH_1_ground count: 0
[LOG 21:50:24.204] KK: [SquadStatics] LoadSquadKSCModels: Found GrassColor on: KSC_SpaceplaneHangar_level_2 : SPH_2_ground count: 0
[LOG 21:50:24.204] KK: [SquadStatics] LoadSquadKSCModels: Found GrassColor on: KSC_SpaceplaneHangar_level_3 : model_sph_exterior_ground_v46n count: 0
[ERR 21:50:24.207] [HierarchyUtil]: CompileID failed because it reached the scene root without finding a 'SpaceCenter' game object

[LOG 21:50:24.208] KK: [SquadStatics] CreateModelFromGameObject: Fixing KSC Fuel Tank
[LOG 21:50:24.213] KK: [SquadStatics] LoadSquadKSCModels: Found GrassColor on: KSC_Runway_level_1 : runway_lev1_v2 count: 0
[LOG 21:50:24.213] KK: [SquadStatics] LoadSquadKSCModels: Found GrassColor on: KSC_Runway_level_2 : grass_dirt_transition count: 0
[LOG 21:50:24.213] KK: [SquadStatics] LoadSquadKSCModels: Found GrassColor on: KSC_Runway_level_2 : groundPlane count: 0
[LOG 21:50:24.213] KK: [SquadStatics] LoadSquadKSCModels: Found GrassColor on: KSC_Runway_level_2 : transition count: 0
[LOG 21:50:24.214] KK: [SquadStatics] LoadSquadKSCModels: Found GrassColor on: KSC_Runway_level_3 : End09_Mesh count: 0
[LOG 21:50:24.214] KK: [SquadStatics] LoadSquadKSCModels: Found GrassColor on: KSC_Runway_level_3 : End27_Mesh count: 0
[LOG 21:50:24.214] KK: [SquadStatics] LoadSquadKSCModels: Found GrassColor on: KSC_Runway_level_3 : Section1_Mesh count: 0
[LOG 21:50:24.214] KK: [SquadStatics] LoadSquadKSCModels: Found GrassColor on: KSC_Runway_level_3 : Section2_Mesh count: 0
[LOG 21:50:24.214] KK: [SquadStatics] LoadSquadKSCModels: Found GrassColor on: KSC_Runway_level_3 : Section3_Mesh count: 0
[LOG 21:50:24.214] KK: [SquadStatics] LoadSquadKSCModels: Found GrassColor on: KSC_Runway_level_3 : Section4_Mesh count: 0
[LOG 21:50:24.214] KK: [SquadStatics] LoadSquadKSCModels: Found GrassColor on: KSC_ResearchAndDevelopment_level_1 : RnD_lev1_groundPlane count: 0
[LOG 21:50:24.215] KK: [SquadStatics] LoadSquadKSCModels: Found GrassColor on: KSC_ResearchAndDevelopment_level_2 : RnD_apollo_groundplane count: 0
[LOG 21:50:24.216] KK: [SquadStatics] LoadSquadKSCModels: Found GrassColor on: KSC_ResearchAndDevelopment_level_3 : CentralBuilding_Mesh count: 0
[LOG 21:50:24.216] KK: [SquadStatics] LoadSquadKSCModels: Found GrassColor on: KSC_ResearchAndDevelopment_level_3 : MainBuilding_Mesh count: 0
[LOG 21:50:24.216] KK: [SquadStatics] LoadSquadKSCModels: Found GrassColor on: KSC_ResearchAndDevelopment_level_3 : WindTunnel_Mesh count: 0
[LOG 21:50:24.216] KK: [SquadStatics] LoadSquadKSCModels: Found GrassColor on: KSC_ResearchAndDevelopment_level_3 : model_rnd_exterior_main_v3_ground count: 0
[LOG 21:50:24.216] KK: [SquadStatics] LoadSquadKSCModels: Found GrassColor on: KSC_MissionControl_level_1 : MC_lev1_groundPlane count: 0
[LOG 21:50:24.216] KK: [SquadStatics] LoadSquadKSCModels: Found GrassColor on: KSC_MissionControl_level_2 : MC_apollo_groundplane count: 0
[LOG 21:50:24.217] KK: [SquadStatics] LoadSquadKSCModels: Found GrassColor on: KSC_MissionControl_level_3 : model_control_exterior_ground_v46n count: 0
[LOG 21:50:24.217] KK: [SquadStatics] LoadSquadKSCModels: Found GrassColor on: KSC_LaunchPad_level_1 : LP_lev2 count: 0
[LOG 21:50:24.217] KK: [SquadStatics] LoadSquadKSCModels: Found GrassColor on: KSC_LaunchPad_level_1 : LP_lev2 count: 1
[LOG 21:50:24.217] KK: [SquadStatics] LoadSquadKSCModels: Found GrassColor on: KSC_LaunchPad_level_2 : LP_ground count: 0
[LOG 21:50:24.217] KK: [SquadStatics] LoadSquadKSCModels: Found GrassColor on: KSC_LaunchPad_level_3 : model_launchpad_ground_v46n count: 0
[LOG 21:50:24.218] KK: [SquadStatics] LoadSquadKSCModels: Found GrassColor on: KSC_LaunchPad_level_3 : model_launchpad_ground_v46n count: 1
[LOG 21:50:24.218] KK: [SquadStatics] LoadSquadKSCModels: Found GrassColor on: KSC_AstronautComplex_level_1 : AC_lev1_groundplane count: 0
[LOG 21:50:24.219] KK: [SquadStatics] LoadSquadKSCModels: Found GrassColor on: KSC_AstronautComplex_level_2 : AC_apollo_groundplane count: 0
[LOG 21:50:24.219] KK: [SquadStatics] LoadSquadKSCModels: Found GrassColor on: KSC_AstronautComplex_level_3 : model_crew_exterior_ground_v46n count: 0
[LOG 21:50:24.219] KK: [SquadStatics] LoadSquadKSCModels: Found GrassColor on: KSC_Administration_level_1 : Admin_lev1_groundPlane count: 0
[LOG 21:50:24.220] KK: [SquadStatics] LoadSquadKSCModels: Found GrassColor on: KSC_Administration_level_2 : administration_groundPlane count: 0
[LOG 21:50:24.220] KK: [SquadStatics] LoadSquadKSCModels: Found GrassColor on: KSC_Administration_level_2 : administration_groundPlane count: 1
[LOG 21:50:24.220] KK: [SquadStatics] LoadSquadKSCModels: Found GrassColor on: KSC_Administration_level_3 : administration_building_modern_ground count: 0
[LOG 21:50:24.243] KK: duplicate DecalMap name: height_Sagan ,found
[LOG 21:50:24.243] KK: duplicate DecalMap name: color__Crater2 ,found
[LOG 21:50:24.243] KK: duplicate DecalMap name: height_Pyramid ,found
[LOG 21:50:24.243] KK: duplicate DecalMap name: color_Pyramid ,found
[LOG 21:50:24.243] KK: duplicate DecalMap name: color__Crater1 ,found
[LOG 21:50:24.243] KK: duplicate DecalMap name: height_KSC2 ,found
[LOG 21:50:24.246] KK: duplicate DecalMap name: height_IslandAirfield ,found
[LOG 21:50:24.246] KK: duplicate DecalMap name: height_KSC ,found
[LOG 21:50:24.246] KK: [MapDecalUtils] GetSquadMaps: Imported 11 Maps from around the universe
[LOG 21:50:24.333] KK: [LaunchSiteManager] RegisterLaunchSite: Registering LaunchSite: KSC2 isHidden: True
[LOG 21:50:24.339] KK: [ConfigParser] ParseModelConfig: found variant: Visible
[LOG 21:50:24.340] KK: [ConfigParser] ParseModelConfig: added variant: Visible
[LOG 21:50:24.340] KK: [ConfigParser] ParseModelConfig: found variant: Invisible
[LOG 21:50:24.340] KK: [ConfigParser] ParseModelConfig: added variant: Invisible
[ERR 21:50:24.340] Triggers on concave MeshColliders are not supported

[ERR 21:50:24.340] Triggers on concave MeshColliders are not supported

[LOG 21:50:24.342] KK: [KerbalKonstructs] Awake: Stopwatch: "Object loading1" elapsed time: 00:00:00.0031930
[LOG 21:50:24.345] KK: [KerbalKonstructs] Awake: Stopwatch: "Object loading2" elapsed time: 00:00:00.0026180
[LOG 21:50:24.345] KK: Version is 1.12.3.0 .
[LOG 21:50:24.345] KK: StaticDatabase has: 1Entries
[LOG 21:50:24.345] KK: [KerbalKonstructs] Awake: Stopwatch: "Awake Function" elapsed time: 00:00:00.2092229
[LOG 21:50:24.345] [AddonLoader]: Instantiating addon 'KSPCFFastLoaderReport' from assembly 'KSPCommunityFixes'
[LOG 21:50:24.363] [UIMasterController]: ShowUI
[LOG 21:50:24.543] [GameParameters]: Loaded custom parameter class CommNetParams.
[LOG 21:50:24.543] [GameParameters]: Loaded custom parameter class MissionParamsGeneral.
[LOG 21:50:24.543] [GameParameters]: Loaded custom parameter class MissionParamsFacilities.
[LOG 21:50:24.543] [GameParameters]: Loaded custom parameter class MissionParamsExtras.
[LOG 21:50:24.544] [GameParameters]: Loaded custom parameter class AdvancedParams.
[LOG 21:50:24.545] [GameParameters]: Loaded custom parameter class KKCustomParameters0.
[LOG 21:50:24.545] [GameParameters]: Loaded custom parameter class KKCustomParameters1.
[LOG 21:50:24.545] [GameParameters]: Loaded custom parameter class KKCustomParameters2.
[LOG 21:50:24.559] [ReflectionUtil]: Found 40 types with UpgradeModule attribute in 11 assemblies.
[LOG 21:50:24.569] KK: [WindowManager2] LoadPresets: loading: KSCManager : (0.5, 0.5)
[LOG 21:50:24.569] KK: [WindowManager2] LoadPresets: loading: InstanceToolbar : (0.5, 0.5)
[LOG 21:50:24.569] KK: [WindowManager2] LoadPresets: loading: EditorToolbar : (0.3, 0.7)
[LOG 21:50:24.570] KK: [WindowManager2] LoadPresets: loading: ModeSelector : (0.9, 0.8)
[LOG 21:50:24.570] KK: [WindowManager2] Initialize: UI2.WindowManager2 initialized
[LOG 21:50:24.571] [KSPCF:FastLoader] Intel(R) Core(TM) Ultra 7 155H | 32265 MB | Intel(R) Arc(TM) Pro Graphics (18391 MB)
Total loading time to main menu : 52.446s
- Configs and assemblies loaded in 11.340s
- Configs reload done in 1.085s
- Configs translated in 0.009s
- 2490 assets loaded in 16.028s :
  - 86 audio assets (79.689 MiB) in 0.416s, 191.46 MiB/s
  - 1761 texture assets (1.303 GiB) in 11.850s, 112.644 MiB/s
  - 642 model assets (64.467 MiB) in 3.758s, 17.153 MiB/s
- Asset bundles loaded in 0.413s
- GameDatabase (configs, resources, traits, upgrades...) loaded in 0.047s
- Built-in parts copied in 0.018s
- Part and internal configs extracted in 0.001s
- 483 parts and 1927 modules compiled in 6.197s
  - 4.0 modules/part, 12.830 ms/part, 3.216 ms/module
  - PartIcon compilation : 0.747s
- 27 internal spaces and 56 props compiled in 0.125s
- 2 DLC (Making History, Breaking Ground) loaded in 6.790s
- Planetary system loaded in 5.613s
[LOG 21:50:24.572] Texture queries : 1739, slow path : 1 (0.06 %)
[LOG 21:50:24.577] [ModuleManager] Total loading Time = 41.285s
[LOG 21:50:24.597] KK: [GroupCenter] SetInstancesEnabled: Setting Group KSC_Builtin: active state form: True to: False
[LOG 21:50:24.598] KK: [GroupCenter] SetInstancesEnabled: Setting Group KSC2_Builtin: active state form: True to: False
[LOG 21:50:24.598] KK: [GroupCenter] SetInstancesEnabled: Setting Group Pyramids_Builtin: active state form: True to: False
[LOG 21:50:24.598] KK: [GroupCenter] SetInstancesEnabled: Setting Group IslandAirfield_Builtin: active state form: True to: False
[LOG 21:50:24.598] KK: [GroupCenter] SetInstancesEnabled: Setting Group Desert_Airfield_Builtin: active state form: True to: False
[LOG 21:50:24.598] KK: [GroupCenter] SetInstancesEnabled: Setting Group Woomerang_Launch_Site_Builtin: active state form: True to: False
[LOG 21:50:24.598] KK: [GroupCenter] SetInstancesEnabled: Setting Group MuneBase: active state form: True to: False
[LOG 21:50:24.607] [ScenarioTypes]: List Created 24 scenario types loaded from 11 loaded assemblies.
[WRN 21:50:24.613] File 'C:/Users/lhervier/Perso/ksp-dev/KSP_x64_Data/../Missions/MissionScoreInfo.cfg' does not exist
[LOG 21:50:24.614] [ApplicationLauncher] Awake False
[LOG 21:50:24.616] [ApplicationLauncher] SpawnSimpleLayout: VerticalTopDown
[LOG 21:50:24.625] ScaleModList: listSize 41 maxListSize 0
[LOG 21:50:24.629] [UiApp] Awake: 
[LOG 21:50:24.629] [ApplicationLauncher] OnSceneLoadedGUIReady: scene MAINMENU ShouldBeVisible() True ShouldBeOnTop() True iIsPositionedAtTop True
[LOG 21:50:24.646] [UIApp] Adding  to Application Launcher
[LOG 21:50:24.648] [ApplicationLauncher] SetHidden: 
[LOG 21:50:24.652] [MessageSystem] OnAppInitialized
[LOG 21:50:24.653] [MessageSystem] Reposition 0.0363708 6473
[LOG 21:51:55.706] [KSPUpgradePipeline]: claude (1.12.5) is up to date.
[LOG 21:51:55.714] [ExperienceSystem]: Found 0 trait types
[LOG 21:51:55.722] [ExperienceSystem]: Found 20 effect types
[LOG 21:51:55.749] [ScenarioTypes]: List Created 24 scenario types loaded from 11 loaded assemblies.
[LOG 21:51:55.781] Game State Saved to saves/claude/persistent
[LOG 21:51:55.794] [MessageSystem] Load Messages
[LOG 21:51:55.797] [UIMasterController]: HideUI
[LOG 21:51:55.799] [HighLogic]: =========================== Scene Change : From MAINMENU to SPACECENTER =====================
[LOG 21:51:56.088] [AddonLoader]: Instantiating addon 'CustomConfigsManager' from assembly 'ModuleManager'
[LOG 21:51:56.090] [AddonLoader]: Instantiating addon 'WindowManager' from assembly 'KerbalKonstructs'
[LOG 21:51:58.028] [UIMasterController]: ShowUI
[LOG 21:51:58.263] [SceneLoadSpeedBoost] Save loaded from disk in 2ms
[LOG 21:51:58.274] GetSubclassesOfParentClass: Found 7 types with AlarmTypeBase parent in 11 assemblies.
[LOG 21:51:58.280] Loading Depletion Nodes
[LOG 21:51:58.280] DepNodeCount:  0
[LOG 21:51:58.281] Loading Biome Nodes
[LOG 21:51:58.281] BiomeNodeCount:  0
[LOG 21:51:58.281] Loading Planet Nodes
[LOG 21:51:58.281] PlanetNodeCount:  0
[LOG 21:51:58.291] [ScenarioDestructibles]: Loading... 0 objects registered
[LOG 21:51:58.299] KK: [KerbalKonstructsSettings] OnLoad: Resetting OpenCloseStates for new Games
[LOG 21:51:58.300] KK: [KerbalKonstructsSettings] OnLoad: KKScenario loading facility states
[LOG 21:51:58.301] KK: [CareerState] Load: Stopwatch: "Loading" elapsed time: 00:00:00.0012221
[LOG 21:51:58.357] KK: [KerbalKonstructsSettings] Start: Career Module Start Called
[LOG 21:51:58.389] KK: [LaunchSiteManager] GetCurrentLaunchSite: retuning CurrentSite: LaunchPad
[LOG 21:51:58.390] KK: [LaunchSiteManager] GetLaunchSiteByName: found LS: LaunchPad
[LOG 21:51:58.390] KK: [KerbalKonstructs] OnLevelWasLoad: SC Body is: Kerbin
[LOG 21:51:58.396] KK: [KerbalKonstructs] UpdateCache: using SpaceCenterCam2 as position
[LOG 21:51:58.396] KK: [KerbalKonstructs] UpdateCache: SC2Name: SpaceCenterCamera
[LOG 21:51:58.396] KK: [GroupCenter] SetInstancesEnabled: Setting Group KSC_Builtin: active state form: False to: True
[LOG 21:51:58.396] KK: [GroupCenter] SetInstancesEnabled: Setting Group IslandAirfield_Builtin: active state form: False to: True
[LOG 21:51:58.396] KK: [KerbalKonstructs] OnLevelWasLoad: Stopwatch: "SC Scene" elapsed time: 00:00:00.0066507
[LOG 21:51:58.397] [UiApp] Awake: KSPedia
[LOG 21:51:58.397] [UiApp] Awake: Missions App
[LOG 21:51:58.397] [UiApp] Awake: AlarmClock
[LOG 21:51:58.397] [GenericAppFrame] Reposition 0 28377
[LOG 21:51:58.398] [ApplicationLauncher] OnSceneLoadedGUIReady: scene SPACECENTER ShouldBeVisible() True ShouldBeOnTop() False iIsPositionedAtTop True
[LOG 21:51:58.398] [ApplicationLauncher] SpawnSimpleLayout: HorizontalRightLeft
[LOG 21:51:58.400] [ApplicationLauncher] SetVisible: 
[LOG 21:51:58.401] ScaleModList: listSize 41 maxListSize 1148
[LOG 21:51:58.401] ScaleModList: listSize 41 maxListSize 1139
[LOG 21:51:58.401] ScaleModList: listSize 41 maxListSize 1139
[LOG 21:51:58.431] [UIApp] OnDestroy: Contracts
[LOG 21:51:58.437] [MessageSystem] Reposition 0.02 28378
[LOG 21:51:58.437] [GenericAppFrame] Reposition 0.02 28378
[LOG 21:51:58.438] [GenericAppFrame] Reposition 0.02 28378
[LOG 21:51:58.559] [UIApp] Adding AlarmClock to Application Launcher
[LOG 21:51:58.560] ScaleModList: listSize 41 maxListSize 1098
[LOG 21:51:58.560] [UIApp] Adding Missions App to Application Launcher
[LOG 21:51:58.561] ScaleModList: listSize 41 maxListSize 1057
[LOG 21:51:58.606] [GenericAppFrame] Reposition 0.1548247 28384
[LOG 21:51:58.609] [MissionsApp] OnAppStarted(): id: -390398
[LOG 21:51:58.609] MissionsApp does not execute in this game mode, destroying this instance
[LOG 21:51:58.609] [UIApp] OnDestroy: Missions App
[LOG 21:51:58.610] ScaleModList: listSize 41 maxListSize 1057
[LOG 21:51:58.619] [UIApp] Adding KSPedia to Application Launcher
[LOG 21:51:58.620] ScaleModList: listSize 41 maxListSize 1057
[LOG 21:52:03.866] Game Paused!
[LOG 21:52:03.866] [UIMasterController]: ShowUI
[LOG 21:52:07.045] [KSPUpgradePipeline]: claude (1.12.5) is up to date.
[LOG 21:52:07.053] [ScenarioTypes]: List Created 24 scenario types loaded from 11 loaded assemblies.
[LOG 21:52:07.053] [MessageSystem] Load Messages
[LOG 21:52:07.056] [UIMasterController]: HideUI
[LOG 21:52:07.063] [HighLogic]: =========================== Scene Change : From SPACECENTER to FLIGHT =====================
[LOG 21:52:07.066] Game Unpaused!
[LOG 21:52:07.315] [UIApp] OnDestroy: AlarmClock
[LOG 21:52:07.316] ScaleModList: listSize 41 maxListSize 1057
[LOG 21:52:07.316] [UIApp] OnDestroy: KSPedia
[LOG 21:52:07.316] ScaleModList: listSize 41 maxListSize 1057
[LOG 21:52:07.319] [KSPCF:MemoryLeaks] Removed a onPlanetariumTargetChange callback owned by a destroyed Assembly-CSharp:CommNetVessel instance
[LOG 21:52:07.323] [KSPCF:MemoryLeaks] Leaving scene "SpaceCenter", cleaned 5 memory leaks in 0.005s. GameEvents callbacks : 502. Allocated memory : 683.203 MiB (managed heap), 2.217 GiB (unmanaged)
[LOG 21:52:07.329] UICanvasPrefabSpawner FlightUI spawning Flight
[LOG 21:52:07.350] UICanvasPrefabSpawner FlightUI spawning VesselLabels
[LOG 21:52:07.350] [UiApp] Awake: ResourceDisplay
[LOG 21:52:07.402] [AddonLoader]: Instantiating addon 'AeroGUI' from assembly 'KSP'
[LOG 21:52:07.410] [AddonLoader]: Instantiating addon 'WindowManager' from assembly 'KerbalKonstructs'
[LOG 21:52:07.410] [AddonLoader]: Instantiating addon 'TerrainPrecisionFixDiag2Mod' from assembly 'TerrainPrecisionFixDiag2Mod'
[LOG 21:52:07.411] [AddonLoader]: Instantiating addon 'TerrainPrecisionFixDiagMod' from assembly 'TerrainPrecisionFixDiagMod'
[LOG 21:52:07.413] [PlanetariumCamera]: Focus: Kerbin
[LOG 21:52:07.413] [UIMasterController]: HideUI
[LOG 21:52:07.630] [UIMasterController]: HideUI
[LOG 21:52:07.630] ------------------- initializing flight mode... ------------------
[LOG 21:52:07.631] GetSubclassesOfParentClass: Using cached results for AlarmTypeBase
[LOG 21:52:07.631] Loading Depletion Nodes
[LOG 21:52:07.631] DepNodeCount:  0
[LOG 21:52:07.631] Loading Biome Nodes
[LOG 21:52:07.631] BiomeNodeCount:  0
[LOG 21:52:07.631] Loading Planet Nodes
[LOG 21:52:07.631] PlanetNodeCount:  0
[LOG 21:52:07.633] [ScenarioDestructibles]: Loading... 0 objects registered
[LOG 21:52:07.662] Target vessel index: 10  vessel count: 11
[LOG 21:52:07.663] [FLIGHT GLOBALS]: Switching To Vessel Vaisseau sans nom ---------------------- 
[LOG 21:52:07.664] setting new dominant body: Mun
FlightGlobals.mainBody: Mun
[LOG 21:52:07.665] KK: [GroupCenter] SetInstancesEnabled: Setting Group KSC_Builtin: active state form: True to: False
[LOG 21:52:07.665] KK: [GroupCenter] SetInstancesEnabled: Setting Group IslandAirfield_Builtin: active state form: True to: False
[LOG 21:52:07.665] KK: [GroupCenter] SetInstancesEnabled: Setting Group MuneBase: active state form: False to: True
[ERR 21:52:07.674] Material doesn't have a texture property '_MainTex'

[ERR 21:52:07.674] Material doesn't have a texture property '_MainTex'

[ERR 21:52:07.674] Material doesn't have a texture property '_MainTex'

[ERR 21:52:07.674] Material doesn't have a texture property '_MainTex'

[ERR 21:52:07.674] Material doesn't have a texture property '_MainTex'

[ERR 21:52:07.674] Material doesn't have a texture property '_MainTex'

[LOG 21:52:07.682] Reference Frame: Rotating
[LOG 21:52:07.697] [Vaisseau sans nom]: landed - waiting for ground contact to resume physics...
[LOG 21:52:07.705] Camera Mode: AUTO
[LOG 21:52:09.247] all systems started
[LOG 21:52:09.338] KK: [KerbalKonstructsSettings] Start: Career Module Start Called
[LOG 21:52:09.428] [Vaisseau sans nom]: landed - waiting for ground contact to resume physics...
[LOG 21:52:09.501] KK: [GroupCenter] SetInstancesEnabled: Setting Group MuneBase: active state form: True to: False
[LOG 21:52:09.501] KK: [GroupCenter] SetInstancesEnabled: Setting Group MuneBase: active state form: False to: True
[LOG 21:52:09.503] [UiApp] Awake: CurrencyWidgetsApp
[LOG 21:52:09.503] [UiApp] Awake: ResourceDisplay
[LOG 21:52:09.503] [UiApp] Awake: KSPedia
[LOG 21:52:09.503] [UiApp] Awake: Missions App
[LOG 21:52:09.503] [UiApp] Awake: DeltaVApp
[LOG 21:52:09.503] [UiApp] Awake: ActionGroupsApp
[LOG 21:52:09.503] [UiApp] Awake: Construction
[LOG 21:52:09.503] [UiApp] Awake: Cargo
[LOG 21:52:09.503] [UiApp] Awake: AlarmClock
[LOG 21:52:09.503] [UiApp] Awake: ManeuverTool
[LOG 21:52:09.503] [ApplicationLauncher] OnSceneLoadedGUIReady: scene FLIGHT ShouldBeVisible() True ShouldBeOnTop() True iIsPositionedAtTop False
[LOG 21:52:09.503] [ApplicationLauncher] SpawnSimpleLayout: VerticalTopDown
[LOG 21:52:09.507] ScaleModList: listSize 41 maxListSize 502
[LOG 21:52:09.507] [KnowledgeBase] OnAppLauncherReady 28996
[LOG 21:52:09.518] [UIApp] OnDestroy: Contracts
[LOG 21:52:09.533] [FlightIntegrator]: Reloaded drag cube for zeroed cube root part fuelTankSmallFlat (Vaisseau sans nom) on vessel Vaisseau sans nom
[LOG 21:52:09.544] [MessageSystem] Reposition 0.02 28997
[LOG 21:52:09.544] [GenericAppFrame] Reposition 0.02 28997
[LOG 21:52:09.544] [GenericAppFrame] Reposition 0.02 28997
[LOG 21:52:09.615] [FlightIntegrator]: Reloaded drag cube for zeroed cube root part fuelTankSmallFlat (Vaisseau sans nom) on vessel Vaisseau sans nom
[LOG 21:52:09.628] [PlanetariumCamera]: Focus: Vaisseau sans nom
[LOG 21:52:09.646] [UIApp] Adding ResourceDisplay to Application Launcher
[LOG 21:52:09.647] ScaleModList: listSize 41 maxListSize 453
[LOG 21:52:09.647] [UIApp] Adding ResourceDisplay to Application Launcher
[LOG 21:52:09.648] ScaleModList: listSize 41 maxListSize 412
[LOG 21:52:09.653] [ResourceDisplay] OnAppStarted(): id: -428882
[LOG 21:52:09.654] [GenericAppFrame] Reposition 0.1293775 29001
[LOG 21:52:09.655] [ResourceDisplay] OnAppStarted(): id: 264306
[LOG 21:52:09.655] ResourceDisplay already exist, destroying this instance
[LOG 21:52:09.655] [UIApp] OnDestroy: ResourceDisplay
[LOG 21:52:09.655] ScaleModList: listSize 41 maxListSize 412
[LOG 21:52:09.668] [UIApp] Adding AlarmClock to Application Launcher
[LOG 21:52:09.669] ScaleModList: listSize 41 maxListSize 412
[LOG 21:52:09.669] [UIApp] Adding ActionGroupsApp to Application Launcher
[LOG 21:52:09.670] ScaleModList: listSize 41 maxListSize 371
[LOG 21:52:09.671] [UIApp] Adding Missions App to Application Launcher
[LOG 21:52:09.671] ScaleModList: listSize 41 maxListSize 330
[LOG 21:52:09.671] CURRENCY WIDGET False False False
[LOG 21:52:09.672] [UIApp] OnDestroy: CurrencyWidgetsApp
[LOG 21:52:09.687] [GenericAppFrame] Reposition 0.1536594 29003
[LOG 21:52:09.689] [ActionGroupsApp] OnAppStarted(): id: -428906
[LOG 21:52:09.690] [GenericAppFrame] Reposition 0.1536594 29003
[LOG 21:52:09.691] [UIApp] Adding DeltaVApp to Application Launcher
[LOG 21:52:09.691] ScaleModList: listSize 41 maxListSize 289
[LOG 21:52:09.691] [MissionsApp] OnAppStarted(): id: -428894
[LOG 21:52:09.691] MissionsApp does not execute in this game mode, destroying this instance
[LOG 21:52:09.691] [UIApp] OnDestroy: Missions App
[LOG 21:52:09.691] ScaleModList: listSize 41 maxListSize 289
[LOG 21:52:09.699] [GenericAppFrame] Reposition 0.1733259 29004
[LOG 21:52:09.709] [UIApp] Adding Cargo to Application Launcher
[LOG 21:52:09.710] ScaleModList: listSize 41 maxListSize 289
[LOG 21:52:09.711] [UIApp] Adding Construction to Application Launcher
[LOG 21:52:09.711] ScaleModList: listSize 41 maxListSize 248
[LOG 21:52:09.711] [UIApp] Adding KSPedia to Application Launcher
[LOG 21:52:09.712] ScaleModList: listSize 41 maxListSize 207
[WRN 21:52:09.718] HighlightingSystem : Framebuffer depth data is not available and can't be used to occlude highlighting. Highlighting occluders enabled.
[LOG 21:52:09.746] [UIApp] Adding ManeuverTool to Application Launcher
[LOG 21:52:09.747] ScaleModList: listSize 41 maxListSize 166
[LOG 21:52:09.748] [ApplicationLauncher] SetHidden: 
[LOG 21:52:09.749] ScaleModList: listSize 41 maxListSize 207
[LOG 21:52:09.775] [GenericAppFrame] Reposition 0.246502 29007
[LOG 21:52:09.782] [ManeuverTool]: Found 1 transfer types
[LOG 21:52:09.821] Flight State Captured
[LOG 21:52:09.824] Saving Achievements Tree...
[LOG 21:52:09.825] Saving Achievements Tree...
[LOG 21:52:09.825] Saving Achievements Tree...
[LOG 21:52:09.828] KK: [WindowManager2] SavePresets: Saving: KSCManager : (0.5, 0.5)
[LOG 21:52:09.828] KK: [WindowManager2] SavePresets: Saving: InstanceToolbar : (0.5, 0.5)
[LOG 21:52:09.828] KK: [WindowManager2] SavePresets: Saving: EditorToolbar : (0.3, 0.7)
[LOG 21:52:09.828] KK: [WindowManager2] SavePresets: Saving: ModeSelector : (0.9, 0.8)
[LOG 21:52:09.841] KK: [KerbalKonstructsSettings] OnSave: KKScenario saving career state
[LOG 21:52:09.843] [MessageSystem] Save Messages
[LOG 21:52:09.858] Game State Saved as persistent
[LOG 21:52:10.537] Unpacking Vaisseau sans nom
[LOG 21:52:10.548] Unpacking Vaisseau sans nom
[LOG 21:52:10.569] [UIMasterController]: ShowUI
[LOG 21:52:23.082] [FLIGHT GLOBALS]: Switching To Vessel Vaisseau sans nom ---------------------- 
[LOG 21:52:23.084] [PlanetariumCamera]: Focus: Vaisseau sans nom
[LOG 21:52:23.090] Camera Mode: AUTO
[LOG 21:52:27.186] Game Paused!
[LOG 21:52:27.187] [UIMasterController]: ShowUI
[LOG 21:52:31.034] [SceneLoadSpeedBoost] Save loaded from disk in 5ms
[LOG 21:52:33.616] [KSPUpgradePipeline]: claude (1.12.5) is up to date.
[LOG 21:52:33.625] [ScenarioTypes]: List Created 24 scenario types loaded from 11 loaded assemblies.
[LOG 21:52:33.625] [MessageSystem] Load Messages
[LOG 21:52:33.627] [UIMasterController]: HideUI
[LOG 21:52:33.668] [HighLogic]: =========================== Scene Change : From FLIGHT to FLIGHT =====================
[LOG 21:52:33.669] Game Unpaused!
[LOG 21:52:33.794] [UIApp] OnDestroy: ManeuverTool
[LOG 21:52:33.794] ScaleModList: listSize 41 maxListSize 207
[LOG 21:52:33.795] KbApp.OnDestroy Unowned Info
[LOG 21:52:33.796] [UIApp] OnDestroy: AlarmClock
[LOG 21:52:33.796] ScaleModList: listSize 41 maxListSize 207
[LOG 21:52:33.796] [UIApp] OnDestroy: Cargo
[LOG 21:52:33.796] ScaleModList: listSize 41 maxListSize 207
[LOG 21:52:33.796] [UIApp] OnDestroy: KSPedia
[LOG 21:52:33.796] ScaleModList: listSize 41 maxListSize 207
[LOG 21:52:33.797] [UIApp] OnDestroy: Construction
[LOG 21:52:33.797] ScaleModList: listSize 41 maxListSize 207
[LOG 21:52:33.797] KbApp.OnDestroy Planet Resources
[LOG 21:52:33.799] [UIApp] OnDestroy: ActionGroupsApp
[LOG 21:52:33.799] ScaleModList: listSize 41 maxListSize 207
[LOG 21:52:33.800] KbApp.OnDestroy Vessel Crew
[LOG 21:52:33.800] [UIApp] OnDestroy: DeltaVApp
[LOG 21:52:33.800] ScaleModList: listSize 41 maxListSize 207
[LOG 21:52:33.800] KbApp.OnDestroy Planet Parameters
[LOG 21:52:33.800] KbApp.OnDestroy Vessel Info
[LOG 21:52:33.801] [UIApp] OnDestroy: ResourceDisplay
[LOG 21:52:33.802] ScaleModList: listSize 41 maxListSize 207
[LOG 21:52:33.802] KbApp.OnDestroy Planet Info
[LOG 21:52:33.802] KbApp.OnDestroy NullName
[LOG 21:52:33.802] [PlanetariumCamera]: Focus: Mun
[LOG 21:52:33.811] [KSPCF:MemoryLeaks] Removed a OnMapExited callback owned by a destroyed Assembly-CSharp:NavBallToggle instance
[LOG 21:52:33.812] [KSPCF:MemoryLeaks] Removed a OnGameSettingsApplied callback owned by a destroyed Assembly-CSharp:VesselAutopilotUI instance
[LOG 21:52:33.812] [KSPCF:MemoryLeaks] Removed a onPartActionUICreate callback owned by a destroyed Assembly-CSharp:ModuleInventoryPart instance
[LOG 21:52:33.812] [KSPCF:MemoryLeaks] Removed a onPartActionUICreate callback owned by a destroyed Assembly-CSharp:ModuleInventoryPart instance
[LOG 21:52:33.812] [KSPCF:MemoryLeaks] Removed a onModuleInventoryChanged callback owned by a destroyed Assembly-CSharp:ModuleInventoryPart instance
[LOG 21:52:33.812] [KSPCF:MemoryLeaks] Removed a onModuleInventoryChanged callback owned by a destroyed Assembly-CSharp:ModuleInventoryPart instance
[LOG 21:52:33.812] [KSPCF:MemoryLeaks] Removed a OnDestructibleLoaded callback owned by a destroyed Assembly-CSharp:RunwayCollisionHandler instance
[LOG 21:52:33.812] [KSPCF:MemoryLeaks] Removed a OnClick callback owned by a destroyed Assembly-CSharp:EVAConstructionModeEditor instance
[LOG 21:52:33.812] [KSPCF:MemoryLeaks] Removed a TimingManager.Instance.timing5.onLateUpdate callback owned by a destroyed Assembly-CSharp:MapView instance
[LOG 21:52:33.812] [KSPCF:MemoryLeaks] Leaving scene "Flight", cleaned 39 memory leaks in 0.002s. GameEvents callbacks : 591. Allocated memory : 711.098 MiB (managed heap), 2.095 GiB (unmanaged)
[LOG 21:52:33.818] UICanvasPrefabSpawner FlightUI spawning Flight
[LOG 21:52:33.830] UICanvasPrefabSpawner FlightUI spawning VesselLabels
[LOG 21:52:33.830] [UiApp] Awake: ResourceDisplay
[LOG 21:52:33.883] [AddonLoader]: Instantiating addon 'AeroGUI' from assembly 'KSP'
[LOG 21:52:33.892] [AddonLoader]: Instantiating addon 'WindowManager' from assembly 'KerbalKonstructs'
[LOG 21:52:33.892] [AddonLoader]: Instantiating addon 'TerrainPrecisionFixDiag2Mod' from assembly 'TerrainPrecisionFixDiag2Mod'
[LOG 21:52:33.892] [AddonLoader]: Instantiating addon 'TerrainPrecisionFixDiagMod' from assembly 'TerrainPrecisionFixDiagMod'
[LOG 21:52:33.892] [PlanetariumCamera]: Focus: Kerbin
[LOG 21:52:33.893] [UIMasterController]: HideUI
[LOG 21:52:34.106] [UIMasterController]: HideUI
[LOG 21:52:34.106] ------------------- initializing flight mode... ------------------
[LOG 21:52:34.107] GetSubclassesOfParentClass: Using cached results for AlarmTypeBase
[LOG 21:52:34.107] Loading Depletion Nodes
[LOG 21:52:34.107] DepNodeCount:  0
[LOG 21:52:34.107] Loading Biome Nodes
[LOG 21:52:34.107] BiomeNodeCount:  0
[LOG 21:52:34.107] Loading Planet Nodes
[LOG 21:52:34.107] PlanetNodeCount:  0
[LOG 21:52:34.108] [ScenarioDestructibles]: Loading... 0 objects registered
[LOG 21:52:34.132] Target vessel index: 10  vessel count: 11
[LOG 21:52:34.133] [FLIGHT GLOBALS]: Switching To Vessel Vaisseau sans nom ---------------------- 
[LOG 21:52:34.133] setting new dominant body: Mun
FlightGlobals.mainBody: Mun
[LOG 21:52:34.133] Reference Frame: Rotating
[LOG 21:52:34.138] [Vaisseau sans nom]: landed - waiting for ground contact to resume physics...
[LOG 21:52:34.138] Camera Mode: AUTO
[LOG 21:52:35.568] all systems started
[LOG 21:52:35.611] KK: [KerbalKonstructsSettings] Start: Career Module Start Called
[LOG 21:52:35.647] [Vaisseau sans nom]: landed - waiting for ground contact to resume physics...
[LOG 21:52:35.676] KK: [GroupCenter] SetInstancesEnabled: Setting Group MuneBase: active state form: True to: False
[LOG 21:52:35.676] KK: [GroupCenter] SetInstancesEnabled: Setting Group MuneBase: active state form: False to: True
[LOG 21:52:35.677] [UiApp] Awake: CurrencyWidgetsApp
[LOG 21:52:35.677] [UiApp] Awake: ResourceDisplay
[LOG 21:52:35.677] [UiApp] Awake: KSPedia
[LOG 21:52:35.677] [UiApp] Awake: Missions App
[LOG 21:52:35.677] [UiApp] Awake: DeltaVApp
[LOG 21:52:35.677] [UiApp] Awake: ActionGroupsApp
[LOG 21:52:35.677] [UiApp] Awake: Construction
[LOG 21:52:35.677] [UiApp] Awake: Cargo
[LOG 21:52:35.677] [UiApp] Awake: AlarmClock
[LOG 21:52:35.677] [UiApp] Awake: ManeuverTool
[LOG 21:52:35.677] [ApplicationLauncher] OnSceneLoadedGUIReady: scene FLIGHT ShouldBeVisible() True ShouldBeOnTop() True iIsPositionedAtTop True
[LOG 21:52:35.679] ScaleModList: listSize 41 maxListSize 494
[LOG 21:52:35.679] [KnowledgeBase] OnAppLauncherReady 31191
[LOG 21:52:35.686] [UIApp] OnDestroy: Contracts
[LOG 21:52:35.704] [FlightIntegrator]: Reloaded drag cube for zeroed cube root part fuelTankSmallFlat (Vaisseau sans nom) on vessel Vaisseau sans nom
[LOG 21:52:35.707] [MessageSystem] Reposition 0.02 31192
[LOG 21:52:35.707] [GenericAppFrame] Reposition 0.02 31192
[LOG 21:52:35.707] [GenericAppFrame] Reposition 0.02 31192
[LOG 21:52:35.763] [FlightIntegrator]: Reloaded drag cube for zeroed cube root part fuelTankSmallFlat (Vaisseau sans nom) on vessel Vaisseau sans nom
[LOG 21:52:35.766] [PlanetariumCamera]: Focus: Vaisseau sans nom
[LOG 21:52:35.777] [UIApp] Adding ResourceDisplay to Application Launcher
[LOG 21:52:35.778] ScaleModList: listSize 41 maxListSize 453
[LOG 21:52:35.778] [UIApp] Adding ResourceDisplay to Application Launcher
[LOG 21:52:35.779] ScaleModList: listSize 41 maxListSize 412
[LOG 21:52:35.785] [ResourceDisplay] OnAppStarted(): id: -488098
[LOG 21:52:35.785] [GenericAppFrame] Reposition 0.1025973 31196
[LOG 21:52:35.786] [ResourceDisplay] OnAppStarted(): id: 264438
[LOG 21:52:35.786] ResourceDisplay already exist, destroying this instance
[LOG 21:52:35.786] [UIApp] OnDestroy: ResourceDisplay
[LOG 21:52:35.786] ScaleModList: listSize 41 maxListSize 412
[LOG 21:52:35.795] [UIApp] Adding AlarmClock to Application Launcher
[LOG 21:52:35.795] ScaleModList: listSize 41 maxListSize 412
[LOG 21:52:35.796] [UIApp] Adding ActionGroupsApp to Application Launcher
[LOG 21:52:35.796] ScaleModList: listSize 41 maxListSize 371
[LOG 21:52:35.796] [UIApp] Adding Missions App to Application Launcher
[LOG 21:52:35.797] ScaleModList: listSize 41 maxListSize 330
[LOG 21:52:35.797] CURRENCY WIDGET False False False
[LOG 21:52:35.798] [UIApp] OnDestroy: CurrencyWidgetsApp
[LOG 21:52:35.812] [GenericAppFrame] Reposition 0.1209883 31198
[LOG 21:52:35.814] [ActionGroupsApp] OnAppStarted(): id: -488122
[LOG 21:52:35.815] [GenericAppFrame] Reposition 0.1209883 31198
[LOG 21:52:35.815] [UIApp] Adding DeltaVApp to Application Launcher
[LOG 21:52:35.815] ScaleModList: listSize 41 maxListSize 289
[LOG 21:52:35.815] [MissionsApp] OnAppStarted(): id: -488110
[LOG 21:52:35.815] MissionsApp does not execute in this game mode, destroying this instance
[LOG 21:52:35.815] [UIApp] OnDestroy: Missions App
[LOG 21:52:35.815] ScaleModList: listSize 41 maxListSize 289
[LOG 21:52:35.822] [GenericAppFrame] Reposition 0.1394133 31199
[LOG 21:52:35.831] [UIApp] Adding Cargo to Application Launcher
[LOG 21:52:35.832] ScaleModList: listSize 41 maxListSize 289
[LOG 21:52:35.832] [UIApp] Adding Construction to Application Launcher
[LOG 21:52:35.832] ScaleModList: listSize 41 maxListSize 248
[LOG 21:52:35.832] [UIApp] Adding KSPedia to Application Launcher
[LOG 21:52:35.834] ScaleModList: listSize 41 maxListSize 207
[LOG 21:52:35.840] [UIApp] Adding ManeuverTool to Application Launcher
[LOG 21:52:35.842] ScaleModList: listSize 41 maxListSize 166
[LOG 21:52:35.842] [ApplicationLauncher] SetHidden: 
[LOG 21:52:35.843] ScaleModList: listSize 41 maxListSize 207
[LOG 21:52:35.858] [GenericAppFrame] Reposition 0.1717962 31202
[LOG 21:52:35.865] [ManeuverTool]: Found 1 transfer types
[LOG 21:52:35.892] Flight State Captured
[LOG 21:52:35.892] Saving Achievements Tree...
[LOG 21:52:35.892] Saving Achievements Tree...
[LOG 21:52:35.892] Saving Achievements Tree...
[LOG 21:52:35.892] KK: [WindowManager2] SavePresets: Saving: KSCManager : (0.5, 0.5)
[LOG 21:52:35.892] KK: [WindowManager2] SavePresets: Saving: InstanceToolbar : (0.5, 0.5)
[LOG 21:52:35.892] KK: [WindowManager2] SavePresets: Saving: EditorToolbar : (0.3, 0.7)
[LOG 21:52:35.892] KK: [WindowManager2] SavePresets: Saving: ModeSelector : (0.9, 0.8)
[LOG 21:52:35.897] KK: [KerbalKonstructsSettings] OnSave: KKScenario saving career state
[LOG 21:52:35.897] [MessageSystem] Save Messages
[LOG 21:52:35.920] Game State Saved as persistent
[LOG 21:52:36.685] Unpacking Vaisseau sans nom
[LOG 21:52:36.685] Unpacking Vaisseau sans nom
[LOG 21:52:36.692] [UIMasterController]: ShowUI
[LOG 21:52:44.153] [FLIGHT GLOBALS]: Switching To Vessel Vaisseau sans nom ---------------------- 
[LOG 21:52:44.154] [PlanetariumCamera]: Focus: Vaisseau sans nom
[LOG 21:52:44.159] Camera Mode: AUTO
[LOG 21:52:49.138] Game Paused!
[LOG 21:52:49.138] [UIMasterController]: ShowUI
[LOG 21:52:49.960] [SceneLoadSpeedBoost] Save loaded from disk in 7ms
[LOG 21:52:53.174] [KSPUpgradePipeline]: claude (1.12.5) is up to date.
[LOG 21:52:53.182] [ScenarioTypes]: List Created 24 scenario types loaded from 11 loaded assemblies.
[LOG 21:52:53.182] [MessageSystem] Load Messages
[LOG 21:52:53.183] [UIMasterController]: HideUI
[LOG 21:52:53.223] [HighLogic]: =========================== Scene Change : From FLIGHT to FLIGHT =====================
[LOG 21:52:53.224] Game Unpaused!
[LOG 21:52:53.341] [UIApp] OnDestroy: KSPedia
[LOG 21:52:53.341] ScaleModList: listSize 41 maxListSize 207
[LOG 21:52:53.341] [UIApp] OnDestroy: ActionGroupsApp
[LOG 21:52:53.341] ScaleModList: listSize 41 maxListSize 207
[LOG 21:52:53.342] [UIApp] OnDestroy: AlarmClock
[LOG 21:52:53.342] ScaleModList: listSize 41 maxListSize 207
[LOG 21:52:53.342] KbApp.OnDestroy Unowned Info
[LOG 21:52:53.342] [PlanetariumCamera]: Focus: Mun
[LOG 21:52:53.342] [UIApp] OnDestroy: DeltaVApp
[LOG 21:52:53.342] ScaleModList: listSize 41 maxListSize 207
[LOG 21:52:53.342] KbApp.OnDestroy Planet Parameters
[LOG 21:52:53.342] [UIApp] OnDestroy: ResourceDisplay
[LOG 21:52:53.342] ScaleModList: listSize 41 maxListSize 207
[LOG 21:52:53.342] [UIApp] OnDestroy: ManeuverTool
[LOG 21:52:53.342] ScaleModList: listSize 41 maxListSize 207
[LOG 21:52:53.342] KbApp.OnDestroy NullName
[LOG 21:52:53.343] KbApp.OnDestroy Planet Resources
[LOG 21:52:53.343] KbApp.OnDestroy Planet Info
[LOG 21:52:53.343] KbApp.OnDestroy Vessel Crew
[LOG 21:52:53.343] KbApp.OnDestroy Vessel Info
[LOG 21:52:53.343] [UIApp] OnDestroy: Cargo
[LOG 21:52:53.343] ScaleModList: listSize 41 maxListSize 207
[LOG 21:52:53.343] [UIApp] OnDestroy: Construction
[LOG 21:52:53.343] ScaleModList: listSize 41 maxListSize 207
[LOG 21:52:53.344] [KSPCF:MemoryLeaks] Removed a OnMapExited callback owned by a destroyed Assembly-CSharp:NavBallToggle instance
[LOG 21:52:53.344] [KSPCF:MemoryLeaks] Removed a OnGameSettingsApplied callback owned by a destroyed Assembly-CSharp:VesselAutopilotUI instance
[LOG 21:52:53.345] [KSPCF:MemoryLeaks] Removed a onPartActionUICreate callback owned by a destroyed Assembly-CSharp:ModuleInventoryPart instance
[LOG 21:52:53.345] [KSPCF:MemoryLeaks] Removed a onPartActionUICreate callback owned by a destroyed Assembly-CSharp:ModuleInventoryPart instance
[LOG 21:52:53.345] [KSPCF:MemoryLeaks] Removed a onModuleInventoryChanged callback owned by a destroyed Assembly-CSharp:ModuleInventoryPart instance
[LOG 21:52:53.345] [KSPCF:MemoryLeaks] Removed a onModuleInventoryChanged callback owned by a destroyed Assembly-CSharp:ModuleInventoryPart instance
[LOG 21:52:53.345] [KSPCF:MemoryLeaks] Removed a OnDestructibleLoaded callback owned by a destroyed Assembly-CSharp:RunwayCollisionHandler instance
[LOG 21:52:53.345] [KSPCF:MemoryLeaks] Removed a OnClick callback owned by a destroyed Assembly-CSharp:EVAConstructionModeEditor instance
[LOG 21:52:53.345] [KSPCF:MemoryLeaks] Removed a TimingManager.Instance.timing5.onLateUpdate callback owned by a destroyed Assembly-CSharp:MapView instance
[LOG 21:52:53.346] [KSPCF:MemoryLeaks] Leaving scene "Flight", cleaned 39 memory leaks in 0.002s. GameEvents callbacks : 591. Allocated memory : 718.781 MiB (managed heap), 2.097 GiB (unmanaged)
[LOG 21:52:53.350] UICanvasPrefabSpawner FlightUI spawning Flight
[LOG 21:52:53.364] UICanvasPrefabSpawner FlightUI spawning VesselLabels
[LOG 21:52:53.365] [UiApp] Awake: ResourceDisplay
[LOG 21:52:53.419] [AddonLoader]: Instantiating addon 'AeroGUI' from assembly 'KSP'
[LOG 21:52:53.428] [AddonLoader]: Instantiating addon 'WindowManager' from assembly 'KerbalKonstructs'
[LOG 21:52:53.429] [AddonLoader]: Instantiating addon 'TerrainPrecisionFixDiag2Mod' from assembly 'TerrainPrecisionFixDiag2Mod'
[LOG 21:52:53.429] [AddonLoader]: Instantiating addon 'TerrainPrecisionFixDiagMod' from assembly 'TerrainPrecisionFixDiagMod'
[LOG 21:52:53.429] [PlanetariumCamera]: Focus: Kerbin
[LOG 21:52:53.429] [UIMasterController]: HideUI
[LOG 21:52:53.653] [UIMasterController]: HideUI
[LOG 21:52:53.653] ------------------- initializing flight mode... ------------------
[LOG 21:52:53.654] GetSubclassesOfParentClass: Using cached results for AlarmTypeBase
[LOG 21:52:53.654] Loading Depletion Nodes
[LOG 21:52:53.654] DepNodeCount:  0
[LOG 21:52:53.654] Loading Biome Nodes
[LOG 21:52:53.654] BiomeNodeCount:  0
[LOG 21:52:53.654] Loading Planet Nodes
[LOG 21:52:53.654] PlanetNodeCount:  0
[LOG 21:52:53.655] [ScenarioDestructibles]: Loading... 0 objects registered
[LOG 21:52:53.679] Target vessel index: 10  vessel count: 11
[LOG 21:52:53.679] [FLIGHT GLOBALS]: Switching To Vessel Vaisseau sans nom ---------------------- 
[LOG 21:52:53.679] setting new dominant body: Mun
FlightGlobals.mainBody: Mun
[LOG 21:52:53.679] Reference Frame: Rotating
[LOG 21:52:53.685] [Vaisseau sans nom]: landed - waiting for ground contact to resume physics...
[LOG 21:52:53.686] Camera Mode: AUTO
[LOG 21:52:55.126] all systems started
[LOG 21:52:55.169] KK: [KerbalKonstructsSettings] Start: Career Module Start Called
[LOG 21:52:55.206] [Vaisseau sans nom]: landed - waiting for ground contact to resume physics...
[LOG 21:52:55.227] KK: [GroupCenter] SetInstancesEnabled: Setting Group MuneBase: active state form: True to: False
[LOG 21:52:55.228] KK: [GroupCenter] SetInstancesEnabled: Setting Group MuneBase: active state form: False to: True
[LOG 21:52:55.228] [UiApp] Awake: CurrencyWidgetsApp
[LOG 21:52:55.228] [UiApp] Awake: ResourceDisplay
[LOG 21:52:55.228] [UiApp] Awake: KSPedia
[LOG 21:52:55.228] [UiApp] Awake: Missions App
[LOG 21:52:55.228] [UiApp] Awake: DeltaVApp
[LOG 21:52:55.228] [UiApp] Awake: ActionGroupsApp
[LOG 21:52:55.228] [UiApp] Awake: Construction
[LOG 21:52:55.228] [UiApp] Awake: Cargo
[LOG 21:52:55.228] [UiApp] Awake: AlarmClock
[LOG 21:52:55.229] [UiApp] Awake: ManeuverTool
[LOG 21:52:55.229] [ApplicationLauncher] OnSceneLoadedGUIReady: scene FLIGHT ShouldBeVisible() True ShouldBeOnTop() True iIsPositionedAtTop True
[LOG 21:52:55.230] ScaleModList: listSize 41 maxListSize 494
[LOG 21:52:55.230] [KnowledgeBase] OnAppLauncherReady 32784
[LOG 21:52:55.239] [UIApp] OnDestroy: Contracts
[LOG 21:52:55.255] [FlightIntegrator]: Reloaded drag cube for zeroed cube root part fuelTankSmallFlat (Vaisseau sans nom) on vessel Vaisseau sans nom
[LOG 21:52:55.257] [MessageSystem] Reposition 0.02 32785
[LOG 21:52:55.257] [GenericAppFrame] Reposition 0.02 32785
[LOG 21:52:55.257] [GenericAppFrame] Reposition 0.02 32785
[LOG 21:52:55.311] [FlightIntegrator]: Reloaded drag cube for zeroed cube root part fuelTankSmallFlat (Vaisseau sans nom) on vessel Vaisseau sans nom
[LOG 21:52:55.316] [PlanetariumCamera]: Focus: Vaisseau sans nom
[LOG 21:52:55.326] [UIApp] Adding ResourceDisplay to Application Launcher
[LOG 21:52:55.327] ScaleModList: listSize 41 maxListSize 453
[LOG 21:52:55.327] [UIApp] Adding ResourceDisplay to Application Launcher
[LOG 21:52:55.328] ScaleModList: listSize 41 maxListSize 412
[LOG 21:52:55.335] [ResourceDisplay] OnAppStarted(): id: -547128
[LOG 21:52:55.335] [GenericAppFrame] Reposition 0.1011473 32789
[LOG 21:52:55.336] [ResourceDisplay] OnAppStarted(): id: 264570
[LOG 21:52:55.336] ResourceDisplay already exist, destroying this instance
[LOG 21:52:55.336] [UIApp] OnDestroy: ResourceDisplay
[LOG 21:52:55.336] ScaleModList: listSize 41 maxListSize 412
[LOG 21:52:55.345] [UIApp] Adding AlarmClock to Application Launcher
[LOG 21:52:55.346] ScaleModList: listSize 41 maxListSize 412
[LOG 21:52:55.346] [UIApp] Adding ActionGroupsApp to Application Launcher
[LOG 21:52:55.347] ScaleModList: listSize 41 maxListSize 371
[LOG 21:52:55.347] [UIApp] Adding Missions App to Application Launcher
[LOG 21:52:55.348] ScaleModList: listSize 41 maxListSize 330
[LOG 21:52:55.348] CURRENCY WIDGET False False False
[LOG 21:52:55.349] [UIApp] OnDestroy: CurrencyWidgetsApp
[LOG 21:52:55.361] [GenericAppFrame] Reposition 0.1193527 32791
[LOG 21:52:55.363] [ActionGroupsApp] OnAppStarted(): id: -547152
[LOG 21:52:55.364] [GenericAppFrame] Reposition 0.1193527 32791
[LOG 21:52:55.364] [UIApp] Adding DeltaVApp to Application Launcher
[LOG 21:52:55.365] ScaleModList: listSize 41 maxListSize 289
[LOG 21:52:55.366] [MissionsApp] OnAppStarted(): id: -547140
[LOG 21:52:55.366] MissionsApp does not execute in this game mode, destroying this instance
[LOG 21:52:55.366] [UIApp] OnDestroy: Missions App
[LOG 21:52:55.366] ScaleModList: listSize 41 maxListSize 289
[LOG 21:52:55.372] [GenericAppFrame] Reposition 0.1373324 32792
[LOG 21:52:55.380] [UIApp] Adding Cargo to Application Launcher
[LOG 21:52:55.380] ScaleModList: listSize 41 maxListSize 289
[LOG 21:52:55.381] [UIApp] Adding Construction to Application Launcher
[LOG 21:52:55.381] ScaleModList: listSize 41 maxListSize 248
[LOG 21:52:55.382] [UIApp] Adding KSPedia to Application Launcher
[LOG 21:52:55.382] ScaleModList: listSize 41 maxListSize 207
[LOG 21:52:55.390] [UIApp] Adding ManeuverTool to Application Launcher
[LOG 21:52:55.391] ScaleModList: listSize 41 maxListSize 166
[LOG 21:52:55.391] [ApplicationLauncher] SetHidden: 
[LOG 21:52:55.392] ScaleModList: listSize 41 maxListSize 207
[LOG 21:52:55.401] [GenericAppFrame] Reposition 0.1644678 32795
[LOG 21:52:55.407] [ManeuverTool]: Found 1 transfer types
[LOG 21:52:55.433] Flight State Captured
[LOG 21:52:55.433] Saving Achievements Tree...
[LOG 21:52:55.433] Saving Achievements Tree...
[LOG 21:52:55.433] Saving Achievements Tree...
[LOG 21:52:55.433] KK: [WindowManager2] SavePresets: Saving: KSCManager : (0.5, 0.5)
[LOG 21:52:55.433] KK: [WindowManager2] SavePresets: Saving: InstanceToolbar : (0.5, 0.5)
[LOG 21:52:55.433] KK: [WindowManager2] SavePresets: Saving: EditorToolbar : (0.3, 0.7)
[LOG 21:52:55.434] KK: [WindowManager2] SavePresets: Saving: ModeSelector : (0.9, 0.8)
[LOG 21:52:55.438] KK: [KerbalKonstructsSettings] OnSave: KKScenario saving career state
[LOG 21:52:55.438] [MessageSystem] Save Messages
[LOG 21:52:55.460] Game State Saved as persistent
[LOG 21:52:56.229] Unpacking Vaisseau sans nom
[LOG 21:52:56.229] Unpacking Vaisseau sans nom
[LOG 21:52:56.239] [UIMasterController]: ShowUI
[LOG 21:53:01.898] [FLIGHT GLOBALS]: Switching To Vessel Vaisseau sans nom ---------------------- 
[LOG 21:53:01.899] [PlanetariumCamera]: Focus: Vaisseau sans nom
[LOG 21:53:01.904] Camera Mode: AUTO
[LOG 21:53:08.244] Game Paused!
[LOG 21:53:08.244] [UIMasterController]: ShowUI
[LOG 21:53:09.049] [SceneLoadSpeedBoost] Save loaded from disk in 10ms
[LOG 21:53:10.619] [KSPUpgradePipeline]: claude (1.12.5) is up to date.
[LOG 21:53:10.627] [ScenarioTypes]: List Created 24 scenario types loaded from 11 loaded assemblies.
[LOG 21:53:10.627] [MessageSystem] Load Messages
[LOG 21:53:10.628] [UIMasterController]: HideUI
[LOG 21:53:10.669] [HighLogic]: =========================== Scene Change : From FLIGHT to FLIGHT =====================
[LOG 21:53:10.669] Game Unpaused!
[LOG 21:53:10.790] [UIApp] OnDestroy: Construction
[LOG 21:53:10.790] ScaleModList: listSize 41 maxListSize 207
[LOG 21:53:10.790] KbApp.OnDestroy Unowned Info
[LOG 21:53:10.790] [UIApp] OnDestroy: ResourceDisplay
[LOG 21:53:10.790] ScaleModList: listSize 41 maxListSize 207
[LOG 21:53:10.790] [UIApp] OnDestroy: ActionGroupsApp
[LOG 21:53:10.790] ScaleModList: listSize 41 maxListSize 207
[LOG 21:53:10.790] [UIApp] OnDestroy: AlarmClock
[LOG 21:53:10.790] ScaleModList: listSize 41 maxListSize 207
[LOG 21:53:10.790] KbApp.OnDestroy Vessel Crew
[LOG 21:53:10.790] [UIApp] OnDestroy: ManeuverTool
[LOG 21:53:10.792] ScaleModList: listSize 41 maxListSize 207
[LOG 21:53:10.792] KbApp.OnDestroy NullName
[LOG 21:53:10.792] KbApp.OnDestroy Planet Info
[LOG 21:53:10.792] [UIApp] OnDestroy: DeltaVApp
[LOG 21:53:10.792] ScaleModList: listSize 41 maxListSize 207
[LOG 21:53:10.792] KbApp.OnDestroy Planet Resources
[LOG 21:53:10.792] [UIApp] OnDestroy: Cargo
[LOG 21:53:10.792] ScaleModList: listSize 41 maxListSize 207
[LOG 21:53:10.793] [UIApp] OnDestroy: KSPedia
[LOG 21:53:10.793] ScaleModList: listSize 41 maxListSize 207
[LOG 21:53:10.793] KbApp.OnDestroy Planet Parameters
[LOG 21:53:10.793] KbApp.OnDestroy Vessel Info
[LOG 21:53:10.793] [PlanetariumCamera]: Focus: Mun
[LOG 21:53:10.795] [KSPCF:MemoryLeaks] Removed a OnMapExited callback owned by a destroyed Assembly-CSharp:NavBallToggle instance
[LOG 21:53:10.795] [KSPCF:MemoryLeaks] Removed a OnGameSettingsApplied callback owned by a destroyed Assembly-CSharp:VesselAutopilotUI instance
[LOG 21:53:10.795] [KSPCF:MemoryLeaks] Removed a onPartActionUICreate callback owned by a destroyed Assembly-CSharp:ModuleInventoryPart instance
[LOG 21:53:10.795] [KSPCF:MemoryLeaks] Removed a onPartActionUICreate callback owned by a destroyed Assembly-CSharp:ModuleInventoryPart instance
[LOG 21:53:10.795] [KSPCF:MemoryLeaks] Removed a onModuleInventoryChanged callback owned by a destroyed Assembly-CSharp:ModuleInventoryPart instance
[LOG 21:53:10.795] [KSPCF:MemoryLeaks] Removed a onModuleInventoryChanged callback owned by a destroyed Assembly-CSharp:ModuleInventoryPart instance
[LOG 21:53:10.795] [KSPCF:MemoryLeaks] Removed a OnDestructibleLoaded callback owned by a destroyed Assembly-CSharp:RunwayCollisionHandler instance
[LOG 21:53:10.796] [KSPCF:MemoryLeaks] Removed a OnClick callback owned by a destroyed Assembly-CSharp:EVAConstructionModeEditor instance
[LOG 21:53:10.796] [KSPCF:MemoryLeaks] Removed a TimingManager.Instance.timing5.onLateUpdate callback owned by a destroyed Assembly-CSharp:MapView instance
[LOG 21:53:10.796] [KSPCF:MemoryLeaks] Leaving scene "Flight", cleaned 39 memory leaks in 0.002s. GameEvents callbacks : 591. Allocated memory : 733.5 MiB (managed heap), 2.099 GiB (unmanaged)
[LOG 21:53:10.801] UICanvasPrefabSpawner FlightUI spawning Flight
[LOG 21:53:10.817] UICanvasPrefabSpawner FlightUI spawning VesselLabels
[LOG 21:53:10.817] [UiApp] Awake: ResourceDisplay
[LOG 21:53:10.890] [AddonLoader]: Instantiating addon 'AeroGUI' from assembly 'KSP'
[LOG 21:53:10.897] [AddonLoader]: Instantiating addon 'WindowManager' from assembly 'KerbalKonstructs'
[LOG 21:53:10.898] [AddonLoader]: Instantiating addon 'TerrainPrecisionFixDiag2Mod' from assembly 'TerrainPrecisionFixDiag2Mod'
[LOG 21:53:10.898] [AddonLoader]: Instantiating addon 'TerrainPrecisionFixDiagMod' from assembly 'TerrainPrecisionFixDiagMod'
[LOG 21:53:10.898] [PlanetariumCamera]: Focus: Kerbin
[LOG 21:53:10.899] [UIMasterController]: HideUI
[LOG 21:53:11.115] [UIMasterController]: HideUI
[LOG 21:53:11.115] ------------------- initializing flight mode... ------------------
[LOG 21:53:11.115] GetSubclassesOfParentClass: Using cached results for AlarmTypeBase
[LOG 21:53:11.116] Loading Depletion Nodes
[LOG 21:53:11.116] DepNodeCount:  0
[LOG 21:53:11.116] Loading Biome Nodes
[LOG 21:53:11.116] BiomeNodeCount:  0
[LOG 21:53:11.116] Loading Planet Nodes
[LOG 21:53:11.116] PlanetNodeCount:  0
[LOG 21:53:11.117] [ScenarioDestructibles]: Loading... 0 objects registered
[LOG 21:53:11.142] Target vessel index: 10  vessel count: 11
[LOG 21:53:11.142] [FLIGHT GLOBALS]: Switching To Vessel Vaisseau sans nom ---------------------- 
[LOG 21:53:11.142] setting new dominant body: Mun
FlightGlobals.mainBody: Mun
[LOG 21:53:11.143] Reference Frame: Rotating
[LOG 21:53:11.148] [Vaisseau sans nom]: landed - waiting for ground contact to resume physics...
[LOG 21:53:11.148] Camera Mode: AUTO
[LOG 21:53:12.581] all systems started
[LOG 21:53:12.626] KK: [KerbalKonstructsSettings] Start: Career Module Start Called
[LOG 21:53:12.663] [Vaisseau sans nom]: landed - waiting for ground contact to resume physics...
[LOG 21:53:12.686] KK: [GroupCenter] SetInstancesEnabled: Setting Group MuneBase: active state form: True to: False
[LOG 21:53:12.686] KK: [GroupCenter] SetInstancesEnabled: Setting Group MuneBase: active state form: False to: True
[LOG 21:53:12.687] [UiApp] Awake: CurrencyWidgetsApp
[LOG 21:53:12.687] [UiApp] Awake: ResourceDisplay
[LOG 21:53:12.687] [UiApp] Awake: KSPedia
[LOG 21:53:12.687] [UiApp] Awake: Missions App
[LOG 21:53:12.687] [UiApp] Awake: DeltaVApp
[LOG 21:53:12.687] [UiApp] Awake: ActionGroupsApp
[LOG 21:53:12.687] [UiApp] Awake: Construction
[LOG 21:53:12.687] [UiApp] Awake: Cargo
[LOG 21:53:12.687] [UiApp] Awake: AlarmClock
[LOG 21:53:12.687] [UiApp] Awake: ManeuverTool
[LOG 21:53:12.687] [ApplicationLauncher] OnSceneLoadedGUIReady: scene FLIGHT ShouldBeVisible() True ShouldBeOnTop() True iIsPositionedAtTop True
[LOG 21:53:12.689] ScaleModList: listSize 41 maxListSize 494
[LOG 21:53:12.689] [KnowledgeBase] OnAppLauncherReady 34201
[LOG 21:53:12.696] [UIApp] OnDestroy: Contracts
[LOG 21:53:12.714] [FlightIntegrator]: Reloaded drag cube for zeroed cube root part fuelTankSmallFlat (Vaisseau sans nom) on vessel Vaisseau sans nom
[LOG 21:53:12.716] [MessageSystem] Reposition 0.02 34202
[LOG 21:53:12.716] [GenericAppFrame] Reposition 0.02 34202
[LOG 21:53:12.716] [GenericAppFrame] Reposition 0.02 34202
[LOG 21:53:12.785] [FlightIntegrator]: Reloaded drag cube for zeroed cube root part fuelTankSmallFlat (Vaisseau sans nom) on vessel Vaisseau sans nom
[LOG 21:53:12.788] [PlanetariumCamera]: Focus: Vaisseau sans nom
[LOG 21:53:12.798] [UIApp] Adding ResourceDisplay to Application Launcher
[LOG 21:53:12.799] ScaleModList: listSize 41 maxListSize 453
[LOG 21:53:12.799] [UIApp] Adding ResourceDisplay to Application Launcher
[LOG 21:53:12.799] ScaleModList: listSize 41 maxListSize 412
[LOG 21:53:12.807] [ResourceDisplay] OnAppStarted(): id: -606132
[LOG 21:53:12.807] [GenericAppFrame] Reposition 0.1033698 34206
[LOG 21:53:12.807] [ResourceDisplay] OnAppStarted(): id: 264702
[LOG 21:53:12.807] ResourceDisplay already exist, destroying this instance
[LOG 21:53:12.807] [UIApp] OnDestroy: ResourceDisplay
[LOG 21:53:12.808] ScaleModList: listSize 41 maxListSize 412
[LOG 21:53:12.817] [UIApp] Adding AlarmClock to Application Launcher
[LOG 21:53:12.817] ScaleModList: listSize 41 maxListSize 412
[LOG 21:53:12.817] [UIApp] Adding ActionGroupsApp to Application Launcher
[LOG 21:53:12.818] ScaleModList: listSize 41 maxListSize 371
[LOG 21:53:12.818] [UIApp] Adding Missions App to Application Launcher
[LOG 21:53:12.819] ScaleModList: listSize 41 maxListSize 330
[LOG 21:53:12.819] CURRENCY WIDGET False False False
[LOG 21:53:12.820] [UIApp] OnDestroy: CurrencyWidgetsApp
[LOG 21:53:12.835] [GenericAppFrame] Reposition 0.1224283 34208
[LOG 21:53:12.836] [ActionGroupsApp] OnAppStarted(): id: -606156
[LOG 21:53:12.837] [GenericAppFrame] Reposition 0.1224283 34208
[LOG 21:53:12.837] [UIApp] Adding DeltaVApp to Application Launcher
[LOG 21:53:12.838] ScaleModList: listSize 41 maxListSize 289
[LOG 21:53:12.838] [MissionsApp] OnAppStarted(): id: -606144
[LOG 21:53:12.838] MissionsApp does not execute in this game mode, destroying this instance
[LOG 21:53:12.838] [UIApp] OnDestroy: Missions App
[LOG 21:53:12.838] ScaleModList: listSize 41 maxListSize 289
[LOG 21:53:12.846] [GenericAppFrame] Reposition 0.141864 34209
[LOG 21:53:12.853] [UIApp] Adding Cargo to Application Launcher
[LOG 21:53:12.854] ScaleModList: listSize 41 maxListSize 289
[LOG 21:53:12.854] [UIApp] Adding Construction to Application Launcher
[LOG 21:53:12.855] ScaleModList: listSize 41 maxListSize 248
[LOG 21:53:12.855] [UIApp] Adding KSPedia to Application Launcher
[LOG 21:53:12.855] ScaleModList: listSize 41 maxListSize 207
[LOG 21:53:12.863] [UIApp] Adding ManeuverTool to Application Launcher
[LOG 21:53:12.864] ScaleModList: listSize 41 maxListSize 166
[LOG 21:53:12.864] [ApplicationLauncher] SetHidden: 
[LOG 21:53:12.864] ScaleModList: listSize 41 maxListSize 207
[LOG 21:53:12.874] [GenericAppFrame] Reposition 0.1682818 34212
[LOG 21:53:12.887] [ManeuverTool]: Found 1 transfer types
[LOG 21:53:12.912] Flight State Captured
[LOG 21:53:12.913] Saving Achievements Tree...
[LOG 21:53:12.913] Saving Achievements Tree...
[LOG 21:53:12.913] Saving Achievements Tree...
[LOG 21:53:12.913] KK: [WindowManager2] SavePresets: Saving: KSCManager : (0.5, 0.5)
[LOG 21:53:12.913] KK: [WindowManager2] SavePresets: Saving: InstanceToolbar : (0.5, 0.5)
[LOG 21:53:12.913] KK: [WindowManager2] SavePresets: Saving: EditorToolbar : (0.3, 0.7)
[LOG 21:53:12.913] KK: [WindowManager2] SavePresets: Saving: ModeSelector : (0.9, 0.8)
[LOG 21:53:12.918] KK: [KerbalKonstructsSettings] OnSave: KKScenario saving career state
[LOG 21:53:12.919] [MessageSystem] Save Messages
[LOG 21:53:12.934] Game State Saved as persistent
[LOG 21:53:13.714] Unpacking Vaisseau sans nom
[LOG 21:53:13.715] Unpacking Vaisseau sans nom
[LOG 21:53:13.720] [UIMasterController]: ShowUI
[LOG 21:53:20.008] [FLIGHT GLOBALS]: Switching To Vessel Vaisseau sans nom ---------------------- 
[LOG 21:53:20.008] [PlanetariumCamera]: Focus: Vaisseau sans nom
[LOG 21:53:20.014] Camera Mode: AUTO
[LOG 21:53:25.283] Game Paused!
[LOG 21:53:25.283] [UIMasterController]: ShowUI
[LOG 21:53:26.181] [SceneLoadSpeedBoost] Save loaded from disk in 12ms
[LOG 21:53:27.771] [KSPUpgradePipeline]: claude (1.12.5) is up to date.
[LOG 21:53:27.779] [ScenarioTypes]: List Created 24 scenario types loaded from 11 loaded assemblies.
[LOG 21:53:27.779] [MessageSystem] Load Messages
[LOG 21:53:27.780] [UIMasterController]: HideUI
[LOG 21:53:27.821] [HighLogic]: =========================== Scene Change : From FLIGHT to FLIGHT =====================
[LOG 21:53:27.822] Game Unpaused!
[LOG 21:53:27.939] [UIApp] OnDestroy: ActionGroupsApp
[LOG 21:53:27.940] ScaleModList: listSize 41 maxListSize 207
[LOG 21:53:27.940] KbApp.OnDestroy Planet Resources
[LOG 21:53:27.940] [UIApp] OnDestroy: KSPedia
[LOG 21:53:27.940] ScaleModList: listSize 41 maxListSize 207
[LOG 21:53:27.940] KbApp.OnDestroy Planet Parameters
[LOG 21:53:27.940] KbApp.OnDestroy Unowned Info
[LOG 21:53:27.941] KbApp.OnDestroy Vessel Info
[LOG 21:53:27.941] [PlanetariumCamera]: Focus: Mun
[LOG 21:53:27.941] [UIApp] OnDestroy: ManeuverTool
[LOG 21:53:27.941] ScaleModList: listSize 41 maxListSize 207
[LOG 21:53:27.941] [UIApp] OnDestroy: AlarmClock
[LOG 21:53:27.941] ScaleModList: listSize 41 maxListSize 207
[LOG 21:53:27.941] [UIApp] OnDestroy: ResourceDisplay
[LOG 21:53:27.941] ScaleModList: listSize 41 maxListSize 207
[LOG 21:53:27.941] KbApp.OnDestroy NullName
[LOG 21:53:27.941] [UIApp] OnDestroy: Cargo
[LOG 21:53:27.942] ScaleModList: listSize 41 maxListSize 207
[LOG 21:53:27.942] [UIApp] OnDestroy: DeltaVApp
[LOG 21:53:27.942] ScaleModList: listSize 41 maxListSize 207
[LOG 21:53:27.942] KbApp.OnDestroy Planet Info
[LOG 21:53:27.942] [UIApp] OnDestroy: Construction
[LOG 21:53:27.942] ScaleModList: listSize 41 maxListSize 207
[LOG 21:53:27.942] KbApp.OnDestroy Vessel Crew
[LOG 21:53:27.943] [KSPCF:MemoryLeaks] Removed a OnMapExited callback owned by a destroyed Assembly-CSharp:NavBallToggle instance
[LOG 21:53:27.943] [KSPCF:MemoryLeaks] Removed a OnGameSettingsApplied callback owned by a destroyed Assembly-CSharp:VesselAutopilotUI instance
[LOG 21:53:27.943] [KSPCF:MemoryLeaks] Removed a onPartActionUICreate callback owned by a destroyed Assembly-CSharp:ModuleInventoryPart instance
[LOG 21:53:27.943] [KSPCF:MemoryLeaks] Removed a onPartActionUICreate callback owned by a destroyed Assembly-CSharp:ModuleInventoryPart instance
[LOG 21:53:27.943] [KSPCF:MemoryLeaks] Removed a onModuleInventoryChanged callback owned by a destroyed Assembly-CSharp:ModuleInventoryPart instance
[LOG 21:53:27.943] [KSPCF:MemoryLeaks] Removed a onModuleInventoryChanged callback owned by a destroyed Assembly-CSharp:ModuleInventoryPart instance
[LOG 21:53:27.944] [KSPCF:MemoryLeaks] Removed a OnDestructibleLoaded callback owned by a destroyed Assembly-CSharp:RunwayCollisionHandler instance
[LOG 21:53:27.944] [KSPCF:MemoryLeaks] Removed a OnClick callback owned by a destroyed Assembly-CSharp:EVAConstructionModeEditor instance
[LOG 21:53:27.944] [KSPCF:MemoryLeaks] Removed a TimingManager.Instance.timing5.onLateUpdate callback owned by a destroyed Assembly-CSharp:MapView instance
[LOG 21:53:27.944] [KSPCF:MemoryLeaks] Leaving scene "Flight", cleaned 39 memory leaks in 0.002s. GameEvents callbacks : 591. Allocated memory : 696.457 MiB (managed heap), 2.111 GiB (unmanaged)
[LOG 21:53:27.949] UICanvasPrefabSpawner FlightUI spawning Flight
[LOG 21:53:27.963] UICanvasPrefabSpawner FlightUI spawning VesselLabels
[LOG 21:53:27.963] [UiApp] Awake: ResourceDisplay
[LOG 21:53:28.017] [AddonLoader]: Instantiating addon 'AeroGUI' from assembly 'KSP'
[LOG 21:53:28.024] [AddonLoader]: Instantiating addon 'WindowManager' from assembly 'KerbalKonstructs'
[LOG 21:53:28.025] [AddonLoader]: Instantiating addon 'TerrainPrecisionFixDiag2Mod' from assembly 'TerrainPrecisionFixDiag2Mod'
[LOG 21:53:28.025] [AddonLoader]: Instantiating addon 'TerrainPrecisionFixDiagMod' from assembly 'TerrainPrecisionFixDiagMod'
[LOG 21:53:28.025] [PlanetariumCamera]: Focus: Kerbin
[LOG 21:53:28.026] [UIMasterController]: HideUI
[LOG 21:53:28.240] [UIMasterController]: HideUI
[LOG 21:53:28.240] ------------------- initializing flight mode... ------------------
[LOG 21:53:28.241] GetSubclassesOfParentClass: Using cached results for AlarmTypeBase
[LOG 21:53:28.241] Loading Depletion Nodes
[LOG 21:53:28.241] DepNodeCount:  0
[LOG 21:53:28.241] Loading Biome Nodes
[LOG 21:53:28.241] BiomeNodeCount:  0
[LOG 21:53:28.241] Loading Planet Nodes
[LOG 21:53:28.241] PlanetNodeCount:  0
[LOG 21:53:28.242] [ScenarioDestructibles]: Loading... 0 objects registered
[LOG 21:53:28.266] Target vessel index: 10  vessel count: 11
[LOG 21:53:28.266] [FLIGHT GLOBALS]: Switching To Vessel Vaisseau sans nom ---------------------- 
[LOG 21:53:28.267] setting new dominant body: Mun
FlightGlobals.mainBody: Mun
[LOG 21:53:28.267] Reference Frame: Rotating
[LOG 21:53:28.271] [Vaisseau sans nom]: landed - waiting for ground contact to resume physics...
[LOG 21:53:28.272] Camera Mode: AUTO
[LOG 21:53:29.795] all systems started
[LOG 21:53:29.841] KK: [KerbalKonstructsSettings] Start: Career Module Start Called
[LOG 21:53:29.880] [Vaisseau sans nom]: landed - waiting for ground contact to resume physics...
[LOG 21:53:29.902] KK: [GroupCenter] SetInstancesEnabled: Setting Group MuneBase: active state form: True to: False
[LOG 21:53:29.902] KK: [GroupCenter] SetInstancesEnabled: Setting Group MuneBase: active state form: False to: True
[LOG 21:53:29.902] [UiApp] Awake: CurrencyWidgetsApp
[LOG 21:53:29.902] [UiApp] Awake: ResourceDisplay
[LOG 21:53:29.902] [UiApp] Awake: KSPedia
[LOG 21:53:29.902] [UiApp] Awake: Missions App
[LOG 21:53:29.903] [UiApp] Awake: DeltaVApp
[LOG 21:53:29.903] [UiApp] Awake: ActionGroupsApp
[LOG 21:53:29.903] [UiApp] Awake: Construction
[LOG 21:53:29.903] [UiApp] Awake: Cargo
[LOG 21:53:29.903] [UiApp] Awake: AlarmClock
[LOG 21:53:29.903] [UiApp] Awake: ManeuverTool
[LOG 21:53:29.903] [ApplicationLauncher] OnSceneLoadedGUIReady: scene FLIGHT ShouldBeVisible() True ShouldBeOnTop() True iIsPositionedAtTop True
[LOG 21:53:29.904] ScaleModList: listSize 41 maxListSize 494
[LOG 21:53:29.905] [KnowledgeBase] OnAppLauncherReady 35571
[LOG 21:53:29.912] [UIApp] OnDestroy: Contracts
[LOG 21:53:29.928] [FlightIntegrator]: Reloaded drag cube for zeroed cube root part fuelTankSmallFlat (Vaisseau sans nom) on vessel Vaisseau sans nom
[LOG 21:53:29.930] [MessageSystem] Reposition 0.02 35572
[LOG 21:53:29.931] [GenericAppFrame] Reposition 0.02 35572
[LOG 21:53:29.931] [GenericAppFrame] Reposition 0.02 35572
[LOG 21:53:29.994] [FlightIntegrator]: Reloaded drag cube for zeroed cube root part fuelTankSmallFlat (Vaisseau sans nom) on vessel Vaisseau sans nom
[LOG 21:53:29.997] [PlanetariumCamera]: Focus: Vaisseau sans nom
[LOG 21:53:30.007] [UIApp] Adding ResourceDisplay to Application Launcher
[LOG 21:53:30.008] ScaleModList: listSize 41 maxListSize 453
[LOG 21:53:30.008] [UIApp] Adding ResourceDisplay to Application Launcher
[LOG 21:53:30.009] ScaleModList: listSize 41 maxListSize 412
[LOG 21:53:30.017] [ResourceDisplay] OnAppStarted(): id: -665104
[LOG 21:53:30.018] [GenericAppFrame] Reposition 0.106222 35576
[LOG 21:53:30.018] [ResourceDisplay] OnAppStarted(): id: 264834
[LOG 21:53:30.018] ResourceDisplay already exist, destroying this instance
[LOG 21:53:30.018] [UIApp] OnDestroy: ResourceDisplay
[LOG 21:53:30.019] ScaleModList: listSize 41 maxListSize 412
[LOG 21:53:30.027] [UIApp] Adding AlarmClock to Application Launcher
[LOG 21:53:30.028] ScaleModList: listSize 41 maxListSize 412
[LOG 21:53:30.028] [UIApp] Adding ActionGroupsApp to Application Launcher
[LOG 21:53:30.029] ScaleModList: listSize 41 maxListSize 371
[LOG 21:53:30.029] [UIApp] Adding Missions App to Application Launcher
[LOG 21:53:30.030] ScaleModList: listSize 41 maxListSize 330
[LOG 21:53:30.030] CURRENCY WIDGET False False False
[LOG 21:53:30.031] [UIApp] OnDestroy: CurrencyWidgetsApp
[LOG 21:53:30.048] [GenericAppFrame] Reposition 0.1269748 35578
[LOG 21:53:30.050] [ActionGroupsApp] OnAppStarted(): id: -665128
[LOG 21:53:30.051] [GenericAppFrame] Reposition 0.1269748 35578
[LOG 21:53:30.051] [UIApp] Adding DeltaVApp to Application Launcher
[LOG 21:53:30.052] ScaleModList: listSize 41 maxListSize 289
[LOG 21:53:30.052] [MissionsApp] OnAppStarted(): id: -665116
[LOG 21:53:30.052] MissionsApp does not execute in this game mode, destroying this instance
[LOG 21:53:30.052] [UIApp] OnDestroy: Missions App
[LOG 21:53:30.053] ScaleModList: listSize 41 maxListSize 289
[LOG 21:53:30.061] [GenericAppFrame] Reposition 0.1498383 35579
[LOG 21:53:30.068] [UIApp] Adding Cargo to Application Launcher
[LOG 21:53:30.069] ScaleModList: listSize 41 maxListSize 289
[LOG 21:53:30.069] [UIApp] Adding Construction to Application Launcher
[LOG 21:53:30.070] ScaleModList: listSize 41 maxListSize 248
[LOG 21:53:30.070] [UIApp] Adding KSPedia to Application Launcher
[LOG 21:53:30.070] ScaleModList: listSize 41 maxListSize 207
[LOG 21:53:30.079] [UIApp] Adding ManeuverTool to Application Launcher
[LOG 21:53:30.080] ScaleModList: listSize 41 maxListSize 166
[LOG 21:53:30.080] [ApplicationLauncher] SetHidden: 
[LOG 21:53:30.081] ScaleModList: listSize 41 maxListSize 207
[LOG 21:53:30.090] [GenericAppFrame] Reposition 0.177624 35582
[LOG 21:53:30.097] [ManeuverTool]: Found 1 transfer types
[LOG 21:53:30.121] Flight State Captured
[LOG 21:53:30.121] Saving Achievements Tree...
[LOG 21:53:30.121] Saving Achievements Tree...
[LOG 21:53:30.121] Saving Achievements Tree...
[LOG 21:53:30.122] KK: [WindowManager2] SavePresets: Saving: KSCManager : (0.5, 0.5)
[LOG 21:53:30.122] KK: [WindowManager2] SavePresets: Saving: InstanceToolbar : (0.5, 0.5)
[LOG 21:53:30.122] KK: [WindowManager2] SavePresets: Saving: EditorToolbar : (0.3, 0.7)
[LOG 21:53:30.122] KK: [WindowManager2] SavePresets: Saving: ModeSelector : (0.9, 0.8)
[LOG 21:53:30.126] KK: [KerbalKonstructsSettings] OnSave: KKScenario saving career state
[LOG 21:53:30.127] [MessageSystem] Save Messages
[LOG 21:53:30.150] Game State Saved as persistent
[LOG 21:53:30.924] Unpacking Vaisseau sans nom
[LOG 21:53:30.924] Unpacking Vaisseau sans nom
[LOG 21:53:30.931] [UIMasterController]: ShowUI
[LOG 21:53:36.568] [FLIGHT GLOBALS]: Switching To Vessel Vaisseau sans nom ---------------------- 
[LOG 21:53:36.568] [PlanetariumCamera]: Focus: Vaisseau sans nom
[LOG 21:53:36.573] Camera Mode: AUTO
[LOG 21:53:40.420] Game Paused!
[LOG 21:53:40.421] [UIMasterController]: ShowUI
[LOG 21:53:41.697] [SceneLoadSpeedBoost] Save loaded from disk in 15ms
[LOG 21:53:43.622] [KSPUpgradePipeline]: claude (1.12.5) is up to date.
[LOG 21:53:43.630] [ScenarioTypes]: List Created 24 scenario types loaded from 11 loaded assemblies.
[LOG 21:53:43.630] [MessageSystem] Load Messages
[LOG 21:53:43.631] [UIMasterController]: HideUI
[LOG 21:53:43.673] [HighLogic]: =========================== Scene Change : From FLIGHT to FLIGHT =====================
[LOG 21:53:43.673] Game Unpaused!
[LOG 21:53:43.795] KbApp.OnDestroy NullName
[LOG 21:53:43.795] [UIApp] OnDestroy: Cargo
[LOG 21:53:43.795] ScaleModList: listSize 41 maxListSize 207
[LOG 21:53:43.795] [PlanetariumCamera]: Focus: Mun
[LOG 21:53:43.796] [UIApp] OnDestroy: ResourceDisplay
[LOG 21:53:43.796] ScaleModList: listSize 41 maxListSize 207
[LOG 21:53:43.797] [UIApp] OnDestroy: Construction
[LOG 21:53:43.797] ScaleModList: listSize 41 maxListSize 207
[LOG 21:53:43.797] KbApp.OnDestroy Vessel Info
[LOG 21:53:43.797] KbApp.OnDestroy Planet Parameters
[LOG 21:53:43.797] KbApp.OnDestroy Vessel Crew
[LOG 21:53:43.797] KbApp.OnDestroy Planet Resources
[LOG 21:53:43.797] KbApp.OnDestroy Planet Info
[LOG 21:53:43.798] [UIApp] OnDestroy: ActionGroupsApp
[LOG 21:53:43.798] ScaleModList: listSize 41 maxListSize 207
[LOG 21:53:43.798] [UIApp] OnDestroy: ManeuverTool
[LOG 21:53:43.798] ScaleModList: listSize 41 maxListSize 207
[LOG 21:53:43.798] [UIApp] OnDestroy: DeltaVApp
[LOG 21:53:43.798] ScaleModList: listSize 41 maxListSize 207
[LOG 21:53:43.798] KbApp.OnDestroy Unowned Info
[LOG 21:53:43.798] [UIApp] OnDestroy: KSPedia
[LOG 21:53:43.798] ScaleModList: listSize 41 maxListSize 207
[LOG 21:53:43.798] [UIApp] OnDestroy: AlarmClock
[LOG 21:53:43.798] ScaleModList: listSize 41 maxListSize 207
[LOG 21:53:43.799] [KSPCF:MemoryLeaks] Removed a OnMapExited callback owned by a destroyed Assembly-CSharp:NavBallToggle instance
[LOG 21:53:43.799] [KSPCF:MemoryLeaks] Removed a OnGameSettingsApplied callback owned by a destroyed Assembly-CSharp:VesselAutopilotUI instance
[LOG 21:53:43.800] [KSPCF:MemoryLeaks] Removed a onPartActionUICreate callback owned by a destroyed Assembly-CSharp:ModuleInventoryPart instance
[LOG 21:53:43.800] [KSPCF:MemoryLeaks] Removed a onPartActionUICreate callback owned by a destroyed Assembly-CSharp:ModuleInventoryPart instance
[LOG 21:53:43.800] [KSPCF:MemoryLeaks] Removed a onModuleInventoryChanged callback owned by a destroyed Assembly-CSharp:ModuleInventoryPart instance
[LOG 21:53:43.800] [KSPCF:MemoryLeaks] Removed a onModuleInventoryChanged callback owned by a destroyed Assembly-CSharp:ModuleInventoryPart instance
[LOG 21:53:43.800] [KSPCF:MemoryLeaks] Removed a OnDestructibleLoaded callback owned by a destroyed Assembly-CSharp:RunwayCollisionHandler instance
[LOG 21:53:43.800] [KSPCF:MemoryLeaks] Removed a OnClick callback owned by a destroyed Assembly-CSharp:EVAConstructionModeEditor instance
[LOG 21:53:43.800] [KSPCF:MemoryLeaks] Removed a TimingManager.Instance.timing5.onLateUpdate callback owned by a destroyed Assembly-CSharp:MapView instance
[LOG 21:53:43.801] [KSPCF:MemoryLeaks] Leaving scene "Flight", cleaned 39 memory leaks in 0.002s. GameEvents callbacks : 591. Allocated memory : 699.348 MiB (managed heap), 2.114 GiB (unmanaged)
[LOG 21:53:43.804] UICanvasPrefabSpawner FlightUI spawning Flight
[LOG 21:53:43.817] UICanvasPrefabSpawner FlightUI spawning VesselLabels
[LOG 21:53:43.817] [UiApp] Awake: ResourceDisplay
[LOG 21:53:43.871] [AddonLoader]: Instantiating addon 'AeroGUI' from assembly 'KSP'
[LOG 21:53:43.881] [AddonLoader]: Instantiating addon 'WindowManager' from assembly 'KerbalKonstructs'
[LOG 21:53:43.881] [AddonLoader]: Instantiating addon 'TerrainPrecisionFixDiag2Mod' from assembly 'TerrainPrecisionFixDiag2Mod'
[LOG 21:53:43.881] [AddonLoader]: Instantiating addon 'TerrainPrecisionFixDiagMod' from assembly 'TerrainPrecisionFixDiagMod'
[LOG 21:53:43.881] [PlanetariumCamera]: Focus: Kerbin
[LOG 21:53:43.881] [UIMasterController]: HideUI
[LOG 21:53:44.096] [UIMasterController]: HideUI
[LOG 21:53:44.096] ------------------- initializing flight mode... ------------------
[LOG 21:53:44.097] GetSubclassesOfParentClass: Using cached results for AlarmTypeBase
[LOG 21:53:44.097] Loading Depletion Nodes
[LOG 21:53:44.097] DepNodeCount:  0
[LOG 21:53:44.097] Loading Biome Nodes
[LOG 21:53:44.097] BiomeNodeCount:  0
[LOG 21:53:44.097] Loading Planet Nodes
[LOG 21:53:44.097] PlanetNodeCount:  0
[LOG 21:53:44.098] [ScenarioDestructibles]: Loading... 0 objects registered
[LOG 21:53:44.123] Target vessel index: 10  vessel count: 11
[LOG 21:53:44.123] [FLIGHT GLOBALS]: Switching To Vessel Vaisseau sans nom ---------------------- 
[LOG 21:53:44.123] setting new dominant body: Mun
FlightGlobals.mainBody: Mun
[LOG 21:53:44.124] Reference Frame: Rotating
[LOG 21:53:44.129] [Vaisseau sans nom]: landed - waiting for ground contact to resume physics...
[LOG 21:53:44.129] Camera Mode: AUTO
[LOG 21:53:45.563] all systems started
[LOG 21:53:45.606] KK: [KerbalKonstructsSettings] Start: Career Module Start Called
[LOG 21:53:45.643] [Vaisseau sans nom]: landed - waiting for ground contact to resume physics...
[LOG 21:53:45.665] KK: [GroupCenter] SetInstancesEnabled: Setting Group MuneBase: active state form: True to: False
[LOG 21:53:45.665] KK: [GroupCenter] SetInstancesEnabled: Setting Group MuneBase: active state form: False to: True
[LOG 21:53:45.666] [UiApp] Awake: CurrencyWidgetsApp
[LOG 21:53:45.666] [UiApp] Awake: ResourceDisplay
[LOG 21:53:45.666] [UiApp] Awake: KSPedia
[LOG 21:53:45.666] [UiApp] Awake: Missions App
[LOG 21:53:45.666] [UiApp] Awake: DeltaVApp
[LOG 21:53:45.666] [UiApp] Awake: ActionGroupsApp
[LOG 21:53:45.666] [UiApp] Awake: Construction
[LOG 21:53:45.666] [UiApp] Awake: Cargo
[LOG 21:53:45.666] [UiApp] Awake: AlarmClock
[LOG 21:53:45.666] [UiApp] Awake: ManeuverTool
[LOG 21:53:45.666] [ApplicationLauncher] OnSceneLoadedGUIReady: scene FLIGHT ShouldBeVisible() True ShouldBeOnTop() True iIsPositionedAtTop True
[LOG 21:53:45.668] ScaleModList: listSize 41 maxListSize 494
[LOG 21:53:45.668] [KnowledgeBase] OnAppLauncherReady 36811
[LOG 21:53:45.675] [UIApp] OnDestroy: Contracts
[LOG 21:53:45.694] [FlightIntegrator]: Reloaded drag cube for zeroed cube root part fuelTankSmallFlat (Vaisseau sans nom) on vessel Vaisseau sans nom
[LOG 21:53:45.696] [MessageSystem] Reposition 0.02 36812
[LOG 21:53:45.696] [GenericAppFrame] Reposition 0.02 36812
[LOG 21:53:45.696] [GenericAppFrame] Reposition 0.02 36812
[LOG 21:53:45.751] [FlightIntegrator]: Reloaded drag cube for zeroed cube root part fuelTankSmallFlat (Vaisseau sans nom) on vessel Vaisseau sans nom
[LOG 21:53:45.755] [PlanetariumCamera]: Focus: Vaisseau sans nom
[LOG 21:53:45.766] [UIApp] Adding ResourceDisplay to Application Launcher
[LOG 21:53:45.767] ScaleModList: listSize 41 maxListSize 453
[LOG 21:53:45.767] [UIApp] Adding ResourceDisplay to Application Launcher
[LOG 21:53:45.768] ScaleModList: listSize 41 maxListSize 412
[LOG 21:53:45.775] [ResourceDisplay] OnAppStarted(): id: -724052
[LOG 21:53:45.776] [GenericAppFrame] Reposition 0.1007613 36816
[LOG 21:53:45.776] [ResourceDisplay] OnAppStarted(): id: 264966
[LOG 21:53:45.776] ResourceDisplay already exist, destroying this instance
[LOG 21:53:45.776] [UIApp] OnDestroy: ResourceDisplay
[LOG 21:53:45.777] ScaleModList: listSize 41 maxListSize 412
[LOG 21:53:45.784] [UIApp] Adding AlarmClock to Application Launcher
[LOG 21:53:45.785] ScaleModList: listSize 41 maxListSize 412
[LOG 21:53:45.785] [UIApp] Adding ActionGroupsApp to Application Launcher
[LOG 21:53:45.786] ScaleModList: listSize 41 maxListSize 371
[LOG 21:53:45.786] [UIApp] Adding Missions App to Application Launcher
[LOG 21:53:45.786] ScaleModList: listSize 41 maxListSize 330
[LOG 21:53:45.786] CURRENCY WIDGET False False False
[LOG 21:53:45.788] [UIApp] OnDestroy: CurrencyWidgetsApp
[LOG 21:53:45.802] [GenericAppFrame] Reposition 0.1184202 36818
[LOG 21:53:45.804] [ActionGroupsApp] OnAppStarted(): id: -724076
[LOG 21:53:45.805] [GenericAppFrame] Reposition 0.1184202 36818
[LOG 21:53:45.805] [UIApp] Adding DeltaVApp to Application Launcher
[LOG 21:53:45.806] ScaleModList: listSize 41 maxListSize 289
[LOG 21:53:45.806] [MissionsApp] OnAppStarted(): id: -724064
[LOG 21:53:45.806] MissionsApp does not execute in this game mode, destroying this instance
[LOG 21:53:45.806] [UIApp] OnDestroy: Missions App
[LOG 21:53:45.806] ScaleModList: listSize 41 maxListSize 289
[LOG 21:53:45.814] [GenericAppFrame] Reposition 0.1389788 36819
[LOG 21:53:45.822] [UIApp] Adding Cargo to Application Launcher
[LOG 21:53:45.822] ScaleModList: listSize 41 maxListSize 289
[LOG 21:53:45.822] [UIApp] Adding Construction to Application Launcher
[LOG 21:53:45.823] ScaleModList: listSize 41 maxListSize 248
[LOG 21:53:45.823] [UIApp] Adding KSPedia to Application Launcher
[LOG 21:53:45.824] ScaleModList: listSize 41 maxListSize 207
[LOG 21:53:45.832] [UIApp] Adding ManeuverTool to Application Launcher
[LOG 21:53:45.834] ScaleModList: listSize 41 maxListSize 166
[LOG 21:53:45.834] [ApplicationLauncher] SetHidden: 
[LOG 21:53:45.834] ScaleModList: listSize 41 maxListSize 207
[LOG 21:53:45.844] [GenericAppFrame] Reposition 0.167204 36822
[LOG 21:53:45.851] [ManeuverTool]: Found 1 transfer types
[LOG 21:53:45.875] Flight State Captured
[LOG 21:53:45.875] Saving Achievements Tree...
[LOG 21:53:45.875] Saving Achievements Tree...
[LOG 21:53:45.875] Saving Achievements Tree...
[LOG 21:53:45.876] KK: [WindowManager2] SavePresets: Saving: KSCManager : (0.5, 0.5)
[LOG 21:53:45.876] KK: [WindowManager2] SavePresets: Saving: InstanceToolbar : (0.5, 0.5)
[LOG 21:53:45.876] KK: [WindowManager2] SavePresets: Saving: EditorToolbar : (0.3, 0.7)
[LOG 21:53:45.876] KK: [WindowManager2] SavePresets: Saving: ModeSelector : (0.9, 0.8)
[LOG 21:53:45.880] KK: [KerbalKonstructsSettings] OnSave: KKScenario saving career state
[LOG 21:53:45.880] [MessageSystem] Save Messages
[LOG 21:53:45.902] Game State Saved as persistent
[LOG 21:53:46.680] Unpacking Vaisseau sans nom
[LOG 21:53:46.680] Unpacking Vaisseau sans nom
[LOG 21:53:46.688] [UIMasterController]: ShowUI
[LOG 21:53:54.833] [FLIGHT GLOBALS]: Switching To Vessel Vaisseau sans nom ---------------------- 
[LOG 21:53:54.833] [PlanetariumCamera]: Focus: Vaisseau sans nom
[LOG 21:53:54.839] Camera Mode: AUTO
[LOG 21:54:56.009] Game Paused!
[LOG 21:54:56.009] [UIMasterController]: ShowUI
[LOG 21:54:56.800] Flight State Captured
[LOG 21:54:56.800] Saving Achievements Tree...
[LOG 21:54:56.800] Saving Achievements Tree...
[LOG 21:54:56.800] Saving Achievements Tree...
[LOG 21:54:56.800] KK: [WindowManager2] SavePresets: Saving: KSCManager : (0.5, 0.5)
[LOG 21:54:56.800] KK: [WindowManager2] SavePresets: Saving: InstanceToolbar : (0.5, 0.5)
[LOG 21:54:56.800] KK: [WindowManager2] SavePresets: Saving: EditorToolbar : (0.3, 0.7)
[LOG 21:54:56.800] KK: [WindowManager2] SavePresets: Saving: ModeSelector : (0.9, 0.8)
[LOG 21:54:56.806] KK: [KerbalKonstructsSettings] OnSave: KKScenario saving career state
[LOG 21:54:56.806] [MessageSystem] Save Messages
[LOG 21:54:56.831] Game State Saved to saves/claude/persistent
[LOG 21:54:56.842] [UIMasterController]: HideUI
[LOG 21:54:56.851] [HighLogic]: =========================== Scene Change : From FLIGHT to MAINMENU =====================
[LOG 21:54:57.189] KbApp.OnDestroy Vessel Info
[LOG 21:54:57.189] KbApp.OnDestroy NullName
[LOG 21:54:57.189] [UIApp] OnDestroy: Construction
[LOG 21:54:57.189] ScaleModList: listSize 41 maxListSize 207
[LOG 21:54:57.189] KbApp.OnDestroy Vessel Crew
[LOG 21:54:57.189] [UIApp] OnDestroy: ResourceDisplay
[LOG 21:54:57.189] ScaleModList: listSize 41 maxListSize 207
[LOG 21:54:57.189] KbApp.OnDestroy Unowned Info
[LOG 21:54:57.189] KbApp.OnDestroy Planet Resources
[LOG 21:54:57.189] [UIApp] OnDestroy: ManeuverTool
[LOG 21:54:57.189] ScaleModList: listSize 41 maxListSize 207
[LOG 21:54:57.190] [UIApp] OnDestroy: Cargo
[LOG 21:54:57.190] ScaleModList: listSize 41 maxListSize 207
[LOG 21:54:57.190] KbApp.OnDestroy Planet Info
[LOG 21:54:57.190] KbApp.OnDestroy Planet Parameters
[LOG 21:54:57.191] [UIApp] OnDestroy: ActionGroupsApp
[LOG 21:54:57.191] ScaleModList: listSize 41 maxListSize 207
[LOG 21:54:57.191] [UIApp] OnDestroy: AlarmClock
[LOG 21:54:57.191] ScaleModList: listSize 41 maxListSize 207
[LOG 21:54:57.191] [UIApp] OnDestroy: DeltaVApp
[LOG 21:54:57.191] ScaleModList: listSize 41 maxListSize 207
[LOG 21:54:57.191] [UIApp] OnDestroy: KSPedia
[LOG 21:54:57.191] ScaleModList: listSize 41 maxListSize 207
[LOG 21:54:57.193] [KSPCF:MemoryLeaks] Removed a OnMapExited callback owned by a destroyed Assembly-CSharp:NavBallToggle instance
[LOG 21:54:57.193] [KSPCF:MemoryLeaks] Removed a OnGameSettingsApplied callback owned by a destroyed Assembly-CSharp:VesselAutopilotUI instance
[LOG 21:54:57.193] [KSPCF:MemoryLeaks] Removed a onPartActionUICreate callback owned by a destroyed Assembly-CSharp:ModuleInventoryPart instance
[LOG 21:54:57.193] [KSPCF:MemoryLeaks] Removed a onPartActionUICreate callback owned by a destroyed Assembly-CSharp:ModuleInventoryPart instance
[LOG 21:54:57.193] [KSPCF:MemoryLeaks] Removed a onModuleInventoryChanged callback owned by a destroyed Assembly-CSharp:ModuleInventoryPart instance
[LOG 21:54:57.193] [KSPCF:MemoryLeaks] Removed a onModuleInventoryChanged callback owned by a destroyed Assembly-CSharp:ModuleInventoryPart instance
[LOG 21:54:57.193] [KSPCF:MemoryLeaks] Removed a OnDestructibleLoaded callback owned by a destroyed Assembly-CSharp:RunwayCollisionHandler instance
[LOG 21:54:57.193] [KSPCF:MemoryLeaks] Removed a OnClick callback owned by a destroyed Assembly-CSharp:EVAConstructionModeEditor instance
[LOG 21:54:57.194] [KSPCF:MemoryLeaks] Removed a TimingManager.Instance.timing5.onLateUpdate callback owned by a destroyed Assembly-CSharp:MapView instance
[LOG 21:54:57.194] [KSPCF:MemoryLeaks] Leaving scene "Flight", cleaned 39 memory leaks in 0.002s. GameEvents callbacks : 803. Allocated memory : 685.555 MiB (managed heap), 2.188 GiB (unmanaged)
[LOG 21:54:57.272] [UIMasterController]: ShowUI
[LOG 21:54:57.493] KK: [GroupCenter] SetInstancesEnabled: Setting Group MuneBase: active state form: True to: False
[LOG 21:54:57.500] [ScenarioTypes]: List Created 24 scenario types loaded from 11 loaded assemblies.
[WRN 21:54:57.503] File 'C:/Users/lhervier/Perso/ksp-dev/KSP_x64_Data/../Missions/MissionScoreInfo.cfg' does not exist
[LOG 21:54:57.503] [ApplicationLauncher] OnSceneLoadedGUIReady: scene MAINMENU ShouldBeVisible() True ShouldBeOnTop() True iIsPositionedAtTop True
[LOG 21:54:57.504] [ApplicationLauncher] SetHidden: 
[LOG 21:54:57.504] ScaleModList: listSize 41 maxListSize 535
[LOG 21:54:57.516] [MessageSystem] Reposition 0.02 43378
[LOG 21:54:57.516] [GenericAppFrame] Reposition 0.02 43378
[LOG 21:54:57.516] [GenericAppFrame] Reposition 0.02 43378
[LOG 21:55:02.353] [UIApp] OnDestroy: 
